id,eventId,section,sectionId,sectionMapName,sectionType,row,seat,seatFromInternal,hasSeatDetails,hasSeatDetailsExpansion,availableTickets,formattedFees,showRecentlySold,showPartnershipLogo,availableQuantities,ticketClass,ticketClassName,maxQuantity,hasListingNotes,listingNotes,listingNoteBuckets,rowId,isUsersListing,isPreUploaded,rowContent,isSpeculativeRow,rawPrice,price,formattedTotalPrice,strikeThroughPrice,strikeThroughDiscountPercent,strikeThroughAmountOff,ticketTypeId,ticketTypeName,ticketTypeGroupId,listingTypeId,listingCurrencyCode,buyerCurrencyCode,faceValue,faceValueCurrencyCode,vfsUrl,formattedActiveSince,formattedDealScore,isSeatedTogether,showVfsInListing,hideSeatAndRowInfo,isUnmappedSection,aipHash,isMLBVerified,createdDateTime,showCheapestTag,showBestDealTag,showBestDealInSectionTag,showFanFavoriteTag,showBestViewTag,showTopChoiceTag,topChoiceBucket,isMostAffordable,winningMerchTags,isZoneTicketClass,isSponsored,isSponsoredSecondary,isMirrorListing,crossSellSource,isCheapestListing,isFavorite,aggregateFavorites,listingId,canBeRelisted,listingImpressionId,isBetterValueListing,hasRowLevelVfs,isDealScoreEligibleForDisplay,inventoryListingScore.starRating,inventoryListingScore.dealScore,inventoryListingScore.seatQualityScore,lastTicketInSectionMessage.message,lastTicketInSectionMessage.hasValue,listingHighlightData.highlightSiteMessagesWithType,listingHighlightData.listingNoteIdsReplacedByHighlight,seatFrom,seatTo,bestPriceTagMessage.message,bestPriceTagMessage.disclaimer,bestPriceTagMessage.hasValue,bestPriceTagMessage.featureTrackingKey,bestSellingInSectionMessage.message,bestSellingInSectionMessage.disclaimer,bestSellingInSectionMessage.hasValue,suppressedMerchTags,bestDealTagMessage.message,bestDealTagMessage.hasValue,bestDealTagMessage.featureTrackingKey
13385292842,153020449,Category 3,1989401,Category 3,3,,_,,False,False,2,,False,False,"[1, 2]",1247,Category 3,2,True,"[{'listingNoteId': -1, 'listingNoteContentId': 3338094, 'formattedListingNoteContent': 'Clear view', 'listingNoteTypeId': 3, 'showToBuyer': True, 'hideInMock': False, 'siteAddedListingNote': False, 'aisleListingNoteWithSplit': False, 'listingNoteDescriptionContentId': 3338095, 'formattedListingNoteDescription': ""You'll have an unrestricted view of the show.""}]","[{'listingNoteBucketId': 27, 'formattedListingNoteContent': 'Clear view', 'displayOrder': 8, 'showsRawNoteText': True, 'sourceListingNoteId': -1}]",3325460,False,False,Row,True,1375362,"¥1,375,362","¥1,375,362","¥2,037,964",33.0,"¥662,602",10,Mobile Transfer ticket,3,1,EUR,JPY,3500.0,EUR,"https://img.vggcdn.net/img/vfsimage2/812551/1247_1989401/0.jpg?im=Resize=(500,271)&v=771",yesterday,10,False,False,True,False,G%2fvrIVtorsI40mUJjLLp975NxkQ9gmzWOid7P6Z6kSs%3d,False,2026-07-17T19:10:22.2170000Z,False,False,False,False,False,False,0,False,[7],False,False,False,False,0,False,False,0,13385292842,False,83DB427C-4AEE-40D7-AB67-543FD57D59D5,False,False,True,5,9.509447409741394,1.25740229,Last tickets,True,"[{'message': 'Amazing Value', 'qualifier': 'Based on price, view, seat quality and more', 'hasValue': True, 'messageType': 'ValueBased'}, {'message': 'Popular Pick', 'qualifier': '70 tickets sold for this event', 'hasValue': True, 'messageType': 'BoughtInLastHourSocialProofBased'}]",[],,,,,,,,,,,,,
13393608413,153020449,326,122919,326,2,8,_,,False,False,1,,False,False,[1],407,Upper,1,True,"[{'listingNoteId': -1, 'listingNoteContentId': 3338094, 'formattedListingNoteContent': 'Clear view', 'listingNoteTypeId': 3, 'showToBuyer': True, 'hideInMock': False, 'siteAddedListingNote': False, 'aisleListingNoteWithSplit': False, 'listingNoteDescriptionContentId': 3338095, 'formattedListingNoteDescription': ""You'll have an unrestricted view of the show.""}]","[{'listingNoteBucketId': 27, 'formattedListingNoteContent': 'Clear view', 'displayOrder': 8, 'showsRawNoteText': True, 'sourceListingNoteId': -1}]",2113839,False,False,Row 8,False,1365439,"¥1,365,439","¥1,365,439","¥2,649,930",48.0,"¥1,284,491",10,Mobile Transfer ticket,3,1,HKD,JPY,2299.0,HKD,"https://img.vggcdn.net/img/vfsimage2/812551/407_122919/0.jpg?im=Resize=(500,271)&v=771",5 hours ago,7,False,False,False,False,MqVLXactnN8MC6ub8UT1hjBCBjeZc06N0zGpFAyvXoo%3d,False,2026-07-18T23:26:58.0230000Z,False,False,False,False,False,False,0,False,,False,False,False,False,0,False,False,0,13393608413,False,B8B226C7-A631-44BC-B8E6-C7CF149BB8FC,False,False,True,3,6.894941465932185,0.7720210783,,,"[{'message': 'Popular Pick', 'qualifier': '70 tickets sold for this event', 'hasValue': True, 'messageType': 'BoughtInLastHourSocialProofBased'}]",[],,,,,,,,,,,,,
13393855519,153020449,325,122918,325,2,19,_,,False,False,1,,False,False,[1],407,Upper,1,True,"[{'listingNoteId': -1, 'listingNoteContentId': 3338094, 'formattedListingNoteContent': 'Clear view', 'listingNoteTypeId': 3, 'showToBuyer': True, 'hideInMock': False, 'siteAddedListingNote': False, 'aisleListingNoteWithSplit': False, 'listingNoteDescriptionContentId': 3338095, 'formattedListingNoteDescription': ""You'll have an unrestricted view of the show.""}]","[{'listingNoteBucketId': 27, 'formattedListingNoteContent': 'Clear view', 'displayOrder': 8, 'showsRawNoteText': True, 'sourceListingNoteId': -1}]",2113806,False,False,Row 19,False,1403228,"¥1,403,228","¥1,403,228",,,,10,Mobile Transfer ticket,3,1,USD,JPY,7343.0,USD,"https://img.vggcdn.net/img/vfsimage2/812551/407_122918/0.jpg?im=Resize=(500,271)&v=771",4 hours ago,7,False,False,False,False,nJMbeSXv%2bA9Dg0YmSY1t6WocWoy%2fT%2fgoy7TO7INXEYw%3d,False,2026-07-19T00:31:36.9500000Z,False,False,False,False,False,False,0,False,,False,False,False,False,0,False,False,0,13393855519,False,4D5EFC81-82CA-4518-976D-EBF9AD19FA6F,False,False,True,3,6.89902501351815,0.7938276426,,,"[{'message': 'Popular Pick', 'qualifier': '70 tickets sold for this event', 'hasValue': True, 'messageType': 'BoughtInLastHourSocialProofBased'}]",[],,,,,,,,,,,,,
13393817202,153020449,325,122918,325,2,20,23_23,23,False,False,1,,False,False,[1],407,Upper,1,True,"[{'listingNoteId': -1, 'listingNoteContentId': 3338094, 'formattedListingNoteContent': 'Clear view', 'listingNoteTypeId': 3, 'showToBuyer': True, 'hideInMock': False, 'siteAddedListingNote': False, 'aisleListingNoteWithSplit': False, 'listingNoteDescriptionContentId': 3338095, 'formattedListingNoteDescription': ""You'll have an unrestricted view of the show.""}]","[{'listingNoteBucketId': 27, 'formattedListingNoteContent': 'Clear view', 'displayOrder': 8, 'showsRawNoteText': True, 'sourceListingNoteId': -1}]",2113807,False,False,Row 20,False,1342576,"¥1,342,576","¥1,342,576","¥1,706,088",21.0,"¥363,512",10,Mobile Transfer ticket,3,1,USD,JPY,,USD,"https://img.vggcdn.net/img/vfsimage2/812551/407_122918/0.jpg?im=Resize=(500,271)&v=771",4 hours ago,7,False,False,False,False,mnyENJpeCzYOPgJ%2fmk8wRQvarBjDrueEOvpNtQjYjXA%3d,False,2026-07-19T00:18:02.1070000Z,True,False,False,False,False,False,0,False,[2],False,False,False,False,0,True,False,0,13393817202,False,CB3A8ADF-2D77-48B2-BF49-BC16D4AEA923,False,False,True,4,7.169414481540546,0.7886019214,,,"[{'message': 'Great Value', 'qualifier': 'Based on price, view, seat quality and more', 'hasValue': True, 'messageType': 'ValueBased'}, {'message': 'Popular Pick', 'qualifier': '70 tickets sold for this event', 'hasValue': True, 'messageType': 'BoughtInLastHourSocialProofBased'}]",[],23,23,Best price,Lowest priced listing for the selected quantity for this event on our site.,True,6aa8a73f-b069-4147-a316-ffc9e9280c2b,,,,,,,
13393531321,153020449,345,122938,345,2,20,26_26,26,False,False,1,,False,False,[1],407,Upper,1,True,"[{'listingNoteId': 106, 'listingNoteContentId': 1683691, 'formattedListingNoteContent': 'Under 15s accompanied by an adult', 'listingNoteTypeId': 2, 'showToBuyer': True, 'hideInMock': False, 'siteAddedListingNote': False, 'aisleListingNoteWithSplit': False, 'listingNoteDescriptionContentId': 1683692, 'formattedListingNoteDescription': 'Children under 15 must be accompanied by an adult aged 18 or over.'}, {'listingNoteId': -1, 'listingNoteContentId': 3338094, 'formattedListingNoteContent': 'Clear view', 'listingNoteTypeId': 3, 'showToBuyer': True, 'hideInMock': False, 'siteAddedListingNote': False, 'aisleListingNoteWithSplit': False, 'listingNoteDescriptionContentId': 3338095, 'formattedListingNoteDescription': ""You'll have an unrestricted view of the show.""}]","[{'listingNoteBucketId': 24, 'formattedListingNoteContent': 'Under 15s accompanied by an adult', 'displayOrder': 24, 'showsRawNoteText': True, 'sourceListingNoteId': 106}, {'listingNoteBucketId': 27, 'formattedListingNoteContent': 'Clear view', 'displayOrder': 8, 'showsRawNoteText': True, 'sourceListingNoteId': -1}]",704502,False,False,Row 20,False,1347059,"¥1,347,059","¥1,347,059",,,,10,Mobile Transfer ticket,3,1,USD,JPY,8700.0,USD,"https://img.vggcdn.net/img/vfsimage2/812551/407_122938/0.jpg?im=Resize=(500,271)&v=771",5 hours ago,8,False,False,False,False,tp2YGCo2ZL5YN%2fLr123zaMEevc0Pq0ZLxw40jL6tYqo%3d,False,2026-07-18T23:11:35.0930000Z,False,False,False,False,False,False,0,False,[7],False,False,False,False,0,False,False,0,13393531321,False,CC38CE2F-B3AC-476C-849F-FEB9645E816D,False,False,True,4,8.188631651786581,0.9199456835,Last ticket,True,"[{'message': 'Great Value', 'qualifier': 'Based on price, view, seat quality and more', 'hasValue': True, 'messageType': 'ValueBased'}, {'message': 'Popular Pick', 'qualifier': '70 tickets sold for this event', 'hasValue': True, 'messageType': 'BoughtInLastHourSocialProofBased'}]",[],26,26,,,,,,,,,,,
13393942100,153020449,326,122919,326,2,7,_,,False,False,1,,False,False,[1],407,Upper,1,True,"[{'listingNoteId': 2027, 'listingNoteContentId': 3415845, 'formattedListingNoteContent': 'Third Row of Section', 'listingNoteTypeId': 6, 'showToBuyer': True, 'hideInMock': False, 'siteAddedListingNote': False, 'aisleListingNoteWithSplit': False, 'listingNoteDescriptionContentId': 3415845, 'formattedListingNoteDescription': 'Third Row of Section'}, {'listingNoteId': -1, 'listingNoteContentId': 3338094, 'formattedListingNoteContent': 'Clear view', 'listingNoteTypeId': 3, 'showToBuyer': True, 'hideInMock': False, 'siteAddedListingNote': False, 'aisleListingNoteWithSplit': False, 'listingNoteDescriptionContentId': 3338095, 'formattedListingNoteDescription': ""You'll have an unrestricted view of the show.""}]","[{'listingNoteBucketId': 14, 'formattedListingNoteContent': 'Third Row of Section', 'displayOrder': 14, 'showsRawNoteText': True, 'sourceListingNoteId': 2027}, {'listingNoteBucketId': 27, 'formattedListingNoteContent': 'Clear view', 'displayOrder': 8, 'showsRawNoteText': True, 'sourceListingNoteId': -1}]",2113838,False,False,Row 7,False,1372791,"¥1,372,791","¥1,372,791",,,,10,Mobile Transfer ticket,3,1,USD,JPY,5785.0,USD,"https://img.vggcdn.net/img/vfsimage2/812551/407_122919/0.jpg?im=Resize=(500,271)&v=771",3 hours ago,7,False,False,False,False,wQL8JxTZ0g%2bHLVAQC0RXH5xchs5xub9qb6lpomQXhYM%3d,False,2026-07-19T00:53:03.6600000Z,False,False,False,False,False,False,0,False,,False,False,False,False,0,False,False,0,13393942100,False,0EBD02FE-74D7-4DF1-A261-6948A014C8BE,False,False,True,3,6.907678927674368,0.7774937024,,,"[{'message': 'Popular Pick', 'qualifier': '70 tickets sold for this event', 'hasValue': True, 'messageType': 'BoughtInLastHourSocialProofBased'}, {'message': 'Third Row', 'qualifier': 'Excellent proximity to the action', 'hasValue': True, 'messageType': 'ThirdRowTicketAttributeBased'}]",[2027],,,,,,,,,,,,,
13393671268,153020449,350,122943,350,2,25,16_16,16,False,False,1,,False,False,[1],407,Upper,1,True,"[{'listingNoteId': -1, 'listingNoteContentId': 3338094, 'formattedListingNoteContent': 'Clear view', 'listingNoteTypeId': 3, 'showToBuyer': True, 'hideInMock': False, 'siteAddedListingNote': False, 'aisleListingNoteWithSplit': False, 'listingNoteDescriptionContentId': 3338095, 'formattedListingNoteDescription': ""You'll have an unrestricted view of the show.""}]","[{'listingNoteBucketId': 27, 'formattedListingNoteContent': 'Clear view', 'displayOrder': 8, 'showsRawNoteText': True, 'sourceListingNoteId': -1}]",2114051,False,False,Row 25,False,1384694,"¥1,384,694","¥1,384,694","¥2,039,556",32.0,"¥654,862",10,Mobile Transfer ticket,3,1,GBP,JPY,3795.0,GBP,"https://img.vggcdn.net/img/vfsimage2/812551/407_122943/0.jpg?im=Resize=(500,271)&v=771",5 hours ago,6,False,False,False,False,TRWv%2fi%2fQKnFWD0Y5FiV%2fk1dIKA5w49TeW3ekCKuXiTI%3d,False,2026-07-18T23:42:09.4070000Z,False,False,False,False,False,False,0,False,,False,False,False,False,0,False,False,0,13393671268,False,DAA8AC4A-92CE-4DD4-97CC-318469ED05EA,False,False,True,3,6.295570467690563,0.7254271807,,,"[{'message': 'Popular Pick', 'qualifier': '70 tickets sold for this event', 'hasValue': True, 'messageType': 'BoughtInLastHourSocialProofBased'}]",[],,,,,,,,,,,,,
13393608652,153020449,318,122911,318,2,26,25_25,25,False,False,1,,False,False,[1],407,Upper,1,True,"[{'listingNoteId': -1, 'listingNoteContentId': 3338094, 'formattedListingNoteContent': 'Clear view', 'listingNoteTypeId': 3, 'showToBuyer': True, 'hideInMock': False, 'siteAddedListingNote': False, 'aisleListingNoteWithSplit': False, 'listingNoteDescriptionContentId': 3338095, 'formattedListingNoteDescription': ""You'll have an unrestricted view of the show.""}]","[{'listingNoteBucketId': 27, 'formattedListingNoteContent': 'Clear view', 'displayOrder': 8, 'showsRawNoteText': True, 'sourceListingNoteId': -1}]",703917,False,False,Row 26,False,1368892,"¥1,368,892","¥1,368,892","¥1,905,123",28.0,"¥536,231",10,Mobile Transfer ticket,3,1,USD,JPY,8500.0,USD,"https://img.vggcdn.net/img/vfsimage2/812551/407_122911/0.jpg?im=Resize=(500,271)&v=771",5 hours ago,6,False,False,False,False,RcN0DmceGIRGw94Jh7CY%2frx6Z5za62eik3AspDWxSzA%3d,False,2026-07-18T23:27:01.6130000Z,False,False,False,False,False,False,0,False,,False,False,False,False,0,False,False,0,13393608652,False,5E1BF067-8C2C-4632-945E-4DB91506F73A,False,False,True,3,5.642803697542238,0.6640409074,,,"[{'message': 'Popular Pick', 'qualifier': '70 tickets sold for this event', 'hasValue': True, 'messageType': 'BoughtInLastHourSocialProofBased'}]",[],25,25,,,,,,,,,,,
13393855527,153020449,350,122943,350,2,13,_,,False,False,1,,False,False,[1],407,Upper,1,True,"[{'listingNoteId': -1, 'listingNoteContentId': 3338094, 'formattedListingNoteContent': 'Clear view', 'listingNoteTypeId': 3, 'showToBuyer': True, 'hideInMock': False, 'siteAddedListingNote': False, 'aisleListingNoteWithSplit': False, 'listingNoteDescriptionContentId': 3338095, 'formattedListingNoteDescription': ""You'll have an unrestricted view of the show.""}]","[{'listingNoteBucketId': 27, 'formattedListingNoteContent': 'Clear view', 'displayOrder': 8, 'showsRawNoteText': True, 'sourceListingNoteId': -1}]",2114039,False,False,Row 13,False,1403228,"¥1,403,228","¥1,403,228",,,,10,Mobile Transfer ticket,3,1,USD,JPY,7343.0,USD,"https://img.vggcdn.net/img/vfsimage2/812551/407_122943/0.jpg?im=Resize=(500,271)&v=771",4 hours ago,7,False,False,False,False,nJMbeSXv%2bA9Dg0YmSY1t6WocWoy%2fT%2fgoy7TO7INXEYw%3d,False,2026-07-19T00:31:37.4270000Z,False,False,False,False,False,False,0,False,,False,False,False,False,0,False,False,0,13393855527,False,3CA56354-AB52-4B0D-9DB7-514283BD7ADE,False,False,True,3,6.626782566362721,0.7662312632,,,"[{'message': 'Popular Pick', 'qualifier': '70 tickets sold for this event', 'hasValue': True, 'messageType': 'BoughtInLastHourSocialProofBased'}]",[],,,,,,,,,,,,,
13387697653,153020449,327,122920,327,2,19,16_16,16,False,False,1,,False,False,[1],407,Upper,4,True,"[{'listingNoteId': -1, 'listingNoteContentId': 3338094, 'formattedListingNoteContent': 'Clear view', 'listingNoteTypeId': 3, 'showToBuyer': True, 'hideInMock': False, 'siteAddedListingNote': False, 'aisleListingNoteWithSplit': False, 'listingNoteDescriptionContentId': 3338095, 'formattedListingNoteDescription': ""You'll have an unrestricted view of the show.""}]","[{'listingNoteBucketId': 27, 'formattedListingNoteContent': 'Clear view', 'displayOrder': 8, 'showsRawNoteText': True, 'sourceListingNoteId': -1}]",2113850,False,False,Row 19,False,1354096,"¥1,354,096","¥1,354,096","¥1,895,650",29.0,"¥541,554",10,Mobile Transfer ticket,3,1,USD,JPY,5750.0,USD,"https://img.vggcdn.net/img/vfsimage2/812551/407_122920/0.jpg?im=Resize=(500,271)&v=771",yesterday,7,False,False,False,False,PM5zJiLLcC4xE%2fTGrO92Cg0fXXz976hQ5VBUetX1mO8%3d,False,2026-07-18T00:32:37.4700000Z,False,False,False,True,False,False,0,False,[6],False,False,False,False,0,False,False,0,13387697653,False,2DEC6A66-5B6E-4D16-A0F0-FD02C64215CC,False,False,True,3,6.9418068879409915,0.7703844537,,,"[{'message': 'Popular Pick', 'qualifier': '70 tickets sold for this event', 'hasValue': True, 'messageType': 'BoughtInLastHourSocialProofBased'}]",[],,,,,,,Fan favorite,This section is in the top 10% of sections for this event when ranked based on a count of successful sales over the past 7 days on our site,True,,,,
13394516766,153020449,320,122913,320,2,14,_,,False,False,1,,False,False,[1],407,Upper,1,True,"[{'listingNoteId': -1, 'listingNoteContentId': 3338094, 'formattedListingNoteContent': 'Clear view', 'listingNoteTypeId': 3, 'showToBuyer': True, 'hideInMock': False, 'siteAddedListingNote': False, 'aisleListingNoteWithSplit': False, 'listingNoteDescriptionContentId': 3338095, 'formattedListingNoteDescription': ""You'll have an unrestricted view of the show.""}]","[{'listingNoteBucketId': 27, 'formattedListingNoteContent': 'Clear view', 'displayOrder': 8, 'showsRawNoteText': True, 'sourceListingNoteId': -1}]",703949,False,False,Row 14,False,1425049,"¥1,425,049","¥1,425,049",,,,10,Mobile Transfer ticket,3,1,BRL,JPY,5000.0,BRL,"https://img.vggcdn.net/img/vfsimage2/812551/407_122913/0.jpg?im=Resize=(500,271)&v=771",an hour ago,9,False,False,False,False,KipOqZNeljwlLG2FxuqEW4RXtxN9vLMVBw3SWjQi2Oc%3d,False,2026-07-19T03:37:22.9300000Z,False,False,False,True,False,False,0,False,[6],False,False,False,False,0,False,False,0,13394516766,False,644C1487-C8B2-4592-A10E-60CEFDE19E71,False,False,True,5,8.679046245424734,1.066719305,,,"[{'message': 'Amazing Value', 'qualifier': 'Based on price, view, seat quality and more', 'hasValue': True, 'messageType': 'ValueBased'}, {'message': 'Popular Pick', 'qualifier': '70 tickets sold for this event', 'hasValue': True, 'messageType': 'BoughtInLastHourSocialProofBased'}]",[],,,,,,,Fan favorite,This section is in the top 10% of sections for this event when ranked based on a count of successful sales over the past 7 days on our site,True,,,,
13387139253,153020449,319,122912,319,2,14,9_9,9,False,False,1,,False,False,[1],407,Upper,1,True,"[{'listingNoteId': -1, 'listingNoteContentId': 3338094, 'formattedListingNoteContent': 'Clear view', 'listingNoteTypeId': 3, 'showToBuyer': True, 'hideInMock': False, 'siteAddedListingNote': False, 'aisleListingNoteWithSplit': False, 'listingNoteDescriptionContentId': 3338095, 'formattedListingNoteDescription': ""You'll have an unrestricted view of the show.""}]","[{'listingNoteBucketId': 27, 'formattedListingNoteContent': 'Clear view', 'displayOrder': 8, 'showsRawNoteText': True, 'sourceListingNoteId': -1}]",703927,False,False,Row 14,False,1439068,"¥1,439,068","¥1,439,068","¥2,274,748",37.0,"¥835,680",10,Mobile Transfer ticket,3,1,USD,JPY,0.0,USD,"https://img.vggcdn.net/img/vfsimage2/812551/407_122912/0.jpg?im=Resize=(500,271)&v=771",yesterday,7,False,False,False,False,ckHZa%2bwvsyShYPHJqRhCi4aPD1cdDqp76gnlUMR915k%3d,False,2026-07-17T23:11:03.1370000Z,False,False,False,False,False,False,0,False,[7],False,False,False,False,0,False,False,0,13387139253,False,9463E5AC-76A6-4853-869D-511CCB84F7EB,False,False,True,3,6.519287281393014,0.7751677852,Last ticket,True,"[{'message': 'Popular Pick', 'qualifier': '70 tickets sold for this event', 'hasValue': True, 'messageType': 'BoughtInLastHourSocialProofBased'}]",[],9,9,,,,,,,,,,,
13394398469,153020449,306,122899,306,2,24,_,,False,False,2,,False,False,"[1, 2]",407,Upper,2,True,"[{'listingNoteId': -1, 'listingNoteContentId': 3338094, 'formattedListingNoteContent': 'Clear view', 'listingNoteTypeId': 3, 'showToBuyer': True, 'hideInMock': False, 'siteAddedListingNote': False, 'aisleListingNoteWithSplit': False, 'listingNoteDescriptionContentId': 3338095, 'formattedListingNoteDescription': ""You'll have an unrestricted view of the show.""}]","[{'listingNoteBucketId': 27, 'formattedListingNoteContent': 'Clear view', 'displayOrder': 8, 'showsRawNoteText': True, 'sourceListingNoteId': -1}]",2113699,False,False,Row 24,False,1413727,"¥1,413,727","¥1,413,727",,,,10,Mobile Transfer ticket,3,1,USD,JPY,2790.0,USD,"https://img.vggcdn.net/img/vfsimage2/812551/407_122899/0.jpg?im=Resize=(500,271)&v=771",an hour ago,6,False,False,False,False,1zLPrrF0RiNv6Pbt0fWVrp8VjznV0bjdm%2fBBP0OBLjY%3d,False,2026-07-19T03:04:49.9600000Z,False,False,False,True,False,False,0,False,[6],False,False,False,False,0,False,False,0,13394398469,False,74249C62-76F3-4C9D-BB78-E25D56BB75E0,False,False,True,3,6.110326828915594,0.7242058546,,,"[{'message': 'Popular Pick', 'qualifier': '70 tickets sold for this event', 'hasValue': True, 'messageType': 'BoughtInLastHourSocialProofBased'}]",[],,,,,,,Fan favorite,This section is in the top 10% of sections for this event when ranked based on a count of successful sales over the past 7 days on our site,True,,,,
13393272835,153020449,321,122914,321,2,17,_,,False,False,1,,False,False,[1],407,Upper,1,True,"[{'listingNoteId': -1, 'listingNoteContentId': 3338094, 'formattedListingNoteContent': 'Clear view', 'listingNoteTypeId': 3, 'showToBuyer': True, 'hideInMock': False, 'siteAddedListingNote': False, 'aisleListingNoteWithSplit': False, 'listingNoteDescriptionContentId': 3338095, 'formattedListingNoteDescription': ""You'll have an unrestricted view of the show.""}]","[{'listingNoteBucketId': 27, 'formattedListingNoteContent': 'Clear view', 'displayOrder': 8, 'showsRawNoteText': True, 'sourceListingNoteId': -1}]",2113716,False,False,Row 17,False,1403980,"¥1,403,980","¥1,403,980",,,,10,Mobile Transfer ticket,3,1,USD,JPY,2600.0,USD,"https://img.vggcdn.net/img/vfsimage2/812551/407_122914/0.jpg?im=Resize=(500,271)&v=771",6 hours ago,6,False,False,False,False,2t6egtSJaTnwel6xQb%2b5cPeIi6vI%2f4eXBEwd9plmNYQ%3d,False,2026-07-18T22:33:09.2070000Z,False,False,False,True,False,False,0,False,[6],False,False,False,False,0,False,False,0,13393272835,False,FE414CAD-9A6C-4362-87BF-BF9002264658,False,False,True,3,6.109017012841448,0.7190986817,Last ticket,True,"[{'message': 'Popular Pick', 'qualifier': '70 tickets sold for this event', 'hasValue': True, 'messageType': 'BoughtInLastHourSocialProofBased'}]",[],,,,,,,Fan favorite,This section is in the top 10% of sections for this event when ranked based on a count of successful sales over the past 7 days on our site,True,[7],,,
13393086900,153020449,348,122941,348,2,24,_,,False,False,2,,False,False,"[1, 2]",407,Upper,2,True,"[{'listingNoteId': -1, 'listingNoteContentId': 3338094, 'formattedListingNoteContent': 'Clear view', 'listingNoteTypeId': 3, 'showToBuyer': True, 'hideInMock': False, 'siteAddedListingNote': False, 'aisleListingNoteWithSplit': False, 'listingNoteDescriptionContentId': 3338095, 'formattedListingNoteDescription': ""You'll have an unrestricted view of the show.""}]","[{'listingNoteBucketId': 27, 'formattedListingNoteContent': 'Clear view', 'displayOrder': 8, 'showsRawNoteText': True, 'sourceListingNoteId': -1}]",2114006,False,False,Row 24,False,1403980,"¥1,403,980","¥1,403,980",,,,10,Mobile Transfer ticket,3,1,USD,JPY,2790.0,USD,"https://img.vggcdn.net/img/vfsimage2/812551/407_122941/0.jpg?im=Resize=(500,271)&v=771",6 hours ago,6,False,False,False,False,2t6egtSJaTnwel6xQb%2b5cPeIi6vI%2f4eXBEwd9plmNYQ%3d,False,2026-07-18T21:57:54.6830000Z,False,False,False,False,False,False,0,False,,False,False,False,False,0,False,False,0,13393086900,False,B7CFD725-B9E5-4A7A-9812-E5C3F06FF89C,False,False,True,3,6.219067289451069,0.7287039177,,,"[{'message': 'Popular Pick', 'qualifier': '70 tickets sold for this event', 'hasValue': True, 'messageType': 'BoughtInLastHourSocialProofBased'}]",[],,,,,,,,,,,,,
13388198710,153020449,305,122898,305,2,25,29_29,29,False,False,1,,False,False,[1],407,Upper,1,True,"[{'listingNoteId': -1, 'listingNoteContentId': 3338094, 'formattedListingNoteContent': 'Clear view', 'listingNoteTypeId': 3, 'showToBuyer': True, 'hideInMock': False, 'siteAddedListingNote': False, 'aisleListingNoteWithSplit': False, 'listingNoteDescriptionContentId': 3338095, 'formattedListingNoteDescription': ""You'll have an unrestricted view of the show.""}]","[{'listingNoteBucketId': 27, 'formattedListingNoteContent': 'Clear view', 'displayOrder': 8, 'showsRawNoteText': True, 'sourceListingNoteId': -1}]",2113678,False,False,Row 25,False,1421524,"¥1,421,524","¥1,421,524","¥1,990,410",29.0,"¥568,886",10,Mobile Transfer ticket,3,1,USD,JPY,5785.0,USD,"https://img.vggcdn.net/img/vfsimage2/812551/407_122898/0.jpg?im=Resize=(500,271)&v=771",yesterday,6,False,False,False,False,00JBLsnMZUvfxGxyVU9y7SBj%2birfZO57hN7VjwYyxJk%3d,False,2026-07-18T02:26:44.9100000Z,False,False,False,False,False,False,0,False,,False,False,False,False,0,False,False,0,13388198710,False,B7BE276C-F01C-4335-9472-8AFC06A7138C,False,False,True,3,5.568742336038029,0.6838354225,,,"[{'message': 'Popular Pick', 'qualifier': '70 tickets sold for this event', 'hasValue': True, 'messageType': 'BoughtInLastHourSocialProofBased'}]",[],29,29,,,,,,,,,,,
13393812990,153020449,327,122920,327,2,17,19_22,19,False,False,4,,False,False,"[1, 2, 4]",407,Upper,4,True,"[{'listingNoteId': -1, 'listingNoteContentId': 3338094, 'formattedListingNoteContent': 'Clear view', 'listingNoteTypeId': 3, 'showToBuyer': True, 'hideInMock': False, 'siteAddedListingNote': False, 'aisleListingNoteWithSplit': False, 'listingNoteDescriptionContentId': 3338095, 'formattedListingNoteDescription': ""You'll have an unrestricted view of the show.""}]","[{'listingNoteBucketId': 27, 'formattedListingNoteContent': 'Clear view', 'displayOrder': 8, 'showsRawNoteText': True, 'sourceListingNoteId': -1}]",2113848,False,False,Row 17,False,1404565,"¥1,404,565","¥1,404,565",,,,10,Mobile Transfer ticket,3,1,USD,JPY,0.0,USD,"https://img.vggcdn.net/img/vfsimage2/812551/407_122920/0.jpg?im=Resize=(500,271)&v=771",4 hours ago,7,False,False,False,False,3MI1xN8vvtspmIAUGuqXLShETOJfssRa9WujYRCQP7g%3d,False,2026-07-19T00:16:25.8900000Z,False,False,False,True,False,False,0,False,[6],False,False,False,False,0,False,False,0,13393812990,False,84C3F81C-0416-443F-B362-2375144B2095,False,False,True,3,6.75749086119153,0.7799804895,,,"[{'message': 'Popular Pick', 'qualifier': '70 tickets sold for this event', 'hasValue': True, 'messageType': 'BoughtInLastHourSocialProofBased'}]",[],,,,,,,Fan favorite,This section is in the top 10% of sections for this event when ranked based on a count of successful sales over the past 7 days on our site,True,,,,
13393622811,153020449,318,122911,318,2,12,_,,False,False,2,,False,False,"[1, 2]",407,Upper,2,True,"[{'listingNoteId': -1, 'listingNoteContentId': 3338094, 'formattedListingNoteContent': 'Clear view', 'listingNoteTypeId': 3, 'showToBuyer': True, 'hideInMock': False, 'siteAddedListingNote': False, 'aisleListingNoteWithSplit': False, 'listingNoteDescriptionContentId': 3338095, 'formattedListingNoteDescription': ""You'll have an unrestricted view of the show.""}]","[{'listingNoteBucketId': 27, 'formattedListingNoteContent': 'Clear view', 'displayOrder': 8, 'showsRawNoteText': True, 'sourceListingNoteId': -1}]",703903,False,False,Row 12,False,1403805,"¥1,403,805","¥1,403,805",,,,10,Mobile Transfer ticket,3,1,USD,JPY,7380.0,USD,"https://img.vggcdn.net/img/vfsimage2/812551/407_122911/0.jpg?im=Resize=(500,271)&v=771",5 hours ago,7,False,False,False,False,KSAVo15biUaPkGBjhrJqzkCIp%2fVImS3TqxY3ex5dAL8%3d,False,2026-07-18T23:31:25.0400000Z,False,False,False,False,False,False,0,False,,False,False,False,False,0,False,False,0,13393622811,False,29ABB9CF-7A86-455C-8BA4-1C6E1C88EFC8,False,False,True,4,7.402021526027296,0.8517760202,,,"[{'message': 'Great Value', 'qualifier': 'Based on price, view, seat quality and more', 'hasValue': True, 'messageType': 'ValueBased'}, {'message': 'Popular Pick', 'qualifier': '70 tickets sold for this event', 'hasValue': True, 'messageType': 'BoughtInLastHourSocialProofBased'}]",[],,,,,,,,,,,,,
13394179357,153020449,310,122903,310,2,24,11_11,11,False,False,1,,False,False,[1],407,Upper,1,True,"[{'listingNoteId': 2357, 'listingNoteContentId': 4257845, 'formattedListingNoteContent': 'Separate Entrance', 'listingNoteTypeId': 3, 'showToBuyer': True, 'hideInMock': False, 'siteAddedListingNote': False, 'aisleListingNoteWithSplit': False, 'formattedListingNoteDescription': ''}, {'listingNoteId': -1, 'listingNoteContentId': 3338094, 'formattedListingNoteContent': 'Clear view', 'listingNoteTypeId': 3, 'showToBuyer': True, 'hideInMock': False, 'siteAddedListingNote': False, 'aisleListingNoteWithSplit': False, 'listingNoteDescriptionContentId': 3338095, 'formattedListingNoteDescription': ""You'll have an unrestricted view of the show.""}]","[{'listingNoteBucketId': 0, 'formattedListingNoteContent': 'Separate Entrance', 'displayOrder': 30, 'showsRawNoteText': True, 'sourceListingNoteId': 2357}, {'listingNoteBucketId': 27, 'formattedListingNoteContent': 'Clear view', 'displayOrder': 8, 'showsRawNoteText': True, 'sourceListingNoteId': -1}]",703739,False,False,Row 24,False,1403980,"¥1,403,980","¥1,403,980",,,,10,Mobile Transfer ticket,3,1,USD,JPY,9000.0,USD,"https://img.vggcdn.net/img/vfsimage2/812551/407_122903/0.jpg?im=Resize=(500,271)&v=771",2 hours ago,5,False,False,False,False,wQL8JxTZ0g%2bHLVAQC0RXH5xchs5xub9qb6lpomQXhYM%3d,False,2026-07-19T02:06:58.2930000Z,False,False,False,False,False,False,0,False,[7],False,False,False,False,0,False,False,0,13394179357,False,7D308628-D510-4BC1-BAFC-98C006839E64,False,False,True,3,5.235093307440991,0.6509600152,Last ticket,True,"[{'message': 'Popular Pick', 'qualifier': '70 tickets sold for this event', 'hasValue': True, 'messageType': 'BoughtInLastHourSocialProofBased'}]",[],11,11,,,,,,,,,,,
13388100640,153020449,349,122942,349,2,17,13_13,13,False,False,1,,False,False,[1],407,Upper,1,True,"[{'listingNoteId': -1, 'listingNoteContentId': 3338094, 'formattedListingNoteContent': 'Clear view', 'listingNoteTypeId': 3, 'showToBuyer': True, 'hideInMock': False, 'siteAddedListingNote': False, 'aisleListingNoteWithSplit': False, 'listingNoteDescriptionContentId': 3338095, 'formattedListingNoteDescription': ""You'll have an unrestricted view of the show.""}]","[{'listingNoteBucketId': 27, 'formattedListingNoteContent': 'Clear view', 'displayOrder': 8, 'showsRawNoteText': True, 'sourceListingNoteId': -1}]",2114021,False,False,Row 17,False,1403805,"¥1,403,805","¥1,403,805",,,,10,Mobile Transfer ticket,3,1,USD,JPY,,USD,"https://img.vggcdn.net/img/vfsimage2/812551/407_122942/0.jpg?im=Resize=(500,271)&v=771",yesterday,7,False,False,False,False,4BgFHJhIHP%2bkAR%2fqQXXsgzV%2f5ARFuGRP9Sp5wTiXrOk%3d,False,2026-07-18T02:03:33.4600000Z,False,False,False,True,False,False,0,False,[6],False,False,False,False,0,False,False,0,13388100640,False,2C2DC3EA-870A-4E0F-8F0B-870226807AD8,False,False,True,3,6.551881483846923,0.7592844362,Last ticket,True,"[{'message': 'Popular Pick', 'qualifier': '70 tickets sold for this event', 'hasValue': True, 'messageType': 'BoughtInLastHourSocialProofBased'}]",[],13,13,,,,,Fan favorite,This section is in the top 10% of sections for this event when ranked based on a count of successful sales over the past 7 days on our site,True,[7],,,
13378382362,153020449,334,122927,334,2,5,15_15,15,False,False,1,,False,False,[1],407,Upper,1,True,"[{'listingNoteId': -1, 'listingNoteContentId': 3338094, 'formattedListingNoteContent': 'Clear view', 'listingNoteTypeId': 3, 'showToBuyer': True, 'hideInMock': False, 'siteAddedListingNote': False, 'aisleListingNoteWithSplit': False, 'listingNoteDescriptionContentId': 3338095, 'formattedListingNoteDescription': ""You'll have an unrestricted view of the show.""}]","[{'listingNoteBucketId': 27, 'formattedListingNoteContent': 'Clear view', 'displayOrder': 8, 'showsRawNoteText': True, 'sourceListingNoteId': -1}]",704248,False,False,Row 5,False,1478280,"¥1,478,280","¥1,478,280","¥2,653,857",44.0,"¥1,175,577",10,Mobile Transfer ticket,3,1,USD,JPY,7380.0,USD,"https://img.vggcdn.net/img/vfsimage2/812551/407_122927/0.jpg?im=Resize=(500,271)&v=771",2 days ago,8,False,False,False,False,LdqHBcV31Cv6V7CQpn46X9g7fswC4ebowXgEkhU2Pqc%3d,False,2026-07-17T01:01:47.1300000Z,False,False,False,True,False,False,0,False,[6],False,False,False,False,0,False,False,0,13378382362,False,6C9083F1-7CD7-4563-820D-83C8EB9AB9C1,False,False,True,4,7.6729049486197685,0.9328089726,Last ticket,True,"[{'message': 'Great Value', 'qualifier': 'Based on price, view, seat quality and more', 'hasValue': True, 'messageType': 'ValueBased'}, {'message': 'Popular Pick', 'qualifier': '70 tickets sold for this event', 'hasValue': True, 'messageType': 'BoughtInLastHourSocialProofBased'}]",[],15,15,,,,,Fan favorite,This section is in the top 10% of sections for this event when ranked based on a count of successful sales over the past 7 days on our site,True,[7],,,
13393961293,153020449,341,122934,341,2,19,_,,False,False,3,,False,False,"[1, 2, 3]",407,Upper,3,True,"[{'listingNoteId': -1, 'listingNoteContentId': 3338094, 'formattedListingNoteContent': 'Clear view', 'listingNoteTypeId': 3, 'showToBuyer': True, 'hideInMock': False, 'siteAddedListingNote': False, 'aisleListingNoteWithSplit': False, 'listingNoteDescriptionContentId': 3338095, 'formattedListingNoteDescription': ""You'll have an unrestricted view of the show.""}]","[{'listingNoteBucketId': 27, 'formattedListingNoteContent': 'Clear view', 'displayOrder': 8, 'showsRawNoteText': True, 'sourceListingNoteId': -1}]",704413,False,False,Row 19,False,1492633,"¥1,492,633","¥1,492,633",,,,10,Mobile Transfer ticket,3,1,USD,JPY,0.0,USD,"https://img.vggcdn.net/img/vfsimage2/812551/407_122934/0.jpg?im=Resize=(500,271)&v=771",3 hours ago,6,False,False,False,False,2ZGB8VhBPg7wt%2bZTaHEq2mdFm9vqMlUoazuRmVflo%2fA%3d,False,2026-07-19T00:59:57.7370000Z,False,False,False,False,False,False,0,False,,False,False,False,False,0,False,False,0,13393961293,False,ADEEF82A-8F40-4D75-9283-2DB575045254,False,False,True,3,6.44646559331953,0.7967214221,,,"[{'message': 'Popular Pick', 'qualifier': '70 tickets sold for this event', 'hasValue': True, 'messageType': 'BoughtInLastHourSocialProofBased'}]",[],,,,,,,,,,,,,
13393684032,153020449,335,122928,335,2,8,_,,False,False,2,,False,False,"[1, 2]",407,Upper,2,True,"[{'listingNoteId': -1, 'listingNoteContentId': 3338094, 'formattedListingNoteContent': 'Clear view', 'listingNoteTypeId': 3, 'showToBuyer': True, 'hideInMock': False, 'siteAddedListingNote': False, 'aisleListingNoteWithSplit': False, 'listingNoteDescriptionContentId': 3338095, 'formattedListingNoteDescription': ""You'll have an unrestricted view of the show.""}]","[{'listingNoteBucketId': 27, 'formattedListingNoteContent': 'Clear view', 'displayOrder': 8, 'showsRawNoteText': True, 'sourceListingNoteId': -1}]",704273,False,False,Row 8,False,1494607,"¥1,494,607","¥1,494,607","¥1,894,873",21.0,"¥400,266",10,Mobile Transfer ticket,3,1,SGD,JPY,9532.01,SGD,"https://img.vggcdn.net/img/vfsimage2/812551/407_122928/0.jpg?im=Resize=(500,271)&v=771",5 hours ago,7,False,False,False,False,%2blBxrqh3g%2bhH4VtSKTXn66yi1r9gw9qzi4a6QhoyDjw%3d,False,2026-07-18T23:46:39.7000000Z,False,False,False,False,False,False,0,False,[7],False,False,False,False,0,False,False,0,13393684032,False,DA16BA54-128B-41A1-96B4-C02ACAE98A68,False,False,True,4,7.00754689038653,0.858848419,Last tickets,True,"[{'message': 'Great Value', 'qualifier': 'Based on price, view, seat quality and more', 'hasValue': True, 'messageType': 'ValueBased'}, {'message': 'Popular Pick', 'qualifier': '70 tickets sold for this event', 'hasValue': True, 'messageType': 'BoughtInLastHourSocialProofBased'}]",[],,,,,,,,,,,,,
13279339891,153020449,328,122921,328,2,24,27_27,27,False,False,1,,False,False,[1],407,Upper,1,True,"[{'listingNoteId': -1, 'listingNoteContentId': 3338094, 'formattedListingNoteContent': 'Clear view', 'listingNoteTypeId': 3, 'showToBuyer': True, 'hideInMock': False, 'siteAddedListingNote': False, 'aisleListingNoteWithSplit': False, 'listingNoteDescriptionContentId': 3338095, 'formattedListingNoteDescription': ""You'll have an unrestricted view of the show.""}]","[{'listingNoteBucketId': 27, 'formattedListingNoteContent': 'Clear view', 'displayOrder': 8, 'showsRawNoteText': True, 'sourceListingNoteId': -1}]",2113875,False,False,Row 24,False,1456905,"¥1,456,905","¥1,456,905",,,,10,Mobile Transfer ticket,3,1,USD,JPY,3450.0,USD,"https://img.vggcdn.net/img/vfsimage2/812551/407_122921/0.jpg?im=Resize=(500,271)&v=771",11 days ago,6,False,False,False,False,LdqHBcV31Cv6V7CQpn46X9g7fswC4ebowXgEkhU2Pqc%3d,False,2026-07-08T01:45:10.4300000Z,False,False,False,True,False,False,0,False,[6],False,False,False,False,0,False,False,0,13279339891,False,B90BB62A-1045-4B42-B48B-FBF83DECC285,False,False,True,3,5.947130383473256,0.7320207949,,,"[{'message': 'Popular Pick', 'qualifier': '70 tickets sold for this event', 'hasValue': True, 'messageType': 'BoughtInLastHourSocialProofBased'}]",[],27,27,,,,,Fan favorite,This section is in the top 10% of sections for this event when ranked based on a count of successful sales over the past 7 days on our site,True,,,,
13311781074,153020449,305,122898,305,2,17,_,,False,False,7,,False,False,"[1, 2, 3, 4, 5, 6, 7]",407,Upper,7,True,"[{'listingNoteId': -1, 'listingNoteContentId': 3338094, 'formattedListingNoteContent': 'Clear view', 'listingNoteTypeId': 3, 'showToBuyer': True, 'hideInMock': False, 'siteAddedListingNote': False, 'aisleListingNoteWithSplit': False, 'listingNoteDescriptionContentId': 3338095, 'formattedListingNoteDescription': ""You'll have an unrestricted view of the show.""}]","[{'listingNoteBucketId': 27, 'formattedListingNoteContent': 'Clear view', 'displayOrder': 8, 'showsRawNoteText': True, 'sourceListingNoteId': -1}]",2113670,False,False,Row 17,False,1462461,"¥1,462,461","¥1,462,461","¥2,013,575",27.0,"¥551,114",10,Mobile Transfer ticket,3,1,USD,JPY,5785.0,USD,"https://img.vggcdn.net/img/vfsimage2/812551/407_122898/0.jpg?im=Resize=(500,271)&v=771",8 days ago,6,False,False,False,False,XQ1%2bOnwA50S5JCBDdmha9xHfuZQtehIIaD0RxaWwKvY%3d,False,2026-07-10T07:19:52.1000000Z,False,False,False,False,False,False,0,False,,False,False,False,False,0,False,False,0,13311781074,False,BF6705F9-3C02-42BD-8243-D80EBC771D4F,False,False,True,3,5.750770343736855,0.7182422299,,,"[{'message': 'Popular Pick', 'qualifier': '70 tickets sold for this event', 'hasValue': True, 'messageType': 'BoughtInLastHourSocialProofBased'}]",[],,,,,,,,,,,,,
13394719654,153020449,303,122896,303,2,,_,,False,False,6,,False,False,"[1, 2, 3, 4, 5, 6]",407,Upper,6,True,"[{'listingNoteId': -1, 'listingNoteContentId': 3338094, 'formattedListingNoteContent': 'Clear view', 'listingNoteTypeId': 3, 'showToBuyer': True, 'hideInMock': False, 'siteAddedListingNote': False, 'aisleListingNoteWithSplit': False, 'listingNoteDescriptionContentId': 3338095, 'formattedListingNoteDescription': ""You'll have an unrestricted view of the show.""}]","[{'listingNoteBucketId': 27, 'formattedListingNoteContent': 'Clear view', 'displayOrder': 8, 'showsRawNoteText': True, 'sourceListingNoteId': -1}]",108868,False,False,Row,True,1462461,"¥1,462,461","¥1,462,461",,,,10,Mobile Transfer ticket,3,1,USD,JPY,4116.0,USD,"https://img.vggcdn.net/img/vfsimage2/812551/407_122896/0.jpg?im=Resize=(500,271)&v=771",22 minutes ago,6,False,False,False,False,XQ1%2bOnwA50S5JCBDdmha9xHfuZQtehIIaD0RxaWwKvY%3d,False,2026-07-19T04:26:28.9330000Z,False,False,False,False,False,False,0,False,,False,False,False,False,0,False,False,0,13394719654,False,0A3DA589-2EA5-4E3C-A89B-F65D18D49B09,False,False,True,3,5.689785462553323,0.7132467024,,,"[{'message': 'Popular Pick', 'qualifier': '70 tickets sold for this event', 'hasValue': True, 'messageType': 'BoughtInLastHourSocialProofBased'}]",[],,,,,,,,,,,,,
13394148408,153020449,322,122915,322,2,14,_,,False,False,4,,False,False,"[1, 2, 4]",407,Upper,4,True,"[{'listingNoteId': -1, 'listingNoteContentId': 3338094, 'formattedListingNoteContent': 'Clear view', 'listingNoteTypeId': 3, 'showToBuyer': True, 'hideInMock': False, 'siteAddedListingNote': False, 'aisleListingNoteWithSplit': False, 'listingNoteDescriptionContentId': 3338095, 'formattedListingNoteDescription': ""You'll have an unrestricted view of the show.""}]","[{'listingNoteBucketId': 27, 'formattedListingNoteContent': 'Clear view', 'displayOrder': 8, 'showsRawNoteText': True, 'sourceListingNoteId': -1}]",2113735,False,False,Row 14,False,1502663,"¥1,502,663","¥1,502,663",,,,10,Mobile Transfer ticket,3,1,USD,JPY,5785.0,USD,"https://img.vggcdn.net/img/vfsimage2/812551/407_122915/0.jpg?im=Resize=(500,271)&v=771",2 hours ago,6,False,False,False,False,HsJXybzcZyl6VgOtANWIeuUEv5%2fytOn1xsg0hLWGpjo%3d,False,2026-07-19T01:56:35.1630000Z,False,False,False,True,False,False,0,False,[6],False,False,False,False,0,False,False,0,13394148408,False,04898103-D5C4-4124-87BD-F328B17DA7FF,False,False,True,3,5.958220489354386,0.7560036315,,,"[{'message': 'Popular Pick', 'qualifier': '70 tickets sold for this event', 'hasValue': True, 'messageType': 'BoughtInLastHourSocialProofBased'}]",[],,,,,,,Fan favorite,This section has the highest count of successful sales for this event over the past 7 days on our site,True,,,,
13393600653,153020449,322,122915,322,2,21,_,,False,False,4,,False,False,"[1, 2, 3, 4]",407,Upper,4,True,"[{'listingNoteId': -1, 'listingNoteContentId': 3338094, 'formattedListingNoteContent': 'Clear view', 'listingNoteTypeId': 3, 'showToBuyer': True, 'hideInMock': False, 'siteAddedListingNote': False, 'aisleListingNoteWithSplit': False, 'listingNoteDescriptionContentId': 3338095, 'formattedListingNoteDescription': ""You'll have an unrestricted view of the show.""}]","[{'listingNoteBucketId': 27, 'formattedListingNoteContent': 'Clear view', 'displayOrder': 8, 'showsRawNoteText': True, 'sourceListingNoteId': -1}]",2113742,False,False,Row 21,False,1442967,"¥1,442,967","¥1,442,967",,,,10,Mobile Transfer ticket,3,1,USD,JPY,5785.0,USD,"https://img.vggcdn.net/img/vfsimage2/812551/407_122915/0.jpg?im=Resize=(500,271)&v=771",5 hours ago,6,False,False,False,False,q0W181ZxQ3EmtSP6YW6pMVh1Q8wP6ued%2fqHfkSRpxCQ%3d,False,2026-07-18T23:23:36.3330000Z,False,False,False,True,False,False,0,False,[6],False,False,False,False,0,False,False,0,13393600653,False,5E9D6614-57D2-4931-AEFE-AA8C16763239,False,False,True,3,6.022325889194107,0.7314782792,,,"[{'message': 'Popular Pick', 'qualifier': '70 tickets sold for this event', 'hasValue': True, 'messageType': 'BoughtInLastHourSocialProofBased'}]",[],,,,,,,Fan favorite,This section has the highest count of successful sales for this event over the past 7 days on our site,True,,,,
13391052996,153020449,328,122921,328,2,26,16_16,16,False,False,1,,False,False,[1],407,Upper,1,True,"[{'listingNoteId': -1, 'listingNoteContentId': 3338094, 'formattedListingNoteContent': 'Clear view', 'listingNoteTypeId': 3, 'showToBuyer': True, 'hideInMock': False, 'siteAddedListingNote': False, 'aisleListingNoteWithSplit': False, 'listingNoteDescriptionContentId': 3338095, 'formattedListingNoteDescription': ""You'll have an unrestricted view of the show.""}]","[{'listingNoteBucketId': 27, 'formattedListingNoteContent': 'Clear view', 'displayOrder': 8, 'showsRawNoteText': True, 'sourceListingNoteId': -1}]",2113877,False,False,Row 26,False,1447841,"¥1,447,841","¥1,447,841","¥1,838,752",21.0,"¥390,911",10,Mobile Transfer ticket,3,1,USD,JPY,,USD,"https://img.vggcdn.net/img/vfsimage2/812551/407_122921/0.jpg?im=Resize=(500,271)&v=771",14 hours ago,6,False,False,False,False,QY7PndDbjAawrXN8sO%2fHOegRV9BZEyrGkmas7y6cbBk%3d,False,2026-07-18T13:49:42.1730000Z,False,False,False,True,False,False,0,False,[6],False,False,False,False,0,False,False,0,13391052996,False,EA7F5FB2-3A50-4EB2-8293-1724B67D6D28,False,False,True,3,5.932157438556604,0.7261878374,,,"[{'message': 'Popular Pick', 'qualifier': '70 tickets sold for this event', 'hasValue': True, 'messageType': 'BoughtInLastHourSocialProofBased'}]",[],16,16,,,,,Fan favorite,This section is in the top 10% of sections for this event when ranked based on a count of successful sales over the past 7 days on our site,True,,,,
13311688126,153020449,304,122897,304,2,23,_,,False,False,8,,False,False,"[1, 2, 3, 4, 5, 6, 7, 8]",407,Upper,8,True,"[{'listingNoteId': -1, 'listingNoteContentId': 3338094, 'formattedListingNoteContent': 'Clear view', 'listingNoteTypeId': 3, 'showToBuyer': True, 'hideInMock': False, 'siteAddedListingNote': False, 'aisleListingNoteWithSplit': False, 'listingNoteDescriptionContentId': 3338095, 'formattedListingNoteDescription': ""You'll have an unrestricted view of the show.""}]","[{'listingNoteBucketId': 27, 'formattedListingNoteContent': 'Clear view', 'displayOrder': 8, 'showsRawNoteText': True, 'sourceListingNoteId': -1}]",2113654,False,False,Row 23,False,1462461,"¥1,462,461","¥1,462,461","¥1,961,839",25.0,"¥499,378",10,Mobile Transfer ticket,3,1,USD,JPY,2790.0,USD,"https://img.vggcdn.net/img/vfsimage2/812551/407_122897/0.jpg?im=Resize=(500,271)&v=771",8 days ago,6,False,False,False,False,XQ1%2bOnwA50S5JCBDdmha9xHfuZQtehIIaD0RxaWwKvY%3d,False,2026-07-10T07:01:59.6470000Z,False,False,False,False,False,False,0,False,[7],False,False,False,False,0,False,False,0,13311688126,False,87ADCFFC-15A4-470C-87D2-4D868B45375F,False,False,True,3,5.782673956345635,0.7208835704,Last tickets,True,"[{'message': 'Popular Pick', 'qualifier': '70 tickets sold for this event', 'hasValue': True, 'messageType': 'BoughtInLastHourSocialProofBased'}]",[],,,,,,,,,,,,,
13393707530,153020449,336,122929,336,2,23,2_2,2,False,False,1,,False,False,[1],407,Upper,1,True,"[{'listingNoteId': -1, 'listingNoteContentId': 3338094, 'formattedListingNoteContent': 'Clear view', 'listingNoteTypeId': 3, 'showToBuyer': True, 'hideInMock': False, 'siteAddedListingNote': False, 'aisleListingNoteWithSplit': False, 'listingNoteDescriptionContentId': 3338095, 'formattedListingNoteDescription': ""You'll have an unrestricted view of the show.""}]","[{'listingNoteBucketId': 27, 'formattedListingNoteContent': 'Clear view', 'displayOrder': 8, 'showsRawNoteText': True, 'sourceListingNoteId': -1}]",704310,False,False,Row 23,False,1540249,"¥1,540,249","¥1,540,249","¥2,033,425",24.0,"¥493,176",10,Mobile Transfer ticket,3,1,BRL,JPY,35000.0,BRL,"https://img.vggcdn.net/img/vfsimage2/812551/407_122929/0.jpg?im=Resize=(500,271)&v=771",4 hours ago,5,False,False,False,False,hxKZ%2fbGdQtaf%2bts2XzeDrkrC3UJ9l74k5QOICWCBuZo%3d,False,2026-07-18T23:53:55.5500000Z,False,False,False,False,False,False,0,False,,False,False,False,False,0,False,False,0,13393707530,False,9F1CFB6A-06C9-41DD-AD42-4DDBC81B0CBD,False,False,True,3,5.084330104494567,0.7026756382,,,"[{'message': 'Popular Pick', 'qualifier': '70 tickets sold for this event', 'hasValue': True, 'messageType': 'BoughtInLastHourSocialProofBased'}]",[],2,2,,,,,,,,,,,
13392904213,153020449,Supporters Club,2439116,Supporters Club,2,11,_,,False,False,7,,False,False,"[1, 2, 3, 4, 5, 7]",1068,Hospitality,7,True,"[{'listingNoteId': 2344, 'listingNoteContentId': 4216766, 'formattedListingNoteContent': 'Includes Offsite Hospitality', 'listingNoteTypeId': 3, 'showToBuyer': True, 'hideInMock': False, 'siteAddedListingNote': False, 'aisleListingNoteWithSplit': False, 'formattedListingNoteDescription': ''}, {'listingNoteId': -1, 'listingNoteContentId': 3338094, 'formattedListingNoteContent': 'Clear view', 'listingNoteTypeId': 3, 'showToBuyer': True, 'hideInMock': False, 'siteAddedListingNote': False, 'aisleListingNoteWithSplit': False, 'listingNoteDescriptionContentId': 3338095, 'formattedListingNoteDescription': ""You'll have an unrestricted view of the show.""}]","[{'listingNoteBucketId': 0, 'formattedListingNoteContent': 'Includes Offsite Hospitality', 'displayOrder': 30, 'showsRawNoteText': True, 'sourceListingNoteId': 2344}, {'listingNoteBucketId': 27, 'formattedListingNoteContent': 'Clear view', 'displayOrder': 8, 'showsRawNoteText': True, 'sourceListingNoteId': -1}]",4837383,False,False,Row 11,True,1526438,"¥1,526,438","¥1,526,438","¥2,114,542",28.0,"¥588,104",10,Mobile Transfer ticket,3,1,USD,JPY,19000.0,USD,"https://img.vggcdn.net/img/vfsimage2/812551/1068_2439116/0.jpg?im=Resize=(500,271)&v=771",7 hours ago,10,False,False,False,False,d6mQwsx%2fVfvqXVGJSudQYUtR9%2b%2bjPP6mBmv33j%2bdHf0%3d,False,2026-07-18T21:12:56.0600000Z,False,False,False,False,False,False,0,False,,False,False,False,False,0,False,False,0,13392904213,False,B62DD564-EF7F-4D6F-BEA3-07A8573BCB8C,False,False,True,5,9.943098667784794,1.577970786,,,"[{'message': 'Amazing Value', 'qualifier': 'Based on price, view, seat quality and more', 'hasValue': True, 'messageType': 'ValueBased'}, {'message': 'Popular Pick', 'qualifier': '70 tickets sold for this event', 'hasValue': True, 'messageType': 'BoughtInLastHourSocialProofBased'}]",[],,,,,,,,,,,,,
13392385971,153020449,322,122915,322,2,13,_,,False,False,4,,False,False,"[1, 2, 4]",407,Upper,4,True,"[{'listingNoteId': -1, 'listingNoteContentId': 3338094, 'formattedListingNoteContent': 'Clear view', 'listingNoteTypeId': 3, 'showToBuyer': True, 'hideInMock': False, 'siteAddedListingNote': False, 'aisleListingNoteWithSplit': False, 'listingNoteDescriptionContentId': 3338095, 'formattedListingNoteDescription': ""You'll have an unrestricted view of the show.""}]","[{'listingNoteBucketId': 27, 'formattedListingNoteContent': 'Clear view', 'displayOrder': 8, 'showsRawNoteText': True, 'sourceListingNoteId': -1}]",2113734,False,False,Row 13,False,1544785,"¥1,544,785","¥1,544,785",,,,10,Mobile Transfer ticket,3,1,USD,JPY,5785.0,USD,"https://img.vggcdn.net/img/vfsimage2/812551/407_122915/0.jpg?im=Resize=(500,271)&v=771",9 hours ago,6,False,False,False,False,G5V36Bbl42HAVuzxYvYXCqd89v1SW24W0qNlnMxOsyg%3d,False,2026-07-18T18:51:30.3830000Z,False,False,False,True,False,False,0,False,[6],False,False,False,False,0,False,False,0,13392385971,False,F5B671B8-9EF5-4733-99E3-A01F079A35F5,False,False,True,3,5.760942344494846,0.7595732072,,,"[{'message': 'Popular Pick', 'qualifier': '70 tickets sold for this event', 'hasValue': True, 'messageType': 'BoughtInLastHourSocialProofBased'}]",[],,,,,,,Fan favorite,This section has the highest count of successful sales for this event over the past 7 days on our site,True,,,,
13394841662,153020449,126,122797,126,2,35,16_16,16,False,False,1,,False,False,[1],594,Lower,1,True,"[{'listingNoteId': -1, 'listingNoteContentId': 3338094, 'formattedListingNoteContent': 'Clear view', 'listingNoteTypeId': 3, 'showToBuyer': True, 'hideInMock': False, 'siteAddedListingNote': False, 'aisleListingNoteWithSplit': False, 'listingNoteDescriptionContentId': 3338095, 'formattedListingNoteDescription': ""You'll have an unrestricted view of the show.""}]","[{'listingNoteBucketId': 27, 'formattedListingNoteContent': 'Clear view', 'displayOrder': 8, 'showsRawNoteText': True, 'sourceListingNoteId': -1}]",2112793,False,False,Row 35,False,1557492,"¥1,557,492","¥1,557,492",,,,10,Mobile Transfer ticket,3,1,USD,JPY,,USD,"https://img.vggcdn.net/img/vfsimage2/812551/594_122797/0.jpg?im=Resize=(500,271)&v=771",6 minutes ago,9,False,False,False,False,QbDTie4XdIrttT%2f35ctTXYUVjWj%2bypvbJZOZxiGDiYg%3d,False,2026-07-19T04:41:44.7500000Z,False,False,False,False,False,False,0,False,,False,False,False,False,0,False,False,0,13394841662,False,B241F700-52C6-44B2-8A87-6AAF32FDDD94,False,False,True,5,8.807758862042927,1.199587918,,,"[{'message': 'Amazing Value', 'qualifier': 'Based on price, view, seat quality and more', 'hasValue': True, 'messageType': 'ValueBased'}, {'message': 'Popular Pick', 'qualifier': '70 tickets sold for this event', 'hasValue': True, 'messageType': 'BoughtInLastHourSocialProofBased'}]",[],16,16,,,,,,,,,,,
13229968819,153020449,Upper,1546670,Upper,3,,_,,False,False,6,,False,False,"[1, 2, 3, 4, 5, 6]",407,Upper,6,True,"[{'listingNoteId': -1, 'listingNoteContentId': 3338094, 'formattedListingNoteContent': 'Clear view', 'listingNoteTypeId': 3, 'showToBuyer': True, 'hideInMock': False, 'siteAddedListingNote': False, 'aisleListingNoteWithSplit': False, 'listingNoteDescriptionContentId': 3338095, 'formattedListingNoteDescription': ""You'll have an unrestricted view of the show.""}]","[{'listingNoteBucketId': 27, 'formattedListingNoteContent': 'Clear view', 'displayOrder': 8, 'showsRawNoteText': True, 'sourceListingNoteId': -1}]",1641237,False,False,Row,True,1552137,"¥1,552,137","¥1,552,137","¥3,076,033",50.0,"¥1,523,896",10,Mobile Transfer ticket,3,1,EUR,JPY,3000.0,EUR,"https://img.vggcdn.net/img/vfsimage2/812551/407_1546670/0.jpg?im=Resize=(500,271)&v=771",15 days ago,0,False,False,True,False,PM5zJiLLcC4xE%2fTGrO92Cg0fXXz976hQ5VBUetX1mO8%3d,False,2026-07-03T14:52:38.7330000Z,False,False,False,False,False,False,0,False,[7],False,False,False,False,0,False,False,0,13229968819,False,94A58828-291C-45F6-BEA4-2E20362CEF55,False,False,True,0,,,Last tickets,True,"[{'message': 'Popular Pick', 'qualifier': '70 tickets sold for this event', 'hasValue': True, 'messageType': 'BoughtInLastHourSocialProofBased'}]",[],,,,,,,,,,,,,
13394581235,153020449,204,122837,204,2,11,_,,False,False,1,,False,False,[1],471,Middle,1,True,"[{'listingNoteId': -1, 'listingNoteContentId': 3338094, 'formattedListingNoteContent': 'Clear view', 'listingNoteTypeId': 3, 'showToBuyer': True, 'hideInMock': False, 'siteAddedListingNote': False, 'aisleListingNoteWithSplit': False, 'listingNoteDescriptionContentId': 3338095, 'formattedListingNoteDescription': ""You'll have an unrestricted view of the show.""}]","[{'listingNoteBucketId': 27, 'formattedListingNoteContent': 'Clear view', 'displayOrder': 8, 'showsRawNoteText': True, 'sourceListingNoteId': -1}]",702763,False,False,Row 11,False,1514411,"¥1,514,411","¥1,514,411",,,,10,Mobile Transfer ticket,3,1,USD,JPY,7925.0,USD,"https://img.vggcdn.net/img/vfsimage2/812551/471_122837/0.jpg?im=Resize=(500,271)&v=771",56 minutes ago,7,False,False,False,False,5t6O7MYiszCNSPj2iy3AykwKtGQBFCYeODktVfsQVPs%3d,False,2026-07-19T03:52:22.1500000Z,False,False,False,False,False,False,0,False,,False,False,False,False,0,False,False,0,13394581235,False,43D62F86-40AF-4407-8D36-CC9E8BD518E0,False,False,True,4,7.209721404643798,0.8945174088,,,"[{'message': 'Great Value', 'qualifier': 'Based on price, view, seat quality and more', 'hasValue': True, 'messageType': 'ValueBased'}, {'message': 'Popular Pick', 'qualifier': '70 tickets sold for this event', 'hasValue': True, 'messageType': 'BoughtInLastHourSocialProofBased'}]",[],,,,,,,,,,,,,
13373771975,153020449,311,122904,311,2,8,_,,False,False,3,,False,False,"[1, 2, 3]",407,Upper,3,True,"[{'listingNoteId': -1, 'listingNoteContentId': 3338094, 'formattedListingNoteContent': 'Clear view', 'listingNoteTypeId': 3, 'showToBuyer': True, 'hideInMock': False, 'siteAddedListingNote': False, 'aisleListingNoteWithSplit': False, 'listingNoteDescriptionContentId': 3338095, 'formattedListingNoteDescription': ""You'll have an unrestricted view of the show.""}]","[{'listingNoteBucketId': 27, 'formattedListingNoteContent': 'Clear view', 'displayOrder': 8, 'showsRawNoteText': True, 'sourceListingNoteId': -1}]",703745,False,False,Row 8,False,1556393,"¥1,556,393","¥1,556,393","¥2,340,408",33.0,"¥784,015",10,Mobile Transfer ticket,3,1,GBP,JPY,1111.0,GBP,"https://img.vggcdn.net/img/vfsimage2/812551/407_122904/0.jpg?im=Resize=(500,271)&v=771",2 days ago,7,False,False,False,False,dVQMMZkRe4z4oRHjweWNCBl1vs%2fBli5ymI7Qd6z%2bohU%3d,False,2026-07-16T16:11:41.9300000Z,False,False,False,False,False,False,0,False,[7],False,False,False,False,0,False,False,0,13373771975,False,38C1B0BA-643F-4AC7-863D-8F3851CBC91A,False,False,True,4,7.269781546805345,0.9270082586,Last tickets,True,"[{'message': 'Great Value', 'qualifier': 'Based on price, view, seat quality and more', 'hasValue': True, 'messageType': 'ValueBased'}, {'message': 'Popular Pick', 'qualifier': '70 tickets sold for this event', 'hasValue': True, 'messageType': 'BoughtInLastHourSocialProofBased'}]",[],,,,,,,,,,,,,
13389583270,153020449,Category 2,1989400,Category 2,3,,_,,False,False,1,,False,False,[1],1246,Category 2,1,True,"[{'listingNoteId': 814, 'listingNoteContentId': 2446060, 'formattedListingNoteContent': 'Limited or Obstructed View (printed on ticket)', 'listingNoteTypeId': 1, 'showToBuyer': True, 'hideInMock': False, 'siteAddedListingNote': False, 'aisleListingNoteWithSplit': False, 'listingNoteDescriptionContentId': 2446061, 'formattedListingNoteDescription': 'Limited or Obstructed View (printed on ticket)'}]","[{'listingNoteBucketId': 21, 'formattedListingNoteContent': 'Limited view', 'displayOrder': 21, 'showsRawNoteText': False}]",3325459,False,False,Row,True,1532544,"¥1,532,544","¥1,532,544","¥2,037,914",25.0,"¥505,370",10,Mobile Transfer ticket,3,1,EUR,JPY,6450.0,EUR,"https://img.vggcdn.net/img/vfsimage2/812551/1246_1989400/0.jpg?im=Resize=(500,271)&v=771",21 hours ago,9,False,False,True,False,0LlqcD6HfknZgwHYXocd6oGotmcHP1pga8tHSEGqsX8%3d,False,2026-07-18T07:28:10.9430000Z,False,False,False,False,False,False,0,False,[7],False,False,False,False,0,False,False,0,13389583270,False,1DE79F84-963A-4D2D-8F62-C478E7EE053A,False,False,True,5,9.437689957583874,1.374851954,Last ticket,True,"[{'message': 'Amazing Value', 'qualifier': 'Based on price, view, seat quality and more', 'hasValue': True, 'messageType': 'ValueBased'}, {'message': 'Popular Pick', 'qualifier': '70 tickets sold for this event', 'hasValue': True, 'messageType': 'BoughtInLastHourSocialProofBased'}]",[],,,,,,,,,,,,,
13393672217,153020449,316,122909,316,2,21,26_26,26,False,False,1,,False,False,[1],407,Upper,1,True,"[{'listingNoteId': -1, 'listingNoteContentId': 3338094, 'formattedListingNoteContent': 'Clear view', 'listingNoteTypeId': 3, 'showToBuyer': True, 'hideInMock': False, 'siteAddedListingNote': False, 'aisleListingNoteWithSplit': False, 'listingNoteDescriptionContentId': 3338095, 'formattedListingNoteDescription': ""You'll have an unrestricted view of the show.""}]","[{'listingNoteBucketId': 27, 'formattedListingNoteContent': 'Clear view', 'displayOrder': 8, 'showsRawNoteText': True, 'sourceListingNoteId': -1}]",703868,False,False,Row 21,False,1556842,"¥1,556,842","¥1,556,842",,,,10,Mobile Transfer ticket,3,1,EUR,JPY,5575.0,EUR,"https://img.vggcdn.net/img/vfsimage2/812551/407_122909/0.jpg?im=Resize=(500,271)&v=771",5 hours ago,5,False,False,False,False,RcN0DmceGIRGw94Jh7CY%2frx6Z5za62eik3AspDWxSzA%3d,False,2026-07-18T23:42:22.4470000Z,False,False,False,False,False,False,0,False,,False,False,False,False,0,False,False,0,13393672217,False,187EE876-3F2F-4AC3-9829-CAA883F64FA1,False,False,True,2,4.788044745605834,0.6738856482,,,"[{'message': 'Popular Pick', 'qualifier': '70 tickets sold for this event', 'hasValue': True, 'messageType': 'BoughtInLastHourSocialProofBased'}]",[],26,26,,,,,,,,,,,
13394062403,153020449,340,122933,340,2,20,_,,False,False,1,,False,False,[1],407,Upper,1,True,"[{'listingNoteId': -1, 'listingNoteContentId': 3338094, 'formattedListingNoteContent': 'Clear view', 'listingNoteTypeId': 3, 'showToBuyer': True, 'hideInMock': False, 'siteAddedListingNote': False, 'aisleListingNoteWithSplit': False, 'listingNoteDescriptionContentId': 3338095, 'formattedListingNoteDescription': ""You'll have an unrestricted view of the show.""}]","[{'listingNoteBucketId': 27, 'formattedListingNoteContent': 'Clear view', 'displayOrder': 8, 'showsRawNoteText': True, 'sourceListingNoteId': -1}]",704392,False,False,Row 20,False,1547842,"¥1,547,842","¥1,547,842",,,,10,Mobile Transfer ticket,3,1,USD,JPY,7380.0,USD,"https://img.vggcdn.net/img/vfsimage2/812551/407_122933/0.jpg?im=Resize=(500,271)&v=771",3 hours ago,7,False,False,False,False,00JBLsnMZUvfxGxyVU9y7SBj%2birfZO57hN7VjwYyxJk%3d,False,2026-07-19T01:31:44.3170000Z,False,False,False,False,False,False,0,False,[7],False,False,False,False,0,False,False,0,13394062403,False,ED3ADE0D-838E-4908-993F-6BDE7C365DC6,False,False,True,3,6.568322994894229,0.8389602093,Last ticket,True,"[{'message': 'Popular Pick', 'qualifier': '70 tickets sold for this event', 'hasValue': True, 'messageType': 'BoughtInLastHourSocialProofBased'}]",[],,,,,,,,,,,,,
13393295027,153020449,330,122923,330,2,13,100_101,100,False,False,2,,False,False,"[1, 2]",407,Upper,2,True,"[{'listingNoteId': -1, 'listingNoteContentId': 3338094, 'formattedListingNoteContent': 'Clear view', 'listingNoteTypeId': 3, 'showToBuyer': True, 'hideInMock': False, 'siteAddedListingNote': False, 'aisleListingNoteWithSplit': False, 'listingNoteDescriptionContentId': 3338095, 'formattedListingNoteDescription': ""You'll have an unrestricted view of the show.""}]","[{'listingNoteBucketId': 27, 'formattedListingNoteContent': 'Clear view', 'displayOrder': 8, 'showsRawNoteText': True, 'sourceListingNoteId': -1}]",2113908,False,False,Row 13,False,1592838,"¥1,592,838","¥1,592,838",,,,10,Mobile Transfer ticket,3,1,AED,JPY,400.0,AED,"https://img.vggcdn.net/img/vfsimage2/812551/407_122923/0.jpg?im=Resize=(500,271)&v=771",6 hours ago,6,False,False,False,False,BF6Ub8mFT6LbcRzN62%2bqgo3GQ19l9ePw2pKHtlk3B38%3d,False,2026-07-18T22:37:00.6530000Z,False,False,False,False,False,False,0,False,[7],False,False,False,False,0,False,False,0,13393295027,False,C8C62E6E-41C4-47BD-B9C5-CB9A94807047,False,False,True,3,6.2551707121707825,0.8303966184,Last tickets,True,"[{'message': 'Popular Pick', 'qualifier': '70 tickets sold for this event', 'hasValue': True, 'messageType': 'BoughtInLastHourSocialProofBased'}]",[],,,,,,,,,,,,,
13375352152,153020449,328,122921,328,2,18,_,,False,False,2,,False,False,"[1, 2]",407,Upper,6,True,"[{'listingNoteId': -1, 'listingNoteContentId': 3338094, 'formattedListingNoteContent': 'Clear view', 'listingNoteTypeId': 3, 'showToBuyer': True, 'hideInMock': False, 'siteAddedListingNote': False, 'aisleListingNoteWithSplit': False, 'listingNoteDescriptionContentId': 3338095, 'formattedListingNoteDescription': ""You'll have an unrestricted view of the show.""}]","[{'listingNoteBucketId': 27, 'formattedListingNoteContent': 'Clear view', 'displayOrder': 8, 'showsRawNoteText': True, 'sourceListingNoteId': -1}]",2113869,False,False,Row 18,False,1583372,"¥1,583,372","¥1,583,372","¥2,460,818",36.0,"¥877,446",10,Mobile Transfer ticket,3,1,EUR,JPY,5000.0,EUR,"https://img.vggcdn.net/img/vfsimage2/812551/407_122921/0.jpg?im=Resize=(500,271)&v=771",2 days ago,5,False,False,False,False,zxKOoWlsAPBQigQQAwe1vss6bg225wGJNg%2fP6ZN1sF8%3d,False,2026-07-16T18:57:40.9300000Z,False,False,False,True,False,False,0,False,[6],False,False,False,False,0,False,False,0,13375352152,False,D5C12456-0A89-49D7-B374-ECE97BF653FA,False,False,True,3,5.427456362974938,0.7498012202,,,"[{'message': 'Popular Pick', 'qualifier': '70 tickets sold for this event', 'hasValue': True, 'messageType': 'BoughtInLastHourSocialProofBased'}]",[],,,,,,,Fan favorite,This section is in the top 10% of sections for this event when ranked based on a count of successful sales over the past 7 days on our site,True,,,,
13394388066,153020449,306,122899,306,2,12,_,,False,False,4,,False,False,"[1, 2, 4]",407,Upper,4,True,"[{'listingNoteId': -1, 'listingNoteContentId': 3338094, 'formattedListingNoteContent': 'Clear view', 'listingNoteTypeId': 3, 'showToBuyer': True, 'hideInMock': False, 'siteAddedListingNote': False, 'aisleListingNoteWithSplit': False, 'listingNoteDescriptionContentId': 3338095, 'formattedListingNoteDescription': ""You'll have an unrestricted view of the show.""}]","[{'listingNoteBucketId': 27, 'formattedListingNoteContent': 'Clear view', 'displayOrder': 8, 'showsRawNoteText': True, 'sourceListingNoteId': -1}]",2113687,False,False,Row 12,False,1558827,"¥1,558,827","¥1,558,827",,,,10,Mobile Transfer ticket,3,1,USD,JPY,5785.0,USD,"https://img.vggcdn.net/img/vfsimage2/812551/407_122899/0.jpg?im=Resize=(500,271)&v=771",an hour ago,6,False,False,False,False,Z9pJ4JG9OgSLf39bgztMYkkGGcIy42D4n9ys1QNqXb0%3d,False,2026-07-19T03:01:50.1000000Z,False,False,False,True,False,False,0,False,[6],False,False,False,False,0,False,False,0,13394388066,False,10DD2C1D-061D-45BF-BA4F-D1B12A1AB0D2,False,False,True,3,5.824700095240587,0.7721397974,,,"[{'message': 'Popular Pick', 'qualifier': '70 tickets sold for this event', 'hasValue': True, 'messageType': 'BoughtInLastHourSocialProofBased'}]",[],,,,,,,Fan favorite,This section is in the top 10% of sections for this event when ranked based on a count of successful sales over the past 7 days on our site,True,,,,
13391210503,153020449,315,122908,315,2,3,14_14,14,False,False,1,,False,False,[1],478,Loge,1,True,"[{'listingNoteId': 2027, 'listingNoteContentId': 3415845, 'formattedListingNoteContent': 'Third Row of Section', 'listingNoteTypeId': 6, 'showToBuyer': True, 'hideInMock': False, 'siteAddedListingNote': False, 'aisleListingNoteWithSplit': False, 'listingNoteDescriptionContentId': 3415845, 'formattedListingNoteDescription': 'Third Row of Section'}, {'listingNoteId': -1, 'listingNoteContentId': 3338094, 'formattedListingNoteContent': 'Clear view', 'listingNoteTypeId': 3, 'showToBuyer': True, 'hideInMock': False, 'siteAddedListingNote': False, 'aisleListingNoteWithSplit': False, 'listingNoteDescriptionContentId': 3338095, 'formattedListingNoteDescription': ""You'll have an unrestricted view of the show.""}]","[{'listingNoteBucketId': 14, 'formattedListingNoteContent': 'Third Row of Section', 'displayOrder': 14, 'showsRawNoteText': True, 'sourceListingNoteId': 2027}, {'listingNoteBucketId': 27, 'formattedListingNoteContent': 'Clear view', 'displayOrder': 8, 'showsRawNoteText': True, 'sourceListingNoteId': -1}]",1591059,False,False,Row 3,False,1561702,"¥1,561,702","¥1,561,702","¥3,032,945",49.0,"¥1,471,243",10,Mobile Transfer ticket,3,1,USD,JPY,,USD,"https://img.vggcdn.net/img/vfsimage2/812551/478_122908/0.jpg?im=Resize=(500,271)&v=771",14 hours ago,8,False,False,False,False,3jPJBuXrFnxhnqHHBJTWTwuN2STPYsA7ePEz7bZw%2bYc%3d,False,2026-07-18T14:23:07.1370000Z,False,False,False,False,False,False,0,False,,False,False,False,False,0,False,False,0,13391210503,False,F8906F31-A61C-4C57-8AE4-E30F204C3015,False,False,True,4,8.471641550850595,1.117035356,,,"[{'message': 'Great Value', 'qualifier': 'Based on price, view, seat quality and more', 'hasValue': True, 'messageType': 'ValueBased'}, {'message': 'Popular Pick', 'qualifier': '70 tickets sold for this event', 'hasValue': True, 'messageType': 'BoughtInLastHourSocialProofBased'}, {'message': 'Third Row', 'qualifier': 'Excellent proximity to the action', 'hasValue': True, 'messageType': 'ThirdRowTicketAttributeBased'}]",[2027],14,14,,,,,,,,,,,
13394497387,153020449,343,122936,343,2,17,_,,False,False,4,,False,False,"[1, 2, 4]",407,Upper,4,True,"[{'listingNoteId': -1, 'listingNoteContentId': 3338094, 'formattedListingNoteContent': 'Clear view', 'listingNoteTypeId': 3, 'showToBuyer': True, 'hideInMock': False, 'siteAddedListingNote': False, 'aisleListingNoteWithSplit': False, 'listingNoteDescriptionContentId': 3338095, 'formattedListingNoteDescription': ""You'll have an unrestricted view of the show.""}]","[{'listingNoteBucketId': 27, 'formattedListingNoteContent': 'Clear view', 'displayOrder': 8, 'showsRawNoteText': True, 'sourceListingNoteId': -1}]",704455,False,False,Row 17,False,1560037,"¥1,560,037","¥1,560,037",,,,10,Mobile Transfer ticket,3,1,USD,JPY,7900.0,USD,"https://img.vggcdn.net/img/vfsimage2/812551/407_122936/0.jpg?im=Resize=(500,271)&v=771",an hour ago,6,False,False,False,False,kr45zvk3e8P%2b4Kpmvo1Zd%2fn%2bhw3mZylQ4gmHkZwNuQ8%3d,False,2026-07-19T03:32:36.8370000Z,False,False,False,False,False,False,0,False,,False,False,False,False,0,False,False,0,13394497387,False,8C1D2993-D737-4677-B859-F9C79F90CCA6,False,False,True,3,5.661969910359071,0.7584437357,,,"[{'message': 'Popular Pick', 'qualifier': '70 tickets sold for this event', 'hasValue': True, 'messageType': 'BoughtInLastHourSocialProofBased'}]",[],,,,,,,,,,,,,
13394497404,153020449,344,122937,344,2,18,_,,False,False,4,,False,False,"[1, 2, 4]",407,Upper,4,True,"[{'listingNoteId': -1, 'listingNoteContentId': 3338094, 'formattedListingNoteContent': 'Clear view', 'listingNoteTypeId': 3, 'showToBuyer': True, 'hideInMock': False, 'siteAddedListingNote': False, 'aisleListingNoteWithSplit': False, 'listingNoteDescriptionContentId': 3338095, 'formattedListingNoteDescription': ""You'll have an unrestricted view of the show.""}]","[{'listingNoteBucketId': 27, 'formattedListingNoteContent': 'Clear view', 'displayOrder': 8, 'showsRawNoteText': True, 'sourceListingNoteId': -1}]",704478,False,False,Row 18,False,1560037,"¥1,560,037","¥1,560,037",,,,10,Mobile Transfer ticket,3,1,USD,JPY,7900.0,USD,"https://img.vggcdn.net/img/vfsimage2/812551/407_122937/0.jpg?im=Resize=(500,271)&v=771",an hour ago,5,False,False,False,False,kr45zvk3e8P%2b4Kpmvo1Zd%2fn%2bhw3mZylQ4gmHkZwNuQ8%3d,False,2026-07-19T03:32:37.0330000Z,False,False,False,False,False,False,0,False,,False,False,False,False,0,False,False,0,13394497404,False,829D0B22-9CC7-4776-AFF6-498434C52742,False,False,True,3,5.15574048159049,0.7171692431,,,"[{'message': 'Popular Pick', 'qualifier': '70 tickets sold for this event', 'hasValue': True, 'messageType': 'BoughtInLastHourSocialProofBased'}]",[],,,,,,,,,,,,,
13346407517,153020449,303,122896,303,2,25,_,,False,False,2,,False,False,"[1, 2]",407,Upper,2,True,"[{'listingNoteId': -1, 'listingNoteContentId': 3338094, 'formattedListingNoteContent': 'Clear view', 'listingNoteTypeId': 3, 'showToBuyer': True, 'hideInMock': False, 'siteAddedListingNote': False, 'aisleListingNoteWithSplit': False, 'listingNoteDescriptionContentId': 3338095, 'formattedListingNoteDescription': ""You'll have an unrestricted view of the show.""}]","[{'listingNoteBucketId': 27, 'formattedListingNoteContent': 'Clear view', 'displayOrder': 8, 'showsRawNoteText': True, 'sourceListingNoteId': -1}]",2113634,False,False,Row 25,False,1561078,"¥1,561,078","¥1,561,078","¥2,460,824",37.0,"¥899,746",10,Mobile Transfer ticket,3,1,EUR,JPY,3350.0,EUR,"https://img.vggcdn.net/img/vfsimage2/812551/407_122896/0.jpg?im=Resize=(500,271)&v=771",5 days ago,5,False,False,False,False,ih5yLaB%2bbAWOZ3W4QSWECQj5E%2f1S%2fkdNZ4R6YyFGTC8%3d,False,2026-07-14T00:59:39.5300000Z,False,False,False,False,False,False,0,False,,False,False,False,False,0,False,False,0,13346407517,False,1286896F-9177-4D2F-A922-045779C0F2CC,False,False,True,3,5.181036584537249,0.7196045196,,,"[{'message': 'Popular Pick', 'qualifier': '70 tickets sold for this event', 'hasValue': True, 'messageType': 'BoughtInLastHourSocialProofBased'}]",[],,,,,,,,,,,,,
13392419781,153020449,322,122915,322,2,12,_,,False,False,4,,False,False,"[1, 2, 4]",407,Upper,4,True,"[{'listingNoteId': -1, 'listingNoteContentId': 3338094, 'formattedListingNoteContent': 'Clear view', 'listingNoteTypeId': 3, 'showToBuyer': True, 'hideInMock': False, 'siteAddedListingNote': False, 'aisleListingNoteWithSplit': False, 'listingNoteDescriptionContentId': 3338095, 'formattedListingNoteDescription': ""You'll have an unrestricted view of the show.""}]","[{'listingNoteBucketId': 27, 'formattedListingNoteContent': 'Clear view', 'displayOrder': 8, 'showsRawNoteText': True, 'sourceListingNoteId': -1}]",2113733,False,False,Row 12,False,1572869,"¥1,572,869","¥1,572,869",,,,10,Mobile Transfer ticket,3,1,USD,JPY,5785.0,USD,"https://img.vggcdn.net/img/vfsimage2/812551/407_122915/0.jpg?im=Resize=(500,271)&v=771",9 hours ago,6,False,False,False,False,b8DNvFWugn%2bq%2bZQ7Md05WcQe4a1%2b%2fFUSDjEW62nA%2bOM%3d,False,2026-07-18T18:59:37.5630000Z,False,False,False,True,False,False,0,False,[6],False,False,False,False,0,False,False,0,13392419781,False,DE30E03D-571B-4B7F-BC09-1F70D4761CF5,False,False,True,3,5.644407127137517,0.7631595036,,,"[{'message': 'Popular Pick', 'qualifier': '70 tickets sold for this event', 'hasValue': True, 'messageType': 'BoughtInLastHourSocialProofBased'}]",[],,,,,,,Fan favorite,This section has the highest count of successful sales for this event over the past 7 days on our site,True,,,,
13394485896,153020449,342,122935,342,2,15,_,,False,False,4,,False,False,"[1, 2, 3, 4]",407,Upper,4,True,"[{'listingNoteId': -1, 'listingNoteContentId': 3338094, 'formattedListingNoteContent': 'Clear view', 'listingNoteTypeId': 3, 'showToBuyer': True, 'hideInMock': False, 'siteAddedListingNote': False, 'aisleListingNoteWithSplit': False, 'listingNoteDescriptionContentId': 3338095, 'formattedListingNoteDescription': ""You'll have an unrestricted view of the show.""}]","[{'listingNoteBucketId': 27, 'formattedListingNoteContent': 'Clear view', 'displayOrder': 8, 'showsRawNoteText': True, 'sourceListingNoteId': -1}]",704431,False,False,Row 15,False,1594838,"¥1,594,838","¥1,594,838",,,,10,Mobile Transfer ticket,3,1,USD,JPY,0.0,USD,"https://img.vggcdn.net/img/vfsimage2/812551/407_122935/0.jpg?im=Resize=(500,271)&v=771",an hour ago,6,False,False,False,False,8y%2bxyDVa4wPlKr8wvJ0M91wFHfK9uRnOjSsNM3HZglI%3d,False,2026-07-19T03:27:41.2970000Z,False,False,False,False,False,False,0,False,,False,False,False,False,0,False,False,0,13394485896,False,FDE1012E-CDDB-4400-B865-D21E0F897753,False,False,True,3,5.929780236965362,0.7997160059,,,"[{'message': 'Popular Pick', 'qualifier': '70 tickets sold for this event', 'hasValue': True, 'messageType': 'BoughtInLastHourSocialProofBased'}]",[],,,,,,,,,,,,,
13394497386,153020449,344,122937,344,2,17,_,,False,False,4,,False,False,"[1, 2, 4]",407,Upper,4,True,"[{'listingNoteId': -1, 'listingNoteContentId': 3338094, 'formattedListingNoteContent': 'Clear view', 'listingNoteTypeId': 3, 'showToBuyer': True, 'hideInMock': False, 'siteAddedListingNote': False, 'aisleListingNoteWithSplit': False, 'listingNoteDescriptionContentId': 3338095, 'formattedListingNoteDescription': ""You'll have an unrestricted view of the show.""}]","[{'listingNoteBucketId': 27, 'formattedListingNoteContent': 'Clear view', 'displayOrder': 8, 'showsRawNoteText': True, 'sourceListingNoteId': -1}]",704477,False,False,Row 17,False,1560037,"¥1,560,037","¥1,560,037",,,,10,Mobile Transfer ticket,3,1,USD,JPY,7900.0,USD,"https://img.vggcdn.net/img/vfsimage2/812551/407_122937/0.jpg?im=Resize=(500,271)&v=771",an hour ago,5,False,False,False,False,kr45zvk3e8P%2b4Kpmvo1Zd%2fn%2bhw3mZylQ4gmHkZwNuQ8%3d,False,2026-07-19T03:32:36.8070000Z,False,False,False,False,False,False,0,False,,False,False,False,False,0,False,False,0,13394497386,False,61FE51D0-2019-4E9C-90E5-6C8427BF1655,False,False,True,3,5.277118971299995,0.7266507738,,,"[{'message': 'Popular Pick', 'qualifier': '70 tickets sold for this event', 'hasValue': True, 'messageType': 'BoughtInLastHourSocialProofBased'}]",[],,,,,,,,,,,,,
13392497046,153020449,322,122915,322,2,10,_,,False,False,4,,False,False,"[1, 2, 4]",407,Upper,4,True,"[{'listingNoteId': -1, 'listingNoteContentId': 3338094, 'formattedListingNoteContent': 'Clear view', 'listingNoteTypeId': 3, 'showToBuyer': True, 'hideInMock': False, 'siteAddedListingNote': False, 'aisleListingNoteWithSplit': False, 'listingNoteDescriptionContentId': 3338095, 'formattedListingNoteDescription': ""You'll have an unrestricted view of the show.""}]","[{'listingNoteBucketId': 27, 'formattedListingNoteContent': 'Clear view', 'displayOrder': 8, 'showsRawNoteText': True, 'sourceListingNoteId': -1}]",2113731,False,False,Row 10,False,1614991,"¥1,614,991","¥1,614,991",,,,10,Mobile Transfer ticket,3,1,USD,JPY,5785.0,USD,"https://img.vggcdn.net/img/vfsimage2/812551/407_122915/0.jpg?im=Resize=(500,271)&v=771",9 hours ago,5,False,False,False,False,Fxbu4VDYgLDCLwfIWoWbIk%2fBJSEk9IXiHu2YRIKTYM8%3d,False,2026-07-18T19:21:36.7900000Z,False,False,False,True,False,False,0,False,[6],False,False,False,False,0,False,False,0,13392497046,False,2CBDF4DA-94C2-43D3-B93E-1C6220800D21,False,False,True,3,5.493149073096385,0.7703825723,,,"[{'message': 'Popular Pick', 'qualifier': '70 tickets sold for this event', 'hasValue': True, 'messageType': 'BoughtInLastHourSocialProofBased'}]",[],,,,,,,Fan favorite,This section has the highest count of successful sales for this event over the past 7 days on our site,True,,,,
13394647246,153020449,343,122936,343,2,7,2_2,2,False,False,1,,False,False,[1],407,Upper,1,True,"[{'listingNoteId': -1, 'listingNoteContentId': 3338094, 'formattedListingNoteContent': 'Clear view', 'listingNoteTypeId': 3, 'showToBuyer': True, 'hideInMock': False, 'siteAddedListingNote': False, 'aisleListingNoteWithSplit': False, 'listingNoteDescriptionContentId': 3338095, 'formattedListingNoteDescription': ""You'll have an unrestricted view of the show.""}]","[{'listingNoteBucketId': 27, 'formattedListingNoteContent': 'Clear view', 'displayOrder': 8, 'showsRawNoteText': True, 'sourceListingNoteId': -1}]",704445,False,False,Row 7,False,1607694,"¥1,607,694","¥1,607,694",,,,10,Mobile Transfer ticket,3,1,USD,JPY,0.0,USD,"https://img.vggcdn.net/img/vfsimage2/812551/407_122936/0.jpg?im=Resize=(500,271)&v=771",37 minutes ago,7,False,False,False,False,xWNUFZZ%2fZnSfcOGT6IERIOT3R2%2bU8xcLuREidUEQ1iw%3d,False,2026-07-19T04:11:28.0300000Z,False,False,False,False,False,False,0,False,,False,False,False,False,0,False,False,0,13394647246,False,37CCF49F-8CFE-4579-92A7-0F1242DB1CC2,False,False,True,3,6.50816733330534,0.8648162098,,,"[{'message': 'Popular Pick', 'qualifier': '70 tickets sold for this event', 'hasValue': True, 'messageType': 'BoughtInLastHourSocialProofBased'}]",[],,,,,,,,,,,,,
13392497058,153020449,322,122915,322,2,11,_,,False,False,4,,False,False,"[1, 2, 4]",407,Upper,4,True,"[{'listingNoteId': -1, 'listingNoteContentId': 3338094, 'formattedListingNoteContent': 'Clear view', 'listingNoteTypeId': 3, 'showToBuyer': True, 'hideInMock': False, 'siteAddedListingNote': False, 'aisleListingNoteWithSplit': False, 'listingNoteDescriptionContentId': 3338095, 'formattedListingNoteDescription': ""You'll have an unrestricted view of the show.""}]","[{'listingNoteBucketId': 27, 'formattedListingNoteContent': 'Clear view', 'displayOrder': 8, 'showsRawNoteText': True, 'sourceListingNoteId': -1}]",2113732,False,False,Row 11,False,1600951,"¥1,600,951","¥1,600,951",,,,10,Mobile Transfer ticket,3,1,USD,JPY,5785.0,USD,"https://img.vggcdn.net/img/vfsimage2/812551/407_122915/0.jpg?im=Resize=(500,271)&v=771",9 hours ago,6,False,False,False,False,ySESP6g0tbpgVaFh8qLEE01rz%2bWtP%2bif7p43QskAgGI%3d,False,2026-07-18T19:21:37.2630000Z,False,False,False,True,False,False,0,False,[6],False,False,False,False,0,False,False,0,13392497058,False,8BE42397-A7F6-4A32-B81F-404D4F395DA6,False,False,True,3,5.529157676690803,0.7667625991,,,"[{'message': 'Popular Pick', 'qualifier': '70 tickets sold for this event', 'hasValue': True, 'messageType': 'BoughtInLastHourSocialProofBased'}]",[],,,,,,,Fan favorite,This section has the highest count of successful sales for this event over the past 7 days on our site,True,,,,
13375358480,153020449,347,122940,347,2,25,_,,False,False,2,,False,False,"[1, 2]",407,Upper,6,True,"[{'listingNoteId': -1, 'listingNoteContentId': 3338094, 'formattedListingNoteContent': 'Clear view', 'listingNoteTypeId': 3, 'showToBuyer': True, 'hideInMock': False, 'siteAddedListingNote': False, 'aisleListingNoteWithSplit': False, 'listingNoteDescriptionContentId': 3338095, 'formattedListingNoteDescription': ""You'll have an unrestricted view of the show.""}]","[{'listingNoteBucketId': 27, 'formattedListingNoteContent': 'Clear view', 'displayOrder': 8, 'showsRawNoteText': True, 'sourceListingNoteId': -1}]",2113985,False,False,Row 25,False,1605667,"¥1,605,667","¥1,605,667","¥2,460,811",35.0,"¥855,144",10,Mobile Transfer ticket,3,1,EUR,JPY,5000.0,EUR,"https://img.vggcdn.net/img/vfsimage2/812551/407_122940/0.jpg?im=Resize=(500,271)&v=771",2 days ago,5,False,False,False,False,2%2bSUbCwunDlnJVgt5bQkDoFhzEApUP4cCxdR1tO%2bNz4%3d,False,2026-07-16T18:58:16.2100000Z,False,False,False,False,False,False,0,False,,False,False,False,False,0,False,False,0,13375358480,False,58B79D92-6024-4C7F-B087-CE5C9F48BB17,False,False,True,2,4.904478130080918,0.7116350248,,,"[{'message': 'Popular Pick', 'qualifier': '70 tickets sold for this event', 'hasValue': True, 'messageType': 'BoughtInLastHourSocialProofBased'}]",[],,,,,,,,,,,,,
13394352315,153020449,312,122905,312,2,3,_,,False,False,1,,False,False,[1],478,Loge,1,True,"[{'listingNoteId': 2027, 'listingNoteContentId': 3415845, 'formattedListingNoteContent': 'Third Row of Section', 'listingNoteTypeId': 6, 'showToBuyer': True, 'hideInMock': False, 'siteAddedListingNote': False, 'aisleListingNoteWithSplit': False, 'listingNoteDescriptionContentId': 3415845, 'formattedListingNoteDescription': 'Third Row of Section'}, {'listingNoteId': -1, 'listingNoteContentId': 3338094, 'formattedListingNoteContent': 'Clear view', 'listingNoteTypeId': 3, 'showToBuyer': True, 'hideInMock': False, 'siteAddedListingNote': False, 'aisleListingNoteWithSplit': False, 'listingNoteDescriptionContentId': 3338095, 'formattedListingNoteDescription': ""You'll have an unrestricted view of the show.""}]","[{'listingNoteBucketId': 14, 'formattedListingNoteContent': 'Third Row of Section', 'displayOrder': 14, 'showsRawNoteText': True, 'sourceListingNoteId': 2027}, {'listingNoteBucketId': 27, 'formattedListingNoteContent': 'Clear view', 'displayOrder': 8, 'showsRawNoteText': True, 'sourceListingNoteId': -1}]",1591046,False,False,Row 3,False,1610270,"¥1,610,270","¥1,610,270",,,,10,Mobile Transfer ticket,3,1,USD,JPY,0.0,USD,"https://img.vggcdn.net/img/vfsimage2/812551/478_122905/0.jpg?im=Resize=(500,271)&v=771",an hour ago,9,False,False,False,False,r%2fDrzAjg%2bq3JfRMY1MfUm6sKitddjE2p7SGdwPsS9pc%3d,False,2026-07-19T02:52:26.1870000Z,False,False,False,False,False,False,0,False,[7],False,False,False,False,0,False,False,0,13394352315,False,B1EB290A-B611-4C20-AFC3-A2D2F63C51CB,False,False,True,5,8.639214548463501,1.195021198,Last ticket,True,"[{'message': 'Amazing Value', 'qualifier': 'Based on price, view, seat quality and more', 'hasValue': True, 'messageType': 'ValueBased'}, {'message': 'Popular Pick', 'qualifier': '70 tickets sold for this event', 'hasValue': True, 'messageType': 'BoughtInLastHourSocialProofBased'}, {'message': 'Third Row', 'qualifier': 'Excellent proximity to the action', 'hasValue': True, 'messageType': 'ThirdRowTicketAttributeBased'}]",[2027],,,,,,,,,,,,,
13387897309,153020449,225A,1530785,225A,2,10,4_7,4,False,False,4,,False,False,"[1, 2, 4]",471,Middle,4,True,"[{'listingNoteId': -1, 'listingNoteContentId': 3338094, 'formattedListingNoteContent': 'Clear view', 'listingNoteTypeId': 3, 'showToBuyer': True, 'hideInMock': False, 'siteAddedListingNote': False, 'aisleListingNoteWithSplit': False, 'listingNoteDescriptionContentId': 3338095, 'formattedListingNoteDescription': ""You'll have an unrestricted view of the show.""}]","[{'listingNoteBucketId': 27, 'formattedListingNoteContent': 'Clear view', 'displayOrder': 8, 'showsRawNoteText': True, 'sourceListingNoteId': -1}]",1593610,False,False,Row 10,False,1607694,"¥1,607,694","¥1,607,694","¥2,814,368",43.0,"¥1,206,674",10,Mobile Transfer ticket,3,1,USD,JPY,0.0,USD,"https://img.vggcdn.net/img/vfsimage2/812551/471_1530785/0.jpg?im=Resize=(500,271)&v=771",yesterday,8,False,False,False,False,xWNUFZZ%2fZnSfcOGT6IERIOT3R2%2bU8xcLuREidUEQ1iw%3d,False,2026-07-18T01:19:17.8730000Z,False,False,False,False,False,False,0,False,[7],False,False,False,False,0,False,False,0,13387897309,False,79D0E446-D0B9-4864-9AD4-089C8F2B67F8,False,False,True,4,7.683648689404128,1.016105021,Last tickets,True,"[{'message': 'Great Value', 'qualifier': 'Based on price, view, seat quality and more', 'hasValue': True, 'messageType': 'ValueBased'}, {'message': 'Popular Pick', 'qualifier': '70 tickets sold for this event', 'hasValue': True, 'messageType': 'BoughtInLastHourSocialProofBased'}]",[],,,,,,,,,,,,,
13392490749,153020449,307,122900,307,2,2,_,,False,False,4,,False,False,"[1, 2, 3, 4]",478,Loge,4,True,"[{'listingNoteId': 2026, 'listingNoteContentId': 3415844, 'formattedListingNoteContent': 'Second Row of Section', 'listingNoteTypeId': 6, 'showToBuyer': True, 'hideInMock': False, 'siteAddedListingNote': False, 'aisleListingNoteWithSplit': False, 'listingNoteDescriptionContentId': 3415844, 'formattedListingNoteDescription': 'Second Row of Section'}, {'listingNoteId': -1, 'listingNoteContentId': 3338094, 'formattedListingNoteContent': 'Clear view', 'listingNoteTypeId': 3, 'showToBuyer': True, 'hideInMock': False, 'siteAddedListingNote': False, 'aisleListingNoteWithSplit': False, 'listingNoteDescriptionContentId': 3338095, 'formattedListingNoteDescription': ""You'll have an unrestricted view of the show.""}]","[{'listingNoteBucketId': 14, 'formattedListingNoteContent': 'Second Row of Section', 'displayOrder': 14, 'showsRawNoteText': True, 'sourceListingNoteId': 2026}, {'listingNoteBucketId': 27, 'formattedListingNoteContent': 'Clear view', 'displayOrder': 8, 'showsRawNoteText': True, 'sourceListingNoteId': -1}]",1590980,False,False,Row 2,False,1624920,"¥1,624,920","¥1,624,920","¥2,126,835",24.0,"¥501,915",10,Mobile Transfer ticket,3,1,USD,JPY,0.0,USD,"https://img.vggcdn.net/img/vfsimage2/812551/478_122900/0.jpg?im=Resize=(500,271)&v=771",9 hours ago,7,False,False,False,False,ncFDlC3rx%2fcFOvREHjYAziVKHz9dXwqMaltE3YDecmY%3d,False,2026-07-18T19:19:19.1070000Z,False,False,False,False,False,False,0,False,,False,False,False,False,0,False,False,0,13392490749,False,C9E899A0-3A01-43BE-B665-90FE5BABBDFB,False,False,True,4,7.323310268206982,0.9750993377,,,"[{'message': 'Great Value', 'qualifier': 'Based on price, view, seat quality and more', 'hasValue': True, 'messageType': 'ValueBased'}, {'message': 'Popular Pick', 'qualifier': '70 tickets sold for this event', 'hasValue': True, 'messageType': 'BoughtInLastHourSocialProofBased'}, {'message': 'Second Row', 'qualifier': 'Premium close-up view', 'hasValue': True, 'messageType': 'SecondRowTicketAttributeBased'}]",[2026],,,,,,,,,,,,,
13394712846,153020449,227A,1530787,227A,2,9,4_6,4,False,False,3,,False,False,"[1, 3]",471,Middle,3,True,"[{'listingNoteId': -1, 'listingNoteContentId': 3338094, 'formattedListingNoteContent': 'Clear view', 'listingNoteTypeId': 3, 'showToBuyer': True, 'hideInMock': False, 'siteAddedListingNote': False, 'aisleListingNoteWithSplit': False, 'listingNoteDescriptionContentId': 3338095, 'formattedListingNoteDescription': ""You'll have an unrestricted view of the show.""}]","[{'listingNoteBucketId': 27, 'formattedListingNoteContent': 'Clear view', 'displayOrder': 8, 'showsRawNoteText': True, 'sourceListingNoteId': -1}]",1593637,False,False,Row 9,False,1631608,"¥1,631,608","¥1,631,608",,,,10,Mobile Transfer ticket,3,1,USD,JPY,10990.0,USD,"https://img.vggcdn.net/img/vfsimage2/812551/471_1530787/0.jpg?im=Resize=(500,271)&v=771",23 minutes ago,9,False,False,False,False,zWv82EPfzv1eQ823rVvA0o%2fKRbj9KEuY54IXR3Xco1Q%3d,False,2026-07-19T04:25:11.5030000Z,False,False,False,False,False,False,0,False,,False,False,False,False,0,False,False,0,13394712846,False,DE524D8B-CD16-4B0E-8685-112E2EB51A90,False,False,True,5,8.59540911291298,1.199491418,,,"[{'message': 'Amazing Value', 'qualifier': 'Based on price, view, seat quality and more', 'hasValue': True, 'messageType': 'ValueBased'}, {'message': 'Popular Pick', 'qualifier': '70 tickets sold for this event', 'hasValue': True, 'messageType': 'BoughtInLastHourSocialProofBased'}]",[],,,,,,,,,,,,,
13394497345,153020449,227B,1530788,227B,2,16,7_7,7,False,False,1,,False,False,[1],471,Middle,1,True,"[{'listingNoteId': -1, 'listingNoteContentId': 3338094, 'formattedListingNoteContent': 'Clear view', 'listingNoteTypeId': 3, 'showToBuyer': True, 'hideInMock': False, 'siteAddedListingNote': False, 'aisleListingNoteWithSplit': False, 'listingNoteDescriptionContentId': 3338095, 'formattedListingNoteDescription': ""You'll have an unrestricted view of the show.""}]","[{'listingNoteBucketId': 27, 'formattedListingNoteContent': 'Clear view', 'displayOrder': 8, 'showsRawNoteText': True, 'sourceListingNoteId': -1}]",2113491,False,False,Row 16,False,1649599,"¥1,649,599","¥1,649,599",,,,10,Mobile Transfer ticket,3,1,USD,JPY,,USD,"https://img.vggcdn.net/img/vfsimage2/812551/471_1530788/0.jpg?im=Resize=(500,271)&v=771",an hour ago,8,False,False,False,False,4bFxGrMHEqNwsE%2fmUFhLdzOL8KwuPuAjnW8sQeiTKNk%3d,False,2026-07-19T03:32:35.4000000Z,False,False,False,False,False,False,0,False,[7],False,False,False,False,0,False,False,0,13394497345,False,A4DBD3E7-FED9-402F-B72D-144FAB12E832,False,False,True,4,7.54376788999466,1.021493425,Last ticket,True,"[{'message': 'Great Value', 'qualifier': 'Based on price, view, seat quality and more', 'hasValue': True, 'messageType': 'ValueBased'}, {'message': 'Popular Pick', 'qualifier': '70 tickets sold for this event', 'hasValue': True, 'messageType': 'BoughtInLastHourSocialProofBased'}]",[],7,7,,,,,,,,,,,
13375328648,153020449,303,122896,303,2,12,_,,False,False,1,,False,False,[1],407,Upper,6,True,"[{'listingNoteId': -1, 'listingNoteContentId': 3338094, 'formattedListingNoteContent': 'Clear view', 'listingNoteTypeId': 3, 'showToBuyer': True, 'hideInMock': False, 'siteAddedListingNote': False, 'aisleListingNoteWithSplit': False, 'listingNoteDescriptionContentId': 3338095, 'formattedListingNoteDescription': ""You'll have an unrestricted view of the show.""}]","[{'listingNoteBucketId': 27, 'formattedListingNoteContent': 'Clear view', 'displayOrder': 8, 'showsRawNoteText': True, 'sourceListingNoteId': -1}]",2113621,False,False,Row 12,False,1650257,"¥1,650,257","¥1,650,257","¥2,460,797",33.0,"¥810,540",10,Mobile Transfer ticket,3,1,EUR,JPY,5000.0,EUR,"https://img.vggcdn.net/img/vfsimage2/812551/407_122896/0.jpg?im=Resize=(500,271)&v=771",2 days ago,5,False,False,False,False,ty9oNUIYI3h3jmkoaHtaM%2bGGMJOn8o2oEXlemHq2wLo%3d,False,2026-07-16T18:55:17.1300000Z,False,False,False,False,False,False,0,False,,False,False,False,False,0,False,False,0,13375328648,False,5E4E7C01-486B-4F45-9FC9-07FD54E63B91,False,False,True,3,5.200405964006329,0.7623165436,,,"[{'message': 'Popular Pick', 'qualifier': '70 tickets sold for this event', 'hasValue': True, 'messageType': 'BoughtInLastHourSocialProofBased'}]",[],,,,,,,,,,,,,
13375352284,153020449,328,122921,328,2,17,_,,False,False,1,,False,False,[1],407,Upper,6,True,"[{'listingNoteId': -1, 'listingNoteContentId': 3338094, 'formattedListingNoteContent': 'Clear view', 'listingNoteTypeId': 3, 'showToBuyer': True, 'hideInMock': False, 'siteAddedListingNote': False, 'aisleListingNoteWithSplit': False, 'listingNoteDescriptionContentId': 3338095, 'formattedListingNoteDescription': ""You'll have an unrestricted view of the show.""}]","[{'listingNoteBucketId': 27, 'formattedListingNoteContent': 'Clear view', 'displayOrder': 8, 'showsRawNoteText': True, 'sourceListingNoteId': -1}]",2113868,False,False,Row 17,False,1650257,"¥1,650,257","¥1,650,257","¥2,460,797",33.0,"¥810,540",10,Mobile Transfer ticket,3,1,EUR,JPY,5000.0,EUR,"https://img.vggcdn.net/img/vfsimage2/812551/407_122921/0.jpg?im=Resize=(500,271)&v=771",2 days ago,5,False,False,False,False,ty9oNUIYI3h3jmkoaHtaM%2bGGMJOn8o2oEXlemHq2wLo%3d,False,2026-07-16T18:57:41.1730000Z,False,False,False,True,False,False,0,False,[6],False,False,False,False,0,False,False,0,13375352284,False,C29BFA99-CE00-4855-ADD1-11B269B871CD,False,False,True,3,5.083094391775069,0.7528061779,,,"[{'message': 'Popular Pick', 'qualifier': '70 tickets sold for this event', 'hasValue': True, 'messageType': 'BoughtInLastHourSocialProofBased'}]",[],,,,,,,Fan favorite,This section is in the top 10% of sections for this event when ranked based on a count of successful sales over the past 7 days on our site,True,,,,
13393267849,153020449,341,122934,341,2,5,14_17,14,False,False,4,,False,False,"[1, 2, 4]",407,Upper,4,True,"[{'listingNoteId': -1, 'listingNoteContentId': 3338094, 'formattedListingNoteContent': 'Clear view', 'listingNoteTypeId': 3, 'showToBuyer': True, 'hideInMock': False, 'siteAddedListingNote': False, 'aisleListingNoteWithSplit': False, 'listingNoteDescriptionContentId': 3338095, 'formattedListingNoteDescription': ""You'll have an unrestricted view of the show.""}]","[{'listingNoteBucketId': 27, 'formattedListingNoteContent': 'Clear view', 'displayOrder': 8, 'showsRawNoteText': True, 'sourceListingNoteId': -1}]",704399,False,False,Row 5,False,1659836,"¥1,659,836","¥1,659,836","¥2,094,282",21.0,"¥434,446",10,Mobile Transfer ticket,3,1,USD,JPY,0.0,USD,"https://img.vggcdn.net/img/vfsimage2/812551/407_122934/0.jpg?im=Resize=(500,271)&v=771",6 hours ago,7,False,False,False,False,oAQhuLcaTUyN4JlPzTspP9yTcdpeC36Z9STvuuSBato%3d,False,2026-07-18T22:32:17.9230000Z,False,False,False,False,False,False,0,False,,False,False,False,False,0,False,False,0,13393267849,False,89E223A3-5815-4E69-ADEF-4BB90E6D87A1,False,False,True,4,7.167210307630617,0.9756163799,,,"[{'message': 'Great Value', 'qualifier': 'Based on price, view, seat quality and more', 'hasValue': True, 'messageType': 'ValueBased'}, {'message': 'Popular Pick', 'qualifier': '70 tickets sold for this event', 'hasValue': True, 'messageType': 'BoughtInLastHourSocialProofBased'}]",[],,,,,,,,,,,,,
13394309534,153020449,331,122924,331,2,25,1_1,1,False,False,1,,False,False,[1],407,Upper,1,True,"[{'listingNoteId': -1, 'listingNoteContentId': 3338094, 'formattedListingNoteContent': 'Clear view', 'listingNoteTypeId': 3, 'showToBuyer': True, 'hideInMock': False, 'siteAddedListingNote': False, 'aisleListingNoteWithSplit': False, 'listingNoteDescriptionContentId': 3338095, 'formattedListingNoteDescription': ""You'll have an unrestricted view of the show.""}]","[{'listingNoteBucketId': 14, 'formattedListingNoteContent': 'Aisle seat', 'displayOrder': 14, 'showsRawNoteText': True, 'sourceListingNoteId': 2024}, {'listingNoteBucketId': 27, 'formattedListingNoteContent': 'Clear view', 'displayOrder': 8, 'showsRawNoteText': True, 'sourceListingNoteId': -1}]",2113940,False,False,Row 25,False,1667143,"¥1,667,143","¥1,667,143",,,,10,Mobile Transfer ticket,3,1,USD,JPY,0.0,USD,"https://img.vggcdn.net/img/vfsimage2/812551/407_122924/0.jpg?im=Resize=(500,271)&v=771",2 hours ago,5,False,False,False,False,oLL2OxkHRIPD37ZnryBHRl%2fhfkXTqeL9mCQ5eYRyzxk%3d,False,2026-07-19T02:41:48.5870000Z,False,False,False,False,False,False,0,False,,False,False,False,False,0,False,False,0,13394309534,False,085ABC0D-A6D8-4000-9577-A562E8EE6388,False,False,True,2,4.812781388056061,0.7252394287,,,"[{'message': 'Popular Pick', 'qualifier': '70 tickets sold for this event', 'hasValue': True, 'messageType': 'BoughtInLastHourSocialProofBased'}, {'message': 'Aisle Seat', 'qualifier': 'Easy access to your seat', 'hasValue': True, 'messageType': 'AisleSeatTicketAttributeBased'}]",[2024],1,1,,,,,,,,,,,
13394786762,153020449,101,122782,101,2,15,20_23,20,False,False,4,,False,False,"[1, 2, 4]",594,Lower,4,True,"[{'listingNoteId': -1, 'listingNoteContentId': 3338094, 'formattedListingNoteContent': 'Clear view', 'listingNoteTypeId': 3, 'showToBuyer': True, 'hideInMock': False, 'siteAddedListingNote': False, 'aisleListingNoteWithSplit': False, 'listingNoteDescriptionContentId': 3338095, 'formattedListingNoteDescription': ""You'll have an unrestricted view of the show.""}]","[{'listingNoteBucketId': 27, 'formattedListingNoteContent': 'Clear view', 'displayOrder': 8, 'showsRawNoteText': True, 'sourceListingNoteId': -1}]",2112069,False,False,Row 15,False,1703124,"¥1,703,124","¥1,703,124",,,,10,Mobile Transfer ticket,3,1,USD,JPY,10990.0,USD,"https://img.vggcdn.net/img/vfsimage2/812551/594_122782/0.jpg?im=Resize=(500,271)&v=771",12 minutes ago,9,False,False,False,False,gBVYfDV08GR59%2bgo14oGXUoT9XHcI7w4u4s%2fSXMmJ5E%3d,False,2026-07-19T04:36:34.6500000Z,False,False,False,True,False,False,0,False,[6],False,False,False,False,0,False,False,0,13394786762,False,0277B8F8-29EB-4412-B152-302687E2E4F1,False,False,True,5,9.152528233027635,1.426116576,,,"[{'message': 'Amazing Value', 'qualifier': 'Based on price, view, seat quality and more', 'hasValue': True, 'messageType': 'ValueBased'}, {'message': 'Popular Pick', 'qualifier': '70 tickets sold for this event', 'hasValue': True, 'messageType': 'BoughtInLastHourSocialProofBased'}]",[],,,,,,,Fan favorite,This section is in the top 10% of sections for this event when ranked based on a count of successful sales over the past 7 days on our site,True,,,,
13321749600,153020449,315,122908,315,2,24,21_21,21,False,False,1,,False,False,[1],407,Upper,1,True,"[{'listingNoteId': -1, 'listingNoteContentId': 3338094, 'formattedListingNoteContent': 'Clear view', 'listingNoteTypeId': 3, 'showToBuyer': True, 'hideInMock': False, 'siteAddedListingNote': False, 'aisleListingNoteWithSplit': False, 'listingNoteDescriptionContentId': 3338095, 'formattedListingNoteDescription': ""You'll have an unrestricted view of the show.""}]","[{'listingNoteBucketId': 27, 'formattedListingNoteContent': 'Clear view', 'displayOrder': 8, 'showsRawNoteText': True, 'sourceListingNoteId': -1}]",703849,False,False,Row 24,False,1711003,"¥1,711,003","¥1,711,003","¥3,222,446",47.0,"¥1,511,443",10,Mobile Transfer ticket,3,1,USD,JPY,,USD,"https://img.vggcdn.net/img/vfsimage2/812551/407_122908/0.jpg?im=Resize=(500,271)&v=771",8 days ago,4,False,False,False,False,9dTrRt4hbLRRnmkcUH45khfDF38UKbteGerU%2bVBsRsk%3d,False,2026-07-11T01:47:19.8770000Z,False,False,False,False,False,False,0,False,,False,False,False,False,0,False,False,0,13321749600,False,C8612033-99E3-4239-AE5C-56A462FC05FA,False,False,True,2,3.6011068681454796,0.5982882089,,,"[{'message': 'Popular Pick', 'qualifier': '70 tickets sold for this event', 'hasValue': True, 'messageType': 'BoughtInLastHourSocialProofBased'}]",[],21,21,,,,,,,,,,,
13394074571,153020449,124,122796,124,2,11,19_22,19,False,False,4,,False,False,"[1, 2, 4]",594,Lower,4,True,"[{'listingNoteId': -1, 'listingNoteContentId': 3338094, 'formattedListingNoteContent': 'Clear view', 'listingNoteTypeId': 3, 'showToBuyer': True, 'hideInMock': False, 'siteAddedListingNote': False, 'aisleListingNoteWithSplit': False, 'listingNoteDescriptionContentId': 3338095, 'formattedListingNoteDescription': ""You'll have an unrestricted view of the show.""}]","[{'listingNoteBucketId': 27, 'formattedListingNoteContent': 'Clear view', 'displayOrder': 8, 'showsRawNoteText': True, 'sourceListingNoteId': -1}]",2112718,False,False,Row 11,False,1712311,"¥1,712,311","¥1,712,311",,,,10,Mobile Transfer ticket,3,1,USD,JPY,10990.0,USD,"https://img.vggcdn.net/img/vfsimage2/812551/594_122796/0.jpg?im=Resize=(500,271)&v=771",3 hours ago,9,False,False,False,False,Fx1pAXvNkrOSGOgVKZv35jEQl1XygxLelX1KEpPw9EM%3d,False,2026-07-19T01:36:12.8330000Z,False,False,False,True,False,False,0,False,[6],False,False,False,False,0,False,False,0,13394074571,False,CC6D88E4-EC3A-4F8C-962F-B9920765AA7C,False,False,True,5,9.212509213865351,1.454807154,,,"[{'message': 'Amazing Value', 'qualifier': 'Based on price, view, seat quality and more', 'hasValue': True, 'messageType': 'ValueBased'}, {'message': 'Popular Pick', 'qualifier': '70 tickets sold for this event', 'hasValue': True, 'messageType': 'BoughtInLastHourSocialProofBased'}]",[],,,,,,,Fan favorite,This section is in the top 10% of sections for this event when ranked based on a count of successful sales over the past 7 days on our site,True,,,,
13386032260,153020449,Supporters Club,2439116,Supporters Club,2,8,10_12,10,False,False,3,,False,False,"[1, 2, 3]",1068,Hospitality,3,True,"[{'listingNoteId': 2344, 'listingNoteContentId': 4216766, 'formattedListingNoteContent': 'Includes Offsite Hospitality', 'listingNoteTypeId': 3, 'showToBuyer': True, 'hideInMock': False, 'siteAddedListingNote': False, 'aisleListingNoteWithSplit': False, 'formattedListingNoteDescription': ''}, {'listingNoteId': -1, 'listingNoteContentId': 3338094, 'formattedListingNoteContent': 'Clear view', 'listingNoteTypeId': 3, 'showToBuyer': True, 'hideInMock': False, 'siteAddedListingNote': False, 'aisleListingNoteWithSplit': False, 'listingNoteDescriptionContentId': 3338095, 'formattedListingNoteDescription': ""You'll have an unrestricted view of the show.""}]","[{'listingNoteBucketId': 0, 'formattedListingNoteContent': 'Includes Offsite Hospitality', 'displayOrder': 30, 'showsRawNoteText': True, 'sourceListingNoteId': 2344}, {'listingNoteBucketId': 27, 'formattedListingNoteContent': 'Clear view', 'displayOrder': 8, 'showsRawNoteText': True, 'sourceListingNoteId': -1}]",4837383,False,False,Row 8,True,1712929,"¥1,712,929","¥1,712,929","¥2,819,776",39.0,"¥1,106,847",10,Mobile Transfer ticket,3,1,GBP,JPY,5000.0,GBP,"https://img.vggcdn.net/img/vfsimage2/812551/1068_2439116/0.jpg?im=Resize=(500,271)&v=771",yesterday,10,False,False,False,False,pzdkwBe61GhR0K%2b8ZtRdsUB1KlS9c4OGvE04n5rbT1E%3d,False,2026-07-17T20:30:40.7370000Z,False,False,False,False,False,False,0,False,,False,False,False,False,0,False,False,0,13386032260,False,3BC1BDD9-C0B7-4BE1-B0B7-3DC154ADC730,False,False,True,5,9.53085886861491,1.577970786,,,"[{'message': 'Amazing Value', 'qualifier': 'Based on price, view, seat quality and more', 'hasValue': True, 'messageType': 'ValueBased'}, {'message': 'Popular Pick', 'qualifier': '70 tickets sold for this event', 'hasValue': True, 'messageType': 'BoughtInLastHourSocialProofBased'}]",[],10,12,,,,,,,,,,,
13394635525,153020449,204,122837,204,2,6,_,,False,False,4,,False,False,"[1, 2, 4]",471,Middle,4,True,"[{'listingNoteId': -1, 'listingNoteContentId': 3338094, 'formattedListingNoteContent': 'Clear view', 'listingNoteTypeId': 3, 'showToBuyer': True, 'hideInMock': False, 'siteAddedListingNote': False, 'aisleListingNoteWithSplit': False, 'listingNoteDescriptionContentId': 3338095, 'formattedListingNoteDescription': ""You'll have an unrestricted view of the show.""}]","[{'listingNoteBucketId': 27, 'formattedListingNoteContent': 'Clear view', 'displayOrder': 8, 'showsRawNoteText': True, 'sourceListingNoteId': -1}]",702758,False,False,Row 6,False,1718667,"¥1,718,667","¥1,718,667",,,,10,Mobile Transfer ticket,3,1,USD,JPY,7380.0,USD,"https://img.vggcdn.net/img/vfsimage2/812551/471_122837/0.jpg?im=Resize=(500,271)&v=771",40 minutes ago,7,False,False,False,False,gEfKKzyMVpcB6bPuXcb7uPeufP3HQf%2bYihEspAuYpPE%3d,False,2026-07-19T04:08:35.2370000Z,False,False,False,True,False,False,0,False,[6],False,False,False,False,0,False,False,0,13394635525,False,2761CD0F-B4A1-4B7F-B105-28D96E264B8B,False,False,True,4,7.424777343973737,1.048172193,,,"[{'message': 'Great Value', 'qualifier': 'Based on price, view, seat quality and more', 'hasValue': True, 'messageType': 'ValueBased'}, {'message': 'Popular Pick', 'qualifier': '70 tickets sold for this event', 'hasValue': True, 'messageType': 'BoughtInLastHourSocialProofBased'}]",[],,,,,,,,,,,,,
13394766512,153020449,124,122796,124,2,9,_,,False,False,3,,False,False,"[1, 3]",594,Lower,3,True,"[{'listingNoteId': -1, 'listingNoteContentId': 3338094, 'formattedListingNoteContent': 'Clear view', 'listingNoteTypeId': 3, 'showToBuyer': True, 'hideInMock': False, 'siteAddedListingNote': False, 'aisleListingNoteWithSplit': False, 'listingNoteDescriptionContentId': 3338095, 'formattedListingNoteDescription': ""You'll have an unrestricted view of the show.""}]","[{'listingNoteBucketId': 27, 'formattedListingNoteContent': 'Clear view', 'displayOrder': 8, 'showsRawNoteText': True, 'sourceListingNoteId': -1}]",2112764,False,False,Row 9,False,1721109,"¥1,721,109","¥1,721,109",,,,10,Mobile Transfer ticket,3,1,USD,JPY,10990.0,USD,"https://img.vggcdn.net/img/vfsimage2/812551/594_122796/0.jpg?im=Resize=(500,271)&v=771",15 minutes ago,9,False,False,False,False,GOLJZhyTF3slAYWZwtdlzdc9TvzI%2f2RdzgPyQL%2b8dWM%3d,False,2026-07-19T04:33:34.1030000Z,False,False,False,True,False,False,0,False,[6],False,False,False,False,0,False,False,0,13394766512,False,76F55D34-A7B1-4DD9-847E-76ABB0F29474,False,False,True,5,9.284678925345313,1.488509206,,,"[{'message': 'Amazing Value', 'qualifier': 'Based on price, view, seat quality and more', 'hasValue': True, 'messageType': 'ValueBased'}, {'message': 'Popular Pick', 'qualifier': '70 tickets sold for this event', 'hasValue': True, 'messageType': 'BoughtInLastHourSocialProofBased'}]",[],,,,,,,Fan favorite,This section is in the top 10% of sections for this event when ranked based on a count of successful sales over the past 7 days on our site,True,,,,
13388597434,153020449,124,122796,124,2,8,14_14,14,False,False,1,,False,False,[1],594,Lower,1,True,"[{'listingNoteId': -1, 'listingNoteContentId': 3338094, 'formattedListingNoteContent': 'Clear view', 'listingNoteTypeId': 3, 'showToBuyer': True, 'hideInMock': False, 'siteAddedListingNote': False, 'aisleListingNoteWithSplit': False, 'listingNoteDescriptionContentId': 3338095, 'formattedListingNoteDescription': ""You'll have an unrestricted view of the show.""}]","[{'listingNoteBucketId': 27, 'formattedListingNoteContent': 'Clear view', 'displayOrder': 8, 'showsRawNoteText': True, 'sourceListingNoteId': -1}]",2112763,False,False,Row 8,False,1721140,"¥1,721,140","¥1,721,140","¥2,561,843",33.0,"¥840,703",10,Mobile Transfer ticket,3,14,USD,JPY,0.0,USD,"https://img.vggcdn.net/img/vfsimage2/812551/594_122796/0.jpg?im=Resize=(500,271)&v=771",yesterday,9,False,False,False,False,hcWr0E0G0kk3aYdx3lrbuyX6hSTk5roSZ0ZorHll5vI%3d,False,2026-07-18T04:11:05.8570000Z,False,False,False,True,False,False,0,False,[6],False,False,False,False,0,False,False,0,13388597434,False,866E5D34-9143-4C23-AB94-C4C99408970A,False,False,True,5,9.3230791120084,1.505636007,,,"[{'message': 'Amazing Value', 'qualifier': 'Based on price, view, seat quality and more', 'hasValue': True, 'messageType': 'ValueBased'}, {'message': 'Popular Pick', 'qualifier': '70 tickets sold for this event', 'hasValue': True, 'messageType': 'BoughtInLastHourSocialProofBased'}]",[],,,,,,,Fan favorite,This section is in the top 10% of sections for this event when ranked based on a count of successful sales over the past 7 days on our site,True,,,,
13394352363,153020449,305,122898,305,2,8,_,,False,False,2,,False,False,"[1, 2]",407,Upper,2,True,"[{'listingNoteId': -1, 'listingNoteContentId': 3338094, 'formattedListingNoteContent': 'Clear view', 'listingNoteTypeId': 3, 'showToBuyer': True, 'hideInMock': False, 'siteAddedListingNote': False, 'aisleListingNoteWithSplit': False, 'listingNoteDescriptionContentId': 3338095, 'formattedListingNoteDescription': ""You'll have an unrestricted view of the show.""}]","[{'listingNoteBucketId': 27, 'formattedListingNoteContent': 'Clear view', 'displayOrder': 8, 'showsRawNoteText': True, 'sourceListingNoteId': -1}]",2113683,False,False,Row 8,False,1733782,"¥1,733,782","¥1,733,782",,,,10,Mobile Transfer ticket,3,1,EUR,JPY,5575.0,EUR,"https://img.vggcdn.net/img/vfsimage2/812551/407_122898/0.jpg?im=Resize=(500,271)&v=771",an hour ago,5,False,False,False,False,gYltSOwqVe%2fmfDxbsBM0Dy4qfcRJYYCxNYgzG6HSEVM%3d,False,2026-07-19T02:52:26.9000000Z,False,False,False,False,False,False,0,False,,False,False,False,False,0,False,False,0,13394352363,False,A861674E-022D-478B-9F5E-7F005FDDA5ED,False,False,True,2,4.85080005773948,0.7589851467,,,"[{'message': 'Popular Pick', 'qualifier': '70 tickets sold for this event', 'hasValue': True, 'messageType': 'BoughtInLastHourSocialProofBased'}]",[],,,,,,,,,,,,,
13276563142,153020449,329,122922,329,2,26,30_30,30,False,False,1,,False,False,[1],407,Upper,1,True,"[{'listingNoteId': -1, 'listingNoteContentId': 3338094, 'formattedListingNoteContent': 'Clear view', 'listingNoteTypeId': 3, 'showToBuyer': True, 'hideInMock': False, 'siteAddedListingNote': False, 'aisleListingNoteWithSplit': False, 'listingNoteDescriptionContentId': 3338095, 'formattedListingNoteDescription': ""You'll have an unrestricted view of the show.""}]","[{'listingNoteBucketId': 27, 'formattedListingNoteContent': 'Clear view', 'displayOrder': 8, 'showsRawNoteText': True, 'sourceListingNoteId': -1}]",2113899,False,False,Row 26,False,1745117,"¥1,745,117","¥1,745,117","¥2,653,770",34.0,"¥908,653",10,Mobile Transfer ticket,3,1,USD,JPY,,USD,"https://img.vggcdn.net/img/vfsimage2/812551/407_122922/0.jpg?im=Resize=(500,271)&v=771",11 days ago,5,False,False,False,False,I4W4RcSUSJ3%2fmuvQEXJkuzE1BlPdJzXjYpMR%2fXqFll4%3d,False,2026-07-07T21:16:45.1600000Z,False,False,False,False,False,False,0,False,[7],False,False,False,False,0,False,False,0,13276563142,False,C8997CB9-B339-43AB-8232-24450241E408,False,False,True,2,4.5451146210083975,0.7188976532,Last ticket,True,"[{'message': 'Popular Pick', 'qualifier': '70 tickets sold for this event', 'hasValue': True, 'messageType': 'BoughtInLastHourSocialProofBased'}]",[],30,30,,,,,,,,,,,
13394737824,153020449,124,122796,124,2,3,_,,False,False,2,,False,False,"[1, 2]",594,Lower,2,True,"[{'listingNoteId': 2027, 'listingNoteContentId': 3415845, 'formattedListingNoteContent': 'Third Row of Section', 'listingNoteTypeId': 6, 'showToBuyer': True, 'hideInMock': False, 'siteAddedListingNote': False, 'aisleListingNoteWithSplit': False, 'listingNoteDescriptionContentId': 3415845, 'formattedListingNoteDescription': 'Third Row of Section'}, {'listingNoteId': -1, 'listingNoteContentId': 3338094, 'formattedListingNoteContent': 'Clear view', 'listingNoteTypeId': 3, 'showToBuyer': True, 'hideInMock': False, 'siteAddedListingNote': False, 'aisleListingNoteWithSplit': False, 'listingNoteDescriptionContentId': 3338095, 'formattedListingNoteDescription': ""You'll have an unrestricted view of the show.""}]","[{'listingNoteBucketId': 14, 'formattedListingNoteContent': 'Third Row of Section', 'displayOrder': 14, 'showsRawNoteText': True, 'sourceListingNoteId': 2027}, {'listingNoteBucketId': 27, 'formattedListingNoteContent': 'Clear view', 'displayOrder': 8, 'showsRawNoteText': True, 'sourceListingNoteId': -1}]",2112738,False,False,Row 3,False,1752914,"¥1,752,914","¥1,752,914","¥2,483,252",29.0,"¥730,338",10,Mobile Transfer ticket,3,1,USD,JPY,10990.0,USD,"https://img.vggcdn.net/img/vfsimage2/812551/594_122796/0.jpg?im=Resize=(500,271)&v=771",19 minutes ago,9,False,False,False,False,ffIyq1Kd5DrjzibGuBMHRAUg5TXsoEa8DuXJwTFnQ70%3d,False,2026-07-19T04:29:02.0100000Z,False,False,False,True,False,False,0,False,[6],False,False,False,False,0,False,False,0,13394737824,False,48FC2D2E-A06D-4D8B-A618-239993CC0734,False,False,True,5,9.476137424708112,1.594108818,,,"[{'message': 'Amazing Value', 'qualifier': 'Based on price, view, seat quality and more', 'hasValue': True, 'messageType': 'ValueBased'}, {'message': 'Popular Pick', 'qualifier': '70 tickets sold for this event', 'hasValue': True, 'messageType': 'BoughtInLastHourSocialProofBased'}, {'message': 'Third Row', 'qualifier': 'Excellent proximity to the action', 'hasValue': True, 'messageType': 'ThirdRowTicketAttributeBased'}]",[2027],,,,,,,Fan favorite,This section is in the top 10% of sections for this event when ranked based on a count of successful sales over the past 7 days on our site,True,,,,
13388308299,153020449,104,122784,104,2,46,_,,False,False,1,,False,False,[1],594,Lower,1,True,"[{'listingNoteId': -1, 'listingNoteContentId': 3338094, 'formattedListingNoteContent': 'Clear view', 'listingNoteTypeId': 3, 'showToBuyer': True, 'hideInMock': False, 'siteAddedListingNote': False, 'aisleListingNoteWithSplit': False, 'listingNoteDescriptionContentId': 3338095, 'formattedListingNoteDescription': ""You'll have an unrestricted view of the show.""}]","[{'listingNoteBucketId': 27, 'formattedListingNoteContent': 'Clear view', 'displayOrder': 8, 'showsRawNoteText': True, 'sourceListingNoteId': -1}]",2112199,False,False,Row 46,False,1752914,"¥1,752,914","¥1,752,914","¥2,688,119",35.0,"¥935,205",10,Mobile Transfer ticket,3,1,USD,JPY,10990.0,USD,"https://img.vggcdn.net/img/vfsimage2/812551/594_122784/0.jpg?im=Resize=(500,271)&v=771",yesterday,7,False,False,False,False,ffIyq1Kd5DrjzibGuBMHRAUg5TXsoEa8DuXJwTFnQ70%3d,False,2026-07-18T02:58:06.6130000Z,False,False,False,True,False,False,0,False,[6],False,False,False,False,0,False,False,0,13388308299,False,A678368D-4BEF-4C05-888A-7E128BD3F79F,False,False,True,3,6.802143551402627,0.9801373144,,,"[{'message': 'Popular Pick', 'qualifier': '70 tickets sold for this event', 'hasValue': True, 'messageType': 'BoughtInLastHourSocialProofBased'}]",[],,,,,,,Fan favorite,This section is in the top 10% of sections for this event when ranked based on a count of successful sales over the past 7 days on our site,True,,,,
13346673777,153020449,307,122900,307,2,22,_,,False,False,5,,False,False,"[1, 2, 3, 4, 5]",407,Upper,5,True,"[{'listingNoteId': -1, 'listingNoteContentId': 3338094, 'formattedListingNoteContent': 'Clear view', 'listingNoteTypeId': 3, 'showToBuyer': True, 'hideInMock': False, 'siteAddedListingNote': False, 'aisleListingNoteWithSplit': False, 'listingNoteDescriptionContentId': 3338095, 'formattedListingNoteDescription': ""You'll have an unrestricted view of the show.""}]","[{'listingNoteBucketId': 27, 'formattedListingNoteContent': 'Clear view', 'displayOrder': 8, 'showsRawNoteText': True, 'sourceListingNoteId': -1}]",703671,False,False,Row 22,False,1754862,"¥1,754,862","¥1,754,862",,,,10,Mobile Transfer ticket,3,1,USD,JPY,8999.0,USD,"https://img.vggcdn.net/img/vfsimage2/812551/407_122900/0.jpg?im=Resize=(500,271)&v=771",5 days ago,7,False,False,False,False,gFeNoBm2DZ%2f%2fbTDtR72wd05u6DCxsueI3MP3fxdz%2fnw%3d,False,2026-07-14T02:24:06.8770000Z,False,False,False,False,False,False,0,False,,False,False,False,False,0,False,False,0,13346673777,False,5DAEAA5F-11E7-46F5-BE6D-E9CD863C3495,False,False,True,3,6.5757532292956205,0.9528748648,,,"[{'message': 'Popular Pick', 'qualifier': '70 tickets sold for this event', 'hasValue': True, 'messageType': 'BoughtInLastHourSocialProofBased'}]",[],,,,,,,,,,,,,
13394322103,153020449,108,122786,108,2,14,8_8,8,False,False,1,,False,False,[1],594,Lower,1,True,"[{'listingNoteId': 814, 'listingNoteContentId': 2446060, 'formattedListingNoteContent': 'Limited or Obstructed View (printed on ticket)', 'listingNoteTypeId': 1, 'showToBuyer': True, 'hideInMock': False, 'siteAddedListingNote': False, 'aisleListingNoteWithSplit': False, 'listingNoteDescriptionContentId': 2446061, 'formattedListingNoteDescription': 'Limited or Obstructed View (printed on ticket)'}]","[{'listingNoteBucketId': 21, 'formattedListingNoteContent': 'Limited view', 'displayOrder': 21, 'showsRawNoteText': False}]",2112257,False,False,Row 14,False,1754864,"¥1,754,864","¥1,754,864",,,,10,Mobile Transfer ticket,3,1,USD,JPY,5750.0,USD,"https://img.vggcdn.net/img/vfsimage2/812551/594_122786/0.jpg?im=Resize=(500,271)&v=771",2 hours ago,9,False,False,False,False,ZTlEk7tx9ByOLkd7NQm9slSfjULTnMAdXPbH%2biU0B7A%3d,False,2026-07-19T02:44:36.1630000Z,False,False,False,False,False,False,0,False,,False,False,False,False,0,False,False,0,13394322103,False,144B18DD-52AB-48AC-89E9-89608E5DB1AC,False,False,True,5,9.300834654085964,1.526700314,,,"[{'message': 'Amazing Value', 'qualifier': 'Based on price, view, seat quality and more', 'hasValue': True, 'messageType': 'ValueBased'}, {'message': 'Popular Pick', 'qualifier': '70 tickets sold for this event', 'hasValue': True, 'messageType': 'BoughtInLastHourSocialProofBased'}]",[],,,,,,,,,,,,,
13394880890,153020449,109,122787,109,2,17,5_6,5,False,False,2,,False,False,"[1, 2]",594,Lower,2,True,"[{'listingNoteId': 814, 'listingNoteContentId': 2446060, 'formattedListingNoteContent': 'Limited or Obstructed View (printed on ticket)', 'listingNoteTypeId': 1, 'showToBuyer': True, 'hideInMock': False, 'siteAddedListingNote': False, 'aisleListingNoteWithSplit': False, 'listingNoteDescriptionContentId': 2446061, 'formattedListingNoteDescription': 'Limited or Obstructed View (printed on ticket)'}, {'listingNoteId': 807, 'listingNoteContentId': 2446046, 'formattedListingNoteContent': ""Piggyback seats - they're together in two consecutive rows"", 'listingNoteTypeId': 1, 'showToBuyer': True, 'hideInMock': False, 'siteAddedListingNote': False, 'aisleListingNoteWithSplit': False, 'listingNoteDescriptionContentId': 2446047, 'formattedListingNoteDescription': ""Piggyback seats - they're together in two consecutive rows""}]","[{'listingNoteBucketId': 15, 'formattedListingNoteContent': ""Piggyback seats - they're together in two consecutive rows"", 'displayOrder': 15, 'showsRawNoteText': True, 'sourceListingNoteId': 807}, {'listingNoteBucketId': 21, 'formattedListingNoteContent': 'Limited view', 'displayOrder': 21, 'showsRawNoteText': False}]",2112294,False,False,Row 17,False,1754864,"¥1,754,864","¥1,754,864",,,,10,Mobile Transfer ticket,3,1,USD,JPY,5750.0,USD,"https://img.vggcdn.net/img/vfsimage2/812551/594_122787/0.jpg?im=Resize=(500,271)&v=771",a minute ago,9,False,False,False,False,ZTlEk7tx9ByOLkd7NQm9slSfjULTnMAdXPbH%2biU0B7A%3d,False,2026-07-19T04:47:17.1970000Z,False,False,False,False,False,False,0,False,,False,False,False,False,0,False,False,0,13394880890,False,0684F9BF-460F-4002-BD43-8FDD35E315F8,False,False,True,5,9.130186504141987,1.464883945,,,"[{'message': 'Amazing Value', 'qualifier': 'Based on price, view, seat quality and more', 'hasValue': True, 'messageType': 'ValueBased'}, {'message': 'Popular Pick', 'qualifier': '70 tickets sold for this event', 'hasValue': True, 'messageType': 'BoughtInLastHourSocialProofBased'}]",[],,,,,,,,,,,,,
13377086267,153020449,231A,1530792,231A,2,1,_,,False,False,1,,False,False,[1],471,Middle,1,True,"[{'listingNoteId': 2025, 'listingNoteContentId': 3415843, 'formattedListingNoteContent': 'Front Row of Section', 'listingNoteTypeId': 6, 'showToBuyer': True, 'hideInMock': False, 'siteAddedListingNote': False, 'aisleListingNoteWithSplit': False, 'listingNoteDescriptionContentId': 3415843, 'formattedListingNoteDescription': 'Front Row of Section'}, {'listingNoteId': -1, 'listingNoteContentId': 3338094, 'formattedListingNoteContent': 'Clear view', 'listingNoteTypeId': 3, 'showToBuyer': True, 'hideInMock': False, 'siteAddedListingNote': False, 'aisleListingNoteWithSplit': False, 'listingNoteDescriptionContentId': 3338095, 'formattedListingNoteDescription': ""You'll have an unrestricted view of the show.""}]","[{'listingNoteBucketId': 14, 'formattedListingNoteContent': 'Front Row of Section', 'displayOrder': 14, 'showsRawNoteText': True, 'sourceListingNoteId': 2025}, {'listingNoteBucketId': 27, 'formattedListingNoteContent': 'Clear view', 'displayOrder': 8, 'showsRawNoteText': True, 'sourceListingNoteId': -1}]",1593662,False,False,Row 1,False,1754864,"¥1,754,864","¥1,754,864","¥2,907,013",40.0,"¥1,152,149",10,Mobile Transfer ticket,3,1,USD,JPY,10000.0,USD,"https://img.vggcdn.net/img/vfsimage2/812551/471_1530792/0.jpg?im=Resize=(500,271)&v=771",2 days ago,9,False,False,False,False,I4W4RcSUSJ3%2fmuvQEXJkuzE1BlPdJzXjYpMR%2fXqFll4%3d,False,2026-07-16T22:31:34.3770000Z,False,False,False,False,False,False,0,False,[7],False,False,False,False,0,False,False,0,13377086267,False,68B723D2-4918-473B-B3FC-D1E8D89376F5,False,False,True,5,8.901846341965335,1.389597064,Last ticket,True,"[{'message': 'Amazing Value', 'qualifier': 'Based on price, view, seat quality and more', 'hasValue': True, 'messageType': 'ValueBased'}, {'message': 'Popular Pick', 'qualifier': '70 tickets sold for this event', 'hasValue': True, 'messageType': 'BoughtInLastHourSocialProofBased'}, {'message': 'Front Row', 'qualifier': 'Best seats in the house', 'hasValue': True, 'messageType': 'FirstRowTicketAttributeBased'}]",[2025],,,,,,,,,,,,,
13387585020,153020449,103,122783,103,2,46,15_15,15,False,False,1,,False,False,[1],594,Lower,1,True,"[{'listingNoteId': -1, 'listingNoteContentId': 3338094, 'formattedListingNoteContent': 'Clear view', 'listingNoteTypeId': 3, 'showToBuyer': True, 'hideInMock': False, 'siteAddedListingNote': False, 'aisleListingNoteWithSplit': False, 'listingNoteDescriptionContentId': 3338095, 'formattedListingNoteDescription': ""You'll have an unrestricted view of the show.""}]","[{'listingNoteBucketId': 27, 'formattedListingNoteContent': 'Clear view', 'displayOrder': 8, 'showsRawNoteText': True, 'sourceListingNoteId': -1}]",2112150,False,False,Row 46,False,1754864,"¥1,754,864","¥1,754,864","¥3,222,432",46.0,"¥1,467,568",10,Mobile Transfer ticket,3,1,USD,JPY,10586.03,USD,"https://img.vggcdn.net/img/vfsimage2/812551/594_122783/0.jpg?im=Resize=(500,271)&v=771",yesterday,6,False,False,False,False,etHI2wB3bx11eglg%2bQJdsF4ad34XG4KlT5ccZEesUyc%3d,False,2026-07-18T00:11:38.7600000Z,False,False,False,True,False,False,0,False,[6],False,False,False,False,0,False,False,0,13387585020,False,56EAA13E-DD7A-4045-ABF7-3394B7D27C41,False,False,True,3,6.3287091478198,0.9237507901,,,"[{'message': 'Popular Pick', 'qualifier': '70 tickets sold for this event', 'hasValue': True, 'messageType': 'BoughtInLastHourSocialProofBased'}]",[],15,15,,,,,Fan favorite,This section is in the top 10% of sections for this event when ranked based on a count of successful sales over the past 7 days on our site,True,,,,
13386017046,153020449,344,122937,344,2,4,4_4,4,False,False,1,,False,False,[1],478,Loge,1,True,"[{'listingNoteId': -1, 'listingNoteContentId': 3338094, 'formattedListingNoteContent': 'Clear view', 'listingNoteTypeId': 3, 'showToBuyer': True, 'hideInMock': False, 'siteAddedListingNote': False, 'aisleListingNoteWithSplit': False, 'listingNoteDescriptionContentId': 3338095, 'formattedListingNoteDescription': ""You'll have an unrestricted view of the show.""}]","[{'listingNoteBucketId': 27, 'formattedListingNoteContent': 'Clear view', 'displayOrder': 8, 'showsRawNoteText': True, 'sourceListingNoteId': -1}]",1591268,False,False,Row 4,False,1754864,"¥1,754,864","¥1,754,864","¥2,274,658",23.0,"¥519,794",10,Mobile Transfer ticket,3,1,USD,JPY,,USD,"https://img.vggcdn.net/img/vfsimage2/812551/478_122937/0.jpg?im=Resize=(500,271)&v=771",yesterday,6,False,False,False,False,I4W4RcSUSJ3%2fmuvQEXJkuzE1BlPdJzXjYpMR%2fXqFll4%3d,False,2026-07-17T20:26:41.2230000Z,False,False,False,False,False,False,0,False,,False,False,False,False,0,False,False,0,13386017046,False,27F5106F-8ADB-46CB-BEB5-518D308E219A,False,False,True,3,5.743992104303271,0.8614308766,,,"[{'message': 'Popular Pick', 'qualifier': '70 tickets sold for this event', 'hasValue': True, 'messageType': 'BoughtInLastHourSocialProofBased'}]",[],4,4,,,,,,,,,,,
13388064315,153020449,314,122907,314,2,8,1_1,1,False,False,1,,False,False,[1],407,Upper,1,True,"[{'listingNoteId': 814, 'listingNoteContentId': 2446060, 'formattedListingNoteContent': 'Limited or Obstructed View (printed on ticket)', 'listingNoteTypeId': 1, 'showToBuyer': True, 'hideInMock': False, 'siteAddedListingNote': False, 'aisleListingNoteWithSplit': False, 'listingNoteDescriptionContentId': 2446061, 'formattedListingNoteDescription': 'Limited or Obstructed View (printed on ticket)'}]","[{'listingNoteBucketId': 21, 'formattedListingNoteContent': 'Limited view', 'displayOrder': 21, 'showsRawNoteText': False}]",703811,False,False,Row 8,False,1764183,"¥1,764,183","¥1,764,183",,,,10,Mobile Transfer ticket,3,1,EUR,JPY,7300.0,EUR,"https://img.vggcdn.net/img/vfsimage2/812551/407_122907/0.jpg?im=Resize=(500,271)&v=771",yesterday,8,False,False,False,False,etHI2wB3bx11eglg%2bQJdsF4ad34XG4KlT5ccZEesUyc%3d,False,2026-07-18T01:53:41.0600000Z,False,False,False,False,False,False,0,False,[7],False,False,False,False,0,False,False,0,13388064315,False,099AF026-CFA4-4113-87AB-B4B00D7A3423,False,False,True,4,7.661605907379741,1.114665508,Last ticket,True,"[{'message': 'Great Value', 'qualifier': 'Based on price, view, seat quality and more', 'hasValue': True, 'messageType': 'ValueBased'}, {'message': 'Popular Pick', 'qualifier': '70 tickets sold for this event', 'hasValue': True, 'messageType': 'BoughtInLastHourSocialProofBased'}]",[],1,1,,,,,,,,,,,
13364270996,153020449,347,122940,347,2,23,4_4,4,False,False,1,,False,False,[1],407,Upper,1,True,"[{'listingNoteId': -1, 'listingNoteContentId': 3338094, 'formattedListingNoteContent': 'Clear view', 'listingNoteTypeId': 3, 'showToBuyer': True, 'hideInMock': False, 'siteAddedListingNote': False, 'aisleListingNoteWithSplit': False, 'listingNoteDescriptionContentId': 3338095, 'formattedListingNoteDescription': ""You'll have an unrestricted view of the show.""}]","[{'listingNoteBucketId': 27, 'formattedListingNoteContent': 'Clear view', 'displayOrder': 8, 'showsRawNoteText': True, 'sourceListingNoteId': -1}]",2113983,False,False,Row 23,False,1764183,"¥1,764,183","¥1,764,183",,,,10,Mobile Transfer ticket,3,1,EUR,JPY,9500.0,EUR,"https://img.vggcdn.net/img/vfsimage2/812551/407_122940/0.jpg?im=Resize=(500,271)&v=771",3 days ago,5,False,False,False,False,etHI2wB3bx11eglg%2bQJdsF4ad34XG4KlT5ccZEesUyc%3d,False,2026-07-15T21:35:44.7570000Z,False,False,False,False,False,False,0,False,,False,False,False,False,0,False,False,0,13364270996,False,4CC80BAD-AB37-4317-90AE-7680C314E412,False,False,True,2,4.5054210793161475,0.7212313989,,,"[{'message': 'Popular Pick', 'qualifier': '70 tickets sold for this event', 'hasValue': True, 'messageType': 'BoughtInLastHourSocialProofBased'}]",[],,,,,,,,,,,,,
13394861265,153020449,148,122811,148,2,18,21_22,21,False,False,2,,False,False,"[1, 2]",594,Lower,2,True,"[{'listingNoteId': -1, 'listingNoteContentId': 3338094, 'formattedListingNoteContent': 'Clear view', 'listingNoteTypeId': 3, 'showToBuyer': True, 'hideInMock': False, 'siteAddedListingNote': False, 'aisleListingNoteWithSplit': False, 'listingNoteDescriptionContentId': 3338095, 'formattedListingNoteDescription': ""You'll have an unrestricted view of the show.""}]","[{'listingNoteBucketId': 27, 'formattedListingNoteContent': 'Clear view', 'displayOrder': 8, 'showsRawNoteText': True, 'sourceListingNoteId': -1}]",2113287,False,False,Row 18,False,1768420,"¥1,768,420","¥1,768,420",,,,10,Mobile Transfer ticket,3,1,USD,JPY,0.0,USD,"https://img.vggcdn.net/img/vfsimage2/812551/594_122811/0.jpg?im=Resize=(500,271)&v=771",4 minutes ago,9,False,False,False,False,o%2fnkX41gxBMj56wbw8axVBUIzZLLk5evr8v2ENq0U2w%3d,False,2026-07-19T04:44:17.6030000Z,False,False,False,True,False,False,0,False,[6],False,False,False,False,0,False,False,0,13394861265,False,F0CBB5FF-1510-4009-8126-C7131433C335,False,False,True,5,9.134789053190842,1.477815983,,,"[{'message': 'Amazing Value', 'qualifier': 'Based on price, view, seat quality and more', 'hasValue': True, 'messageType': 'ValueBased'}, {'message': 'Popular Pick', 'qualifier': '70 tickets sold for this event', 'hasValue': True, 'messageType': 'BoughtInLastHourSocialProofBased'}]",[],,,,,,,Fan favorite,This section is in the top 10% of sections for this event when ranked based on a count of successful sales over the past 7 days on our site,True,,,,
13377987090,153020449,332,122925,332,2,,_,,False,False,2,,False,False,"[1, 2]",407,Upper,2,True,"[{'listingNoteId': -1, 'listingNoteContentId': 3338094, 'formattedListingNoteContent': 'Clear view', 'listingNoteTypeId': 3, 'showToBuyer': True, 'hideInMock': False, 'siteAddedListingNote': False, 'aisleListingNoteWithSplit': False, 'listingNoteDescriptionContentId': 3338095, 'formattedListingNoteDescription': ""You'll have an unrestricted view of the show.""}]","[{'listingNoteBucketId': 27, 'formattedListingNoteContent': 'Clear view', 'displayOrder': 8, 'showsRawNoteText': True, 'sourceListingNoteId': -1}]",108897,False,False,Row,True,1774357,"¥1,774,357","¥1,774,357","¥2,527,391",30.0,"¥753,034",10,Mobile Transfer ticket,3,1,USD,JPY,10000.0,USD,"https://img.vggcdn.net/img/vfsimage2/812551/407_122925/0.jpg?im=Resize=(500,271)&v=771",2 days ago,6,False,False,False,False,Qfcg856oq325vkQNn%2fTNIxADnfBTz%2bBkFb78qsLiF2A%3d,False,2026-07-17T00:14:48.3330000Z,False,False,False,True,False,False,0,False,[6],False,False,False,False,0,False,False,0,13377987090,False,6C808012-00E2-4182-AEB7-B60C3D91BB27,False,False,True,3,5.58217581185657,0.8550388372,,,"[{'message': 'Popular Pick', 'qualifier': '70 tickets sold for this event', 'hasValue': True, 'messageType': 'BoughtInLastHourSocialProofBased'}]",[],,,,,,,Fan favorite,This section is in the top 10% of sections for this event when ranked based on a count of successful sales over the past 7 days on our site,True,,,,
13394727411,153020449,301,122894,301,2,7,_,,False,False,6,,False,False,"[1, 2, 3, 4, 6]",407,Upper,6,True,"[{'listingNoteId': 2027, 'listingNoteContentId': 3415845, 'formattedListingNoteContent': 'Third Row of Section', 'listingNoteTypeId': 6, 'showToBuyer': True, 'hideInMock': False, 'siteAddedListingNote': False, 'aisleListingNoteWithSplit': False, 'listingNoteDescriptionContentId': 3415845, 'formattedListingNoteDescription': 'Third Row of Section'}, {'listingNoteId': -1, 'listingNoteContentId': 3338094, 'formattedListingNoteContent': 'Clear view', 'listingNoteTypeId': 3, 'showToBuyer': True, 'hideInMock': False, 'siteAddedListingNote': False, 'aisleListingNoteWithSplit': False, 'listingNoteDescriptionContentId': 3338095, 'formattedListingNoteDescription': ""You'll have an unrestricted view of the show.""}]","[{'listingNoteBucketId': 14, 'formattedListingNoteContent': 'Third Row of Section', 'displayOrder': 14, 'showsRawNoteText': True, 'sourceListingNoteId': 2027}, {'listingNoteBucketId': 27, 'formattedListingNoteContent': 'Clear view', 'displayOrder': 8, 'showsRawNoteText': True, 'sourceListingNoteId': -1}]",2113594,False,False,Row 7,False,1774602,"¥1,774,602","¥1,774,602",,,,10,Mobile Transfer ticket,3,1,USD,JPY,4875.32,USD,"https://img.vggcdn.net/img/vfsimage2/812551/407_122894/0.jpg?im=Resize=(500,271)&v=771",21 minutes ago,5,False,False,False,False,xR9rWK%2bgfhwnLlWQZkbcaPj%2f4sgd5dCTjRP61C%2f0VYM%3d,False,2026-07-19T04:27:37.4130000Z,False,False,False,False,False,False,0,False,[7],False,False,False,False,0,False,False,0,13394727411,False,6F38BBAB-42AA-43A2-A9AD-3B191FAA6524,False,False,True,2,4.969887939315192,0.7962998324,Last tickets,True,"[{'message': 'Popular Pick', 'qualifier': '70 tickets sold for this event', 'hasValue': True, 'messageType': 'BoughtInLastHourSocialProofBased'}, {'message': 'Third Row', 'qualifier': 'Excellent proximity to the action', 'hasValue': True, 'messageType': 'ThirdRowTicketAttributeBased'}]",[2027],,,,,,,,,,,,,
13393046555,153020449,Supporters Club,2439116,Supporters Club,2,6,_,,False,False,1,,False,False,[1],1068,Hospitality,1,True,"[{'listingNoteId': 1025, 'listingNoteContentId': 2446491, 'formattedListingNoteContent': 'Includes unlimited food and soft drinks', 'listingNoteTypeId': 3, 'showToBuyer': True, 'hideInMock': False, 'siteAddedListingNote': False, 'aisleListingNoteWithSplit': False, 'listingNoteDescriptionContentId': 2446492, 'formattedListingNoteDescription': 'Includes unlimited food and soft drinks'}, {'listingNoteId': 2344, 'listingNoteContentId': 4216766, 'formattedListingNoteContent': 'Includes Offsite Hospitality', 'listingNoteTypeId': 3, 'showToBuyer': True, 'hideInMock': False, 'siteAddedListingNote': False, 'aisleListingNoteWithSplit': False, 'formattedListingNoteDescription': ''}, {'listingNoteId': -1, 'listingNoteContentId': 3338094, 'formattedListingNoteContent': 'Clear view', 'listingNoteTypeId': 3, 'showToBuyer': True, 'hideInMock': False, 'siteAddedListingNote': False, 'aisleListingNoteWithSplit': False, 'listingNoteDescriptionContentId': 3338095, 'formattedListingNoteDescription': ""You'll have an unrestricted view of the show.""}]","[{'listingNoteBucketId': 7, 'formattedListingNoteContent': 'Food & beverages', 'displayOrder': 7, 'showsRawNoteText': False}, {'listingNoteBucketId': 0, 'formattedListingNoteContent': 'Includes Offsite Hospitality', 'displayOrder': 30, 'showsRawNoteText': True, 'sourceListingNoteId': 2344}, {'listingNoteBucketId': 27, 'formattedListingNoteContent': 'Clear view', 'displayOrder': 8, 'showsRawNoteText': True, 'sourceListingNoteId': -1}]",4837383,False,False,Row 6,True,1782928,"¥1,782,928","¥1,782,928",,,,10,Mobile Transfer ticket,3,1,GBP,JPY,2000.0,GBP,"https://img.vggcdn.net/img/vfsimage2/812551/1068_2439116/0.jpg?im=Resize=(500,271)&v=771",7 hours ago,9,False,False,False,False,8NWLi1CrP72Q%2fDY7FpxMPfGmNcarCzXZuvPFyosydfc%3d,False,2026-07-18T21:47:25.5000000Z,False,False,False,False,False,False,0,False,,False,False,False,False,0,False,False,0,13393046555,False,907D35BD-3FE9-4D89-B2FA-6D9524C9E4AE,False,False,True,5,9.369637924426897,1.577970786,,,"[{'message': 'Amazing Value', 'qualifier': 'Based on price, view, seat quality and more', 'hasValue': True, 'messageType': 'ValueBased'}, {'message': 'Popular Pick', 'qualifier': '70 tickets sold for this event', 'hasValue': True, 'messageType': 'BoughtInLastHourSocialProofBased'}]",[],,,,,,,,,,,,,
13393706402,153020449,203A,1530773,203A,2,4,_,,False,False,1,,False,False,[1],471,Middle,1,True,"[{'listingNoteId': -1, 'listingNoteContentId': 3338094, 'formattedListingNoteContent': 'Clear view', 'listingNoteTypeId': 3, 'showToBuyer': True, 'hideInMock': False, 'siteAddedListingNote': False, 'aisleListingNoteWithSplit': False, 'listingNoteDescriptionContentId': 3338095, 'formattedListingNoteDescription': ""You'll have an unrestricted view of the show.""}]","[{'listingNoteBucketId': 27, 'formattedListingNoteContent': 'Clear view', 'displayOrder': 8, 'showsRawNoteText': True, 'sourceListingNoteId': -1}]",1593523,False,False,Row 4,False,1782928,"¥1,782,928","¥1,782,928",,,,10,Mobile Transfer ticket,3,1,GBP,JPY,5000.0,GBP,"https://img.vggcdn.net/img/vfsimage2/812551/471_1530773/0.jpg?im=Resize=(500,271)&v=771",4 hours ago,8,False,False,False,False,8NWLi1CrP72Q%2fDY7FpxMPfGmNcarCzXZuvPFyosydfc%3d,False,2026-07-18T23:53:26.9570000Z,False,False,False,False,False,False,0,False,[7],False,False,False,False,0,False,False,0,13393706402,False,BE0AB319-5726-4F5F-8604-664B98D33FA9,False,False,True,4,7.530699569697498,1.104611135,Last ticket,True,"[{'message': 'Great Value', 'qualifier': 'Based on price, view, seat quality and more', 'hasValue': True, 'messageType': 'ValueBased'}, {'message': 'Popular Pick', 'qualifier': '70 tickets sold for this event', 'hasValue': True, 'messageType': 'BoughtInLastHourSocialProofBased'}]",[],,,,,,,,,,,,,
13375642950,153020449,Argentina Supporters,2449432,Argentina Supporters,3,,_,,False,False,2,,False,False,"[1, 2]",36868,Argentina Supporters,2,True,"[{'listingNoteId': -1, 'listingNoteContentId': 3338094, 'formattedListingNoteContent': 'Clear view', 'listingNoteTypeId': 3, 'showToBuyer': True, 'hideInMock': False, 'siteAddedListingNote': False, 'aisleListingNoteWithSplit': False, 'listingNoteDescriptionContentId': 3338095, 'formattedListingNoteDescription': ""You'll have an unrestricted view of the show.""}]","[{'listingNoteBucketId': 27, 'formattedListingNoteContent': 'Clear view', 'displayOrder': 8, 'showsRawNoteText': True, 'sourceListingNoteId': -1}]",4849984,False,False,Row,True,1784025,"¥1,784,025","¥1,784,025",,,,10,Mobile Transfer ticket,3,1,EUR,JPY,1000.0,EUR,"https://img.vggcdn.net/img/vfsimage2/812551/36868_2449432/0.jpg?im=Resize=(500,271)&v=771",2 days ago,0,False,False,True,False,uIJSGDmViAlb8gL%2biSFSLgZO3oMkUlG4ZXu6384XRVc%3d,False,2026-07-16T19:32:05.2900000Z,False,False,False,False,False,False,0,False,[7],False,False,False,False,0,False,False,0,13375642950,False,0F26259C-823B-43AB-91D6-653FB44DC74A,False,False,True,0,,,Last tickets,True,"[{'message': 'Popular Pick', 'qualifier': '70 tickets sold for this event', 'hasValue': True, 'messageType': 'BoughtInLastHourSocialProofBased'}]",[],,,,,,,,,,,,,
13394284224,153020449,104,122784,104,2,43,_,,False,False,4,,False,False,"[1, 2, 3, 4]",594,Lower,4,True,"[{'listingNoteId': -1, 'listingNoteContentId': 3338094, 'formattedListingNoteContent': 'Clear view', 'listingNoteTypeId': 3, 'showToBuyer': True, 'hideInMock': False, 'siteAddedListingNote': False, 'aisleListingNoteWithSplit': False, 'listingNoteDescriptionContentId': 3338095, 'formattedListingNoteDescription': ""You'll have an unrestricted view of the show.""}]","[{'listingNoteBucketId': 27, 'formattedListingNoteContent': 'Clear view', 'displayOrder': 8, 'showsRawNoteText': True, 'sourceListingNoteId': -1}]",2112196,False,False,Row 43,False,1789026,"¥1,789,026","¥1,789,026",,,,10,Mobile Transfer ticket,3,1,USD,JPY,0.0,USD,"https://img.vggcdn.net/img/vfsimage2/812551/594_122784/0.jpg?im=Resize=(500,271)&v=771",2 hours ago,7,False,False,False,False,6vV1RJNKHxCD0ItucIRCGgRRwrj8Jk0oV1CNsDVLTbk%3d,False,2026-07-19T02:34:43.4370000Z,False,False,False,True,False,False,0,False,[6],False,False,False,False,0,False,False,0,13394284224,False,ABB84EB0-7077-453C-8526-CE4A597168B3,False,False,True,3,6.911442762473711,1.014912943,,,"[{'message': 'Popular Pick', 'qualifier': '70 tickets sold for this event', 'hasValue': True, 'messageType': 'BoughtInLastHourSocialProofBased'}]",[],,,,,,,Fan favorite,This section is in the top 10% of sections for this event when ranked based on a count of successful sales over the past 7 days on our site,True,,,,
13394440859,153020449,123,122795,123,2,39,_,,False,False,1,,False,False,[1],594,Lower,1,True,"[{'listingNoteId': -1, 'listingNoteContentId': 3338094, 'formattedListingNoteContent': 'Clear view', 'listingNoteTypeId': 3, 'showToBuyer': True, 'hideInMock': False, 'siteAddedListingNote': False, 'aisleListingNoteWithSplit': False, 'listingNoteDescriptionContentId': 3338095, 'formattedListingNoteDescription': ""You'll have an unrestricted view of the show.""}]","[{'listingNoteBucketId': 27, 'formattedListingNoteContent': 'Clear view', 'displayOrder': 8, 'showsRawNoteText': True, 'sourceListingNoteId': -1}]",2112700,False,False,Row 39,False,1805742,"¥1,805,742","¥1,805,742",,,,10,Mobile Transfer ticket,3,1,USD,JPY,9450.0,USD,"https://img.vggcdn.net/img/vfsimage2/812551/594_122795/0.jpg?im=Resize=(500,271)&v=771",an hour ago,7,False,False,False,False,7j8zb63gdNsqc2TlhUocwkRN9v4J4bED86aJoEfXwvY%3d,False,2026-07-19T03:15:04.6600000Z,False,False,False,False,False,False,0,False,,False,False,False,False,0,False,False,0,13394440859,False,C15875F7-C4E9-46E2-BFB9-7EF5D88D3973,False,False,True,4,7.495638670914075,1.112506548,,,"[{'message': 'Great Value', 'qualifier': 'Based on price, view, seat quality and more', 'hasValue': True, 'messageType': 'ValueBased'}, {'message': 'Popular Pick', 'qualifier': '70 tickets sold for this event', 'hasValue': True, 'messageType': 'BoughtInLastHourSocialProofBased'}]",[],,,,,,,,,,,,,
13319302019,153020449,149,122812,149,2,23,_,,False,False,3,,False,False,"[1, 2, 3]",594,Lower,3,True,"[{'listingNoteId': -1, 'listingNoteContentId': 3338094, 'formattedListingNoteContent': 'Clear view', 'listingNoteTypeId': 3, 'showToBuyer': True, 'hideInMock': False, 'siteAddedListingNote': False, 'aisleListingNoteWithSplit': False, 'listingNoteDescriptionContentId': 3338095, 'formattedListingNoteDescription': ""You'll have an unrestricted view of the show.""}]","[{'listingNoteBucketId': 27, 'formattedListingNoteContent': 'Clear view', 'displayOrder': 8, 'showsRawNoteText': True, 'sourceListingNoteId': -1}]",2113341,False,False,Row 23,False,1825235,"¥1,825,235","¥1,825,235",,,,10,Mobile Transfer ticket,3,1,USD,JPY,0.0,USD,"https://img.vggcdn.net/img/vfsimage2/812551/594_122812/0.jpg?im=Resize=(500,271)&v=771",8 days ago,8,False,False,False,False,yiyhttsGRXLTeA6ciqx42Rqk1ggn%2fVrTaBhhOkF0u4Q%3d,False,2026-07-10T21:20:41.4370000Z,False,False,False,False,False,False,0,False,,False,False,False,False,0,False,False,0,13319302019,False,69E2FAC5-1AEC-469F-A536-5791D6ABEBC2,False,False,True,4,8.294548144822732,1.274919436,,,"[{'message': 'Great Value', 'qualifier': 'Based on price, view, seat quality and more', 'hasValue': True, 'messageType': 'ValueBased'}, {'message': 'Popular Pick', 'qualifier': '70 tickets sold for this event', 'hasValue': True, 'messageType': 'BoughtInLastHourSocialProofBased'}]",[],,,,,,,,,,,,,
13353143503,153020449,348,122941,348,2,5,_,,False,False,4,,False,False,"[1, 2, 3, 4]",407,Upper,4,True,"[{'listingNoteId': 175, 'listingNoteContentId': 2444706, 'formattedListingNoteContent': 'Unlimited Food and Drinks', 'listingNoteTypeId': 3, 'showToBuyer': True, 'hideInMock': False, 'siteAddedListingNote': False, 'aisleListingNoteWithSplit': False, 'listingNoteDescriptionContentId': 2444707, 'formattedListingNoteDescription': 'Includes unlimited food and drinks (beer, wine and soft drinks)'}, {'listingNoteId': 2344, 'listingNoteContentId': 4216766, 'formattedListingNoteContent': 'Includes Offsite Hospitality', 'listingNoteTypeId': 3, 'showToBuyer': True, 'hideInMock': False, 'siteAddedListingNote': False, 'aisleListingNoteWithSplit': False, 'formattedListingNoteDescription': ''}, {'listingNoteId': 2025, 'listingNoteContentId': 3415843, 'formattedListingNoteContent': 'Front Row of Section', 'listingNoteTypeId': 6, 'showToBuyer': True, 'hideInMock': False, 'siteAddedListingNote': False, 'aisleListingNoteWithSplit': False, 'listingNoteDescriptionContentId': 3415843, 'formattedListingNoteDescription': 'Front Row of Section'}, {'listingNoteId': -1, 'listingNoteContentId': 3338094, 'formattedListingNoteContent': 'Clear view', 'listingNoteTypeId': 3, 'showToBuyer': True, 'hideInMock': False, 'siteAddedListingNote': False, 'aisleListingNoteWithSplit': False, 'listingNoteDescriptionContentId': 3338095, 'formattedListingNoteDescription': ""You'll have an unrestricted view of the show.""}]","[{'listingNoteBucketId': 7, 'formattedListingNoteContent': 'Food & beverages', 'displayOrder': 7, 'showsRawNoteText': False}, {'listingNoteBucketId': 14, 'formattedListingNoteContent': 'Front Row of Section', 'displayOrder': 14, 'showsRawNoteText': True, 'sourceListingNoteId': 2025}, {'listingNoteBucketId': 0, 'formattedListingNoteContent': 'Includes Offsite Hospitality', 'displayOrder': 30, 'showsRawNoteText': True, 'sourceListingNoteId': 2344}, {'listingNoteBucketId': 27, 'formattedListingNoteContent': 'Clear view', 'displayOrder': 8, 'showsRawNoteText': True, 'sourceListingNoteId': -1}]",2114009,False,False,Row 5,False,1835624,"¥1,835,624","¥1,835,624","¥2,563,544",28.0,"¥727,920",10,Mobile Transfer ticket,3,1,GBP,JPY,10000.0,GBP,"https://img.vggcdn.net/img/vfsimage2/812551/407_122941/0.jpg?im=Resize=(500,271)&v=771",4 days ago,5,False,False,False,False,UwA1rCG3pSGJB1zmasZyBj%2bJEpgAWJ%2fT%2fYXyapEdUUY%3d,False,2026-07-14T21:30:13.4170000Z,False,False,False,False,False,False,0,False,,False,False,False,False,0,False,False,0,13353143503,False,B3DDA089-5645-4411-A39E-C6EE6396D651,False,False,True,2,4.788976100217763,0.7947409754,,,"[{'message': 'Popular Pick', 'qualifier': '70 tickets sold for this event', 'hasValue': True, 'messageType': 'BoughtInLastHourSocialProofBased'}, {'message': 'Front Row', 'qualifier': 'Best seats in the house', 'hasValue': True, 'messageType': 'FirstRowTicketAttributeBased'}]",[2025],,,,,,,,,,,,,
13303451317,153020449,228B,1530790,228B,2,13,18_18,18,False,False,1,,False,False,[1],471,Middle,1,True,"[{'listingNoteId': -1, 'listingNoteContentId': 3338094, 'formattedListingNoteContent': 'Clear view', 'listingNoteTypeId': 3, 'showToBuyer': True, 'hideInMock': False, 'siteAddedListingNote': False, 'aisleListingNoteWithSplit': False, 'listingNoteDescriptionContentId': 3338095, 'formattedListingNoteDescription': ""You'll have an unrestricted view of the show.""}]","[{'listingNoteBucketId': 27, 'formattedListingNoteContent': 'Clear view', 'displayOrder': 8, 'showsRawNoteText': True, 'sourceListingNoteId': -1}]",2113506,False,False,Row 13,False,1852331,"¥1,852,331","¥1,852,331","¥2,541,492",27.0,"¥689,161",10,Mobile Transfer ticket,3,1,USD,JPY,500.0,USD,"https://img.vggcdn.net/img/vfsimage2/812551/471_1530790/0.jpg?im=Resize=(500,271)&v=771",9 days ago,6,False,False,False,False,Ut%2bcT7eRX0pLa%2f%2fK%2ftgEYvkAVfpmFaQ6P7h2Yc%2b%2bVxg%3d,False,2026-07-09T15:50:51.4970000Z,False,False,False,False,False,False,0,False,[7],False,False,False,False,0,False,False,0,13303451317,False,EBEF50E8-4A87-447E-8AC4-BB00125A535F,False,False,True,3,5.824844349241194,0.9175794981,Last ticket,True,"[{'message': 'Popular Pick', 'qualifier': '70 tickets sold for this event', 'hasValue': True, 'messageType': 'BoughtInLastHourSocialProofBased'}]",[],,,,,,,,,,,,,
13394353352,153020449,109,122787,109,2,16,_,,False,False,4,,False,False,"[1, 2, 4]",594,Lower,4,True,"[{'listingNoteId': 814, 'listingNoteContentId': 2446060, 'formattedListingNoteContent': 'Limited or Obstructed View (printed on ticket)', 'listingNoteTypeId': 1, 'showToBuyer': True, 'hideInMock': False, 'siteAddedListingNote': False, 'aisleListingNoteWithSplit': False, 'listingNoteDescriptionContentId': 2446061, 'formattedListingNoteDescription': 'Limited or Obstructed View (printed on ticket)'}]","[{'listingNoteBucketId': 21, 'formattedListingNoteContent': 'Limited view', 'displayOrder': 21, 'showsRawNoteText': False}]",2112293,False,False,Row 16,False,1883149,"¥1,883,149","¥1,883,149",,,,10,Mobile Transfer ticket,3,1,USD,JPY,10990.0,USD,"https://img.vggcdn.net/img/vfsimage2/812551/594_122787/0.jpg?im=Resize=(500,271)&v=771",an hour ago,9,False,False,False,False,24lHb8YPHeou30H%2b8uL9xbfTf8JDv7vIQYuiX4%2fTCZg%3d,False,2026-07-19T02:52:37.8270000Z,False,False,False,False,False,False,0,False,,False,False,False,False,0,False,False,0,13394353352,False,F0E6EB08-70AC-4F07-8318-FF711C158AAE,False,False,True,5,8.896308546197137,1.485331372,,,"[{'message': 'Amazing Value', 'qualifier': 'Based on price, view, seat quality and more', 'hasValue': True, 'messageType': 'ValueBased'}, {'message': 'Popular Pick', 'qualifier': '70 tickets sold for this event', 'hasValue': True, 'messageType': 'BoughtInLastHourSocialProofBased'}]",[],,,,,,,,,,,,,
13391414116,153020449,341,122934,341,2,18,_,,False,False,3,,False,False,"[1, 3]",407,Upper,3,True,"[{'listingNoteId': -1, 'listingNoteContentId': 3338094, 'formattedListingNoteContent': 'Clear view', 'listingNoteTypeId': 3, 'showToBuyer': True, 'hideInMock': False, 'siteAddedListingNote': False, 'aisleListingNoteWithSplit': False, 'listingNoteDescriptionContentId': 3338095, 'formattedListingNoteDescription': ""You'll have an unrestricted view of the show.""}]","[{'listingNoteBucketId': 27, 'formattedListingNoteContent': 'Clear view', 'displayOrder': 8, 'showsRawNoteText': True, 'sourceListingNoteId': -1}]",704412,False,False,Row 18,False,1887887,"¥1,887,887","¥1,887,887",,,,10,Mobile Transfer ticket,3,1,USD,JPY,8340.0,USD,"https://img.vggcdn.net/img/vfsimage2/812551/407_122934/0.jpg?im=Resize=(500,271)&v=771",13 hours ago,5,False,False,False,False,mR7OtRl9lXAQV3L6dmymj6OFE6wyIR07RJFwFEMHZGI%3d,False,2026-07-18T15:04:24.6500000Z,False,False,False,False,False,False,0,False,,False,False,False,False,0,False,False,0,13391414116,False,A8C0283D-6410-4B58-A1FD-109CFC270B07,False,False,True,2,4.733529583399583,0.8083873733,,,"[{'message': 'Popular Pick', 'qualifier': '70 tickets sold for this event', 'hasValue': True, 'messageType': 'BoughtInLastHourSocialProofBased'}]",[],,,,,,,,,,,,,
13393859431,153020449,129,122799,129,2,42,2_8,2,False,False,7,,False,False,"[1, 2, 3, 4, 5, 6, 7]",594,Lower,7,True,"[{'listingNoteId': 165, 'listingNoteContentId': 2444685, 'formattedListingNoteContent': 'Preferred Seating', 'listingNoteTypeId': 3, 'showToBuyer': True, 'hideInMock': False, 'siteAddedListingNote': False, 'aisleListingNoteWithSplit': False, 'listingNoteDescriptionContentId': 2444686, 'formattedListingNoteDescription': 'Preferred Seating'}, {'listingNoteId': -1, 'listingNoteContentId': 3338094, 'formattedListingNoteContent': 'Clear view', 'listingNoteTypeId': 3, 'showToBuyer': True, 'hideInMock': False, 'siteAddedListingNote': False, 'aisleListingNoteWithSplit': False, 'listingNoteDescriptionContentId': 3338095, 'formattedListingNoteDescription': ""You'll have an unrestricted view of the show.""}]","[{'listingNoteBucketId': 11, 'formattedListingNoteContent': 'Preferred Seating', 'displayOrder': 11, 'showsRawNoteText': True, 'sourceListingNoteId': 165}, {'listingNoteBucketId': 27, 'formattedListingNoteContent': 'Clear view', 'displayOrder': 8, 'showsRawNoteText': True, 'sourceListingNoteId': -1}]",2112896,False,False,Row 42,False,1891318,"¥1,891,318","¥1,891,318","¥3,221,442",41.0,"¥1,330,124",10,Mobile Transfer ticket,3,1,USD,JPY,15325.0,USD,"https://img.vggcdn.net/img/vfsimage2/812551/594_122799/0.jpg?im=Resize=(500,271)&v=771",4 hours ago,6,False,False,False,False,I4W4RcSUSJ3%2fmuvQEXJkuzE1BlPdJzXjYpMR%2fXqFll4%3d,False,2026-07-19T00:32:27.2430000Z,False,False,False,False,False,False,0,False,,False,False,False,False,0,False,False,0,13393859431,False,1C995075-FCBB-43DA-A25D-9CEE727F6A24,False,False,True,3,6.187597838587337,0.9779906243,,,"[{'message': 'Popular Pick', 'qualifier': '70 tickets sold for this event', 'hasValue': True, 'messageType': 'BoughtInLastHourSocialProofBased'}]",[],,,,,,,,,,,,,
13392310973,153020449,225B,1530786,225B,2,12,13_13,13,False,False,1,,False,False,[1],471,Middle,1,True,"[{'listingNoteId': 165, 'listingNoteContentId': 2444685, 'formattedListingNoteContent': 'Preferred Seating', 'listingNoteTypeId': 3, 'showToBuyer': True, 'hideInMock': False, 'siteAddedListingNote': False, 'aisleListingNoteWithSplit': False, 'listingNoteDescriptionContentId': 2444686, 'formattedListingNoteDescription': 'Preferred Seating'}, {'listingNoteId': -1, 'listingNoteContentId': 3338094, 'formattedListingNoteContent': 'Clear view', 'listingNoteTypeId': 3, 'showToBuyer': True, 'hideInMock': False, 'siteAddedListingNote': False, 'aisleListingNoteWithSplit': False, 'listingNoteDescriptionContentId': 3338095, 'formattedListingNoteDescription': ""You'll have an unrestricted view of the show.""}]","[{'listingNoteBucketId': 11, 'formattedListingNoteContent': 'Preferred Seating', 'displayOrder': 11, 'showsRawNoteText': True, 'sourceListingNoteId': 165}, {'listingNoteBucketId': 27, 'formattedListingNoteContent': 'Clear view', 'displayOrder': 8, 'showsRawNoteText': True, 'sourceListingNoteId': -1}]",2113453,False,False,Row 12,False,1902966,"¥1,902,966","¥1,902,966","¥2,449,961",22.0,"¥546,995",10,Mobile Transfer ticket,3,1,USD,JPY,9355.0,USD,"https://img.vggcdn.net/img/vfsimage2/812551/471_1530786/0.jpg?im=Resize=(500,271)&v=771",10 hours ago,7,False,False,False,False,eKH2rRHjWOakN%2bktS0mUX0VWhU%2b%2b0rAD6XNzwI%2f1AHc%3d,False,2026-07-18T18:31:21.7000000Z,False,False,False,False,False,False,0,False,[7],False,False,False,False,0,False,False,0,13392310973,False,6EA4F991-DE25-400D-A636-3CA1D1D332B6,False,False,True,3,6.941056027366498,1.082646962,Last ticket,True,"[{'message': 'Popular Pick', 'qualifier': '70 tickets sold for this event', 'hasValue': True, 'messageType': 'BoughtInLastHourSocialProofBased'}]",[],,,,,,,,,,,,,
13391380505,153020449,205A,1530775,205A,2,2,1_,1,False,False,1,,False,False,[1],471,Middle,1,True,"[{'listingNoteId': 2026, 'listingNoteContentId': 3415844, 'formattedListingNoteContent': 'Second Row of Section', 'listingNoteTypeId': 6, 'showToBuyer': True, 'hideInMock': False, 'siteAddedListingNote': False, 'aisleListingNoteWithSplit': False, 'listingNoteDescriptionContentId': 3415844, 'formattedListingNoteDescription': 'Second Row of Section'}, {'listingNoteId': -1, 'listingNoteContentId': 3338094, 'formattedListingNoteContent': 'Clear view', 'listingNoteTypeId': 3, 'showToBuyer': True, 'hideInMock': False, 'siteAddedListingNote': False, 'aisleListingNoteWithSplit': False, 'listingNoteDescriptionContentId': 3338095, 'formattedListingNoteDescription': ""You'll have an unrestricted view of the show.""}]","[{'listingNoteBucketId': 14, 'formattedListingNoteContent': 'Second Row of Section', 'displayOrder': 14, 'showsRawNoteText': True, 'sourceListingNoteId': 2026}, {'listingNoteBucketId': 27, 'formattedListingNoteContent': 'Clear view', 'displayOrder': 8, 'showsRawNoteText': True, 'sourceListingNoteId': -1}]",1593533,False,False,Row 2,False,1912761,"¥1,912,761","¥1,912,761","¥3,791,039",50.0,"¥1,878,278",10,Mobile Transfer ticket,3,1,USD,JPY,20000.0,USD,"https://img.vggcdn.net/img/vfsimage2/812551/471_1530775/0.jpg?im=Resize=(500,271)&v=771",13 hours ago,8,False,False,False,False,3scDIbuGN4spcZyZMBDaj73edUixs9A2ovfeOtIcc5s%3d,False,2026-07-18T14:56:36.3970000Z,False,False,False,False,False,False,0,False,[7],False,False,False,False,0,False,False,0,13391380505,False,C12287F8-1AF3-4551-8456-5D3C7893A138,False,False,True,4,7.589573632890852,1.195032793,Last ticket,True,"[{'message': 'Great Value', 'qualifier': 'Based on price, view, seat quality and more', 'hasValue': True, 'messageType': 'ValueBased'}, {'message': 'Popular Pick', 'qualifier': '70 tickets sold for this event', 'hasValue': True, 'messageType': 'BoughtInLastHourSocialProofBased'}, {'message': 'Second Row', 'qualifier': 'Premium close-up view', 'hasValue': True, 'messageType': 'SecondRowTicketAttributeBased'}]",[2026],,,,,,,,,,,,,
13170596566,153020449,128,122798,128,2,27,_,,False,False,5,,False,False,"[1, 2, 3, 4, 5]",594,Lower,5,True,"[{'listingNoteId': -1, 'listingNoteContentId': 3338094, 'formattedListingNoteContent': 'Clear view', 'listingNoteTypeId': 3, 'showToBuyer': True, 'hideInMock': False, 'siteAddedListingNote': False, 'aisleListingNoteWithSplit': False, 'listingNoteDescriptionContentId': 3338095, 'formattedListingNoteDescription': ""You'll have an unrestricted view of the show.""}]","[{'listingNoteBucketId': 27, 'formattedListingNoteContent': 'Clear view', 'displayOrder': 8, 'showsRawNoteText': True, 'sourceListingNoteId': -1}]",2112832,False,False,Row 27,False,1923872,"¥1,923,872","¥1,923,872",,,,10,Mobile Transfer ticket,3,1,USD,JPY,0.0,USD,"https://img.vggcdn.net/img/vfsimage2/812551/594_122798/0.jpg?im=Resize=(500,271)&v=771",20 days ago,8,False,False,False,False,eKH2rRHjWOakN%2bktS0mUX0VWhU%2b%2b0rAD6XNzwI%2f1AHc%3d,False,2026-06-28T05:26:15.9100000Z,False,False,False,False,False,False,0,False,,False,False,False,False,0,False,False,0,13170596566,False,B4C2BC0C-3B6D-4317-99E6-8F43A31853F0,False,False,True,4,8.31259552204832,1.347906729,,,"[{'message': 'Great Value', 'qualifier': 'Based on price, view, seat quality and more', 'hasValue': True, 'messageType': 'ValueBased'}, {'message': 'Popular Pick', 'qualifier': '70 tickets sold for this event', 'hasValue': True, 'messageType': 'BoughtInLastHourSocialProofBased'}]",[],,,,,,,,,,,,,
13321902226,153020449,344,122937,344,2,3,13_13,13,False,False,1,,False,False,[1],478,Loge,1,True,"[{'listingNoteId': -1, 'listingNoteContentId': 3338094, 'formattedListingNoteContent': 'Clear view', 'listingNoteTypeId': 3, 'showToBuyer': True, 'hideInMock': False, 'siteAddedListingNote': False, 'aisleListingNoteWithSplit': False, 'listingNoteDescriptionContentId': 3338095, 'formattedListingNoteDescription': ""You'll have an unrestricted view of the show.""}]","[{'listingNoteBucketId': 27, 'formattedListingNoteContent': 'Clear view', 'displayOrder': 8, 'showsRawNoteText': True, 'sourceListingNoteId': -1}]",1591267,False,False,Row 3,False,1930130,"¥1,930,130","¥1,930,130","¥3,222,379",40.0,"¥1,292,249",10,Mobile Transfer ticket,3,1,USD,JPY,,USD,"https://img.vggcdn.net/img/vfsimage2/812551/478_122937/0.jpg?im=Resize=(500,271)&v=771",8 days ago,5,False,False,False,False,AGaVKSedLLEbBW9FXPAUxgmurO0RIk61PhwBp8WBRsw%3d,False,2026-07-11T01:59:46.4600000Z,False,False,False,False,False,False,0,False,,False,False,False,False,0,False,False,0,13321902226,False,C41F4821-3EDA-41E8-A4D5-82AFC5CBE21D,False,False,True,3,5,0.8727423851,,,"[{'message': 'Popular Pick', 'qualifier': '70 tickets sold for this event', 'hasValue': True, 'messageType': 'BoughtInLastHourSocialProofBased'}]",[],13,13,,,,,,,,,,,
13387936781,153020449,117,122792,117,2,20,_,,False,False,1,,False,False,[1],594,Lower,1,True,"[{'listingNoteId': 814, 'listingNoteContentId': 2446060, 'formattedListingNoteContent': 'Limited or Obstructed View (printed on ticket)', 'listingNoteTypeId': 1, 'showToBuyer': True, 'hideInMock': False, 'siteAddedListingNote': False, 'aisleListingNoteWithSplit': False, 'listingNoteDescriptionContentId': 2446061, 'formattedListingNoteDescription': 'Limited or Obstructed View (printed on ticket)'}]","[{'listingNoteBucketId': 21, 'formattedListingNoteContent': 'Limited view', 'displayOrder': 21, 'showsRawNoteText': False}]",2112560,False,False,Row 20,False,1930305,"¥1,930,305","¥1,930,305","¥3,222,379",40.0,"¥1,292,074",10,Mobile Transfer ticket,3,1,USD,JPY,10990.0,USD,"https://img.vggcdn.net/img/vfsimage2/812551/594_122792/0.jpg?im=Resize=(500,271)&v=771",yesterday,9,False,False,False,False,%2blBxrqh3g%2bhH4VtSKTXn66yi1r9gw9qzi4a6QhoyDjw%3d,False,2026-07-18T01:26:03.0300000Z,False,False,False,False,False,False,0,False,,False,False,False,False,0,False,False,0,13387936781,False,8706313A-E86F-4311-B51B-7D94DC757B9B,False,False,True,5,9.15070581400982,1.610869824,,,"[{'message': 'Amazing Value', 'qualifier': 'Based on price, view, seat quality and more', 'hasValue': True, 'messageType': 'ValueBased'}, {'message': 'Popular Pick', 'qualifier': '70 tickets sold for this event', 'hasValue': True, 'messageType': 'BoughtInLastHourSocialProofBased'}]",[],,,,,,,,,,,,,
13367394685,153020449,148,122811,148,2,15,18_18,18,False,False,1,,False,False,[1],594,Lower,1,True,"[{'listingNoteId': -1, 'listingNoteContentId': 3338094, 'formattedListingNoteContent': 'Clear view', 'listingNoteTypeId': 3, 'showToBuyer': True, 'hideInMock': False, 'siteAddedListingNote': False, 'aisleListingNoteWithSplit': False, 'listingNoteDescriptionContentId': 3338095, 'formattedListingNoteDescription': ""You'll have an unrestricted view of the show.""}]","[{'listingNoteBucketId': 27, 'formattedListingNoteContent': 'Clear view', 'displayOrder': 8, 'showsRawNoteText': True, 'sourceListingNoteId': -1}]",2113284,False,False,Row 15,False,1930305,"¥1,930,305","¥1,930,305","¥2,748,499",30.0,"¥818,194",10,Mobile Transfer ticket,3,1,USD,JPY,,USD,"https://img.vggcdn.net/img/vfsimage2/812551/594_122811/0.jpg?im=Resize=(500,271)&v=771",3 days ago,9,False,False,False,False,%2blBxrqh3g%2bhH4VtSKTXn66yi1r9gw9qzi4a6QhoyDjw%3d,False,2026-07-16T04:42:40.5030000Z,False,False,False,True,False,False,0,False,[6],False,False,False,False,0,False,False,0,13367394685,False,19376835-0141-44F5-97E3-BB56336EAEC7,False,False,True,5,8.98408891639937,1.548113427,,,"[{'message': 'Amazing Value', 'qualifier': 'Based on price, view, seat quality and more', 'hasValue': True, 'messageType': 'ValueBased'}, {'message': 'Popular Pick', 'qualifier': '70 tickets sold for this event', 'hasValue': True, 'messageType': 'BoughtInLastHourSocialProofBased'}]",[],18,18,,,,,Fan favorite,This section is in the top 10% of sections for this event when ranked based on a count of successful sales over the past 7 days on our site,True,,,,
13394112345,153020449,121,122794,121,2,33,7_8,7,False,False,1,,False,False,[1],594,Lower,1,True,"[{'listingNoteId': 2351, 'listingNoteContentId': 4249194, 'formattedListingNoteContent': 'This ticket cannot be transferred again after you receive it', 'listingNoteTypeId': 2, 'showToBuyer': True, 'hideInMock': False, 'siteAddedListingNote': False, 'aisleListingNoteWithSplit': False, 'listingNoteDescriptionContentId': 4249195, 'formattedListingNoteDescription': 'These tickets will be delivered via the FWC2026 Mobile Tickets app, which restricts subsequent transfer'}, {'listingNoteId': -1, 'listingNoteContentId': 3338094, 'formattedListingNoteContent': 'Clear view', 'listingNoteTypeId': 3, 'showToBuyer': True, 'hideInMock': False, 'siteAddedListingNote': False, 'aisleListingNoteWithSplit': False, 'listingNoteDescriptionContentId': 3338095, 'formattedListingNoteDescription': ""You'll have an unrestricted view of the show.""}]","[{'listingNoteBucketId': 0, 'formattedListingNoteContent': 'This ticket cannot be transferred again after you receive it', 'displayOrder': 30, 'showsRawNoteText': True, 'sourceListingNoteId': 2351}, {'listingNoteBucketId': 27, 'formattedListingNoteContent': 'Clear view', 'displayOrder': 8, 'showsRawNoteText': True, 'sourceListingNoteId': -1}]",2112646,False,False,Row 33,False,1930305,"¥1,930,305","¥1,930,305",,,,10,Mobile Transfer ticket,3,1,USD,JPY,10990.0,USD,"https://img.vggcdn.net/img/vfsimage2/812551/594_122794/0.jpg?im=Resize=(500,271)&v=771",3 hours ago,7,False,False,False,False,4VUNszdgNgeMCt2A1C7x5dZyKatOM3ebYe4Y5K6c0G4%3d,False,2026-07-19T01:45:17.3230000Z,False,False,False,False,False,False,0,False,,False,False,False,False,0,False,False,0,13394112345,False,E82D1F53-E560-4FB3-9425-49B079AE9B16,False,False,True,4,7,1.108165488,,,"[{'message': 'Great Value', 'qualifier': 'Based on price, view, seat quality and more', 'hasValue': True, 'messageType': 'ValueBased'}, {'message': 'Popular Pick', 'qualifier': '70 tickets sold for this event', 'hasValue': True, 'messageType': 'BoughtInLastHourSocialProofBased'}]",[],7,8,,,,,,,,,,,
13394556068,153020449,146,122810,146,2,35,23_23,23,False,False,1,,False,False,[1],594,Lower,1,True,"[{'listingNoteId': -1, 'listingNoteContentId': 3338094, 'formattedListingNoteContent': 'Clear view', 'listingNoteTypeId': 3, 'showToBuyer': True, 'hideInMock': False, 'siteAddedListingNote': False, 'aisleListingNoteWithSplit': False, 'listingNoteDescriptionContentId': 3338095, 'formattedListingNoteDescription': ""You'll have an unrestricted view of the show.""}]","[{'listingNoteBucketId': 27, 'formattedListingNoteContent': 'Clear view', 'displayOrder': 8, 'showsRawNoteText': True, 'sourceListingNoteId': -1}]",2113258,False,False,Row 35,False,1930305,"¥1,930,305","¥1,930,305",,,,10,Mobile Transfer ticket,3,1,USD,JPY,,USD,"https://img.vggcdn.net/img/vfsimage2/812551/594_122810/0.jpg?im=Resize=(500,271)&v=771",an hour ago,7,False,False,False,False,%2blBxrqh3g%2bhH4VtSKTXn66yi1r9gw9qzi4a6QhoyDjw%3d,False,2026-07-19T03:44:51.6870000Z,False,False,False,False,False,False,0,False,,False,False,False,False,0,False,False,0,13394556068,False,EE4C17CE-0FF5-40D8-AF5E-4576A1E1B42F,False,False,True,3,6.573809601584055,1.047050413,,,"[{'message': 'Popular Pick', 'qualifier': '70 tickets sold for this event', 'hasValue': True, 'messageType': 'BoughtInLastHourSocialProofBased'}]",[],23,23,,,,,,,,,,,
13314250406,153020449,Category 4,2140587,Category 4,3,,_,,False,False,2,,False,False,"[1, 2]",1327,Category 4,2,True,"[{'listingNoteId': -1, 'listingNoteContentId': 3338094, 'formattedListingNoteContent': 'Clear view', 'listingNoteTypeId': 3, 'showToBuyer': True, 'hideInMock': False, 'siteAddedListingNote': False, 'aisleListingNoteWithSplit': False, 'listingNoteDescriptionContentId': 3338095, 'formattedListingNoteDescription': ""You'll have an unrestricted view of the show.""}]","[{'listingNoteBucketId': 27, 'formattedListingNoteContent': 'Clear view', 'displayOrder': 8, 'showsRawNoteText': True, 'sourceListingNoteId': -1}]",4264996,False,False,Row,True,1932235,"¥1,932,235","¥1,932,235",,,,10,Mobile Transfer ticket,3,1,USD,JPY,10000.0,USD,"https://img.vggcdn.net/img/vfsimage2/812551/1327_2140587/0.jpg?im=Resize=(500,271)&v=771",8 days ago,8,False,False,True,False,lU5kaknqcSF3N2X2UWfnmR9FK8O3ZEBN1DSGmIifaL0%3d,False,2026-07-10T12:22:05.0670000Z,False,False,False,False,False,False,0,False,[7],False,False,False,False,0,False,False,0,13314250406,False,8CA941FB-BF41-4EA6-A98C-810563B113DD,False,False,True,4,8.385022060170648,1.362416107,Last tickets,True,"[{'message': 'Great Value', 'qualifier': 'Based on price, view, seat quality and more', 'hasValue': True, 'messageType': 'ValueBased'}, {'message': 'Popular Pick', 'qualifier': '70 tickets sold for this event', 'hasValue': True, 'messageType': 'BoughtInLastHourSocialProofBased'}]",[],,,,,,,,,,,,,
13384129659,153020449,342,122935,342,2,14,_,,False,False,4,,False,False,"[1, 2, 3, 4]",407,Upper,4,True,"[{'listingNoteId': -1, 'listingNoteContentId': 3338094, 'formattedListingNoteContent': 'Clear view', 'listingNoteTypeId': 3, 'showToBuyer': True, 'hideInMock': False, 'siteAddedListingNote': False, 'aisleListingNoteWithSplit': False, 'listingNoteDescriptionContentId': 3338095, 'formattedListingNoteDescription': ""You'll have an unrestricted view of the show.""}]","[{'listingNoteBucketId': 27, 'formattedListingNoteContent': 'Clear view', 'displayOrder': 8, 'showsRawNoteText': True, 'sourceListingNoteId': -1}]",704430,False,False,Row 14,False,1942333,"¥1,942,333","¥1,942,333","¥3,042,300",36.0,"¥1,099,967",10,Mobile Transfer ticket,3,1,USD,JPY,0.0,USD,"https://img.vggcdn.net/img/vfsimage2/812551/407_122935/0.jpg?im=Resize=(500,271)&v=771",yesterday,5,False,False,False,False,dvrqq%2ffFWpr88gprTKWXwIBs1cLa0Yuv8vPA%2btYrhrQ%3d,False,2026-07-17T16:37:34.2600000Z,False,False,False,False,False,False,0,False,,False,False,False,False,0,False,False,0,13384129659,False,A91A676B-6EC4-45E5-A6AC-2EBA6278C43C,False,False,True,2,4.596538085652153,0.8097118042,,,"[{'message': 'Popular Pick', 'qualifier': '70 tickets sold for this event', 'hasValue': True, 'messageType': 'BoughtInLastHourSocialProofBased'}]",[],,,,,,,,,,,,,
13390918547,153020449,118,122793,118,2,14,11_11,11,False,False,1,,False,False,[1],594,Lower,1,True,"[{'listingNoteId': 814, 'listingNoteContentId': 2446060, 'formattedListingNoteContent': 'Limited or Obstructed View (printed on ticket)', 'listingNoteTypeId': 1, 'showToBuyer': True, 'hideInMock': False, 'siteAddedListingNote': False, 'aisleListingNoteWithSplit': False, 'listingNoteDescriptionContentId': 2446061, 'formattedListingNoteDescription': 'Limited or Obstructed View (printed on ticket)'}]","[{'listingNoteBucketId': 21, 'formattedListingNoteContent': 'Limited view', 'displayOrder': 21, 'showsRawNoteText': False}]",2112590,False,False,Row 14,False,1949799,"¥1,949,799","¥1,949,799","¥3,145,210",38.0,"¥1,195,411",10,Mobile Transfer ticket,3,1,USD,JPY,5750.0,USD,"https://img.vggcdn.net/img/vfsimage2/812551/594_122793/0.jpg?im=Resize=(500,271)&v=771",15 hours ago,9,False,False,False,False,6YnfzRINp2Zr269ode%2bNCcZk2PT0ws70Dc%2fbtkVDTGw%3d,False,2026-07-18T13:17:24.6430000Z,False,False,False,False,False,False,0,False,[7],False,False,False,False,0,False,False,0,13390918547,False,81CAD76F-F1C4-441E-8F9E-14D25F5F0763,False,False,True,5,9.163666766542173,1.63228883,Last ticket,True,"[{'message': 'Amazing Value', 'qualifier': 'Based on price, view, seat quality and more', 'hasValue': True, 'messageType': 'ValueBased'}, {'message': 'Popular Pick', 'qualifier': '70 tickets sold for this event', 'hasValue': True, 'messageType': 'BoughtInLastHourSocialProofBased'}]",[],,,,,,,,,,,,,
13235196517,153020449,331,122924,331,2,22,27_27,27,False,False,1,,False,False,[1],407,Upper,1,True,"[{'listingNoteId': -1, 'listingNoteContentId': 3338094, 'formattedListingNoteContent': 'Clear view', 'listingNoteTypeId': 3, 'showToBuyer': True, 'hideInMock': False, 'siteAddedListingNote': False, 'aisleListingNoteWithSplit': False, 'listingNoteDescriptionContentId': 3338095, 'formattedListingNoteDescription': ""You'll have an unrestricted view of the show.""}]","[{'listingNoteBucketId': 27, 'formattedListingNoteContent': 'Clear view', 'displayOrder': 8, 'showsRawNoteText': True, 'sourceListingNoteId': -1}]",2113937,False,False,Row 22,False,1962383,"¥1,962,383","¥1,962,383",,,,10,Mobile Transfer ticket,3,1,EUR,JPY,2000.0,EUR,"https://img.vggcdn.net/img/vfsimage2/812551/407_122924/0.jpg?im=Resize=(500,271)&v=771",15 days ago,4,False,False,False,False,I4W4RcSUSJ3%2fmuvQEXJkuzE1BlPdJzXjYpMR%2fXqFll4%3d,False,2026-07-04T00:25:43.8300000Z,False,False,False,False,False,False,0,False,,False,False,False,False,0,False,False,0,13235196517,False,2A5F0FB8-F367-4137-B68B-306A963F9463,False,False,True,2,4.013350936946889,0.7352945454,,,"[{'message': 'Popular Pick', 'qualifier': '70 tickets sold for this event', 'hasValue': True, 'messageType': 'BoughtInLastHourSocialProofBased'}]",[],,,,,,,,,,,,,
13393699598,153020449,117,122792,117,2,13,11_,11,False,False,1,,False,False,[1],594,Lower,1,True,"[{'listingNoteId': -1, 'listingNoteContentId': 3338094, 'formattedListingNoteContent': 'Clear view', 'listingNoteTypeId': 3, 'showToBuyer': True, 'hideInMock': False, 'siteAddedListingNote': False, 'aisleListingNoteWithSplit': False, 'listingNoteDescriptionContentId': 3338095, 'formattedListingNoteDescription': ""You'll have an unrestricted view of the show.""}]","[{'listingNoteBucketId': 27, 'formattedListingNoteContent': 'Clear view', 'displayOrder': 8, 'showsRawNoteText': True, 'sourceListingNoteId': -1}]",2112552,False,False,Row 13,False,1974816,"¥1,974,816","¥1,974,816","¥2,510,241",21.0,"¥535,425",10,Mobile Transfer ticket,3,1,BRL,JPY,8000.0,BRL,"https://img.vggcdn.net/img/vfsimage2/812551/594_122792/0.jpg?im=Resize=(500,271)&v=771",4 hours ago,9,False,False,False,False,CN21YEc7tH0wwe2JFqasCCtCnsRt6VS4xVuypvpP2xY%3d,False,2026-07-18T23:50:59.3830000Z,False,False,False,False,False,False,0,False,,False,False,False,False,0,False,False,0,13393699598,False,CD83F006-93C1-4A4A-8C3D-CB240D0B4D81,False,False,True,5,9.491184242771297,1.79687094,,,"[{'message': 'Amazing Value', 'qualifier': 'Based on price, view, seat quality and more', 'hasValue': True, 'messageType': 'ValueBased'}, {'message': 'Popular Pick', 'qualifier': '70 tickets sold for this event', 'hasValue': True, 'messageType': 'BoughtInLastHourSocialProofBased'}]",[],,,,,,,,,,,,,
13387134048,153020449,Category 1,1989399,Category 1,3,,_,,False,False,1,,False,False,[1],1245,Category 1,1,True,"[{'listingNoteId': -1, 'listingNoteContentId': 3338094, 'formattedListingNoteContent': 'Clear view', 'listingNoteTypeId': 3, 'showToBuyer': True, 'hideInMock': False, 'siteAddedListingNote': False, 'aisleListingNoteWithSplit': False, 'listingNoteDescriptionContentId': 3338095, 'formattedListingNoteDescription': ""You'll have an unrestricted view of the show.""}]","[{'listingNoteBucketId': 27, 'formattedListingNoteContent': 'Clear view', 'displayOrder': 8, 'showsRawNoteText': True, 'sourceListingNoteId': -1}]",3325458,False,False,Row,True,1977790,"¥1,977,790","¥1,977,790","¥2,818,260",30.0,"¥840,470",10,Mobile Transfer ticket,3,1,EUR,JPY,5827.0,EUR,"https://img.vggcdn.net/img/vfsimage2/812551/1245_1989399/0.jpg?im=Resize=(500,271)&v=771",yesterday,8,False,False,True,False,jOJJ4ocaADPYbsxA3POhc0S07m3DZuKD6JcojI7Lpak%3d,False,2026-07-17T23:10:37.3770000Z,False,False,False,False,False,False,0,False,[7],False,False,False,False,0,False,False,0,13387134048,False,C9C44793-CB8B-4D85-BFE8-CD145C4521DA,False,False,True,4,7.608313997484706,1.2394394,Last ticket,True,"[{'message': 'Great Value', 'qualifier': 'Based on price, view, seat quality and more', 'hasValue': True, 'messageType': 'ValueBased'}, {'message': 'Popular Pick', 'qualifier': '70 tickets sold for this event', 'hasValue': True, 'messageType': 'BoughtInLastHourSocialProofBased'}]",[],,,,,,,,,,,,,
13320348400,153020449,316,122909,316,2,14,_,,False,False,4,,False,False,"[1, 2, 3, 4]",407,Upper,4,True,"[{'listingNoteId': -1, 'listingNoteContentId': 3338094, 'formattedListingNoteContent': 'Clear view', 'listingNoteTypeId': 3, 'showToBuyer': True, 'hideInMock': False, 'siteAddedListingNote': False, 'aisleListingNoteWithSplit': False, 'listingNoteDescriptionContentId': 3338095, 'formattedListingNoteDescription': ""You'll have an unrestricted view of the show.""}]","[{'listingNoteBucketId': 27, 'formattedListingNoteContent': 'Clear view', 'displayOrder': 8, 'showsRawNoteText': True, 'sourceListingNoteId': -1}]",703861,False,False,Row 14,False,1985081,"¥1,985,081","¥1,985,081","¥2,587,875",23.0,"¥602,794",10,Mobile Transfer ticket,3,1,BRL,JPY,25000.0,BRL,"https://img.vggcdn.net/img/vfsimage2/812551/407_122909/0.jpg?im=Resize=(500,271)&v=771",8 days ago,4,False,False,False,False,c7JWvROwBQopMzcrrp%2bU7AnGUhwde1cBGlt8zSW4AVw%3d,False,2026-07-10T23:28:10.3930000Z,False,False,False,False,False,False,0,False,,False,False,False,False,0,False,False,0,13320348400,False,835A3F96-CB3B-4901-AF62-4145EC979764,False,False,True,2,4.34341937515612,0.7889853928,,,"[{'message': 'Popular Pick', 'qualifier': '70 tickets sold for this event', 'hasValue': True, 'messageType': 'BoughtInLastHourSocialProofBased'}]",[],,,,,,,,,,,,,
13375653128,153020449,Spain Supporters,2447956,Spain Supporters,3,,_,,False,False,2,,False,False,"[1, 2]",1666,Spain Supporters,2,True,"[{'listingNoteId': -1, 'listingNoteContentId': 3338094, 'formattedListingNoteContent': 'Clear view', 'listingNoteTypeId': 3, 'showToBuyer': True, 'hideInMock': False, 'siteAddedListingNote': False, 'aisleListingNoteWithSplit': False, 'listingNoteDescriptionContentId': 3338095, 'formattedListingNoteDescription': ""You'll have an unrestricted view of the show.""}]","[{'listingNoteBucketId': 27, 'formattedListingNoteContent': 'Clear view', 'displayOrder': 8, 'showsRawNoteText': True, 'sourceListingNoteId': -1}]",4847586,False,False,Row,True,2006972,"¥2,006,972","¥2,006,972",,,,10,Mobile Transfer ticket,3,1,EUR,JPY,1000.0,EUR,"https://img.vggcdn.net/img/vfsimage2/812551/1666_2447956/0.jpg?im=Resize=(500,271)&v=771",2 days ago,0,False,False,True,False,WvYVfuyXjJdwi%2bMGaNYpIHJhvPQ7NAc970KT8tPia0o%3d,False,2026-07-16T19:33:25.1370000Z,False,False,False,False,False,False,0,False,[7],False,False,False,False,0,False,False,0,13375653128,False,9E85279E-753D-401A-BC0F-BE60081A2047,False,False,True,0,,,Last tickets,True,"[{'message': 'Popular Pick', 'qualifier': '70 tickets sold for this event', 'hasValue': True, 'messageType': 'BoughtInLastHourSocialProofBased'}]",[],,,,,,,,,,,,,
13394419650,153020449,146,122810,146,2,33,15_15,15,False,False,1,,False,False,[1],594,Lower,1,True,"[{'listingNoteId': -1, 'listingNoteContentId': 3338094, 'formattedListingNoteContent': 'Clear view', 'listingNoteTypeId': 3, 'showToBuyer': True, 'hideInMock': False, 'siteAddedListingNote': False, 'aisleListingNoteWithSplit': False, 'listingNoteDescriptionContentId': 3338095, 'formattedListingNoteDescription': ""You'll have an unrestricted view of the show.""}]","[{'listingNoteBucketId': 27, 'formattedListingNoteContent': 'Clear view', 'displayOrder': 8, 'showsRawNoteText': True, 'sourceListingNoteId': -1}]",2113256,False,False,Row 33,False,2018026,"¥2,018,026","¥2,018,026",,,,10,Mobile Transfer ticket,3,1,USD,JPY,0.0,USD,"https://img.vggcdn.net/img/vfsimage2/812551/594_122810/0.jpg?im=Resize=(500,271)&v=771",an hour ago,6,False,False,False,False,nBhBIAfJtW6vbA9vNO%2bMxVrTQHNtSM9fzNqYNHyUSPc%3d,False,2026-07-19T03:09:16.6000000Z,False,False,False,False,False,False,0,False,,False,False,False,False,0,False,False,0,13394419650,False,BE3F88F2-10E9-44C9-B42A-868CFD0134CC,False,False,True,3,6.411535180508412,1.073379687,,,"[{'message': 'Popular Pick', 'qualifier': '70 tickets sold for this event', 'hasValue': True, 'messageType': 'BoughtInLastHourSocialProofBased'}]",[],15,15,,,,,,,,,,,
13392008343,153020449,123,122795,123,2,14,2_2,2,False,False,1,,False,False,[1],594,Lower,1,True,"[{'listingNoteId': -1, 'listingNoteContentId': 3338094, 'formattedListingNoteContent': 'Clear view', 'listingNoteTypeId': 3, 'showToBuyer': True, 'hideInMock': False, 'siteAddedListingNote': False, 'aisleListingNoteWithSplit': False, 'listingNoteDescriptionContentId': 3338095, 'formattedListingNoteDescription': ""You'll have an unrestricted view of the show.""}]","[{'listingNoteBucketId': 27, 'formattedListingNoteContent': 'Clear view', 'displayOrder': 8, 'showsRawNoteText': True, 'sourceListingNoteId': -1}]",2112673,False,False,Row 14,False,2021241,"¥2,021,241","¥2,021,241",,,,10,Mobile Transfer ticket,3,1,EUR,JPY,9765.0,EUR,"https://img.vggcdn.net/img/vfsimage2/812551/594_122795/0.jpg?im=Resize=(500,271)&v=771",11 hours ago,8,False,False,False,False,R9cBB8Uul6fvKbRSe8PUE2oW%2bcJmbt%2feQBgumjHnhFQ%3d,False,2026-07-18T17:31:05.1330000Z,False,False,False,False,False,False,0,False,,False,False,False,False,0,False,False,0,13392008343,False,C16FE8C1-2200-4853-81BE-7E6A40D116D4,False,False,True,4,8.171230784850358,1.383435901,,,"[{'message': 'Great Value', 'qualifier': 'Based on price, view, seat quality and more', 'hasValue': True, 'messageType': 'ValueBased'}, {'message': 'Popular Pick', 'qualifier': '70 tickets sold for this event', 'hasValue': True, 'messageType': 'BoughtInLastHourSocialProofBased'}]",[],,,,,,,,,,,,,
13364211724,153020449,318,122911,318,2,5,16_16,16,False,False,1,,False,False,[1],407,Upper,1,True,"[{'listingNoteId': -1, 'listingNoteContentId': 3338094, 'formattedListingNoteContent': 'Clear view', 'listingNoteTypeId': 3, 'showToBuyer': True, 'hideInMock': False, 'siteAddedListingNote': False, 'aisleListingNoteWithSplit': False, 'listingNoteDescriptionContentId': 3338095, 'formattedListingNoteDescription': ""You'll have an unrestricted view of the show.""}]","[{'listingNoteBucketId': 27, 'formattedListingNoteContent': 'Clear view', 'displayOrder': 8, 'showsRawNoteText': True, 'sourceListingNoteId': -1}]",703896,False,False,Row 5,False,2056623,"¥2,056,623","¥2,056,623",,,,10,Mobile Transfer ticket,3,1,USD,JPY,,USD,"https://img.vggcdn.net/img/vfsimage2/812551/407_122911/0.jpg?im=Resize=(500,271)&v=771",3 days ago,5,False,False,False,False,fZiiHeeKS4DnlHbFNnyiLmWFXe4OlUp%2fR7eUEvSK6cQ%3d,False,2026-07-15T21:27:47.2830000Z,False,False,False,False,False,False,0,False,,False,False,False,False,0,False,False,0,13364211724,False,FCDFBDD4-FFFA-495A-8599-FBC1846AEF3E,False,False,True,3,5.330483534556213,0.9637732843,,,"[{'message': 'Popular Pick', 'qualifier': '70 tickets sold for this event', 'hasValue': True, 'messageType': 'BoughtInLastHourSocialProofBased'}]",[],16,16,,,,,,,,,,,
13387711652,153020449,109,122787,109,2,15,7_9,7,False,False,3,,False,False,"[1, 2, 3]",594,Lower,3,True,"[{'listingNoteId': 814, 'listingNoteContentId': 2446060, 'formattedListingNoteContent': 'Limited or Obstructed View (printed on ticket)', 'listingNoteTypeId': 1, 'showToBuyer': True, 'hideInMock': False, 'siteAddedListingNote': False, 'aisleListingNoteWithSplit': False, 'listingNoteDescriptionContentId': 2446061, 'formattedListingNoteDescription': 'Limited or Obstructed View (printed on ticket)'}]","[{'listingNoteBucketId': 21, 'formattedListingNoteContent': 'Limited view', 'displayOrder': 21, 'showsRawNoteText': False}]",2112292,False,False,Row 15,False,2073857,"¥2,073,857","¥2,073,857","¥3,251,814",36.0,"¥1,177,957",10,Mobile Transfer ticket,3,1,EUR,JPY,11000.0,EUR,"https://img.vggcdn.net/img/vfsimage2/812551/594_122787/0.jpg?im=Resize=(500,271)&v=771",yesterday,9,False,False,False,False,aWlXEwVYAIrgHca8JIlyaUPI74c1%2fzXs1U39ywFslys%3d,False,2026-07-18T00:36:56.8070000Z,False,False,False,False,False,False,0,False,,False,False,False,False,0,False,False,0,13387711652,False,1DB7F089-E2F9-429E-A470-04318C9619B2,False,False,True,5,8.516178541955933,1.506041195,,,"[{'message': 'Amazing Value', 'qualifier': 'Based on price, view, seat quality and more', 'hasValue': True, 'messageType': 'ValueBased'}, {'message': 'Popular Pick', 'qualifier': '70 tickets sold for this event', 'hasValue': True, 'messageType': 'BoughtInLastHourSocialProofBased'}]",[],,,,,,,,,,,,,
13384719219,153020449,106,122785,106,2,37,8_10,8,False,False,3,,False,False,"[1, 3]",594,Lower,3,True,"[{'listingNoteId': -1, 'listingNoteContentId': 3338094, 'formattedListingNoteContent': 'Clear view', 'listingNoteTypeId': 3, 'showToBuyer': True, 'hideInMock': False, 'siteAddedListingNote': False, 'aisleListingNoteWithSplit': False, 'listingNoteDescriptionContentId': 3338095, 'formattedListingNoteDescription': ""You'll have an unrestricted view of the show.""}]","[{'listingNoteBucketId': 27, 'formattedListingNoteContent': 'Clear view', 'displayOrder': 8, 'showsRawNoteText': True, 'sourceListingNoteId': -1}]",2112235,False,False,Row 37,False,2074102,"¥2,074,102","¥2,074,102","¥3,757,201",45.0,"¥1,683,099",10,Mobile Transfer ticket,3,1,USD,JPY,0.0,USD,"https://img.vggcdn.net/img/vfsimage2/812551/594_122785/0.jpg?im=Resize=(500,271)&v=771",yesterday,6,False,False,False,False,jqpP7L5vdzHpsSvleuq7YmSzLgziR%2brXCScti75cPhQ%3d,False,2026-07-17T17:43:18.0600000Z,False,False,False,False,False,False,0,False,[7],False,False,False,False,0,False,False,0,13384719219,False,FDA8F6DD-3394-41A3-A118-64E291378706,False,False,True,3,5.934701410308416,1.041199237,Last tickets,True,"[{'message': 'Popular Pick', 'qualifier': '70 tickets sold for this event', 'hasValue': True, 'messageType': 'BoughtInLastHourSocialProofBased'}]",[],,,,,,,,,,,,,
13386736150,153020449,104,122784,104,2,26,_,,False,False,1,,False,False,[1],594,Lower,1,True,"[{'listingNoteId': -1, 'listingNoteContentId': 3338094, 'formattedListingNoteContent': 'Clear view', 'listingNoteTypeId': 3, 'showToBuyer': True, 'hideInMock': False, 'siteAddedListingNote': False, 'aisleListingNoteWithSplit': False, 'listingNoteDescriptionContentId': 3338095, 'formattedListingNoteDescription': ""You'll have an unrestricted view of the show.""}]","[{'listingNoteBucketId': 27, 'formattedListingNoteContent': 'Clear view', 'displayOrder': 8, 'showsRawNoteText': True, 'sourceListingNoteId': -1}]",2112177,False,False,Row 26,False,2081789,"¥2,081,789","¥2,081,789",,,,10,Mobile Transfer ticket,3,1,USD,JPY,9982.0,USD,"https://img.vggcdn.net/img/vfsimage2/812551/594_122784/0.jpg?im=Resize=(500,271)&v=771",yesterday,7,False,False,False,False,wKcwbVtblSTFTGINahJ56%2bnWwdnLIm0l6lQfVrnZ4as%3d,False,2026-07-17T22:29:09.0930000Z,False,False,False,True,False,False,0,False,[6],False,False,False,False,0,False,False,0,13386736150,False,250463DF-DE44-484C-A2D6-80A552BEDDDB,False,False,True,4,7.231521313284348,1.234865981,,,"[{'message': 'Great Value', 'qualifier': 'Based on price, view, seat quality and more', 'hasValue': True, 'messageType': 'ValueBased'}, {'message': 'Popular Pick', 'qualifier': '70 tickets sold for this event', 'hasValue': True, 'messageType': 'BoughtInLastHourSocialProofBased'}]",[],,,,,,,Fan favorite,This section is in the top 10% of sections for this event when ranked based on a count of successful sales over the past 7 days on our site,True,,,,
13385268958,153020449,101,122782,101,2,4,13_13,13,False,False,1,,False,False,[1],594,Lower,1,True,"[{'listingNoteId': -1, 'listingNoteContentId': 3338094, 'formattedListingNoteContent': 'Clear view', 'listingNoteTypeId': 3, 'showToBuyer': True, 'hideInMock': False, 'siteAddedListingNote': False, 'aisleListingNoteWithSplit': False, 'listingNoteDescriptionContentId': 3338095, 'formattedListingNoteDescription': ""You'll have an unrestricted view of the show.""}]","[{'listingNoteBucketId': 27, 'formattedListingNoteContent': 'Clear view', 'displayOrder': 8, 'showsRawNoteText': True, 'sourceListingNoteId': -1}]",2112096,False,False,Row 4,False,2082553,"¥2,082,553","¥2,082,553","¥3,222,150",35.0,"¥1,139,597",10,Mobile Transfer ticket,3,1,USD,JPY,11270.0,USD,"https://img.vggcdn.net/img/vfsimage2/812551/594_122782/0.jpg?im=Resize=(500,271)&v=771",yesterday,9,False,False,False,False,juKr9PHf9oIbHj4uqhvb%2ftOvOoOBx0WAVM6fU9E2jt0%3d,False,2026-07-17T19:08:33.6070000Z,False,False,False,True,False,False,0,False,[6],False,False,False,False,0,False,False,0,13385268958,False,4CA96672-943B-4230-A6DC-E48F4B953DD5,False,False,True,5,8.942155859783266,1.659896764,,,"[{'message': 'Amazing Value', 'qualifier': 'Based on price, view, seat quality and more', 'hasValue': True, 'messageType': 'ValueBased'}, {'message': 'Popular Pick', 'qualifier': '70 tickets sold for this event', 'hasValue': True, 'messageType': 'BoughtInLastHourSocialProofBased'}]",[],,,,,,,Fan favorite,This section is in the top 10% of sections for this event when ranked based on a count of successful sales over the past 7 days on our site,True,,,,
13387928582,153020449,108,122786,108,2,16,_,,False,False,4,,False,False,"[1, 2, 3, 4]",594,Lower,4,True,"[{'listingNoteId': 814, 'listingNoteContentId': 2446060, 'formattedListingNoteContent': 'Limited or Obstructed View (printed on ticket)', 'listingNoteTypeId': 1, 'showToBuyer': True, 'hideInMock': False, 'siteAddedListingNote': False, 'aisleListingNoteWithSplit': False, 'listingNoteDescriptionContentId': 2446061, 'formattedListingNoteDescription': 'Limited or Obstructed View (printed on ticket)'}]","[{'listingNoteBucketId': 21, 'formattedListingNoteContent': 'Limited view', 'displayOrder': 21, 'showsRawNoteText': False}]",2112259,False,False,Row 16,False,2082745,"¥2,082,745","¥2,082,745","¥2,843,240",27.0,"¥760,495",10,Mobile Transfer ticket,3,1,USD,JPY,10990.0,USD,"https://img.vggcdn.net/img/vfsimage2/812551/594_122786/0.jpg?im=Resize=(500,271)&v=771",yesterday,8,False,False,False,False,3scDIbuGN4spcZyZMBDaj73edUixs9A2ovfeOtIcc5s%3d,False,2026-07-18T01:24:36.4000000Z,False,False,False,False,False,False,0,False,,False,False,False,False,0,False,False,0,13387928582,False,B6B56C5D-E22D-42DC-9B84-6D2E4A88C242,False,False,True,4,8.476509332578432,1.500553117,,,"[{'message': 'Great Value', 'qualifier': 'Based on price, view, seat quality and more', 'hasValue': True, 'messageType': 'ValueBased'}, {'message': 'Popular Pick', 'qualifier': '70 tickets sold for this event', 'hasValue': True, 'messageType': 'BoughtInLastHourSocialProofBased'}]",[],,,,,,,,,,,,,
13388838843,153020449,149,122812,149,2,13,9_9,9,False,False,1,,False,False,[1],594,Lower,1,True,"[{'listingNoteId': -1, 'listingNoteContentId': 3338094, 'formattedListingNoteContent': 'Clear view', 'listingNoteTypeId': 3, 'showToBuyer': True, 'hideInMock': False, 'siteAddedListingNote': False, 'aisleListingNoteWithSplit': False, 'listingNoteDescriptionContentId': 3338095, 'formattedListingNoteDescription': ""You'll have an unrestricted view of the show.""}]","[{'listingNoteBucketId': 27, 'formattedListingNoteContent': 'Clear view', 'displayOrder': 8, 'showsRawNoteText': True, 'sourceListingNoteId': -1}]",2113330,False,False,Row 13,False,2105747,"¥2,105,747","¥2,105,747","¥3,222,334",35.0,"¥1,116,587",10,Mobile Transfer ticket,3,1,USD,JPY,12999.0,USD,"https://img.vggcdn.net/img/vfsimage2/812551/594_122812/0.jpg?im=Resize=(500,271)&v=771",yesterday,8,False,False,False,False,fZiiHeeKS4DnlHbFNnyiLmWFXe4OlUp%2fR7eUEvSK6cQ%3d,False,2026-07-18T04:46:57.3870000Z,False,False,False,False,False,False,0,False,,False,False,False,False,0,False,False,0,13388838843,False,7D4994BD-CC40-4123-B5BD-3AF29D00C405,False,False,True,4,8.109169284578837,1.426788113,,,"[{'message': 'Great Value', 'qualifier': 'Based on price, view, seat quality and more', 'hasValue': True, 'messageType': 'ValueBased'}, {'message': 'Popular Pick', 'qualifier': '70 tickets sold for this event', 'hasValue': True, 'messageType': 'BoughtInLastHourSocialProofBased'}]",[],9,9,,,,,,,,,,,
13285866325,153020449,323,122916,323,2,5,19_19,19,False,False,1,,False,False,[1],407,Upper,1,True,"[{'listingNoteId': 811, 'listingNoteContentId': 2446054, 'formattedListingNoteContent': 'Actual 1st row of the section', 'listingNoteTypeId': 3, 'showToBuyer': True, 'hideInMock': False, 'siteAddedListingNote': False, 'aisleListingNoteWithSplit': False, 'listingNoteDescriptionContentId': 2446055, 'formattedListingNoteDescription': 'Actual 1st row of the section'}, {'listingNoteId': -1, 'listingNoteContentId': 3338094, 'formattedListingNoteContent': 'Clear view', 'listingNoteTypeId': 3, 'showToBuyer': True, 'hideInMock': False, 'siteAddedListingNote': False, 'aisleListingNoteWithSplit': False, 'listingNoteDescriptionContentId': 3338095, 'formattedListingNoteDescription': ""You'll have an unrestricted view of the show.""}]","[{'listingNoteBucketId': 0, 'formattedListingNoteContent': 'Actual 1st row of the section', 'displayOrder': 30, 'showsRawNoteText': True, 'sourceListingNoteId': 811}, {'listingNoteBucketId': 27, 'formattedListingNoteContent': 'Clear view', 'displayOrder': 8, 'showsRawNoteText': True, 'sourceListingNoteId': -1}]",2113770,False,False,Row 5,False,2105747,"¥2,105,747","¥2,105,747",,,,10,Mobile Transfer ticket,3,1,USD,JPY,,USD,"https://img.vggcdn.net/img/vfsimage2/812551/407_122916/0.jpg?im=Resize=(500,271)&v=771",10 days ago,4,False,False,False,False,fZiiHeeKS4DnlHbFNnyiLmWFXe4OlUp%2fR7eUEvSK6cQ%3d,False,2026-07-08T14:20:34.4970000Z,False,False,False,False,False,False,0,False,[7],False,False,False,False,0,False,False,0,13285866325,False,39B2053A-9947-4424-AE79-42021F00D39B,False,False,True,2,4.095566046282558,0.8004422494,Last ticket,True,"[{'message': 'Popular Pick', 'qualifier': '70 tickets sold for this event', 'hasValue': True, 'messageType': 'BoughtInLastHourSocialProofBased'}, {'message': 'Front Row', 'qualifier': 'Best seats in the house', 'hasValue': True, 'messageType': 'FirstRowTicketAttributeBased'}]",[811],19,19,,,,,,,,,,,
13392576891,153020449,103,122783,103,2,25,26_26,26,False,False,1,,False,False,[1],594,Lower,1,True,"[{'listingNoteId': 111, 'listingNoteContentId': 1703554, 'formattedListingNoteContent': 'Event Organiser', 'listingNoteTypeId': 5, 'showToBuyer': True, 'hideInMock': False, 'siteAddedListingNote': False, 'aisleListingNoteWithSplit': False, 'listingNoteDescriptionContentId': 1703553, 'formattedListingNoteDescription': 'the seller is an organiser of the event or a person acting on behalf of an organiser of the event'}, {'listingNoteId': -1, 'listingNoteContentId': 3338094, 'formattedListingNoteContent': 'Clear view', 'listingNoteTypeId': 3, 'showToBuyer': True, 'hideInMock': False, 'siteAddedListingNote': False, 'aisleListingNoteWithSplit': False, 'listingNoteDescriptionContentId': 3338095, 'formattedListingNoteDescription': ""You'll have an unrestricted view of the show.""}]","[{'listingNoteBucketId': 0, 'formattedListingNoteContent': 'Event Organiser', 'displayOrder': 30, 'showsRawNoteText': True, 'sourceListingNoteId': 111}, {'listingNoteBucketId': 27, 'formattedListingNoteContent': 'Clear view', 'displayOrder': 8, 'showsRawNoteText': True, 'sourceListingNoteId': -1}]",2112127,False,False,Row 25,False,2123291,"¥2,123,291","¥2,123,291",,,,10,Mobile Transfer ticket,3,1,USD,JPY,10000.0,USD,"https://img.vggcdn.net/img/vfsimage2/812551/594_122783/0.jpg?im=Resize=(500,271)&v=771",9 hours ago,7,False,False,False,False,j39a0DgVcTsAfWpqmrPMWouyxRozfE5BgA7FkI2Jvjw%3d,False,2026-07-18T19:40:17.6370000Z,False,False,False,True,False,False,0,False,[6],False,False,False,False,0,False,False,0,13392576891,False,36D6809C-DF19-4F5F-8040-A84DCE2EBE5D,False,False,True,3,6.564881197806,1.151437035,,,"[{'message': 'Popular Pick', 'qualifier': '70 tickets sold for this event', 'hasValue': True, 'messageType': 'BoughtInLastHourSocialProofBased'}]",[],26,26,,,,,Fan favorite,This section is in the top 10% of sections for this event when ranked based on a count of successful sales over the past 7 days on our site,True,,,,
13393685369,153020449,126,122797,126,2,31,3_5,3,False,False,3,,False,False,"[1, 3]",594,Lower,3,True,"[{'listingNoteId': -1, 'listingNoteContentId': 3338094, 'formattedListingNoteContent': 'Clear view', 'listingNoteTypeId': 3, 'showToBuyer': True, 'hideInMock': False, 'siteAddedListingNote': False, 'aisleListingNoteWithSplit': False, 'listingNoteDescriptionContentId': 3338095, 'formattedListingNoteDescription': ""You'll have an unrestricted view of the show.""}]","[{'listingNoteBucketId': 27, 'formattedListingNoteContent': 'Clear view', 'displayOrder': 8, 'showsRawNoteText': True, 'sourceListingNoteId': -1}]",2112789,False,False,Row 31,False,2126301,"¥2,126,301","¥2,126,301",,,,10,Mobile Transfer ticket,3,1,USD,JPY,0.0,USD,"https://img.vggcdn.net/img/vfsimage2/812551/594_122797/0.jpg?im=Resize=(500,271)&v=771",5 hours ago,7,False,False,False,False,LQHTso%2b4S2MaLHDzaxQ0kRJu8u79nmln0HrZFquKInc%3d,False,2026-07-18T23:46:54.3370000Z,False,False,False,False,False,False,0,False,,False,False,False,False,0,False,False,0,13393685369,False,0DE706E8-57BA-4F93-B24A-410A827D1481,False,False,True,4,7.245226792620269,1.263732799,,,"[{'message': 'Great Value', 'qualifier': 'Based on price, view, seat quality and more', 'hasValue': True, 'messageType': 'ValueBased'}, {'message': 'Popular Pick', 'qualifier': '70 tickets sold for this event', 'hasValue': True, 'messageType': 'BoughtInLastHourSocialProofBased'}]",[],,,,,,,,,,,,,
13390442972,153020449,149,122812,149,2,14,_,,False,False,1,,False,False,[1],594,Lower,1,True,"[{'listingNoteId': -1, 'listingNoteContentId': 3338094, 'formattedListingNoteContent': 'Clear view', 'listingNoteTypeId': 3, 'showToBuyer': True, 'hideInMock': False, 'siteAddedListingNote': False, 'aisleListingNoteWithSplit': False, 'listingNoteDescriptionContentId': 3338095, 'formattedListingNoteDescription': ""You'll have an unrestricted view of the show.""}]","[{'listingNoteBucketId': 27, 'formattedListingNoteContent': 'Clear view', 'displayOrder': 8, 'showsRawNoteText': True, 'sourceListingNoteId': -1}]",2113331,False,False,Row 14,False,2139100,"¥2,139,100","¥2,139,100",,,,10,Mobile Transfer ticket,3,1,USD,JPY,10990.0,USD,"https://img.vggcdn.net/img/vfsimage2/812551/594_122812/0.jpg?im=Resize=(500,271)&v=771",16 hours ago,8,False,False,False,False,hnMmCqywahGptqO2CZHDkkGmfHqtgJwEIGayG8PB5Rs%3d,False,2026-07-18T12:17:54.7330000Z,False,False,False,False,False,False,0,False,,False,False,False,False,0,False,False,0,13390442972,False,D7CD668C-59B8-482B-8043-6CEAC944828E,False,False,True,4,7.940696235490917,1.410860715,,,"[{'message': 'Great Value', 'qualifier': 'Based on price, view, seat quality and more', 'hasValue': True, 'messageType': 'ValueBased'}, {'message': 'Popular Pick', 'qualifier': '70 tickets sold for this event', 'hasValue': True, 'messageType': 'BoughtInLastHourSocialProofBased'}]",[],,,,,,,,,,,,,
13388308290,153020449,232C,1530794,232C,2,14,_,,False,False,4,,False,False,"[1, 2, 3, 4]",471,Middle,4,True,"[{'listingNoteId': -1, 'listingNoteContentId': 3338094, 'formattedListingNoteContent': 'Clear view', 'listingNoteTypeId': 3, 'showToBuyer': True, 'hideInMock': False, 'siteAddedListingNote': False, 'aisleListingNoteWithSplit': False, 'listingNoteDescriptionContentId': 3338095, 'formattedListingNoteDescription': ""You'll have an unrestricted view of the show.""}]","[{'listingNoteBucketId': 27, 'formattedListingNoteContent': 'Clear view', 'displayOrder': 8, 'showsRawNoteText': True, 'sourceListingNoteId': -1}]",1593479,False,False,Row 14,False,2141712,"¥2,141,712","¥2,141,712","¥3,976,917",46.0,"¥1,835,205",10,Mobile Transfer ticket,3,1,USD,JPY,10990.0,USD,"https://img.vggcdn.net/img/vfsimage2/812551/471_1530794/0.jpg?im=Resize=(500,271)&v=771",yesterday,5,False,False,False,False,gCvSydC%2bVEqrCbUTJ%2fO%2f%2bxVm4TgiSerVbh7Tdr5nGSg%3d,False,2026-07-18T02:58:06.5730000Z,False,False,False,False,False,False,0,False,[7],False,False,False,False,0,False,False,0,13388308290,False,C11DC135-806D-4D03-A4A8-3332590FDABB,False,False,True,2,4.554590712191034,0.885675885,Last tickets,True,"[{'message': 'Popular Pick', 'qualifier': '70 tickets sold for this event', 'hasValue': True, 'messageType': 'BoughtInLastHourSocialProofBased'}]",[],,,,,,,,,,,,,
13393706066,153020449,144,122809,144,2,9,14_,14,False,False,1,,False,False,[1],594,Lower,1,True,"[{'listingNoteId': -1, 'listingNoteContentId': 3338094, 'formattedListingNoteContent': 'Clear view', 'listingNoteTypeId': 3, 'showToBuyer': True, 'hideInMock': False, 'siteAddedListingNote': False, 'aisleListingNoteWithSplit': False, 'listingNoteDescriptionContentId': 3338095, 'formattedListingNoteDescription': ""You'll have an unrestricted view of the show.""}]","[{'listingNoteBucketId': 27, 'formattedListingNoteContent': 'Clear view', 'displayOrder': 8, 'showsRawNoteText': True, 'sourceListingNoteId': -1}]",2113231,False,False,Row 9,False,2149327,"¥2,149,327","¥2,149,327","¥2,772,689",22.0,"¥623,362",10,Mobile Transfer ticket,3,1,BRL,JPY,8000.0,BRL,"https://img.vggcdn.net/img/vfsimage2/812551/594_122809/0.jpg?im=Resize=(500,271)&v=771",4 hours ago,9,False,False,False,False,TW9u1D7vfayNzX8zLhbjD1uPohEfEUIGCpJSoc%2fJZM0%3d,False,2026-07-18T23:53:14.9570000Z,False,False,False,False,False,False,0,False,[7],False,False,False,False,0,False,False,0,13393706066,False,AE966693-3EE9-46E3-B79C-4BC05C92382D,False,False,True,5,8.716079665138928,1.628798313,Last ticket,True,"[{'message': 'Amazing Value', 'qualifier': 'Based on price, view, seat quality and more', 'hasValue': True, 'messageType': 'ValueBased'}, {'message': 'Popular Pick', 'qualifier': '70 tickets sold for this event', 'hasValue': True, 'messageType': 'BoughtInLastHourSocialProofBased'}]",[],,,,,,,,,,,,,
13384790123,153020449,131,122800,131,2,28,29_,29,False,False,1,,False,False,[1],594,Lower,1,True,"[{'listingNoteId': -1, 'listingNoteContentId': 3338094, 'formattedListingNoteContent': 'Clear view', 'listingNoteTypeId': 3, 'showToBuyer': True, 'hideInMock': False, 'siteAddedListingNote': False, 'aisleListingNoteWithSplit': False, 'listingNoteDescriptionContentId': 3338095, 'formattedListingNoteDescription': ""You'll have an unrestricted view of the show.""}]","[{'listingNoteBucketId': 27, 'formattedListingNoteContent': 'Clear view', 'displayOrder': 8, 'showsRawNoteText': True, 'sourceListingNoteId': -1}]",2112926,False,False,Row 28,False,2149327,"¥2,149,327","¥2,149,327","¥3,393,772",37.0,"¥1,244,445",10,Mobile Transfer ticket,3,1,BRL,JPY,1500.0,BRL,"https://img.vggcdn.net/img/vfsimage2/812551/594_122800/0.jpg?im=Resize=(500,271)&v=771",yesterday,7,False,False,False,False,TW9u1D7vfayNzX8zLhbjD1uPohEfEUIGCpJSoc%2fJZM0%3d,False,2026-07-17T17:53:40.7570000Z,False,False,False,False,False,False,0,False,[7],False,False,False,False,0,False,False,0,13384790123,False,51DCDB49-665A-4DD1-ABD0-AFF8C2111F0E,False,False,True,4,7.073833428965188,1.247029714,Last ticket,True,"[{'message': 'Great Value', 'qualifier': 'Based on price, view, seat quality and more', 'hasValue': True, 'messageType': 'ValueBased'}, {'message': 'Popular Pick', 'qualifier': '70 tickets sold for this event', 'hasValue': True, 'messageType': 'BoughtInLastHourSocialProofBased'}]",[],,,,,,,,,,,,,
13364048140,153020449,149,122812,149,2,7,12_14,12,False,False,3,,False,False,"[1, 3]",594,Lower,3,True,"[{'listingNoteId': -1, 'listingNoteContentId': 3338094, 'formattedListingNoteContent': 'Clear view', 'listingNoteTypeId': 3, 'showToBuyer': True, 'hideInMock': False, 'siteAddedListingNote': False, 'aisleListingNoteWithSplit': False, 'listingNoteDescriptionContentId': 3338095, 'formattedListingNoteDescription': ""You'll have an unrestricted view of the show.""}]","[{'listingNoteBucketId': 27, 'formattedListingNoteContent': 'Clear view', 'displayOrder': 8, 'showsRawNoteText': True, 'sourceListingNoteId': -1}]",2113372,False,False,Row 7,False,2174959,"¥2,174,959","¥2,174,959","¥3,255,115",33.0,"¥1,080,156",10,Mobile Transfer ticket,3,1,USD,JPY,0.0,USD,"https://img.vggcdn.net/img/vfsimage2/812551/594_122812/0.jpg?im=Resize=(500,271)&v=771",3 days ago,8,False,False,False,False,khyLzmFnRV6bvso705nCiKQUix%2f40tIq5J0SeK2C3gg%3d,False,2026-07-15T20:58:41.9000000Z,False,False,False,False,False,False,0,False,,False,False,False,False,0,False,False,0,13364048140,False,6000E3D8-33FA-41E9-8646-FC5ED32D79CD,False,False,True,4,8.320659166087243,1.526010398,,,"[{'message': 'Great Value', 'qualifier': 'Based on price, view, seat quality and more', 'hasValue': True, 'messageType': 'ValueBased'}, {'message': 'Popular Pick', 'qualifier': '70 tickets sold for this event', 'hasValue': True, 'messageType': 'BoughtInLastHourSocialProofBased'}]",[],,,,,,,,,,,,,
13393607715,153020449,126,122797,126,2,30,18_18,18,False,False,1,,False,False,[1],594,Lower,1,True,"[{'listingNoteId': -1, 'listingNoteContentId': 3338094, 'formattedListingNoteContent': 'Clear view', 'listingNoteTypeId': 3, 'showToBuyer': True, 'hideInMock': False, 'siteAddedListingNote': False, 'aisleListingNoteWithSplit': False, 'listingNoteDescriptionContentId': 3338095, 'formattedListingNoteDescription': ""You'll have an unrestricted view of the show.""}]","[{'listingNoteBucketId': 27, 'formattedListingNoteContent': 'Clear view', 'displayOrder': 8, 'showsRawNoteText': True, 'sourceListingNoteId': -1}]",2112788,False,False,Row 30,False,2180310,"¥2,180,310","¥2,180,310",,,,10,Mobile Transfer ticket,3,1,USD,JPY,0.0,USD,"https://img.vggcdn.net/img/vfsimage2/812551/594_122797/0.jpg?im=Resize=(500,271)&v=771",5 hours ago,7,False,False,False,False,7qqRycH6h%2buerJGIYrATi3Z9rwPBUkwwBODUHRvF1ps%3d,False,2026-07-18T23:26:34.8600000Z,False,False,False,False,False,False,0,False,,False,False,False,False,0,False,False,0,13393607715,False,BD41E1CE-7B6F-4578-946D-9A1E7EB45C93,False,False,True,4,7.162000555609794,1.2802602,,,"[{'message': 'Great Value', 'qualifier': 'Based on price, view, seat quality and more', 'hasValue': True, 'messageType': 'ValueBased'}, {'message': 'Popular Pick', 'qualifier': '70 tickets sold for this event', 'hasValue': True, 'messageType': 'BoughtInLastHourSocialProofBased'}]",[],18,18,,,,,,,,,,,
13367629926,153020449,Argentina Supporters Standard Tier,2449434,Argentina Supporters Standard Tier,2,,_,,False,False,2,,False,False,"[1, 2]",36868,Argentina Supporters,2,True,"[{'listingNoteId': -1, 'listingNoteContentId': 3338094, 'formattedListingNoteContent': 'Clear view', 'listingNoteTypeId': 3, 'showToBuyer': True, 'hideInMock': False, 'siteAddedListingNote': False, 'aisleListingNoteWithSplit': False, 'listingNoteDescriptionContentId': 3338095, 'formattedListingNoteDescription': ""You'll have an unrestricted view of the show.""}]","[{'listingNoteBucketId': 27, 'formattedListingNoteContent': 'Clear view', 'displayOrder': 8, 'showsRawNoteText': True, 'sourceListingNoteId': -1}]",4849986,False,False,Row,True,2183721,"¥2,183,721","¥2,183,721","¥2,948,525",26.0,"¥764,804",10,Mobile Transfer ticket,3,1,USD,JPY,10000.0,USD,"https://img.vggcdn.net/img/vfsimage2/812551/36868_2449434/0.jpg?im=Resize=(500,271)&v=771",2 days ago,7,False,False,False,False,7Xh10zDwZtM%2bCDtazTlTgsO0TDRMyTs%2be99GAYz%2fT%2bQ%3d,False,2026-07-16T04:58:48.2770000Z,False,False,False,False,False,False,0,False,[7],False,False,False,False,0,False,False,0,13367629926,False,9DAA32C0-3742-4666-AC35-CDA62B597501,False,False,True,3,6.872386032770242,1.231148835,Last tickets,True,"[{'message': 'Popular Pick', 'qualifier': '70 tickets sold for this event', 'hasValue': True, 'messageType': 'BoughtInLastHourSocialProofBased'}]",[],,,,,,,,,,,,,
13252686644,153020449,Lower,1546666,Lower,3,,_,,False,False,4,,False,False,"[1, 2, 3, 4]",594,Lower,4,True,"[{'listingNoteId': -1, 'listingNoteContentId': 3338094, 'formattedListingNoteContent': 'Clear view', 'listingNoteTypeId': 3, 'showToBuyer': True, 'hideInMock': False, 'siteAddedListingNote': False, 'aisleListingNoteWithSplit': False, 'listingNoteDescriptionContentId': 3338095, 'formattedListingNoteDescription': ""You'll have an unrestricted view of the show.""}]","[{'listingNoteBucketId': 27, 'formattedListingNoteContent': 'Clear view', 'displayOrder': 8, 'showsRawNoteText': True, 'sourceListingNoteId': -1}]",1641233,False,False,Row,True,2183721,"¥2,183,721","¥2,183,721",,,,10,Mobile Transfer ticket,3,1,USD,JPY,10000.0,USD,"https://img.vggcdn.net/img/vfsimage2/812551/594_1546666/0.jpg?im=Resize=(500,271)&v=771",13 days ago,0,False,False,True,False,7Xh10zDwZtM%2bCDtazTlTgsO0TDRMyTs%2be99GAYz%2fT%2bQ%3d,False,2026-07-05T16:54:09.3230000Z,False,False,False,False,False,False,0,False,[7],False,False,False,False,0,False,False,0,13252686644,False,829620C0-592A-4213-8655-81360ED1A117,False,False,True,0,,,Last tickets,True,"[{'message': 'Popular Pick', 'qualifier': '70 tickets sold for this event', 'hasValue': True, 'messageType': 'BoughtInLastHourSocialProofBased'}]",[],,,,,,,,,,,,,
13389404561,153020449,148,122811,148,2,12,19_19,19,False,False,1,,False,False,[1],594,Lower,1,True,"[{'listingNoteId': -1, 'listingNoteContentId': 3338094, 'formattedListingNoteContent': 'Clear view', 'listingNoteTypeId': 3, 'showToBuyer': True, 'hideInMock': False, 'siteAddedListingNote': False, 'aisleListingNoteWithSplit': False, 'listingNoteDescriptionContentId': 3338095, 'formattedListingNoteDescription': ""You'll have an unrestricted view of the show.""}]","[{'listingNoteBucketId': 27, 'formattedListingNoteContent': 'Clear view', 'displayOrder': 8, 'showsRawNoteText': True, 'sourceListingNoteId': -1}]",2113281,False,False,Row 12,False,2193468,"¥2,193,468","¥2,193,468",,,,10,Mobile Transfer ticket,3,1,USD,JPY,0.0,USD,"https://img.vggcdn.net/img/vfsimage2/812551/594_122811/0.jpg?im=Resize=(500,271)&v=771",22 hours ago,9,False,False,False,False,4N42p1%2bgbaCRcTPNVVj6L%2bMpgxIjLJC%2fiQOR8RMheJo%3d,False,2026-07-18T06:21:24.0130000Z,False,False,False,True,False,False,0,False,[6],False,False,False,False,0,False,False,0,13389404561,False,2EBEEBFF-60AD-4B27-B982-439D4B0079DD,False,False,True,5,8.60066893951936,1.621507828,,,"[{'message': 'Amazing Value', 'qualifier': 'Based on price, view, seat quality and more', 'hasValue': True, 'messageType': 'ValueBased'}, {'message': 'Popular Pick', 'qualifier': '70 tickets sold for this event', 'hasValue': True, 'messageType': 'BoughtInLastHourSocialProofBased'}]",[],19,19,,,,,Fan favorite,This section is in the top 10% of sections for this event when ranked based on a count of successful sales over the past 7 days on our site,True,,,,
13388419682,153020449,126,122797,126,2,29,_,,False,False,2,,False,False,"[1, 2]",594,Lower,2,True,"[{'listingNoteId': -1, 'listingNoteContentId': 3338094, 'formattedListingNoteContent': 'Clear view', 'listingNoteTypeId': 3, 'showToBuyer': True, 'hideInMock': False, 'siteAddedListingNote': False, 'aisleListingNoteWithSplit': False, 'listingNoteDescriptionContentId': 3338095, 'formattedListingNoteDescription': ""You'll have an unrestricted view of the show.""}]","[{'listingNoteBucketId': 27, 'formattedListingNoteContent': 'Clear view', 'displayOrder': 8, 'showsRawNoteText': True, 'sourceListingNoteId': -1}]",2112786,False,False,Row 29,False,2197366,"¥2,197,366","¥2,197,366",,,,10,Mobile Transfer ticket,3,14,USD,JPY,10990.0,USD,"https://img.vggcdn.net/img/vfsimage2/812551/594_122797/0.jpg?im=Resize=(500,271)&v=771",yesterday,7,False,False,False,False,nBhBIAfJtW6vbA9vNO%2bMxVrTQHNtSM9fzNqYNHyUSPc%3d,False,2026-07-18T03:33:57.8300000Z,False,False,False,False,False,False,0,False,,False,False,False,False,0,False,False,0,13388419682,False,729E44CF-ABBB-4708-9294-843397AC9F51,False,False,True,4,7.198768522556036,1.296988872,,,"[{'message': 'Great Value', 'qualifier': 'Based on price, view, seat quality and more', 'hasValue': True, 'messageType': 'ValueBased'}, {'message': 'Popular Pick', 'qualifier': '70 tickets sold for this event', 'hasValue': True, 'messageType': 'BoughtInLastHourSocialProofBased'}]",[],,,,,,,,,,,,,
13377987101,153020449,126,122797,126,2,19,_,,False,False,4,,False,False,"[1, 2, 3, 4]",594,Lower,4,True,"[{'listingNoteId': -1, 'listingNoteContentId': 3338094, 'formattedListingNoteContent': 'Clear view', 'listingNoteTypeId': 3, 'showToBuyer': True, 'hideInMock': False, 'siteAddedListingNote': False, 'aisleListingNoteWithSplit': False, 'listingNoteDescriptionContentId': 3338095, 'formattedListingNoteDescription': ""You'll have an unrestricted view of the show.""}]","[{'listingNoteBucketId': 27, 'formattedListingNoteContent': 'Clear view', 'displayOrder': 8, 'showsRawNoteText': True, 'sourceListingNoteId': -1}]",2112775,False,False,Row 19,False,2203214,"¥2,203,214","¥2,203,214",,,,10,Mobile Transfer ticket,3,1,USD,JPY,10000.0,USD,"https://img.vggcdn.net/img/vfsimage2/812551/594_122797/0.jpg?im=Resize=(500,271)&v=771",2 days ago,8,False,False,False,False,cWolTlva0XDdTPmMt56l1GJuch%2flQ2y0qrVWZS7XfW0%3d,False,2026-07-17T00:14:48.3470000Z,False,False,False,False,False,False,0,False,,False,False,False,False,0,False,False,0,13377987101,False,964FE886-7A5A-4046-ACCF-B30F6FB4CA81,False,False,True,4,8.039160522992965,1.475899864,,,"[{'message': 'Great Value', 'qualifier': 'Based on price, view, seat quality and more', 'hasValue': True, 'messageType': 'ValueBased'}, {'message': 'Popular Pick', 'qualifier': '70 tickets sold for this event', 'hasValue': True, 'messageType': 'BoughtInLastHourSocialProofBased'}]",[],,,,,,,,,,,,,
13350044210,153020449,207C,1530778,207C,2,14,8_8,8,False,False,1,,False,False,[1],471,Middle,1,True,"[{'listingNoteId': -1, 'listingNoteContentId': 3338094, 'formattedListingNoteContent': 'Clear view', 'listingNoteTypeId': 3, 'showToBuyer': True, 'hideInMock': False, 'siteAddedListingNote': False, 'aisleListingNoteWithSplit': False, 'listingNoteDescriptionContentId': 3338095, 'formattedListingNoteDescription': ""You'll have an unrestricted view of the show.""}]","[{'listingNoteBucketId': 27, 'formattedListingNoteContent': 'Clear view', 'displayOrder': 8, 'showsRawNoteText': True, 'sourceListingNoteId': -1}]",1593451,False,False,Row 14,False,2227971,"¥2,227,971","¥2,227,971",,,,10,Mobile Transfer ticket,3,1,USD,JPY,10990.0,USD,"https://img.vggcdn.net/img/vfsimage2/812551/471_1530778/0.jpg?im=Resize=(500,271)&v=771",4 days ago,2,False,False,False,False,ILFzjXElhDdaRPjqrdnoZ7jzkh74MOvwiCJAfRTkTPc%3d,False,2026-07-14T16:15:39.5500000Z,False,False,False,False,False,False,0,False,[7],False,False,False,False,0,False,False,0,13350044210,False,9FCE8EB9-3200-4676-9BB2-65FA6ECF4572,False,False,True,1,2.4910558715243107,0.6530657106,Last ticket,True,"[{'message': 'Popular Pick', 'qualifier': '70 tickets sold for this event', 'hasValue': True, 'messageType': 'BoughtInLastHourSocialProofBased'}]",[],8,8,,,,,,,,,,,
13390284812,153020449,108,122786,108,2,15,_,,False,False,3,,False,False,"[1, 3]",594,Lower,3,True,"[{'listingNoteId': 814, 'listingNoteContentId': 2446060, 'formattedListingNoteContent': 'Limited or Obstructed View (printed on ticket)', 'listingNoteTypeId': 1, 'showToBuyer': True, 'hideInMock': False, 'siteAddedListingNote': False, 'aisleListingNoteWithSplit': False, 'listingNoteDescriptionContentId': 2446061, 'formattedListingNoteDescription': 'Limited or Obstructed View (printed on ticket)'}]","[{'listingNoteBucketId': 21, 'formattedListingNoteContent': 'Limited view', 'displayOrder': 21, 'showsRawNoteText': False}]",2112258,False,False,Row 15,False,2388403,"¥2,388,403","¥2,388,403",,,,10,Mobile Transfer ticket,3,1,USD,JPY,1099.0,USD,"https://img.vggcdn.net/img/vfsimage2/812551/594_122786/0.jpg?im=Resize=(500,271)&v=771",16 hours ago,8,False,False,False,False,4N42p1%2bgbaCRcTPNVVj6L%2bMpgxIjLJC%2fiQOR8RMheJo%3d,False,2026-07-18T11:59:25.3700000Z,False,False,False,False,False,False,0,False,,False,False,False,False,0,False,False,0,13390284812,False,A3117646-9B91-47FF-8F13-80CF5B235612,False,False,True,4,7.68357243496815,1.513572,,,"[{'message': 'Great Value', 'qualifier': 'Based on price, view, seat quality and more', 'hasValue': True, 'messageType': 'ValueBased'}, {'message': 'Popular Pick', 'qualifier': '70 tickets sold for this event', 'hasValue': True, 'messageType': 'BoughtInLastHourSocialProofBased'}]",[],,,,,,,,,,,,,
13386082537,153020449,103,122783,103,2,4,7_7,7,False,False,1,,False,False,[1],594,Lower,1,True,"[{'listingNoteId': -1, 'listingNoteContentId': 3338094, 'formattedListingNoteContent': 'Clear view', 'listingNoteTypeId': 3, 'showToBuyer': True, 'hideInMock': False, 'siteAddedListingNote': False, 'aisleListingNoteWithSplit': False, 'listingNoteDescriptionContentId': 3338095, 'formattedListingNoteDescription': ""You'll have an unrestricted view of the show.""}]","[{'listingNoteBucketId': 27, 'formattedListingNoteContent': 'Clear view', 'displayOrder': 8, 'showsRawNoteText': True, 'sourceListingNoteId': -1}]",2112143,False,False,Row 4,False,2403998,"¥2,403,998","¥2,403,998","¥3,222,274",25.0,"¥818,276",10,Mobile Transfer ticket,3,1,USD,JPY,,USD,"https://img.vggcdn.net/img/vfsimage2/812551/594_122783/0.jpg?im=Resize=(500,271)&v=771",yesterday,7,False,False,False,False,fqTTJ3goeW%2bFUJfEeHWNvxkOPOFHFFXZzChkSZCiseg%3d,False,2026-07-17T20:37:38.5970000Z,False,False,False,True,False,False,0,False,[6],False,False,False,False,0,False,False,0,13386082537,False,BB885970-DDBC-415A-B46B-4654C3F06485,False,False,True,4,7.253210460415428,1.429990262,,,"[{'message': 'Great Value', 'qualifier': 'Based on price, view, seat quality and more', 'hasValue': True, 'messageType': 'ValueBased'}, {'message': 'Popular Pick', 'qualifier': '70 tickets sold for this event', 'hasValue': True, 'messageType': 'BoughtInLastHourSocialProofBased'}]",[],7,7,,,,,Fan favorite,This section is in the top 10% of sections for this event when ranked based on a count of successful sales over the past 7 days on our site,True,,,,
13387866389,153020449,142,122807,142,2,33,21_21,21,False,False,1,,False,False,[1],594,Lower,1,True,"[{'listingNoteId': 814, 'listingNoteContentId': 2446060, 'formattedListingNoteContent': 'Limited or Obstructed View (printed on ticket)', 'listingNoteTypeId': 1, 'showToBuyer': True, 'hideInMock': False, 'siteAddedListingNote': False, 'aisleListingNoteWithSplit': False, 'listingNoteDescriptionContentId': 2446061, 'formattedListingNoteDescription': 'Limited or Obstructed View (printed on ticket)'}]","[{'listingNoteBucketId': 21, 'formattedListingNoteContent': 'Limited view', 'displayOrder': 21, 'showsRawNoteText': False}]",2113160,False,False,Row 33,False,2456630,"¥2,456,630","¥2,456,630","¥4,549,079",46.0,"¥2,092,449",10,Mobile Transfer ticket,3,1,USD,JPY,10000.0,USD,"https://img.vggcdn.net/img/vfsimage2/812551/594_122807/0.jpg?im=Resize=(500,271)&v=771",yesterday,7,False,False,False,False,Czdw6%2fg0Q6%2bd9BFZLzKWN4V2RY4NdEifUA9aD7c93eg%3d,False,2026-07-18T01:13:10.2930000Z,False,False,False,False,False,False,0,False,,False,False,False,False,0,False,False,0,13387866389,False,8EA3B061-FD32-4100-9A59-66CE275B05DF,False,False,True,4,7.1728493839259295,1.445226969,,,"[{'message': 'Great Value', 'qualifier': 'Based on price, view, seat quality and more', 'hasValue': True, 'messageType': 'ValueBased'}, {'message': 'Popular Pick', 'qualifier': '70 tickets sold for this event', 'hasValue': True, 'messageType': 'BoughtInLastHourSocialProofBased'}]",[],21,21,,,,,,,,,,,
13394493020,153020449,247A,1530799,247A,2,7,17_17,17,False,False,1,,False,False,[1],471,Middle,1,True,"[{'listingNoteId': -1, 'listingNoteContentId': 3338094, 'formattedListingNoteContent': 'Clear view', 'listingNoteTypeId': 3, 'showToBuyer': True, 'hideInMock': False, 'siteAddedListingNote': False, 'aisleListingNoteWithSplit': False, 'listingNoteDescriptionContentId': 3338095, 'formattedListingNoteDescription': ""You'll have an unrestricted view of the show.""}]","[{'listingNoteBucketId': 27, 'formattedListingNoteContent': 'Clear view', 'displayOrder': 8, 'showsRawNoteText': True, 'sourceListingNoteId': -1}]",1593725,False,False,Row 7,False,2544351,"¥2,544,351","¥2,544,351",,,,10,Mobile Transfer ticket,3,1,USD,JPY,0.0,USD,"https://img.vggcdn.net/img/vfsimage2/812551/471_1530799/0.jpg?im=Resize=(500,271)&v=771",an hour ago,4,False,False,False,False,tbLkoTf7Snujyg4h9CS1tssZgIjrydTYIKg6IOGpQT8%3d,False,2026-07-19T03:31:02.6630000Z,False,False,False,False,False,False,0,False,[7],False,False,False,False,0,False,False,0,13394493020,False,760014BC-0C61-4C71-B0B1-A797CA62CD64,False,False,True,2,4.191500521270239,0.9838136597,Last ticket,True,"[{'message': 'Popular Pick', 'qualifier': '70 tickets sold for this event', 'hasValue': True, 'messageType': 'BoughtInLastHourSocialProofBased'}]",[],17,17,,,,,,,,,,,
13394561208,153020449,209,122842,209,2,8,_,,False,False,4,,False,False,"[1, 2, 3, 4]",471,Middle,4,True,"[{'listingNoteId': -1, 'listingNoteContentId': 3338094, 'formattedListingNoteContent': 'Clear view', 'listingNoteTypeId': 3, 'showToBuyer': True, 'hideInMock': False, 'siteAddedListingNote': False, 'aisleListingNoteWithSplit': False, 'listingNoteDescriptionContentId': 3338095, 'formattedListingNoteDescription': ""You'll have an unrestricted view of the show.""}]","[{'listingNoteBucketId': 27, 'formattedListingNoteContent': 'Clear view', 'displayOrder': 8, 'showsRawNoteText': True, 'sourceListingNoteId': -1}]",702842,False,False,Row 8,False,2555560,"¥2,555,560","¥2,555,560",,,,10,Mobile Transfer ticket,3,1,USD,JPY,9000.0,USD,"https://img.vggcdn.net/img/vfsimage2/812551/471_122842/0.jpg?im=Resize=(500,271)&v=771",an hour ago,5,False,False,False,False,6zj5SrgxdiSahutUcrNnX%2fprtYbF0wxZvx7CAQvBHAQ%3d,False,2026-07-19T03:45:46.7170000Z,False,False,False,False,False,False,0,False,,False,False,False,False,0,False,False,0,13394561208,False,66A8B144-9A48-4998-A97A-00978D3AD482,False,False,True,3,5.452154082039039,1.213889241,,,"[{'message': 'Popular Pick', 'qualifier': '70 tickets sold for this event', 'hasValue': True, 'messageType': 'BoughtInLastHourSocialProofBased'}]",[],,,,,,,,,,,,,
13387080696,153020449,128,122798,128,2,21,_,,False,False,1,,False,False,[1],594,Lower,1,True,"[{'listingNoteId': -1, 'listingNoteContentId': 3338094, 'formattedListingNoteContent': 'Clear view', 'listingNoteTypeId': 3, 'showToBuyer': True, 'hideInMock': False, 'siteAddedListingNote': False, 'aisleListingNoteWithSplit': False, 'listingNoteDescriptionContentId': 3338095, 'formattedListingNoteDescription': ""You'll have an unrestricted view of the show.""}]","[{'listingNoteBucketId': 27, 'formattedListingNoteContent': 'Clear view', 'displayOrder': 8, 'showsRawNoteText': True, 'sourceListingNoteId': -1}]",2112826,False,False,Row 21,False,2564341,"¥2,564,341","¥2,564,341",,,,10,Mobile Transfer ticket,3,1,EUR,JPY,10990.0,EUR,"https://img.vggcdn.net/img/vfsimage2/812551/594_122798/0.jpg?im=Resize=(500,271)&v=771",yesterday,7,False,False,False,False,TQxZlisxx%2f8306nacjvnL4pZIZU0kSkM4j%2b22a%2fzrnA%3d,False,2026-07-17T23:05:59.8100000Z,False,False,False,False,False,False,0,False,,False,False,False,False,0,False,False,0,13387080696,False,D7E80B59-E220-4100-BDBA-89794BF2AE61,False,False,True,3,6.819422673768275,1.437252908,,,"[{'message': 'Popular Pick', 'qualifier': '70 tickets sold for this event', 'hasValue': True, 'messageType': 'BoughtInLastHourSocialProofBased'}]",[],,,,,,,,,,,,,
13388050955,153020449,101,122782,101,2,2,17_17,17,False,False,1,,False,False,[1],594,Lower,1,True,"[{'listingNoteId': 2026, 'listingNoteContentId': 3415844, 'formattedListingNoteContent': 'Second Row of Section', 'listingNoteTypeId': 6, 'showToBuyer': True, 'hideInMock': False, 'siteAddedListingNote': False, 'aisleListingNoteWithSplit': False, 'listingNoteDescriptionContentId': 3415844, 'formattedListingNoteDescription': 'Second Row of Section'}, {'listingNoteId': -1, 'listingNoteContentId': 3338094, 'formattedListingNoteContent': 'Clear view', 'listingNoteTypeId': 3, 'showToBuyer': True, 'hideInMock': False, 'siteAddedListingNote': False, 'aisleListingNoteWithSplit': False, 'listingNoteDescriptionContentId': 3338095, 'formattedListingNoteDescription': ""You'll have an unrestricted view of the show.""}]","[{'listingNoteBucketId': 14, 'formattedListingNoteContent': 'Second Row of Section', 'displayOrder': 14, 'showsRawNoteText': True, 'sourceListingNoteId': 2026}, {'listingNoteBucketId': 27, 'formattedListingNoteContent': 'Clear view', 'displayOrder': 8, 'showsRawNoteText': True, 'sourceListingNoteId': -1}]",2112074,False,False,Row 2,False,2615057,"¥2,615,057","¥2,615,057","¥4,816,773",46.0,"¥2,201,716",10,Mobile Transfer ticket,3,1,USD,JPY,0.0,USD,"https://img.vggcdn.net/img/vfsimage2/812551/594_122782/0.jpg?im=Resize=(500,271)&v=771",yesterday,8,False,False,False,False,olBTREGqAbdh%2fR1R4gj%2bN2C1I%2fOWRE9omEMFehnFboQ%3d,False,2026-07-18T01:49:15.2000000Z,False,False,False,True,False,False,0,False,[6],False,False,False,False,0,False,False,0,13388050955,False,BF9285C3-4DAA-4491-B2DC-765B5CD0438C,False,False,True,4,7.870882135268973,1.706054045,,,"[{'message': 'Great Value', 'qualifier': 'Based on price, view, seat quality and more', 'hasValue': True, 'messageType': 'ValueBased'}, {'message': 'Popular Pick', 'qualifier': '70 tickets sold for this event', 'hasValue': True, 'messageType': 'BoughtInLastHourSocialProofBased'}, {'message': 'Second Row', 'qualifier': 'Premium close-up view', 'hasValue': True, 'messageType': 'SecondRowTicketAttributeBased'}]",[2026],,,,,,,Fan favorite,This section is in the top 10% of sections for this event when ranked based on a count of successful sales over the past 7 days on our site,True,,,,
13388153094,153020449,336,122929,336,2,1,20_26,20,False,False,7,,False,False,"[1, 2, 3, 4, 5, 6, 7]",478,Loge,7,True,"[{'listingNoteId': 2025, 'listingNoteContentId': 3415843, 'formattedListingNoteContent': 'Front Row of Section', 'listingNoteTypeId': 6, 'showToBuyer': True, 'hideInMock': False, 'siteAddedListingNote': False, 'aisleListingNoteWithSplit': False, 'listingNoteDescriptionContentId': 3415843, 'formattedListingNoteDescription': 'Front Row of Section'}, {'listingNoteId': -1, 'listingNoteContentId': 3338094, 'formattedListingNoteContent': 'Clear view', 'listingNoteTypeId': 3, 'showToBuyer': True, 'hideInMock': False, 'siteAddedListingNote': False, 'aisleListingNoteWithSplit': False, 'listingNoteDescriptionContentId': 3338095, 'formattedListingNoteDescription': ""You'll have an unrestricted view of the show.""}]","[{'listingNoteBucketId': 14, 'formattedListingNoteContent': 'Front Row of Section', 'displayOrder': 14, 'showsRawNoteText': True, 'sourceListingNoteId': 2025}, {'listingNoteBucketId': 27, 'formattedListingNoteContent': 'Clear view', 'displayOrder': 8, 'showsRawNoteText': True, 'sourceListingNoteId': -1}]",1591187,False,False,Row 1,False,2667160,"¥2,667,160","¥2,667,160","¥3,790,860",30.0,"¥1,123,700",10,Mobile Transfer ticket,3,1,USD,JPY,8500.0,USD,"https://img.vggcdn.net/img/vfsimage2/812551/478_122929/0.jpg?im=Resize=(500,271)&v=771",yesterday,4,False,False,False,False,XW4MryPor0MRE9ibgfj98B7rjVwf%2bFH%2b8lr35%2f2E4g0%3d,False,2026-07-18T02:14:39.5970000Z,False,False,False,False,False,False,0,False,,False,False,False,False,0,False,False,0,13388153094,False,1BF587EF-486D-4C6B-B71E-940CC947E511,False,False,True,2,3.598913175301211,0.9323844348,,,"[{'message': 'Popular Pick', 'qualifier': '70 tickets sold for this event', 'hasValue': True, 'messageType': 'BoughtInLastHourSocialProofBased'}, {'message': 'Front Row', 'qualifier': 'Best seats in the house', 'hasValue': True, 'messageType': 'FirstRowTicketAttributeBased'}]",[2025],,,,,,,,,,,,,
13393917154,153020449,115C,1530769,115C,2,9,_,,False,False,1,,False,False,[1],594,Lower,1,True,"[{'listingNoteId': -1, 'listingNoteContentId': 3338094, 'formattedListingNoteContent': 'Clear view', 'listingNoteTypeId': 3, 'showToBuyer': True, 'hideInMock': False, 'siteAddedListingNote': False, 'aisleListingNoteWithSplit': False, 'listingNoteDescriptionContentId': 3338095, 'formattedListingNoteDescription': ""You'll have an unrestricted view of the show.""}]","[{'listingNoteBucketId': 27, 'formattedListingNoteContent': 'Clear view', 'displayOrder': 8, 'showsRawNoteText': True, 'sourceListingNoteId': -1}]",1641172,False,False,Row 9,False,2729540,"¥2,729,540","¥2,729,540",,,,10,Mobile Transfer ticket,3,1,USD,JPY,10000.0,USD,"https://img.vggcdn.net/img/vfsimage2/812551/594_1530769/0.jpg?im=Resize=(500,271)&v=771",4 hours ago,10,False,False,False,False,dox2LBM5ZrHShYT0Uhu0xxcAo%2bgVQzyrviEno0khaLE%3d,False,2026-07-19T00:43:34.2070000Z,False,False,False,False,False,False,0,False,,False,False,False,False,0,False,False,0,13393917154,False,B440E921-094C-4624-B264-30D1B90779F2,False,False,True,5,9.50590048584941,2.49822345,,,"[{'message': 'Amazing Value', 'qualifier': 'Based on price, view, seat quality and more', 'hasValue': True, 'messageType': 'ValueBased'}, {'message': 'Popular Pick', 'qualifier': '70 tickets sold for this event', 'hasValue': True, 'messageType': 'BoughtInLastHourSocialProofBased'}]",[],,,,,,,,,,,,,
13393548985,153020449,FIFA Pavilion,2216545,FIFA Pavilion,2,219,_,,False,False,1,,False,False,[1],1068,Hospitality,1,True,"[{'listingNoteId': 2, 'listingNoteContentId': 1035272, 'formattedListingNoteContent': 'Ticket and meal package', 'listingNoteTypeId': 3, 'showToBuyer': True, 'hideInMock': False, 'siteAddedListingNote': False, 'aisleListingNoteWithSplit': False, 'listingNoteDescriptionContentId': 1277356, 'formattedListingNoteDescription': 'This package comes with a ticket to see your favorite performer along with a free meal!'}, {'listingNoteId': 189, 'listingNoteContentId': 2444744, 'formattedListingNoteContent': 'Complimentary Food & Soft drinks', 'listingNoteTypeId': 3, 'showToBuyer': True, 'hideInMock': False, 'siteAddedListingNote': False, 'aisleListingNoteWithSplit': False, 'listingNoteDescriptionContentId': 3876389, 'formattedListingNoteDescription': 'Complimentary Food & Soft drinks'}, {'listingNoteId': -1, 'listingNoteContentId': 3338094, 'formattedListingNoteContent': 'Clear view', 'listingNoteTypeId': 3, 'showToBuyer': True, 'hideInMock': False, 'siteAddedListingNote': False, 'aisleListingNoteWithSplit': False, 'listingNoteDescriptionContentId': 3338095, 'formattedListingNoteDescription': ""You'll have an unrestricted view of the show.""}]","[{'listingNoteBucketId': 7, 'formattedListingNoteContent': 'Food & beverages', 'displayOrder': 7, 'showsRawNoteText': False}, {'listingNoteBucketId': 27, 'formattedListingNoteContent': 'Clear view', 'displayOrder': 8, 'showsRawNoteText': True, 'sourceListingNoteId': -1}]",4415942,False,False,Row 219,True,2752951,"¥2,752,951","¥2,752,951",,,,10,Mobile Transfer ticket,3,1,GBP,JPY,5000.0,GBP,"https://img.vggcdn.net/img/vfsimage2/812551/1068_2216545/0.jpg?im=Resize=(500,271)&v=771",5 hours ago,6,False,False,False,False,5bxHrPQG4pT9A%2fZD2WCtAanIJbZpIbFGW8yGGcky8qU%3d,False,2026-07-18T23:13:01.7330000Z,False,False,False,False,False,False,0,False,[7],False,False,False,False,0,False,False,0,13393548985,False,EC07A4C7-0E06-4195-95CA-720B976BAF33,False,False,True,3,5.812429070842164,1.362416107,Last ticket,True,"[{'message': 'Popular Pick', 'qualifier': '70 tickets sold for this event', 'hasValue': True, 'messageType': 'BoughtInLastHourSocialProofBased'}]",[],,,,,,,,,,,,,
13226218584,153020449,331,122924,331,2,17,_,,False,False,1,,False,False,[1],407,Upper,4,True,"[{'listingNoteId': 74, 'listingNoteContentId': 1288630, 'formattedListingNoteContent': 'Over 18 Ticket', 'listingNoteTypeId': 2, 'showToBuyer': True, 'hideInMock': False, 'siteAddedListingNote': False, 'aisleListingNoteWithSplit': False, 'formattedListingNoteDescription': ''}, {'listingNoteId': -1, 'listingNoteContentId': 3338094, 'formattedListingNoteContent': 'Clear view', 'listingNoteTypeId': 3, 'showToBuyer': True, 'hideInMock': False, 'siteAddedListingNote': False, 'aisleListingNoteWithSplit': False, 'listingNoteDescriptionContentId': 3338095, 'formattedListingNoteDescription': ""You'll have an unrestricted view of the show.""}]","[{'listingNoteBucketId': 24, 'formattedListingNoteContent': 'Over 18 Ticket', 'displayOrder': 24, 'showsRawNoteText': True, 'sourceListingNoteId': 74}, {'listingNoteBucketId': 27, 'formattedListingNoteContent': 'Clear view', 'displayOrder': 8, 'showsRawNoteText': True, 'sourceListingNoteId': -1}]",2113932,False,False,Row 17,False,2787288,"¥2,787,288","¥2,787,288","¥3,575,994",22.0,"¥788,706",10,Mobile Transfer ticket,3,1,EUR,JPY,1772.0,EUR,"https://img.vggcdn.net/img/vfsimage2/812551/407_122924/0.jpg?im=Resize=(500,271)&v=771",15 days ago,2,False,False,False,False,m634BVmmVzB1yApA4VoaTAxaiQdeE75R8VA4mEdBpfs%3d,False,2026-07-03T05:57:00.4270000Z,False,False,False,False,False,False,0,False,,False,False,False,False,0,False,False,0,13226218584,False,72C03781-3BF5-4C5D-96FC-EF4E7493C580,False,False,True,1,2.3921776142444515,0.7523624922,,,"[{'message': 'Popular Pick', 'qualifier': '70 tickets sold for this event', 'hasValue': True, 'messageType': 'BoughtInLastHourSocialProofBased'}]",[],,,,,,,,,,,,,
13274022365,153020449,134,122802,134,2,27,15_17,15,False,False,3,,False,False,"[1, 2, 3]",594,Lower,3,True,"[{'listingNoteId': -1, 'listingNoteContentId': 3338094, 'formattedListingNoteContent': 'Clear view', 'listingNoteTypeId': 3, 'showToBuyer': True, 'hideInMock': False, 'siteAddedListingNote': False, 'aisleListingNoteWithSplit': False, 'listingNoteDescriptionContentId': 3338095, 'formattedListingNoteDescription': ""You'll have an unrestricted view of the show.""}]","[{'listingNoteBucketId': 27, 'formattedListingNoteContent': 'Clear view', 'displayOrder': 8, 'showsRawNoteText': True, 'sourceListingNoteId': -1}]",2113007,False,False,Row 27,False,2793976,"¥2,793,976","¥2,793,976",,,,10,Mobile Transfer ticket,3,1,AED,JPY,27500.0,AED,"https://img.vggcdn.net/img/vfsimage2/812551/594_122802/0.jpg?im=Resize=(500,271)&v=771",11 days ago,5,False,False,False,False,jNF6MrTENz5A2WnsHTkIrUQ5NAaZu2AZu330wxtN9iI%3d,False,2026-07-07T15:58:25.4900000Z,False,False,False,False,False,False,0,False,,False,False,False,False,0,False,False,0,13274022365,False,09A79121-6A62-48D9-A16B-6C620E03F764,False,False,True,3,5.266503710881969,1.300231612,,,"[{'message': 'Popular Pick', 'qualifier': '70 tickets sold for this event', 'hasValue': True, 'messageType': 'BoughtInLastHourSocialProofBased'}]",[],,,,,,,,,,,,,
13315774554,153020449,209,122842,209,2,4,_,,False,False,1,,False,False,[1],471,Middle,1,True,"[{'listingNoteId': 165, 'listingNoteContentId': 2444685, 'formattedListingNoteContent': 'Preferred Seating', 'listingNoteTypeId': 3, 'showToBuyer': True, 'hideInMock': False, 'siteAddedListingNote': False, 'aisleListingNoteWithSplit': False, 'listingNoteDescriptionContentId': 2444686, 'formattedListingNoteDescription': 'Preferred Seating'}, {'listingNoteId': -1, 'listingNoteContentId': 3338094, 'formattedListingNoteContent': 'Clear view', 'listingNoteTypeId': 3, 'showToBuyer': True, 'hideInMock': False, 'siteAddedListingNote': False, 'aisleListingNoteWithSplit': False, 'listingNoteDescriptionContentId': 3338095, 'formattedListingNoteDescription': ""You'll have an unrestricted view of the show.""}]","[{'listingNoteBucketId': 11, 'formattedListingNoteContent': 'Preferred Seating', 'displayOrder': 11, 'showsRawNoteText': True, 'sourceListingNoteId': 165}, {'listingNoteBucketId': 27, 'formattedListingNoteContent': 'Clear view', 'displayOrder': 8, 'showsRawNoteText': True, 'sourceListingNoteId': -1}]",702838,False,False,Row 4,False,2833830,"¥2,833,830","¥2,833,830","¥4,833,312",41.0,"¥1,999,482",10,Mobile Transfer ticket,3,1,USD,JPY,0.0,USD,"https://img.vggcdn.net/img/vfsimage2/812551/471_122842/0.jpg?im=Resize=(500,271)&v=771",8 days ago,6,False,False,False,False,5RO3KnTXEOAyL5dhaKvI5%2fptPIIpcAzboXOG9wOxT8w%3d,False,2026-07-10T15:26:53.5530000Z,False,False,False,False,False,False,0,False,,False,False,False,False,0,False,False,0,13315774554,False,245A5BE6-A17E-4A70-8D89-9ADCFBB506B8,False,False,True,3,5.5506236512257265,1.360849678,,,"[{'message': 'Popular Pick', 'qualifier': '70 tickets sold for this event', 'hasValue': True, 'messageType': 'BoughtInLastHourSocialProofBased'}]",[],,,,,,,,,,,,,
13348807789,153020449,108,122786,108,2,13,_,,False,False,4,,False,False,"[1, 2, 3, 4]",594,Lower,4,True,"[{'listingNoteId': 2027, 'listingNoteContentId': 3415845, 'formattedListingNoteContent': 'Third Row of Section', 'listingNoteTypeId': 6, 'showToBuyer': True, 'hideInMock': False, 'siteAddedListingNote': False, 'aisleListingNoteWithSplit': False, 'listingNoteDescriptionContentId': 3415845, 'formattedListingNoteDescription': 'Third Row of Section'}, {'listingNoteId': -1, 'listingNoteContentId': 3338094, 'formattedListingNoteContent': 'Clear view', 'listingNoteTypeId': 3, 'showToBuyer': True, 'hideInMock': False, 'siteAddedListingNote': False, 'aisleListingNoteWithSplit': False, 'listingNoteDescriptionContentId': 3338095, 'formattedListingNoteDescription': ""You'll have an unrestricted view of the show.""}]","[{'listingNoteBucketId': 14, 'formattedListingNoteContent': 'Third Row of Section', 'displayOrder': 14, 'showsRawNoteText': True, 'sourceListingNoteId': 2027}, {'listingNoteBucketId': 27, 'formattedListingNoteContent': 'Clear view', 'displayOrder': 8, 'showsRawNoteText': True, 'sourceListingNoteId': -1}]",2112256,False,False,Row 13,False,2862173,"¥2,862,173","¥2,862,173","¥5,070,233",44.0,"¥2,208,060",10,Mobile Transfer ticket,3,1,USD,JPY,0.0,USD,"https://img.vggcdn.net/img/vfsimage2/812551/594_122786/0.jpg?im=Resize=(500,271)&v=771",4 days ago,7,False,False,False,False,RHucNOb29gWgRQp%2bzs%2bH2j0I9%2bj7FV3qRK4kD%2bSP4gM%3d,False,2026-07-14T14:41:08.2870000Z,False,False,False,False,False,False,0,False,,False,False,False,False,0,False,False,0,13348807789,False,8A669A8E-F2B3-4E13-9487-B0BE2D3E08EC,False,False,True,3,6.502738681508144,1.539938978,,,"[{'message': 'Popular Pick', 'qualifier': '70 tickets sold for this event', 'hasValue': True, 'messageType': 'BoughtInLastHourSocialProofBased'}, {'message': 'Third Row', 'qualifier': 'Excellent proximity to the action', 'hasValue': True, 'messageType': 'ThirdRowTicketAttributeBased'}]",[2027],,,,,,,,,,,,,
13081692481,153020449,346,122939,346,2,18,24_24,24,False,False,1,,False,False,[1],407,Upper,1,True,"[{'listingNoteId': -1, 'listingNoteContentId': 3338094, 'formattedListingNoteContent': 'Clear view', 'listingNoteTypeId': 3, 'showToBuyer': True, 'hideInMock': False, 'siteAddedListingNote': False, 'aisleListingNoteWithSplit': False, 'listingNoteDescriptionContentId': 3338095, 'formattedListingNoteDescription': ""You'll have an unrestricted view of the show.""}]","[{'listingNoteBucketId': 27, 'formattedListingNoteContent': 'Clear view', 'displayOrder': 8, 'showsRawNoteText': True, 'sourceListingNoteId': -1}]",2113956,False,False,Row 18,False,2929975,"¥2,929,975","¥2,929,975","¥5,419,449",46.0,"¥2,489,474",10,Mobile Transfer ticket,3,1,EUR,JPY,1720.0,EUR,"https://img.vggcdn.net/img/vfsimage2/812551/407_122939/0.jpg?im=Resize=(500,271)&v=771",29 days ago,2,False,False,False,False,CAcRhqn9wLRHmAWJy549pLGSFPRltQfAz%2fUe6HXpcf0%3d,False,2026-06-20T02:50:38.9870000Z,False,False,False,False,False,False,0,False,[7],False,False,False,False,0,False,False,0,13081692481,False,F728424C-A40A-4626-BC9B-D98334300523,False,False,True,1,2.375634059708267,0.7804819445,Last ticket,True,"[{'message': 'Popular Pick', 'qualifier': '70 tickets sold for this event', 'hasValue': True, 'messageType': 'BoughtInLastHourSocialProofBased'}]",[],,,,,,,,,,,,,
13082004275,153020449,121,122794,121,2,15,15_15,15,False,False,1,,False,False,[1],594,Lower,1,True,"[{'listingNoteId': -1, 'listingNoteContentId': 3338094, 'formattedListingNoteContent': 'Clear view', 'listingNoteTypeId': 3, 'showToBuyer': True, 'hideInMock': False, 'siteAddedListingNote': False, 'aisleListingNoteWithSplit': False, 'listingNoteDescriptionContentId': 3338095, 'formattedListingNoteDescription': ""You'll have an unrestricted view of the show.""}]","[{'listingNoteBucketId': 27, 'formattedListingNoteContent': 'Clear view', 'displayOrder': 8, 'showsRawNoteText': True, 'sourceListingNoteId': -1}]",2112627,False,False,Row 15,False,2982955,"¥2,982,955","¥2,982,955",,,,10,Mobile Transfer ticket,3,1,USD,JPY,,USD,"https://img.vggcdn.net/img/vfsimage2/812551/594_122794/0.jpg?im=Resize=(500,271)&v=771",29 days ago,5,False,False,False,False,snpqjewS6OkFMWOaTKFs5u86xX1cV9JS%2fkL%2fA0A68pQ%3d,False,2026-06-20T03:35:06.4300000Z,False,False,False,False,False,False,0,False,,False,False,False,False,0,False,False,0,13082004275,False,0F4A4C5B-7DF7-4B83-B3C0-F56D709E2DBA,False,False,True,3,5.165836332591517,1.372853714,,,"[{'message': 'Popular Pick', 'qualifier': '70 tickets sold for this event', 'hasValue': True, 'messageType': 'BoughtInLastHourSocialProofBased'}]",[],15,15,,,,,,,,,,,
13377547900,153020449,126,122797,126,2,4,_,,False,False,1,,False,False,[1],594,Lower,1,True,"[{'listingNoteId': -1, 'listingNoteContentId': 3338094, 'formattedListingNoteContent': 'Clear view', 'listingNoteTypeId': 3, 'showToBuyer': True, 'hideInMock': False, 'siteAddedListingNote': False, 'aisleListingNoteWithSplit': False, 'listingNoteDescriptionContentId': 3338095, 'formattedListingNoteDescription': ""You'll have an unrestricted view of the show.""}]","[{'listingNoteBucketId': 27, 'formattedListingNoteContent': 'Clear view', 'displayOrder': 8, 'showsRawNoteText': True, 'sourceListingNoteId': -1}]",2112798,False,False,Row 4,False,2988769,"¥2,988,769","¥2,988,769",,,,10,Mobile Transfer ticket,3,1,SGD,JPY,19357.0,SGD,"https://img.vggcdn.net/img/vfsimage2/812551/594_122797/0.jpg?im=Resize=(500,271)&v=771",2 days ago,7,False,False,False,False,uF3KQhXHUruz3SdpJMXHsvD4wKnaQT0qAibWn5AqX3o%3d,False,2026-07-16T23:18:14.4900000Z,False,False,False,False,False,False,0,False,,False,False,False,False,0,False,False,0,13377547900,False,4F43A9E8-C55F-40E9-852E-41C70E1FC19A,False,False,True,4,7.291497228237542,1.788343108,,,"[{'message': 'Great Value', 'qualifier': 'Based on price, view, seat quality and more', 'hasValue': True, 'messageType': 'ValueBased'}, {'message': 'Popular Pick', 'qualifier': '70 tickets sold for this event', 'hasValue': True, 'messageType': 'BoughtInLastHourSocialProofBased'}]",[],,,,,,,,,,,,,
13386258853,153020449,143,122808,143,2,19,_,,False,False,3,,False,False,"[1, 3]",594,Lower,3,True,"[{'listingNoteId': -1, 'listingNoteContentId': 3338094, 'formattedListingNoteContent': 'Clear view', 'listingNoteTypeId': 3, 'showToBuyer': True, 'hideInMock': False, 'siteAddedListingNote': False, 'aisleListingNoteWithSplit': False, 'listingNoteDescriptionContentId': 3338095, 'formattedListingNoteDescription': ""You'll have an unrestricted view of the show.""}]","[{'listingNoteBucketId': 27, 'formattedListingNoteContent': 'Clear view', 'displayOrder': 8, 'showsRawNoteText': True, 'sourceListingNoteId': -1}]",2113178,False,False,Row 19,False,3009272,"¥3,009,272","¥3,009,272","¥4,169,701",28.0,"¥1,160,429",10,Mobile Transfer ticket,3,1,USD,JPY,13086.0,USD,"https://img.vggcdn.net/img/vfsimage2/812551/594_122808/0.jpg?im=Resize=(500,271)&v=771",yesterday,7,False,False,False,False,yvrHMUYL5CRHtrfoC%2fsokPU3iMwskot2VBI3TldR8TA%3d,False,2026-07-17T21:07:11.7000000Z,False,False,False,False,False,False,0,False,,False,False,False,False,0,False,False,0,13386258853,False,2E4AD163-3F9E-4130-AB69-CDC0016B5AD5,False,False,True,3,6.515486190792805,1.621708929,,,"[{'message': 'Popular Pick', 'qualifier': '70 tickets sold for this event', 'hasValue': True, 'messageType': 'BoughtInLastHourSocialProofBased'}]",[],,,,,,,,,,,,,
13367629921,153020449,Spain Supporters Standard Tier,2447958,Spain Supporters Standard Tier,2,,_,,False,False,2,,False,False,"[1, 2]",1666,Spain Supporters,2,True,"[{'listingNoteId': -1, 'listingNoteContentId': 3338094, 'formattedListingNoteContent': 'Clear view', 'listingNoteTypeId': 3, 'showToBuyer': True, 'hideInMock': False, 'siteAddedListingNote': False, 'aisleListingNoteWithSplit': False, 'listingNoteDescriptionContentId': 3338095, 'formattedListingNoteDescription': ""You'll have an unrestricted view of the show.""}]","[{'listingNoteBucketId': 27, 'formattedListingNoteContent': 'Clear view', 'displayOrder': 8, 'showsRawNoteText': True, 'sourceListingNoteId': -1}]",4847588,False,False,Row,True,3119410,"¥3,119,410","¥3,119,410",,,,10,Mobile Transfer ticket,3,1,USD,JPY,10000.0,USD,"https://img.vggcdn.net/img/vfsimage2/812551/1666_2447958/0.jpg?im=Resize=(500,271)&v=771",2 days ago,4,False,False,False,False,igjMyzQP1%2bbqxfI%2b5AH3VhvvTkEJSdl4rwm2TVEgpHI%3d,False,2026-07-16T04:58:48.2230000Z,False,False,False,False,False,False,0,False,[7],False,False,False,False,0,False,False,0,13367629921,False,82A89B98-4338-4F3B-A93C-9B0C7C9CEC41,False,False,True,2,4.4306013117743355,1.25740229,Last tickets,True,"[{'message': 'Popular Pick', 'qualifier': '70 tickets sold for this event', 'hasValue': True, 'messageType': 'BoughtInLastHourSocialProofBased'}]",[],,,,,,,,,,,,,
13393677300,153020449,135,122803,135,2,29,5_5,5,False,False,1,,False,False,[1],594,Lower,1,True,"[{'listingNoteId': -1, 'listingNoteContentId': 3338094, 'formattedListingNoteContent': 'Clear view', 'listingNoteTypeId': 3, 'showToBuyer': True, 'hideInMock': False, 'siteAddedListingNote': False, 'aisleListingNoteWithSplit': False, 'listingNoteDescriptionContentId': 3338095, 'formattedListingNoteDescription': ""You'll have an unrestricted view of the show.""}]","[{'listingNoteBucketId': 27, 'formattedListingNoteContent': 'Clear view', 'displayOrder': 8, 'showsRawNoteText': True, 'sourceListingNoteId': -1}]",2113043,False,False,Row 29,False,3135978,"¥3,135,978","¥3,135,978",,,,10,Mobile Transfer ticket,3,1,EUR,JPY,11000.0,EUR,"https://img.vggcdn.net/img/vfsimage2/812551/594_122803/0.jpg?im=Resize=(500,271)&v=771",5 hours ago,6,False,False,False,False,MB%2b%2bIvN9%2bkYREer0VnjcU6Pq11kmevmZSDsddoI%2bBxM%3d,False,2026-07-18T23:44:28.9370000Z,False,False,False,False,False,False,0,False,[7],False,False,False,False,0,False,False,0,13393677300,False,C78A739A-944D-4582-912F-76855976B003,False,False,True,3,5.867836737505315,1.561885738,Last ticket,True,"[{'message': 'Popular Pick', 'qualifier': '70 tickets sold for this event', 'hasValue': True, 'messageType': 'BoughtInLastHourSocialProofBased'}]",[],5,5,,,,,,,,,,,
13374673023,153020449,109,122787,109,2,9,22_22,22,False,False,1,,False,False,[1],594,Lower,1,True,"[{'listingNoteId': 10, 'listingNoteContentId': 1036546, 'formattedListingNoteContent': 'Aisle seat', 'listingNoteTypeId': 3, 'showToBuyer': True, 'hideInMock': False, 'siteAddedListingNote': False, 'aisleListingNoteWithSplit': False, 'listingNoteDescriptionContentId': 4177929, 'formattedListingNoteDescription': 'Aisle seat'}, {'listingNoteId': 165, 'listingNoteContentId': 2444685, 'formattedListingNoteContent': 'Preferred Seating', 'listingNoteTypeId': 3, 'showToBuyer': True, 'hideInMock': False, 'siteAddedListingNote': False, 'aisleListingNoteWithSplit': False, 'listingNoteDescriptionContentId': 2444686, 'formattedListingNoteDescription': 'Preferred Seating'}, {'listingNoteId': 1001, 'listingNoteContentId': 2446443, 'formattedListingNoteContent': 'Actual 3rd row of section', 'listingNoteTypeId': 3, 'showToBuyer': True, 'hideInMock': False, 'siteAddedListingNote': False, 'aisleListingNoteWithSplit': False, 'listingNoteDescriptionContentId': 2446444, 'formattedListingNoteDescription': 'Actual 3rd row of section'}, {'listingNoteId': -1, 'listingNoteContentId': 3338094, 'formattedListingNoteContent': 'Clear view', 'listingNoteTypeId': 3, 'showToBuyer': True, 'hideInMock': False, 'siteAddedListingNote': False, 'aisleListingNoteWithSplit': False, 'listingNoteDescriptionContentId': 3338095, 'formattedListingNoteDescription': ""You'll have an unrestricted view of the show.""}]","[{'listingNoteBucketId': 11, 'formattedListingNoteContent': 'Preferred Seating', 'displayOrder': 11, 'showsRawNoteText': True, 'sourceListingNoteId': 165}, {'listingNoteBucketId': 14, 'formattedListingNoteContent': 'Aisle seat', 'displayOrder': 14, 'showsRawNoteText': True, 'sourceListingNoteId': 10}, {'listingNoteBucketId': 14, 'formattedListingNoteContent': 'Actual 3rd row of section', 'displayOrder': 14, 'showsRawNoteText': True, 'sourceListingNoteId': 1001}, {'listingNoteBucketId': 27, 'formattedListingNoteContent': 'Clear view', 'displayOrder': 8, 'showsRawNoteText': True, 'sourceListingNoteId': -1}]",2112322,False,False,Row 9,False,3158397,"¥3,158,397","¥3,158,397","¥4,928,027",36.0,"¥1,769,630",10,Mobile Transfer ticket,3,1,USD,JPY,,USD,"https://img.vggcdn.net/img/vfsimage2/812551/594_122787/0.jpg?im=Resize=(500,271)&v=771",2 days ago,6,False,False,False,False,LwoNpL0fwWm%2bqxvtOVX5Xm9eqYksECgwbU%2fkF4BlJdw%3d,False,2026-07-16T17:44:09.5400000Z,False,False,False,False,False,False,0,False,,False,False,False,False,0,False,False,0,13374673023,False,7319D880-F8E0-4926-B8A1-5AF57F8D2711,False,False,True,3,6.196559361250128,1.636002085,,,"[{'message': 'Popular Pick', 'qualifier': '70 tickets sold for this event', 'hasValue': True, 'messageType': 'BoughtInLastHourSocialProofBased'}, {'message': 'Aisle Seat', 'qualifier': 'Easy access to your seat', 'hasValue': True, 'messageType': 'AisleSeatTicketAttributeBased'}]",[10],22,22,,,,,,,,,,,
13393422628,153020449,235,122862,235,2,11,_,,False,False,1,,False,False,[1],471,Middle,1,True,"[{'listingNoteId': 263, 'listingNoteContentId': 2444900, 'formattedListingNoteContent': 'VIP Club', 'listingNoteTypeId': 3, 'showToBuyer': True, 'hideInMock': False, 'siteAddedListingNote': False, 'aisleListingNoteWithSplit': False, 'listingNoteDescriptionContentId': 2444901, 'formattedListingNoteDescription': 'VIP Club - Club opens 90 minutes prior to tipoff and offers access to a lounge area with televisions, plush seating and private restrooms as well as all-inclusive food, draft beer, and house wine'}, {'listingNoteId': 424, 'listingNoteContentId': 2445241, 'formattedListingNoteContent': 'Access to VIP Club', 'listingNoteTypeId': 3, 'showToBuyer': True, 'hideInMock': False, 'siteAddedListingNote': False, 'aisleListingNoteWithSplit': False, 'formattedListingNoteDescription': ''}, {'listingNoteId': 1367, 'listingNoteContentId': 2447255, 'formattedListingNoteContent': 'Includes club access', 'listingNoteTypeId': 3, 'showToBuyer': True, 'hideInMock': False, 'siteAddedListingNote': False, 'aisleListingNoteWithSplit': False, 'listingNoteDescriptionContentId': 2447256, 'formattedListingNoteDescription': 'Includes club access'}, {'listingNoteId': -1, 'listingNoteContentId': 3338094, 'formattedListingNoteContent': 'Clear view', 'listingNoteTypeId': 3, 'showToBuyer': True, 'hideInMock': False, 'siteAddedListingNote': False, 'aisleListingNoteWithSplit': False, 'listingNoteDescriptionContentId': 3338095, 'formattedListingNoteDescription': ""You'll have an unrestricted view of the show.""}]","[{'listingNoteBucketId': 1, 'formattedListingNoteContent': 'VIP packages', 'displayOrder': 1, 'showsRawNoteText': False}, {'listingNoteBucketId': 4, 'formattedListingNoteContent': 'Club access', 'displayOrder': 4, 'showsRawNoteText': False}, {'listingNoteBucketId': 27, 'formattedListingNoteContent': 'Clear view', 'displayOrder': 8, 'showsRawNoteText': True, 'sourceListingNoteId': -1}]",703282,False,False,Row 11,False,3270992,"¥3,270,992","¥3,270,992",,,,10,Mobile Transfer ticket,3,1,USD,JPY,10900.0,USD,"https://img.vggcdn.net/img/vfsimage2/812551/471_122862/0.jpg?im=Resize=(500,271)&v=771",5 hours ago,5,False,False,False,False,pEyGgZuvus5NXfsehm%2fwGoTUqBQs0YpQpG7pjdwX3p4%3d,False,2026-07-18T22:56:27.5700000Z,False,False,False,False,False,False,0,False,,False,False,False,False,0,False,False,0,13393422628,False,2EAEA89E-2108-4183-ADF8-C12FEF05363C,False,False,True,3,5.45228809602838,1.553572513,,,"[{'message': 'Popular Pick', 'qualifier': '70 tickets sold for this event', 'hasValue': True, 'messageType': 'BoughtInLastHourSocialProofBased'}]",[],,,,,,,,,,,,,
13394284217,153020449,235,122862,235,2,12,_,,False,False,3,,False,False,"[1, 3]",471,Middle,3,True,"[{'listingNoteId': 263, 'listingNoteContentId': 2444900, 'formattedListingNoteContent': 'VIP Club', 'listingNoteTypeId': 3, 'showToBuyer': True, 'hideInMock': False, 'siteAddedListingNote': False, 'aisleListingNoteWithSplit': False, 'listingNoteDescriptionContentId': 2444901, 'formattedListingNoteDescription': 'VIP Club - Club opens 90 minutes prior to tipoff and offers access to a lounge area with televisions, plush seating and private restrooms as well as all-inclusive food, draft beer, and house wine'}, {'listingNoteId': 424, 'listingNoteContentId': 2445241, 'formattedListingNoteContent': 'Access to VIP Club', 'listingNoteTypeId': 3, 'showToBuyer': True, 'hideInMock': False, 'siteAddedListingNote': False, 'aisleListingNoteWithSplit': False, 'formattedListingNoteDescription': ''}, {'listingNoteId': 1367, 'listingNoteContentId': 2447255, 'formattedListingNoteContent': 'Includes club access', 'listingNoteTypeId': 3, 'showToBuyer': True, 'hideInMock': False, 'siteAddedListingNote': False, 'aisleListingNoteWithSplit': False, 'listingNoteDescriptionContentId': 2447256, 'formattedListingNoteDescription': 'Includes club access'}, {'listingNoteId': -1, 'listingNoteContentId': 3338094, 'formattedListingNoteContent': 'Clear view', 'listingNoteTypeId': 3, 'showToBuyer': True, 'hideInMock': False, 'siteAddedListingNote': False, 'aisleListingNoteWithSplit': False, 'listingNoteDescriptionContentId': 3338095, 'formattedListingNoteDescription': ""You'll have an unrestricted view of the show.""}]","[{'listingNoteBucketId': 1, 'formattedListingNoteContent': 'VIP packages', 'displayOrder': 1, 'showsRawNoteText': False}, {'listingNoteBucketId': 4, 'formattedListingNoteContent': 'Club access', 'displayOrder': 4, 'showsRawNoteText': False}, {'listingNoteBucketId': 27, 'formattedListingNoteContent': 'Clear view', 'displayOrder': 8, 'showsRawNoteText': True, 'sourceListingNoteId': -1}]",703283,False,False,Row 12,False,3270992,"¥3,270,992","¥3,270,992",,,,10,Mobile Transfer ticket,3,1,USD,JPY,0.0,USD,"https://img.vggcdn.net/img/vfsimage2/812551/471_122862/0.jpg?im=Resize=(500,271)&v=771",2 hours ago,5,False,False,False,False,pEyGgZuvus5NXfsehm%2fwGoTUqBQs0YpQpG7pjdwX3p4%3d,False,2026-07-19T02:34:43.3570000Z,False,False,False,False,False,False,0,False,,False,False,False,False,0,False,False,0,13394284217,False,A8BC5DC0-6025-4514-A506-AB691D0D8A4E,False,False,True,3,5.306582636384921,1.528731356,,,"[{'message': 'Popular Pick', 'qualifier': '70 tickets sold for this event', 'hasValue': True, 'messageType': 'BoughtInLastHourSocialProofBased'}]",[],,,,,,,,,,,,,
13387557960,153020449,210,122843,210,2,12,100_,100,False,False,2,,False,False,"[1, 2]",471,Middle,2,True,"[{'listingNoteId': -1, 'listingNoteContentId': 3338094, 'formattedListingNoteContent': 'Clear view', 'listingNoteTypeId': 3, 'showToBuyer': True, 'hideInMock': False, 'siteAddedListingNote': False, 'aisleListingNoteWithSplit': False, 'listingNoteDescriptionContentId': 3338095, 'formattedListingNoteDescription': ""You'll have an unrestricted view of the show.""}]","[{'listingNoteBucketId': 27, 'formattedListingNoteContent': 'Clear view', 'displayOrder': 8, 'showsRawNoteText': True, 'sourceListingNoteId': -1}]",702858,False,False,Row 12,False,3308788,"¥3,308,788","¥3,308,788",,,,10,Mobile Transfer ticket,3,1,AED,JPY,400.0,AED,"https://img.vggcdn.net/img/vfsimage2/812551/471_122843/0.jpg?im=Resize=(500,271)&v=771",yesterday,4,False,False,False,False,MenAcjvQFxuyzAd9mlQY5%2bF5jaQyYF9XLQ30Pm4pUiM%3d,False,2026-07-18T00:06:56.1000000Z,False,False,False,False,False,False,0,False,[7],False,False,False,False,0,False,False,0,13387557960,False,E4AB6F1D-7F81-4085-BBB3-F91101EFB54E,False,False,True,2,4.122366189444993,1.263804131,Last tickets,True,"[{'message': 'Popular Pick', 'qualifier': '70 tickets sold for this event', 'hasValue': True, 'messageType': 'BoughtInLastHourSocialProofBased'}]",[],,,,,,,,,,,,,
13392420232,153020449,332,122925,332,2,16,2_2,2,False,False,1,,False,False,[1],407,Upper,1,True,"[{'listingNoteId': -1, 'listingNoteContentId': 3338094, 'formattedListingNoteContent': 'Clear view', 'listingNoteTypeId': 3, 'showToBuyer': True, 'hideInMock': False, 'siteAddedListingNote': False, 'aisleListingNoteWithSplit': False, 'listingNoteDescriptionContentId': 3338095, 'formattedListingNoteDescription': ""You'll have an unrestricted view of the show.""}]","[{'listingNoteBucketId': 27, 'formattedListingNoteContent': 'Clear view', 'displayOrder': 8, 'showsRawNoteText': True, 'sourceListingNoteId': -1}]",704215,False,False,Row 16,False,3325067,"¥3,325,067","¥3,325,067",,,,10,Mobile Transfer ticket,3,1,USD,JPY,,USD,"https://img.vggcdn.net/img/vfsimage2/812551/407_122925/0.jpg?im=Resize=(500,271)&v=771",9 hours ago,2,False,False,False,False,9iYE9zeGyLYbnhm0RTXvFa4KAPxfGsm2Xuel%2bszbFLo%3d,False,2026-07-18T19:00:17.8600000Z,False,False,False,True,False,False,0,False,[6],False,False,False,False,0,False,False,0,13392420232,False,B9E49DB4-8EE5-48AA-9F10-43215590D2FA,False,False,True,1,2.4230511107678576,0.9202951426,,,"[{'message': 'Popular Pick', 'qualifier': '70 tickets sold for this event', 'hasValue': True, 'messageType': 'BoughtInLastHourSocialProofBased'}]",[],2,2,,,,,Fan favorite,This section is in the top 10% of sections for this event when ranked based on a count of successful sales over the past 7 days on our site,True,,,,
13351097261,153020449,134,122802,134,2,8,20_20,20,False,False,1,,False,False,[1],594,Lower,1,True,"[{'listingNoteId': -1, 'listingNoteContentId': 3338094, 'formattedListingNoteContent': 'Clear view', 'listingNoteTypeId': 3, 'showToBuyer': True, 'hideInMock': False, 'siteAddedListingNote': False, 'aisleListingNoteWithSplit': False, 'listingNoteDescriptionContentId': 3338095, 'formattedListingNoteDescription': ""You'll have an unrestricted view of the show.""}]","[{'listingNoteBucketId': 27, 'formattedListingNoteContent': 'Clear view', 'displayOrder': 8, 'showsRawNoteText': True, 'sourceListingNoteId': -1}]",2113020,False,False,Row 8,False,3431306,"¥3,431,306","¥3,431,306",,,,10,Mobile Transfer ticket,3,1,USD,JPY,,USD,"https://img.vggcdn.net/img/vfsimage2/812551/594_122802/0.jpg?im=Resize=(500,271)&v=771",4 days ago,7,False,False,False,False,dRfipKUsX2%2bN%2b1O%2bZwQjJ3ra9moY6P38gpE%2bk%2fOZ1kM%3d,False,2026-07-14T16:50:38.1100000Z,False,False,False,False,False,False,0,False,,False,False,False,False,0,False,False,0,13351097261,False,A353F1AA-EE38-43E9-8D77-638E4781069C,False,False,True,3,6.680193179340853,1.886883891,,,"[{'message': 'Popular Pick', 'qualifier': '70 tickets sold for this event', 'hasValue': True, 'messageType': 'BoughtInLastHourSocialProofBased'}]",[],20,20,,,,,,,,,,,
13392808053,153020449,115A,1530768,115A,2,16,1_4,1,False,False,4,,False,False,"[1, 2, 4]",594,Lower,4,True,"[{'listingNoteId': -1, 'listingNoteContentId': 3338094, 'formattedListingNoteContent': 'Clear view', 'listingNoteTypeId': 3, 'showToBuyer': True, 'hideInMock': False, 'siteAddedListingNote': False, 'aisleListingNoteWithSplit': False, 'listingNoteDescriptionContentId': 3338095, 'formattedListingNoteDescription': ""You'll have an unrestricted view of the show.""}]","[{'listingNoteBucketId': 14, 'formattedListingNoteContent': 'Aisle seat', 'displayOrder': 14, 'showsRawNoteText': True, 'sourceListingNoteId': 2024}, {'listingNoteBucketId': 27, 'formattedListingNoteContent': 'Clear view', 'displayOrder': 8, 'showsRawNoteText': True, 'sourceListingNoteId': -1}]",2112481,False,False,Row 16,False,3502964,"¥3,502,964","¥3,502,964","¥4,832,735",28.0,"¥1,329,771",10,Mobile Transfer ticket,3,1,USD,JPY,0.0,USD,"https://img.vggcdn.net/img/vfsimage2/812551/594_1530768/0.jpg?im=Resize=(500,271)&v=771",8 hours ago,7,False,False,False,False,oqw7ZYy%2fLOFN8I8Fin%2f5GXKFj73EWRmf8j%2fyOtRNV2w%3d,False,2026-07-18T20:41:15.1730000Z,False,False,False,False,False,False,0,False,[7],False,False,False,False,0,False,False,0,13392808053,False,73D9154A-0B1B-4B8D-B27B-E29DAA0B8A1A,False,False,True,4,7.036721807805424,2.021433805,Last tickets,True,"[{'message': 'Great Value', 'qualifier': 'Based on price, view, seat quality and more', 'hasValue': True, 'messageType': 'ValueBased'}, {'message': 'Popular Pick', 'qualifier': '70 tickets sold for this event', 'hasValue': True, 'messageType': 'BoughtInLastHourSocialProofBased'}, {'message': 'Aisle Seat', 'qualifier': 'Easy access to your seat', 'hasValue': True, 'messageType': 'AisleSeatTicketAttributeBased'}]",[2024],1,4,,,,,,,,,,,
13391394961,153020449,227A,1530787,227A,2,7,16_,16,False,False,1,,False,False,[1],471,Middle,1,True,"[{'listingNoteId': -1, 'listingNoteContentId': 3338094, 'formattedListingNoteContent': 'Clear view', 'listingNoteTypeId': 3, 'showToBuyer': True, 'hideInMock': False, 'siteAddedListingNote': False, 'aisleListingNoteWithSplit': False, 'listingNoteDescriptionContentId': 3338095, 'formattedListingNoteDescription': ""You'll have an unrestricted view of the show.""}]","[{'listingNoteBucketId': 27, 'formattedListingNoteContent': 'Clear view', 'displayOrder': 8, 'showsRawNoteText': True, 'sourceListingNoteId': -1}]",1593635,False,False,Row 7,False,3509280,"¥3,509,280","¥3,509,280",,,,10,Mobile Transfer ticket,3,1,USD,JPY,20000.0,USD,"https://img.vggcdn.net/img/vfsimage2/812551/471_1530787/0.jpg?im=Resize=(500,271)&v=771",13 hours ago,4,False,False,False,False,dRfipKUsX2%2bN%2b1O%2bZwQjJ3ra9moY6P38gpE%2bk%2fOZ1kM%3d,False,2026-07-18T14:58:52.0730000Z,False,False,False,False,False,False,0,False,,False,False,False,False,0,False,False,0,13391394961,False,96EE3666-4A95-4D16-8C2C-222D7DC5A0DB,False,False,True,2,3.830967669551735,1.274702231,,,"[{'message': 'Popular Pick', 'qualifier': '70 tickets sold for this event', 'hasValue': True, 'messageType': 'BoughtInLastHourSocialProofBased'}]",[],,,,,,,,,,,,,
13393717171,153020449,235,122862,235,2,10,_,,False,False,4,,False,False,"[1, 2, 3, 4]",471,Middle,4,True,"[{'listingNoteId': 263, 'listingNoteContentId': 2444900, 'formattedListingNoteContent': 'VIP Club', 'listingNoteTypeId': 3, 'showToBuyer': True, 'hideInMock': False, 'siteAddedListingNote': False, 'aisleListingNoteWithSplit': False, 'listingNoteDescriptionContentId': 2444901, 'formattedListingNoteDescription': 'VIP Club - Club opens 90 minutes prior to tipoff and offers access to a lounge area with televisions, plush seating and private restrooms as well as all-inclusive food, draft beer, and house wine'}, {'listingNoteId': 424, 'listingNoteContentId': 2445241, 'formattedListingNoteContent': 'Access to VIP Club', 'listingNoteTypeId': 3, 'showToBuyer': True, 'hideInMock': False, 'siteAddedListingNote': False, 'aisleListingNoteWithSplit': False, 'formattedListingNoteDescription': ''}, {'listingNoteId': 1367, 'listingNoteContentId': 2447255, 'formattedListingNoteContent': 'Includes club access', 'listingNoteTypeId': 3, 'showToBuyer': True, 'hideInMock': False, 'siteAddedListingNote': False, 'aisleListingNoteWithSplit': False, 'listingNoteDescriptionContentId': 2447256, 'formattedListingNoteDescription': 'Includes club access'}, {'listingNoteId': -1, 'listingNoteContentId': 3338094, 'formattedListingNoteContent': 'Clear view', 'listingNoteTypeId': 3, 'showToBuyer': True, 'hideInMock': False, 'siteAddedListingNote': False, 'aisleListingNoteWithSplit': False, 'listingNoteDescriptionContentId': 3338095, 'formattedListingNoteDescription': ""You'll have an unrestricted view of the show.""}]","[{'listingNoteBucketId': 1, 'formattedListingNoteContent': 'VIP packages', 'displayOrder': 1, 'showsRawNoteText': False}, {'listingNoteBucketId': 4, 'formattedListingNoteContent': 'Club access', 'displayOrder': 4, 'showsRawNoteText': False}, {'listingNoteBucketId': 27, 'formattedListingNoteContent': 'Clear view', 'displayOrder': 8, 'showsRawNoteText': True, 'sourceListingNoteId': -1}]",703281,False,False,Row 10,False,3577605,"¥3,577,605","¥3,577,605",,,,10,Mobile Transfer ticket,3,1,USD,JPY,18000.0,USD,"https://img.vggcdn.net/img/vfsimage2/812551/471_122862/0.jpg?im=Resize=(500,271)&v=771",4 hours ago,5,False,False,False,False,51bLOfK7V%2f6FRmv9j6rBn8zhtokAmLQ4Z1KUFNYKoj4%3d,False,2026-07-18T23:58:58.5830000Z,False,False,False,False,False,False,0,False,,False,False,False,False,0,False,False,0,13393717171,False,90459C87-35C4-4132-8F23-B1DF2E75871D,False,False,True,2,4.88275749845187,1.578806465,,,"[{'message': 'Popular Pick', 'qualifier': '70 tickets sold for this event', 'hasValue': True, 'messageType': 'BoughtInLastHourSocialProofBased'}]",[],,,,,,,,,,,,,
13252686648,153020449,Middle,1546668,Middle,3,,_,,False,False,2,,False,False,"[1, 2]",471,Middle,2,True,"[{'listingNoteId': -1, 'listingNoteContentId': 3338094, 'formattedListingNoteContent': 'Clear view', 'listingNoteTypeId': 3, 'showToBuyer': True, 'hideInMock': False, 'siteAddedListingNote': False, 'aisleListingNoteWithSplit': False, 'listingNoteDescriptionContentId': 3338095, 'formattedListingNoteDescription': ""You'll have an unrestricted view of the show.""}]","[{'listingNoteBucketId': 27, 'formattedListingNoteContent': 'Clear view', 'displayOrder': 8, 'showsRawNoteText': True, 'sourceListingNoteId': -1}]",1641235,False,False,Row,True,3682792,"¥3,682,792","¥3,682,792","¥6,317,891",42.0,"¥2,635,099",10,Mobile Transfer ticket,3,1,USD,JPY,10000.0,USD,"https://img.vggcdn.net/img/vfsimage2/812551/471_1546668/0.jpg?im=Resize=(500,271)&v=771",13 days ago,0,False,False,True,False,UXZDBIEZv6bvTXAYhxF46zdJhD8xr%2b6lO6TYGkhsiUQ%3d,False,2026-07-05T16:54:09.3370000Z,False,False,False,False,False,False,0,False,[7],False,False,False,False,0,False,False,0,13252686648,False,C2A312A3-A149-4B25-8B57-6D04D658FDF7,False,False,True,0,,,Last tickets,True,"[{'message': 'Popular Pick', 'qualifier': '70 tickets sold for this event', 'hasValue': True, 'messageType': 'BoughtInLastHourSocialProofBased'}]",[],,,,,,,,,,,,,
13389356320,153020449,111C,1530767,111C,2,2,9_9,9,False,False,1,,False,False,[1],594,Lower,1,True,"[{'listingNoteId': 2026, 'listingNoteContentId': 3415844, 'formattedListingNoteContent': 'Second Row of Section', 'listingNoteTypeId': 6, 'showToBuyer': True, 'hideInMock': False, 'siteAddedListingNote': False, 'aisleListingNoteWithSplit': False, 'listingNoteDescriptionContentId': 3415844, 'formattedListingNoteDescription': 'Second Row of Section'}, {'listingNoteId': -1, 'listingNoteContentId': 3338094, 'formattedListingNoteContent': 'Clear view', 'listingNoteTypeId': 3, 'showToBuyer': True, 'hideInMock': False, 'siteAddedListingNote': False, 'aisleListingNoteWithSplit': False, 'listingNoteDescriptionContentId': 3338095, 'formattedListingNoteDescription': ""You'll have an unrestricted view of the show.""}]","[{'listingNoteBucketId': 14, 'formattedListingNoteContent': 'Second Row of Section', 'displayOrder': 14, 'showsRawNoteText': True, 'sourceListingNoteId': 2026}, {'listingNoteBucketId': 27, 'formattedListingNoteContent': 'Clear view', 'displayOrder': 8, 'showsRawNoteText': True, 'sourceListingNoteId': -1}]",1641150,False,False,Row 2,False,3719810,"¥3,719,810","¥3,719,810","¥6,675,479",44.0,"¥2,955,669",10,Mobile Transfer ticket,3,1,USD,JPY,0.0,USD,"https://img.vggcdn.net/img/vfsimage2/812551/594_1530767/0.jpg?im=Resize=(500,271)&v=771",22 hours ago,8,False,False,False,False,wCY9YU8OdH0JK3nKuZ%2boaATBgimf0vBRYRd8W3e7v80%3d,False,2026-07-18T06:08:20.4030000Z,False,False,False,False,False,False,0,False,[7],False,False,False,False,0,False,False,0,13389356320,False,DE626A19-4700-47AE-BF79-D3030DB127E7,False,False,True,4,8.139798045426486,2.532975633,Last ticket,True,"[{'message': 'Great Value', 'qualifier': 'Based on price, view, seat quality and more', 'hasValue': True, 'messageType': 'ValueBased'}, {'message': 'Popular Pick', 'qualifier': '70 tickets sold for this event', 'hasValue': True, 'messageType': 'BoughtInLastHourSocialProofBased'}, {'message': 'Second Row', 'qualifier': 'Premium close-up view', 'hasValue': True, 'messageType': 'SecondRowTicketAttributeBased'}]",[2026],9,9,,,,,,,,,,,
13382102329,153020449,116,122791,116,2,10,10_10,10,False,False,1,,False,False,[1],594,Lower,1,True,"[{'listingNoteId': -1, 'listingNoteContentId': 3338094, 'formattedListingNoteContent': 'Clear view', 'listingNoteTypeId': 3, 'showToBuyer': True, 'hideInMock': False, 'siteAddedListingNote': False, 'aisleListingNoteWithSplit': False, 'listingNoteDescriptionContentId': 3338095, 'formattedListingNoteDescription': ""You'll have an unrestricted view of the show.""}]","[{'listingNoteBucketId': 27, 'formattedListingNoteContent': 'Clear view', 'displayOrder': 8, 'showsRawNoteText': True, 'sourceListingNoteId': -1}]",2112514,False,False,Row 10,False,3733588,"¥3,733,588","¥3,733,588",,,,10,Mobile Transfer ticket,3,1,EUR,JPY,10900.0,EUR,"https://img.vggcdn.net/img/vfsimage2/812551/594_122791/0.jpg?im=Resize=(500,271)&v=771",yesterday,7,False,False,False,False,%2bcccquQ%2bEZKiJOp7FftZxqk67wUPEDhm9m%2fUSvzW9BQ%3d,False,2026-07-17T10:45:14.1300000Z,False,False,False,False,False,False,0,False,,False,False,False,False,0,False,False,0,13382102329,False,EA73DFC5-8902-4BF4-847A-83A648A8F16B,False,False,True,4,7.317796017833738,2.241669012,,,"[{'message': 'Great Value', 'qualifier': 'Based on price, view, seat quality and more', 'hasValue': True, 'messageType': 'ValueBased'}, {'message': 'Popular Pick', 'qualifier': '70 tickets sold for this event', 'hasValue': True, 'messageType': 'BoughtInLastHourSocialProofBased'}]",[],,,,,,,,,,,,,
13359647086,153020449,143,122808,143,2,11,_,,False,False,4,,False,False,"[1, 2, 3, 4]",594,Lower,4,True,"[{'listingNoteId': -1, 'listingNoteContentId': 3338094, 'formattedListingNoteContent': 'Clear view', 'listingNoteTypeId': 3, 'showToBuyer': True, 'hideInMock': False, 'siteAddedListingNote': False, 'aisleListingNoteWithSplit': False, 'listingNoteDescriptionContentId': 3338095, 'formattedListingNoteDescription': ""You'll have an unrestricted view of the show.""}]","[{'listingNoteBucketId': 27, 'formattedListingNoteContent': 'Clear view', 'displayOrder': 8, 'showsRawNoteText': True, 'sourceListingNoteId': -1}]",2113170,False,False,Row 11,False,3790551,"¥3,790,551","¥3,790,551",,,,10,Mobile Transfer ticket,3,1,EUR,JPY,44.0,EUR,"https://img.vggcdn.net/img/vfsimage2/812551/594_122808/0.jpg?im=Resize=(500,271)&v=771",3 days ago,6,False,False,False,False,6JwCB3XO%2bBKJpOHoTVAw%2fvc%2b4paeA2rumN6sLF7mEv0%3d,False,2026-07-15T11:25:04.3000000Z,False,False,False,False,False,False,0,False,,False,False,False,False,0,False,False,0,13359647086,False,2AE6CF4C-91F2-47CA-B5BB-A91607E9F89E,False,False,True,3,6.026578251481318,1.922528048,,,"[{'message': 'Popular Pick', 'qualifier': '70 tickets sold for this event', 'hasValue': True, 'messageType': 'BoughtInLastHourSocialProofBased'}]",[],,,,,,,,,,,,,
13391684757,153020449,5 S37,1538858,5 S37,2,2,_,,False,False,6,,False,False,"[1, 2, 3, 4, 5, 6]",17325,Suite Level 5 East,6,True,"[{'listingNoteId': 11, 'listingNoteContentId': 1038686, 'formattedListingNoteContent': 'Includes VIP pass', 'listingNoteTypeId': 3, 'showToBuyer': True, 'hideInMock': False, 'siteAddedListingNote': False, 'aisleListingNoteWithSplit': False, 'listingNoteDescriptionContentId': 1277351, 'formattedListingNoteDescription': ""A VIP pass gives you great privileges that other ticket holders don't have!""}, {'listingNoteId': 93, 'listingNoteContentId': 1580908, 'formattedListingNoteContent': 'Access to VIP Lounge', 'listingNoteTypeId': 3, 'showToBuyer': True, 'hideInMock': False, 'siteAddedListingNote': False, 'aisleListingNoteWithSplit': False, 'listingNoteDescriptionContentId': 1580909, 'formattedListingNoteDescription': 'Included with the ticket is access to the VIP lounge in the venue.'}, {'listingNoteId': 175, 'listingNoteContentId': 2444706, 'formattedListingNoteContent': 'Unlimited Food and Drinks', 'listingNoteTypeId': 3, 'showToBuyer': True, 'hideInMock': False, 'siteAddedListingNote': False, 'aisleListingNoteWithSplit': False, 'listingNoteDescriptionContentId': 2444707, 'formattedListingNoteDescription': 'Includes unlimited food and drinks (beer, wine and soft drinks)'}, {'listingNoteId': 505, 'listingNoteContentId': 2445404, 'formattedListingNoteContent': 'Premium Seating', 'listingNoteTypeId': 4, 'showToBuyer': True, 'hideInMock': False, 'siteAddedListingNote': False, 'aisleListingNoteWithSplit': False, 'listingNoteDescriptionContentId': 4211339, 'formattedListingNoteDescription': 'Premium Seating'}, {'listingNoteId': 2061, 'listingNoteContentId': 3878124, 'formattedListingNoteContent': 'Premium open bar', 'listingNoteTypeId': 3, 'showToBuyer': True, 'hideInMock': False, 'siteAddedListingNote': False, 'aisleListingNoteWithSplit': False, 'listingNoteDescriptionContentId': 3878125, 'formattedListingNoteDescription': 'Premium open bar'}, {'listingNoteId': 2250, 'listingNoteContentId': 4167698, 'formattedListingNoteContent': 'Partial Suite (Shared)', 'listingNoteTypeId': 3, 'showToBuyer': True, 'hideInMock': False, 'siteAddedListingNote': False, 'aisleListingNoteWithSplit': False, 'listingNoteDescriptionContentId': 4167699, 'formattedListingNoteDescription': 'Partial Suite (Shared)'}, {'listingNoteId': 2267, 'listingNoteContentId': 4177538, 'formattedListingNoteContent': 'VIP Suite', 'listingNoteTypeId': 3, 'showToBuyer': True, 'hideInMock': False, 'siteAddedListingNote': False, 'aisleListingNoteWithSplit': False, 'listingNoteDescriptionContentId': 4177539, 'formattedListingNoteDescription': 'VIP Suite'}, {'listingNoteId': -1, 'listingNoteContentId': 3338094, 'formattedListingNoteContent': 'Clear view', 'listingNoteTypeId': 3, 'showToBuyer': True, 'hideInMock': False, 'siteAddedListingNote': False, 'aisleListingNoteWithSplit': False, 'listingNoteDescriptionContentId': 3338095, 'formattedListingNoteDescription': ""You'll have an unrestricted view of the show.""}]","[{'listingNoteBucketId': 1, 'formattedListingNoteContent': 'VIP packages', 'displayOrder': 1, 'showsRawNoteText': False}, {'listingNoteBucketId': 2, 'formattedListingNoteContent': 'Suite access', 'displayOrder': 2, 'showsRawNoteText': False}, {'listingNoteBucketId': 4, 'formattedListingNoteContent': 'Club access', 'displayOrder': 4, 'showsRawNoteText': False}, {'listingNoteBucketId': 7, 'formattedListingNoteContent': 'Food & beverages', 'displayOrder': 7, 'showsRawNoteText': False}, {'listingNoteBucketId': 8, 'formattedListingNoteContent': 'Food & beverage options', 'displayOrder': 8, 'showsRawNoteText': False}, {'listingNoteBucketId': 15, 'formattedListingNoteContent': 'Premium Seating', 'displayOrder': 15, 'showsRawNoteText': True, 'sourceListingNoteId': 505}, {'listingNoteBucketId': 0, 'formattedListingNoteContent': 'VIP Suite', 'displayOrder': 30, 'showsRawNoteText': True, 'sourceListingNoteId': 2267}, {'listingNoteBucketId': 27, 'formattedListingNoteContent': 'Clear view', 'displayOrder': 8, 'showsRawNoteText': True, 'sourceListingNoteId': -1}]",1614242,False,False,Row 2,True,3890127,"¥3,890,127","¥3,890,127","¥6,111,738",36.0,"¥2,221,611",10,Mobile Transfer ticket,3,1,MXN,JPY,400000.0,MXN,"https://img.vggcdn.net/img/vfsimage2/812551/17325_1538858/0.jpg?im=Resize=(500,271)&v=771",12 hours ago,5,False,False,False,False,pS76wUiS%2flzubqtSqX33E1a2e8GxGlvlR2E85fMto2w%3d,False,2026-07-18T16:09:53.7470000Z,False,False,False,False,False,False,0,False,,False,False,False,False,0,False,False,0,13391684757,False,5235DC08-728B-48AD-A01F-D3478708DCD3,False,False,True,3,5.492253976930676,1.854322937,,,"[{'message': 'Popular Pick', 'qualifier': '70 tickets sold for this event', 'hasValue': True, 'messageType': 'BoughtInLastHourSocialProofBased'}]",[],,,,,,,,,,,,,
13392490498,153020449,115C,1530769,115C,2,4,3_3,3,False,False,1,,False,False,[1],594,Lower,1,True,"[{'listingNoteId': -1, 'listingNoteContentId': 3338094, 'formattedListingNoteContent': 'Clear view', 'listingNoteTypeId': 3, 'showToBuyer': True, 'hideInMock': False, 'siteAddedListingNote': False, 'aisleListingNoteWithSplit': False, 'listingNoteDescriptionContentId': 3338095, 'formattedListingNoteDescription': ""You'll have an unrestricted view of the show.""}]","[{'listingNoteBucketId': 27, 'formattedListingNoteContent': 'Clear view', 'displayOrder': 8, 'showsRawNoteText': True, 'sourceListingNoteId': -1}]",1641167,False,False,Row 4,False,3903049,"¥3,903,049","¥3,903,049","¥6,254,683",38.0,"¥2,351,634",10,Mobile Transfer ticket,3,1,USD,JPY,1490.0,USD,"https://img.vggcdn.net/img/vfsimage2/812551/594_1530769/0.jpg?im=Resize=(500,271)&v=771",9 hours ago,9,False,False,False,False,uF3KQhXHUruz3SdpJMXHsvD4wKnaQT0qAibWn5AqX3o%3d,False,2026-07-18T19:19:12.6630000Z,False,False,False,False,False,False,0,False,,False,False,False,False,0,False,False,0,13392490498,False,4BBB82D8-445C-4A33-A6B6-56294DBDA743,False,False,True,5,8.711164520875371,2.963876826,,,"[{'message': 'Amazing Value', 'qualifier': 'Based on price, view, seat quality and more', 'hasValue': True, 'messageType': 'ValueBased'}, {'message': 'Popular Pick', 'qualifier': '70 tickets sold for this event', 'hasValue': True, 'messageType': 'BoughtInLastHourSocialProofBased'}]",[],,,,,,,,,,,,,
13385548354,153020449,115C,1530769,115C,2,3,9_9,9,False,False,1,,False,False,[1],594,Lower,1,True,"[{'listingNoteId': 2027, 'listingNoteContentId': 3415845, 'formattedListingNoteContent': 'Third Row of Section', 'listingNoteTypeId': 6, 'showToBuyer': True, 'hideInMock': False, 'siteAddedListingNote': False, 'aisleListingNoteWithSplit': False, 'listingNoteDescriptionContentId': 3415845, 'formattedListingNoteDescription': 'Third Row of Section'}, {'listingNoteId': -1, 'listingNoteContentId': 3338094, 'formattedListingNoteContent': 'Clear view', 'listingNoteTypeId': 3, 'showToBuyer': True, 'hideInMock': False, 'siteAddedListingNote': False, 'aisleListingNoteWithSplit': False, 'listingNoteDescriptionContentId': 3338095, 'formattedListingNoteDescription': ""You'll have an unrestricted view of the show.""}]","[{'listingNoteBucketId': 14, 'formattedListingNoteContent': 'Third Row of Section', 'displayOrder': 14, 'showsRawNoteText': True, 'sourceListingNoteId': 2027}, {'listingNoteBucketId': 27, 'formattedListingNoteContent': 'Clear view', 'displayOrder': 8, 'showsRawNoteText': True, 'sourceListingNoteId': -1}]",1641166,False,False,Row 3,False,4112215,"¥4,112,215","¥4,112,215",,,,10,Mobile Transfer ticket,3,1,USD,JPY,,USD,"https://img.vggcdn.net/img/vfsimage2/812551/594_1530769/0.jpg?im=Resize=(500,271)&v=771",yesterday,9,False,False,False,False,vEzLIEQRIepgdqMpEsjmOo7hSRhHbFNV2smLpLJ6gGo%3d,False,2026-07-17T19:38:06.2870000Z,False,False,False,False,False,False,0,False,,False,False,False,False,0,False,False,0,13385548354,False,55B88E02-6D78-4AFE-BD06-FD2FE29A5F3F,False,False,True,5,9.47349711169418,3.73766285,,,"[{'message': 'Amazing Value', 'qualifier': 'Based on price, view, seat quality and more', 'hasValue': True, 'messageType': 'ValueBased'}, {'message': 'Popular Pick', 'qualifier': '70 tickets sold for this event', 'hasValue': True, 'messageType': 'BoughtInLastHourSocialProofBased'}, {'message': 'Third Row', 'qualifier': 'Excellent proximity to the action', 'hasValue': True, 'messageType': 'ThirdRowTicketAttributeBased'}]",[2027],9,9,,,,,,,,,,,
12998151102,153020449,320,122913,320,2,8,5_6,5,False,False,2,,False,False,"[1, 2]",407,Upper,2,True,"[{'listingNoteId': -1, 'listingNoteContentId': 3338094, 'formattedListingNoteContent': 'Clear view', 'listingNoteTypeId': 3, 'showToBuyer': True, 'hideInMock': False, 'siteAddedListingNote': False, 'aisleListingNoteWithSplit': False, 'listingNoteDescriptionContentId': 3338095, 'formattedListingNoteDescription': ""You'll have an unrestricted view of the show.""}]","[{'listingNoteBucketId': 27, 'formattedListingNoteContent': 'Clear view', 'displayOrder': 8, 'showsRawNoteText': True, 'sourceListingNoteId': -1}]",703943,False,False,Row 8,False,4120514,"¥4,120,514","¥4,120,514",,,,10,Mobile Transfer ticket,3,1,EUR,JPY,5500.0,EUR,"https://img.vggcdn.net/img/vfsimage2/812551/407_122913/0.jpg?im=Resize=(500,271)&v=771",37 days ago,2,False,False,False,False,6d2FoeRbjENB2BRCirXvMK3XgfRvy3z2J38FdpZdlK4%3d,False,2026-06-11T13:41:26.4070000Z,False,False,False,True,False,False,0,False,[6],False,False,False,False,0,False,False,0,12998151102,False,6A1ECADF-895C-4223-B935-10F6D86461B2,False,False,True,1,2.1179091364136795,0.9119621003,,,"[{'message': 'Popular Pick', 'qualifier': '70 tickets sold for this event', 'hasValue': True, 'messageType': 'BoughtInLastHourSocialProofBased'}]",[],5,6,,,,,Fan favorite,This section is in the top 10% of sections for this event when ranked based on a count of successful sales over the past 7 days on our site,True,,,,
13373727429,153020449,5 S37,1538858,5 S37,2,1,_,,False,False,4,,False,False,"[1, 2, 3, 4]",17325,Suite Level 5 East,4,True,"[{'listingNoteId': 11, 'listingNoteContentId': 1038686, 'formattedListingNoteContent': 'Includes VIP pass', 'listingNoteTypeId': 3, 'showToBuyer': True, 'hideInMock': False, 'siteAddedListingNote': False, 'aisleListingNoteWithSplit': False, 'listingNoteDescriptionContentId': 1277351, 'formattedListingNoteDescription': ""A VIP pass gives you great privileges that other ticket holders don't have!""}, {'listingNoteId': 93, 'listingNoteContentId': 1580908, 'formattedListingNoteContent': 'Access to VIP Lounge', 'listingNoteTypeId': 3, 'showToBuyer': True, 'hideInMock': False, 'siteAddedListingNote': False, 'aisleListingNoteWithSplit': False, 'listingNoteDescriptionContentId': 1580909, 'formattedListingNoteDescription': 'Included with the ticket is access to the VIP lounge in the venue.'}, {'listingNoteId': 175, 'listingNoteContentId': 2444706, 'formattedListingNoteContent': 'Unlimited Food and Drinks', 'listingNoteTypeId': 3, 'showToBuyer': True, 'hideInMock': False, 'siteAddedListingNote': False, 'aisleListingNoteWithSplit': False, 'listingNoteDescriptionContentId': 2444707, 'formattedListingNoteDescription': 'Includes unlimited food and drinks (beer, wine and soft drinks)'}, {'listingNoteId': 505, 'listingNoteContentId': 2445404, 'formattedListingNoteContent': 'Premium Seating', 'listingNoteTypeId': 4, 'showToBuyer': True, 'hideInMock': False, 'siteAddedListingNote': False, 'aisleListingNoteWithSplit': False, 'listingNoteDescriptionContentId': 4211339, 'formattedListingNoteDescription': 'Premium Seating'}, {'listingNoteId': 2061, 'listingNoteContentId': 3878124, 'formattedListingNoteContent': 'Premium open bar', 'listingNoteTypeId': 3, 'showToBuyer': True, 'hideInMock': False, 'siteAddedListingNote': False, 'aisleListingNoteWithSplit': False, 'listingNoteDescriptionContentId': 3878125, 'formattedListingNoteDescription': 'Premium open bar'}, {'listingNoteId': 2250, 'listingNoteContentId': 4167698, 'formattedListingNoteContent': 'Partial Suite (Shared)', 'listingNoteTypeId': 3, 'showToBuyer': True, 'hideInMock': False, 'siteAddedListingNote': False, 'aisleListingNoteWithSplit': False, 'listingNoteDescriptionContentId': 4167699, 'formattedListingNoteDescription': 'Partial Suite (Shared)'}, {'listingNoteId': 2267, 'listingNoteContentId': 4177538, 'formattedListingNoteContent': 'VIP Suite', 'listingNoteTypeId': 3, 'showToBuyer': True, 'hideInMock': False, 'siteAddedListingNote': False, 'aisleListingNoteWithSplit': False, 'listingNoteDescriptionContentId': 4177539, 'formattedListingNoteDescription': 'VIP Suite'}, {'listingNoteId': -1, 'listingNoteContentId': 3338094, 'formattedListingNoteContent': 'Clear view', 'listingNoteTypeId': 3, 'showToBuyer': True, 'hideInMock': False, 'siteAddedListingNote': False, 'aisleListingNoteWithSplit': False, 'listingNoteDescriptionContentId': 3338095, 'formattedListingNoteDescription': ""You'll have an unrestricted view of the show.""}]","[{'listingNoteBucketId': 1, 'formattedListingNoteContent': 'VIP packages', 'displayOrder': 1, 'showsRawNoteText': False}, {'listingNoteBucketId': 2, 'formattedListingNoteContent': 'Suite access', 'displayOrder': 2, 'showsRawNoteText': False}, {'listingNoteBucketId': 4, 'formattedListingNoteContent': 'Club access', 'displayOrder': 4, 'showsRawNoteText': False}, {'listingNoteBucketId': 7, 'formattedListingNoteContent': 'Food & beverages', 'displayOrder': 7, 'showsRawNoteText': False}, {'listingNoteBucketId': 8, 'formattedListingNoteContent': 'Food & beverage options', 'displayOrder': 8, 'showsRawNoteText': False}, {'listingNoteBucketId': 15, 'formattedListingNoteContent': 'Premium Seating', 'displayOrder': 15, 'showsRawNoteText': True, 'sourceListingNoteId': 505}, {'listingNoteBucketId': 0, 'formattedListingNoteContent': 'VIP Suite', 'displayOrder': 30, 'showsRawNoteText': True, 'sourceListingNoteId': 2267}, {'listingNoteBucketId': 27, 'formattedListingNoteContent': 'Clear view', 'displayOrder': 8, 'showsRawNoteText': True, 'sourceListingNoteId': -1}]",1614242,False,False,Row 1,True,4167961,"¥4,167,961","¥4,167,961",,,,10,Mobile Transfer ticket,3,1,MXN,JPY,400000.0,MXN,"https://img.vggcdn.net/img/vfsimage2/812551/17325_1538858/0.jpg?im=Resize=(500,271)&v=771",2 days ago,5,False,False,False,False,K5CM7I6f1i3XBlfe32xM5fKosrlZke%2bzlAu7%2f4cYexw%3d,False,2026-07-16T16:06:45.6670000Z,False,False,False,False,False,False,0,False,,False,False,False,False,0,False,False,0,13373727429,False,3B5C3410-FA3C-433D-8D98-47378FDCE50E,False,False,True,2,4.932174071649751,1.854322937,,,"[{'message': 'Popular Pick', 'qualifier': '70 tickets sold for this event', 'hasValue': True, 'messageType': 'BoughtInLastHourSocialProofBased'}]",[],,,,,,,,,,,,,
13390950221,153020449,115C,1530769,115C,2,2,11_11,11,False,False,1,,False,False,[1],594,Lower,1,True,"[{'listingNoteId': 810, 'listingNoteContentId': 2446052, 'formattedListingNoteContent': 'Actual 2nd row of section', 'listingNoteTypeId': 3, 'showToBuyer': True, 'hideInMock': False, 'siteAddedListingNote': False, 'aisleListingNoteWithSplit': False, 'listingNoteDescriptionContentId': 2446053, 'formattedListingNoteDescription': 'Actual 2nd row of section'}, {'listingNoteId': -1, 'listingNoteContentId': 3338094, 'formattedListingNoteContent': 'Clear view', 'listingNoteTypeId': 3, 'showToBuyer': True, 'hideInMock': False, 'siteAddedListingNote': False, 'aisleListingNoteWithSplit': False, 'listingNoteDescriptionContentId': 3338095, 'formattedListingNoteDescription': ""You'll have an unrestricted view of the show.""}]","[{'listingNoteBucketId': 14, 'formattedListingNoteContent': 'Actual 2nd row of section', 'displayOrder': 14, 'showsRawNoteText': True, 'sourceListingNoteId': 810}, {'listingNoteBucketId': 27, 'formattedListingNoteContent': 'Clear view', 'displayOrder': 8, 'showsRawNoteText': True, 'sourceListingNoteId': -1}]",1641165,False,False,Row 2,False,4174204,"¥4,174,204","¥4,174,204","¥6,266,969",33.0,"¥2,092,765",10,Mobile Transfer ticket,3,1,USD,JPY,,USD,"https://img.vggcdn.net/img/vfsimage2/812551/594_1530769/0.jpg?im=Resize=(500,271)&v=771",15 hours ago,10,False,False,False,False,aXWJX9zag0ZIWebRyiQsxxO6AHTcEG7Gso6aB3y9CBg%3d,False,2026-07-18T13:23:43.7630000Z,False,True,False,False,False,False,0,False,[1],False,False,False,False,0,False,False,0,13390950221,False,F6293EAA-8629-45F1-8B99-C0105C1AD5BD,False,False,True,5,10,4.391235689,,,"[{'message': 'Amazing Value', 'qualifier': 'Based on price, view, seat quality and more', 'hasValue': True, 'messageType': 'ValueBased'}, {'message': 'Popular Pick', 'qualifier': '70 tickets sold for this event', 'hasValue': True, 'messageType': 'BoughtInLastHourSocialProofBased'}, {'message': 'Second Row', 'qualifier': 'Premium close-up view', 'hasValue': True, 'messageType': 'SecondRowTicketAttributeBased'}]",[810],11,11,,,,,,,,,Best deal,True,6aa8a73f-b069-4147-a316-ffc9e9280c2b
13375745056,153020449,235,122862,235,2,8,_,,False,False,3,,False,False,"[1, 2, 3]",471,Middle,3,True,"[{'listingNoteId': 263, 'listingNoteContentId': 2444900, 'formattedListingNoteContent': 'VIP Club', 'listingNoteTypeId': 3, 'showToBuyer': True, 'hideInMock': False, 'siteAddedListingNote': False, 'aisleListingNoteWithSplit': False, 'listingNoteDescriptionContentId': 2444901, 'formattedListingNoteDescription': 'VIP Club - Club opens 90 minutes prior to tipoff and offers access to a lounge area with televisions, plush seating and private restrooms as well as all-inclusive food, draft beer, and house wine'}, {'listingNoteId': 424, 'listingNoteContentId': 2445241, 'formattedListingNoteContent': 'Access to VIP Club', 'listingNoteTypeId': 3, 'showToBuyer': True, 'hideInMock': False, 'siteAddedListingNote': False, 'aisleListingNoteWithSplit': False, 'formattedListingNoteDescription': ''}, {'listingNoteId': 1367, 'listingNoteContentId': 2447255, 'formattedListingNoteContent': 'Includes club access', 'listingNoteTypeId': 3, 'showToBuyer': True, 'hideInMock': False, 'siteAddedListingNote': False, 'aisleListingNoteWithSplit': False, 'listingNoteDescriptionContentId': 2447256, 'formattedListingNoteDescription': 'Includes club access'}, {'listingNoteId': -1, 'listingNoteContentId': 3338094, 'formattedListingNoteContent': 'Clear view', 'listingNoteTypeId': 3, 'showToBuyer': True, 'hideInMock': False, 'siteAddedListingNote': False, 'aisleListingNoteWithSplit': False, 'listingNoteDescriptionContentId': 3338095, 'formattedListingNoteDescription': ""You'll have an unrestricted view of the show.""}]","[{'listingNoteBucketId': 1, 'formattedListingNoteContent': 'VIP packages', 'displayOrder': 1, 'showsRawNoteText': False}, {'listingNoteBucketId': 4, 'formattedListingNoteContent': 'Club access', 'displayOrder': 4, 'showsRawNoteText': False}, {'listingNoteBucketId': 27, 'formattedListingNoteContent': 'Clear view', 'displayOrder': 8, 'showsRawNoteText': True, 'sourceListingNoteId': -1}]",703279,False,False,Row 8,False,4190832,"¥4,190,832","¥4,190,832","¥6,591,071",36.0,"¥2,400,239",10,Mobile Transfer ticket,3,1,USD,JPY,27850.0,USD,"https://img.vggcdn.net/img/vfsimage2/812551/471_122862/0.jpg?im=Resize=(500,271)&v=771",2 days ago,4,False,False,False,False,wNx2uhgPskatHyK72ee3bbTM9BPJew%2bdsSVg4kZEPU0%3d,False,2026-07-16T19:44:14.6730000Z,False,False,False,False,False,False,0,False,,False,False,False,False,0,False,False,0,13375745056,False,787B4960-8C01-4B7D-AE68-F20FE33FAFFC,False,False,True,2,4.242077436388808,1.630477694,,,"[{'message': 'Popular Pick', 'qualifier': '70 tickets sold for this event', 'hasValue': True, 'messageType': 'BoughtInLastHourSocialProofBased'}]",[],,,,,,,,,,,,,
13394571732,153020449,142,122807,142,2,29,22_26,22,False,False,5,,False,False,"[1, 2, 3, 5]",594,Lower,5,True,"[{'listingNoteId': -1, 'listingNoteContentId': 3338094, 'formattedListingNoteContent': 'Clear view', 'listingNoteTypeId': 3, 'showToBuyer': True, 'hideInMock': False, 'siteAddedListingNote': False, 'aisleListingNoteWithSplit': False, 'listingNoteDescriptionContentId': 3338095, 'formattedListingNoteDescription': ""You'll have an unrestricted view of the show.""}]","[{'listingNoteBucketId': 27, 'formattedListingNoteContent': 'Clear view', 'displayOrder': 8, 'showsRawNoteText': True, 'sourceListingNoteId': -1}]",2113155,False,False,Row 29,False,4203058,"¥4,203,058","¥4,203,058",,,,10,Mobile Transfer ticket,3,1,USD,JPY,29000.0,USD,"https://img.vggcdn.net/img/vfsimage2/812551/594_122807/0.jpg?im=Resize=(500,271)&v=771",an hour ago,4,False,False,False,False,PBdzfVvoQ5UsoNGJZRsd1%2fR4Kl10%2bes5p6pqVJz8kvk%3d,False,2026-07-19T03:48:51.2900000Z,False,False,False,False,False,False,0,False,,False,False,False,False,0,False,False,0,13394571732,False,11FA84AC-E813-4A0C-8550-EB6EE0F4B7D0,False,False,True,2,3.9951324928336494,1.564946777,,,"[{'message': 'Popular Pick', 'qualifier': '70 tickets sold for this event', 'hasValue': True, 'messageType': 'BoughtInLastHourSocialProofBased'}]",[],22,26,,,,,,,,,,,
13392827541,153020449,116,122791,116,2,7,6_6,6,False,False,1,,False,False,[1],594,Lower,1,True,"[{'listingNoteId': 811, 'listingNoteContentId': 2446054, 'formattedListingNoteContent': 'Actual 1st row of the section', 'listingNoteTypeId': 3, 'showToBuyer': True, 'hideInMock': False, 'siteAddedListingNote': False, 'aisleListingNoteWithSplit': False, 'listingNoteDescriptionContentId': 2446055, 'formattedListingNoteDescription': 'Actual 1st row of the section'}, {'listingNoteId': -1, 'listingNoteContentId': 3338094, 'formattedListingNoteContent': 'Clear view', 'listingNoteTypeId': 3, 'showToBuyer': True, 'hideInMock': False, 'siteAddedListingNote': False, 'aisleListingNoteWithSplit': False, 'listingNoteDescriptionContentId': 3338095, 'formattedListingNoteDescription': ""You'll have an unrestricted view of the show.""}]","[{'listingNoteBucketId': 0, 'formattedListingNoteContent': 'Actual 1st row of the section', 'displayOrder': 30, 'showsRawNoteText': True, 'sourceListingNoteId': 811}, {'listingNoteBucketId': 27, 'formattedListingNoteContent': 'Clear view', 'displayOrder': 8, 'showsRawNoteText': True, 'sourceListingNoteId': -1}]",2112545,False,False,Row 7,False,4210872,"¥4,210,872","¥4,210,872","¥6,317,759",33.0,"¥2,106,887",10,Mobile Transfer ticket,3,1,USD,JPY,0.0,USD,"https://img.vggcdn.net/img/vfsimage2/812551/594_122791/0.jpg?im=Resize=(500,271)&v=771",8 hours ago,7,False,False,False,False,c635WzCUkLLuJSnjK3njMlbbga%2b%2bWvkW7%2fwmBmCEc2E%3d,False,2026-07-18T20:45:31.3270000Z,False,False,False,False,False,False,0,False,,False,False,False,False,0,False,False,0,13392827541,False,48735F70-8C2C-4A3C-8D05-50D11DE53444,False,False,True,3,6.860463269939347,2.372807389,,,"[{'message': 'Popular Pick', 'qualifier': '70 tickets sold for this event', 'hasValue': True, 'messageType': 'BoughtInLastHourSocialProofBased'}, {'message': 'Front Row', 'qualifier': 'Best seats in the house', 'hasValue': True, 'messageType': 'FirstRowTicketAttributeBased'}]",[811],6,6,,,,,,,,,,,
13379712171,153020449,235,122862,235,2,4,_,,False,False,1,,False,False,[1],471,Middle,1,True,"[{'listingNoteId': 263, 'listingNoteContentId': 2444900, 'formattedListingNoteContent': 'VIP Club', 'listingNoteTypeId': 3, 'showToBuyer': True, 'hideInMock': False, 'siteAddedListingNote': False, 'aisleListingNoteWithSplit': False, 'listingNoteDescriptionContentId': 2444901, 'formattedListingNoteDescription': 'VIP Club - Club opens 90 minutes prior to tipoff and offers access to a lounge area with televisions, plush seating and private restrooms as well as all-inclusive food, draft beer, and house wine'}, {'listingNoteId': 424, 'listingNoteContentId': 2445241, 'formattedListingNoteContent': 'Access to VIP Club', 'listingNoteTypeId': 3, 'showToBuyer': True, 'hideInMock': False, 'siteAddedListingNote': False, 'aisleListingNoteWithSplit': False, 'formattedListingNoteDescription': ''}, {'listingNoteId': 1367, 'listingNoteContentId': 2447255, 'formattedListingNoteContent': 'Includes club access', 'listingNoteTypeId': 3, 'showToBuyer': True, 'hideInMock': False, 'siteAddedListingNote': False, 'aisleListingNoteWithSplit': False, 'listingNoteDescriptionContentId': 2447256, 'formattedListingNoteDescription': 'Includes club access'}, {'listingNoteId': -1, 'listingNoteContentId': 3338094, 'formattedListingNoteContent': 'Clear view', 'listingNoteTypeId': 3, 'showToBuyer': True, 'hideInMock': False, 'siteAddedListingNote': False, 'aisleListingNoteWithSplit': False, 'listingNoteDescriptionContentId': 3338095, 'formattedListingNoteDescription': ""You'll have an unrestricted view of the show.""}]","[{'listingNoteBucketId': 1, 'formattedListingNoteContent': 'VIP packages', 'displayOrder': 1, 'showsRawNoteText': False}, {'listingNoteBucketId': 4, 'formattedListingNoteContent': 'Club access', 'displayOrder': 4, 'showsRawNoteText': False}, {'listingNoteBucketId': 27, 'formattedListingNoteContent': 'Clear view', 'displayOrder': 8, 'showsRawNoteText': True, 'sourceListingNoteId': -1}]",703275,False,False,Row 4,False,4395241,"¥4,395,241","¥4,395,241",,,,10,Mobile Transfer ticket,3,1,USD,JPY,10900.0,USD,"https://img.vggcdn.net/img/vfsimage2/812551/471_122862/0.jpg?im=Resize=(500,271)&v=771",2 days ago,4,False,False,False,False,WlCn1Lx0gFqN4iFGM8CVPJWF5%2fDMkRqvmd5B8KtgUuU%3d,False,2026-07-17T03:59:21.4370000Z,False,False,False,False,False,False,0,False,,False,False,False,False,0,False,False,0,13379712171,False,B78D279E-3944-402E-9BD1-B41C5E94A66E,False,False,True,2,4.333144554227287,1.738813636,,,"[{'message': 'Popular Pick', 'qualifier': '70 tickets sold for this event', 'hasValue': True, 'messageType': 'BoughtInLastHourSocialProofBased'}]",[],,,,,,,,,,,,,
13382694909,153020449,143,122808,143,2,9,_,,False,False,8,,False,False,"[1, 2, 3, 4, 5, 6, 8]",594,Lower,8,True,"[{'listingNoteId': -1, 'listingNoteContentId': 3338094, 'formattedListingNoteContent': 'Clear view', 'listingNoteTypeId': 3, 'showToBuyer': True, 'hideInMock': False, 'siteAddedListingNote': False, 'aisleListingNoteWithSplit': False, 'listingNoteDescriptionContentId': 3338095, 'formattedListingNoteDescription': ""You'll have an unrestricted view of the show.""}]","[{'listingNoteBucketId': 27, 'formattedListingNoteContent': 'Clear view', 'displayOrder': 8, 'showsRawNoteText': True, 'sourceListingNoteId': -1}]",2113201,False,False,Row 9,False,4459394,"¥4,459,394","¥4,459,394",,,,10,Mobile Transfer ticket,3,1,EUR,JPY,10000.0,EUR,"https://img.vggcdn.net/img/vfsimage2/812551/594_122808/0.jpg?im=Resize=(500,271)&v=771",yesterday,5,False,False,False,False,AKb1xNAy3wrQJIUTCT8exMCVGz9pTtIwXZvdbW9%2f2nE%3d,False,2026-07-17T12:40:18.5000000Z,False,False,False,False,False,False,0,False,,False,False,False,False,0,False,False,0,13382694909,False,A0AABF18-CA0A-48AD-BC40-CA6CEEC0C580,False,False,True,2,4.98387989166113,2.005563094,,,"[{'message': 'Popular Pick', 'qualifier': '70 tickets sold for this event', 'hasValue': True, 'messageType': 'BoughtInLastHourSocialProofBased'}]",[],,,,,,,,,,,,,
13334390402,153020449,129,122799,129,2,31,_,,False,False,1,,False,False,[1],594,Lower,1,True,"[{'listingNoteId': 174, 'listingNoteContentId': 2444704, 'formattedListingNoteContent': 'VIP Club Access w/ private entrance & restrooms', 'listingNoteTypeId': 3, 'showToBuyer': True, 'hideInMock': False, 'siteAddedListingNote': False, 'aisleListingNoteWithSplit': False, 'listingNoteDescriptionContentId': 2444705, 'formattedListingNoteDescription': 'Tickets grant access to VIP private entrance, VIP club access and VIP private restrooms.'}, {'listingNoteId': 1025, 'listingNoteContentId': 2446491, 'formattedListingNoteContent': 'Includes unlimited food and soft drinks', 'listingNoteTypeId': 3, 'showToBuyer': True, 'hideInMock': False, 'siteAddedListingNote': False, 'aisleListingNoteWithSplit': False, 'listingNoteDescriptionContentId': 2446492, 'formattedListingNoteDescription': 'Includes unlimited food and soft drinks'}, {'listingNoteId': 1028, 'listingNoteContentId': 2446497, 'formattedListingNoteContent': 'Includes unlimited food and drinks (beer, wine and liquor)', 'listingNoteTypeId': 3, 'showToBuyer': True, 'hideInMock': False, 'siteAddedListingNote': False, 'aisleListingNoteWithSplit': False, 'listingNoteDescriptionContentId': 2446498, 'formattedListingNoteDescription': 'Includes unlimited food and drinks (beer, wine and liquor)'}, {'listingNoteId': 2246, 'listingNoteContentId': 4165609, 'formattedListingNoteContent': 'VIP Experience', 'listingNoteTypeId': 3, 'showToBuyer': True, 'hideInMock': False, 'siteAddedListingNote': False, 'aisleListingNoteWithSplit': False, 'listingNoteDescriptionContentId': 4165611, 'formattedListingNoteDescription': 'VIP Experience'}, {'listingNoteId': 2247, 'listingNoteContentId': 4165768, 'formattedListingNoteContent': 'Includes food, beer and wine', 'listingNoteTypeId': 3, 'showToBuyer': True, 'hideInMock': False, 'siteAddedListingNote': False, 'aisleListingNoteWithSplit': False, 'listingNoteDescriptionContentId': 4165769, 'formattedListingNoteDescription': 'Includes food, beer and wine'}, {'listingNoteId': 2254, 'listingNoteContentId': 4170837, 'formattedListingNoteContent': 'Includes food, beer, wine, and non-alcoholic beverages', 'listingNoteTypeId': 3, 'showToBuyer': True, 'hideInMock': False, 'siteAddedListingNote': False, 'aisleListingNoteWithSplit': False, 'listingNoteDescriptionContentId': 4170838, 'formattedListingNoteDescription': 'Includes food, beer, wine, and non-alcoholic beverages'}, {'listingNoteId': 2356, 'listingNoteContentId': 4257844, 'formattedListingNoteContent': 'All-Inclusive Food', 'listingNoteTypeId': 3, 'showToBuyer': True, 'hideInMock': False, 'siteAddedListingNote': False, 'aisleListingNoteWithSplit': False, 'formattedListingNoteDescription': ''}, {'listingNoteId': 2363, 'listingNoteContentId': 4281452, 'formattedListingNoteContent': 'Access to Premium Lounge', 'listingNoteTypeId': 3, 'showToBuyer': True, 'hideInMock': False, 'siteAddedListingNote': False, 'aisleListingNoteWithSplit': False, 'formattedListingNoteDescription': ''}, {'listingNoteId': 1021, 'listingNoteContentId': 2446483, 'formattedListingNoteContent': 'Includes unlimited food and drinks (beer and soft drinks)', 'listingNoteTypeId': 3, 'showToBuyer': True, 'hideInMock': False, 'siteAddedListingNote': False, 'aisleListingNoteWithSplit': False, 'listingNoteDescriptionContentId': 2446484, 'formattedListingNoteDescription': 'Includes unlimited food and drinks (beer and soft drinks)'}, {'listingNoteId': -1, 'listingNoteContentId': 3338094, 'formattedListingNoteContent': 'Clear view', 'listingNoteTypeId': 3, 'showToBuyer': True, 'hideInMock': False, 'siteAddedListingNote': False, 'aisleListingNoteWithSplit': False, 'listingNoteDescriptionContentId': 3338095, 'formattedListingNoteDescription': ""You'll have an unrestricted view of the show.""}]","[{'listingNoteBucketId': 1, 'formattedListingNoteContent': 'VIP packages', 'displayOrder': 1, 'showsRawNoteText': False}, {'listingNoteBucketId': 7, 'formattedListingNoteContent': 'Food & beverages', 'displayOrder': 7, 'showsRawNoteText': False}, {'listingNoteBucketId': 0, 'formattedListingNoteContent': 'Includes food, beer, wine, and non-alcoholic beverages', 'displayOrder': 30, 'showsRawNoteText': True, 'sourceListingNoteId': 2254}, {'listingNoteBucketId': 0, 'formattedListingNoteContent': 'All-Inclusive Food', 'displayOrder': 30, 'showsRawNoteText': True, 'sourceListingNoteId': 2356}, {'listingNoteBucketId': 0, 'formattedListingNoteContent': 'Access to Premium Lounge', 'displayOrder': 30, 'showsRawNoteText': True, 'sourceListingNoteId': 2363}, {'listingNoteBucketId': 27, 'formattedListingNoteContent': 'Clear view', 'displayOrder': 8, 'showsRawNoteText': True, 'sourceListingNoteId': -1}]",2112884,False,False,Row 31,False,4561930,"¥4,561,930","¥4,561,930",,,,10,Mobile Transfer ticket,3,1,USD,JPY,,USD,"https://img.vggcdn.net/img/vfsimage2/812551/594_122799/0.jpg?im=Resize=(500,271)&v=771",6 days ago,2,False,False,False,False,fKg%2bE%2bqRomOS8soo5WJSqsPRxBo%2fUZZsQiAT9Js9NkI%3d,False,2026-07-12T04:55:54.9300000Z,False,False,False,False,False,False,0,False,,False,False,False,False,0,False,False,0,13334390402,False,38A727F0-B7C0-4180-822A-860236C0C962,False,False,True,1,2.312931848782867,1.157901689,,,"[{'message': 'Popular Pick', 'qualifier': '70 tickets sold for this event', 'hasValue': True, 'messageType': 'BoughtInLastHourSocialProofBased'}, {'message': 'VIP', 'qualifier': 'Premium access and amenities', 'hasValue': True, 'messageType': 'VipTicketAttributeBased'}]",[174],,,,,,,,,,,,,
13384010222,153020449,140,122806,140,2,20,_,,False,False,3,,False,False,"[1, 3]",594,Lower,3,True,"[{'listingNoteId': -1, 'listingNoteContentId': 3338094, 'formattedListingNoteContent': 'Clear view', 'listingNoteTypeId': 3, 'showToBuyer': True, 'hideInMock': False, 'siteAddedListingNote': False, 'aisleListingNoteWithSplit': False, 'listingNoteDescriptionContentId': 3338095, 'formattedListingNoteDescription': ""You'll have an unrestricted view of the show.""}]","[{'listingNoteBucketId': 27, 'formattedListingNoteContent': 'Clear view', 'displayOrder': 8, 'showsRawNoteText': True, 'sourceListingNoteId': -1}]",2113118,False,False,Row 20,False,4636396,"¥4,636,396","¥4,636,396",,,,10,Mobile Transfer ticket,3,1,USD,JPY,0.0,USD,"https://img.vggcdn.net/img/vfsimage2/812551/594_122806/0.jpg?im=Resize=(500,271)&v=771",yesterday,6,False,False,False,False,T6ErPElPQsoWMsTwRKC0ISCGR1WZiaOs2HWNIVP8FxU%3d,False,2026-07-17T16:25:35.9130000Z,False,False,False,False,False,False,0,False,,False,False,False,False,0,False,False,0,13384010222,False,C29A3EDA-F960-4472-833F-484DBEAA796C,False,False,True,3,5.611756077458501,2.240237246,,,"[{'message': 'Popular Pick', 'qualifier': '70 tickets sold for this event', 'hasValue': True, 'messageType': 'BoughtInLastHourSocialProofBased'}]",[],,,,,,,,,,,,,
13346680337,153020449,112,122789,112,2,22,_,,False,False,5,,False,False,"[1, 2, 3, 4, 5]",594,Lower,5,True,"[{'listingNoteId': -1, 'listingNoteContentId': 3338094, 'formattedListingNoteContent': 'Clear view', 'listingNoteTypeId': 3, 'showToBuyer': True, 'hideInMock': False, 'siteAddedListingNote': False, 'aisleListingNoteWithSplit': False, 'listingNoteDescriptionContentId': 3338095, 'formattedListingNoteDescription': ""You'll have an unrestricted view of the show.""}]","[{'listingNoteBucketId': 27, 'formattedListingNoteContent': 'Clear view', 'displayOrder': 8, 'showsRawNoteText': True, 'sourceListingNoteId': -1}]",2112412,False,False,Row 22,False,4636396,"¥4,636,396","¥4,636,396",,,,10,Mobile Transfer ticket,3,1,USD,JPY,0.0,USD,"https://img.vggcdn.net/img/vfsimage2/812551/594_122789/0.jpg?im=Resize=(500,271)&v=771",5 days ago,5,False,False,False,False,T6ErPElPQsoWMsTwRKC0ISCGR1WZiaOs2HWNIVP8FxU%3d,False,2026-07-14T02:26:25.1270000Z,False,False,False,False,False,False,0,False,[7],False,False,False,False,0,False,False,0,13346680337,False,583131EC-E79E-4C7E-B650-F8094D0268CD,False,False,True,2,4.803482117911797,2.008979178,Last tickets,True,"[{'message': 'Popular Pick', 'qualifier': '70 tickets sold for this event', 'hasValue': True, 'messageType': 'BoughtInLastHourSocialProofBased'}]",[],,,,,,,,,,,,,
13394284218,153020449,235,122862,235,2,1,_,,False,False,4,,False,False,"[1, 2, 3, 4]",471,Middle,4,True,"[{'listingNoteId': 263, 'listingNoteContentId': 2444900, 'formattedListingNoteContent': 'VIP Club', 'listingNoteTypeId': 3, 'showToBuyer': True, 'hideInMock': False, 'siteAddedListingNote': False, 'aisleListingNoteWithSplit': False, 'listingNoteDescriptionContentId': 2444901, 'formattedListingNoteDescription': 'VIP Club - Club opens 90 minutes prior to tipoff and offers access to a lounge area with televisions, plush seating and private restrooms as well as all-inclusive food, draft beer, and house wine'}, {'listingNoteId': 424, 'listingNoteContentId': 2445241, 'formattedListingNoteContent': 'Access to VIP Club', 'listingNoteTypeId': 3, 'showToBuyer': True, 'hideInMock': False, 'siteAddedListingNote': False, 'aisleListingNoteWithSplit': False, 'formattedListingNoteDescription': ''}, {'listingNoteId': 1367, 'listingNoteContentId': 2447255, 'formattedListingNoteContent': 'Includes club access', 'listingNoteTypeId': 3, 'showToBuyer': True, 'hideInMock': False, 'siteAddedListingNote': False, 'aisleListingNoteWithSplit': False, 'listingNoteDescriptionContentId': 2447256, 'formattedListingNoteDescription': 'Includes club access'}, {'listingNoteId': 2025, 'listingNoteContentId': 3415843, 'formattedListingNoteContent': 'Front Row of Section', 'listingNoteTypeId': 6, 'showToBuyer': True, 'hideInMock': False, 'siteAddedListingNote': False, 'aisleListingNoteWithSplit': False, 'listingNoteDescriptionContentId': 3415843, 'formattedListingNoteDescription': 'Front Row of Section'}, {'listingNoteId': -1, 'listingNoteContentId': 3338094, 'formattedListingNoteContent': 'Clear view', 'listingNoteTypeId': 3, 'showToBuyer': True, 'hideInMock': False, 'siteAddedListingNote': False, 'aisleListingNoteWithSplit': False, 'listingNoteDescriptionContentId': 3338095, 'formattedListingNoteDescription': ""You'll have an unrestricted view of the show.""}]","[{'listingNoteBucketId': 1, 'formattedListingNoteContent': 'VIP packages', 'displayOrder': 1, 'showsRawNoteText': False}, {'listingNoteBucketId': 4, 'formattedListingNoteContent': 'Club access', 'displayOrder': 4, 'showsRawNoteText': False}, {'listingNoteBucketId': 14, 'formattedListingNoteContent': 'Front Row of Section', 'displayOrder': 14, 'showsRawNoteText': True, 'sourceListingNoteId': 2025}, {'listingNoteBucketId': 27, 'formattedListingNoteContent': 'Clear view', 'displayOrder': 8, 'showsRawNoteText': True, 'sourceListingNoteId': -1}]",703272,False,False,Row 1,False,5008468,"¥5,008,468","¥5,008,468",,,,10,Mobile Transfer ticket,3,1,USD,JPY,0.0,USD,"https://img.vggcdn.net/img/vfsimage2/812551/471_122862/0.jpg?im=Resize=(500,271)&v=771",2 hours ago,4,False,False,False,False,0ut1tOTt0nPQhTPka%2b0MF69Po40dfZY7ua6gvjffGiM%3d,False,2026-07-19T02:34:43.3600000Z,False,False,False,False,False,False,0,False,,False,False,False,False,0,False,False,0,13394284218,False,479A1091-7FB1-48F9-A4AD-E1051B56C5DE,False,False,True,2,3.8685114261487814,1.824645729,,,"[{'message': 'Popular Pick', 'qualifier': '70 tickets sold for this event', 'hasValue': True, 'messageType': 'BoughtInLastHourSocialProofBased'}, {'message': 'Front Row', 'qualifier': 'Best seats in the house', 'hasValue': True, 'messageType': 'FirstRowTicketAttributeBased'}]",[2025],,,,,,,,,,,,,
13393597564,153020449,139,122805,139,2,24,11_12,11,False,False,2,,False,False,"[1, 2]",594,Lower,2,True,"[{'listingNoteId': 32, 'listingNoteContentId': 1064695, 'formattedListingNoteContent': 'Includes parking', 'listingNoteTypeId': 3, 'showToBuyer': True, 'hideInMock': False, 'siteAddedListingNote': False, 'aisleListingNoteWithSplit': False, 'listingNoteDescriptionContentId': 1277359, 'formattedListingNoteDescription': 'You will be able to park your car or motorcycle for free, as this is part of the package.'}, {'listingNoteId': -1, 'listingNoteContentId': 3338094, 'formattedListingNoteContent': 'Clear view', 'listingNoteTypeId': 3, 'showToBuyer': True, 'hideInMock': False, 'siteAddedListingNote': False, 'aisleListingNoteWithSplit': False, 'listingNoteDescriptionContentId': 3338095, 'formattedListingNoteDescription': ""You'll have an unrestricted view of the show.""}]","[{'listingNoteBucketId': 19, 'formattedListingNoteContent': 'Includes parking', 'displayOrder': 19, 'showsRawNoteText': True, 'sourceListingNoteId': 32}, {'listingNoteBucketId': 27, 'formattedListingNoteContent': 'Clear view', 'displayOrder': 8, 'showsRawNoteText': True, 'sourceListingNoteId': -1}]",2113096,False,False,Row 24,False,5263697,"¥5,263,697","¥5,263,697","¥10,482,953",50.0,"¥5,219,256",10,Mobile Transfer ticket,3,1,USD,JPY,5750.0,USD,"https://img.vggcdn.net/img/vfsimage2/812551/594_122805/0.jpg?im=Resize=(500,271)&v=771",5 hours ago,4,False,False,False,False,JE45fpUTBQMik2g30kxCfSuixoPKoDs9appuZ5zflHo%3d,False,2026-07-18T23:22:11.1370000Z,False,False,False,False,False,False,0,False,[7],False,False,False,False,0,False,False,0,13393597564,False,A88A9767-A1FA-4735-9778-46D3EEE90030,False,False,True,2,4.440124909209996,2.124453498,Last tickets,True,"[{'message': 'Popular Pick', 'qualifier': '70 tickets sold for this event', 'hasValue': True, 'messageType': 'BoughtInLastHourSocialProofBased'}]",[],,,,,,,,,,,,,
13388193458,153020449,124,122796,124,2,1,16_18,16,False,False,3,,False,False,"[1, 3]",594,Lower,3,True,"[{'listingNoteId': 2025, 'listingNoteContentId': 3415843, 'formattedListingNoteContent': 'Front Row of Section', 'listingNoteTypeId': 6, 'showToBuyer': True, 'hideInMock': False, 'siteAddedListingNote': False, 'aisleListingNoteWithSplit': False, 'listingNoteDescriptionContentId': 3415843, 'formattedListingNoteDescription': 'Front Row of Section'}, {'listingNoteId': -1, 'listingNoteContentId': 3338094, 'formattedListingNoteContent': 'Clear view', 'listingNoteTypeId': 3, 'showToBuyer': True, 'hideInMock': False, 'siteAddedListingNote': False, 'aisleListingNoteWithSplit': False, 'listingNoteDescriptionContentId': 3338095, 'formattedListingNoteDescription': ""You'll have an unrestricted view of the show.""}]","[{'listingNoteBucketId': 14, 'formattedListingNoteContent': 'Front Row of Section', 'displayOrder': 14, 'showsRawNoteText': True, 'sourceListingNoteId': 2025}, {'listingNoteBucketId': 27, 'formattedListingNoteContent': 'Clear view', 'displayOrder': 8, 'showsRawNoteText': True, 'sourceListingNoteId': -1}]",2112716,False,False,Row 1,False,5614580,"¥5,614,580","¥5,614,580",,,,10,Mobile Transfer ticket,3,1,USD,JPY,10990.0,USD,"https://img.vggcdn.net/img/vfsimage2/812551/594_122796/0.jpg?im=Resize=(500,271)&v=771",yesterday,2,False,False,False,False,NbTEMUkZTJYPdCvp%2b13VJedMcK8cthJ2v%2fGht%2bOYb98%3d,False,2026-07-18T02:25:15.6500000Z,False,False,False,True,False,False,0,False,[6],False,False,False,False,0,False,False,0,13388193458,False,567E66C9-B5ED-4F64-AAF2-B24FEF831F9A,False,False,True,1,2.480519549934063,1.630861575,,,"[{'message': 'Popular Pick', 'qualifier': '70 tickets sold for this event', 'hasValue': True, 'messageType': 'BoughtInLastHourSocialProofBased'}, {'message': 'Front Row', 'qualifier': 'Best seats in the house', 'hasValue': True, 'messageType': 'FirstRowTicketAttributeBased'}]",[2025],,,,,,,Fan favorite,This section is in the top 10% of sections for this event when ranked based on a count of successful sales over the past 7 days on our site,True,,,,
13394284215,153020449,236,122863,236,2,2,_,,False,False,4,,False,False,"[1, 2, 3, 4]",471,Middle,4,True,"[{'listingNoteId': 263, 'listingNoteContentId': 2444900, 'formattedListingNoteContent': 'VIP Club', 'listingNoteTypeId': 3, 'showToBuyer': True, 'hideInMock': False, 'siteAddedListingNote': False, 'aisleListingNoteWithSplit': False, 'listingNoteDescriptionContentId': 2444901, 'formattedListingNoteDescription': 'VIP Club - Club opens 90 minutes prior to tipoff and offers access to a lounge area with televisions, plush seating and private restrooms as well as all-inclusive food, draft beer, and house wine'}, {'listingNoteId': 424, 'listingNoteContentId': 2445241, 'formattedListingNoteContent': 'Access to VIP Club', 'listingNoteTypeId': 3, 'showToBuyer': True, 'hideInMock': False, 'siteAddedListingNote': False, 'aisleListingNoteWithSplit': False, 'formattedListingNoteDescription': ''}, {'listingNoteId': 1367, 'listingNoteContentId': 2447255, 'formattedListingNoteContent': 'Includes club access', 'listingNoteTypeId': 3, 'showToBuyer': True, 'hideInMock': False, 'siteAddedListingNote': False, 'aisleListingNoteWithSplit': False, 'listingNoteDescriptionContentId': 2447256, 'formattedListingNoteDescription': 'Includes club access'}, {'listingNoteId': 2026, 'listingNoteContentId': 3415844, 'formattedListingNoteContent': 'Second Row of Section', 'listingNoteTypeId': 6, 'showToBuyer': True, 'hideInMock': False, 'siteAddedListingNote': False, 'aisleListingNoteWithSplit': False, 'listingNoteDescriptionContentId': 3415844, 'formattedListingNoteDescription': 'Second Row of Section'}, {'listingNoteId': -1, 'listingNoteContentId': 3338094, 'formattedListingNoteContent': 'Clear view', 'listingNoteTypeId': 3, 'showToBuyer': True, 'hideInMock': False, 'siteAddedListingNote': False, 'aisleListingNoteWithSplit': False, 'listingNoteDescriptionContentId': 3338095, 'formattedListingNoteDescription': ""You'll have an unrestricted view of the show.""}]","[{'listingNoteBucketId': 1, 'formattedListingNoteContent': 'VIP packages', 'displayOrder': 1, 'showsRawNoteText': False}, {'listingNoteBucketId': 4, 'formattedListingNoteContent': 'Club access', 'displayOrder': 4, 'showsRawNoteText': False}, {'listingNoteBucketId': 14, 'formattedListingNoteContent': 'Second Row of Section', 'displayOrder': 14, 'showsRawNoteText': True, 'sourceListingNoteId': 2026}, {'listingNoteBucketId': 27, 'formattedListingNoteContent': 'Clear view', 'displayOrder': 8, 'showsRawNoteText': True, 'sourceListingNoteId': -1}]",703287,False,False,Row 2,False,5621696,"¥5,621,696","¥5,621,696",,,,10,Mobile Transfer ticket,3,1,USD,JPY,0.0,USD,"https://img.vggcdn.net/img/vfsimage2/812551/471_122863/0.jpg?im=Resize=(500,271)&v=771",2 hours ago,3,False,False,False,False,0vBuz9dNayiNLXsCfQSkyPcJtaR9Yd%2fQNO67RyK1bOo%3d,False,2026-07-19T02:34:43.3300000Z,False,False,False,False,False,False,0,False,[7],False,False,False,False,0,False,False,0,13394284215,False,32B6265A-D4C2-4EF9-9CA0-68BFA2BCD4DC,False,False,True,2,2.8425134700850823,1.743432048,Last tickets,True,"[{'message': 'Popular Pick', 'qualifier': '70 tickets sold for this event', 'hasValue': True, 'messageType': 'BoughtInLastHourSocialProofBased'}, {'message': 'Second Row', 'qualifier': 'Premium close-up view', 'hasValue': True, 'messageType': 'SecondRowTicketAttributeBased'}]",[2026],,,,,,,,,,,,,
13394485892,153020449,140,122806,140,2,17,_,,False,False,4,,False,False,"[1, 2, 3, 4]",594,Lower,4,True,"[{'listingNoteId': -1, 'listingNoteContentId': 3338094, 'formattedListingNoteContent': 'Clear view', 'listingNoteTypeId': 3, 'showToBuyer': True, 'hideInMock': False, 'siteAddedListingNote': False, 'aisleListingNoteWithSplit': False, 'listingNoteDescriptionContentId': 3338095, 'formattedListingNoteDescription': ""You'll have an unrestricted view of the show.""}]","[{'listingNoteBucketId': 27, 'formattedListingNoteContent': 'Clear view', 'displayOrder': 8, 'showsRawNoteText': True, 'sourceListingNoteId': -1}]",2113115,False,False,Row 17,False,5723900,"¥5,723,900","¥5,723,900",,,,10,Mobile Transfer ticket,3,1,USD,JPY,22590.0,USD,"https://img.vggcdn.net/img/vfsimage2/812551/594_122806/0.jpg?im=Resize=(500,271)&v=771",an hour ago,5,False,False,False,False,7cXJ1l8X6pL6EVH7OUznQ4Uv6axH%2f529gn9B3oTEpSo%3d,False,2026-07-19T03:27:41.2900000Z,False,False,False,False,False,False,0,False,,False,False,False,False,0,False,False,0,13394485892,False,8EAEDC5B-F049-46EA-99B5-09B99C645EEF,False,False,True,2,4.660026182833024,2.41613071,,,"[{'message': 'Popular Pick', 'qualifier': '70 tickets sold for this event', 'hasValue': True, 'messageType': 'BoughtInLastHourSocialProofBased'}]",[],,,,,,,,,,,,,
13039179808,153020449,129,122799,129,2,19,20_20,20,False,False,1,,False,False,[1],594,Lower,1,True,"[{'listingNoteId': 2344, 'listingNoteContentId': 4216766, 'formattedListingNoteContent': 'Includes Offsite Hospitality', 'listingNoteTypeId': 3, 'showToBuyer': True, 'hideInMock': False, 'siteAddedListingNote': False, 'aisleListingNoteWithSplit': False, 'formattedListingNoteDescription': ''}, {'listingNoteId': 1028, 'listingNoteContentId': 2446497, 'formattedListingNoteContent': 'Includes unlimited food and drinks (beer, wine and liquor)', 'listingNoteTypeId': 3, 'showToBuyer': True, 'hideInMock': False, 'siteAddedListingNote': False, 'aisleListingNoteWithSplit': False, 'listingNoteDescriptionContentId': 2446498, 'formattedListingNoteDescription': 'Includes unlimited food and drinks (beer, wine and liquor)'}, {'listingNoteId': 11, 'listingNoteContentId': 1038686, 'formattedListingNoteContent': 'Includes VIP pass', 'listingNoteTypeId': 3, 'showToBuyer': True, 'hideInMock': False, 'siteAddedListingNote': False, 'aisleListingNoteWithSplit': False, 'listingNoteDescriptionContentId': 1277351, 'formattedListingNoteDescription': ""A VIP pass gives you great privileges that other ticket holders don't have!""}, {'listingNoteId': 165, 'listingNoteContentId': 2444685, 'formattedListingNoteContent': 'Preferred Seating', 'listingNoteTypeId': 3, 'showToBuyer': True, 'hideInMock': False, 'siteAddedListingNote': False, 'aisleListingNoteWithSplit': False, 'listingNoteDescriptionContentId': 2444686, 'formattedListingNoteDescription': 'Preferred Seating'}, {'listingNoteId': 2249, 'listingNoteContentId': 4167477, 'formattedListingNoteContent': 'Reserved Seating', 'listingNoteTypeId': 3, 'showToBuyer': True, 'hideInMock': False, 'siteAddedListingNote': False, 'aisleListingNoteWithSplit': False, 'listingNoteDescriptionContentId': 4167478, 'formattedListingNoteDescription': 'Reserved Seating'}, {'listingNoteId': 1723, 'listingNoteContentId': 2731488, 'formattedListingNoteContent': 'Members Only', 'listingNoteTypeId': 2, 'showToBuyer': True, 'hideInMock': False, 'siteAddedListingNote': False, 'aisleListingNoteWithSplit': False, 'listingNoteDescriptionContentId': 2731489, 'formattedListingNoteDescription': 'You need to be a member to buy a ticket in this section.'}, {'listingNoteId': 102, 'listingNoteContentId': 1670084, 'formattedListingNoteContent': 'Resale not allowed', 'listingNoteTypeId': 2, 'showToBuyer': True, 'hideInMock': False, 'siteAddedListingNote': False, 'aisleListingNoteWithSplit': False, 'listingNoteDescriptionContentId': 1670085, 'formattedListingNoteDescription': 'Resale of these tickets is not allowed by the event organiser, and anyone found to be reselling these tickets risks being turned away from the event.'}, {'listingNoteId': 2351, 'listingNoteContentId': 4249194, 'formattedListingNoteContent': 'This ticket cannot be transferred again after you receive it', 'listingNoteTypeId': 2, 'showToBuyer': True, 'hideInMock': False, 'siteAddedListingNote': False, 'aisleListingNoteWithSplit': False, 'listingNoteDescriptionContentId': 4249195, 'formattedListingNoteDescription': 'These tickets will be delivered via the FWC2026 Mobile Tickets app, which restricts subsequent transfer'}, {'listingNoteId': -1, 'listingNoteContentId': 3338094, 'formattedListingNoteContent': 'Clear view', 'listingNoteTypeId': 3, 'showToBuyer': True, 'hideInMock': False, 'siteAddedListingNote': False, 'aisleListingNoteWithSplit': False, 'listingNoteDescriptionContentId': 3338095, 'formattedListingNoteDescription': ""You'll have an unrestricted view of the show.""}]","[{'listingNoteBucketId': 1, 'formattedListingNoteContent': 'VIP packages', 'displayOrder': 1, 'showsRawNoteText': False}, {'listingNoteBucketId': 7, 'formattedListingNoteContent': 'Food & beverages', 'displayOrder': 7, 'showsRawNoteText': False}, {'listingNoteBucketId': 11, 'formattedListingNoteContent': 'Preferred Seating', 'displayOrder': 11, 'showsRawNoteText': True, 'sourceListingNoteId': 165}, {'listingNoteBucketId': 11, 'formattedListingNoteContent': 'Reserved Seating', 'displayOrder': 11, 'showsRawNoteText': True, 'sourceListingNoteId': 2249}, {'listingNoteBucketId': 25, 'formattedListingNoteContent': 'Members Only', 'displayOrder': 25, 'showsRawNoteText': True, 'sourceListingNoteId': 1723}, {'listingNoteBucketId': 25, 'formattedListingNoteContent': 'Resale not allowed', 'displayOrder': 25, 'showsRawNoteText': True, 'sourceListingNoteId': 102}, {'listingNoteBucketId': 0, 'formattedListingNoteContent': 'Includes Offsite Hospitality', 'displayOrder': 30, 'showsRawNoteText': True, 'sourceListingNoteId': 2344}, {'listingNoteBucketId': 0, 'formattedListingNoteContent': 'This ticket cannot be transferred again after you receive it', 'displayOrder': 30, 'showsRawNoteText': True, 'sourceListingNoteId': 2351}, {'listingNoteBucketId': 27, 'formattedListingNoteContent': 'Clear view', 'displayOrder': 8, 'showsRawNoteText': True, 'sourceListingNoteId': -1}]",2112871,False,False,Row 19,False,7018114,"¥7,018,114","¥7,018,114",,,,10,Mobile Transfer ticket,3,1,USD,JPY,,USD,"https://img.vggcdn.net/img/vfsimage2/812551/594_122799/0.jpg?im=Resize=(500,271)&v=771",33 days ago,2,False,False,False,False,6kntfuF5aGGxtY09sPnqFDbr6tIeJje5rwBG9Ik0FSo%3d,False,2026-06-15T23:17:01.4300000Z,False,False,False,False,False,False,0,False,,False,False,False,False,0,False,False,0,13039179808,False,5EF377AF-E4DB-4FB8-A4D5-6603444699BC,False,False,True,1,1.9361248642730984,1.387804584,,,"[{'message': 'Popular Pick', 'qualifier': '70 tickets sold for this event', 'hasValue': True, 'messageType': 'BoughtInLastHourSocialProofBased'}]",[],20,20,,,,,,,,,,,
13360117497,153020449,Spain Supporters Premium Tier,2447957,Spain Supporters Premium Tier,2,,_,,False,False,4,,False,False,"[1, 2, 3, 4]",1666,Spain Supporters,4,True,"[{'listingNoteId': -1, 'listingNoteContentId': 3338094, 'formattedListingNoteContent': 'Clear view', 'listingNoteTypeId': 3, 'showToBuyer': True, 'hideInMock': False, 'siteAddedListingNote': False, 'aisleListingNoteWithSplit': False, 'listingNoteDescriptionContentId': 3338095, 'formattedListingNoteDescription': ""You'll have an unrestricted view of the show.""}]","[{'listingNoteBucketId': 27, 'formattedListingNoteContent': 'Clear view', 'displayOrder': 8, 'showsRawNoteText': True, 'sourceListingNoteId': -1}]",4847587,False,False,Row,True,7803604,"¥7,803,604","¥7,803,604",,,,10,Mobile Transfer ticket,3,1,EUR,JPY,25.0,EUR,"https://img.vggcdn.net/img/vfsimage2/812551/1666_2447957/0.jpg?im=Resize=(500,271)&v=771",3 days ago,2,False,False,False,False,bQohbdDYJTCxSNURM3ERLHZYXKnum0SCgIJHo1%2bE3cQ%3d,False,2026-07-15T12:25:17.1600000Z,False,False,False,False,False,False,0,False,[7],False,False,False,False,0,False,False,0,13360117497,False,589020BE-8DDA-4C99-A10D-F734CF70FFA2,False,False,True,1,1.6555816360046873,1.325108567,Last tickets,True,"[{'message': 'Popular Pick', 'qualifier': '70 tickets sold for this event', 'hasValue': True, 'messageType': 'BoughtInLastHourSocialProofBased'}]",[],,,,,,,,,,,,,
13365545787,153020449,5 S23,1538844,5 S23,2,,_,,False,False,10,,False,False,"[1, 2, 3, 4, 5, 6, 7, 8, 9, 10]",17325,Suite Level 5 East,10,True,"[{'listingNoteId': 2, 'listingNoteContentId': 1035272, 'formattedListingNoteContent': 'Ticket and meal package', 'listingNoteTypeId': 3, 'showToBuyer': True, 'hideInMock': False, 'siteAddedListingNote': False, 'aisleListingNoteWithSplit': False, 'listingNoteDescriptionContentId': 1277356, 'formattedListingNoteDescription': 'This package comes with a ticket to see your favorite performer along with a free meal!'}, {'listingNoteId': 212, 'listingNoteContentId': 2444793, 'formattedListingNoteContent': 'VIP Club access - air conditioned w/ private entrance', 'listingNoteTypeId': 3, 'showToBuyer': True, 'hideInMock': False, 'siteAddedListingNote': False, 'aisleListingNoteWithSplit': False, 'listingNoteDescriptionContentId': 4231704, 'formattedListingNoteDescription': 'VIP – Includes access to private entrance and air-conditioned VIP Club.'}, {'listingNoteId': 576, 'listingNoteContentId': 2445547, 'formattedListingNoteContent': 'VIP Experience w/ private entrance, elevated balcony, club access', 'listingNoteTypeId': 4, 'showToBuyer': True, 'hideInMock': False, 'siteAddedListingNote': False, 'aisleListingNoteWithSplit': False, 'listingNoteDescriptionContentId': 2445548, 'formattedListingNoteDescription': 'VIP experience includes separate VIP entrance, elevated balcony for optimal viewing and special drink servers'}, {'listingNoteId': -1, 'listingNoteContentId': 3338094, 'formattedListingNoteContent': 'Clear view', 'listingNoteTypeId': 3, 'showToBuyer': True, 'hideInMock': False, 'siteAddedListingNote': False, 'aisleListingNoteWithSplit': False, 'listingNoteDescriptionContentId': 3338095, 'formattedListingNoteDescription': ""You'll have an unrestricted view of the show.""}]","[{'listingNoteBucketId': 1, 'formattedListingNoteContent': 'VIP packages', 'displayOrder': 1, 'showsRawNoteText': False}, {'listingNoteBucketId': 4, 'formattedListingNoteContent': 'Club access', 'displayOrder': 4, 'showsRawNoteText': False}, {'listingNoteBucketId': 7, 'formattedListingNoteContent': 'Food & beverages', 'displayOrder': 7, 'showsRawNoteText': False}, {'listingNoteBucketId': 27, 'formattedListingNoteContent': 'Clear view', 'displayOrder': 8, 'showsRawNoteText': True, 'sourceListingNoteId': -1}]",1614228,False,False,Row,True,8772531,"¥8,772,531","¥8,772,531",,,,10,Mobile Transfer ticket,3,1,USD,JPY,1000.0,USD,"https://img.vggcdn.net/img/vfsimage2/812551/17325_1538844/0.jpg?im=Resize=(500,271)&v=771",3 days ago,5,False,False,False,False,LMnEFErWFlqIl%2fisqtdcNDYRXMJTZUf%2b1UptwzcWFUk%3d,False,2026-07-16T01:17:17.7300000Z,False,False,False,False,False,False,0,False,[7],False,False,False,False,0,False,False,0,13365545787,False,22365849-B736-4D1B-B553-48962C0CF5A2,False,False,True,2,4.828090976127957,3.82885906,Last tickets,True,"[{'message': 'Popular Pick', 'qualifier': '70 tickets sold for this event', 'hasValue': True, 'messageType': 'BoughtInLastHourSocialProofBased'}]",[],,,,,,,,,,,,,
13392774313,153020449,Suite Essentials,2445875,Suite Essentials,2,,_,,False,False,10,,False,False,"[1, 2, 3, 4, 5, 6, 7, 8, 9, 10]",1068,Hospitality,10,True,"[{'listingNoteId': 2, 'listingNoteContentId': 1035272, 'formattedListingNoteContent': 'Ticket and meal package', 'listingNoteTypeId': 3, 'showToBuyer': True, 'hideInMock': False, 'siteAddedListingNote': False, 'aisleListingNoteWithSplit': False, 'listingNoteDescriptionContentId': 1277356, 'formattedListingNoteDescription': 'This package comes with a ticket to see your favorite performer along with a free meal!'}, {'listingNoteId': 212, 'listingNoteContentId': 2444793, 'formattedListingNoteContent': 'VIP Club access - air conditioned w/ private entrance', 'listingNoteTypeId': 3, 'showToBuyer': True, 'hideInMock': False, 'siteAddedListingNote': False, 'aisleListingNoteWithSplit': False, 'listingNoteDescriptionContentId': 4231704, 'formattedListingNoteDescription': 'VIP – Includes access to private entrance and air-conditioned VIP Club.'}, {'listingNoteId': 576, 'listingNoteContentId': 2445547, 'formattedListingNoteContent': 'VIP Experience w/ private entrance, elevated balcony, club access', 'listingNoteTypeId': 4, 'showToBuyer': True, 'hideInMock': False, 'siteAddedListingNote': False, 'aisleListingNoteWithSplit': False, 'listingNoteDescriptionContentId': 2445548, 'formattedListingNoteDescription': 'VIP experience includes separate VIP entrance, elevated balcony for optimal viewing and special drink servers'}, {'listingNoteId': -1, 'listingNoteContentId': 3338094, 'formattedListingNoteContent': 'Clear view', 'listingNoteTypeId': 3, 'showToBuyer': True, 'hideInMock': False, 'siteAddedListingNote': False, 'aisleListingNoteWithSplit': False, 'listingNoteDescriptionContentId': 3338095, 'formattedListingNoteDescription': ""You'll have an unrestricted view of the show.""}]","[{'listingNoteBucketId': 1, 'formattedListingNoteContent': 'VIP packages', 'displayOrder': 1, 'showsRawNoteText': False}, {'listingNoteBucketId': 4, 'formattedListingNoteContent': 'Club access', 'displayOrder': 4, 'showsRawNoteText': False}, {'listingNoteBucketId': 7, 'formattedListingNoteContent': 'Food & beverages', 'displayOrder': 7, 'showsRawNoteText': False}, {'listingNoteBucketId': 27, 'formattedListingNoteContent': 'Clear view', 'displayOrder': 8, 'showsRawNoteText': True, 'sourceListingNoteId': -1}]",4845029,False,False,Row,True,8772531,"¥8,772,531","¥8,772,531",,,,10,Mobile Transfer ticket,3,1,USD,JPY,1000.0,USD,"https://img.vggcdn.net/img/vfsimage2/812551/1068_2445875/0.jpg?im=Resize=(500,271)&v=771",8 hours ago,2,False,False,False,False,LMnEFErWFlqIl%2fisqtdcNDYRXMJTZUf%2b1UptwzcWFUk%3d,False,2026-07-18T20:33:28.6700000Z,False,False,False,False,False,False,0,False,[7],False,False,False,False,0,False,False,0,13392774313,False,1517A77D-A102-4FF8-BB8B-BFF9A197A22A,False,False,True,1,1.766717225862457,1.577970786,Last tickets,True,"[{'message': 'Popular Pick', 'qualifier': '70 tickets sold for this event', 'hasValue': True, 'messageType': 'BoughtInLastHourSocialProofBased'}]",[],,,,,,,,,,,,,
13369997536,153020449,113,122944,113,2,,_,,False,False,1,,False,False,[1],594,Lower,1,True,"[{'listingNoteId': 111, 'listingNoteContentId': 1703554, 'formattedListingNoteContent': 'Event Organiser', 'listingNoteTypeId': 5, 'showToBuyer': True, 'hideInMock': False, 'siteAddedListingNote': False, 'aisleListingNoteWithSplit': False, 'listingNoteDescriptionContentId': 1703553, 'formattedListingNoteDescription': 'the seller is an organiser of the event or a person acting on behalf of an organiser of the event'}, {'listingNoteId': -1, 'listingNoteContentId': 3338094, 'formattedListingNoteContent': 'Clear view', 'listingNoteTypeId': 3, 'showToBuyer': True, 'hideInMock': False, 'siteAddedListingNote': False, 'aisleListingNoteWithSplit': False, 'listingNoteDescriptionContentId': 3338095, 'formattedListingNoteDescription': ""You'll have an unrestricted view of the show.""}]","[{'listingNoteBucketId': 0, 'formattedListingNoteContent': 'Event Organiser', 'displayOrder': 30, 'showsRawNoteText': True, 'sourceListingNoteId': 111}, {'listingNoteBucketId': 27, 'formattedListingNoteContent': 'Clear view', 'displayOrder': 8, 'showsRawNoteText': True, 'sourceListingNoteId': -1}]",108747,False,False,Row,True,11147815,"¥11,147,815","¥11,147,815",,,,10,Mobile Transfer ticket,3,1,EUR,JPY,10000.0,EUR,"https://img.vggcdn.net/img/vfsimage2/812551/594_122944/0.jpg?im=Resize=(500,271)&v=771",2 days ago,2,False,False,False,False,YxkmZK9JF79Spkd4PaSd7hRCozLgpUKgZ2SbM3EdEfw%3d,False,2026-07-16T09:26:36.0230000Z,False,False,False,False,False,False,0,False,[7],False,False,False,False,0,False,False,0,13369997536,False,F00920F6-3FC4-455C-B3AE-49A280E19A5C,False,False,True,1,2.478156957496411,3.231938413,Last ticket,True,"[{'message': 'Popular Pick', 'qualifier': '70 tickets sold for this event', 'hasValue': True, 'messageType': 'BoughtInLastHourSocialProofBased'}]",[],,,,,,,,,,,,,
