id,eventId,section,sectionId,sectionMapName,sectionType,row,seat,seatFrom,seatTo,seatFromInternal,hasSeatDetails,hasSeatDetailsExpansion,availableTickets,formattedFees,showRecentlySold,showPartnershipLogo,availableQuantities,ticketClass,ticketClassName,maxQuantity,hasListingNotes,listingNotes,listingNoteBuckets,rowId,isUsersListing,isPreUploaded,rowContent,isSpeculativeRow,rawPrice,price,formattedTotalPrice,ticketTypeId,ticketTypeName,ticketTypeGroupId,listingTypeId,listingCurrencyCode,buyerCurrencyCode,faceValue,faceValueCurrencyCode,vfsUrl,formattedActiveSince,formattedDealScore,isSeatedTogether,showVfsInListing,hideSeatAndRowInfo,isUnmappedSection,aipHash,isMLBVerified,createdDateTime,showCheapestTag,showBestDealTag,showBestDealInSectionTag,showFanFavoriteTag,showBestViewTag,showTopChoiceTag,topChoiceBucket,isMostAffordable,winningMerchTags,isZoneTicketClass,isSponsored,isSponsoredSecondary,isMirrorListing,crossSellSource,isCheapestListing,isFavorite,aggregateFavorites,listingId,canBeRelisted,listingImpressionId,isBetterValueListing,hasRowLevelVfs,isDealScoreEligibleForDisplay,inventoryListingScore.starRating,inventoryListingScore.dealScore,inventoryListingScore.seatQualityScore,bestPriceTagMessage.message,bestPriceTagMessage.disclaimer,bestPriceTagMessage.hasValue,bestPriceTagMessage.featureTrackingKey,listingHighlightData.highlightSiteMessagesWithType,listingHighlightData.listingNoteIdsReplacedByHighlight,strikeThroughPrice,strikeThroughDiscountPercent,strikeThroughAmountOff,lastTicketInSectionMessage.message,lastTicketInSectionMessage.hasValue,suppressedMerchTags,bestSellingInSectionMessage.message,bestSellingInSectionMessage.disclaimer,bestSellingInSectionMessage.hasValue,bestDealTagMessage.message,bestDealTagMessage.hasValue,bestDealTagMessage.featureTrackingKey,bestViewTagMessage.message,bestViewTagMessage.disclaimer,bestViewTagMessage.hasValue,bestViewTagMessage.featureTrackingKey
13387139253,153020449,319,122912,319,2,14,9_9,9,9,9,False,False,1,,False,False,[1],407,Upper,1,True,"[{'listingNoteId': -1, 'listingNoteContentId': 3338094, 'formattedListingNoteContent': 'Clear view', 'listingNoteTypeId': 3, 'showToBuyer': True, 'hideInMock': False, 'siteAddedListingNote': False, 'aisleListingNoteWithSplit': False, 'listingNoteDescriptionContentId': 3338095, 'formattedListingNoteDescription': ""You'll have an unrestricted view of the show.""}]","[{'listingNoteBucketId': 27, 'formattedListingNoteContent': 'Clear view', 'displayOrder': 8, 'showsRawNoteText': True, 'sourceListingNoteId': -1}]",703927,False,False,Row 14,False,1597064,"¥1,597,064","¥1,597,064",10,Mobile Transfer ticket,3,1,USD,JPY,0.0,USD,"https://img.vggcdn.net/img/vfsimage2/812551/407_122912/0.jpg?im=Resize=(500,271)&v=771",9 hours ago,7,False,False,False,False,hcWr0E0G0kk3aYdx3lrbuyX6hSTk5roSZ0ZorHll5vI%3d,False,2026-07-17T23:11:03.1370000Z,True,False,False,False,False,False,0,False,[2],False,False,False,False,0,True,False,0,13387139253,False,F378F650-EC2B-48CA-840D-9CDC3111A2DC,False,False,True,4,7.185404379896652,0.7751677852,Best price,Lowest priced listing for the selected quantity for this event on our site.,True,6aa8a73f-b069-4147-a316-ffc9e9280c2b,"[{'message': 'Great Value', 'qualifier': 'Based on price, view, seat quality and more', 'hasValue': True, 'messageType': 'ValueBased'}, {'message': 'Popular Pick', 'qualifier': '4 tickets sold for this event', 'hasValue': True, 'messageType': 'BoughtInLastHourSocialProofBased'}]",[],,,,,,,,,,,,,,,,
13387500802,153020449,331,122924,331,2,24,28_28,28,28,28,False,False,1,,False,False,[1],407,Upper,1,True,"[{'listingNoteId': -1, 'listingNoteContentId': 3338094, 'formattedListingNoteContent': 'Clear view', 'listingNoteTypeId': 3, 'showToBuyer': True, 'hideInMock': False, 'siteAddedListingNote': False, 'aisleListingNoteWithSplit': False, 'listingNoteDescriptionContentId': 3338095, 'formattedListingNoteDescription': ""You'll have an unrestricted view of the show.""}]","[{'listingNoteBucketId': 27, 'formattedListingNoteContent': 'Clear view', 'displayOrder': 8, 'showsRawNoteText': True, 'sourceListingNoteId': -1}]",2113939,False,False,Row 24,False,1597064,"¥1,597,064","¥1,597,064",10,Mobile Transfer ticket,3,1,USD,JPY,0.0,USD,"https://img.vggcdn.net/img/vfsimage2/812551/407_122924/0.jpg?im=Resize=(500,271)&v=771",9 hours ago,7,False,False,False,False,hcWr0E0G0kk3aYdx3lrbuyX6hSTk5roSZ0ZorHll5vI%3d,False,2026-07-17T23:52:41.3300000Z,False,False,False,False,False,False,0,False,,False,False,False,False,0,True,False,0,13387500802,False,F4992FBF-554A-4A81-95FF-DA3A755DAC09,False,False,True,3,6.685310547876002,0.7285758278,,,,,"[{'message': 'Popular Pick', 'qualifier': '4 tickets sold for this event', 'hasValue': True, 'messageType': 'BoughtInLastHourSocialProofBased'}]",[],"¥2,018,730",21.0,"¥421,666",,,,,,,,,,,,,
13376916350,153020449,Upper,1546670,Upper,3,,_,,,,False,False,1,,False,False,[1],407,Upper,1,True,"[{'listingNoteId': -1, 'listingNoteContentId': 3338094, 'formattedListingNoteContent': 'Clear view', 'listingNoteTypeId': 3, 'showToBuyer': True, 'hideInMock': False, 'siteAddedListingNote': False, 'aisleListingNoteWithSplit': False, 'listingNoteDescriptionContentId': 3338095, 'formattedListingNoteDescription': ""You'll have an unrestricted view of the show.""}]","[{'listingNoteBucketId': 27, 'formattedListingNoteContent': 'Clear view', 'displayOrder': 8, 'showsRawNoteText': True, 'sourceListingNoteId': -1}]",1641237,False,False,Row,True,1635664,"¥1,635,664","¥1,635,664",10,Mobile Transfer ticket,3,1,USD,JPY,,USD,"https://img.vggcdn.net/img/vfsimage2/812551/407_1546670/0.jpg?im=Resize=(500,271)&v=771",yesterday,0,False,False,True,True,k%2borcJvhgYnlb5qYku3DExDKqHgXpTSxx1J9uyvJAoY%3d,False,2026-07-16T22:05:13.2800000Z,False,False,False,False,False,False,0,False,[7],False,False,False,False,0,False,False,0,13376916350,False,EBC7577C-36E9-48D8-9947-813E14A88907,False,False,True,0,,,,,,,"[{'message': 'Popular Pick', 'qualifier': '4 tickets sold for this event', 'hasValue': True, 'messageType': 'BoughtInLastHourSocialProofBased'}]",[],,,,Last ticket,True,,,,,,,,,,,
13364569078,153020449,306,122899,306,2,15,12_15,,,12,False,False,1,,False,False,[1],407,Upper,1,True,"[{'listingNoteId': -1, 'listingNoteContentId': 3338094, 'formattedListingNoteContent': 'Clear view', 'listingNoteTypeId': 3, 'showToBuyer': True, 'hideInMock': False, 'siteAddedListingNote': False, 'aisleListingNoteWithSplit': False, 'listingNoteDescriptionContentId': 3338095, 'formattedListingNoteDescription': ""You'll have an unrestricted view of the show.""}]","[{'listingNoteBucketId': 27, 'formattedListingNoteContent': 'Clear view', 'displayOrder': 8, 'showsRawNoteText': True, 'sourceListingNoteId': -1}]",2113690,False,False,Row 15,False,1638574,"¥1,638,574","¥1,638,574",10,Mobile Transfer ticket,3,1,GBP,JPY,4335.0,GBP,"https://img.vggcdn.net/img/vfsimage2/812551/407_122899/0.jpg?im=Resize=(500,271)&v=771",2 days ago,7,False,False,False,False,CFRDaVvfXQNSpaoaY%2b9%2bK44SJ2MIyaD2hG6zFjd4Eu0%3d,False,2026-07-15T22:36:59.5500000Z,False,False,False,True,False,False,0,False,[6],False,False,False,False,0,False,False,0,13364569078,False,CFBEE57E-D4D4-42B3-9EE8-F59BC6B2C359,False,False,True,3,6.81406683484797,0.7598700443,,,,,"[{'message': 'Popular Pick', 'qualifier': '4 tickets sold for this event', 'hasValue': True, 'messageType': 'BoughtInLastHourSocialProofBased'}]",[],,,,Last ticket,True,[7],Fan favorite,This section is in the top 10% of sections for this event when ranked based on a count of successful sales over the past 7 days on our site,True,,,,,,,
13385372720,153020449,Category 3,1989401,Category 3,3,,_,,,,False,False,1,,False,False,[1],1247,Category 3,1,True,"[{'listingNoteId': -1, 'listingNoteContentId': 3338094, 'formattedListingNoteContent': 'Clear view', 'listingNoteTypeId': 3, 'showToBuyer': True, 'hideInMock': False, 'siteAddedListingNote': False, 'aisleListingNoteWithSplit': False, 'listingNoteDescriptionContentId': 3338095, 'formattedListingNoteDescription': ""You'll have an unrestricted view of the show.""}]","[{'listingNoteBucketId': 27, 'formattedListingNoteContent': 'Clear view', 'displayOrder': 8, 'showsRawNoteText': True, 'sourceListingNoteId': -1}]",3325460,False,False,Row,True,1640062,"¥1,640,062","¥1,640,062",10,Mobile Transfer ticket,3,1,EUR,JPY,3500.0,EUR,"https://img.vggcdn.net/img/vfsimage2/812551/1247_1989401/0.jpg?im=Resize=(500,271)&v=771",13 hours ago,10,False,False,True,False,dGhKRnNOa8075Ld4PpNkYjlP5UiqlXyoOwywszD6fvE%3d,False,2026-07-17T19:20:08.9130000Z,False,False,False,False,False,False,0,False,[7],False,False,False,False,0,False,False,0,13385372720,False,FC10481A-63D3-4A7B-97A8-7DF4EEFFE548,False,False,True,5,9.705246132588465,1.25740229,,,,,"[{'message': 'Amazing Value', 'qualifier': 'Based on price, view, seat quality and more', 'hasValue': True, 'messageType': 'ValueBased'}, {'message': 'Popular Pick', 'qualifier': '4 tickets sold for this event', 'hasValue': True, 'messageType': 'BoughtInLastHourSocialProofBased'}]",[],,,,Last ticket,True,,,,,,,,,,,
13286549052,153020449,329,122922,329,2,26,29_29,29,29,29,False,False,1,,False,False,[1],407,Upper,1,True,"[{'listingNoteId': -1, 'listingNoteContentId': 3338094, 'formattedListingNoteContent': 'Clear view', 'listingNoteTypeId': 3, 'showToBuyer': True, 'hideInMock': False, 'siteAddedListingNote': False, 'aisleListingNoteWithSplit': False, 'listingNoteDescriptionContentId': 3338095, 'formattedListingNoteDescription': ""You'll have an unrestricted view of the show.""}]","[{'listingNoteBucketId': 27, 'formattedListingNoteContent': 'Clear view', 'displayOrder': 8, 'showsRawNoteText': True, 'sourceListingNoteId': -1}]",2113899,False,False,Row 26,False,1657985,"¥1,657,985","¥1,657,985",10,Mobile Transfer ticket,3,1,USD,JPY,,USD,"https://img.vggcdn.net/img/vfsimage2/812551/407_122922/0.jpg?im=Resize=(500,271)&v=771",9 days ago,6,False,False,False,False,oLL2OxkHRIPD37ZnryBHRl%2fhfkXTqeL9mCQ5eYRyzxk%3d,False,2026-07-08T15:35:11.8600000Z,False,False,False,False,False,False,0,False,[7],False,False,False,False,0,False,False,0,13286549052,False,8CD30081-6CE6-4B1F-B02B-32D543F62514,False,False,True,3,6.27238146823429,0.7188976532,,,,,"[{'message': 'Popular Pick', 'qualifier': '4 tickets sold for this event', 'hasValue': True, 'messageType': 'BoughtInLastHourSocialProofBased'}]",[],"¥2,653,959",38.0,"¥995,974",Last ticket,True,,,,,,,,,,,
13371490033,153020449,322,122915,322,2,7,13_13,13,13,13,False,False,1,,False,False,[1],407,Upper,1,True,"[{'listingNoteId': 2027, 'listingNoteContentId': 3415845, 'formattedListingNoteContent': 'Third Row of Section', 'listingNoteTypeId': 6, 'showToBuyer': True, 'hideInMock': False, 'siteAddedListingNote': False, 'aisleListingNoteWithSplit': False, 'listingNoteDescriptionContentId': 3415845, 'formattedListingNoteDescription': 'Third Row of Section'}, {'listingNoteId': -1, 'listingNoteContentId': 3338094, 'formattedListingNoteContent': 'Clear view', 'listingNoteTypeId': 3, 'showToBuyer': True, 'hideInMock': False, 'siteAddedListingNote': False, 'aisleListingNoteWithSplit': False, 'listingNoteDescriptionContentId': 3338095, 'formattedListingNoteDescription': ""You'll have an unrestricted view of the show.""}]","[{'listingNoteBucketId': 14, 'formattedListingNoteContent': 'Third Row of Section', 'displayOrder': 14, 'showsRawNoteText': True, 'sourceListingNoteId': 2027}, {'listingNoteBucketId': 27, 'formattedListingNoteContent': 'Clear view', 'displayOrder': 8, 'showsRawNoteText': True, 'sourceListingNoteId': -1}]",2113750,False,False,Row 7,False,1684790,"¥1,684,790","¥1,684,790",10,Mobile Transfer ticket,3,1,USD,JPY,,USD,"https://img.vggcdn.net/img/vfsimage2/812551/407_122915/0.jpg?im=Resize=(500,271)&v=771",yesterday,7,False,False,False,False,ZOytFfAxbEiqPm6xFTWQ9tMOfS9jLqFY1tVTvIxFVKI%3d,False,2026-07-16T11:59:30.4600000Z,False,False,False,True,False,False,0,False,[6],False,False,False,False,0,False,False,0,13371490033,False,C568D4C7-DA9E-495C-8A0E-2EA024B665AA,False,False,True,3,6.814433013095742,0.781344551,,,,,"[{'message': 'Popular Pick', 'qualifier': '4 tickets sold for this event', 'hasValue': True, 'messageType': 'BoughtInLastHourSocialProofBased'}, {'message': 'Third Row', 'qualifier': 'Excellent proximity to the action', 'hasValue': True, 'messageType': 'ThirdRowTicketAttributeBased'}]",[2027],,,,Last ticket,True,[7],Fan favorite,This section has the highest count of successful sales for this event over the past 7 days on our site,True,,,,,,,
13388151160,153020449,328,122921,328,2,25,1_1,1,1,1,False,False,1,,False,False,[1],407,Upper,1,True,"[{'listingNoteId': 10, 'listingNoteContentId': 1036546, 'formattedListingNoteContent': 'Aisle seat', 'listingNoteTypeId': 3, 'showToBuyer': True, 'hideInMock': False, 'siteAddedListingNote': False, 'aisleListingNoteWithSplit': False, 'listingNoteDescriptionContentId': 4177929, 'formattedListingNoteDescription': 'Aisle seat'}, {'listingNoteId': -1, 'listingNoteContentId': 3338094, 'formattedListingNoteContent': 'Clear view', 'listingNoteTypeId': 3, 'showToBuyer': True, 'hideInMock': False, 'siteAddedListingNote': False, 'aisleListingNoteWithSplit': False, 'listingNoteDescriptionContentId': 3338095, 'formattedListingNoteDescription': ""You'll have an unrestricted view of the show.""}]","[{'listingNoteBucketId': 14, 'formattedListingNoteContent': 'Aisle seat', 'displayOrder': 14, 'showsRawNoteText': True, 'sourceListingNoteId': 10}, {'listingNoteBucketId': 27, 'formattedListingNoteContent': 'Clear view', 'displayOrder': 8, 'showsRawNoteText': True, 'sourceListingNoteId': -1}]",2113876,False,False,Row 25,False,1684790,"¥1,684,790","¥1,684,790",10,Mobile Transfer ticket,3,1,USD,JPY,0.0,USD,"https://img.vggcdn.net/img/vfsimage2/812551/407_122921/0.jpg?im=Resize=(500,271)&v=771",6 hours ago,6,False,False,False,False,ZOytFfAxbEiqPm6xFTWQ9tMOfS9jLqFY1tVTvIxFVKI%3d,False,2026-07-18T02:13:33.6600000Z,False,False,False,True,False,False,0,False,[6],False,False,False,False,0,False,False,0,13388151160,False,469B0AC1-D599-4C42-A488-579E1DFC945B,False,False,True,3,6.256092121593978,0.7290985048,,,,,"[{'message': 'Popular Pick', 'qualifier': '4 tickets sold for this event', 'hasValue': True, 'messageType': 'BoughtInLastHourSocialProofBased'}, {'message': 'Aisle Seat', 'qualifier': 'Easy access to your seat', 'hasValue': True, 'messageType': 'AisleSeatTicketAttributeBased'}]",[10],,,,,,,Fan favorite,This section is in the top 10% of sections for this event when ranked based on a count of successful sales over the past 7 days on our site,True,,,,,,,
13387697653,153020449,327,122920,327,2,19,13_16,,,13,False,False,4,,False,False,"[1, 2, 3, 4]",407,Upper,4,True,"[{'listingNoteId': -1, 'listingNoteContentId': 3338094, 'formattedListingNoteContent': 'Clear view', 'listingNoteTypeId': 3, 'showToBuyer': True, 'hideInMock': False, 'siteAddedListingNote': False, 'aisleListingNoteWithSplit': False, 'listingNoteDescriptionContentId': 3338095, 'formattedListingNoteDescription': ""You'll have an unrestricted view of the show.""}]","[{'listingNoteBucketId': 27, 'formattedListingNoteContent': 'Clear view', 'displayOrder': 8, 'showsRawNoteText': True, 'sourceListingNoteId': -1}]",2113850,False,False,Row 19,False,1688329,"¥1,688,329","¥1,688,329",10,Mobile Transfer ticket,3,1,USD,JPY,5750.0,USD,"https://img.vggcdn.net/img/vfsimage2/812551/407_122920/0.jpg?im=Resize=(500,271)&v=771",8 hours ago,7,False,False,False,False,C%2fXn6UaL95OqPvRuCRF%2be3rEtZ7%2fSduMoUUMFpLnV4E%3d,False,2026-07-18T00:32:37.4700000Z,False,False,False,False,False,False,0,False,,False,False,False,False,0,False,False,0,13387697653,False,8ECBC39C-BC82-451B-8456-9CD7355D4F65,False,False,True,3,6.686984544133116,0.7703844537,,,,,"[{'message': 'Popular Pick', 'qualifier': '4 tickets sold for this event', 'hasValue': True, 'messageType': 'BoughtInLastHourSocialProofBased'}]",[],,,,,,,,,,,,,,,,
13385721960,153020449,328,122921,328,2,12,_,,,,False,False,1,,False,False,[1],407,Upper,1,True,"[{'listingNoteId': -1, 'listingNoteContentId': 3338094, 'formattedListingNoteContent': 'Clear view', 'listingNoteTypeId': 3, 'showToBuyer': True, 'hideInMock': False, 'siteAddedListingNote': False, 'aisleListingNoteWithSplit': False, 'listingNoteDescriptionContentId': 3338095, 'formattedListingNoteDescription': ""You'll have an unrestricted view of the show.""}]","[{'listingNoteBucketId': 27, 'formattedListingNoteContent': 'Clear view', 'displayOrder': 8, 'showsRawNoteText': True, 'sourceListingNoteId': -1}]",2113863,False,False,Row 12,False,1704285,"¥1,704,285","¥1,704,285",10,Mobile Transfer ticket,3,1,USD,JPY,5785.0,USD,"https://img.vggcdn.net/img/vfsimage2/812551/407_122921/0.jpg?im=Resize=(500,271)&v=771",13 hours ago,7,False,False,False,False,9PX0qdi3SN4mRo2tKBHc5HcHHZ57GaFIQrXeN1UkN9c%3d,False,2026-07-17T19:51:08.2830000Z,False,False,False,True,False,False,0,False,[6],False,False,False,False,0,False,False,0,13385721960,False,07E52850-4DA3-42D6-8DE7-FB58C9563AD5,False,False,True,3,6.5874257395525,0.7680119131,,,,,"[{'message': 'Popular Pick', 'qualifier': '4 tickets sold for this event', 'hasValue': True, 'messageType': 'BoughtInLastHourSocialProofBased'}]",[],,,,,,,Fan favorite,This section is in the top 10% of sections for this event when ranked based on a count of successful sales over the past 7 days on our site,True,,,,,,,
13387762186,153020449,321,122914,321,2,17,_,,,,False,False,2,,False,False,"[1, 2]",407,Upper,2,True,"[{'listingNoteId': -1, 'listingNoteContentId': 3338094, 'formattedListingNoteContent': 'Clear view', 'listingNoteTypeId': 3, 'showToBuyer': True, 'hideInMock': False, 'siteAddedListingNote': False, 'aisleListingNoteWithSplit': False, 'listingNoteDescriptionContentId': 3338095, 'formattedListingNoteDescription': ""You'll have an unrestricted view of the show.""}]","[{'listingNoteBucketId': 27, 'formattedListingNoteContent': 'Clear view', 'displayOrder': 8, 'showsRawNoteText': True, 'sourceListingNoteId': -1}]",2113716,False,False,Row 17,False,1704285,"¥1,704,285","¥1,704,285",10,Mobile Transfer ticket,3,1,USD,JPY,2600.0,USD,"https://img.vggcdn.net/img/vfsimage2/812551/407_122914/0.jpg?im=Resize=(500,271)&v=771",8 hours ago,6,False,False,False,False,9PX0qdi3SN4mRo2tKBHc5HcHHZ57GaFIQrXeN1UkN9c%3d,False,2026-07-18T00:48:16.9930000Z,False,False,False,True,False,False,0,False,[6],False,False,False,False,0,False,False,0,13387762186,False,6F0EE814-3B30-4745-96C6-80ACF2557EE8,False,False,True,3,6.041991731756039,0.7190986817,,,,,"[{'message': 'Popular Pick', 'qualifier': '4 tickets sold for this event', 'hasValue': True, 'messageType': 'BoughtInLastHourSocialProofBased'}]",[],,,,Last tickets,True,[7],Fan favorite,This section is in the top 10% of sections for this event when ranked based on a count of successful sales over the past 7 days on our site,True,,,,,,,
13345545577,153020449,325,122918,325,2,25,_,,,,False,False,4,,False,False,"[1, 2, 4]",407,Upper,4,True,"[{'listingNoteId': -1, 'listingNoteContentId': 3338094, 'formattedListingNoteContent': 'Clear view', 'listingNoteTypeId': 3, 'showToBuyer': True, 'hideInMock': False, 'siteAddedListingNote': False, 'aisleListingNoteWithSplit': False, 'listingNoteDescriptionContentId': 3338095, 'formattedListingNoteDescription': ""You'll have an unrestricted view of the show.""}]","[{'listingNoteBucketId': 27, 'formattedListingNoteContent': 'Clear view', 'displayOrder': 8, 'showsRawNoteText': True, 'sourceListingNoteId': -1}]",2113812,False,False,Row 25,False,1704645,"¥1,704,645","¥1,704,645",10,Mobile Transfer ticket,3,1,GBP,JPY,3000.0,GBP,"https://img.vggcdn.net/img/vfsimage2/812551/407_122918/0.jpg?im=Resize=(500,271)&v=771",4 days ago,7,False,False,False,False,Rs47K6F3p4ePnzUpE4FmsHZgWvyy9Q%2b0n9lx%2fgj%2fQbM%3d,False,2026-07-13T21:22:58.8800000Z,False,False,False,False,False,False,0,False,[7],False,False,False,False,0,False,False,0,13345545577,False,6489FCE0-80D3-44F0-BD07-2DAC2171BA78,False,False,True,3,6.53283854944267,0.7629807491,,,,,"[{'message': 'Popular Pick', 'qualifier': '4 tickets sold for this event', 'hasValue': True, 'messageType': 'BoughtInLastHourSocialProofBased'}]",[],,,,Last tickets,True,,,,,,,,,,,
13388397353,153020449,327,122920,327,2,18,_,,,,False,False,1,,False,False,[1],407,Upper,1,True,"[{'listingNoteId': -1, 'listingNoteContentId': 3338094, 'formattedListingNoteContent': 'Clear view', 'listingNoteTypeId': 3, 'showToBuyer': True, 'hideInMock': False, 'siteAddedListingNote': False, 'aisleListingNoteWithSplit': False, 'listingNoteDescriptionContentId': 3338095, 'formattedListingNoteDescription': ""You'll have an unrestricted view of the show.""}]","[{'listingNoteBucketId': 27, 'formattedListingNoteContent': 'Clear view', 'displayOrder': 8, 'showsRawNoteText': True, 'sourceListingNoteId': -1}]",2113849,False,False,Row 18,False,1718338,"¥1,718,338","¥1,718,338",10,Mobile Transfer ticket,3,1,USD,JPY,5785.0,USD,"https://img.vggcdn.net/img/vfsimage2/812551/407_122920/0.jpg?im=Resize=(500,271)&v=771",5 hours ago,7,False,False,False,False,HX5Bm1EZcFeKzA2fEH%2b6n2KGHWzXyAUXjiI5ve1%2bf4I%3d,False,2026-07-18T03:25:19.1470000Z,False,False,False,False,False,False,0,False,,False,False,False,False,0,False,False,0,13388397353,False,1BE2CFCA-5EC0-4EC6-AF1A-61273B8B2A13,False,False,True,3,6.595927617868026,0.7751677852,,,,,"[{'message': 'Popular Pick', 'qualifier': '4 tickets sold for this event', 'hasValue': True, 'messageType': 'BoughtInLastHourSocialProofBased'}]",[],,,,,,,,,,,,,,,,
13388397355,153020449,330,122923,330,2,17,_,,,,False,False,3,,False,False,"[1, 3]",407,Upper,3,True,"[{'listingNoteId': -1, 'listingNoteContentId': 3338094, 'formattedListingNoteContent': 'Clear view', 'listingNoteTypeId': 3, 'showToBuyer': True, 'hideInMock': False, 'siteAddedListingNote': False, 'aisleListingNoteWithSplit': False, 'listingNoteDescriptionContentId': 3338095, 'formattedListingNoteDescription': ""You'll have an unrestricted view of the show.""}]","[{'listingNoteBucketId': 27, 'formattedListingNoteContent': 'Clear view', 'displayOrder': 8, 'showsRawNoteText': True, 'sourceListingNoteId': -1}]",2113912,False,False,Row 17,False,1726928,"¥1,726,928","¥1,726,928",10,Mobile Transfer ticket,3,1,USD,JPY,5785.0,USD,"https://img.vggcdn.net/img/vfsimage2/812551/407_122923/0.jpg?im=Resize=(500,271)&v=771",5 hours ago,7,False,False,False,False,OnLcWBNf8UvYxNfwGtskTNaX%2f6ACdl%2f4FiW2pDlaMxI%3d,False,2026-07-18T03:25:19.1630000Z,False,False,False,False,False,False,0,False,,False,False,False,False,0,False,False,0,13388397355,False,9560F396-9342-4A7E-96D6-28C3D1D35C81,False,False,True,3,6.777386356123821,0.7971018778,,,,,"[{'message': 'Popular Pick', 'qualifier': '4 tickets sold for this event', 'hasValue': True, 'messageType': 'BoughtInLastHourSocialProofBased'}]",[],,,,,,,,,,,,,,,,
13372654627,153020449,348,122941,348,2,22,26_26,26,26,26,False,False,1,,False,False,[1],407,Upper,1,True,"[{'listingNoteId': -1, 'listingNoteContentId': 3338094, 'formattedListingNoteContent': 'Clear view', 'listingNoteTypeId': 3, 'showToBuyer': True, 'hideInMock': False, 'siteAddedListingNote': False, 'aisleListingNoteWithSplit': False, 'listingNoteDescriptionContentId': 3338095, 'formattedListingNoteDescription': ""You'll have an unrestricted view of the show.""}]","[{'listingNoteBucketId': 27, 'formattedListingNoteContent': 'Clear view', 'displayOrder': 8, 'showsRawNoteText': True, 'sourceListingNoteId': -1}]",2114004,False,False,Row 22,False,1735477,"¥1,735,477","¥1,735,477",10,Mobile Transfer ticket,3,1,USD,JPY,5950.0,USD,"https://img.vggcdn.net/img/vfsimage2/812551/407_122941/0.jpg?im=Resize=(500,271)&v=771",yesterday,6,False,False,False,False,I4W4RcSUSJ3%2fmuvQEXJkuzE1BlPdJzXjYpMR%2fXqFll4%3d,False,2026-07-16T14:24:02.9370000Z,False,False,False,False,False,False,0,False,,False,False,False,False,0,False,False,0,13372654627,False,62183CFD-93C8-4EEA-80EF-CD164C034ED7,False,False,True,3,6.078437743217374,0.7353925594,,,,,"[{'message': 'Popular Pick', 'qualifier': '4 tickets sold for this event', 'hasValue': True, 'messageType': 'BoughtInLastHourSocialProofBased'}]",[],"¥2,843,502",39.0,"¥1,108,025",,,,,,,,,,,,,
13388397347,153020449,347,122940,347,2,17,_,,,,False,False,3,,False,False,"[1, 3]",407,Upper,3,True,"[{'listingNoteId': -1, 'listingNoteContentId': 3338094, 'formattedListingNoteContent': 'Clear view', 'listingNoteTypeId': 3, 'showToBuyer': True, 'hideInMock': False, 'siteAddedListingNote': False, 'aisleListingNoteWithSplit': False, 'listingNoteDescriptionContentId': 3338095, 'formattedListingNoteDescription': ""You'll have an unrestricted view of the show.""}]","[{'listingNoteBucketId': 27, 'formattedListingNoteContent': 'Clear view', 'displayOrder': 8, 'showsRawNoteText': True, 'sourceListingNoteId': -1}]",2113977,False,False,Row 17,False,1735517,"¥1,735,517","¥1,735,517",10,Mobile Transfer ticket,3,1,USD,JPY,5785.0,USD,"https://img.vggcdn.net/img/vfsimage2/812551/407_122940/0.jpg?im=Resize=(500,271)&v=771",5 hours ago,6,False,False,False,False,9Co4HyDT0D8YUYuGxJ1O1UHXLNOMeHyVqsRnxQL%2br5M%3d,False,2026-07-18T03:25:19.0800000Z,False,False,False,False,False,False,0,False,,False,False,False,False,0,False,False,0,13388397347,False,DF2CBB87-0AC1-4C4A-93B9-4FCD4A3683F5,False,False,True,3,6.253064601847901,0.7507841208,,,,,"[{'message': 'Popular Pick', 'qualifier': '4 tickets sold for this event', 'hasValue': True, 'messageType': 'BoughtInLastHourSocialProofBased'}]",[],,,,,,,,,,,,,,,,
13388397358,153020449,350,122943,350,2,14,_,,,,False,False,3,,False,False,"[1, 3]",407,Upper,3,True,"[{'listingNoteId': -1, 'listingNoteContentId': 3338094, 'formattedListingNoteContent': 'Clear view', 'listingNoteTypeId': 3, 'showToBuyer': True, 'hideInMock': False, 'siteAddedListingNote': False, 'aisleListingNoteWithSplit': False, 'listingNoteDescriptionContentId': 3338095, 'formattedListingNoteDescription': ""You'll have an unrestricted view of the show.""}]","[{'listingNoteBucketId': 27, 'formattedListingNoteContent': 'Clear view', 'displayOrder': 8, 'showsRawNoteText': True, 'sourceListingNoteId': -1}]",2114040,False,False,Row 14,False,1752699,"¥1,752,699","¥1,752,699",10,Mobile Transfer ticket,3,1,USD,JPY,5785.0,USD,"https://img.vggcdn.net/img/vfsimage2/812551/407_122943/0.jpg?im=Resize=(500,271)&v=771",5 hours ago,6,False,False,False,False,rOhamO3SHTeubav%2bZymw8cKnRKcS77MH4nnlizpRvFw%3d,False,2026-07-18T03:25:19.1900000Z,False,False,False,False,False,False,0,False,,False,False,False,False,0,False,False,0,13388397358,False,658F9F98-9DE3-4F7F-98EC-5951781B0762,False,False,True,3,6.302646674436458,0.7627462919,,,,,"[{'message': 'Popular Pick', 'qualifier': '4 tickets sold for this event', 'hasValue': True, 'messageType': 'BoughtInLastHourSocialProofBased'}]",[],,,,,,,,,,,,,,,,
13364433397,153020449,304,122897,304,2,5,3_3,3,3,3,False,False,1,,False,False,[1],407,Upper,1,True,"[{'listingNoteId': 2025, 'listingNoteContentId': 3415843, 'formattedListingNoteContent': 'Front Row of Section', 'listingNoteTypeId': 6, 'showToBuyer': True, 'hideInMock': False, 'siteAddedListingNote': False, 'aisleListingNoteWithSplit': False, 'listingNoteDescriptionContentId': 3415843, 'formattedListingNoteDescription': 'Front Row of Section'}, {'listingNoteId': -1, 'listingNoteContentId': 3338094, 'formattedListingNoteContent': 'Clear view', 'listingNoteTypeId': 3, 'showToBuyer': True, 'hideInMock': False, 'siteAddedListingNote': False, 'aisleListingNoteWithSplit': False, 'listingNoteDescriptionContentId': 3338095, 'formattedListingNoteDescription': ""You'll have an unrestricted view of the show.""}]","[{'listingNoteBucketId': 14, 'formattedListingNoteContent': 'Front Row of Section', 'displayOrder': 14, 'showsRawNoteText': True, 'sourceListingNoteId': 2025}, {'listingNoteBucketId': 27, 'formattedListingNoteContent': 'Clear view', 'displayOrder': 8, 'showsRawNoteText': True, 'sourceListingNoteId': -1}]",2113658,False,False,Row 5,False,1754971,"¥1,754,971","¥1,754,971",10,Mobile Transfer ticket,3,1,USD,JPY,,USD,"https://img.vggcdn.net/img/vfsimage2/812551/407_122897/0.jpg?im=Resize=(500,271)&v=771",2 days ago,7,False,False,False,False,I4W4RcSUSJ3%2fmuvQEXJkuzE1BlPdJzXjYpMR%2fXqFll4%3d,False,2026-07-15T22:02:03.6100000Z,False,False,False,False,False,False,0,False,[7],False,False,False,False,0,False,False,0,13364433397,False,80F0CC8D-6C3C-4205-9195-3DE97F3E3DAC,False,False,True,3,6.630862465792532,0.7951665512,,,,,"[{'message': 'Popular Pick', 'qualifier': '4 tickets sold for this event', 'hasValue': True, 'messageType': 'BoughtInLastHourSocialProofBased'}, {'message': 'Front Row', 'qualifier': 'Best seats in the house', 'hasValue': True, 'messageType': 'FirstRowTicketAttributeBased'}]",[2025],,,,Last ticket,True,,,,,,,,,,,
13339886644,153020449,315,122908,315,2,24,19_19,19,19,19,False,False,1,,False,False,[1],407,Upper,1,True,"[{'listingNoteId': -1, 'listingNoteContentId': 3338094, 'formattedListingNoteContent': 'Clear view', 'listingNoteTypeId': 3, 'showToBuyer': True, 'hideInMock': False, 'siteAddedListingNote': False, 'aisleListingNoteWithSplit': False, 'listingNoteDescriptionContentId': 3338095, 'formattedListingNoteDescription': ""You'll have an unrestricted view of the show.""}]","[{'listingNoteBucketId': 27, 'formattedListingNoteContent': 'Clear view', 'displayOrder': 8, 'showsRawNoteText': True, 'sourceListingNoteId': -1}]",703849,False,False,Row 24,False,1754971,"¥1,754,971","¥1,754,971",10,Mobile Transfer ticket,3,1,USD,JPY,7350.0,USD,"https://img.vggcdn.net/img/vfsimage2/812551/407_122908/0.jpg?im=Resize=(500,271)&v=771",5 days ago,4,False,False,False,False,I4W4RcSUSJ3%2fmuvQEXJkuzE1BlPdJzXjYpMR%2fXqFll4%3d,False,2026-07-12T21:23:20.9400000Z,False,False,False,False,False,False,0,False,[7],False,False,False,False,0,False,False,0,13339886644,False,A372086F-9413-40E7-A520-BA7B4C691B0E,False,False,True,2,4.377293780668129,0.5982882089,,,,,"[{'message': 'Popular Pick', 'qualifier': '4 tickets sold for this event', 'hasValue': True, 'messageType': 'BoughtInLastHourSocialProofBased'}]",[],"¥2,653,931",34.0,"¥898,960",Last ticket,True,,,,,,,,,,,
13386258841,153020449,303,122896,303,2,10,_,,,,False,False,3,,False,False,"[1, 3]",407,Upper,3,True,"[{'listingNoteId': -1, 'listingNoteContentId': 3338094, 'formattedListingNoteContent': 'Clear view', 'listingNoteTypeId': 3, 'showToBuyer': True, 'hideInMock': False, 'siteAddedListingNote': False, 'aisleListingNoteWithSplit': False, 'listingNoteDescriptionContentId': 3338095, 'formattedListingNoteDescription': ""You'll have an unrestricted view of the show.""}]","[{'listingNoteBucketId': 27, 'formattedListingNoteContent': 'Clear view', 'displayOrder': 8, 'showsRawNoteText': True, 'sourceListingNoteId': -1}]",2113619,False,False,Row 10,False,1772037,"¥1,772,037","¥1,772,037",10,Mobile Transfer ticket,3,1,USD,JPY,4185.0,USD,"https://img.vggcdn.net/img/vfsimage2/812551/407_122896/0.jpg?im=Resize=(500,271)&v=771",11 hours ago,6,False,False,False,False,dL%2b8RBrWKMerBe%2b6USucLx%2bLblw2L5bUHXP%2fDFQXcIE%3d,False,2026-07-17T21:07:11.6370000Z,False,False,False,False,False,False,0,False,[7],False,False,False,False,0,False,False,0,13386258841,False,BAC13E9F-39A2-445A-8481-FC3F6137C94D,False,False,True,3,6.280430358565592,0.7691062488,,,,,"[{'message': 'Popular Pick', 'qualifier': '4 tickets sold for this event', 'hasValue': True, 'messageType': 'BoughtInLastHourSocialProofBased'}]",[],,,,Last tickets,True,,,,,,,,,,,
13388379847,153020449,333,122926,333,2,26,15_15,15,15,15,False,False,1,,False,False,[1],407,Upper,1,True,"[{'listingNoteId': -1, 'listingNoteContentId': 3338094, 'formattedListingNoteContent': 'Clear view', 'listingNoteTypeId': 3, 'showToBuyer': True, 'hideInMock': False, 'siteAddedListingNote': False, 'aisleListingNoteWithSplit': False, 'listingNoteDescriptionContentId': 3338095, 'formattedListingNoteDescription': ""You'll have an unrestricted view of the show.""}]","[{'listingNoteBucketId': 27, 'formattedListingNoteContent': 'Clear view', 'displayOrder': 8, 'showsRawNoteText': True, 'sourceListingNoteId': -1}]",704247,False,False,Row 26,False,1784272,"¥1,784,272","¥1,784,272",10,Mobile Transfer ticket,3,1,USD,JPY,0.0,USD,"https://img.vggcdn.net/img/vfsimage2/812551/407_122926/0.jpg?im=Resize=(500,271)&v=771",5 hours ago,5,False,False,False,False,9YkePRFEYtr4fnwaF2BZXPo0jwE4u%2b4uA%2bpLuQz%2bPv4%3d,False,2026-07-18T03:18:00.1200000Z,False,False,False,True,False,False,0,False,[6],False,False,False,False,0,False,False,0,13388379847,False,015B44AA-B305-40B2-BACB-24C4B87FE273,False,False,True,2,4.918067014174,0.6618378068,,,,,"[{'message': 'Popular Pick', 'qualifier': '4 tickets sold for this event', 'hasValue': True, 'messageType': 'BoughtInLastHourSocialProofBased'}]",[],,,,Last ticket,True,[7],Fan favorite,This section is in the top 10% of sections for this event when ranked based on a count of successful sales over the past 7 days on our site,True,,,,,,,
13091707010,153020449,320,122913,320,2,18,18_18,18,18,18,False,False,1,,False,False,[1],407,Upper,1,True,"[{'listingNoteId': -1, 'listingNoteContentId': 3338094, 'formattedListingNoteContent': 'Clear view', 'listingNoteTypeId': 3, 'showToBuyer': True, 'hideInMock': False, 'siteAddedListingNote': False, 'aisleListingNoteWithSplit': False, 'listingNoteDescriptionContentId': 3338095, 'formattedListingNoteDescription': ""You'll have an unrestricted view of the show.""}]","[{'listingNoteBucketId': 27, 'formattedListingNoteContent': 'Clear view', 'displayOrder': 8, 'showsRawNoteText': True, 'sourceListingNoteId': -1}]",703953,False,False,Row 18,False,1784804,"¥1,784,804","¥1,784,804",10,Mobile Transfer ticket,3,1,EUR,JPY,5000.0,EUR,"https://img.vggcdn.net/img/vfsimage2/812551/407_122913/0.jpg?im=Resize=(500,271)&v=771",27 days ago,8,False,False,False,False,kAPiCYOLGxaV2myef1ghbZPc0D3WstTpnBdW43RyGZI%3d,False,2026-06-21T01:36:19.4300000Z,False,False,False,True,False,False,0,False,[6],False,False,False,False,0,False,False,0,13091707010,False,7ED20CB0-59BA-44E0-820D-E93F558EE1FB,False,False,True,4,7.978878646190414,0.9547966838,,,,,"[{'message': 'Great Value', 'qualifier': 'Based on price, view, seat quality and more', 'hasValue': True, 'messageType': 'ValueBased'}, {'message': 'Popular Pick', 'qualifier': '4 tickets sold for this event', 'hasValue': True, 'messageType': 'BoughtInLastHourSocialProofBased'}]",[],"¥3,578,220",50.0,"¥1,793,416",,,,Fan favorite,This section is in the top 10% of sections for this event when ranked based on a count of successful sales over the past 7 days on our site,True,,,,,,,
12927493504,153020449,346,122939,346,2,20,10_13,,,10,False,False,4,,False,False,"[1, 2, 3, 4]",407,Upper,4,True,"[{'listingNoteId': -1, 'listingNoteContentId': 3338094, 'formattedListingNoteContent': 'Clear view', 'listingNoteTypeId': 3, 'showToBuyer': True, 'hideInMock': False, 'siteAddedListingNote': False, 'aisleListingNoteWithSplit': False, 'listingNoteDescriptionContentId': 3338095, 'formattedListingNoteDescription': ""You'll have an unrestricted view of the show.""}]","[{'listingNoteBucketId': 27, 'formattedListingNoteContent': 'Clear view', 'displayOrder': 8, 'showsRawNoteText': True, 'sourceListingNoteId': -1}]",2113958,False,False,Row 20,False,1785752,"¥1,785,752","¥1,785,752",10,Mobile Transfer ticket,3,1,USD,JPY,3500.0,USD,"https://img.vggcdn.net/img/vfsimage2/812551/407_122939/0.jpg?im=Resize=(500,271)&v=771",43 days ago,6,False,False,False,False,QBcM1lQag7M%2bSQznpNV8dk%2b%2fRxJ%2fokcWWWkPbYccaN0%3d,False,2026-06-04T09:19:58.6800000Z,False,False,False,False,False,False,0,False,,False,False,False,False,0,False,False,0,12927493504,False,C9EAC786-1A4E-447D-B0AB-B8F386A2A689,False,False,True,3,6.248180576558231,0.7720696725,,,,,"[{'message': 'Popular Pick', 'qualifier': '4 tickets sold for this event', 'hasValue': True, 'messageType': 'BoughtInLastHourSocialProofBased'}]",[],"¥2,960,255",40.0,"¥1,174,503",,,,,,,,,,,,,
13389648182,153020449,345,122938,345,2,22,24_27,,,24,False,False,4,,False,False,"[1, 2, 4]",407,Upper,4,True,"[{'listingNoteId': -1, 'listingNoteContentId': 3338094, 'formattedListingNoteContent': 'Clear view', 'listingNoteTypeId': 3, 'showToBuyer': True, 'hideInMock': False, 'siteAddedListingNote': False, 'aisleListingNoteWithSplit': False, 'listingNoteDescriptionContentId': 3338095, 'formattedListingNoteDescription': ""You'll have an unrestricted view of the show.""}]","[{'listingNoteBucketId': 27, 'formattedListingNoteContent': 'Clear view', 'displayOrder': 8, 'showsRawNoteText': True, 'sourceListingNoteId': -1}]",704504,False,False,Row 22,False,1806892,"¥1,806,892","¥1,806,892",10,Mobile Transfer ticket,3,1,EUR,JPY,2900.0,EUR,"https://img.vggcdn.net/img/vfsimage2/812551/407_122938/0.jpg?im=Resize=(500,271)&v=771",an hour ago,7,False,False,False,False,etHI2wB3bx11eglg%2bQJdsF4ad34XG4KlT5ccZEesUyc%3d,False,2026-07-18T08:00:23.5830000Z,False,False,False,False,False,False,0,False,[7],False,False,False,False,0,False,False,0,13389648182,False,30E04F64-AC3A-49BC-997F-EDE9D6A06DEC,False,False,True,4,7.482935671662317,0.9086135573,,,,,"[{'message': 'Great Value', 'qualifier': 'Based on price, view, seat quality and more', 'hasValue': True, 'messageType': 'ValueBased'}, {'message': 'Popular Pick', 'qualifier': '4 tickets sold for this event', 'hasValue': True, 'messageType': 'BoughtInLastHourSocialProofBased'}]",[],,,,Last tickets,True,,,,,,,,,,,
13387759910,153020449,204,122837,204,2,13,10_10,10,10,10,False,False,1,,False,False,[1],471,Middle,1,True,"[{'listingNoteId': -1, 'listingNoteContentId': 3338094, 'formattedListingNoteContent': 'Clear view', 'listingNoteTypeId': 3, 'showToBuyer': True, 'hideInMock': False, 'siteAddedListingNote': False, 'aisleListingNoteWithSplit': False, 'listingNoteDescriptionContentId': 3338095, 'formattedListingNoteDescription': ""You'll have an unrestricted view of the show.""}]","[{'listingNoteBucketId': 27, 'formattedListingNoteContent': 'Clear view', 'displayOrder': 8, 'showsRawNoteText': True, 'sourceListingNoteId': -1}]",702765,False,False,Row 13,False,1813397,"¥1,813,397","¥1,813,397",10,Mobile Transfer ticket,3,1,USD,JPY,,USD,"https://img.vggcdn.net/img/vfsimage2/812551/471_122837/0.jpg?im=Resize=(500,271)&v=771",8 hours ago,7,False,False,False,False,%2fzIqEYiYw8aK61pozHNOsZOe0NtfUo0u6J3BPZcf95A%3d,False,2026-07-18T00:47:33.2070000Z,False,False,False,False,False,False,0,False,,False,False,False,False,0,False,False,0,13387759910,False,F0AB7C83-2C9E-4594-8AFC-887706CC69A8,False,False,True,3,6.797249001607888,0.8391526436,,,,,"[{'message': 'Popular Pick', 'qualifier': '4 tickets sold for this event', 'hasValue': True, 'messageType': 'BoughtInLastHourSocialProofBased'}]",[],,,,,,,,,,,,,,,,
13388880121,153020449,204,122837,204,2,11,_,,,,False,False,2,,False,False,"[1, 2]",471,Middle,2,True,"[{'listingNoteId': -1, 'listingNoteContentId': 3338094, 'formattedListingNoteContent': 'Clear view', 'listingNoteTypeId': 3, 'showToBuyer': True, 'hideInMock': False, 'siteAddedListingNote': False, 'aisleListingNoteWithSplit': False, 'listingNoteDescriptionContentId': 3338095, 'formattedListingNoteDescription': ""You'll have an unrestricted view of the show.""}]","[{'listingNoteBucketId': 27, 'formattedListingNoteContent': 'Clear view', 'displayOrder': 8, 'showsRawNoteText': True, 'sourceListingNoteId': -1}]",702763,False,False,Row 11,False,1834074,"¥1,834,074","¥1,834,074",10,Mobile Transfer ticket,3,1,EUR,JPY,10990.0,EUR,"https://img.vggcdn.net/img/vfsimage2/812551/471_122837/0.jpg?im=Resize=(500,271)&v=771",4 hours ago,7,False,False,False,False,kTMW7WzKyQRy%2bailNockiOPIT2LsLhHU6P1FhcvPhA0%3d,False,2026-07-18T04:51:47.7200000Z,False,False,False,False,False,False,0,False,,False,False,False,False,0,False,False,0,13388880121,False,07D6C07A-80FA-4009-A7B0-D9BABB4BD76F,False,False,True,4,7.226373375616555,0.8945174088,,,,,"[{'message': 'Great Value', 'qualifier': 'Based on price, view, seat quality and more', 'hasValue': True, 'messageType': 'ValueBased'}, {'message': 'Popular Pick', 'qualifier': '4 tickets sold for this event', 'hasValue': True, 'messageType': 'BoughtInLastHourSocialProofBased'}]",[],"¥2,534,576",28.0,"¥700,502",,,,,,,,,,,,,
13388050026,153020449,335,122928,335,2,17,_,,,,False,False,3,,False,False,"[1, 3]",407,Upper,3,True,"[{'listingNoteId': -1, 'listingNoteContentId': 3338094, 'formattedListingNoteContent': 'Clear view', 'listingNoteTypeId': 3, 'showToBuyer': True, 'hideInMock': False, 'siteAddedListingNote': False, 'aisleListingNoteWithSplit': False, 'listingNoteDescriptionContentId': 3338095, 'formattedListingNoteDescription': ""You'll have an unrestricted view of the show.""}]","[{'listingNoteBucketId': 27, 'formattedListingNoteContent': 'Clear view', 'displayOrder': 8, 'showsRawNoteText': True, 'sourceListingNoteId': -1}]",704282,False,False,Row 17,False,1836999,"¥1,836,999","¥1,836,999",10,Mobile Transfer ticket,3,1,EUR,JPY,7380.0,EUR,"https://img.vggcdn.net/img/vfsimage2/812551/407_122928/0.jpg?im=Resize=(500,271)&v=771",7 hours ago,6,False,False,False,False,49Es8pL%2fLZf3UXhAfiJngKJ53Dhj29j0IYyK2HUxxCM%3d,False,2026-07-18T01:48:43.9600000Z,False,False,False,False,False,False,0,False,[7],False,False,False,False,0,False,False,0,13388050026,False,329645DA-84F5-4B50-8AF4-FFEC5775C074,False,False,True,3,6.353580917328939,0.804376279,,,,,"[{'message': 'Popular Pick', 'qualifier': '4 tickets sold for this event', 'hasValue': True, 'messageType': 'BoughtInLastHourSocialProofBased'}]",[],,,,Last tickets,True,,,,,,,,,,,
13389583270,153020449,Category 2,1989400,Category 2,3,,_,,,,False,False,1,,False,False,[1],1246,Category 2,1,True,"[{'listingNoteId': 814, 'listingNoteContentId': 2446060, 'formattedListingNoteContent': 'Limited or Obstructed View (printed on ticket)', 'listingNoteTypeId': 1, 'showToBuyer': True, 'hideInMock': False, 'siteAddedListingNote': False, 'aisleListingNoteWithSplit': False, 'listingNoteDescriptionContentId': 2446061, 'formattedListingNoteDescription': 'Limited or Obstructed View (printed on ticket)'}]","[{'listingNoteBucketId': 21, 'formattedListingNoteContent': 'Limited view', 'displayOrder': 21, 'showsRawNoteText': False}]",3325459,False,False,Row,True,1840019,"¥1,840,019","¥1,840,019",10,Mobile Transfer ticket,3,1,EUR,JPY,6450.0,EUR,"https://img.vggcdn.net/img/vfsimage2/812551/1246_1989400/0.jpg?im=Resize=(500,271)&v=771",an hour ago,10,False,False,True,False,QkVfhdjXyYctxBou4YUA%2fufP3cixaWEfxPSjTGk4lJ8%3d,False,2026-07-18T07:28:10.9430000Z,False,False,False,False,False,False,0,False,[7],False,False,False,False,0,False,False,0,13389583270,False,63CEB5EC-D685-4A9B-8AE0-C2F892F732F5,False,False,True,5,9.611787867772865,1.374851954,,,,,"[{'message': 'Amazing Value', 'qualifier': 'Based on price, view, seat quality and more', 'hasValue': True, 'messageType': 'ValueBased'}, {'message': 'Popular Pick', 'qualifier': '4 tickets sold for this event', 'hasValue': True, 'messageType': 'BoughtInLastHourSocialProofBased'}]",[],,,,Last ticket,True,,,,,,,,,,,
13388198710,153020449,305,122898,305,2,25,29_29,29,29,29,False,False,1,,False,False,[1],407,Upper,1,True,"[{'listingNoteId': -1, 'listingNoteContentId': 3338094, 'formattedListingNoteContent': 'Clear view', 'listingNoteTypeId': 3, 'showToBuyer': True, 'hideInMock': False, 'siteAddedListingNote': False, 'aisleListingNoteWithSplit': False, 'listingNoteDescriptionContentId': 3338095, 'formattedListingNoteDescription': ""You'll have an unrestricted view of the show.""}]","[{'listingNoteBucketId': 27, 'formattedListingNoteContent': 'Clear view', 'displayOrder': 8, 'showsRawNoteText': True, 'sourceListingNoteId': -1}]",2113678,False,False,Row 25,False,1842698,"¥1,842,698","¥1,842,698",10,Mobile Transfer ticket,3,1,USD,JPY,5785.0,USD,"https://img.vggcdn.net/img/vfsimage2/812551/407_122898/0.jpg?im=Resize=(500,271)&v=771",6 hours ago,5,False,False,False,False,rlofZD1najO4oo1%2fZOrIFZV0fQ%2bHkDk2kSOkvAi0RE8%3d,False,2026-07-18T02:26:44.9100000Z,False,False,False,True,False,False,0,False,[6],False,False,False,False,0,False,False,0,13388198710,False,B675073D-00D2-41CB-8E76-87E11C0D32A1,False,False,True,2,4.920945097968653,0.6838354225,,,,,"[{'message': 'Popular Pick', 'qualifier': '4 tickets sold for this event', 'hasValue': True, 'messageType': 'BoughtInLastHourSocialProofBased'}]",[],,,,,,,Fan favorite,This section is in the top 10% of sections for this event when ranked based on a count of successful sales over the past 7 days on our site,True,,,,,,,
13282079069,153020449,310,122903,310,2,26,30_30,30,30,30,False,False,1,,False,False,[1],407,Upper,1,True,"[{'listingNoteId': -1, 'listingNoteContentId': 3338094, 'formattedListingNoteContent': 'Clear view', 'listingNoteTypeId': 3, 'showToBuyer': True, 'hideInMock': False, 'siteAddedListingNote': False, 'aisleListingNoteWithSplit': False, 'listingNoteDescriptionContentId': 3338095, 'formattedListingNoteDescription': ""You'll have an unrestricted view of the show.""}]","[{'listingNoteBucketId': 27, 'formattedListingNoteContent': 'Clear view', 'displayOrder': 8, 'showsRawNoteText': True, 'sourceListingNoteId': -1}]",703741,False,False,Row 26,False,1842698,"¥1,842,698","¥1,842,698",10,Mobile Transfer ticket,3,1,USD,JPY,,USD,"https://img.vggcdn.net/img/vfsimage2/812551/407_122903/0.jpg?im=Resize=(500,271)&v=771",10 days ago,4,False,False,False,False,rlofZD1najO4oo1%2fZOrIFZV0fQ%2bHkDk2kSOkvAi0RE8%3d,False,2026-07-08T06:22:52.4970000Z,False,False,False,False,False,False,0,False,,False,False,False,False,0,False,False,0,13282079069,False,73AADF95-C4BA-44ED-8C12-808F11595344,False,False,True,2,4.356036265198297,0.6262105234,,,,,"[{'message': 'Popular Pick', 'qualifier': '4 tickets sold for this event', 'hasValue': True, 'messageType': 'BoughtInLastHourSocialProofBased'}]",[],"¥2,843,473",35.0,"¥1,000,775",,,,,,,,,,,,,
13388064315,153020449,314,122907,314,2,8,1_1,1,1,1,False,False,1,,False,False,[1],407,Upper,1,True,"[{'listingNoteId': 814, 'listingNoteContentId': 2446060, 'formattedListingNoteContent': 'Limited or Obstructed View (printed on ticket)', 'listingNoteTypeId': 1, 'showToBuyer': True, 'hideInMock': False, 'siteAddedListingNote': False, 'aisleListingNoteWithSplit': False, 'listingNoteDescriptionContentId': 2446061, 'formattedListingNoteDescription': 'Limited or Obstructed View (printed on ticket)'}]","[{'listingNoteBucketId': 21, 'formattedListingNoteContent': 'Limited view', 'displayOrder': 21, 'showsRawNoteText': False}]",703811,False,False,Row 8,False,1862758,"¥1,862,758","¥1,862,758",10,Mobile Transfer ticket,3,1,EUR,JPY,7300.0,EUR,"https://img.vggcdn.net/img/vfsimage2/812551/407_122907/0.jpg?im=Resize=(500,271)&v=771",7 hours ago,9,False,False,False,False,oLL2OxkHRIPD37ZnryBHRl%2fhfkXTqeL9mCQ5eYRyzxk%3d,False,2026-07-18T01:53:41.0600000Z,False,False,False,False,False,False,0,False,[7],False,False,False,False,0,False,False,0,13388064315,False,CE78BD6F-E67A-4EED-A9D6-84E99E075D92,False,False,True,5,8.698436596869765,1.114665508,,,,,"[{'message': 'Amazing Value', 'qualifier': 'Based on price, view, seat quality and more', 'hasValue': True, 'messageType': 'ValueBased'}, {'message': 'Popular Pick', 'qualifier': '4 tickets sold for this event', 'hasValue': True, 'messageType': 'BoughtInLastHourSocialProofBased'}]",[],,,,Last ticket,True,,,,,,,,,,,
13389514915,153020449,204,122837,204,2,10,_,,,,False,False,1,,False,False,[1],471,Middle,1,True,"[{'listingNoteId': -1, 'listingNoteContentId': 3338094, 'formattedListingNoteContent': 'Clear view', 'listingNoteTypeId': 3, 'showToBuyer': True, 'hideInMock': False, 'siteAddedListingNote': False, 'aisleListingNoteWithSplit': False, 'listingNoteDescriptionContentId': 3338095, 'formattedListingNoteDescription': ""You'll have an unrestricted view of the show.""}]","[{'listingNoteBucketId': 27, 'formattedListingNoteContent': 'Clear view', 'displayOrder': 8, 'showsRawNoteText': True, 'sourceListingNoteId': -1}]",702762,False,False,Row 10,False,1862975,"¥1,862,975","¥1,862,975",10,Mobile Transfer ticket,3,1,USD,JPY,7380.0,USD,"https://img.vggcdn.net/img/vfsimage2/812551/471_122837/0.jpg?im=Resize=(500,271)&v=771",2 hours ago,7,False,False,False,False,jsz13f6s1bpTIPuKFFO5W5Jle2iG7jR2B9hQAyl0tN0%3d,False,2026-07-18T06:59:27.6670000Z,False,False,False,False,False,False,0,False,,False,False,False,False,0,False,False,0,13389514915,False,536FF58C-B365-4B50-8973-6A5E7F962968,False,False,True,4,7.363293851117708,0.9234547256,,,,,"[{'message': 'Great Value', 'qualifier': 'Based on price, view, seat quality and more', 'hasValue': True, 'messageType': 'ValueBased'}, {'message': 'Popular Pick', 'qualifier': '4 tickets sold for this event', 'hasValue': True, 'messageType': 'BoughtInLastHourSocialProofBased'}]",[],,,,,,,,,,,,,,,,
13388777392,153020449,348,122941,348,2,16,1268622113_1268622113,,,1268622113,False,False,1,,False,False,[1],407,Upper,1,True,"[{'listingNoteId': -1, 'listingNoteContentId': 3338094, 'formattedListingNoteContent': 'Clear view', 'listingNoteTypeId': 3, 'showToBuyer': True, 'hideInMock': False, 'siteAddedListingNote': False, 'aisleListingNoteWithSplit': False, 'listingNoteDescriptionContentId': 3338095, 'formattedListingNoteDescription': ""You'll have an unrestricted view of the show.""}]","[{'listingNoteBucketId': 27, 'formattedListingNoteContent': 'Clear view', 'displayOrder': 8, 'showsRawNoteText': True, 'sourceListingNoteId': -1}]",2113998,False,False,Row 16,False,1869990,"¥1,869,990","¥1,869,990",10,Mobile Transfer ticket,3,1,USD,JPY,5785.0,USD,"https://img.vggcdn.net/img/vfsimage2/812551/407_122941/0.jpg?im=Resize=(500,271)&v=771",4 hours ago,6,False,False,False,False,%2bGoUsP5iw6pcKloL4YtvM3Aies4KoI6ct%2f6Zx5qm2zM%3d,False,2026-07-18T04:38:21.9430000Z,False,False,False,False,False,False,0,False,,False,False,False,False,0,False,False,0,13388777392,False,66F9AC90-C579-4243-97E2-60A81C97529C,False,False,True,3,5.665681906338534,0.7558231346,,,,,"[{'message': 'Popular Pick', 'qualifier': '4 tickets sold for this event', 'hasValue': True, 'messageType': 'BoughtInLastHourSocialProofBased'}]",[],,,,,,,,,,,,,,,,
13388376987,153020449,227A,1530787,227A,2,9,14_14,14,14,14,False,False,1,,False,False,[1],471,Middle,1,True,"[{'listingNoteId': -1, 'listingNoteContentId': 3338094, 'formattedListingNoteContent': 'Clear view', 'listingNoteTypeId': 3, 'showToBuyer': True, 'hideInMock': False, 'siteAddedListingNote': False, 'aisleListingNoteWithSplit': False, 'listingNoteDescriptionContentId': 3338095, 'formattedListingNoteDescription': ""You'll have an unrestricted view of the show.""}]","[{'listingNoteBucketId': 27, 'formattedListingNoteContent': 'Clear view', 'displayOrder': 8, 'showsRawNoteText': True, 'sourceListingNoteId': -1}]",1593637,False,False,Row 9,False,1877788,"¥1,877,788","¥1,877,788",10,Mobile Transfer ticket,3,1,USD,JPY,0.0,USD,"https://img.vggcdn.net/img/vfsimage2/812551/471_1530787/0.jpg?im=Resize=(500,271)&v=771",5 hours ago,9,False,False,False,False,uimunnqxBTShltCcOjTikG5B3832dB%2bZ8AnhCtZLjUA%3d,False,2026-07-18T03:17:08.1970000Z,False,False,False,False,False,False,0,False,,False,False,False,False,0,False,False,0,13388376987,False,7F98E699-7D67-469C-966D-8FADF59589AA,False,False,True,5,8.988379990732511,1.199491418,,,,,"[{'message': 'Amazing Value', 'qualifier': 'Based on price, view, seat quality and more', 'hasValue': True, 'messageType': 'ValueBased'}, {'message': 'Popular Pick', 'qualifier': '4 tickets sold for this event', 'hasValue': True, 'messageType': 'BoughtInLastHourSocialProofBased'}]",[],,,,,,,,,,,,,,,,
13387837082,153020449,225A,1530785,225A,2,8,14_14,14,14,14,False,False,1,,False,False,[1],471,Middle,1,True,"[{'listingNoteId': -1, 'listingNoteContentId': 3338094, 'formattedListingNoteContent': 'Clear view', 'listingNoteTypeId': 3, 'showToBuyer': True, 'hideInMock': False, 'siteAddedListingNote': False, 'aisleListingNoteWithSplit': False, 'listingNoteDescriptionContentId': 3338095, 'formattedListingNoteDescription': ""You'll have an unrestricted view of the show.""}]","[{'listingNoteBucketId': 27, 'formattedListingNoteContent': 'Clear view', 'displayOrder': 8, 'showsRawNoteText': True, 'sourceListingNoteId': -1}]",1593621,False,False,Row 8,False,1886561,"¥1,886,561","¥1,886,561",10,Mobile Transfer ticket,3,1,USD,JPY,8000.0,USD,"https://img.vggcdn.net/img/vfsimage2/812551/471_1530785/0.jpg?im=Resize=(500,271)&v=771",7 hours ago,9,False,False,False,False,3yLGUqmR43htIwDL%2bDW5HNREqj7lowKSWznmVIIn9zI%3d,False,2026-07-18T01:08:16.7930000Z,False,False,False,False,False,False,0,False,,False,False,False,False,0,False,False,0,13387837082,False,EFF12CE4-E1A2-4470-863E-54DA93B80E93,False,False,True,5,8.588719208707674,1.102536312,,,,,"[{'message': 'Amazing Value', 'qualifier': 'Based on price, view, seat quality and more', 'hasValue': True, 'messageType': 'ValueBased'}, {'message': 'Popular Pick', 'qualifier': '4 tickets sold for this event', 'hasValue': True, 'messageType': 'BoughtInLastHourSocialProofBased'}]",[],,,,,,,,,,,,,,,,
13388029365,153020449,312,122905,312,2,23,16_16,16,16,16,False,False,1,,False,False,[1],407,Upper,1,True,"[{'listingNoteId': -1, 'listingNoteContentId': 3338094, 'formattedListingNoteContent': 'Clear view', 'listingNoteTypeId': 3, 'showToBuyer': True, 'hideInMock': False, 'siteAddedListingNote': False, 'aisleListingNoteWithSplit': False, 'listingNoteDescriptionContentId': 3338095, 'formattedListingNoteDescription': ""You'll have an unrestricted view of the show.""}]","[{'listingNoteBucketId': 27, 'formattedListingNoteContent': 'Clear view', 'displayOrder': 8, 'showsRawNoteText': True, 'sourceListingNoteId': -1}]",703782,False,False,Row 23,False,1896113,"¥1,896,113","¥1,896,113",10,Mobile Transfer ticket,3,1,USD,JPY,0.0,USD,"https://img.vggcdn.net/img/vfsimage2/812551/407_122905/0.jpg?im=Resize=(500,271)&v=771",7 hours ago,4,False,False,False,False,%2blBxrqh3g%2bhH4VtSKTXn66yi1r9gw9qzi4a6QhoyDjw%3d,False,2026-07-18T01:45:41.0300000Z,False,False,False,False,False,False,0,False,[7],False,False,False,False,0,False,False,0,13388029365,False,9E0160A1-20A4-4702-B61E-93E5F9317FBF,False,False,True,2,3.8300293533034706,0.5974860618,,,,,"[{'message': 'Popular Pick', 'qualifier': '4 tickets sold for this event', 'hasValue': True, 'messageType': 'BoughtInLastHourSocialProofBased'}]",[],,,,Last ticket,True,,,,,,,,,,,
13311781074,153020449,305,122898,305,2,17,_,,,,False,False,7,,False,False,"[1, 2, 3, 4, 5, 6, 7]",407,Upper,7,True,"[{'listingNoteId': -1, 'listingNoteContentId': 3338094, 'formattedListingNoteContent': 'Clear view', 'listingNoteTypeId': 3, 'showToBuyer': True, 'hideInMock': False, 'siteAddedListingNote': False, 'aisleListingNoteWithSplit': False, 'listingNoteDescriptionContentId': 3338095, 'formattedListingNoteDescription': ""You'll have an unrestricted view of the show.""}]","[{'listingNoteBucketId': 27, 'formattedListingNoteContent': 'Clear view', 'displayOrder': 8, 'showsRawNoteText': True, 'sourceListingNoteId': -1}]",2113670,False,False,Row 17,False,1897283,"¥1,897,283","¥1,897,283",10,Mobile Transfer ticket,3,1,USD,JPY,5785.0,USD,"https://img.vggcdn.net/img/vfsimage2/812551/407_122898/0.jpg?im=Resize=(500,271)&v=771",8 days ago,5,False,False,False,False,YaPguEoi3ngpfkCgwR%2bcNhWTKFAWqGCrTCsRq8dBQHo%3d,False,2026-07-10T07:19:52.1000000Z,False,False,False,True,False,False,0,False,[6],False,False,False,False,0,False,False,0,13311781074,False,A85DFCA7-BBFC-4A36-A13D-36063634E98E,False,False,True,3,5.060539124389359,0.7182422299,,,,,"[{'message': 'Popular Pick', 'qualifier': '4 tickets sold for this event', 'hasValue': True, 'messageType': 'BoughtInLastHourSocialProofBased'}]",[],,,,,,,Fan favorite,This section is in the top 10% of sections for this event when ranked based on a count of successful sales over the past 7 days on our site,True,,,,,,,
13388445293,153020449,Supporters Club,2439116,Supporters Club,2,,_,,,,False,False,1,,False,False,[1],1068,Hospitality,1,True,"[{'listingNoteId': 2344, 'listingNoteContentId': 4216766, 'formattedListingNoteContent': 'Includes Offsite Hospitality', 'listingNoteTypeId': 3, 'showToBuyer': True, 'hideInMock': False, 'siteAddedListingNote': False, 'aisleListingNoteWithSplit': False, 'formattedListingNoteDescription': ''}, {'listingNoteId': -1, 'listingNoteContentId': 3338094, 'formattedListingNoteContent': 'Clear view', 'listingNoteTypeId': 3, 'showToBuyer': True, 'hideInMock': False, 'siteAddedListingNote': False, 'aisleListingNoteWithSplit': False, 'listingNoteDescriptionContentId': 3338095, 'formattedListingNoteDescription': ""You'll have an unrestricted view of the show.""}]","[{'listingNoteBucketId': 0, 'formattedListingNoteContent': 'Includes Offsite Hospitality', 'displayOrder': 30, 'showsRawNoteText': True, 'sourceListingNoteId': 2344}, {'listingNoteBucketId': 27, 'formattedListingNoteContent': 'Clear view', 'displayOrder': 8, 'showsRawNoteText': True, 'sourceListingNoteId': -1}]",4837383,False,False,Row,True,1914130,"¥1,914,130","¥1,914,130",10,Mobile Transfer ticket,3,1,GBP,JPY,2000.0,GBP,"https://img.vggcdn.net/img/vfsimage2/812551/1068_2439116/0.jpg?im=Resize=(500,271)&v=771",5 hours ago,10,False,False,False,False,D%2f2y5An55%2fueGjlDJQrfijulVMV3rn0lxXkArQug1IE%3d,False,2026-07-18T03:39:04.5630000Z,False,True,False,False,False,False,0,False,[1],False,False,False,False,0,False,False,0,13388445293,False,82F18891-1CCA-42A5-B743-97DB80820552,False,False,True,5,9.955654172230249,1.577970786,,,,,"[{'message': 'Amazing Value', 'qualifier': 'Based on price, view, seat quality and more', 'hasValue': True, 'messageType': 'ValueBased'}, {'message': 'Popular Pick', 'qualifier': '4 tickets sold for this event', 'hasValue': True, 'messageType': 'BoughtInLastHourSocialProofBased'}]",[],,,,,,,,,,Best deal,True,6aa8a73f-b069-4147-a316-ffc9e9280c2b,,,,
13347769336,153020449,344,122937,344,2,4,_,,,,False,False,3,,False,False,"[1, 3]",478,Loge,3,True,"[{'listingNoteId': -1, 'listingNoteContentId': 3338094, 'formattedListingNoteContent': 'Clear view', 'listingNoteTypeId': 3, 'showToBuyer': True, 'hideInMock': False, 'siteAddedListingNote': False, 'aisleListingNoteWithSplit': False, 'listingNoteDescriptionContentId': 3338095, 'formattedListingNoteDescription': ""You'll have an unrestricted view of the show.""}]","[{'listingNoteBucketId': 27, 'formattedListingNoteContent': 'Clear view', 'displayOrder': 8, 'showsRawNoteText': True, 'sourceListingNoteId': -1}]",1591268,False,False,Row 4,False,1940611,"¥1,940,611","¥1,940,611",10,Mobile Transfer ticket,3,1,GBP,JPY,3000.0,GBP,"https://img.vggcdn.net/img/vfsimage2/812551/478_122937/0.jpg?im=Resize=(500,271)&v=771",3 days ago,6,False,False,False,False,e%2brR7xGXvLO48wUuZ6CIK%2bSS7TUElpeSqvkTbnvyFRM%3d,False,2026-07-14T09:41:47.8100000Z,False,False,False,False,False,False,0,False,,False,False,False,False,0,False,False,0,13347769336,False,F9884CFC-A40F-451C-9085-5018CC4D7F31,False,False,True,3,6.4654245304305205,0.8614308766,,,,,"[{'message': 'Popular Pick', 'qualifier': '4 tickets sold for this event', 'hasValue': True, 'messageType': 'BoughtInLastHourSocialProofBased'}]",[],,,,,,,,,,,,,,,,
13387921176,153020449,204,122837,204,2,11,_,,,,False,False,1,,False,False,[1],471,Middle,1,True,"[{'listingNoteId': -1, 'listingNoteContentId': 3338094, 'formattedListingNoteContent': 'Clear view', 'listingNoteTypeId': 3, 'showToBuyer': True, 'hideInMock': False, 'siteAddedListingNote': False, 'aisleListingNoteWithSplit': False, 'listingNoteDescriptionContentId': 3338095, 'formattedListingNoteDescription': ""You'll have an unrestricted view of the show.""}]","[{'listingNoteBucketId': 27, 'formattedListingNoteContent': 'Clear view', 'displayOrder': 8, 'showsRawNoteText': True, 'sourceListingNoteId': -1}]",702763,False,False,Row 11,False,1949139,"¥1,949,139","¥1,949,139",10,Mobile Transfer ticket,3,1,USD,JPY,7380.0,USD,"https://img.vggcdn.net/img/vfsimage2/812551/471_122837/0.jpg?im=Resize=(500,271)&v=771",7 hours ago,7,False,False,False,False,01SoK3NxLBhcojuOunjOn8%2f9%2fHbKG8sS9qez%2f48bCz8%3d,False,2026-07-18T01:23:34.2130000Z,False,False,False,False,False,False,0,False,,False,False,False,False,0,False,False,0,13387921176,False,638A59AD-8713-4012-8BF8-02283075839C,False,False,True,3,6.732078416109959,0.8945174088,,,,,"[{'message': 'Popular Pick', 'qualifier': '4 tickets sold for this event', 'hasValue': True, 'messageType': 'BoughtInLastHourSocialProofBased'}]",[],,,,,,,,,,,,,,,,
13388417669,153020449,310,122903,310,2,25,1_1,1,1,1,False,False,1,,False,False,[1],407,Upper,1,True,"[{'listingNoteId': -1, 'listingNoteContentId': 3338094, 'formattedListingNoteContent': 'Clear view', 'listingNoteTypeId': 3, 'showToBuyer': True, 'hideInMock': False, 'siteAddedListingNote': False, 'aisleListingNoteWithSplit': False, 'listingNoteDescriptionContentId': 3338095, 'formattedListingNoteDescription': ""You'll have an unrestricted view of the show.""}]","[{'listingNoteBucketId': 14, 'formattedListingNoteContent': 'Aisle seat', 'displayOrder': 14, 'showsRawNoteText': True, 'sourceListingNoteId': 2024}, {'listingNoteBucketId': 27, 'formattedListingNoteContent': 'Clear view', 'displayOrder': 8, 'showsRawNoteText': True, 'sourceListingNoteId': -1}]",703740,False,False,Row 25,False,1953233,"¥1,953,233","¥1,953,233",10,Mobile Transfer ticket,3,1,USD,JPY,0.0,USD,"https://img.vggcdn.net/img/vfsimage2/812551/407_122903/0.jpg?im=Resize=(500,271)&v=771",5 hours ago,4,False,False,False,False,6D8C%2bwCs5jON2R9N%2fHtbumP%2fYA7nKS2qrj1Pt5Oig64%3d,False,2026-07-18T03:33:13.9330000Z,False,False,False,False,False,False,0,False,,False,False,False,False,0,False,False,0,13388417669,False,CAE242BC-2239-4DD8-8606-D542E348D42B,False,False,True,2,4.090295976268974,0.6384740013,,,,,"[{'message': 'Popular Pick', 'qualifier': '4 tickets sold for this event', 'hasValue': True, 'messageType': 'BoughtInLastHourSocialProofBased'}, {'message': 'Aisle Seat', 'qualifier': 'Easy access to your seat', 'hasValue': True, 'messageType': 'AisleSeatTicketAttributeBased'}]",[2024],,,,,,,,,,,,,,,,
13386366317,153020449,330,122923,330,2,16,_,,,,False,False,4,,False,False,"[1, 2, 4]",407,Upper,4,True,"[{'listingNoteId': -1, 'listingNoteContentId': 3338094, 'formattedListingNoteContent': 'Clear view', 'listingNoteTypeId': 3, 'showToBuyer': True, 'hideInMock': False, 'siteAddedListingNote': False, 'aisleListingNoteWithSplit': False, 'listingNoteDescriptionContentId': 3338095, 'formattedListingNoteDescription': ""You'll have an unrestricted view of the show.""}]","[{'listingNoteBucketId': 27, 'formattedListingNoteContent': 'Clear view', 'displayOrder': 8, 'showsRawNoteText': True, 'sourceListingNoteId': -1}]",2113911,False,False,Row 16,False,1958868,"¥1,958,868","¥1,958,868",10,Mobile Transfer ticket,3,1,USD,JPY,5785.0,USD,"https://img.vggcdn.net/img/vfsimage2/812551/407_122923/0.jpg?im=Resize=(500,271)&v=771",11 hours ago,6,False,False,False,False,X0GfZUkfEw6sNMhOZH4jhWbcGYQuMt8ZeDBlxoulAkg%3d,False,2026-07-17T21:29:16.4600000Z,False,False,False,False,False,False,0,False,,False,False,False,False,0,False,False,0,13386366317,False,CE4E5E27-9187-4E73-98B2-7108946E491F,False,False,True,3,5.8160639717479725,0.8053004093,,,,,"[{'message': 'Popular Pick', 'qualifier': '4 tickets sold for this event', 'hasValue': True, 'messageType': 'BoughtInLastHourSocialProofBased'}]",[],,,,,,,,,,,,,,,,
13235196517,153020449,331,122924,331,2,22,27_27,,,27,False,False,1,,False,False,[1],407,Upper,1,True,"[{'listingNoteId': -1, 'listingNoteContentId': 3338094, 'formattedListingNoteContent': 'Clear view', 'listingNoteTypeId': 3, 'showToBuyer': True, 'hideInMock': False, 'siteAddedListingNote': False, 'aisleListingNoteWithSplit': False, 'listingNoteDescriptionContentId': 3338095, 'formattedListingNoteDescription': ""You'll have an unrestricted view of the show.""}]","[{'listingNoteBucketId': 27, 'formattedListingNoteContent': 'Clear view', 'displayOrder': 8, 'showsRawNoteText': True, 'sourceListingNoteId': -1}]",2113937,False,False,Row 22,False,1963005,"¥1,963,005","¥1,963,005",10,Mobile Transfer ticket,3,1,EUR,JPY,2000.0,EUR,"https://img.vggcdn.net/img/vfsimage2/812551/407_122924/0.jpg?im=Resize=(500,271)&v=771",14 days ago,5,False,False,False,False,I4W4RcSUSJ3%2fmuvQEXJkuzE1BlPdJzXjYpMR%2fXqFll4%3d,False,2026-07-04T00:25:43.8300000Z,False,False,False,False,False,False,0,False,,False,False,False,False,0,False,False,0,13235196517,False,F45A0AC7-5C8B-4776-AA13-66615C3B3500,False,False,True,2,4.977730854155343,0.7352945454,,,,,"[{'message': 'Popular Pick', 'qualifier': '4 tickets sold for this event', 'hasValue': True, 'messageType': 'BoughtInLastHourSocialProofBased'}]",[],,,,,,,,,,,,,,,,
13387963813,153020449,203A,1530773,203A,2,4,_,,,,False,False,1,,False,False,[1],471,Middle,1,True,"[{'listingNoteId': -1, 'listingNoteContentId': 3338094, 'formattedListingNoteContent': 'Clear view', 'listingNoteTypeId': 3, 'showToBuyer': True, 'hideInMock': False, 'siteAddedListingNote': False, 'aisleListingNoteWithSplit': False, 'listingNoteDescriptionContentId': 3338095, 'formattedListingNoteDescription': ""You'll have an unrestricted view of the show.""}]","[{'listingNoteBucketId': 27, 'formattedListingNoteContent': 'Clear view', 'displayOrder': 8, 'showsRawNoteText': True, 'sourceListingNoteId': -1}]",1593523,False,False,Row 4,False,1965256,"¥1,965,256","¥1,965,256",10,Mobile Transfer ticket,3,1,GBP,JPY,5000.0,GBP,"https://img.vggcdn.net/img/vfsimage2/812551/471_1530773/0.jpg?im=Resize=(500,271)&v=771",7 hours ago,8,False,False,False,False,Fr4Iwh4sTkahTarCxyGlRs15jOJj0lXsni8DW8T8UeY%3d,False,2026-07-18T01:33:12.4470000Z,False,False,False,False,False,False,0,False,[7],False,False,False,False,0,False,False,0,13387963813,False,082BD878-6AFD-4747-8979-05AE634D8FBF,False,False,True,4,8.353438571141277,1.104611135,,,,,"[{'message': 'Great Value', 'qualifier': 'Based on price, view, seat quality and more', 'hasValue': True, 'messageType': 'ValueBased'}, {'message': 'Popular Pick', 'qualifier': '4 tickets sold for this event', 'hasValue': True, 'messageType': 'BoughtInLastHourSocialProofBased'}]",[],,,,Last ticket,True,,,,,,,,,,,
13386324405,153020449,205A,1530775,205A,2,11,1_1,1,1,1,False,False,1,,False,False,[1],471,Middle,1,True,"[{'listingNoteId': -1, 'listingNoteContentId': 3338094, 'formattedListingNoteContent': 'Clear view', 'listingNoteTypeId': 3, 'showToBuyer': True, 'hideInMock': False, 'siteAddedListingNote': False, 'aisleListingNoteWithSplit': False, 'listingNoteDescriptionContentId': 3338095, 'formattedListingNoteDescription': ""You'll have an unrestricted view of the show.""}]","[{'listingNoteBucketId': 14, 'formattedListingNoteContent': 'Aisle seat', 'displayOrder': 14, 'showsRawNoteText': True, 'sourceListingNoteId': 2024}, {'listingNoteBucketId': 27, 'formattedListingNoteContent': 'Clear view', 'displayOrder': 8, 'showsRawNoteText': True, 'sourceListingNoteId': -1}]",1593531,False,False,Row 11,False,1965514,"¥1,965,514","¥1,965,514",10,Mobile Transfer ticket,3,1,USD,JPY,0.0,USD,"https://img.vggcdn.net/img/vfsimage2/812551/471_1530775/0.jpg?im=Resize=(500,271)&v=771",11 hours ago,6,False,False,False,False,O9IaHd4cdVMIF8Mhmwn%2baTdQtw8X32U3pKyVtD1yv3E%3d,False,2026-07-17T21:20:55.0200000Z,False,False,False,False,False,False,0,False,,False,False,False,False,0,False,False,0,13386324405,False,3973E7E1-213D-49D2-966F-4A09BB567230,False,False,True,3,6.049683497313589,0.8300950617,,,,,"[{'message': 'Popular Pick', 'qualifier': '4 tickets sold for this event', 'hasValue': True, 'messageType': 'BoughtInLastHourSocialProofBased'}, {'message': 'Aisle Seat', 'qualifier': 'Easy access to your seat', 'hasValue': True, 'messageType': 'AisleSeatTicketAttributeBased'}]",[2024],"¥2,606,488",25.0,"¥640,974",,,,,,,,,,,,,
13354336531,153020449,313,122906,313,2,24,_,,,,False,False,3,,False,False,"[1, 3]",407,Upper,3,True,"[{'listingNoteId': -1, 'listingNoteContentId': 3338094, 'formattedListingNoteContent': 'Clear view', 'listingNoteTypeId': 3, 'showToBuyer': True, 'hideInMock': False, 'siteAddedListingNote': False, 'aisleListingNoteWithSplit': False, 'listingNoteDescriptionContentId': 3338095, 'formattedListingNoteDescription': ""You'll have an unrestricted view of the show.""}]","[{'listingNoteBucketId': 27, 'formattedListingNoteContent': 'Clear view', 'displayOrder': 8, 'showsRawNoteText': True, 'sourceListingNoteId': -1}]",703805,False,False,Row 24,False,1967097,"¥1,967,097","¥1,967,097",10,Mobile Transfer ticket,3,1,USD,JPY,7380.0,USD,"https://img.vggcdn.net/img/vfsimage2/812551/407_122906/0.jpg?im=Resize=(500,271)&v=771",3 days ago,4,False,False,False,False,sMo5ORuBsBKXe5Kl3MQyXZ0hlQYwJvHnP9NEP5odo9A%3d,False,2026-07-15T00:36:36.5130000Z,False,False,False,False,False,False,0,False,,False,False,False,False,0,False,False,0,13354336531,False,51A2584A-66CA-46BE-90B0-B4E526718686,False,False,True,2,4.042130238153482,0.6385939064,,,,,"[{'message': 'Popular Pick', 'qualifier': '4 tickets sold for this event', 'hasValue': True, 'messageType': 'BoughtInLastHourSocialProofBased'}]",[],,,,,,,,,,,,,,,,
13386258854,153020449,301,122894,301,2,8,_,,,,False,False,7,,False,False,"[1, 2, 3, 4, 5, 7]",407,Upper,7,True,"[{'listingNoteId': -1, 'listingNoteContentId': 3338094, 'formattedListingNoteContent': 'Clear view', 'listingNoteTypeId': 3, 'showToBuyer': True, 'hideInMock': False, 'siteAddedListingNote': False, 'aisleListingNoteWithSplit': False, 'listingNoteDescriptionContentId': 3338095, 'formattedListingNoteDescription': ""You'll have an unrestricted view of the show.""}]","[{'listingNoteBucketId': 27, 'formattedListingNoteContent': 'Clear view', 'displayOrder': 8, 'showsRawNoteText': True, 'sourceListingNoteId': -1}]",2113595,False,False,Row 8,False,1982191,"¥1,982,191","¥1,982,191",10,Mobile Transfer ticket,3,1,USD,JPY,4875.32,USD,"https://img.vggcdn.net/img/vfsimage2/812551/407_122894/0.jpg?im=Resize=(500,271)&v=771",11 hours ago,6,False,False,False,False,iPqmlphI96oC0NPdIzQY5saz0taVYVfa5ag4Vdv5yqI%3d,False,2026-07-17T21:07:11.7030000Z,False,False,False,False,False,False,0,False,,False,False,False,False,0,False,False,0,13386258854,False,F8EBE892-9F84-4A14-8DF1-0EFB2FF601F3,False,False,True,3,5.549354668536848,0.7908930164,,,,,"[{'message': 'Popular Pick', 'qualifier': '4 tickets sold for this event', 'hasValue': True, 'messageType': 'BoughtInLastHourSocialProofBased'}]",[],,,,,,,,,,,,,,,,
13387411322,153020449,206A,1530776,206A,2,6,16_16,,,16,False,False,1,,False,False,[1],471,Middle,1,True,"[{'listingNoteId': -1, 'listingNoteContentId': 3338094, 'formattedListingNoteContent': 'Clear view', 'listingNoteTypeId': 3, 'showToBuyer': True, 'hideInMock': False, 'siteAddedListingNote': False, 'aisleListingNoteWithSplit': False, 'listingNoteDescriptionContentId': 3338095, 'formattedListingNoteDescription': ""You'll have an unrestricted view of the show.""}]","[{'listingNoteBucketId': 27, 'formattedListingNoteContent': 'Clear view', 'displayOrder': 8, 'showsRawNoteText': True, 'sourceListingNoteId': -1}]",1593549,False,False,Row 6,False,1994756,"¥1,994,756","¥1,994,756",10,Mobile Transfer ticket,3,1,USD,JPY,9000.0,USD,"https://img.vggcdn.net/img/vfsimage2/812551/471_1530776/0.jpg?im=Resize=(500,271)&v=771",9 hours ago,7,False,False,False,False,%2blBxrqh3g%2bhH4VtSKTXn66yi1r9gw9qzi4a6QhoyDjw%3d,False,2026-07-17T23:36:34.8200000Z,False,False,False,False,False,False,0,False,[7],False,False,False,False,0,False,False,0,13387411322,False,6477B7FA-BDA2-488D-90E6-5E939D9559C2,False,False,True,4,7.386860852386107,0.9915794249,,,,,"[{'message': 'Great Value', 'qualifier': 'Based on price, view, seat quality and more', 'hasValue': True, 'messageType': 'ValueBased'}, {'message': 'Popular Pick', 'qualifier': '4 tickets sold for this event', 'hasValue': True, 'messageType': 'BoughtInLastHourSocialProofBased'}]",[],,,,Last ticket,True,,,,,,,,,,,
13388122309,153020449,313,122906,313,2,12,23_23,23,23,23,False,False,1,,False,False,[1],407,Upper,1,True,"[{'listingNoteId': -1, 'listingNoteContentId': 3338094, 'formattedListingNoteContent': 'Clear view', 'listingNoteTypeId': 3, 'showToBuyer': True, 'hideInMock': False, 'siteAddedListingNote': False, 'aisleListingNoteWithSplit': False, 'listingNoteDescriptionContentId': 3338095, 'formattedListingNoteDescription': ""You'll have an unrestricted view of the show.""}]","[{'listingNoteBucketId': 27, 'formattedListingNoteContent': 'Clear view', 'displayOrder': 8, 'showsRawNoteText': True, 'sourceListingNoteId': -1}]",703793,False,False,Row 12,False,1995731,"¥1,995,731","¥1,995,731",10,Mobile Transfer ticket,3,1,USD,JPY,7380.0,USD,"https://img.vggcdn.net/img/vfsimage2/812551/407_122906/0.jpg?im=Resize=(500,271)&v=771",6 hours ago,8,False,False,False,False,nBhBIAfJtW6vbA9vNO%2bMxVrTQHNtSM9fzNqYNHyUSPc%3d,False,2026-07-18T02:07:00.0670000Z,False,False,False,False,False,False,0,False,,False,False,False,False,0,False,False,0,13388122309,False,9B37FA64-7529-41DC-B442-65F2AD59DB02,False,False,True,4,7.788428862665582,1.04211531,,,,,"[{'message': 'Great Value', 'qualifier': 'Based on price, view, seat quality and more', 'hasValue': True, 'messageType': 'ValueBased'}, {'message': 'Popular Pick', 'qualifier': '4 tickets sold for this event', 'hasValue': True, 'messageType': 'BoughtInLastHourSocialProofBased'}]",[],,,,,,,,,,,,,,,,
13386258793,153020449,301,122894,301,2,7,_,,,,False,False,9,,False,False,"[1, 2, 3, 4, 5, 6, 7, 9]",407,Upper,9,True,"[{'listingNoteId': 2027, 'listingNoteContentId': 3415845, 'formattedListingNoteContent': 'Third Row of Section', 'listingNoteTypeId': 6, 'showToBuyer': True, 'hideInMock': False, 'siteAddedListingNote': False, 'aisleListingNoteWithSplit': False, 'listingNoteDescriptionContentId': 3415845, 'formattedListingNoteDescription': 'Third Row of Section'}, {'listingNoteId': -1, 'listingNoteContentId': 3338094, 'formattedListingNoteContent': 'Clear view', 'listingNoteTypeId': 3, 'showToBuyer': True, 'hideInMock': False, 'siteAddedListingNote': False, 'aisleListingNoteWithSplit': False, 'listingNoteDescriptionContentId': 3338095, 'formattedListingNoteDescription': ""You'll have an unrestricted view of the show.""}]","[{'listingNoteBucketId': 14, 'formattedListingNoteContent': 'Third Row of Section', 'displayOrder': 14, 'showsRawNoteText': True, 'sourceListingNoteId': 2027}, {'listingNoteBucketId': 27, 'formattedListingNoteContent': 'Clear view', 'displayOrder': 8, 'showsRawNoteText': True, 'sourceListingNoteId': -1}]",2113594,False,False,Row 7,False,1996519,"¥1,996,519","¥1,996,519",10,Mobile Transfer ticket,3,1,USD,JPY,4875.32,USD,"https://img.vggcdn.net/img/vfsimage2/812551/407_122894/0.jpg?im=Resize=(500,271)&v=771",11 hours ago,6,False,False,False,False,sUrx54oz9bvigPQp3hpWW0EbNCFyKvakKIuYXq1fqfQ%3d,False,2026-07-17T21:07:11.3770000Z,False,False,False,False,False,False,0,False,,False,False,False,False,0,False,False,0,13386258793,False,B34ADAAB-0BCC-4C01-BFEC-47B9E2C35FB0,False,False,True,3,5.54581364127992,0.7962998324,,,,,"[{'message': 'Popular Pick', 'qualifier': '4 tickets sold for this event', 'hasValue': True, 'messageType': 'BoughtInLastHourSocialProofBased'}, {'message': 'Third Row', 'qualifier': 'Excellent proximity to the action', 'hasValue': True, 'messageType': 'ThirdRowTicketAttributeBased'}]",[2027],,,,,,,,,,,,,,,,
13314250406,153020449,Category 4,2140587,Category 4,3,,_,,,,False,False,2,,False,False,"[1, 2]",1327,Category 4,2,True,"[{'listingNoteId': -1, 'listingNoteContentId': 3338094, 'formattedListingNoteContent': 'Clear view', 'listingNoteTypeId': 3, 'showToBuyer': True, 'hideInMock': False, 'siteAddedListingNote': False, 'aisleListingNoteWithSplit': False, 'listingNoteDescriptionContentId': 3338095, 'formattedListingNoteDescription': ""You'll have an unrestricted view of the show.""}]","[{'listingNoteBucketId': 27, 'formattedListingNoteContent': 'Clear view', 'displayOrder': 8, 'showsRawNoteText': True, 'sourceListingNoteId': -1}]",4264996,False,False,Row,True,2001131,"¥2,001,131","¥2,001,131",10,Mobile Transfer ticket,3,1,USD,JPY,10000.0,USD,"https://img.vggcdn.net/img/vfsimage2/812551/1327_2140587/0.jpg?im=Resize=(500,271)&v=771",7 days ago,9,False,False,True,False,uaiHD1pdxgwGLpP97bbDk9SwolerWOY%2f19ozTpNT8qI%3d,False,2026-07-10T12:22:05.0670000Z,False,False,False,False,False,False,0,False,[7],False,False,False,False,0,False,False,0,13314250406,False,4B08F027-C6E2-44D2-A236-3E3450F30F21,False,False,True,5,9.253643478724543,1.362416107,,,,,"[{'message': 'Amazing Value', 'qualifier': 'Based on price, view, seat quality and more', 'hasValue': True, 'messageType': 'ValueBased'}, {'message': 'Popular Pick', 'qualifier': '4 tickets sold for this event', 'hasValue': True, 'messageType': 'BoughtInLastHourSocialProofBased'}]",[],,,,Last tickets,True,,,,,,,,,,,
13386324506,153020449,310,122903,310,2,20,_,,,,False,False,4,,False,False,"[1, 2, 3, 4]",407,Upper,4,True,"[{'listingNoteId': -1, 'listingNoteContentId': 3338094, 'formattedListingNoteContent': 'Clear view', 'listingNoteTypeId': 3, 'showToBuyer': True, 'hideInMock': False, 'siteAddedListingNote': False, 'aisleListingNoteWithSplit': False, 'listingNoteDescriptionContentId': 3338095, 'formattedListingNoteDescription': ""You'll have an unrestricted view of the show.""}]","[{'listingNoteBucketId': 27, 'formattedListingNoteContent': 'Clear view', 'displayOrder': 8, 'showsRawNoteText': True, 'sourceListingNoteId': -1}]",703735,False,False,Row 20,False,2007608,"¥2,007,608","¥2,007,608",10,Mobile Transfer ticket,3,1,EUR,JPY,1222.0,EUR,"https://img.vggcdn.net/img/vfsimage2/812551/407_122903/0.jpg?im=Resize=(500,271)&v=771",11 hours ago,5,False,False,False,False,RqwsJv2EyKlmDe%2b0W15lVQ0kKFx3b0BTr4B0b7ev0Lc%3d,False,2026-07-17T21:20:55.5370000Z,False,False,False,False,False,False,0,False,,False,False,False,False,0,False,False,0,13386324506,False,0E9AE68C-FFA2-498D-9FF0-D14B6FD07ECF,False,False,True,2,4.555705274658768,0.7032113034,,,,,"[{'message': 'Popular Pick', 'qualifier': '4 tickets sold for this event', 'hasValue': True, 'messageType': 'BoughtInLastHourSocialProofBased'}]",[],,,,,,,,,,,,,,,,
13318315128,153020449,311,122904,311,2,21,_,,,,False,False,4,,False,False,"[1, 2, 3, 4]",407,Upper,4,True,"[{'listingNoteId': -1, 'listingNoteContentId': 3338094, 'formattedListingNoteContent': 'Clear view', 'listingNoteTypeId': 3, 'showToBuyer': True, 'hideInMock': False, 'siteAddedListingNote': False, 'aisleListingNoteWithSplit': False, 'listingNoteDescriptionContentId': 3338095, 'formattedListingNoteDescription': ""You'll have an unrestricted view of the show.""}]","[{'listingNoteBucketId': 27, 'formattedListingNoteContent': 'Clear view', 'displayOrder': 8, 'showsRawNoteText': True, 'sourceListingNoteId': -1}]",703758,False,False,Row 21,False,2007608,"¥2,007,608","¥2,007,608",10,Mobile Transfer ticket,3,1,EUR,JPY,1222.0,EUR,"https://img.vggcdn.net/img/vfsimage2/812551/407_122904/0.jpg?im=Resize=(500,271)&v=771",7 days ago,4,False,False,False,False,RqwsJv2EyKlmDe%2b0W15lVQ0kKFx3b0BTr4B0b7ev0Lc%3d,False,2026-07-10T19:24:07.4600000Z,False,False,False,False,False,False,0,False,,False,False,False,False,0,False,False,0,13318315128,False,61873473-332C-4727-87A4-E73D50CF79D3,False,False,True,2,4.037162856390108,0.6512872162,,,,,"[{'message': 'Popular Pick', 'qualifier': '4 tickets sold for this event', 'hasValue': True, 'messageType': 'BoughtInLastHourSocialProofBased'}]",[],,,,,,,,,,,,,,,,
13375653128,153020449,Spain Supporters,2447956,Spain Supporters,3,,_,,,,False,False,2,,False,False,"[1, 2]",1666,Spain Supporters,2,True,"[{'listingNoteId': -1, 'listingNoteContentId': 3338094, 'formattedListingNoteContent': 'Clear view', 'listingNoteTypeId': 3, 'showToBuyer': True, 'hideInMock': False, 'siteAddedListingNote': False, 'aisleListingNoteWithSplit': False, 'listingNoteDescriptionContentId': 3338095, 'formattedListingNoteDescription': ""You'll have an unrestricted view of the show.""}]","[{'listingNoteBucketId': 27, 'formattedListingNoteContent': 'Clear view', 'displayOrder': 8, 'showsRawNoteText': True, 'sourceListingNoteId': -1}]",4847586,False,False,Row,True,2007608,"¥2,007,608","¥2,007,608",10,Mobile Transfer ticket,3,1,EUR,JPY,1000.0,EUR,"https://img.vggcdn.net/img/vfsimage2/812551/1666_2447956/0.jpg?im=Resize=(500,271)&v=771",yesterday,0,False,False,True,True,WvYVfuyXjJdwi%2bMGaNYpIHJhvPQ7NAc970KT8tPia0o%3d,False,2026-07-16T19:33:25.1370000Z,False,False,False,False,False,False,0,False,[7],False,False,False,False,0,False,False,0,13375653128,False,6FE74BF5-73C6-456B-8DFC-0BC07F1C1495,False,False,True,0,,,,,,,"[{'message': 'Popular Pick', 'qualifier': '4 tickets sold for this event', 'hasValue': True, 'messageType': 'BoughtInLastHourSocialProofBased'}]",[],,,,Last tickets,True,,,,,,,,,,,
13388378252,153020449,228B,1530790,228B,2,12,_,,,,False,False,4,,False,False,"[1, 2, 4]",471,Middle,4,True,"[{'listingNoteId': -1, 'listingNoteContentId': 3338094, 'formattedListingNoteContent': 'Clear view', 'listingNoteTypeId': 3, 'showToBuyer': True, 'hideInMock': False, 'siteAddedListingNote': False, 'aisleListingNoteWithSplit': False, 'listingNoteDescriptionContentId': 3338095, 'formattedListingNoteDescription': ""You'll have an unrestricted view of the show.""}]","[{'listingNoteBucketId': 27, 'formattedListingNoteContent': 'Clear view', 'displayOrder': 8, 'showsRawNoteText': True, 'sourceListingNoteId': -1}]",2113505,False,False,Row 12,False,2011277,"¥2,011,277","¥2,011,277",10,Mobile Transfer ticket,3,1,USD,JPY,7380.0,USD,"https://img.vggcdn.net/img/vfsimage2/812551/471_1530790/0.jpg?im=Resize=(500,271)&v=771",5 hours ago,7,False,False,False,False,5M4Uc7NwqTmeVmv%2fG5aGPsEjWywFwmiPkLrxuq%2fO7gM%3d,False,2026-07-18T03:17:32.9170000Z,False,False,False,False,False,False,0,False,,False,False,False,False,0,False,False,0,13388378252,False,45990DAD-C4BB-47D3-81F3-932D78E25EFE,False,False,True,3,6.808336858769422,0.9320674077,,,,,"[{'message': 'Popular Pick', 'qualifier': '4 tickets sold for this event', 'hasValue': True, 'messageType': 'BoughtInLastHourSocialProofBased'}]",[],,,,,,,,,,,,,,,,
13388009537,153020449,204,122837,204,2,7,_,,,,False,False,1,,False,False,[1],471,Middle,1,True,"[{'listingNoteId': -1, 'listingNoteContentId': 3338094, 'formattedListingNoteContent': 'Clear view', 'listingNoteTypeId': 3, 'showToBuyer': True, 'hideInMock': False, 'siteAddedListingNote': False, 'aisleListingNoteWithSplit': False, 'listingNoteDescriptionContentId': 3338095, 'formattedListingNoteDescription': ""You'll have an unrestricted view of the show.""}]","[{'listingNoteBucketId': 27, 'formattedListingNoteContent': 'Clear view', 'displayOrder': 8, 'showsRawNoteText': True, 'sourceListingNoteId': -1}]",702759,False,False,Row 7,False,2054215,"¥2,054,215","¥2,054,215",10,Mobile Transfer ticket,3,1,USD,JPY,10750.0,USD,"https://img.vggcdn.net/img/vfsimage2/812551/471_122837/0.jpg?im=Resize=(500,271)&v=771",7 hours ago,7,False,False,False,False,3yLGUqmR43htIwDL%2bDW5HNREqj7lowKSWznmVIIn9zI%3d,False,2026-07-18T01:42:00.1730000Z,False,False,False,False,False,False,0,False,,False,False,False,False,0,False,False,0,13388009537,False,EBB0B6E3-AC64-42F0-91AA-1ADEF36D411E,False,False,True,4,7.341178569721081,1.015593664,,,,,"[{'message': 'Great Value', 'qualifier': 'Based on price, view, seat quality and more', 'hasValue': True, 'messageType': 'ValueBased'}, {'message': 'Popular Pick', 'qualifier': '4 tickets sold for this event', 'hasValue': True, 'messageType': 'BoughtInLastHourSocialProofBased'}]",[],,,,,,,,,,,,,,,,
13388378221,153020449,229,122855,229,2,10,_,,,,False,False,3,,False,False,"[1, 3]",471,Middle,3,True,"[{'listingNoteId': -1, 'listingNoteContentId': 3338094, 'formattedListingNoteContent': 'Clear view', 'listingNoteTypeId': 3, 'showToBuyer': True, 'hideInMock': False, 'siteAddedListingNote': False, 'aisleListingNoteWithSplit': False, 'listingNoteDescriptionContentId': 3338095, 'formattedListingNoteDescription': ""You'll have an unrestricted view of the show.""}]","[{'listingNoteBucketId': 27, 'formattedListingNoteContent': 'Clear view', 'displayOrder': 8, 'showsRawNoteText': True, 'sourceListingNoteId': -1}]",703185,False,False,Row 10,False,2054618,"¥2,054,618","¥2,054,618",10,Mobile Transfer ticket,3,1,USD,JPY,7380.0,USD,"https://img.vggcdn.net/img/vfsimage2/812551/471_122855/0.jpg?im=Resize=(500,271)&v=771",5 hours ago,7,False,False,False,False,m33J8Qnmp%2f3UM0CSyaBT4Oybxk5P%2fK4lXmvX3x9QHAw%3d,False,2026-07-18T03:17:32.5500000Z,False,False,False,True,False,False,0,False,[6],False,False,False,False,0,False,False,0,13388378221,False,B056DC75-5AB7-440E-BC1B-64104B78CE1E,False,False,True,3,6.696946537757556,0.9387479609,,,,,"[{'message': 'Popular Pick', 'qualifier': '4 tickets sold for this event', 'hasValue': True, 'messageType': 'BoughtInLastHourSocialProofBased'}]",[],,,,Last tickets,True,[7],Fan favorite,This section is in the top 10% of sections for this event when ranked based on a count of successful sales over the past 7 days on our site,True,,,,,,,
13373771975,153020449,311,122904,311,2,8,_,,,,False,False,3,,False,False,"[1, 2, 3]",407,Upper,3,True,"[{'listingNoteId': -1, 'listingNoteContentId': 3338094, 'formattedListingNoteContent': 'Clear view', 'listingNoteTypeId': 3, 'showToBuyer': True, 'hideInMock': False, 'siteAddedListingNote': False, 'aisleListingNoteWithSplit': False, 'listingNoteDescriptionContentId': 3338095, 'formattedListingNoteDescription': ""You'll have an unrestricted view of the show.""}]","[{'listingNoteBucketId': 27, 'formattedListingNoteContent': 'Clear view', 'displayOrder': 8, 'showsRawNoteText': True, 'sourceListingNoteId': -1}]",703745,False,False,Row 8,False,2062511,"¥2,062,511","¥2,062,511",10,Mobile Transfer ticket,3,1,GBP,JPY,1111.0,GBP,"https://img.vggcdn.net/img/vfsimage2/812551/407_122904/0.jpg?im=Resize=(500,271)&v=771",yesterday,7,False,False,False,False,Off1xvYGSSszn1SF0Q%2fx%2fTNtTIbi40nW1oyD5yfHa%2bQ%3d,False,2026-07-16T16:11:41.9300000Z,False,False,False,False,False,False,0,False,,False,False,False,False,0,False,False,0,13373771975,False,14EB8C9B-F947-482D-8D7F-9FF4749FD088,False,False,True,3,6.566011032081488,0.9270082586,,,,,"[{'message': 'Popular Pick', 'qualifier': '4 tickets sold for this event', 'hasValue': True, 'messageType': 'BoughtInLastHourSocialProofBased'}]",[],,,,,,,,,,,,,,,,
13388378256,153020449,225A,1530785,225A,2,7,_,,,,False,False,3,,False,False,"[1, 3]",471,Middle,3,True,"[{'listingNoteId': -1, 'listingNoteContentId': 3338094, 'formattedListingNoteContent': 'Clear view', 'listingNoteTypeId': 3, 'showToBuyer': True, 'hideInMock': False, 'siteAddedListingNote': False, 'aisleListingNoteWithSplit': False, 'listingNoteDescriptionContentId': 3338095, 'formattedListingNoteDescription': ""You'll have an unrestricted view of the show.""}]","[{'listingNoteBucketId': 27, 'formattedListingNoteContent': 'Clear view', 'displayOrder': 8, 'showsRawNoteText': True, 'sourceListingNoteId': -1}]",1593620,False,False,Row 7,False,2069988,"¥2,069,988","¥2,069,988",10,Mobile Transfer ticket,3,1,USD,JPY,7380.0,USD,"https://img.vggcdn.net/img/vfsimage2/812551/471_1530785/0.jpg?im=Resize=(500,271)&v=771",5 hours ago,8,False,False,False,False,DVf63xalzgxUj4XWUEDL595%2bdbKyJik3BcLVLA7yE0E%3d,False,2026-07-18T03:17:32.9400000Z,False,False,False,False,False,False,0,False,,False,False,False,False,0,False,False,0,13388378256,False,BFE9264A-9361-43F1-A90B-FA6337ED2076,False,False,True,4,8.255957505858811,1.148351963,,,,,"[{'message': 'Great Value', 'qualifier': 'Based on price, view, seat quality and more', 'hasValue': True, 'messageType': 'ValueBased'}, {'message': 'Popular Pick', 'qualifier': '4 tickets sold for this event', 'hasValue': True, 'messageType': 'BoughtInLastHourSocialProofBased'}]",[],,,,,,,,,,,,,,,,
13131180435,153020449,316,122909,316,2,13,14_14,14,14,14,False,False,1,,False,False,[1],407,Upper,1,True,"[{'listingNoteId': -1, 'listingNoteContentId': 3338094, 'formattedListingNoteContent': 'Clear view', 'listingNoteTypeId': 3, 'showToBuyer': True, 'hideInMock': False, 'siteAddedListingNote': False, 'aisleListingNoteWithSplit': False, 'listingNoteDescriptionContentId': 3338095, 'formattedListingNoteDescription': ""You'll have an unrestricted view of the show.""}]","[{'listingNoteBucketId': 27, 'formattedListingNoteContent': 'Clear view', 'displayOrder': 8, 'showsRawNoteText': True, 'sourceListingNoteId': -1}]",703860,False,False,Row 13,False,2070786,"¥2,070,786","¥2,070,786",10,Mobile Transfer ticket,3,1,USD,JPY,,USD,"https://img.vggcdn.net/img/vfsimage2/812551/407_122909/0.jpg?im=Resize=(500,271)&v=771",23 days ago,5,False,False,False,False,FiR7Dxf%2b9RhaojEg0K8ofMzIOwV%2fl0to%2fB6U1VC02nc%3d,False,2026-06-24T15:01:03.1330000Z,False,False,False,False,False,False,0,False,,False,False,False,False,0,False,False,0,13131180435,False,DFDE7E4D-4938-47A6-987C-24209D8AC38C,False,False,True,3,5.331332095147426,0.8068280863,,,,,"[{'message': 'Popular Pick', 'qualifier': '4 tickets sold for this event', 'hasValue': True, 'messageType': 'BoughtInLastHourSocialProofBased'}]",[],"¥4,170,346",50.0,"¥2,099,560",,,,,,,,,,,,,
13389005105,153020449,225A,1530785,225A,2,4,_,,,,False,False,3,,False,False,"[1, 3]",471,Middle,3,True,"[{'listingNoteId': -1, 'listingNoteContentId': 3338094, 'formattedListingNoteContent': 'Clear view', 'listingNoteTypeId': 3, 'showToBuyer': True, 'hideInMock': False, 'siteAddedListingNote': False, 'aisleListingNoteWithSplit': False, 'listingNoteDescriptionContentId': 3338095, 'formattedListingNoteDescription': ""You'll have an unrestricted view of the show.""}]","[{'listingNoteBucketId': 27, 'formattedListingNoteContent': 'Clear view', 'displayOrder': 8, 'showsRawNoteText': True, 'sourceListingNoteId': -1}]",1593617,False,False,Row 4,False,2075112,"¥2,075,112","¥2,075,112",10,Mobile Transfer ticket,3,1,USD,JPY,7380.0,USD,"https://img.vggcdn.net/img/vfsimage2/812551/471_1530785/0.jpg?im=Resize=(500,271)&v=771",3 hours ago,9,False,False,False,False,uyaKi2uFjRAIwzm7jf9PUCw%2fyMqEnsnhA6ROCxJ1NKU%3d,False,2026-07-18T05:09:24.4570000Z,False,False,False,False,False,False,0,False,,False,False,False,False,0,False,False,0,13389005105,False,337EB4D0-C4B3-4099-9DF7-9DEFD5E36F8B,False,False,True,5,8.89390884865012,1.297047225,,,,,"[{'message': 'Amazing Value', 'qualifier': 'Based on price, view, seat quality and more', 'hasValue': True, 'messageType': 'ValueBased'}, {'message': 'Popular Pick', 'qualifier': '4 tickets sold for this event', 'hasValue': True, 'messageType': 'BoughtInLastHourSocialProofBased'}]",[],,,,,,,,,,,,,,,,
13386456800,153020449,Supporters Club,2439116,Supporters Club,2,6,_,,,,False,False,1,,False,False,[1],1068,Hospitality,1,True,"[{'listingNoteId': 1025, 'listingNoteContentId': 2446491, 'formattedListingNoteContent': 'Includes unlimited food and soft drinks', 'listingNoteTypeId': 3, 'showToBuyer': True, 'hideInMock': False, 'siteAddedListingNote': False, 'aisleListingNoteWithSplit': False, 'listingNoteDescriptionContentId': 2446492, 'formattedListingNoteDescription': 'Includes unlimited food and soft drinks'}, {'listingNoteId': 2344, 'listingNoteContentId': 4216766, 'formattedListingNoteContent': 'Includes Offsite Hospitality', 'listingNoteTypeId': 3, 'showToBuyer': True, 'hideInMock': False, 'siteAddedListingNote': False, 'aisleListingNoteWithSplit': False, 'formattedListingNoteDescription': ''}, {'listingNoteId': -1, 'listingNoteContentId': 3338094, 'formattedListingNoteContent': 'Clear view', 'listingNoteTypeId': 3, 'showToBuyer': True, 'hideInMock': False, 'siteAddedListingNote': False, 'aisleListingNoteWithSplit': False, 'listingNoteDescriptionContentId': 3338095, 'formattedListingNoteDescription': ""You'll have an unrestricted view of the show.""}]","[{'listingNoteBucketId': 7, 'formattedListingNoteContent': 'Food & beverages', 'displayOrder': 7, 'showsRawNoteText': False}, {'listingNoteBucketId': 0, 'formattedListingNoteContent': 'Includes Offsite Hospitality', 'displayOrder': 30, 'showsRawNoteText': True, 'sourceListingNoteId': 2344}, {'listingNoteBucketId': 27, 'formattedListingNoteContent': 'Clear view', 'displayOrder': 8, 'showsRawNoteText': True, 'sourceListingNoteId': -1}]",4837383,False,False,Row 6,True,2097659,"¥2,097,659","¥2,097,659",10,Mobile Transfer ticket,3,1,GBP,JPY,2000.0,GBP,"https://img.vggcdn.net/img/vfsimage2/812551/1068_2439116/0.jpg?im=Resize=(500,271)&v=771",11 hours ago,10,False,False,False,False,o1N5KpHRvJzns8ERB%2fZq4Xbt7f3XMN42e3X%2f60KrTKo%3d,False,2026-07-17T21:46:18.4730000Z,False,False,False,False,False,False,0,False,,False,False,False,False,0,False,False,0,13386456800,False,D98E112A-5E0F-43DC-AE96-46FB95F1C65F,False,False,True,5,9.636379744629966,1.577970786,,,,,"[{'message': 'Amazing Value', 'qualifier': 'Based on price, view, seat quality and more', 'hasValue': True, 'messageType': 'ValueBased'}, {'message': 'Popular Pick', 'qualifier': '4 tickets sold for this event', 'hasValue': True, 'messageType': 'BoughtInLastHourSocialProofBased'}]",[],,,,,,,,,,,,,,,,
13387902394,153020449,204,122837,204,2,11,_,,,,False,False,4,,False,False,"[1, 2, 4]",471,Middle,4,True,"[{'listingNoteId': -1, 'listingNoteContentId': 3338094, 'formattedListingNoteContent': 'Clear view', 'listingNoteTypeId': 3, 'showToBuyer': True, 'hideInMock': False, 'siteAddedListingNote': False, 'aisleListingNoteWithSplit': False, 'listingNoteDescriptionContentId': 3338095, 'formattedListingNoteDescription': ""You'll have an unrestricted view of the show.""}]","[{'listingNoteBucketId': 27, 'formattedListingNoteContent': 'Clear view', 'displayOrder': 8, 'showsRawNoteText': True, 'sourceListingNoteId': -1}]",702763,False,False,Row 11,False,2101977,"¥2,101,977","¥2,101,977",10,Mobile Transfer ticket,3,1,USD,JPY,7380.0,USD,"https://img.vggcdn.net/img/vfsimage2/812551/471_122837/0.jpg?im=Resize=(500,271)&v=771",7 hours ago,6,False,False,False,False,%2blBxrqh3g%2bhH4VtSKTXn66yi1r9gw9qzi4a6QhoyDjw%3d,False,2026-07-18T01:20:31.6400000Z,False,False,False,False,False,False,0,False,,False,False,False,False,0,False,False,0,13387902394,False,5B44FE74-DD27-4C31-B97D-6349DF94774D,False,False,True,3,6.114503048124362,0.8945174088,,,,,"[{'message': 'Popular Pick', 'qualifier': '4 tickets sold for this event', 'hasValue': True, 'messageType': 'BoughtInLastHourSocialProofBased'}]",[],,,,,,,,,,,,,,,,
13386258770,153020449,341,122934,341,2,18,_,,,,False,False,6,,False,False,"[1, 2, 3, 4, 6]",407,Upper,6,True,"[{'listingNoteId': -1, 'listingNoteContentId': 3338094, 'formattedListingNoteContent': 'Clear view', 'listingNoteTypeId': 3, 'showToBuyer': True, 'hideInMock': False, 'siteAddedListingNote': False, 'aisleListingNoteWithSplit': False, 'listingNoteDescriptionContentId': 3338095, 'formattedListingNoteDescription': ""You'll have an unrestricted view of the show.""}]","[{'listingNoteBucketId': 27, 'formattedListingNoteContent': 'Clear view', 'displayOrder': 8, 'showsRawNoteText': True, 'sourceListingNoteId': -1}]",704412,False,False,Row 18,False,2112293,"¥2,112,293","¥2,112,293",10,Mobile Transfer ticket,3,1,USD,JPY,8340.0,USD,"https://img.vggcdn.net/img/vfsimage2/812551/407_122934/0.jpg?im=Resize=(500,271)&v=771",11 hours ago,5,False,False,False,False,qholvpIzA0%2fW3h37PTEp3nXKkn9dBfafvH4zeO7CqGA%3d,False,2026-07-17T21:07:11.2430000Z,False,False,False,False,False,False,0,False,[7],False,False,False,False,0,False,False,0,13386258770,False,36E3E30E-A80F-4C1D-83A7-AAD08C933772,False,False,True,3,5.163631391583459,0.8083873733,,,,,"[{'message': 'Popular Pick', 'qualifier': '4 tickets sold for this event', 'hasValue': True, 'messageType': 'BoughtInLastHourSocialProofBased'}]",[],,,,Last tickets,True,,,,,,,,,,,
13388955631,153020449,319,122912,319,2,1,3_3,,,3,False,False,1,,False,False,[1],478,Loge,1,True,"[{'listingNoteId': 2025, 'listingNoteContentId': 3415843, 'formattedListingNoteContent': 'Front Row of Section', 'listingNoteTypeId': 6, 'showToBuyer': True, 'hideInMock': False, 'siteAddedListingNote': False, 'aisleListingNoteWithSplit': False, 'listingNoteDescriptionContentId': 3415843, 'formattedListingNoteDescription': 'Front Row of Section'}, {'listingNoteId': -1, 'listingNoteContentId': 3338094, 'formattedListingNoteContent': 'Clear view', 'listingNoteTypeId': 3, 'showToBuyer': True, 'hideInMock': False, 'siteAddedListingNote': False, 'aisleListingNoteWithSplit': False, 'listingNoteDescriptionContentId': 3338095, 'formattedListingNoteDescription': ""You'll have an unrestricted view of the show.""}]","[{'listingNoteBucketId': 14, 'formattedListingNoteContent': 'Front Row of Section', 'displayOrder': 14, 'showsRawNoteText': True, 'sourceListingNoteId': 2025}, {'listingNoteBucketId': 27, 'formattedListingNoteContent': 'Clear view', 'displayOrder': 8, 'showsRawNoteText': True, 'sourceListingNoteId': -1}]",1591109,False,False,Row 1,False,2142936,"¥2,142,936","¥2,142,936",10,Mobile Transfer ticket,3,14,USD,JPY,0.0,USD,"https://img.vggcdn.net/img/vfsimage2/812551/478_122912/0.jpg?im=Resize=(500,271)&v=771",4 hours ago,7,False,False,False,False,zkIyVyw03zOXLP42oU8dQueDywfNr%2bVsOG3mlHJxeq0%3d,False,2026-07-18T05:03:44.6170000Z,False,False,False,False,False,False,0,False,,False,False,False,False,0,False,False,0,13388955631,False,82F4C944-59D8-4B2E-BA47-2CC17E838392,False,False,True,3,6.786995672369365,0.9903846434,,,,,"[{'message': 'Popular Pick', 'qualifier': '4 tickets sold for this event', 'hasValue': True, 'messageType': 'BoughtInLastHourSocialProofBased'}, {'message': 'Front Row', 'qualifier': 'Best seats in the house', 'hasValue': True, 'messageType': 'FirstRowTicketAttributeBased'}]",[2025],,,,,,,,,,,,,,,,
13388733832,153020449,205A,1530775,205A,2,3,3_3,3,3,3,False,False,1,,False,False,[1],471,Middle,1,True,"[{'listingNoteId': 2027, 'listingNoteContentId': 3415845, 'formattedListingNoteContent': 'Third Row of Section', 'listingNoteTypeId': 6, 'showToBuyer': True, 'hideInMock': False, 'siteAddedListingNote': False, 'aisleListingNoteWithSplit': False, 'listingNoteDescriptionContentId': 3415845, 'formattedListingNoteDescription': 'Third Row of Section'}, {'listingNoteId': -1, 'listingNoteContentId': 3338094, 'formattedListingNoteContent': 'Clear view', 'listingNoteTypeId': 3, 'showToBuyer': True, 'hideInMock': False, 'siteAddedListingNote': False, 'aisleListingNoteWithSplit': False, 'listingNoteDescriptionContentId': 3338095, 'formattedListingNoteDescription': ""You'll have an unrestricted view of the show.""}]","[{'listingNoteBucketId': 14, 'formattedListingNoteContent': 'Third Row of Section', 'displayOrder': 14, 'showsRawNoteText': True, 'sourceListingNoteId': 2027}, {'listingNoteBucketId': 27, 'formattedListingNoteContent': 'Clear view', 'displayOrder': 8, 'showsRawNoteText': True, 'sourceListingNoteId': -1}]",1593534,False,False,Row 3,False,2144476,"¥2,144,476","¥2,144,476",10,Mobile Transfer ticket,3,1,USD,JPY,7630.0,USD,"https://img.vggcdn.net/img/vfsimage2/812551/471_1530775/0.jpg?im=Resize=(500,271)&v=771",4 hours ago,8,False,False,False,False,oBHH45jmBw3j64cRo20WiLewpAQ841HzhNQ1CGSVZ7E%3d,False,2026-07-18T04:33:03.0530000Z,False,False,False,False,False,False,0,False,,False,False,False,False,0,False,False,0,13388733832,False,8F4F2996-8EE2-409B-9D77-AFD3DA91A891,False,False,True,4,7.983961642152091,1.148005168,,,,,"[{'message': 'Great Value', 'qualifier': 'Based on price, view, seat quality and more', 'hasValue': True, 'messageType': 'ValueBased'}, {'message': 'Popular Pick', 'qualifier': '4 tickets sold for this event', 'hasValue': True, 'messageType': 'BoughtInLastHourSocialProofBased'}, {'message': 'Third Row', 'qualifier': 'Excellent proximity to the action', 'hasValue': True, 'messageType': 'ThirdRowTicketAttributeBased'}]",[2027],"¥2,843,403",25.0,"¥698,927",,,,,,,,,,,,,
13388321729,153020449,205A,1530775,205A,2,2,_,,,,False,False,4,,False,False,"[1, 2, 4]",471,Middle,4,True,"[{'listingNoteId': 810, 'listingNoteContentId': 2446052, 'formattedListingNoteContent': 'Actual 2nd row of section', 'listingNoteTypeId': 3, 'showToBuyer': True, 'hideInMock': False, 'siteAddedListingNote': False, 'aisleListingNoteWithSplit': False, 'listingNoteDescriptionContentId': 2446053, 'formattedListingNoteDescription': 'Actual 2nd row of section'}, {'listingNoteId': -1, 'listingNoteContentId': 3338094, 'formattedListingNoteContent': 'Clear view', 'listingNoteTypeId': 3, 'showToBuyer': True, 'hideInMock': False, 'siteAddedListingNote': False, 'aisleListingNoteWithSplit': False, 'listingNoteDescriptionContentId': 3338095, 'formattedListingNoteDescription': ""You'll have an unrestricted view of the show.""}]","[{'listingNoteBucketId': 14, 'formattedListingNoteContent': 'Actual 2nd row of section', 'displayOrder': 14, 'showsRawNoteText': True, 'sourceListingNoteId': 810}, {'listingNoteBucketId': 27, 'formattedListingNoteContent': 'Clear view', 'displayOrder': 8, 'showsRawNoteText': True, 'sourceListingNoteId': -1}]",1593533,False,False,Row 2,False,2144866,"¥2,144,866","¥2,144,866",10,Mobile Transfer ticket,3,1,USD,JPY,7380.0,USD,"https://img.vggcdn.net/img/vfsimage2/812551/471_1530775/0.jpg?im=Resize=(500,271)&v=771",6 hours ago,8,False,False,False,False,VNmzPi8XmJ5RZpmv24M1jHKfH%2bXSEBPR8xYH6UuSN18%3d,False,2026-07-18T03:03:41.5300000Z,False,False,False,False,False,False,0,False,,False,False,False,False,0,False,False,0,13388321729,False,E01C8405-F57E-416F-B208-820727938F0A,False,False,True,4,8.28813469990536,1.195032793,,,,,"[{'message': 'Great Value', 'qualifier': 'Based on price, view, seat quality and more', 'hasValue': True, 'messageType': 'ValueBased'}, {'message': 'Hidden gem', 'qualifier': ""Fans haven't spotted this one yet"", 'hasValue': True, 'messageType': 'HiddenGem'}, {'message': 'Second Row', 'qualifier': 'Premium close-up view', 'hasValue': True, 'messageType': 'SecondRowTicketAttributeBased'}]",[810],,,,,,,,,,,,,,,,
13354520864,153020449,347,122940,347,2,16,5_7,,,5,False,False,3,,False,False,"[1, 2, 3]",407,Upper,3,True,"[{'listingNoteId': -1, 'listingNoteContentId': 3338094, 'formattedListingNoteContent': 'Clear view', 'listingNoteTypeId': 3, 'showToBuyer': True, 'hideInMock': False, 'siteAddedListingNote': False, 'aisleListingNoteWithSplit': False, 'listingNoteDescriptionContentId': 3338095, 'formattedListingNoteDescription': ""You'll have an unrestricted view of the show.""}]","[{'listingNoteBucketId': 27, 'formattedListingNoteContent': 'Clear view', 'displayOrder': 8, 'showsRawNoteText': True, 'sourceListingNoteId': -1}]",2113976,False,False,Row 16,False,2157935,"¥2,157,935","¥2,157,935",10,Mobile Transfer ticket,3,1,EUR,JPY,5059.0,EUR,"https://img.vggcdn.net/img/vfsimage2/812551/407_122940/0.jpg?im=Resize=(500,271)&v=771",3 days ago,5,False,False,False,False,PKB1Vpvak4jBcC%2boMr7S1Ss%2bwfd9r8vBN3ErjH1YiCo%3d,False,2026-07-15T00:57:58.7930000Z,False,False,False,False,False,False,0,False,,False,False,False,False,0,False,False,0,13354520864,False,986D2D90-BE8C-45B4-9515-E3A4519835CF,False,False,True,2,4.555226813775057,0.7558231346,,,,,"[{'message': 'Popular Pick', 'qualifier': '4 tickets sold for this event', 'hasValue': True, 'messageType': 'BoughtInLastHourSocialProofBased'}]",[],,,,,,,,,,,,,,,,
13385101871,153020449,221A,1530781,221A,2,11,_,,,,False,False,3,,False,False,"[1, 3]",471,Middle,3,True,"[{'listingNoteId': -1, 'listingNoteContentId': 3338094, 'formattedListingNoteContent': 'Clear view', 'listingNoteTypeId': 3, 'showToBuyer': True, 'hideInMock': False, 'siteAddedListingNote': False, 'aisleListingNoteWithSplit': False, 'listingNoteDescriptionContentId': 3338095, 'formattedListingNoteDescription': ""You'll have an unrestricted view of the show.""}]","[{'listingNoteBucketId': 27, 'formattedListingNoteContent': 'Clear view', 'displayOrder': 8, 'showsRawNoteText': True, 'sourceListingNoteId': -1}]",1593585,False,False,Row 11,False,2163452,"¥2,163,452","¥2,163,452",10,Mobile Transfer ticket,3,1,GBP,JPY,8000.0,GBP,"https://img.vggcdn.net/img/vfsimage2/812551/471_1530781/0.jpg?im=Resize=(500,271)&v=771",14 hours ago,6,False,False,False,False,tmZUaTnVJyWcGWEgMA0DOem1uoRxR%2fSa%2bQzOolB2CKM%3d,False,2026-07-17T18:43:25.3670000Z,False,False,False,False,False,False,0,False,[7],False,False,False,False,0,False,False,0,13385101871,False,8881B2A5-FEE0-4ACE-BC49-8C2FE967A9A2,False,False,True,3,5.965763501353798,0.9048350685,,,,,"[{'message': 'Popular Pick', 'qualifier': '4 tickets sold for this event', 'hasValue': True, 'messageType': 'BoughtInLastHourSocialProofBased'}]",[],"¥3,113,155",31.0,"¥949,703",Last tickets,True,,,,,,,,,,,
13388469612,153020449,101,122782,101,2,17,2_2,2,2,2,False,False,1,,False,False,[1],594,Lower,1,True,"[{'listingNoteId': -1, 'listingNoteContentId': 3338094, 'formattedListingNoteContent': 'Clear view', 'listingNoteTypeId': 3, 'showToBuyer': True, 'hideInMock': False, 'siteAddedListingNote': False, 'aisleListingNoteWithSplit': False, 'listingNoteDescriptionContentId': 3338095, 'formattedListingNoteDescription': ""You'll have an unrestricted view of the show.""}]","[{'listingNoteBucketId': 27, 'formattedListingNoteContent': 'Clear view', 'displayOrder': 8, 'showsRawNoteText': True, 'sourceListingNoteId': -1}]",2112071,False,False,Row 17,False,2181321,"¥2,181,321","¥2,181,321",10,Mobile Transfer ticket,3,1,USD,JPY,,USD,"https://img.vggcdn.net/img/vfsimage2/812551/594_122782/0.jpg?im=Resize=(500,271)&v=771",5 hours ago,9,False,False,False,False,sB%2f1%2ffajjJOB07%2bGpg7%2f1fZEIXe%2fHG96lvXYGzbtTbA%3d,False,2026-07-18T03:45:19.0200000Z,False,False,False,False,False,False,0,False,,False,False,False,False,0,False,False,0,13388469612,False,6DEAA2FD-7E60-4F9D-8915-716A49C7913F,False,False,True,5,8.968582225546246,1.387036462,,,,,"[{'message': 'Amazing Value', 'qualifier': 'Based on price, view, seat quality and more', 'hasValue': True, 'messageType': 'ValueBased'}, {'message': 'Popular Pick', 'qualifier': '4 tickets sold for this event', 'hasValue': True, 'messageType': 'BoughtInLastHourSocialProofBased'}]",[],,,,,,,,,,,,,,,,
13388710306,153020449,101,122782,101,2,15,19_19,19,19,19,False,False,1,,False,False,[1],594,Lower,1,True,"[{'listingNoteId': 1706, 'listingNoteContentId': 2731454, 'formattedListingNoteContent': 'Standing 16+', 'listingNoteTypeId': 2, 'showToBuyer': True, 'hideInMock': False, 'siteAddedListingNote': False, 'aisleListingNoteWithSplit': False, 'listingNoteDescriptionContentId': 2731455, 'formattedListingNoteDescription': 'Must be over 16 to be in standing area'}, {'listingNoteId': -1, 'listingNoteContentId': 3338094, 'formattedListingNoteContent': 'Clear view', 'listingNoteTypeId': 3, 'showToBuyer': True, 'hideInMock': False, 'siteAddedListingNote': False, 'aisleListingNoteWithSplit': False, 'listingNoteDescriptionContentId': 3338095, 'formattedListingNoteDescription': ""You'll have an unrestricted view of the show.""}]","[{'listingNoteBucketId': 24, 'formattedListingNoteContent': 'Standing 16+', 'displayOrder': 24, 'showsRawNoteText': True, 'sourceListingNoteId': 1706}, {'listingNoteBucketId': 27, 'formattedListingNoteContent': 'Clear view', 'displayOrder': 8, 'showsRawNoteText': True, 'sourceListingNoteId': -1}]",2112069,False,False,Row 15,False,2189216,"¥2,189,216","¥2,189,216",10,Mobile Transfer ticket,3,1,USD,JPY,10990.0,USD,"https://img.vggcdn.net/img/vfsimage2/812551/594_122782/0.jpg?im=Resize=(500,271)&v=771",4 hours ago,9,False,False,False,False,Yd%2fglyEviL67%2fan85iD4oLU7O3cNptoq1irhF%2bljN5k%3d,False,2026-07-18T04:29:36.5570000Z,False,False,False,False,False,False,0,False,,False,False,False,False,0,False,False,0,13388710306,False,9053476B-A9F4-4CF2-931D-49E1034A69BF,False,False,True,5,9.071660702927037,1.426116576,,,,,"[{'message': 'Amazing Value', 'qualifier': 'Based on price, view, seat quality and more', 'hasValue': True, 'messageType': 'ValueBased'}, {'message': 'Popular Pick', 'qualifier': '4 tickets sold for this event', 'hasValue': True, 'messageType': 'BoughtInLastHourSocialProofBased'}]",[],,,,,,,,,,,,,,,,
13378238832,153020449,103,122783,103,2,41,18_18,18,18,18,False,False,1,,False,False,[1],594,Lower,1,True,"[{'listingNoteId': -1, 'listingNoteContentId': 3338094, 'formattedListingNoteContent': 'Clear view', 'listingNoteTypeId': 3, 'showToBuyer': True, 'hideInMock': False, 'siteAddedListingNote': False, 'aisleListingNoteWithSplit': False, 'listingNoteDescriptionContentId': 3338095, 'formattedListingNoteDescription': ""You'll have an unrestricted view of the show.""}]","[{'listingNoteBucketId': 27, 'formattedListingNoteContent': 'Clear view', 'displayOrder': 8, 'showsRawNoteText': True, 'sourceListingNoteId': -1}]",2112145,False,False,Row 41,False,2195155,"¥2,195,155","¥2,195,155",10,Mobile Transfer ticket,3,1,MXN,JPY,205510.0,MXN,"https://img.vggcdn.net/img/vfsimage2/812551/594_122783/0.jpg?im=Resize=(500,271)&v=771",yesterday,6,False,False,False,False,qI9zRs1G2UL0CRuZv6IU6ftwvwU69XdCa7BD2YaRIvo%3d,False,2026-07-17T00:41:35.0770000Z,False,False,False,True,False,False,0,False,[6],False,False,False,False,0,False,False,0,13378238832,False,CFBB49EF-D6B5-45B7-9ED5-FEA47FA3FEC5,False,False,True,3,6.460624432493751,0.9738733428,,,,,"[{'message': 'Popular Pick', 'qualifier': '4 tickets sold for this event', 'hasValue': True, 'messageType': 'BoughtInLastHourSocialProofBased'}]",[],,,,,,,Fan favorite,This section is in the top 10% of sections for this event when ranked based on a count of successful sales over the past 7 days on our site,True,,,,,,,
13387134048,153020449,Category 1,1989399,Category 1,3,,_,,,,False,False,1,,False,False,[1],1245,Category 1,1,True,"[{'listingNoteId': -1, 'listingNoteContentId': 3338094, 'formattedListingNoteContent': 'Clear view', 'listingNoteTypeId': 3, 'showToBuyer': True, 'hideInMock': False, 'siteAddedListingNote': False, 'aisleListingNoteWithSplit': False, 'listingNoteDescriptionContentId': 3338095, 'formattedListingNoteDescription': ""You'll have an unrestricted view of the show.""}]","[{'listingNoteBucketId': 27, 'formattedListingNoteContent': 'Clear view', 'displayOrder': 8, 'showsRawNoteText': True, 'sourceListingNoteId': -1}]",3325458,False,False,Row,True,2197975,"¥2,197,975","¥2,197,975",10,Mobile Transfer ticket,3,1,EUR,JPY,5827.0,EUR,"https://img.vggcdn.net/img/vfsimage2/812551/1245_1989399/0.jpg?im=Resize=(500,271)&v=771",9 hours ago,8,False,False,True,False,MfBqly753I1gWJ%2fwGgAI09MkG0bngK0SfMew7IRRk1g%3d,False,2026-07-17T23:10:37.3770000Z,False,False,False,False,False,False,0,False,[7],False,False,False,False,0,False,False,0,13387134048,False,A238C5BF-A515-45E8-A5E9-6D8E5A65968C,False,False,True,4,8.37727419500343,1.2394394,,,,,"[{'message': 'Great Value', 'qualifier': 'Based on price, view, seat quality and more', 'hasValue': True, 'messageType': 'ValueBased'}, {'message': 'Popular Pick', 'qualifier': '4 tickets sold for this event', 'hasValue': True, 'messageType': 'BoughtInLastHourSocialProofBased'}]",[],"¥2,819,109",22.0,"¥621,134",Last ticket,True,,,,,,,,,,,
13354336552,153020449,316,122909,316,2,11,_,,,,False,False,4,,False,False,"[1, 2, 4]",407,Upper,4,True,"[{'listingNoteId': -1, 'listingNoteContentId': 3338094, 'formattedListingNoteContent': 'Clear view', 'listingNoteTypeId': 3, 'showToBuyer': True, 'hideInMock': False, 'siteAddedListingNote': False, 'aisleListingNoteWithSplit': False, 'listingNoteDescriptionContentId': 3338095, 'formattedListingNoteDescription': ""You'll have an unrestricted view of the show.""}]","[{'listingNoteBucketId': 27, 'formattedListingNoteContent': 'Clear view', 'displayOrder': 8, 'showsRawNoteText': True, 'sourceListingNoteId': -1}]",703858,False,False,Row 11,False,2214122,"¥2,214,122","¥2,214,122",10,Mobile Transfer ticket,3,1,USD,JPY,7380.0,USD,"https://img.vggcdn.net/img/vfsimage2/812551/407_122909/0.jpg?im=Resize=(500,271)&v=771",3 days ago,5,False,False,False,False,2ehKFVWZUwEhhDRzB4C%2fCjPO5qEgQsIuazHfATOZWtc%3d,False,2026-07-15T00:36:36.5770000Z,False,False,False,False,False,False,0,False,,False,False,False,False,0,False,False,0,13354336552,False,A418D5CC-4A68-472C-AE21-70C5EA17C42A,False,False,True,3,5.121900335523385,0.8436374913,,,,,"[{'message': 'Popular Pick', 'qualifier': '4 tickets sold for this event', 'hasValue': True, 'messageType': 'BoughtInLastHourSocialProofBased'}]",[],,,,,,,,,,,,,,,,
13364211724,153020449,318,122911,318,2,5,16_16,16,16,16,False,False,1,,False,False,[1],407,Upper,1,True,"[{'listingNoteId': -1, 'listingNoteContentId': 3338094, 'formattedListingNoteContent': 'Clear view', 'listingNoteTypeId': 3, 'showToBuyer': True, 'hideInMock': False, 'siteAddedListingNote': False, 'aisleListingNoteWithSplit': False, 'listingNoteDescriptionContentId': 3338095, 'formattedListingNoteDescription': ""You'll have an unrestricted view of the show.""}]","[{'listingNoteBucketId': 27, 'formattedListingNoteContent': 'Clear view', 'displayOrder': 8, 'showsRawNoteText': True, 'sourceListingNoteId': -1}]",703896,False,False,Row 5,False,2228108,"¥2,228,108","¥2,228,108",10,Mobile Transfer ticket,3,1,USD,JPY,,USD,"https://img.vggcdn.net/img/vfsimage2/812551/407_122911/0.jpg?im=Resize=(500,271)&v=771",2 days ago,6,False,False,False,False,ILFzjXElhDdaRPjqrdnoZ7jzkh74MOvwiCJAfRTkTPc%3d,False,2026-07-15T21:27:47.2830000Z,False,False,False,False,False,False,0,False,[7],False,False,False,False,0,False,False,0,13364211724,False,02BF65E8-6C46-4653-A44A-CD423C0EE09C,False,False,True,3,6.251672145107484,0.9637732843,,,,,"[{'message': 'Popular Pick', 'qualifier': '4 tickets sold for this event', 'hasValue': True, 'messageType': 'BoughtInLastHourSocialProofBased'}]",[],,,,Last ticket,True,,,,,,,,,,,
13387080696,153020449,128,122798,128,2,21,_,,,,False,False,1,,False,False,[1],594,Lower,1,True,"[{'listingNoteId': -1, 'listingNoteContentId': 3338094, 'formattedListingNoteContent': 'Clear view', 'listingNoteTypeId': 3, 'showToBuyer': True, 'hideInMock': False, 'siteAddedListingNote': False, 'aisleListingNoteWithSplit': False, 'listingNoteDescriptionContentId': 3338095, 'formattedListingNoteDescription': ""You'll have an unrestricted view of the show.""}]","[{'listingNoteBucketId': 27, 'formattedListingNoteContent': 'Clear view', 'displayOrder': 8, 'showsRawNoteText': True, 'sourceListingNoteId': -1}]",2112826,False,False,Row 21,False,2230626,"¥2,230,626","¥2,230,626",10,Mobile Transfer ticket,3,1,EUR,JPY,10990.0,EUR,"https://img.vggcdn.net/img/vfsimage2/812551/594_122798/0.jpg?im=Resize=(500,271)&v=771",10 hours ago,9,False,False,False,False,Hg4qpTIcktleXtIiMQBbIt%2f8lBDzS6WTownI5T1umRk%3d,False,2026-07-17T23:05:59.8100000Z,False,False,False,False,False,False,0,False,[7],False,False,False,False,0,False,False,0,13387080696,False,6BCD9762-2152-45F2-870F-54666DDD2D5B,False,False,True,5,9.025212297084982,1.437252908,,,,,"[{'message': 'Amazing Value', 'qualifier': 'Based on price, view, seat quality and more', 'hasValue': True, 'messageType': 'ValueBased'}, {'message': 'Popular Pick', 'qualifier': '4 tickets sold for this event', 'hasValue': True, 'messageType': 'BoughtInLastHourSocialProofBased'}]",[],,,,Last ticket,True,,,,,,,,,,,
13388880111,153020449,126,122797,126,2,29,_,,,,False,False,4,,False,False,"[1, 2, 3, 4]",594,Lower,4,True,"[{'listingNoteId': -1, 'listingNoteContentId': 3338094, 'formattedListingNoteContent': 'Clear view', 'listingNoteTypeId': 3, 'showToBuyer': True, 'hideInMock': False, 'siteAddedListingNote': False, 'aisleListingNoteWithSplit': False, 'listingNoteDescriptionContentId': 3338095, 'formattedListingNoteDescription': ""You'll have an unrestricted view of the show.""}]","[{'listingNoteBucketId': 27, 'formattedListingNoteContent': 'Clear view', 'displayOrder': 8, 'showsRawNoteText': True, 'sourceListingNoteId': -1}]",2112786,False,False,Row 29,False,2230626,"¥2,230,626","¥2,230,626",10,Mobile Transfer ticket,3,1,EUR,JPY,10990.0,EUR,"https://img.vggcdn.net/img/vfsimage2/812551/594_122797/0.jpg?im=Resize=(500,271)&v=771",4 hours ago,9,False,False,False,False,Hg4qpTIcktleXtIiMQBbIt%2f8lBDzS6WTownI5T1umRk%3d,False,2026-07-18T04:51:47.6800000Z,False,False,False,False,False,False,0,False,,False,False,False,False,0,False,False,0,13388880111,False,F1A7C7B6-06DF-4ECA-9FFF-1DE45EA8C364,False,False,True,5,8.564558261783231,1.296988872,,,,,"[{'message': 'Amazing Value', 'qualifier': 'Based on price, view, seat quality and more', 'hasValue': True, 'messageType': 'ValueBased'}, {'message': 'Popular Pick', 'qualifier': '4 tickets sold for this event', 'hasValue': True, 'messageType': 'BoughtInLastHourSocialProofBased'}]",[],"¥2,849,029",22.0,"¥618,403",,,,,,,,,,,,,
13387977980,153020449,126,122797,126,2,32,_,,,,False,False,4,,False,False,"[1, 2, 3, 4]",594,Lower,4,True,"[{'listingNoteId': -1, 'listingNoteContentId': 3338094, 'formattedListingNoteContent': 'Clear view', 'listingNoteTypeId': 3, 'showToBuyer': True, 'hideInMock': False, 'siteAddedListingNote': False, 'aisleListingNoteWithSplit': False, 'listingNoteDescriptionContentId': 3338095, 'formattedListingNoteDescription': ""You'll have an unrestricted view of the show.""}]","[{'listingNoteBucketId': 27, 'formattedListingNoteContent': 'Clear view', 'displayOrder': 8, 'showsRawNoteText': True, 'sourceListingNoteId': -1}]",2112790,False,False,Row 32,False,2230626,"¥2,230,626","¥2,230,626",10,Mobile Transfer ticket,3,1,EUR,JPY,10990.0,EUR,"https://img.vggcdn.net/img/vfsimage2/812551/594_122797/0.jpg?im=Resize=(500,271)&v=771",7 hours ago,8,False,False,False,False,Hg4qpTIcktleXtIiMQBbIt%2f8lBDzS6WTownI5T1umRk%3d,False,2026-07-18T01:35:01.0630000Z,False,False,False,False,False,False,0,False,,False,False,False,False,0,False,False,0,13387977980,False,39258650-70C4-439E-AC39-4CBB24EFDA1E,False,False,True,4,8.315515648039504,1.247404249,,,,,"[{'message': 'Great Value', 'qualifier': 'Based on price, view, seat quality and more', 'hasValue': True, 'messageType': 'ValueBased'}, {'message': 'Popular Pick', 'qualifier': '4 tickets sold for this event', 'hasValue': True, 'messageType': 'BoughtInLastHourSocialProofBased'}]",[],"¥2,849,029",22.0,"¥618,403",,,,,,,,,,,,,
13388880115,153020449,126,122797,126,2,37,_,,,,False,False,4,,False,False,"[1, 2, 3, 4]",594,Lower,4,True,"[{'listingNoteId': -1, 'listingNoteContentId': 3338094, 'formattedListingNoteContent': 'Clear view', 'listingNoteTypeId': 3, 'showToBuyer': True, 'hideInMock': False, 'siteAddedListingNote': False, 'aisleListingNoteWithSplit': False, 'listingNoteDescriptionContentId': 3338095, 'formattedListingNoteDescription': ""You'll have an unrestricted view of the show.""}]","[{'listingNoteBucketId': 27, 'formattedListingNoteContent': 'Clear view', 'displayOrder': 8, 'showsRawNoteText': True, 'sourceListingNoteId': -1}]",2112795,False,False,Row 37,False,2230626,"¥2,230,626","¥2,230,626",10,Mobile Transfer ticket,3,1,EUR,JPY,10990.0,EUR,"https://img.vggcdn.net/img/vfsimage2/812551/594_122797/0.jpg?im=Resize=(500,271)&v=771",4 hours ago,8,False,False,False,False,Hg4qpTIcktleXtIiMQBbIt%2f8lBDzS6WTownI5T1umRk%3d,False,2026-07-18T04:51:47.6900000Z,False,False,False,False,False,False,0,False,,False,False,False,False,0,False,False,0,13388880115,False,6C87BF1C-C6E1-427D-B9D6-32D6FDC671F0,False,False,True,4,7.8147344495305,1.168661515,,,,,"[{'message': 'Great Value', 'qualifier': 'Based on price, view, seat quality and more', 'hasValue': True, 'messageType': 'ValueBased'}, {'message': 'Popular Pick', 'qualifier': '4 tickets sold for this event', 'hasValue': True, 'messageType': 'BoughtInLastHourSocialProofBased'}]",[],"¥2,849,029",22.0,"¥618,403",,,,,,,,,,,,,
13388880117,153020449,126,122797,126,2,42,_,,,,False,False,4,,False,False,"[1, 2, 3, 4]",594,Lower,4,True,"[{'listingNoteId': -1, 'listingNoteContentId': 3338094, 'formattedListingNoteContent': 'Clear view', 'listingNoteTypeId': 3, 'showToBuyer': True, 'hideInMock': False, 'siteAddedListingNote': False, 'aisleListingNoteWithSplit': False, 'listingNoteDescriptionContentId': 3338095, 'formattedListingNoteDescription': ""You'll have an unrestricted view of the show.""}]","[{'listingNoteBucketId': 27, 'formattedListingNoteContent': 'Clear view', 'displayOrder': 8, 'showsRawNoteText': True, 'sourceListingNoteId': -1}]",2112801,False,False,Row 42,False,2230626,"¥2,230,626","¥2,230,626",10,Mobile Transfer ticket,3,1,EUR,JPY,10990.0,EUR,"https://img.vggcdn.net/img/vfsimage2/812551/594_122797/0.jpg?im=Resize=(500,271)&v=771",4 hours ago,7,False,False,False,False,Hg4qpTIcktleXtIiMQBbIt%2f8lBDzS6WTownI5T1umRk%3d,False,2026-07-18T04:51:47.6930000Z,False,False,False,False,False,False,0,False,,False,False,False,False,0,False,False,0,13388880117,False,013788B4-46A8-4900-B26D-A825D0AB3B68,False,False,True,4,7.277532328174341,1.094543145,,,,,"[{'message': 'Great Value', 'qualifier': 'Based on price, view, seat quality and more', 'hasValue': True, 'messageType': 'ValueBased'}, {'message': 'Popular Pick', 'qualifier': '4 tickets sold for this event', 'hasValue': True, 'messageType': 'BoughtInLastHourSocialProofBased'}]",[],"¥2,849,029",22.0,"¥618,403",,,,,,,,,,,,,
13388880116,153020449,126,122797,126,2,43,_,,,,False,False,4,,False,False,"[1, 2, 3, 4]",594,Lower,4,True,"[{'listingNoteId': -1, 'listingNoteContentId': 3338094, 'formattedListingNoteContent': 'Clear view', 'listingNoteTypeId': 3, 'showToBuyer': True, 'hideInMock': False, 'siteAddedListingNote': False, 'aisleListingNoteWithSplit': False, 'listingNoteDescriptionContentId': 3338095, 'formattedListingNoteDescription': ""You'll have an unrestricted view of the show.""}]","[{'listingNoteBucketId': 27, 'formattedListingNoteContent': 'Clear view', 'displayOrder': 8, 'showsRawNoteText': True, 'sourceListingNoteId': -1}]",2112802,False,False,Row 43,False,2230626,"¥2,230,626","¥2,230,626",10,Mobile Transfer ticket,3,1,EUR,JPY,10990.0,EUR,"https://img.vggcdn.net/img/vfsimage2/812551/594_122797/0.jpg?im=Resize=(500,271)&v=771",4 hours ago,7,False,False,False,False,Hg4qpTIcktleXtIiMQBbIt%2f8lBDzS6WTownI5T1umRk%3d,False,2026-07-18T04:51:47.6900000Z,False,False,False,False,False,False,0,False,,False,False,False,False,0,False,False,0,13388880116,False,F2048BE2-3A91-4CB2-9012-D80A7FCCD6C9,False,False,True,4,7.165460181201745,1.080250209,,,,,"[{'message': 'Great Value', 'qualifier': 'Based on price, view, seat quality and more', 'hasValue': True, 'messageType': 'ValueBased'}, {'message': 'Popular Pick', 'qualifier': '4 tickets sold for this event', 'hasValue': True, 'messageType': 'BoughtInLastHourSocialProofBased'}]",[],"¥2,849,029",22.0,"¥618,403",,,,,,,,,,,,,
13388880120,153020449,126,122797,126,2,45,_,,,,False,False,4,,False,False,"[1, 2, 3, 4]",594,Lower,4,True,"[{'listingNoteId': -1, 'listingNoteContentId': 3338094, 'formattedListingNoteContent': 'Clear view', 'listingNoteTypeId': 3, 'showToBuyer': True, 'hideInMock': False, 'siteAddedListingNote': False, 'aisleListingNoteWithSplit': False, 'listingNoteDescriptionContentId': 3338095, 'formattedListingNoteDescription': ""You'll have an unrestricted view of the show.""}]","[{'listingNoteBucketId': 27, 'formattedListingNoteContent': 'Clear view', 'displayOrder': 8, 'showsRawNoteText': True, 'sourceListingNoteId': -1}]",2112804,False,False,Row 45,False,2230626,"¥2,230,626","¥2,230,626",10,Mobile Transfer ticket,3,1,EUR,JPY,10990.0,EUR,"https://img.vggcdn.net/img/vfsimage2/812551/594_122797/0.jpg?im=Resize=(500,271)&v=771",4 hours ago,7,False,False,False,False,Hg4qpTIcktleXtIiMQBbIt%2f8lBDzS6WTownI5T1umRk%3d,False,2026-07-18T04:51:47.7200000Z,False,False,False,False,False,False,0,False,,False,False,False,False,0,False,False,0,13388880120,False,A4B4BE90-48B0-4612-AE1A-2A5A42183672,False,False,True,3,6.944968229923475,1.052178167,,,,,"[{'message': 'Popular Pick', 'qualifier': '4 tickets sold for this event', 'hasValue': True, 'messageType': 'BoughtInLastHourSocialProofBased'}]",[],"¥2,849,029",22.0,"¥618,403",,,,,,,,,,,,,
13388880118,153020449,126,122797,126,2,46,_,,,,False,False,4,,False,False,"[1, 2, 3, 4]",594,Lower,4,True,"[{'listingNoteId': -1, 'listingNoteContentId': 3338094, 'formattedListingNoteContent': 'Clear view', 'listingNoteTypeId': 3, 'showToBuyer': True, 'hideInMock': False, 'siteAddedListingNote': False, 'aisleListingNoteWithSplit': False, 'listingNoteDescriptionContentId': 3338095, 'formattedListingNoteDescription': ""You'll have an unrestricted view of the show.""}]","[{'listingNoteBucketId': 27, 'formattedListingNoteContent': 'Clear view', 'displayOrder': 8, 'showsRawNoteText': True, 'sourceListingNoteId': -1}]",2112805,False,False,Row 46,False,2230626,"¥2,230,626","¥2,230,626",10,Mobile Transfer ticket,3,1,EUR,JPY,10990.0,EUR,"https://img.vggcdn.net/img/vfsimage2/812551/594_122797/0.jpg?im=Resize=(500,271)&v=771",4 hours ago,7,False,False,False,False,Hg4qpTIcktleXtIiMQBbIt%2f8lBDzS6WTownI5T1umRk%3d,False,2026-07-18T04:51:47.7030000Z,False,False,False,False,False,False,0,False,,False,False,False,False,0,False,False,0,13388880118,False,66C49DD0-2787-492A-8006-3B9BB4E5C779,False,False,True,3,6.843277144246544,1.038394948,,,,,"[{'message': 'Popular Pick', 'qualifier': '4 tickets sold for this event', 'hasValue': True, 'messageType': 'BoughtInLastHourSocialProofBased'}]",[],"¥2,849,029",22.0,"¥618,403",,,,,,,,,,,,,
13375642950,153020449,Argentina Supporters,2449432,Argentina Supporters,3,,_,,,,False,False,2,,False,False,"[1, 2]",36868,Argentina Supporters,2,True,"[{'listingNoteId': -1, 'listingNoteContentId': 3338094, 'formattedListingNoteContent': 'Clear view', 'listingNoteTypeId': 3, 'showToBuyer': True, 'hideInMock': False, 'siteAddedListingNote': False, 'aisleListingNoteWithSplit': False, 'listingNoteDescriptionContentId': 3338095, 'formattedListingNoteDescription': ""You'll have an unrestricted view of the show.""}]","[{'listingNoteBucketId': 27, 'formattedListingNoteContent': 'Clear view', 'displayOrder': 8, 'showsRawNoteText': True, 'sourceListingNoteId': -1}]",4849984,False,False,Row,True,2230626,"¥2,230,626","¥2,230,626",10,Mobile Transfer ticket,3,1,EUR,JPY,1000.0,EUR,"https://img.vggcdn.net/img/vfsimage2/812551/36868_2449432/0.jpg?im=Resize=(500,271)&v=771",yesterday,0,False,False,True,True,R3Ot6TLQGRnNyQ0I%2bawptbpUuL7C2FIeDnOAA74O7Wc%3d,False,2026-07-16T19:32:05.2900000Z,False,False,False,False,False,False,0,False,[7],False,False,False,False,0,False,False,0,13375642950,False,E9666E08-2F48-405C-AA1C-F06B669AC632,False,False,True,0,,,,,,,"[{'message': 'Popular Pick', 'qualifier': '4 tickets sold for this event', 'hasValue': True, 'messageType': 'BoughtInLastHourSocialProofBased'}]",[],,,,Last tickets,True,,,,,,,,,,,
13387921172,153020449,227A,1530787,227A,2,9,_,,,,False,False,1,,False,False,[1],471,Middle,1,True,"[{'listingNoteId': -1, 'listingNoteContentId': 3338094, 'formattedListingNoteContent': 'Clear view', 'listingNoteTypeId': 3, 'showToBuyer': True, 'hideInMock': False, 'siteAddedListingNote': False, 'aisleListingNoteWithSplit': False, 'listingNoteDescriptionContentId': 3338095, 'formattedListingNoteDescription': ""You'll have an unrestricted view of the show.""}]","[{'listingNoteBucketId': 27, 'formattedListingNoteContent': 'Clear view', 'displayOrder': 8, 'showsRawNoteText': True, 'sourceListingNoteId': -1}]",1593637,False,False,Row 9,False,2235711,"¥2,235,711","¥2,235,711",10,Mobile Transfer ticket,3,1,USD,JPY,7380.0,USD,"https://img.vggcdn.net/img/vfsimage2/812551/471_1530787/0.jpg?im=Resize=(500,271)&v=771",7 hours ago,8,False,False,False,False,MKUzheSHDoUEFpGAcf40xaAL4D%2bkOq68WSzjT96YN6g%3d,False,2026-07-18T01:23:34.2070000Z,False,False,False,False,False,False,0,False,,False,False,False,False,0,False,False,0,13387921172,False,D67FBDDF-1709-4201-BC7C-77C439A4D299,False,False,True,4,8.001018576947244,1.199491418,,,,,"[{'message': 'Great Value', 'qualifier': 'Based on price, view, seat quality and more', 'hasValue': True, 'messageType': 'ValueBased'}, {'message': 'Popular Pick', 'qualifier': '4 tickets sold for this event', 'hasValue': True, 'messageType': 'BoughtInLastHourSocialProofBased'}]",[],,,,,,,,,,,,,,,,
13303441840,153020449,228B,1530790,228B,2,8,22_23,,,22,False,False,2,,False,False,"[1, 2]",471,Middle,2,True,"[{'listingNoteId': -1, 'listingNoteContentId': 3338094, 'formattedListingNoteContent': 'Clear view', 'listingNoteTypeId': 3, 'showToBuyer': True, 'hideInMock': False, 'siteAddedListingNote': False, 'aisleListingNoteWithSplit': False, 'listingNoteDescriptionContentId': 3338095, 'formattedListingNoteDescription': ""You'll have an unrestricted view of the show.""}]","[{'listingNoteBucketId': 27, 'formattedListingNoteContent': 'Clear view', 'displayOrder': 8, 'showsRawNoteText': True, 'sourceListingNoteId': -1}]",2113518,False,False,Row 8,False,2242339,"¥2,242,339","¥2,242,339",10,Mobile Transfer ticket,3,1,USD,JPY,500.0,USD,"https://img.vggcdn.net/img/vfsimage2/812551/471_1530790/0.jpg?im=Resize=(500,271)&v=771",8 days ago,6,False,False,False,False,IKEGJ3U41I5Eu8jBhIdr0HfmgoCJD0vmUYz9k1fmFdk%3d,False,2026-07-09T15:50:11.5470000Z,False,False,False,False,False,False,0,False,,False,False,False,False,0,False,False,0,13303441840,False,02E9F730-1E54-4F6D-947A-824B802D5607,False,False,True,3,6.4395915076003405,0.9922490341,,,,,"[{'message': 'Popular Pick', 'qualifier': '4 tickets sold for this event', 'hasValue': True, 'messageType': 'BoughtInLastHourSocialProofBased'}]",[],,,,,,,,,,,,,,,,
13388384380,153020449,227A,1530787,227A,2,8,_,,,,False,False,4,,False,False,"[1, 2, 4]",471,Middle,4,True,"[{'listingNoteId': -1, 'listingNoteContentId': 3338094, 'formattedListingNoteContent': 'Clear view', 'listingNoteTypeId': 3, 'showToBuyer': True, 'hideInMock': False, 'siteAddedListingNote': False, 'aisleListingNoteWithSplit': False, 'listingNoteDescriptionContentId': 3338095, 'formattedListingNoteDescription': ""You'll have an unrestricted view of the show.""}]","[{'listingNoteBucketId': 27, 'formattedListingNoteContent': 'Clear view', 'displayOrder': 8, 'showsRawNoteText': True, 'sourceListingNoteId': -1}]",1593636,False,False,Row 8,False,2273729,"¥2,273,729","¥2,273,729",10,Mobile Transfer ticket,3,1,USD,JPY,7380.0,USD,"https://img.vggcdn.net/img/vfsimage2/812551/471_1530787/0.jpg?im=Resize=(500,271)&v=771",5 hours ago,8,False,False,False,False,xb5LAKV5qV9osiY4wtaVAN3JFxiVy5qp8UXSASV7WYc%3d,False,2026-07-18T03:19:44.3100000Z,False,False,False,False,False,False,0,False,,False,False,False,False,0,False,False,0,13388384380,False,11343872-2E69-43CE-B6E2-5BF60127BDA3,False,False,True,4,8.105386595968744,1.236552798,,,,,"[{'message': 'Great Value', 'qualifier': 'Based on price, view, seat quality and more', 'hasValue': True, 'messageType': 'ValueBased'}, {'message': 'Popular Pick', 'qualifier': '4 tickets sold for this event', 'hasValue': True, 'messageType': 'BoughtInLastHourSocialProofBased'}]",[],,,,,,,,,,,,,,,,
13321902226,153020449,344,122937,344,2,3,13_13,13,13,13,False,False,1,,False,False,[1],478,Loge,1,True,"[{'listingNoteId': -1, 'listingNoteContentId': 3338094, 'formattedListingNoteContent': 'Clear view', 'listingNoteTypeId': 3, 'showToBuyer': True, 'hideInMock': False, 'siteAddedListingNote': False, 'aisleListingNoteWithSplit': False, 'listingNoteDescriptionContentId': 3338095, 'formattedListingNoteDescription': ""You'll have an unrestricted view of the show.""}]","[{'listingNoteBucketId': 27, 'formattedListingNoteContent': 'Clear view', 'displayOrder': 8, 'showsRawNoteText': True, 'sourceListingNoteId': -1}]",1591267,False,False,Row 3,False,2279750,"¥2,279,750","¥2,279,750",10,Mobile Transfer ticket,3,1,USD,JPY,,USD,"https://img.vggcdn.net/img/vfsimage2/812551/478_122937/0.jpg?im=Resize=(500,271)&v=771",7 days ago,5,False,False,False,False,7ByhPC%2fbL%2f7Tnuj6aOWue0gqPFPwR8hxtno5vAaJ%2b2k%3d,False,2026-07-11T01:59:46.4600000Z,False,False,False,False,False,False,0,False,,False,False,False,False,0,False,False,0,13321902226,False,6DEA2BD5-3217-4C8F-986D-7D739222F86E,False,False,True,3,5.166394355640753,0.8727423851,,,,,"[{'message': 'Popular Pick', 'qualifier': '4 tickets sold for this event', 'hasValue': True, 'messageType': 'BoughtInLastHourSocialProofBased'}]",[],"¥3,222,495",29.0,"¥942,745",,,,,,,,,,,,,
13377987103,153020449,334,122927,334,2,,_,,,,False,False,2,,False,False,"[1, 2]",407,Upper,2,True,"[{'listingNoteId': -1, 'listingNoteContentId': 3338094, 'formattedListingNoteContent': 'Clear view', 'listingNoteTypeId': 3, 'showToBuyer': True, 'hideInMock': False, 'siteAddedListingNote': False, 'aisleListingNoteWithSplit': False, 'listingNoteDescriptionContentId': 3338095, 'formattedListingNoteDescription': ""You'll have an unrestricted view of the show.""}]","[{'listingNoteBucketId': 27, 'formattedListingNoteContent': 'Clear view', 'displayOrder': 8, 'showsRawNoteText': True, 'sourceListingNoteId': -1}]",108899,False,False,Row,True,2280627,"¥2,280,627","¥2,280,627",10,Mobile Transfer ticket,3,1,USD,JPY,10000.0,USD,"https://img.vggcdn.net/img/vfsimage2/812551/407_122927/0.jpg?im=Resize=(500,271)&v=771",yesterday,3,False,False,False,False,ofZxfrFxb0ereAmj5He%2f3HvGVbyuBcSJ0JO4UmflgHs%3d,False,2026-07-17T00:14:48.3470000Z,False,False,False,True,False,False,0,False,[6],False,False,False,False,0,False,False,0,13377987103,False,F8036BAD-3FB8-42D7-9D32-337642BCEF1D,False,False,True,2,3.17194367985176,0.6587196376,,,,,"[{'message': 'Popular Pick', 'qualifier': '4 tickets sold for this event', 'hasValue': True, 'messageType': 'BoughtInLastHourSocialProofBased'}]",[],,,,Last tickets,True,[7],Fan favorite,This section is in the top 10% of sections for this event when ranked based on a count of successful sales over the past 7 days on our site,True,,,,,,,
13285866325,153020449,323,122916,323,2,5,19_19,19,19,19,False,False,1,,False,False,[1],407,Upper,1,True,"[{'listingNoteId': 811, 'listingNoteContentId': 2446054, 'formattedListingNoteContent': 'Actual 1st row of the section', 'listingNoteTypeId': 3, 'showToBuyer': True, 'hideInMock': False, 'siteAddedListingNote': False, 'aisleListingNoteWithSplit': False, 'listingNoteDescriptionContentId': 2446055, 'formattedListingNoteDescription': 'Actual 1st row of the section'}, {'listingNoteId': -1, 'listingNoteContentId': 3338094, 'formattedListingNoteContent': 'Clear view', 'listingNoteTypeId': 3, 'showToBuyer': True, 'hideInMock': False, 'siteAddedListingNote': False, 'aisleListingNoteWithSplit': False, 'listingNoteDescriptionContentId': 3338095, 'formattedListingNoteDescription': ""You'll have an unrestricted view of the show.""}]","[{'listingNoteBucketId': 0, 'formattedListingNoteContent': 'Actual 1st row of the section', 'displayOrder': 30, 'showsRawNoteText': True, 'sourceListingNoteId': 811}, {'listingNoteBucketId': 27, 'formattedListingNoteContent': 'Clear view', 'displayOrder': 8, 'showsRawNoteText': True, 'sourceListingNoteId': -1}]",2113770,False,False,Row 5,False,2281153,"¥2,281,153","¥2,281,153",10,Mobile Transfer ticket,3,1,USD,JPY,,USD,"https://img.vggcdn.net/img/vfsimage2/812551/407_122916/0.jpg?im=Resize=(500,271)&v=771",9 days ago,5,False,False,False,False,87dPHZm%2baJOkesQSkmhNg3KyKaQn3Fqud5h7dPC67FM%3d,False,2026-07-08T14:20:34.4970000Z,False,False,False,False,False,False,0,False,[7],False,False,False,False,0,False,False,0,13285866325,False,E3A32127-DD75-4CAC-8DC3-6E36FDB8F082,False,False,True,2,4.567034373692155,0.8004422494,,,,,"[{'message': 'Popular Pick', 'qualifier': '4 tickets sold for this event', 'hasValue': True, 'messageType': 'BoughtInLastHourSocialProofBased'}, {'message': 'Front Row', 'qualifier': 'Best seats in the house', 'hasValue': True, 'messageType': 'FirstRowTicketAttributeBased'}]",[811],,,,Last ticket,True,,,,,,,,,,,
13342605089,153020449,104,122784,104,2,23,17_17,17,17,17,False,False,1,,False,False,[1],594,Lower,1,True,"[{'listingNoteId': -1, 'listingNoteContentId': 3338094, 'formattedListingNoteContent': 'Clear view', 'listingNoteTypeId': 3, 'showToBuyer': True, 'hideInMock': False, 'siteAddedListingNote': False, 'aisleListingNoteWithSplit': False, 'listingNoteDescriptionContentId': 3338095, 'formattedListingNoteDescription': ""You'll have an unrestricted view of the show.""}]","[{'listingNoteBucketId': 27, 'formattedListingNoteContent': 'Clear view', 'displayOrder': 8, 'showsRawNoteText': True, 'sourceListingNoteId': -1}]",2112174,False,False,Row 23,False,2281329,"¥2,281,329","¥2,281,329",10,Mobile Transfer ticket,3,1,USD,JPY,,USD,"https://img.vggcdn.net/img/vfsimage2/812551/594_122784/0.jpg?im=Resize=(500,271)&v=771",5 days ago,8,False,False,False,False,ILFzjXElhDdaRPjqrdnoZ7jzkh74MOvwiCJAfRTkTPc%3d,False,2026-07-13T07:40:57.6000000Z,False,False,False,True,False,False,0,False,[6],False,False,False,False,0,False,False,0,13342605089,False,11F6BF77-560D-4392-9D9A-672BFC3FC11D,False,False,True,4,8.328939320744572,1.27807123,,,,,"[{'message': 'Great Value', 'qualifier': 'Based on price, view, seat quality and more', 'hasValue': True, 'messageType': 'ValueBased'}, {'message': 'Popular Pick', 'qualifier': '4 tickets sold for this event', 'hasValue': True, 'messageType': 'BoughtInLastHourSocialProofBased'}]",[],,,,,,,Fan favorite,This section is in the top 10% of sections for this event when ranked based on a count of successful sales over the past 7 days on our site,True,,,,,,,
13383685186,153020449,104,122784,104,2,22,19_19,19,19,19,False,False,1,,False,False,[1],594,Lower,1,True,"[{'listingNoteId': -1, 'listingNoteContentId': 3338094, 'formattedListingNoteContent': 'Clear view', 'listingNoteTypeId': 3, 'showToBuyer': True, 'hideInMock': False, 'siteAddedListingNote': False, 'aisleListingNoteWithSplit': False, 'listingNoteDescriptionContentId': 3338095, 'formattedListingNoteDescription': ""You'll have an unrestricted view of the show.""}]","[{'listingNoteBucketId': 27, 'formattedListingNoteContent': 'Clear view', 'displayOrder': 8, 'showsRawNoteText': True, 'sourceListingNoteId': -1}]",2112173,False,False,Row 22,False,2298874,"¥2,298,874","¥2,298,874",10,Mobile Transfer ticket,3,1,USD,JPY,,USD,"https://img.vggcdn.net/img/vfsimage2/812551/594_122784/0.jpg?im=Resize=(500,271)&v=771",17 hours ago,8,False,False,False,False,vwnRWULrZ6y8P%2fram2maD8pEuvdsXeSBSZvnzfnaXtw%3d,False,2026-07-17T15:39:16.9800000Z,False,False,False,True,False,False,0,False,[6],False,False,False,False,0,False,False,0,13383685186,False,A4CC70B4-3626-464D-9125-8730849DE3BD,False,False,True,4,8.356977937569885,1.292788402,,,,,"[{'message': 'Great Value', 'qualifier': 'Based on price, view, seat quality and more', 'hasValue': True, 'messageType': 'ValueBased'}, {'message': 'Popular Pick', 'qualifier': '4 tickets sold for this event', 'hasValue': True, 'messageType': 'BoughtInLastHourSocialProofBased'}]",[],,,,,,,Fan favorite,This section is in the top 10% of sections for this event when ranked based on a count of successful sales over the past 7 days on our site,True,,,,,,,
13386278732,153020449,342,122935,342,2,15,_,,,,False,False,4,,False,False,"[1, 2, 3, 4]",407,Upper,4,True,"[{'listingNoteId': -1, 'listingNoteContentId': 3338094, 'formattedListingNoteContent': 'Clear view', 'listingNoteTypeId': 3, 'showToBuyer': True, 'hideInMock': False, 'siteAddedListingNote': False, 'aisleListingNoteWithSplit': False, 'listingNoteDescriptionContentId': 3338095, 'formattedListingNoteDescription': ""You'll have an unrestricted view of the show.""}]","[{'listingNoteBucketId': 27, 'formattedListingNoteContent': 'Clear view', 'displayOrder': 8, 'showsRawNoteText': True, 'sourceListingNoteId': -1}]",704431,False,False,Row 15,False,2300190,"¥2,300,190","¥2,300,190",10,Mobile Transfer ticket,3,1,USD,JPY,0.0,USD,"https://img.vggcdn.net/img/vfsimage2/812551/407_122935/0.jpg?im=Resize=(500,271)&v=771",11 hours ago,5,False,False,False,False,qT3%2fnuY05JL53EwOwvUhvrbw%2fW3QaTBalSVm3ReVGU8%3d,False,2026-07-17T21:10:46.7230000Z,False,False,False,False,False,False,0,False,,False,False,False,False,0,False,False,0,13386278732,False,97ADB44D-B4E9-415A-9B29-7B657ACA56AE,False,False,True,2,4.5068943741288425,0.7997160059,,,,,"[{'message': 'Popular Pick', 'qualifier': '4 tickets sold for this event', 'hasValue': True, 'messageType': 'BoughtInLastHourSocialProofBased'}]",[],,,,,,,,,,,,,,,,
13388297534,153020449,126,122797,126,2,28,_,,,,False,False,4,,False,False,"[1, 2, 4]",594,Lower,4,True,"[{'listingNoteId': -1, 'listingNoteContentId': 3338094, 'formattedListingNoteContent': 'Clear view', 'listingNoteTypeId': 3, 'showToBuyer': True, 'hideInMock': False, 'siteAddedListingNote': False, 'aisleListingNoteWithSplit': False, 'listingNoteDescriptionContentId': 3338095, 'formattedListingNoteDescription': ""You'll have an unrestricted view of the show.""}]","[{'listingNoteBucketId': 27, 'formattedListingNoteContent': 'Clear view', 'displayOrder': 8, 'showsRawNoteText': True, 'sourceListingNoteId': -1}]",2112785,False,False,Row 28,False,2311939,"¥2,311,939","¥2,311,939",10,Mobile Transfer ticket,3,1,USD,JPY,10990.0,USD,"https://img.vggcdn.net/img/vfsimage2/812551/594_122797/0.jpg?im=Resize=(500,271)&v=771",6 hours ago,8,False,False,False,False,HoxdJYYb3wy0IJ4HZ1AToQQv05VxxL3AOhYgwcZXxqo%3d,False,2026-07-18T02:54:37.6200000Z,False,False,False,False,False,False,0,False,,False,False,False,False,0,False,False,0,13388297534,False,033F1D80-6FB2-42BD-ACBB-438022F134A4,False,False,True,4,8.434513258671464,1.313921268,,,,,"[{'message': 'Great Value', 'qualifier': 'Based on price, view, seat quality and more', 'hasValue': True, 'messageType': 'ValueBased'}, {'message': 'Popular Pick', 'qualifier': '4 tickets sold for this event', 'hasValue': True, 'messageType': 'BoughtInLastHourSocialProofBased'}]",[],,,,,,,,,,,,,,,,
13388059882,153020449,109,122787,109,2,27,_,,,,False,False,1,,False,False,[1],594,Lower,1,True,"[{'listingNoteId': -1, 'listingNoteContentId': 3338094, 'formattedListingNoteContent': 'Clear view', 'listingNoteTypeId': 3, 'showToBuyer': True, 'hideInMock': False, 'siteAddedListingNote': False, 'aisleListingNoteWithSplit': False, 'listingNoteDescriptionContentId': 3338095, 'formattedListingNoteDescription': ""You'll have an unrestricted view of the show.""}]","[{'listingNoteBucketId': 27, 'formattedListingNoteContent': 'Clear view', 'displayOrder': 8, 'showsRawNoteText': True, 'sourceListingNoteId': -1}]",2112305,False,False,Row 27,False,2329578,"¥2,329,578","¥2,329,578",10,Mobile Transfer ticket,3,1,USD,JPY,14500.0,USD,"https://img.vggcdn.net/img/vfsimage2/812551/594_122787/0.jpg?im=Resize=(500,271)&v=771",7 hours ago,8,False,False,False,False,3%2bhMx7RadT58AC2PPB8Go7C6BExCEhxX2P601s2ytfQ%3d,False,2026-07-18T01:52:32.0070000Z,False,False,False,False,False,False,0,False,,False,False,False,False,0,False,False,0,13388059882,False,DE6CB639-BF8F-4FF4-AAC2-2B84CD97C2DF,False,False,True,4,8.148568704200397,1.274130508,,,,,"[{'message': 'Great Value', 'qualifier': 'Based on price, view, seat quality and more', 'hasValue': True, 'messageType': 'ValueBased'}, {'message': 'Popular Pick', 'qualifier': '4 tickets sold for this event', 'hasValue': True, 'messageType': 'BoughtInLastHourSocialProofBased'}]",[],,,,,,,,,,,,,,,,
13387843153,153020449,108,122786,108,2,24,7_7,,,7,False,False,1,,False,False,[1],594,Lower,1,True,"[{'listingNoteId': -1, 'listingNoteContentId': 3338094, 'formattedListingNoteContent': 'Clear view', 'listingNoteTypeId': 3, 'showToBuyer': True, 'hideInMock': False, 'siteAddedListingNote': False, 'aisleListingNoteWithSplit': False, 'listingNoteDescriptionContentId': 3338095, 'formattedListingNoteDescription': ""You'll have an unrestricted view of the show.""}]","[{'listingNoteBucketId': 27, 'formattedListingNoteContent': 'Clear view', 'displayOrder': 8, 'showsRawNoteText': True, 'sourceListingNoteId': -1}]",2112267,False,False,Row 24,False,2331846,"¥2,331,846","¥2,331,846",10,Mobile Transfer ticket,3,14,USD,JPY,0.0,USD,"https://img.vggcdn.net/img/vfsimage2/812551/594_122786/0.jpg?im=Resize=(500,271)&v=771",7 hours ago,9,False,False,False,False,ugtGTADjzPSiNDVPFnzwKMK8K%2fyUDFHpFjF84rychu8%3d,False,2026-07-18T01:09:14.2930000Z,False,False,False,False,False,False,0,False,,False,False,False,False,0,False,False,0,13387843153,False,DBB6FC25-E45C-4E63-BF89-90BF1CA168E8,False,False,True,5,8.714165707961987,1.400233682,,,,,"[{'message': 'Amazing Value', 'qualifier': 'Based on price, view, seat quality and more', 'hasValue': True, 'messageType': 'ValueBased'}, {'message': 'Popular Pick', 'qualifier': '4 tickets sold for this event', 'hasValue': True, 'messageType': 'BoughtInLastHourSocialProofBased'}]",[],,,,,,,,,,,,,,,,
13380219291,153020449,146,122810,146,2,16,15_15,15,15,15,False,False,1,,False,False,[1],594,Lower,1,True,"[{'listingNoteId': -1, 'listingNoteContentId': 3338094, 'formattedListingNoteContent': 'Clear view', 'listingNoteTypeId': 3, 'showToBuyer': True, 'hideInMock': False, 'siteAddedListingNote': False, 'aisleListingNoteWithSplit': False, 'listingNoteDescriptionContentId': 3338095, 'formattedListingNoteDescription': ""You'll have an unrestricted view of the show.""}]","[{'listingNoteBucketId': 27, 'formattedListingNoteContent': 'Clear view', 'displayOrder': 8, 'showsRawNoteText': True, 'sourceListingNoteId': -1}]",2113238,False,False,Row 16,False,2349404,"¥2,349,404","¥2,349,404",10,Mobile Transfer ticket,3,1,USD,JPY,17000.0,USD,"https://img.vggcdn.net/img/vfsimage2/812551/594_122810/0.jpg?im=Resize=(500,271)&v=771",yesterday,8,False,False,False,False,AciI0J2PvGRPfVdxMi4%2fRyhCGyuOzn%2ff6ev%2fPv2Lcds%3d,False,2026-07-17T04:59:22.1400000Z,False,False,False,False,False,False,0,False,[7],False,False,False,False,0,False,False,0,13380219291,False,C38BE5E3-DF97-4223-A2C1-12658365DBBD,False,False,True,4,8.366176115073547,1.32285662,,,,,"[{'message': 'Great Value', 'qualifier': 'Based on price, view, seat quality and more', 'hasValue': True, 'messageType': 'ValueBased'}, {'message': 'Popular Pick', 'qualifier': '4 tickets sold for this event', 'hasValue': True, 'messageType': 'BoughtInLastHourSocialProofBased'}]",[],"¥3,184,571",26.0,"¥835,167",Last ticket,True,,,,,,,,,,,
13388056782,153020449,126,122797,126,2,26,17_20,,,17,False,False,4,,False,False,"[1, 2, 4]",594,Lower,4,True,"[{'listingNoteId': -1, 'listingNoteContentId': 3338094, 'formattedListingNoteContent': 'Clear view', 'listingNoteTypeId': 3, 'showToBuyer': True, 'hideInMock': False, 'siteAddedListingNote': False, 'aisleListingNoteWithSplit': False, 'listingNoteDescriptionContentId': 3338095, 'formattedListingNoteDescription': ""You'll have an unrestricted view of the show.""}]","[{'listingNoteBucketId': 27, 'formattedListingNoteContent': 'Clear view', 'displayOrder': 8, 'showsRawNoteText': True, 'sourceListingNoteId': -1}]",2112783,False,False,Row 26,False,2364191,"¥2,364,191","¥2,364,191",10,Mobile Transfer ticket,3,1,USD,JPY,0.0,USD,"https://img.vggcdn.net/img/vfsimage2/812551/594_122797/0.jpg?im=Resize=(500,271)&v=771",7 hours ago,8,False,False,False,False,MfdFbNeiU%2fkiFQVKPDEFEtYw6CYddJC0myO%2bFao%2bGkE%3d,False,2026-07-18T01:51:16.9700000Z,False,False,False,False,False,False,0,False,,False,False,False,False,0,False,False,0,13388056782,False,82682727-85E2-4B86-8A80-E0358D750EE4,False,False,True,4,8.460463217760967,1.348407182,,,,,"[{'message': 'Great Value', 'qualifier': 'Based on price, view, seat quality and more', 'hasValue': True, 'messageType': 'ValueBased'}, {'message': 'Popular Pick', 'qualifier': '4 tickets sold for this event', 'hasValue': True, 'messageType': 'BoughtInLastHourSocialProofBased'}]",[],,,,,,,,,,,,,,,,
13387967343,153020449,227A,1530787,227A,2,9,_,,,,False,False,4,,False,False,"[1, 2, 4]",471,Middle,4,True,"[{'listingNoteId': -1, 'listingNoteContentId': 3338094, 'formattedListingNoteContent': 'Clear view', 'listingNoteTypeId': 3, 'showToBuyer': True, 'hideInMock': False, 'siteAddedListingNote': False, 'aisleListingNoteWithSplit': False, 'listingNoteDescriptionContentId': 3338095, 'formattedListingNoteDescription': ""You'll have an unrestricted view of the show.""}]","[{'listingNoteBucketId': 27, 'formattedListingNoteContent': 'Clear view', 'displayOrder': 8, 'showsRawNoteText': True, 'sourceListingNoteId': -1}]",1593637,False,False,Row 9,False,2369445,"¥2,369,445","¥2,369,445",10,Mobile Transfer ticket,3,1,USD,JPY,7380.0,USD,"https://img.vggcdn.net/img/vfsimage2/812551/471_1530787/0.jpg?im=Resize=(500,271)&v=771",7 hours ago,8,False,False,False,False,Ms4timMUIfja1TMtJNvfINrU5Av%2bs9ddF7koSIclW%2fI%3d,False,2026-07-18T01:33:33.9000000Z,False,False,False,False,False,False,0,False,,False,False,False,False,0,False,False,0,13387967343,False,2567BDF8-637D-4F73-AE9A-96BA8B55F13C,False,False,True,4,7.5375309935557855,1.199491418,,,,,"[{'message': 'Great Value', 'qualifier': 'Based on price, view, seat quality and more', 'hasValue': True, 'messageType': 'ValueBased'}, {'message': 'Popular Pick', 'qualifier': '4 tickets sold for this event', 'hasValue': True, 'messageType': 'BoughtInLastHourSocialProofBased'}]",[],,,,,,,,,,,,,,,,
13387897175,153020449,149,122812,149,2,13,19_22,,,19,False,False,4,,False,False,"[1, 2, 3, 4]",594,Lower,4,True,"[{'listingNoteId': -1, 'listingNoteContentId': 3338094, 'formattedListingNoteContent': 'Clear view', 'listingNoteTypeId': 3, 'showToBuyer': True, 'hideInMock': False, 'siteAddedListingNote': False, 'aisleListingNoteWithSplit': False, 'listingNoteDescriptionContentId': 3338095, 'formattedListingNoteDescription': ""You'll have an unrestricted view of the show.""}]","[{'listingNoteBucketId': 27, 'formattedListingNoteContent': 'Clear view', 'displayOrder': 8, 'showsRawNoteText': True, 'sourceListingNoteId': -1}]",2113330,False,False,Row 13,False,2386600,"¥2,386,600","¥2,386,600",10,Mobile Transfer ticket,3,1,USD,JPY,10990.0,USD,"https://img.vggcdn.net/img/vfsimage2/812551/594_122812/0.jpg?im=Resize=(500,271)&v=771",7 hours ago,9,False,False,False,False,nyyzGDYM9TXLniRZMFPKwz9Ch2XUDmRitLkLGg5T7ZA%3d,False,2026-07-18T01:19:13.0600000Z,False,False,False,False,False,False,0,False,,False,False,False,False,0,False,False,0,13387897175,False,B6C1543A-DC34-4AA8-A61F-5B2EA634B57C,False,False,True,5,8.69388417987175,1.426788113,,,,,"[{'message': 'Amazing Value', 'qualifier': 'Based on price, view, seat quality and more', 'hasValue': True, 'messageType': 'ValueBased'}, {'message': 'Popular Pick', 'qualifier': '4 tickets sold for this event', 'hasValue': True, 'messageType': 'BoughtInLastHourSocialProofBased'}]",[],,,,,,,,,,,,,,,,
13388402166,153020449,124,122796,124,2,10,_,,,,False,False,3,,False,False,"[1, 3]",594,Lower,3,True,"[{'listingNoteId': -1, 'listingNoteContentId': 3338094, 'formattedListingNoteContent': 'Clear view', 'listingNoteTypeId': 3, 'showToBuyer': True, 'hideInMock': False, 'siteAddedListingNote': False, 'aisleListingNoteWithSplit': False, 'listingNoteDescriptionContentId': 3338095, 'formattedListingNoteDescription': ""You'll have an unrestricted view of the show.""}]","[{'listingNoteBucketId': 27, 'formattedListingNoteContent': 'Clear view', 'displayOrder': 8, 'showsRawNoteText': True, 'sourceListingNoteId': -1}]",2112717,False,False,Row 10,False,2388358,"¥2,388,358","¥2,388,358",10,Mobile Transfer ticket,3,1,USD,JPY,10990.0,USD,"https://img.vggcdn.net/img/vfsimage2/812551/594_122796/0.jpg?im=Resize=(500,271)&v=771",5 hours ago,9,False,False,False,False,Owi04l16NETLMht1%2bWzbS0JIhAQM9LPO1Ea5qX0%2fZ7A%3d,False,2026-07-18T03:27:30.3770000Z,False,False,False,False,False,False,0,False,,False,False,False,False,0,False,False,0,13388402166,False,9EAD4853-CBE4-4C75-A4B3-F93EC159DFA2,False,False,True,5,8.830300217351507,1.471566917,,,,,"[{'message': 'Amazing Value', 'qualifier': 'Based on price, view, seat quality and more', 'hasValue': True, 'messageType': 'ValueBased'}, {'message': 'Popular Pick', 'qualifier': '4 tickets sold for this event', 'hasValue': True, 'messageType': 'BoughtInLastHourSocialProofBased'}]",[],,,,,,,,,,,,,,,,
13388278154,153020449,123,122795,123,2,39,_,,,,False,False,4,,False,False,"[1, 2, 4]",594,Lower,4,True,"[{'listingNoteId': -1, 'listingNoteContentId': 3338094, 'formattedListingNoteContent': 'Clear view', 'listingNoteTypeId': 3, 'showToBuyer': True, 'hideInMock': False, 'siteAddedListingNote': False, 'aisleListingNoteWithSplit': False, 'listingNoteDescriptionContentId': 3338095, 'formattedListingNoteDescription': ""You'll have an unrestricted view of the show.""}]","[{'listingNoteBucketId': 27, 'formattedListingNoteContent': 'Clear view', 'displayOrder': 8, 'showsRawNoteText': True, 'sourceListingNoteId': -1}]",2112700,False,False,Row 39,False,2388548,"¥2,388,548","¥2,388,548",10,Mobile Transfer ticket,3,1,USD,JPY,12499.99,USD,"https://img.vggcdn.net/img/vfsimage2/812551/594_122795/0.jpg?im=Resize=(500,271)&v=771",6 hours ago,7,False,False,False,False,oxdNd2i7YRhJjxsI1GcVH9Og5jnw1xp6MSEe0bEdVOc%3d,False,2026-07-18T02:47:46.3600000Z,False,False,False,False,False,False,0,False,,False,False,False,False,0,False,False,0,13388278154,False,00E8B254-205F-4088-81F4-6597EA06635B,False,False,True,3,6.847341268859989,1.112506548,,,,,"[{'message': 'Popular Pick', 'qualifier': '4 tickets sold for this event', 'hasValue': True, 'messageType': 'BoughtInLastHourSocialProofBased'}]",[],,,,,,,,,,,,,,,,
13389404561,153020449,148,122811,148,2,12,19_19,19,19,19,False,False,1,,False,False,[1],594,Lower,1,True,"[{'listingNoteId': -1, 'listingNoteContentId': 3338094, 'formattedListingNoteContent': 'Clear view', 'listingNoteTypeId': 3, 'showToBuyer': True, 'hideInMock': False, 'siteAddedListingNote': False, 'aisleListingNoteWithSplit': False, 'listingNoteDescriptionContentId': 3338095, 'formattedListingNoteDescription': ""You'll have an unrestricted view of the show.""}]","[{'listingNoteBucketId': 27, 'formattedListingNoteContent': 'Clear view', 'displayOrder': 8, 'showsRawNoteText': True, 'sourceListingNoteId': -1}]",2113281,False,False,Row 12,False,2404146,"¥2,404,146","¥2,404,146",10,Mobile Transfer ticket,3,1,USD,JPY,0.0,USD,"https://img.vggcdn.net/img/vfsimage2/812551/594_122811/0.jpg?im=Resize=(500,271)&v=771",2 hours ago,9,False,False,False,False,fqTTJ3goeW%2bFUJfEeHWNvxkOPOFHFFXZzChkSZCiseg%3d,False,2026-07-18T06:21:24.0130000Z,False,False,False,True,False,False,0,False,[6],False,False,False,False,0,False,False,0,13389404561,False,078EA7DF-5E28-432C-97B7-90A9C18B52D7,False,False,True,5,9.215480944198955,1.621507828,,,,,"[{'message': 'Amazing Value', 'qualifier': 'Based on price, view, seat quality and more', 'hasValue': True, 'messageType': 'ValueBased'}, {'message': 'Popular Pick', 'qualifier': '4 tickets sold for this event', 'hasValue': True, 'messageType': 'BoughtInLastHourSocialProofBased'}]",[],,,,Last ticket,True,[7],Fan favorite,This section is in the top 10% of sections for this event when ranked based on a count of successful sales over the past 7 days on our site,True,,,,,,,
13388840841,153020449,126,122797,126,2,25,_,,,,False,False,4,,False,False,"[1, 2, 4]",594,Lower,4,True,"[{'listingNoteId': -1, 'listingNoteContentId': 3338094, 'formattedListingNoteContent': 'Clear view', 'listingNoteTypeId': 3, 'showToBuyer': True, 'hideInMock': False, 'siteAddedListingNote': False, 'aisleListingNoteWithSplit': False, 'listingNoteDescriptionContentId': 3338095, 'formattedListingNoteDescription': ""You'll have an unrestricted view of the show.""}]","[{'listingNoteBucketId': 27, 'formattedListingNoteContent': 'Clear view', 'displayOrder': 8, 'showsRawNoteText': True, 'sourceListingNoteId': -1}]",2112782,False,False,Row 25,False,2426568,"¥2,426,568","¥2,426,568",10,Mobile Transfer ticket,3,1,USD,JPY,10990.0,USD,"https://img.vggcdn.net/img/vfsimage2/812551/594_122797/0.jpg?im=Resize=(500,271)&v=771",4 hours ago,8,False,False,False,False,nX5RybG%2bMruqPQy42b%2fUbYGHQd6yDpmWjDwWYfFnyYA%3d,False,2026-07-18T04:47:12.2570000Z,False,False,False,False,False,False,0,False,,False,False,False,False,0,False,False,0,13388840841,False,EE54B207-F3D3-46F5-81E2-2F9148AE61CD,False,False,True,4,8.364301509441496,1.365965754,,,,,"[{'message': 'Great Value', 'qualifier': 'Based on price, view, seat quality and more', 'hasValue': True, 'messageType': 'ValueBased'}, {'message': 'Popular Pick', 'qualifier': '4 tickets sold for this event', 'hasValue': True, 'messageType': 'BoughtInLastHourSocialProofBased'}]",[],,,,,,,,,,,,,,,,
13386350031,153020449,118,122793,118,2,18,14_14,,,14,False,False,1,,False,False,[1],594,Lower,1,True,"[{'listingNoteId': -1, 'listingNoteContentId': 3338094, 'formattedListingNoteContent': 'Clear view', 'listingNoteTypeId': 3, 'showToBuyer': True, 'hideInMock': False, 'siteAddedListingNote': False, 'aisleListingNoteWithSplit': False, 'listingNoteDescriptionContentId': 3338095, 'formattedListingNoteDescription': ""You'll have an unrestricted view of the show.""}]","[{'listingNoteBucketId': 27, 'formattedListingNoteContent': 'Clear view', 'displayOrder': 8, 'showsRawNoteText': True, 'sourceListingNoteId': -1}]",2112594,False,False,Row 18,False,2439723,"¥2,439,723","¥2,439,723",10,Mobile Transfer ticket,3,1,USD,JPY,9725.0,USD,"https://img.vggcdn.net/img/vfsimage2/812551/594_122793/0.jpg?im=Resize=(500,271)&v=771",11 hours ago,9,False,False,False,False,nlFTPpatRPJjtK6T2tY%2f1CxXwxl4iJ4nHj51O4p9WXY%3d,False,2026-07-17T21:25:12.4600000Z,False,False,False,False,False,False,0,False,,False,False,False,False,0,False,False,0,13386350031,False,CEA4D379-170F-4290-BB83-5F5FEF7A2A5C,False,False,True,5,8.98176575637435,1.556134081,,,,,"[{'message': 'Amazing Value', 'qualifier': 'Based on price, view, seat quality and more', 'hasValue': True, 'messageType': 'ValueBased'}, {'message': 'Popular Pick', 'qualifier': '4 tickets sold for this event', 'hasValue': True, 'messageType': 'BoughtInLastHourSocialProofBased'}]",[],"¥4,355,409",44.0,"¥1,915,686",,,,,,,,,,,,,
13384822875,153020449,121,122794,121,2,36,26_26,26,26,26,False,False,1,,False,False,[1],594,Lower,1,True,"[{'listingNoteId': -1, 'listingNoteContentId': 3338094, 'formattedListingNoteContent': 'Clear view', 'listingNoteTypeId': 3, 'showToBuyer': True, 'hideInMock': False, 'siteAddedListingNote': False, 'aisleListingNoteWithSplit': False, 'listingNoteDescriptionContentId': 3338095, 'formattedListingNoteDescription': ""You'll have an unrestricted view of the show.""}]","[{'listingNoteBucketId': 27, 'formattedListingNoteContent': 'Clear view', 'displayOrder': 8, 'showsRawNoteText': True, 'sourceListingNoteId': -1}]",2112649,False,False,Row 36,False,2443135,"¥2,443,135","¥2,443,135",10,Mobile Transfer ticket,3,1,USD,JPY,,USD,"https://img.vggcdn.net/img/vfsimage2/812551/594_122794/0.jpg?im=Resize=(500,271)&v=771",15 hours ago,6,False,False,False,False,Czdw6%2fg0Q6%2bd9BFZLzKWN4V2RY4NdEifUA9aD7c93eg%3d,False,2026-07-17T17:59:42.0370000Z,False,False,False,False,False,False,0,False,,False,False,False,False,0,False,False,0,13384822875,False,06DADAD1-C42D-411A-9E1D-4480CD922CB5,False,False,True,3,6.346582399405814,1.068945931,,,,,"[{'message': 'Popular Pick', 'qualifier': '4 tickets sold for this event', 'hasValue': True, 'messageType': 'BoughtInLastHourSocialProofBased'}]",[],,,,,,,,,,,,,,,,
13387903270,153020449,118,122793,118,2,14,4_4,4,4,4,False,False,1,,False,False,[1],594,Lower,1,True,"[{'listingNoteId': 814, 'listingNoteContentId': 2446060, 'formattedListingNoteContent': 'Limited or Obstructed View (printed on ticket)', 'listingNoteTypeId': 1, 'showToBuyer': True, 'hideInMock': False, 'siteAddedListingNote': False, 'aisleListingNoteWithSplit': False, 'listingNoteDescriptionContentId': 2446061, 'formattedListingNoteDescription': 'Limited or Obstructed View (printed on ticket)'}]","[{'listingNoteBucketId': 21, 'formattedListingNoteContent': 'Limited view', 'displayOrder': 21, 'showsRawNoteText': False}]",2112590,False,False,Row 14,False,2456781,"¥2,456,781","¥2,456,781",10,Mobile Transfer ticket,3,1,USD,JPY,0.0,USD,"https://img.vggcdn.net/img/vfsimage2/812551/594_122793/0.jpg?im=Resize=(500,271)&v=771",7 hours ago,9,False,False,False,False,Czdw6%2fg0Q6%2bd9BFZLzKWN4V2RY4NdEifUA9aD7c93eg%3d,False,2026-07-18T01:20:39.6100000Z,False,False,False,False,False,False,0,False,,False,False,False,False,0,False,False,0,13387903270,False,0A0E7A31-5E2B-44B2-8021-981622E13138,False,False,True,5,9.153838141237964,1.63228883,,,,,"[{'message': 'Amazing Value', 'qualifier': 'Based on price, view, seat quality and more', 'hasValue': True, 'messageType': 'ValueBased'}, {'message': 'Popular Pick', 'qualifier': '4 tickets sold for this event', 'hasValue': True, 'messageType': 'BoughtInLastHourSocialProofBased'}]",[],"¥3,980,689",38.0,"¥1,523,908",,,,,,,,,,,,,
13388153094,153020449,336,122929,336,2,1,20_26,,,20,False,False,7,,False,False,"[1, 2, 3, 4, 5, 6, 7]",478,Loge,7,True,"[{'listingNoteId': 2025, 'listingNoteContentId': 3415843, 'formattedListingNoteContent': 'Front Row of Section', 'listingNoteTypeId': 6, 'showToBuyer': True, 'hideInMock': False, 'siteAddedListingNote': False, 'aisleListingNoteWithSplit': False, 'listingNoteDescriptionContentId': 3415843, 'formattedListingNoteDescription': 'Front Row of Section'}, {'listingNoteId': -1, 'listingNoteContentId': 3338094, 'formattedListingNoteContent': 'Clear view', 'listingNoteTypeId': 3, 'showToBuyer': True, 'hideInMock': False, 'siteAddedListingNote': False, 'aisleListingNoteWithSplit': False, 'listingNoteDescriptionContentId': 3338095, 'formattedListingNoteDescription': ""You'll have an unrestricted view of the show.""}]","[{'listingNoteBucketId': 14, 'formattedListingNoteContent': 'Front Row of Section', 'displayOrder': 14, 'showsRawNoteText': True, 'sourceListingNoteId': 2025}, {'listingNoteBucketId': 27, 'formattedListingNoteContent': 'Clear view', 'displayOrder': 8, 'showsRawNoteText': True, 'sourceListingNoteId': -1}]",1591187,False,False,Row 1,False,2456781,"¥2,456,781","¥2,456,781",10,Mobile Transfer ticket,3,1,USD,JPY,8500.0,USD,"https://img.vggcdn.net/img/vfsimage2/812551/478_122929/0.jpg?im=Resize=(500,271)&v=771",6 hours ago,5,False,False,False,False,Czdw6%2fg0Q6%2bd9BFZLzKWN4V2RY4NdEifUA9aD7c93eg%3d,False,2026-07-18T02:14:39.5970000Z,False,False,False,False,False,False,0,False,,False,False,False,False,0,False,False,0,13388153094,False,428FF164-38FC-4427-8211-5AC3E1190BF6,False,False,True,3,5.083952288715985,0.9323844348,,,,,"[{'message': 'Popular Pick', 'qualifier': '4 tickets sold for this event', 'hasValue': True, 'messageType': 'BoughtInLastHourSocialProofBased'}, {'message': 'Front Row', 'qualifier': 'Best seats in the house', 'hasValue': True, 'messageType': 'FirstRowTicketAttributeBased'}]",[2025],"¥3,791,133",35.0,"¥1,334,352",,,,,,,,,,,,,
13354228968,153020449,336,122929,336,2,13,_,,,,False,False,1,,False,False,[1],407,Upper,1,True,"[{'listingNoteId': -1, 'listingNoteContentId': 3338094, 'formattedListingNoteContent': 'Clear view', 'listingNoteTypeId': 3, 'showToBuyer': True, 'hideInMock': False, 'siteAddedListingNote': False, 'aisleListingNoteWithSplit': False, 'listingNoteDescriptionContentId': 3338095, 'formattedListingNoteDescription': ""You'll have an unrestricted view of the show.""}]","[{'listingNoteBucketId': 27, 'formattedListingNoteContent': 'Clear view', 'displayOrder': 8, 'showsRawNoteText': True, 'sourceListingNoteId': -1}]",704300,False,False,Row 13,False,2456781,"¥2,456,781","¥2,456,781",10,Mobile Transfer ticket,3,1,USD,JPY,4000.0,USD,"https://img.vggcdn.net/img/vfsimage2/812551/407_122929/0.jpg?im=Resize=(500,271)&v=771",3 days ago,4,False,False,False,False,Czdw6%2fg0Q6%2bd9BFZLzKWN4V2RY4NdEifUA9aD7c93eg%3d,False,2026-07-15T00:20:55.5700000Z,False,False,False,False,False,False,0,False,,False,False,False,False,0,False,False,0,13354228968,False,3E55E805-E605-465A-8D9C-D9116F9F2A66,False,False,True,2,4.056159088588629,0.799197106,,,,,"[{'message': 'Popular Pick', 'qualifier': '4 tickets sold for this event', 'hasValue': True, 'messageType': 'BoughtInLastHourSocialProofBased'}]",[],"¥4,549,359",46.0,"¥2,092,578",,,,,,,,,,,,,
13384975965,153020449,324,122917,324,2,25,_,,,,False,False,1,,False,False,[1],407,Upper,1,True,"[{'listingNoteId': -1, 'listingNoteContentId': 3338094, 'formattedListingNoteContent': 'Clear view', 'listingNoteTypeId': 3, 'showToBuyer': True, 'hideInMock': False, 'siteAddedListingNote': False, 'aisleListingNoteWithSplit': False, 'listingNoteDescriptionContentId': 3338095, 'formattedListingNoteDescription': ""You'll have an unrestricted view of the show.""}]","[{'listingNoteBucketId': 27, 'formattedListingNoteContent': 'Clear view', 'displayOrder': 8, 'showsRawNoteText': True, 'sourceListingNoteId': -1}]",2113790,False,False,Row 25,False,2456781,"¥2,456,781","¥2,456,781",10,Mobile Transfer ticket,3,1,USD,JPY,10350.0,USD,"https://img.vggcdn.net/img/vfsimage2/812551/407_122917/0.jpg?im=Resize=(500,271)&v=771",14 hours ago,3,False,False,False,False,Czdw6%2fg0Q6%2bd9BFZLzKWN4V2RY4NdEifUA9aD7c93eg%3d,False,2026-07-17T18:22:44.0330000Z,False,False,False,False,False,False,0,False,[7],False,False,False,False,0,False,False,0,13384975965,False,471D6BE8-3500-4EE2-BFF2-E28586FD81AF,False,False,True,2,3.3599519080234477,0.7269352183,,,,,"[{'message': 'Popular Pick', 'qualifier': '4 tickets sold for this event', 'hasValue': True, 'messageType': 'BoughtInLastHourSocialProofBased'}]",[],"¥3,791,133",35.0,"¥1,334,352",Last ticket,True,,,,,,,,,,,
13387921179,153020449,217,122849,217,2,13,_,,,,False,False,1,,False,False,[1],471,Middle,1,True,"[{'listingNoteId': -1, 'listingNoteContentId': 3338094, 'formattedListingNoteContent': 'Clear view', 'listingNoteTypeId': 3, 'showToBuyer': True, 'hideInMock': False, 'siteAddedListingNote': False, 'aisleListingNoteWithSplit': False, 'listingNoteDescriptionContentId': 3338095, 'formattedListingNoteDescription': ""You'll have an unrestricted view of the show.""}]","[{'listingNoteBucketId': 27, 'formattedListingNoteContent': 'Clear view', 'displayOrder': 8, 'showsRawNoteText': True, 'sourceListingNoteId': -1}]",702937,False,False,Row 13,False,2484074,"¥2,484,074","¥2,484,074",10,Mobile Transfer ticket,3,1,USD,JPY,10990.0,USD,"https://img.vggcdn.net/img/vfsimage2/812551/471_122849/0.jpg?im=Resize=(500,271)&v=771",7 hours ago,8,False,False,False,False,ILFzjXElhDdaRPjqrdnoZ7jzkh74MOvwiCJAfRTkTPc%3d,False,2026-07-18T01:23:34.2270000Z,False,False,False,False,False,False,0,False,,False,False,False,False,0,False,False,0,13387921179,False,7613F684-C79A-40DD-B8A8-F03216D623B7,False,False,True,4,7.952861761101108,1.324534596,,,,,"[{'message': 'Great Value', 'qualifier': 'Based on price, view, seat quality and more', 'hasValue': True, 'messageType': 'ValueBased'}, {'message': 'Popular Pick', 'qualifier': '4 tickets sold for this event', 'hasValue': True, 'messageType': 'BoughtInLastHourSocialProofBased'}]",[],,,,,,,,,,,,,,,,
13386841972,153020449,319,122912,319,2,10,1_4,,,1,False,False,4,,False,False,"[1, 2, 4]",407,Upper,4,True,"[{'listingNoteId': -1, 'listingNoteContentId': 3338094, 'formattedListingNoteContent': 'Clear view', 'listingNoteTypeId': 3, 'showToBuyer': True, 'hideInMock': False, 'siteAddedListingNote': False, 'aisleListingNoteWithSplit': False, 'listingNoteDescriptionContentId': 3338095, 'formattedListingNoteDescription': ""You'll have an unrestricted view of the show.""}]","[{'listingNoteBucketId': 14, 'formattedListingNoteContent': 'Aisle seat', 'displayOrder': 14, 'showsRawNoteText': True, 'sourceListingNoteId': 2024}, {'listingNoteBucketId': 27, 'formattedListingNoteContent': 'Clear view', 'displayOrder': 8, 'showsRawNoteText': True, 'sourceListingNoteId': -1}]",703923,False,False,Row 10,False,2523063,"¥2,523,063","¥2,523,063",1,Print-at-Home ticket,2,1,USD,JPY,5000.0,USD,"https://img.vggcdn.net/img/vfsimage2/812551/407_122912/0.jpg?im=Resize=(500,271)&v=771",10 hours ago,4,False,False,False,False,ZZM%2bFROkkwlnJU4g760nGN9I%2fwZUl0CHhuwkD%2fiMu3o%3d,False,2026-07-17T22:40:30.4970000Z,False,False,False,False,False,False,0,False,,False,False,False,False,0,False,False,0,13386841972,False,33375619-6C2B-4FC8-8A36-465AB3B788A8,False,False,True,2,4.185283150377483,0.8361790833,,,,,"[{'message': 'Popular Pick', 'qualifier': '4 tickets sold for this event', 'hasValue': True, 'messageType': 'BoughtInLastHourSocialProofBased'}, {'message': 'Aisle Seat', 'qualifier': 'Easy access to your seat', 'hasValue': True, 'messageType': 'AisleSeatTicketAttributeBased'}]",[2024],,,,,,,,,,,,,,,,
13388597434,153020449,124,122796,124,2,8,14_14,,,14,False,False,1,,False,False,[1],594,Lower,1,True,"[{'listingNoteId': -1, 'listingNoteContentId': 3338094, 'formattedListingNoteContent': 'Clear view', 'listingNoteTypeId': 3, 'showToBuyer': True, 'hideInMock': False, 'siteAddedListingNote': False, 'aisleListingNoteWithSplit': False, 'listingNoteDescriptionContentId': 3338095, 'formattedListingNoteDescription': ""You'll have an unrestricted view of the show.""}]","[{'listingNoteBucketId': 27, 'formattedListingNoteContent': 'Clear view', 'displayOrder': 8, 'showsRawNoteText': True, 'sourceListingNoteId': -1}]",2112763,False,False,Row 8,False,2532479,"¥2,532,479","¥2,532,479",10,Mobile Transfer ticket,3,14,USD,JPY,0.0,USD,"https://img.vggcdn.net/img/vfsimage2/812551/594_122796/0.jpg?im=Resize=(500,271)&v=771",4 hours ago,9,False,False,False,False,mI2JFpzu%2foa%2fqn9zGEBZwtpUbDhLvr2VWQDkmFvCmSw%3d,False,2026-07-18T04:11:05.8570000Z,False,False,False,False,False,False,0,False,,False,False,False,False,0,False,False,0,13388597434,False,B0AD67E0-28AB-4B8B-B188-A6555E522B28,False,False,True,5,8.668332945438362,1.505636007,,,,,"[{'message': 'Amazing Value', 'qualifier': 'Based on price, view, seat quality and more', 'hasValue': True, 'messageType': 'ValueBased'}, {'message': 'Popular Pick', 'qualifier': '4 tickets sold for this event', 'hasValue': True, 'messageType': 'BoughtInLastHourSocialProofBased'}]",[],,,,,,,,,,,,,,,,
13388308298,153020449,124,122796,124,2,5,_,,,,False,False,3,,False,False,"[1, 2, 3]",594,Lower,3,True,"[{'listingNoteId': -1, 'listingNoteContentId': 3338094, 'formattedListingNoteContent': 'Clear view', 'listingNoteTypeId': 3, 'showToBuyer': True, 'hideInMock': False, 'siteAddedListingNote': False, 'aisleListingNoteWithSplit': False, 'listingNoteDescriptionContentId': 3338095, 'formattedListingNoteDescription': ""You'll have an unrestricted view of the show.""}]","[{'listingNoteBucketId': 27, 'formattedListingNoteContent': 'Clear view', 'displayOrder': 8, 'showsRawNoteText': True, 'sourceListingNoteId': -1}]",2112760,False,False,Row 5,False,2532811,"¥2,532,811","¥2,532,811",10,Mobile Transfer ticket,3,1,USD,JPY,10990.0,USD,"https://img.vggcdn.net/img/vfsimage2/812551/594_122796/0.jpg?im=Resize=(500,271)&v=771",6 hours ago,9,False,False,False,False,JMzMhe0ImUhmWs7Q5mYUpQMSHX2I34SqYprsenKnuPM%3d,False,2026-07-18T02:58:06.6130000Z,False,False,False,False,False,False,0,False,,False,False,False,False,0,False,False,0,13388308298,False,16A34F31-AF2F-445A-BCC9-C15BEEF79E88,False,False,True,5,8.823318278535634,1.558143697,,,,,"[{'message': 'Amazing Value', 'qualifier': 'Based on price, view, seat quality and more', 'hasValue': True, 'messageType': 'ValueBased'}, {'message': 'Popular Pick', 'qualifier': '4 tickets sold for this event', 'hasValue': True, 'messageType': 'BoughtInLastHourSocialProofBased'}]",[],,,,,,,,,,,,,,,,
13367629926,153020449,Argentina Supporters Standard Tier,2449434,Argentina Supporters Standard Tier,2,,_,,,,False,False,2,,False,False,"[1, 2]",36868,Argentina Supporters,2,True,"[{'listingNoteId': -1, 'listingNoteContentId': 3338094, 'formattedListingNoteContent': 'Clear view', 'listingNoteTypeId': 3, 'showToBuyer': True, 'hideInMock': False, 'siteAddedListingNote': False, 'aisleListingNoteWithSplit': False, 'listingNoteDescriptionContentId': 3338095, 'formattedListingNoteDescription': ""You'll have an unrestricted view of the show.""}]","[{'listingNoteBucketId': 27, 'formattedListingNoteContent': 'Clear view', 'displayOrder': 8, 'showsRawNoteText': True, 'sourceListingNoteId': -1}]",4849986,False,False,Row,True,2534760,"¥2,534,760","¥2,534,760",10,Mobile Transfer ticket,3,1,USD,JPY,10000.0,USD,"https://img.vggcdn.net/img/vfsimage2/812551/36868_2449434/0.jpg?im=Resize=(500,271)&v=771",2 days ago,7,False,False,False,False,JVwh%2fritykTL%2b%2fRSrAPwOrH0dOQ299CKzv%2bulYFaFQg%3d,False,2026-07-16T04:58:48.2770000Z,False,False,False,False,False,False,0,False,[7],False,False,False,False,0,False,False,0,13367629926,False,44C7FD5E-0C16-432B-B99A-2B1F579A71DC,False,False,True,4,7.190440475121637,1.231148835,,,,,"[{'message': 'Great Value', 'qualifier': 'Based on price, view, seat quality and more', 'hasValue': True, 'messageType': 'ValueBased'}, {'message': 'Popular Pick', 'qualifier': '4 tickets sold for this event', 'hasValue': True, 'messageType': 'BoughtInLastHourSocialProofBased'}]",[],,,,Last tickets,True,,,,,,,,,,,
13388044073,153020449,233,122860,233,2,14,21_21,,,21,False,False,1,,False,False,[1],471,Middle,1,True,"[{'listingNoteId': 814, 'listingNoteContentId': 2446060, 'formattedListingNoteContent': 'Limited or Obstructed View (printed on ticket)', 'listingNoteTypeId': 1, 'showToBuyer': True, 'hideInMock': False, 'siteAddedListingNote': False, 'aisleListingNoteWithSplit': False, 'listingNoteDescriptionContentId': 2446061, 'formattedListingNoteDescription': 'Limited or Obstructed View (printed on ticket)'}]","[{'listingNoteBucketId': 21, 'formattedListingNoteContent': 'Limited view', 'displayOrder': 21, 'showsRawNoteText': False}]",703259,False,False,Row 14,False,2534760,"¥2,534,760","¥2,534,760",10,Mobile Transfer ticket,3,1,USD,JPY,5750.0,USD,"https://img.vggcdn.net/img/vfsimage2/812551/471_122860/0.jpg?im=Resize=(500,271)&v=771",7 hours ago,6,False,False,False,False,JrtUcxFGMIKD08kXCUUem2B6U%2b%2boM7ExDeNXXGSrfnE%3d,False,2026-07-18T01:47:21.1230000Z,False,False,False,False,False,False,0,False,[7],False,False,False,False,0,False,False,0,13388044073,False,37607BB7-99E3-4CF4-8645-365DFA273C7A,False,False,True,3,6.070087522682946,1.073118419,,,,,"[{'message': 'Popular Pick', 'qualifier': '4 tickets sold for this event', 'hasValue': True, 'messageType': 'BoughtInLastHourSocialProofBased'}]",[],,,,Last ticket,True,,,,,,,,,,,
13383672256,153020449,207C,1530778,207C,2,14,5_5,5,5,5,False,False,1,,False,False,[1],471,Middle,1,True,"[{'listingNoteId': -1, 'listingNoteContentId': 3338094, 'formattedListingNoteContent': 'Clear view', 'listingNoteTypeId': 3, 'showToBuyer': True, 'hideInMock': False, 'siteAddedListingNote': False, 'aisleListingNoteWithSplit': False, 'listingNoteDescriptionContentId': 3338095, 'formattedListingNoteDescription': ""You'll have an unrestricted view of the show.""}]","[{'listingNoteBucketId': 27, 'formattedListingNoteContent': 'Clear view', 'displayOrder': 8, 'showsRawNoteText': True, 'sourceListingNoteId': -1}]",1593451,False,False,Row 14,False,2544508,"¥2,544,508","¥2,544,508",10,Mobile Transfer ticket,3,1,USD,JPY,10990.0,USD,"https://img.vggcdn.net/img/vfsimage2/812551/471_1530778/0.jpg?im=Resize=(500,271)&v=771",17 hours ago,2,False,False,False,False,tbLkoTf7Snujyg4h9CS1tssZgIjrydTYIKg6IOGpQT8%3d,False,2026-07-17T15:37:46.7030000Z,False,False,False,False,False,False,0,False,[7],False,False,False,False,0,False,False,0,13383672256,False,18569258-1386-47BE-A459-A6CBE206E2BA,False,False,True,1,2.466584611747507,0.6530657106,,,,,"[{'message': 'Popular Pick', 'qualifier': '4 tickets sold for this event', 'hasValue': True, 'messageType': 'BoughtInLastHourSocialProofBased'}]",[],,,,Last ticket,True,,,,,,,,,,,
13388264807,153020449,205A,1530775,205A,2,1,_,,,,False,False,4,,False,False,"[1, 2, 4]",471,Middle,4,True,"[{'listingNoteId': 2025, 'listingNoteContentId': 3415843, 'formattedListingNoteContent': 'Front Row of Section', 'listingNoteTypeId': 6, 'showToBuyer': True, 'hideInMock': False, 'siteAddedListingNote': False, 'aisleListingNoteWithSplit': False, 'listingNoteDescriptionContentId': 3415843, 'formattedListingNoteDescription': 'Front Row of Section'}, {'listingNoteId': -1, 'listingNoteContentId': 3338094, 'formattedListingNoteContent': 'Clear view', 'listingNoteTypeId': 3, 'showToBuyer': True, 'hideInMock': False, 'siteAddedListingNote': False, 'aisleListingNoteWithSplit': False, 'listingNoteDescriptionContentId': 3338095, 'formattedListingNoteDescription': ""You'll have an unrestricted view of the show.""}]","[{'listingNoteBucketId': 14, 'formattedListingNoteContent': 'Front Row of Section', 'displayOrder': 14, 'showsRawNoteText': True, 'sourceListingNoteId': 2025}, {'listingNoteBucketId': 27, 'formattedListingNoteContent': 'Clear view', 'displayOrder': 8, 'showsRawNoteText': True, 'sourceListingNoteId': -1}]",1593529,False,False,Row 1,False,2593482,"¥2,593,482","¥2,593,482",10,Mobile Transfer ticket,3,1,USD,JPY,7380.0,USD,"https://img.vggcdn.net/img/vfsimage2/812551/471_1530775/0.jpg?im=Resize=(500,271)&v=771",6 hours ago,7,False,False,False,False,mejjTMroZpF6sxyy%2fwM7ufAjvim7%2fmCBViRL3nKnlOQ%3d,False,2026-07-18T02:44:12.4870000Z,False,False,False,False,False,False,0,False,,False,False,False,False,0,False,False,0,13388264807,False,0B7AAF7A-3C41-4EFF-85E9-792798E2D667,False,False,True,4,7.081880919045623,1.24389544,,,,,"[{'message': 'Great Value', 'qualifier': 'Based on price, view, seat quality and more', 'hasValue': True, 'messageType': 'ValueBased'}, {'message': 'Popular Pick', 'qualifier': '4 tickets sold for this event', 'hasValue': True, 'messageType': 'BoughtInLastHourSocialProofBased'}, {'message': 'Front Row', 'qualifier': 'Best seats in the house', 'hasValue': True, 'messageType': 'FirstRowTicketAttributeBased'}]",[2025],,,,,,,,,,,,,,,,
13388055650,153020449,109,122787,109,2,24,17_17,,,17,False,False,1,,False,False,[1],594,Lower,1,True,"[{'listingNoteId': -1, 'listingNoteContentId': 3338094, 'formattedListingNoteContent': 'Clear view', 'listingNoteTypeId': 3, 'showToBuyer': True, 'hideInMock': False, 'siteAddedListingNote': False, 'aisleListingNoteWithSplit': False, 'listingNoteDescriptionContentId': 3338095, 'formattedListingNoteDescription': ""You'll have an unrestricted view of the show.""}]","[{'listingNoteBucketId': 27, 'formattedListingNoteContent': 'Clear view', 'displayOrder': 8, 'showsRawNoteText': True, 'sourceListingNoteId': -1}]",2112302,False,False,Row 24,False,2604525,"¥2,604,525","¥2,604,525",10,Mobile Transfer ticket,3,14,USD,JPY,0.0,USD,"https://img.vggcdn.net/img/vfsimage2/812551/594_122787/0.jpg?im=Resize=(500,271)&v=771",7 hours ago,8,False,False,False,False,N1BNshbLKWmkOJpPhlDrVTHN2Z4BW9CgDJo8zfG3JIU%3d,False,2026-07-18T01:50:36.4630000Z,False,False,False,False,False,False,0,False,,False,False,False,False,0,False,False,0,13388055650,False,94DD2954-9E0D-4262-85EF-75D3F21F5916,False,False,True,4,7.601203675430792,1.328825035,,,,,"[{'message': 'Great Value', 'qualifier': 'Based on price, view, seat quality and more', 'hasValue': True, 'messageType': 'ValueBased'}, {'message': 'Popular Pick', 'qualifier': '4 tickets sold for this event', 'hasValue': True, 'messageType': 'BoughtInLastHourSocialProofBased'}]",[],,,,,,,,,,,,,,,,
13387928585,153020449,118,122793,118,2,16,_,,,,False,False,4,,False,False,"[1, 2, 3, 4]",594,Lower,4,True,"[{'listingNoteId': 814, 'listingNoteContentId': 2446060, 'formattedListingNoteContent': 'Limited or Obstructed View (printed on ticket)', 'listingNoteTypeId': 1, 'showToBuyer': True, 'hideInMock': False, 'siteAddedListingNote': False, 'aisleListingNoteWithSplit': False, 'listingNoteDescriptionContentId': 2446061, 'formattedListingNoteDescription': 'Limited or Obstructed View (printed on ticket)'}]","[{'listingNoteBucketId': 21, 'formattedListingNoteContent': 'Limited view', 'displayOrder': 21, 'showsRawNoteText': False}]",2112592,False,False,Row 16,False,2617808,"¥2,617,808","¥2,617,808",10,Mobile Transfer ticket,3,1,USD,JPY,10990.0,USD,"https://img.vggcdn.net/img/vfsimage2/812551/594_122793/0.jpg?im=Resize=(500,271)&v=771",7 hours ago,9,False,False,False,False,fqTTJ3goeW%2bFUJfEeHWNvxkOPOFHFFXZzChkSZCiseg%3d,False,2026-07-18T01:24:36.4100000Z,False,False,False,False,False,False,0,False,,False,False,False,False,0,False,False,0,13387928585,False,7285E127-F2DC-4F4F-A8F7-C33E35A16775,False,False,True,5,8.776677921773818,1.593780325,,,,,"[{'message': 'Amazing Value', 'qualifier': 'Based on price, view, seat quality and more', 'hasValue': True, 'messageType': 'ValueBased'}, {'message': 'Popular Pick', 'qualifier': '4 tickets sold for this event', 'hasValue': True, 'messageType': 'BoughtInLastHourSocialProofBased'}]",[],,,,,,,,,,,,,,,,
13387928582,153020449,108,122786,108,2,16,_,,,,False,False,4,,False,False,"[1, 2, 3, 4]",594,Lower,4,True,"[{'listingNoteId': 814, 'listingNoteContentId': 2446060, 'formattedListingNoteContent': 'Limited or Obstructed View (printed on ticket)', 'listingNoteTypeId': 1, 'showToBuyer': True, 'hideInMock': False, 'siteAddedListingNote': False, 'aisleListingNoteWithSplit': False, 'listingNoteDescriptionContentId': 2446061, 'formattedListingNoteDescription': 'Limited or Obstructed View (printed on ticket)'}]","[{'listingNoteBucketId': 21, 'formattedListingNoteContent': 'Limited view', 'displayOrder': 21, 'showsRawNoteText': False}]",2112259,False,False,Row 16,False,2617808,"¥2,617,808","¥2,617,808",10,Mobile Transfer ticket,3,1,USD,JPY,10990.0,USD,"https://img.vggcdn.net/img/vfsimage2/812551/594_122786/0.jpg?im=Resize=(500,271)&v=771",7 hours ago,8,False,False,False,False,fqTTJ3goeW%2bFUJfEeHWNvxkOPOFHFFXZzChkSZCiseg%3d,False,2026-07-18T01:24:36.4000000Z,False,False,False,False,False,False,0,False,,False,False,False,False,0,False,False,0,13387928582,False,DC42C428-B451-43EA-A256-0D83F75D6FCA,False,False,True,4,8.496738558378585,1.500553117,,,,,"[{'message': 'Great Value', 'qualifier': 'Based on price, view, seat quality and more', 'hasValue': True, 'messageType': 'ValueBased'}, {'message': 'Popular Pick', 'qualifier': '4 tickets sold for this event', 'hasValue': True, 'messageType': 'BoughtInLastHourSocialProofBased'}]",[],,,,,,,,,,,,,,,,
13386891497,153020449,231A,1530792,231A,2,2,16_19,,,16,False,False,4,,False,False,"[1, 2, 4]",471,Middle,4,True,"[{'listingNoteId': 2026, 'listingNoteContentId': 3415844, 'formattedListingNoteContent': 'Second Row of Section', 'listingNoteTypeId': 6, 'showToBuyer': True, 'hideInMock': False, 'siteAddedListingNote': False, 'aisleListingNoteWithSplit': False, 'listingNoteDescriptionContentId': 3415844, 'formattedListingNoteDescription': 'Second Row of Section'}, {'listingNoteId': -1, 'listingNoteContentId': 3338094, 'formattedListingNoteContent': 'Clear view', 'listingNoteTypeId': 3, 'showToBuyer': True, 'hideInMock': False, 'siteAddedListingNote': False, 'aisleListingNoteWithSplit': False, 'listingNoteDescriptionContentId': 3338095, 'formattedListingNoteDescription': ""You'll have an unrestricted view of the show.""}]","[{'listingNoteBucketId': 14, 'formattedListingNoteContent': 'Second Row of Section', 'displayOrder': 14, 'showsRawNoteText': True, 'sourceListingNoteId': 2026}, {'listingNoteBucketId': 27, 'formattedListingNoteContent': 'Clear view', 'displayOrder': 8, 'showsRawNoteText': True, 'sourceListingNoteId': -1}]",1593666,False,False,Row 2,False,2632234,"¥2,632,234","¥2,632,234",10,Mobile Transfer ticket,3,1,USD,JPY,0.0,USD,"https://img.vggcdn.net/img/vfsimage2/812551/471_1530792/0.jpg?im=Resize=(500,271)&v=771",10 hours ago,8,False,False,False,False,J6JR8OBaehhDB1kEU8m3nOjseNSqjvKH0g%2flMe1kwQY%3d,False,2026-07-17T22:45:21.2300000Z,False,False,False,False,False,False,0,False,[7],False,False,False,False,0,False,False,0,13386891497,False,4D3C2ADC-02A9-4A66-B589-2C62C7CC56E0,False,False,True,4,7.5291090766091315,1.331183615,,,,,"[{'message': 'Great Value', 'qualifier': 'Based on price, view, seat quality and more', 'hasValue': True, 'messageType': 'ValueBased'}, {'message': 'Popular Pick', 'qualifier': '4 tickets sold for this event', 'hasValue': True, 'messageType': 'BoughtInLastHourSocialProofBased'}, {'message': 'Second Row', 'qualifier': 'Premium close-up view', 'hasValue': True, 'messageType': 'SecondRowTicketAttributeBased'}]",[2026],,,,Last tickets,True,,,,,,,,,,,
13386360429,153020449,245C,1530797,245C,2,8,_,,,,False,False,1,,False,False,[1],471,Middle,1,True,"[{'listingNoteId': 175, 'listingNoteContentId': 2444706, 'formattedListingNoteContent': 'Unlimited Food and Drinks', 'listingNoteTypeId': 3, 'showToBuyer': True, 'hideInMock': False, 'siteAddedListingNote': False, 'aisleListingNoteWithSplit': False, 'listingNoteDescriptionContentId': 2444707, 'formattedListingNoteDescription': 'Includes unlimited food and drinks (beer, wine and soft drinks)'}, {'listingNoteId': 2344, 'listingNoteContentId': 4216766, 'formattedListingNoteContent': 'Includes Offsite Hospitality', 'listingNoteTypeId': 3, 'showToBuyer': True, 'hideInMock': False, 'siteAddedListingNote': False, 'aisleListingNoteWithSplit': False, 'formattedListingNoteDescription': ''}, {'listingNoteId': -1, 'listingNoteContentId': 3338094, 'formattedListingNoteContent': 'Clear view', 'listingNoteTypeId': 3, 'showToBuyer': True, 'hideInMock': False, 'siteAddedListingNote': False, 'aisleListingNoteWithSplit': False, 'listingNoteDescriptionContentId': 3338095, 'formattedListingNoteDescription': ""You'll have an unrestricted view of the show.""}]","[{'listingNoteBucketId': 7, 'formattedListingNoteContent': 'Food & beverages', 'displayOrder': 7, 'showsRawNoteText': False}, {'listingNoteBucketId': 0, 'formattedListingNoteContent': 'Includes Offsite Hospitality', 'displayOrder': 30, 'showsRawNoteText': True, 'sourceListingNoteId': 2344}, {'listingNoteBucketId': 27, 'formattedListingNoteContent': 'Clear view', 'displayOrder': 8, 'showsRawNoteText': True, 'sourceListingNoteId': -1}]",1593500,False,False,Row 8,False,2632234,"¥2,632,234","¥2,632,234",10,Mobile Transfer ticket,3,1,USD,JPY,81000.0,USD,"https://img.vggcdn.net/img/vfsimage2/812551/471_1530797/0.jpg?im=Resize=(500,271)&v=771",11 hours ago,6,False,False,False,False,XAOQSpHsuLA9bJM8SaMacpMCvVPEFVaOhvviMmRJgxo%3d,False,2026-07-17T21:27:35.4900000Z,False,False,False,False,False,False,0,False,[7],False,False,False,False,0,False,False,0,13386360429,False,73CFD45F-380D-4C26-82CF-52CAA9D0385E,False,False,True,3,6.000715525591359,1.105408606,,,,,"[{'message': 'Popular Pick', 'qualifier': '4 tickets sold for this event', 'hasValue': True, 'messageType': 'BoughtInLastHourSocialProofBased'}]",[],,,,Last ticket,True,,,,,,,,,,,
13388306368,153020449,124,122796,124,2,4,_,,,,False,False,4,,False,False,"[1, 2, 4]",594,Lower,4,True,"[{'listingNoteId': -1, 'listingNoteContentId': 3338094, 'formattedListingNoteContent': 'Clear view', 'listingNoteTypeId': 3, 'showToBuyer': True, 'hideInMock': False, 'siteAddedListingNote': False, 'aisleListingNoteWithSplit': False, 'listingNoteDescriptionContentId': 3338095, 'formattedListingNoteDescription': ""You'll have an unrestricted view of the show.""}]","[{'listingNoteBucketId': 27, 'formattedListingNoteContent': 'Clear view', 'displayOrder': 8, 'showsRawNoteText': True, 'sourceListingNoteId': -1}]",2112749,False,False,Row 4,False,2682046,"¥2,682,046","¥2,682,046",10,Mobile Transfer ticket,3,1,USD,JPY,10990.0,USD,"https://img.vggcdn.net/img/vfsimage2/812551/594_122796/0.jpg?im=Resize=(500,271)&v=771",6 hours ago,9,False,False,False,False,TpoYweNVtFHGwrDYyg9yeJrbhfSMKO%2f7KybsyNE4q4c%3d,False,2026-07-18T02:57:39.3530000Z,False,False,False,False,False,False,0,False,,False,False,False,False,0,False,False,0,13388306368,False,DE511E75-0056-4B8A-91B2-CB6F1A370EAD,False,False,True,5,8.61401003317821,1.576028866,,,,,"[{'message': 'Amazing Value', 'qualifier': 'Based on price, view, seat quality and more', 'hasValue': True, 'messageType': 'ValueBased'}, {'message': 'Popular Pick', 'qualifier': '4 tickets sold for this event', 'hasValue': True, 'messageType': 'BoughtInLastHourSocialProofBased'}]",[],,,,,,,,,,,,,,,,
13387914969,153020449,217,122849,217,2,12,17_18,,,17,False,False,2,,False,False,"[1, 2]",471,Middle,2,True,"[{'listingNoteId': -1, 'listingNoteContentId': 3338094, 'formattedListingNoteContent': 'Clear view', 'listingNoteTypeId': 3, 'showToBuyer': True, 'hideInMock': False, 'siteAddedListingNote': False, 'aisleListingNoteWithSplit': False, 'listingNoteDescriptionContentId': 3338095, 'formattedListingNoteDescription': ""You'll have an unrestricted view of the show.""}]","[{'listingNoteBucketId': 27, 'formattedListingNoteContent': 'Clear view', 'displayOrder': 8, 'showsRawNoteText': True, 'sourceListingNoteId': -1}]",702936,False,False,Row 12,False,2688710,"¥2,688,710","¥2,688,710",10,Mobile Transfer ticket,3,1,USD,JPY,10990.0,USD,"https://img.vggcdn.net/img/vfsimage2/812551/471_122849/0.jpg?im=Resize=(500,271)&v=771",7 hours ago,8,False,False,False,False,aT8SOphqqP1HAmMUWVvH3kpDB5pnIvH3QaGt7HlG2XU%3d,False,2026-07-18T01:22:15.4930000Z,False,False,False,False,False,False,0,False,,False,False,False,False,0,False,False,0,13387914969,False,EBDE7DC3-250B-445F-A7CD-EDCE001B5F15,False,False,True,4,7.534922799326803,1.360712054,,,,,"[{'message': 'Great Value', 'qualifier': 'Based on price, view, seat quality and more', 'hasValue': True, 'messageType': 'ValueBased'}, {'message': 'Popular Pick', 'qualifier': '4 tickets sold for this event', 'hasValue': True, 'messageType': 'BoughtInLastHourSocialProofBased'}]",[],"¥4,429,095",39.0,"¥1,740,385",,,,,,,,,,,,,
13387832166,153020449,117,122792,117,2,15,21_21,21,21,21,False,False,1,,False,False,[1],594,Lower,1,True,"[{'listingNoteId': 814, 'listingNoteContentId': 2446060, 'formattedListingNoteContent': 'Limited or Obstructed View (printed on ticket)', 'listingNoteTypeId': 1, 'showToBuyer': True, 'hideInMock': False, 'siteAddedListingNote': False, 'aisleListingNoteWithSplit': False, 'listingNoteDescriptionContentId': 2446061, 'formattedListingNoteDescription': 'Limited or Obstructed View (printed on ticket)'}]","[{'listingNoteBucketId': 21, 'formattedListingNoteContent': 'Limited view', 'displayOrder': 21, 'showsRawNoteText': False}]",2112554,False,False,Row 15,False,2711579,"¥2,711,579","¥2,711,579",10,Mobile Transfer ticket,3,1,EUR,JPY,11000.0,EUR,"https://img.vggcdn.net/img/vfsimage2/812551/594_122792/0.jpg?im=Resize=(500,271)&v=771",7 hours ago,9,False,False,False,False,KDB%2bR1OnGO5cKfXlxbBdyJ0fIEkpI%2f0JplWyK%2bG5pJA%3d,False,2026-07-18T01:07:27.2570000Z,False,False,False,False,False,False,0,False,[7],False,False,False,False,0,False,False,0,13387832166,False,F1225C6C-0BCA-4F6A-A2C1-5265016111DC,False,False,True,5,9.011827780416263,1.741732796,,,,,"[{'message': 'Amazing Value', 'qualifier': 'Based on price, view, seat quality and more', 'hasValue': True, 'messageType': 'ValueBased'}, {'message': 'Popular Pick', 'qualifier': '4 tickets sold for this event', 'hasValue': True, 'messageType': 'BoughtInLastHourSocialProofBased'}]",[],,,,Last ticket,True,,,,,,,,,,,
13389264011,153020449,101,122782,101,2,14,9_9,9,9,9,False,False,1,,False,False,[1],594,Lower,1,True,"[{'listingNoteId': -1, 'listingNoteContentId': 3338094, 'formattedListingNoteContent': 'Clear view', 'listingNoteTypeId': 3, 'showToBuyer': True, 'hideInMock': False, 'siteAddedListingNote': False, 'aisleListingNoteWithSplit': False, 'listingNoteDescriptionContentId': 3338095, 'formattedListingNoteDescription': ""You'll have an unrestricted view of the show.""}]","[{'listingNoteBucketId': 27, 'formattedListingNoteContent': 'Clear view', 'displayOrder': 8, 'showsRawNoteText': True, 'sourceListingNoteId': -1}]",2112068,False,False,Row 14,False,2719960,"¥2,719,960","¥2,719,960",10,Mobile Transfer ticket,3,1,USD,JPY,0.0,USD,"https://img.vggcdn.net/img/vfsimage2/812551/594_122782/0.jpg?im=Resize=(500,271)&v=771",3 hours ago,8,False,False,False,False,rrCBgESVrS2yGkCbBuqquiRhu6EMny0mBs%2bkHJkLfgY%3d,False,2026-07-18T05:52:02.5300000Z,False,False,False,False,False,False,0,False,,False,False,False,False,0,False,False,0,13389264011,False,33A1EA76-0D92-4540-8B48-74F878B7EC64,False,False,True,4,7.92968614359897,1.446035113,,,,,"[{'message': 'Great Value', 'qualifier': 'Based on price, view, seat quality and more', 'hasValue': True, 'messageType': 'ValueBased'}, {'message': 'Popular Pick', 'qualifier': '4 tickets sold for this event', 'hasValue': True, 'messageType': 'BoughtInLastHourSocialProofBased'}]",[],,,,,,,,,,,,,,,,
13387740657,153020449,124,122796,124,2,2,18_18,18,18,18,False,False,1,,False,False,[1],594,Lower,1,True,"[{'listingNoteId': 2026, 'listingNoteContentId': 3415844, 'formattedListingNoteContent': 'Second Row of Section', 'listingNoteTypeId': 6, 'showToBuyer': True, 'hideInMock': False, 'siteAddedListingNote': False, 'aisleListingNoteWithSplit': False, 'listingNoteDescriptionContentId': 3415844, 'formattedListingNoteDescription': 'Second Row of Section'}, {'listingNoteId': -1, 'listingNoteContentId': 3338094, 'formattedListingNoteContent': 'Clear view', 'listingNoteTypeId': 3, 'showToBuyer': True, 'hideInMock': False, 'siteAddedListingNote': False, 'aisleListingNoteWithSplit': False, 'listingNoteDescriptionContentId': 3338095, 'formattedListingNoteDescription': ""You'll have an unrestricted view of the show.""}]","[{'listingNoteBucketId': 14, 'formattedListingNoteContent': 'Second Row of Section', 'displayOrder': 14, 'showsRawNoteText': True, 'sourceListingNoteId': 2026}, {'listingNoteBucketId': 27, 'formattedListingNoteContent': 'Clear view', 'displayOrder': 8, 'showsRawNoteText': True, 'sourceListingNoteId': -1}]",2112727,False,False,Row 2,False,2729513,"¥2,729,513","¥2,729,513",10,Mobile Transfer ticket,3,1,CAD,JPY,15290.0,CAD,"https://img.vggcdn.net/img/vfsimage2/812551/594_122796/0.jpg?im=Resize=(500,271)&v=771",8 hours ago,9,False,False,False,False,H2SQ8Vrsb3jq1x0%2bbsEaLB352ERn5NKsz3IBWbCaYLI%3d,False,2026-07-18T00:42:32.3030000Z,False,False,False,False,False,False,0,False,,False,False,False,False,0,False,False,0,13387740657,False,0428E9EB-C16E-4D5F-96AF-79FAA6FFF7AA,False,False,True,5,8.638519352223806,1.612385673,,,,,"[{'message': 'Amazing Value', 'qualifier': 'Based on price, view, seat quality and more', 'hasValue': True, 'messageType': 'ValueBased'}, {'message': 'Popular Pick', 'qualifier': '4 tickets sold for this event', 'hasValue': True, 'messageType': 'BoughtInLastHourSocialProofBased'}, {'message': 'Second Row', 'qualifier': 'Premium close-up view', 'hasValue': True, 'messageType': 'SecondRowTicketAttributeBased'}]",[2026],"¥4,634,295",41.0,"¥1,904,782",,,,,,,,,,,,,
13388649991,153020449,149,122812,149,2,8,19_19,19,19,19,False,False,1,,False,False,[1],594,Lower,1,True,"[{'listingNoteId': -1, 'listingNoteContentId': 3338094, 'formattedListingNoteContent': 'Clear view', 'listingNoteTypeId': 3, 'showToBuyer': True, 'hideInMock': False, 'siteAddedListingNote': False, 'aisleListingNoteWithSplit': False, 'listingNoteDescriptionContentId': 3338095, 'formattedListingNoteDescription': ""You'll have an unrestricted view of the show.""}]","[{'listingNoteBucketId': 27, 'formattedListingNoteContent': 'Clear view', 'displayOrder': 8, 'showsRawNoteText': True, 'sourceListingNoteId': -1}]",2113373,False,False,Row 8,False,2737505,"¥2,737,505","¥2,737,505",10,Mobile Transfer ticket,3,1,USD,JPY,0.0,USD,"https://img.vggcdn.net/img/vfsimage2/812551/594_122812/0.jpg?im=Resize=(500,271)&v=771",4 hours ago,8,False,False,False,False,M%2fKYVcpRGPWXyLvswE09NXAl7sDUIuPTK0pUOl7H85A%3d,False,2026-07-18T04:18:42.2730000Z,False,False,False,False,False,False,0,False,,False,False,False,False,0,False,False,0,13388649991,False,D642191A-851D-4E7A-8E43-D3974FFF6648,False,False,True,4,8.20771672485493,1.509028498,,,,,"[{'message': 'Great Value', 'qualifier': 'Based on price, view, seat quality and more', 'hasValue': True, 'messageType': 'ValueBased'}, {'message': 'Popular Pick', 'qualifier': '4 tickets sold for this event', 'hasValue': True, 'messageType': 'BoughtInLastHourSocialProofBased'}]",[],"¥3,980,636",31.0,"¥1,243,131",,,,,,,,,,,,,
13381624002,153020449,133,122801,133,2,,_,,,,False,False,3,,False,False,"[1, 3]",594,Lower,3,True,"[{'listingNoteId': -1, 'listingNoteContentId': 3338094, 'formattedListingNoteContent': 'Clear view', 'listingNoteTypeId': 3, 'showToBuyer': True, 'hideInMock': False, 'siteAddedListingNote': False, 'aisleListingNoteWithSplit': False, 'listingNoteDescriptionContentId': 3338095, 'formattedListingNoteDescription': ""You'll have an unrestricted view of the show.""}]","[{'listingNoteBucketId': 27, 'formattedListingNoteContent': 'Clear view', 'displayOrder': 8, 'showsRawNoteText': True, 'sourceListingNoteId': -1}]",108763,False,False,Row,True,2788171,"¥2,788,171","¥2,788,171",10,Mobile Transfer ticket,3,1,EUR,JPY,5570.0,EUR,"https://img.vggcdn.net/img/vfsimage2/812551/594_122801/0.jpg?im=Resize=(500,271)&v=771",yesterday,6,False,False,False,False,OgUgU8fw5MSaG4yMu7rrCWlRIQpG88RBNSRfTZyKDAA%3d,False,2026-07-17T08:52:50.4630000Z,False,False,False,False,False,False,0,False,[7],False,False,False,False,0,False,False,0,13381624002,False,A43556C6-3C42-45E4-A812-EAEB5349CFEF,False,False,True,3,5.5736830556192585,1.115548226,,,,,"[{'message': 'Popular Pick', 'qualifier': '4 tickets sold for this event', 'hasValue': True, 'messageType': 'BoughtInLastHourSocialProofBased'}]",[],,,,Last tickets,True,,,,,,,,,,,
13384129659,153020449,342,122935,342,2,14,_,,,,False,False,4,,False,False,"[1, 2, 3, 4]",407,Upper,4,True,"[{'listingNoteId': -1, 'listingNoteContentId': 3338094, 'formattedListingNoteContent': 'Clear view', 'listingNoteTypeId': 3, 'showToBuyer': True, 'hideInMock': False, 'siteAddedListingNote': False, 'aisleListingNoteWithSplit': False, 'listingNoteDescriptionContentId': 3338095, 'formattedListingNoteDescription': ""You'll have an unrestricted view of the show.""}]","[{'listingNoteBucketId': 27, 'formattedListingNoteContent': 'Clear view', 'displayOrder': 8, 'showsRawNoteText': True, 'sourceListingNoteId': -1}]",704430,False,False,Row 14,False,2811244,"¥2,811,244","¥2,811,244",10,Mobile Transfer ticket,3,1,USD,JPY,0.0,USD,"https://img.vggcdn.net/img/vfsimage2/812551/407_122935/0.jpg?im=Resize=(500,271)&v=771",16 hours ago,3,False,False,False,False,IK4RPlg55SPNbh9%2b9the961KgEUk7aZQ2tws5SOva98%3d,False,2026-07-17T16:37:34.2600000Z,False,False,False,False,False,False,0,False,,False,False,False,False,0,False,False,0,13384129659,False,F5FBD4BF-0768-4915-8832-E35C85517CF8,False,False,True,2,3.1495626640101837,0.8097118042,,,,,"[{'message': 'Popular Pick', 'qualifier': '4 tickets sold for this event', 'hasValue': True, 'messageType': 'BoughtInLastHourSocialProofBased'}]",[],,,,,,,,,,,,,,,,
13388212550,153020449,108,122786,108,2,15,_,,,,False,False,3,,False,False,"[1, 3]",594,Lower,3,True,"[{'listingNoteId': 814, 'listingNoteContentId': 2446060, 'formattedListingNoteContent': 'Limited or Obstructed View (printed on ticket)', 'listingNoteTypeId': 1, 'showToBuyer': True, 'hideInMock': False, 'siteAddedListingNote': False, 'aisleListingNoteWithSplit': False, 'listingNoteDescriptionContentId': 2446061, 'formattedListingNoteDescription': 'Limited or Obstructed View (printed on ticket)'}]","[{'listingNoteBucketId': 21, 'formattedListingNoteContent': 'Limited view', 'displayOrder': 21, 'showsRawNoteText': False}]",2112258,False,False,Row 15,False,2865979,"¥2,865,979","¥2,865,979",10,Mobile Transfer ticket,3,1,USD,JPY,1099.0,USD,"https://img.vggcdn.net/img/vfsimage2/812551/594_122786/0.jpg?im=Resize=(500,271)&v=771",6 hours ago,8,False,False,False,False,jzutkzZihJZHzFITmlXZpH9%2fSYebHYXgTFu3lgQ3Y%2bk%3d,False,2026-07-18T02:32:23.4700000Z,False,False,False,False,False,False,0,False,,False,False,False,False,0,False,False,0,13388212550,False,BAB5D96B-9EF7-453C-8D69-AB85F64DB59E,False,False,True,4,7.877487402004387,1.513572,,,,,"[{'message': 'Great Value', 'qualifier': 'Based on price, view, seat quality and more', 'hasValue': True, 'messageType': 'ValueBased'}, {'message': 'Popular Pick', 'qualifier': '4 tickets sold for this event', 'hasValue': True, 'messageType': 'BoughtInLastHourSocialProofBased'}]",[],,,,,,,,,,,,,,,,
13387921180,153020449,217,122849,217,2,11,_,,,,False,False,3,,False,False,"[1, 3]",471,Middle,3,True,"[{'listingNoteId': -1, 'listingNoteContentId': 3338094, 'formattedListingNoteContent': 'Clear view', 'listingNoteTypeId': 3, 'showToBuyer': True, 'hideInMock': False, 'siteAddedListingNote': False, 'aisleListingNoteWithSplit': False, 'listingNoteDescriptionContentId': 3338095, 'formattedListingNoteDescription': ""You'll have an unrestricted view of the show.""}]","[{'listingNoteBucketId': 27, 'formattedListingNoteContent': 'Clear view', 'displayOrder': 8, 'showsRawNoteText': True, 'sourceListingNoteId': -1}]",702935,False,False,Row 11,False,2866170,"¥2,866,170","¥2,866,170",10,Mobile Transfer ticket,3,1,USD,JPY,10990.0,USD,"https://img.vggcdn.net/img/vfsimage2/812551/471_122849/0.jpg?im=Resize=(500,271)&v=771",7 hours ago,7,False,False,False,False,CAcRhqn9wLRHmAWJy549pLGSFPRltQfAz%2fUe6HXpcf0%3d,False,2026-07-18T01:23:34.2300000Z,False,False,False,False,False,False,0,False,,False,False,False,False,0,False,False,0,13387921180,False,C7C63A31-6645-4758-96F8-FB65C57BF9BC,False,False,True,4,7.2256574607550235,1.397897973,,,,,"[{'message': 'Great Value', 'qualifier': 'Based on price, view, seat quality and more', 'hasValue': True, 'messageType': 'ValueBased'}, {'message': 'Popular Pick', 'qualifier': '4 tickets sold for this event', 'hasValue': True, 'messageType': 'BoughtInLastHourSocialProofBased'}]",[],,,,,,,,,,,,,,,,
13387921218,153020449,217,122849,217,2,12,_,,,,False,False,3,,False,False,"[1, 3]",471,Middle,3,True,"[{'listingNoteId': -1, 'listingNoteContentId': 3338094, 'formattedListingNoteContent': 'Clear view', 'listingNoteTypeId': 3, 'showToBuyer': True, 'hideInMock': False, 'siteAddedListingNote': False, 'aisleListingNoteWithSplit': False, 'listingNoteDescriptionContentId': 3338095, 'formattedListingNoteDescription': ""You'll have an unrestricted view of the show.""}]","[{'listingNoteBucketId': 27, 'formattedListingNoteContent': 'Clear view', 'displayOrder': 8, 'showsRawNoteText': True, 'sourceListingNoteId': -1}]",702936,False,False,Row 12,False,2866170,"¥2,866,170","¥2,866,170",10,Mobile Transfer ticket,3,1,USD,JPY,10990.0,USD,"https://img.vggcdn.net/img/vfsimage2/812551/471_122849/0.jpg?im=Resize=(500,271)&v=771",7 hours ago,7,False,False,False,False,CAcRhqn9wLRHmAWJy549pLGSFPRltQfAz%2fUe6HXpcf0%3d,False,2026-07-18T01:23:34.4100000Z,False,False,False,False,False,False,0,False,,False,False,False,False,0,False,False,0,13387921218,False,F2A11A3E-5608-46DF-A80A-EDE80A595553,False,False,True,3,6.99389980019097,1.360712054,,,,,"[{'message': 'Popular Pick', 'qualifier': '4 tickets sold for this event', 'hasValue': True, 'messageType': 'BoughtInLastHourSocialProofBased'}]",[],,,,,,,,,,,,,,,,
13082004275,153020449,121,122794,121,2,15,15_15,15,15,15,False,False,1,,False,False,[1],594,Lower,1,True,"[{'listingNoteId': -1, 'listingNoteContentId': 3338094, 'formattedListingNoteContent': 'Clear view', 'listingNoteTypeId': 3, 'showToBuyer': True, 'hideInMock': False, 'siteAddedListingNote': False, 'aisleListingNoteWithSplit': False, 'listingNoteDescriptionContentId': 3338095, 'formattedListingNoteDescription': ""You'll have an unrestricted view of the show.""}]","[{'listingNoteBucketId': 27, 'formattedListingNoteContent': 'Clear view', 'displayOrder': 8, 'showsRawNoteText': True, 'sourceListingNoteId': -1}]",2112627,False,False,Row 15,False,2877867,"¥2,877,867","¥2,877,867",10,Mobile Transfer ticket,3,1,USD,JPY,,USD,"https://img.vggcdn.net/img/vfsimage2/812551/594_122794/0.jpg?im=Resize=(500,271)&v=771",28 days ago,7,False,False,False,False,%2f1MOhJ2Wy8pAfXjVg%2fP5%2bCKmM3Kt1wP3IxGT2q6YySo%3d,False,2026-06-20T03:35:06.4300000Z,False,False,False,False,False,False,0,False,,False,False,False,False,0,False,False,0,13082004275,False,18B76DE2-4CB5-41BA-81E0-CF874C73A56F,False,False,True,4,7.034773414137123,1.372853714,,,,,"[{'message': 'Great Value', 'qualifier': 'Based on price, view, seat quality and more', 'hasValue': True, 'messageType': 'ValueBased'}, {'message': 'Popular Pick', 'qualifier': '4 tickets sold for this event', 'hasValue': True, 'messageType': 'BoughtInLastHourSocialProofBased'}]",[],,,,,,,,,,,,,,,,
13229979945,153020449,Lower,1546666,Lower,3,,_,,,,False,False,4,,False,False,"[1, 2, 3, 4]",594,Lower,4,True,"[{'listingNoteId': -1, 'listingNoteContentId': 3338094, 'formattedListingNoteContent': 'Clear view', 'listingNoteTypeId': 3, 'showToBuyer': True, 'hideInMock': False, 'siteAddedListingNote': False, 'aisleListingNoteWithSplit': False, 'listingNoteDescriptionContentId': 3338095, 'formattedListingNoteDescription': ""You'll have an unrestricted view of the show.""}]","[{'listingNoteBucketId': 27, 'formattedListingNoteContent': 'Clear view', 'displayOrder': 8, 'showsRawNoteText': True, 'sourceListingNoteId': -1}]",1641233,False,False,Row,True,2878862,"¥2,878,862","¥2,878,862",10,Mobile Transfer ticket,3,1,EUR,JPY,3000.0,EUR,"https://img.vggcdn.net/img/vfsimage2/812551/594_1546666/0.jpg?im=Resize=(500,271)&v=771",14 days ago,0,False,False,True,True,OjwJo5FgpJMW5dAvjmR1PdKZ8ni%2fOjar6LaajHZtFFU%3d,False,2026-07-03T14:53:33.3270000Z,False,False,False,False,False,False,0,False,[7],False,False,False,False,0,False,False,0,13229979945,False,2D73CEC3-B96F-45FD-B747-37D40A302800,False,False,True,0,,,,,,,"[{'message': 'Popular Pick', 'qualifier': '4 tickets sold for this event', 'hasValue': True, 'messageType': 'BoughtInLastHourSocialProofBased'}]",[],,,,Last tickets,True,,,,,,,,,,,
13386082810,153020449,131,122800,131,2,22,_,,,,False,False,1,,False,False,[1],594,Lower,1,True,"[{'listingNoteId': 2, 'listingNoteContentId': 1035272, 'formattedListingNoteContent': 'Ticket and meal package', 'listingNoteTypeId': 3, 'showToBuyer': True, 'hideInMock': False, 'siteAddedListingNote': False, 'aisleListingNoteWithSplit': False, 'listingNoteDescriptionContentId': 1277356, 'formattedListingNoteDescription': 'This package comes with a ticket to see your favorite performer along with a free meal!'}, {'listingNoteId': 189, 'listingNoteContentId': 2444744, 'formattedListingNoteContent': 'Complimentary Food & Soft drinks', 'listingNoteTypeId': 3, 'showToBuyer': True, 'hideInMock': False, 'siteAddedListingNote': False, 'aisleListingNoteWithSplit': False, 'listingNoteDescriptionContentId': 3876389, 'formattedListingNoteDescription': 'Complimentary Food & Soft drinks'}, {'listingNoteId': -1, 'listingNoteContentId': 3338094, 'formattedListingNoteContent': 'Clear view', 'listingNoteTypeId': 3, 'showToBuyer': True, 'hideInMock': False, 'siteAddedListingNote': False, 'aisleListingNoteWithSplit': False, 'listingNoteDescriptionContentId': 3338095, 'formattedListingNoteDescription': ""You'll have an unrestricted view of the show.""}]","[{'listingNoteBucketId': 7, 'formattedListingNoteContent': 'Food & beverages', 'displayOrder': 7, 'showsRawNoteText': False}, {'listingNoteBucketId': 27, 'formattedListingNoteContent': 'Clear view', 'displayOrder': 8, 'showsRawNoteText': True, 'sourceListingNoteId': -1}]",2112920,False,False,Row 22,False,2884212,"¥2,884,212","¥2,884,212",10,Mobile Transfer ticket,3,1,GBP,JPY,9000.0,GBP,"https://img.vggcdn.net/img/vfsimage2/812551/594_122800/0.jpg?im=Resize=(500,271)&v=771",12 hours ago,7,False,False,False,False,xd0p6bXfaqFq4ZQs9OPPgfg9zTC7IRv0pYaXI6OQ8TQ%3d,False,2026-07-17T20:37:40.2030000Z,False,False,False,False,False,False,0,False,[7],False,False,False,False,0,False,False,0,13386082810,False,827471C2-645E-43C6-BF7E-E7636C72575E,False,False,True,3,6.7917878229311155,1.333864034,,,,,"[{'message': 'Popular Pick', 'qualifier': '4 tickets sold for this event', 'hasValue': True, 'messageType': 'BoughtInLastHourSocialProofBased'}]",[],"¥4,229,744",32.0,"¥1,345,532",Last ticket,True,,,,,,,,,,,
13315732316,153020449,343,122936,343,2,15,_,,,,False,False,1,,False,False,[1],407,Upper,1,True,"[{'listingNoteId': 138, 'listingNoteContentId': 2444629, 'formattedListingNoteContent': 'Paperless Tickets', 'listingNoteTypeId': 4, 'showToBuyer': True, 'hideInMock': False, 'siteAddedListingNote': False, 'aisleListingNoteWithSplit': False, 'listingNoteDescriptionContentId': 2444630, 'formattedListingNoteDescription': 'Paperless Tickets. Instructions for entry will be included in order confirmation email.'}, {'listingNoteId': 1013, 'listingNoteContentId': 2446467, 'formattedListingNoteContent': 'Food and Beverages Available for Purchase', 'listingNoteTypeId': 4, 'showToBuyer': True, 'hideInMock': False, 'siteAddedListingNote': False, 'aisleListingNoteWithSplit': False, 'listingNoteDescriptionContentId': 2446468, 'formattedListingNoteDescription': 'Food and Beverages Available for Purchase'}, {'listingNoteId': -1, 'listingNoteContentId': 3338094, 'formattedListingNoteContent': 'Clear view', 'listingNoteTypeId': 3, 'showToBuyer': True, 'hideInMock': False, 'siteAddedListingNote': False, 'aisleListingNoteWithSplit': False, 'listingNoteDescriptionContentId': 3338095, 'formattedListingNoteDescription': ""You'll have an unrestricted view of the show.""}]","[{'listingNoteBucketId': 8, 'formattedListingNoteContent': 'Food & beverage options', 'displayOrder': 8, 'showsRawNoteText': False}, {'listingNoteBucketId': 0, 'formattedListingNoteContent': 'Paperless Tickets', 'displayOrder': 30, 'showsRawNoteText': True, 'sourceListingNoteId': 138}, {'listingNoteBucketId': 27, 'formattedListingNoteContent': 'Clear view', 'displayOrder': 8, 'showsRawNoteText': True, 'sourceListingNoteId': -1}]",704453,False,False,Row 15,False,2906291,"¥2,906,291","¥2,906,291",10,Mobile Transfer ticket,3,1,USD,JPY,50.0,USD,"https://img.vggcdn.net/img/vfsimage2/812551/407_122936/0.jpg?im=Resize=(500,271)&v=771",7 days ago,3,False,False,False,False,kFXsDYbQQebC1r3%2fgKsJ8915dRrP79nW7YEKLbajSHA%3d,False,2026-07-10T15:20:09.2330000Z,False,False,False,False,False,False,0,False,[7],False,False,False,False,0,False,False,0,13315732316,False,A59DDE8F-756E-45CE-9153-C1DCF57132C4,False,False,True,2,2.556168021558145,0.7786786296,,,,,"[{'message': 'Popular Pick', 'qualifier': '4 tickets sold for this event', 'hasValue': True, 'messageType': 'BoughtInLastHourSocialProofBased'}]",[],,,,Last ticket,True,,,,,,,,,,,
13364358738,153020449,FIFA Pavilion,2216545,FIFA Pavilion,2,,_,,,,False,False,1,,False,False,[1],1068,Hospitality,1,True,"[{'listingNoteId': 263, 'listingNoteContentId': 2444900, 'formattedListingNoteContent': 'VIP Club', 'listingNoteTypeId': 3, 'showToBuyer': True, 'hideInMock': False, 'siteAddedListingNote': False, 'aisleListingNoteWithSplit': False, 'listingNoteDescriptionContentId': 2444901, 'formattedListingNoteDescription': 'VIP Club - Club opens 90 minutes prior to tipoff and offers access to a lounge area with televisions, plush seating and private restrooms as well as all-inclusive food, draft beer, and house wine'}, {'listingNoteId': 424, 'listingNoteContentId': 2445241, 'formattedListingNoteContent': 'Access to VIP Club', 'listingNoteTypeId': 3, 'showToBuyer': True, 'hideInMock': False, 'siteAddedListingNote': False, 'aisleListingNoteWithSplit': False, 'formattedListingNoteDescription': ''}, {'listingNoteId': 1028, 'listingNoteContentId': 2446497, 'formattedListingNoteContent': 'Includes unlimited food and drinks (beer, wine and liquor)', 'listingNoteTypeId': 3, 'showToBuyer': True, 'hideInMock': False, 'siteAddedListingNote': False, 'aisleListingNoteWithSplit': False, 'listingNoteDescriptionContentId': 2446498, 'formattedListingNoteDescription': 'Includes unlimited food and drinks (beer, wine and liquor)'}, {'listingNoteId': -1, 'listingNoteContentId': 3338094, 'formattedListingNoteContent': 'Clear view', 'listingNoteTypeId': 3, 'showToBuyer': True, 'hideInMock': False, 'siteAddedListingNote': False, 'aisleListingNoteWithSplit': False, 'listingNoteDescriptionContentId': 3338095, 'formattedListingNoteDescription': ""You'll have an unrestricted view of the show.""}]","[{'listingNoteBucketId': 1, 'formattedListingNoteContent': 'VIP packages', 'displayOrder': 1, 'showsRawNoteText': False}, {'listingNoteBucketId': 7, 'formattedListingNoteContent': 'Food & beverages', 'displayOrder': 7, 'showsRawNoteText': False}, {'listingNoteBucketId': 27, 'formattedListingNoteContent': 'Clear view', 'displayOrder': 8, 'showsRawNoteText': True, 'sourceListingNoteId': -1}]",4415942,False,False,Row,True,2917344,"¥2,917,344","¥2,917,344",10,Mobile Transfer ticket,3,1,USD,JPY,20000.0,USD,"https://img.vggcdn.net/img/vfsimage2/812551/1068_2216545/0.jpg?im=Resize=(500,271)&v=771",2 days ago,7,False,False,False,False,yvrHMUYL5CRHtrfoC%2fsokPU3iMwskot2VBI3TldR8TA%3d,False,2026-07-15T21:49:03.6170000Z,False,False,False,False,False,False,0,False,[7],False,False,False,False,0,False,False,0,13364358738,False,7C8B177E-B176-4C61-BCCA-63300EDB81C3,False,False,True,3,6.8676571820906025,1.362416107,,,,,"[{'message': 'Popular Pick', 'qualifier': '4 tickets sold for this event', 'hasValue': True, 'messageType': 'BoughtInLastHourSocialProofBased'}]",[],,,,Last ticket,True,,,,,,,,,,,
13388040631,153020449,108,122786,108,2,14,12_12,,,12,False,False,1,,False,False,[1],594,Lower,1,True,"[{'listingNoteId': 814, 'listingNoteContentId': 2446060, 'formattedListingNoteContent': 'Limited or Obstructed View (printed on ticket)', 'listingNoteTypeId': 1, 'showToBuyer': True, 'hideInMock': False, 'siteAddedListingNote': False, 'aisleListingNoteWithSplit': False, 'listingNoteDescriptionContentId': 2446061, 'formattedListingNoteDescription': 'Limited or Obstructed View (printed on ticket)'}]","[{'listingNoteBucketId': 21, 'formattedListingNoteContent': 'Limited view', 'displayOrder': 21, 'showsRawNoteText': False}]",2112257,False,False,Row 14,False,2924655,"¥2,924,655","¥2,924,655",10,Mobile Transfer ticket,3,1,USD,JPY,5750.0,USD,"https://img.vggcdn.net/img/vfsimage2/812551/594_122786/0.jpg?im=Resize=(500,271)&v=771",7 hours ago,8,False,False,False,False,WwJupdfnpIBfWKE%2b2REwy8IlUhtdrkI%2fjxf%2bDcF322I%3d,False,2026-07-18T01:47:10.8170000Z,False,False,False,False,False,False,0,False,,False,False,False,False,0,False,False,0,13388040631,False,1CBED9AD-9B20-4F77-9E51-757CC11F9886,False,False,True,4,7.785396306774042,1.526700314,,,,,"[{'message': 'Great Value', 'qualifier': 'Based on price, view, seat quality and more', 'hasValue': True, 'messageType': 'ValueBased'}, {'message': 'Popular Pick', 'qualifier': '4 tickets sold for this event', 'hasValue': True, 'messageType': 'BoughtInLastHourSocialProofBased'}]",[],,,,,,,,,,,,,,,,
13388042516,153020449,109,122787,109,2,18,5_5,,,5,False,False,1,,False,False,[1],594,Lower,1,True,"[{'listingNoteId': 814, 'listingNoteContentId': 2446060, 'formattedListingNoteContent': 'Limited or Obstructed View (printed on ticket)', 'listingNoteTypeId': 1, 'showToBuyer': True, 'hideInMock': False, 'siteAddedListingNote': False, 'aisleListingNoteWithSplit': False, 'listingNoteDescriptionContentId': 2446061, 'formattedListingNoteDescription': 'Limited or Obstructed View (printed on ticket)'}]","[{'listingNoteBucketId': 21, 'formattedListingNoteContent': 'Limited view', 'displayOrder': 21, 'showsRawNoteText': False}]",2112295,False,False,Row 18,False,2924655,"¥2,924,655","¥2,924,655",10,Mobile Transfer ticket,3,1,USD,JPY,5750.0,USD,"https://img.vggcdn.net/img/vfsimage2/812551/594_122787/0.jpg?im=Resize=(500,271)&v=771",7 hours ago,7,False,False,False,False,WwJupdfnpIBfWKE%2b2REwy8IlUhtdrkI%2fjxf%2bDcF322I%3d,False,2026-07-18T01:47:16.4800000Z,False,False,False,False,False,False,0,False,,False,False,False,False,0,False,False,0,13388042516,False,2324B2DB-AD23-4D24-B862-5A16CDDBCCDC,False,False,True,4,7.333425478648407,1.44469559,,,,,"[{'message': 'Great Value', 'qualifier': 'Based on price, view, seat quality and more', 'hasValue': True, 'messageType': 'ValueBased'}, {'message': 'Popular Pick', 'qualifier': '4 tickets sold for this event', 'hasValue': True, 'messageType': 'BoughtInLastHourSocialProofBased'}]",[],,,,,,,,,,,,,,,,
13386751689,153020449,350,122943,350,2,6,10_11,10,11,10,False,False,2,,False,False,"[1, 2]",407,Upper,2,True,"[{'listingNoteId': 2026, 'listingNoteContentId': 3415844, 'formattedListingNoteContent': 'Second Row of Section', 'listingNoteTypeId': 6, 'showToBuyer': True, 'hideInMock': False, 'siteAddedListingNote': False, 'aisleListingNoteWithSplit': False, 'listingNoteDescriptionContentId': 3415844, 'formattedListingNoteDescription': 'Second Row of Section'}, {'listingNoteId': -1, 'listingNoteContentId': 3338094, 'formattedListingNoteContent': 'Clear view', 'listingNoteTypeId': 3, 'showToBuyer': True, 'hideInMock': False, 'siteAddedListingNote': False, 'aisleListingNoteWithSplit': False, 'listingNoteDescriptionContentId': 3338095, 'formattedListingNoteDescription': ""You'll have an unrestricted view of the show.""}]","[{'listingNoteBucketId': 14, 'formattedListingNoteContent': 'Second Row of Section', 'displayOrder': 14, 'showsRawNoteText': True, 'sourceListingNoteId': 2026}, {'listingNoteBucketId': 27, 'formattedListingNoteContent': 'Clear view', 'displayOrder': 8, 'showsRawNoteText': True, 'sourceListingNoteId': -1}]",2114054,False,False,Row 6,False,2924655,"¥2,924,655","¥2,924,655",16,Mobile Transfer ticket,3,1,USD,JPY,20471.76,USD,"https://img.vggcdn.net/img/vfsimage2/812551/407_122943/0.jpg?im=Resize=(500,271)&v=771",10 hours ago,3,False,False,False,False,CAcRhqn9wLRHmAWJy549pLGSFPRltQfAz%2fUe6HXpcf0%3d,False,2026-07-17T22:30:32.6600000Z,False,False,False,False,False,False,0,False,,False,False,False,False,0,False,False,0,13386751689,False,078D4A47-64CC-49E2-B3B0-9E651F9DE6D5,False,False,True,2,2.6364616765860576,0.7910693256,,,,,"[{'message': 'Popular Pick', 'qualifier': '4 tickets sold for this event', 'hasValue': True, 'messageType': 'BoughtInLastHourSocialProofBased'}, {'message': 'Second Row', 'qualifier': 'Premium close-up view', 'hasValue': True, 'messageType': 'SecondRowTicketAttributeBased'}]",[2026],,,,,,,,,,,,,,,,
13081692481,153020449,346,122939,346,2,18,24_24,,,24,False,False,1,,False,False,[1],407,Upper,1,True,"[{'listingNoteId': -1, 'listingNoteContentId': 3338094, 'formattedListingNoteContent': 'Clear view', 'listingNoteTypeId': 3, 'showToBuyer': True, 'hideInMock': False, 'siteAddedListingNote': False, 'aisleListingNoteWithSplit': False, 'listingNoteDescriptionContentId': 3338095, 'formattedListingNoteDescription': ""You'll have an unrestricted view of the show.""}]","[{'listingNoteBucketId': 27, 'formattedListingNoteContent': 'Clear view', 'displayOrder': 8, 'showsRawNoteText': True, 'sourceListingNoteId': -1}]",2113956,False,False,Row 18,False,2930903,"¥2,930,903","¥2,930,903",10,Mobile Transfer ticket,3,1,EUR,JPY,1720.0,EUR,"https://img.vggcdn.net/img/vfsimage2/812551/407_122939/0.jpg?im=Resize=(500,271)&v=771",28 days ago,3,False,False,False,False,CAcRhqn9wLRHmAWJy549pLGSFPRltQfAz%2fUe6HXpcf0%3d,False,2026-06-20T02:50:38.9870000Z,False,False,False,False,False,False,0,False,,False,False,False,False,0,False,False,0,13081692481,False,2BA657B5-ECA5-49BA-B4B5-F0F6048E66C7,False,False,True,2,2.5039542709794,0.7804819445,,,,,"[{'message': 'Popular Pick', 'qualifier': '4 tickets sold for this event', 'hasValue': True, 'messageType': 'BoughtInLastHourSocialProofBased'}]",[],"¥5,421,167",46.0,"¥2,490,264",,,,,,,,,,,,,
13387866389,153020449,142,122807,142,2,33,21_21,21,21,21,False,False,1,,False,False,[1],594,Lower,1,True,"[{'listingNoteId': 814, 'listingNoteContentId': 2446060, 'formattedListingNoteContent': 'Limited or Obstructed View (printed on ticket)', 'listingNoteTypeId': 1, 'showToBuyer': True, 'hideInMock': False, 'siteAddedListingNote': False, 'aisleListingNoteWithSplit': False, 'listingNoteDescriptionContentId': 2446061, 'formattedListingNoteDescription': 'Limited or Obstructed View (printed on ticket)'}]","[{'listingNoteBucketId': 21, 'formattedListingNoteContent': 'Limited view', 'displayOrder': 21, 'showsRawNoteText': False}]",2113160,False,False,Row 33,False,2983139,"¥2,983,139","¥2,983,139",10,Mobile Transfer ticket,3,1,USD,JPY,10000.0,USD,"https://img.vggcdn.net/img/vfsimage2/812551/594_122807/0.jpg?im=Resize=(500,271)&v=771",7 hours ago,7,False,False,False,False,snpqjewS6OkFMWOaTKFs5u86xX1cV9JS%2fkL%2fA0A68pQ%3d,False,2026-07-18T01:13:10.2930000Z,False,False,False,False,False,False,0,False,,False,False,False,False,0,False,False,0,13387866389,False,3A5234A7-E4F7-4F2C-A771-B99BA0914F3E,False,False,True,4,7.168291631862074,1.445226969,,,,,"[{'message': 'Great Value', 'qualifier': 'Based on price, view, seat quality and more', 'hasValue': True, 'messageType': 'ValueBased'}, {'message': 'Popular Pick', 'qualifier': '4 tickets sold for this event', 'hasValue': True, 'messageType': 'BoughtInLastHourSocialProofBased'}]",[],"¥4,549,254",34.0,"¥1,566,115",,,,,,,,,,,,,
13386082537,153020449,103,122783,103,2,4,7_7,7,7,7,False,False,1,,False,False,[1],594,Lower,1,True,"[{'listingNoteId': -1, 'listingNoteContentId': 3338094, 'formattedListingNoteContent': 'Clear view', 'listingNoteTypeId': 3, 'showToBuyer': True, 'hideInMock': False, 'siteAddedListingNote': False, 'aisleListingNoteWithSplit': False, 'listingNoteDescriptionContentId': 3338095, 'formattedListingNoteDescription': ""You'll have an unrestricted view of the show.""}]","[{'listingNoteBucketId': 27, 'formattedListingNoteContent': 'Clear view', 'displayOrder': 8, 'showsRawNoteText': True, 'sourceListingNoteId': -1}]",2112143,False,False,Row 4,False,2983139,"¥2,983,139","¥2,983,139",10,Mobile Transfer ticket,3,1,USD,JPY,,USD,"https://img.vggcdn.net/img/vfsimage2/812551/594_122783/0.jpg?im=Resize=(500,271)&v=771",12 hours ago,7,False,False,False,False,snpqjewS6OkFMWOaTKFs5u86xX1cV9JS%2fkL%2fA0A68pQ%3d,False,2026-07-17T20:37:38.5970000Z,False,False,False,True,False,False,0,False,[6],False,False,False,False,0,False,False,0,13386082537,False,72D87E89-8D0B-4156-9B39-4FE8405F8612,False,False,True,4,7.076875285224853,1.429990262,,,,,"[{'message': 'Great Value', 'qualifier': 'Based on price, view, seat quality and more', 'hasValue': True, 'messageType': 'ValueBased'}, {'message': 'Popular Pick', 'qualifier': '4 tickets sold for this event', 'hasValue': True, 'messageType': 'BoughtInLastHourSocialProofBased'}]",[],,,,,,,Fan favorite,This section is in the top 10% of sections for this event when ranked based on a count of successful sales over the past 7 days on our site,True,,,,,,,
13387711652,153020449,109,122787,109,2,15,7_9,,,7,False,False,3,,False,False,"[1, 3]",594,Lower,3,True,"[{'listingNoteId': 814, 'listingNoteContentId': 2446060, 'formattedListingNoteContent': 'Limited or Obstructed View (printed on ticket)', 'listingNoteTypeId': 1, 'showToBuyer': True, 'hideInMock': False, 'siteAddedListingNote': False, 'aisleListingNoteWithSplit': False, 'listingNoteDescriptionContentId': 2446061, 'formattedListingNoteDescription': 'Limited or Obstructed View (printed on ticket)'}]","[{'listingNoteBucketId': 21, 'formattedListingNoteContent': 'Limited view', 'displayOrder': 21, 'showsRawNoteText': False}]",2112292,False,False,Row 15,False,3011189,"¥3,011,189","¥3,011,189",10,Mobile Transfer ticket,3,1,EUR,JPY,11000.0,EUR,"https://img.vggcdn.net/img/vfsimage2/812551/594_122787/0.jpg?im=Resize=(500,271)&v=771",8 hours ago,7,False,False,False,False,CAcRhqn9wLRHmAWJy549pLGSFPRltQfAz%2fUe6HXpcf0%3d,False,2026-07-18T00:36:56.8070000Z,False,False,False,False,False,False,0,False,,False,False,False,False,0,False,False,0,13387711652,False,8707125C-2750-4DEB-BFBB-7FBF210E0454,False,False,True,4,7.437306742880079,1.506041195,,,,,"[{'message': 'Great Value', 'qualifier': 'Based on price, view, seat quality and more', 'hasValue': True, 'messageType': 'ValueBased'}, {'message': 'Popular Pick', 'qualifier': '4 tickets sold for this event', 'hasValue': True, 'messageType': 'BoughtInLastHourSocialProofBased'}]",[],,,,,,,,,,,,,,,,
13194156391,153020449,232C,1530794,232C,2,,_,,,,False,False,2,,False,False,"[1, 2]",471,Middle,2,True,"[{'listingNoteId': 175, 'listingNoteContentId': 2444706, 'formattedListingNoteContent': 'Unlimited Food and Drinks', 'listingNoteTypeId': 3, 'showToBuyer': True, 'hideInMock': False, 'siteAddedListingNote': False, 'aisleListingNoteWithSplit': False, 'listingNoteDescriptionContentId': 2444707, 'formattedListingNoteDescription': 'Includes unlimited food and drinks (beer, wine and soft drinks)'}, {'listingNoteId': 1538, 'listingNoteContentId': 2447598, 'formattedListingNoteContent': 'Early VIP Entrance', 'listingNoteTypeId': 4, 'showToBuyer': True, 'hideInMock': False, 'siteAddedListingNote': False, 'aisleListingNoteWithSplit': False, 'listingNoteDescriptionContentId': 2447599, 'formattedListingNoteDescription': 'Early VIP Entrance'}, {'listingNoteId': 2035, 'listingNoteContentId': 3542472, 'formattedListingNoteContent': 'Includes food, wine, beer and soft drinks (no liquor)', 'listingNoteTypeId': 3, 'showToBuyer': True, 'hideInMock': False, 'siteAddedListingNote': False, 'aisleListingNoteWithSplit': False, 'listingNoteDescriptionContentId': 3542473, 'formattedListingNoteDescription': 'Includes food, wine, beer and soft drinks (no liquor)'}, {'listingNoteId': 2344, 'listingNoteContentId': 4216766, 'formattedListingNoteContent': 'Includes Offsite Hospitality', 'listingNoteTypeId': 3, 'showToBuyer': True, 'hideInMock': False, 'siteAddedListingNote': False, 'aisleListingNoteWithSplit': False, 'formattedListingNoteDescription': ''}, {'listingNoteId': -1, 'listingNoteContentId': 3338094, 'formattedListingNoteContent': 'Clear view', 'listingNoteTypeId': 3, 'showToBuyer': True, 'hideInMock': False, 'siteAddedListingNote': False, 'aisleListingNoteWithSplit': False, 'listingNoteDescriptionContentId': 3338095, 'formattedListingNoteDescription': ""You'll have an unrestricted view of the show.""}]","[{'listingNoteBucketId': 7, 'formattedListingNoteContent': 'Food & beverages', 'displayOrder': 7, 'showsRawNoteText': False}, {'listingNoteBucketId': 10, 'formattedListingNoteContent': 'Exclusive entry', 'displayOrder': 10, 'showsRawNoteText': False}, {'listingNoteBucketId': 0, 'formattedListingNoteContent': 'Includes Offsite Hospitality', 'displayOrder': 30, 'showsRawNoteText': True, 'sourceListingNoteId': 2344}, {'listingNoteBucketId': 27, 'formattedListingNoteContent': 'Clear view', 'displayOrder': 8, 'showsRawNoteText': True, 'sourceListingNoteId': -1}]",1582978,False,False,Row,True,3015567,"¥3,015,567","¥3,015,567",10,Mobile Transfer ticket,3,1,GBP,JPY,10000.0,GBP,"https://img.vggcdn.net/img/vfsimage2/812551/471_1530794/0.jpg?im=Resize=(500,271)&v=771",17 days ago,3,False,False,False,False,IKEGJ3U41I5Eu8jBhIdr0HfmgoCJD0vmUYz9k1fmFdk%3d,False,2026-06-30T12:25:35.3870000Z,False,False,False,False,False,False,0,False,,False,False,False,False,0,False,False,0,13194156391,False,798E3426-6A14-4376-927F-BC6F0343889B,False,False,True,2,3.0075444012480044,0.853252778,,,,,"[{'message': 'Popular Pick', 'qualifier': '4 tickets sold for this event', 'hasValue': True, 'messageType': 'BoughtInLastHourSocialProofBased'}]",[],"¥3,845,290",22.0,"¥829,723",,,,,,,,,,,,,
13387928587,153020449,135,122803,135,2,33,_,,,,False,False,1,,False,False,[1],594,Lower,1,True,"[{'listingNoteId': 814, 'listingNoteContentId': 2446060, 'formattedListingNoteContent': 'Limited or Obstructed View (printed on ticket)', 'listingNoteTypeId': 1, 'showToBuyer': True, 'hideInMock': False, 'siteAddedListingNote': False, 'aisleListingNoteWithSplit': False, 'listingNoteDescriptionContentId': 2446061, 'formattedListingNoteDescription': 'Limited or Obstructed View (printed on ticket)'}]","[{'listingNoteBucketId': 21, 'formattedListingNoteContent': 'Limited view', 'displayOrder': 21, 'showsRawNoteText': False}]",2113048,False,False,Row 33,False,3057219,"¥3,057,219","¥3,057,219",10,Mobile Transfer ticket,3,1,USD,JPY,10990.0,USD,"https://img.vggcdn.net/img/vfsimage2/812551/594_122803/0.jpg?im=Resize=(500,271)&v=771",7 hours ago,7,False,False,False,False,MB%2b%2bIvN9%2bkYREer0VnjcU6Pq11kmevmZSDsddoI%2bBxM%3d,False,2026-07-18T01:24:36.4230000Z,False,False,False,False,False,False,0,False,,False,False,False,False,0,False,False,0,13387928587,False,5F4CAAA8-39DD-48E6-AE96-353F6B6E2641,False,False,True,3,6.9138335404465705,1.436318915,,,,,"[{'message': 'Popular Pick', 'qualifier': '4 tickets sold for this event', 'hasValue': True, 'messageType': 'BoughtInLastHourSocialProofBased'}]",[],,,,,,,,,,,,,,,,
13387928583,153020449,135,122803,135,2,34,_,,,,False,False,1,,False,False,[1],594,Lower,1,True,"[{'listingNoteId': 814, 'listingNoteContentId': 2446060, 'formattedListingNoteContent': 'Limited or Obstructed View (printed on ticket)', 'listingNoteTypeId': 1, 'showToBuyer': True, 'hideInMock': False, 'siteAddedListingNote': False, 'aisleListingNoteWithSplit': False, 'listingNoteDescriptionContentId': 2446061, 'formattedListingNoteDescription': 'Limited or Obstructed View (printed on ticket)'}]","[{'listingNoteBucketId': 21, 'formattedListingNoteContent': 'Limited view', 'displayOrder': 21, 'showsRawNoteText': False}]",2113049,False,False,Row 34,False,3057219,"¥3,057,219","¥3,057,219",10,Mobile Transfer ticket,3,1,USD,JPY,10990.0,USD,"https://img.vggcdn.net/img/vfsimage2/812551/594_122803/0.jpg?im=Resize=(500,271)&v=771",7 hours ago,7,False,False,False,False,MB%2b%2bIvN9%2bkYREer0VnjcU6Pq11kmevmZSDsddoI%2bBxM%3d,False,2026-07-18T01:24:36.4030000Z,False,False,False,False,False,False,0,False,,False,False,False,False,0,False,False,0,13387928583,False,138BCB83-593C-443D-B7C4-D0EF8FC2F318,False,False,True,3,6.750329008403628,1.406424501,,,,,"[{'message': 'Popular Pick', 'qualifier': '4 tickets sold for this event', 'hasValue': True, 'messageType': 'BoughtInLastHourSocialProofBased'}]",[],,,,,,,,,,,,,,,,
13387634159,153020449,210,122843,210,2,12,5_7,,,5,False,False,3,,False,False,"[1, 2, 3]",471,Middle,3,True,"[{'listingNoteId': -1, 'listingNoteContentId': 3338094, 'formattedListingNoteContent': 'Clear view', 'listingNoteTypeId': 3, 'showToBuyer': True, 'hideInMock': False, 'siteAddedListingNote': False, 'aisleListingNoteWithSplit': False, 'listingNoteDescriptionContentId': 3338095, 'formattedListingNoteDescription': ""You'll have an unrestricted view of the show.""}]","[{'listingNoteBucketId': 27, 'formattedListingNoteContent': 'Clear view', 'displayOrder': 8, 'showsRawNoteText': True, 'sourceListingNoteId': -1}]",702858,False,False,Row 12,False,3069052,"¥3,069,052","¥3,069,052",10,Mobile Transfer ticket,3,1,GBP,JPY,8500.0,GBP,"https://img.vggcdn.net/img/vfsimage2/812551/471_122843/0.jpg?im=Resize=(500,271)&v=771",8 hours ago,6,False,False,False,False,kEKv6mnFU0H%2fgk82lOJWaNAv2Ack8Iwx%2bBAXuJDCF%2bg%3d,False,2026-07-18T00:18:37.0930000Z,False,False,False,False,False,False,0,False,[7],False,False,False,False,0,False,False,0,13387634159,False,D9F9CF9B-0695-44CE-BD06-9A1647658167,False,False,True,3,5.829954843119761,1.263804131,,,,,"[{'message': 'Popular Pick', 'qualifier': '4 tickets sold for this event', 'hasValue': True, 'messageType': 'BoughtInLastHourSocialProofBased'}]",[],,,,Last tickets,True,,,,,,,,,,,
13388295003,153020449,143,122808,143,2,24,8000_8002,,,8000,False,False,3,,False,False,"[1, 3]",594,Lower,3,True,"[{'listingNoteId': -1, 'listingNoteContentId': 3338094, 'formattedListingNoteContent': 'Clear view', 'listingNoteTypeId': 3, 'showToBuyer': True, 'hideInMock': False, 'siteAddedListingNote': False, 'aisleListingNoteWithSplit': False, 'listingNoteDescriptionContentId': 3338095, 'formattedListingNoteDescription': ""You'll have an unrestricted view of the show.""}]","[{'listingNoteBucketId': 27, 'formattedListingNoteContent': 'Clear view', 'displayOrder': 8, 'showsRawNoteText': True, 'sourceListingNoteId': -1}]",2113184,False,False,Row 24,False,3105624,"¥3,105,624","¥3,105,624",10,Mobile Transfer ticket,3,1,USD,JPY,0.0,USD,"https://img.vggcdn.net/img/vfsimage2/812551/594_122808/0.jpg?im=Resize=(500,271)&v=771",6 hours ago,7,False,False,False,False,IxMeX1GJhqRBs10xCPGxJpbWvwQ%2fzVkRfehdL%2bpTDeQ%3d,False,2026-07-18T02:53:10.2000000Z,False,False,False,False,False,False,0,False,,False,False,False,False,0,False,False,0,13388295003,False,B7514469-AC3C-41AF-8037-64308F7249EC,False,False,True,3,6.901532619599939,1.456734289,,,,,"[{'message': 'Popular Pick', 'qualifier': '4 tickets sold for this event', 'hasValue': True, 'messageType': 'BoughtInLastHourSocialProofBased'}]",[],,,,,,,,,,,,,,,,
13384002935,153020449,111A,1530766,111A,2,35,3_3,,,3,False,False,1,,False,False,[1],594,Lower,1,True,"[{'listingNoteId': -1, 'listingNoteContentId': 3338094, 'formattedListingNoteContent': 'Clear view', 'listingNoteTypeId': 3, 'showToBuyer': True, 'hideInMock': False, 'siteAddedListingNote': False, 'aisleListingNoteWithSplit': False, 'listingNoteDescriptionContentId': 3338095, 'formattedListingNoteDescription': ""You'll have an unrestricted view of the show.""}]","[{'listingNoteBucketId': 27, 'formattedListingNoteContent': 'Clear view', 'displayOrder': 8, 'showsRawNoteText': True, 'sourceListingNoteId': -1}]",2112388,False,False,Row 35,False,3116794,"¥3,116,794","¥3,116,794",10,Mobile Transfer ticket,3,14,USD,JPY,0.0,USD,"https://img.vggcdn.net/img/vfsimage2/812551/594_1530766/0.jpg?im=Resize=(500,271)&v=771",16 hours ago,6,False,False,False,False,SZgVQ%2fj2KCKN8S5ACUJcD8HCP75ELWRl0dJdbA6FCDI%3d,False,2026-07-17T16:24:55.3570000Z,False,False,False,False,False,False,0,False,,False,False,False,False,0,False,False,0,13384002935,False,F2AF4A02-5905-476F-9F38-44AFF9D30E1D,False,False,True,3,5.965518299563744,1.303602585,,,,,"[{'message': 'Popular Pick', 'qualifier': '4 tickets sold for this event', 'hasValue': True, 'messageType': 'BoughtInLastHourSocialProofBased'}]",[],"¥4,069,668",23.0,"¥952,874",,,,,,,,,,,,,
13367629921,153020449,Spain Supporters Standard Tier,2447958,Spain Supporters Standard Tier,2,,_,,,,False,False,2,,False,False,"[1, 2]",1666,Spain Supporters,2,True,"[{'listingNoteId': -1, 'listingNoteContentId': 3338094, 'formattedListingNoteContent': 'Clear view', 'listingNoteTypeId': 3, 'showToBuyer': True, 'hideInMock': False, 'siteAddedListingNote': False, 'aisleListingNoteWithSplit': False, 'listingNoteDescriptionContentId': 3338095, 'formattedListingNoteDescription': ""You'll have an unrestricted view of the show.""}]","[{'listingNoteBucketId': 27, 'formattedListingNoteContent': 'Clear view', 'displayOrder': 8, 'showsRawNoteText': True, 'sourceListingNoteId': -1}]",4847588,False,False,Row,True,3119602,"¥3,119,602","¥3,119,602",10,Mobile Transfer ticket,3,1,USD,JPY,10000.0,USD,"https://img.vggcdn.net/img/vfsimage2/812551/1666_2447958/0.jpg?im=Resize=(500,271)&v=771",2 days ago,6,False,False,False,False,igjMyzQP1%2bbqxfI%2b5AH3VhvvTkEJSdl4rwm2TVEgpHI%3d,False,2026-07-16T04:58:48.2230000Z,False,False,False,False,False,False,0,False,[7],False,False,False,False,0,False,False,0,13367629921,False,4FB95DF2-06D3-47ED-B1AC-ED688AE12C0B,False,False,True,3,5.639967470395401,1.25740229,,,,,"[{'message': 'Popular Pick', 'qualifier': '4 tickets sold for this event', 'hasValue': True, 'messageType': 'BoughtInLastHourSocialProofBased'}]",[],,,,Last tickets,True,,,,,,,,,,,
13388308290,153020449,232C,1530794,232C,2,14,_,,,,False,False,4,,False,False,"[1, 2, 3, 4]",471,Middle,4,True,"[{'listingNoteId': -1, 'listingNoteContentId': 3338094, 'formattedListingNoteContent': 'Clear view', 'listingNoteTypeId': 3, 'showToBuyer': True, 'hideInMock': False, 'siteAddedListingNote': False, 'aisleListingNoteWithSplit': False, 'listingNoteDescriptionContentId': 3338095, 'formattedListingNoteDescription': ""You'll have an unrestricted view of the show.""}]","[{'listingNoteBucketId': 27, 'formattedListingNoteContent': 'Clear view', 'displayOrder': 8, 'showsRawNoteText': True, 'sourceListingNoteId': -1}]",1593479,False,False,Row 14,False,3119602,"¥3,119,602","¥3,119,602",10,Mobile Transfer ticket,3,1,USD,JPY,10990.0,USD,"https://img.vggcdn.net/img/vfsimage2/812551/471_1530794/0.jpg?im=Resize=(500,271)&v=771",6 hours ago,3,False,False,False,False,GVjq8PWgKuX%2fyeuI2z1ccUvPtBuxAwsbdcKuskGxOzk%3d,False,2026-07-18T02:58:06.5730000Z,False,False,False,False,False,False,0,False,,False,False,False,False,0,False,False,0,13388308290,False,F5158AC7-6488-46CE-8851-4DA12D5DFAEE,False,False,True,2,3.0346593968150515,0.885675885,,,,,"[{'message': 'Popular Pick', 'qualifier': '4 tickets sold for this event', 'hasValue': True, 'messageType': 'BoughtInLastHourSocialProofBased'}]",[],"¥3,976,977",22.0,"¥857,375",,,,,,,,,,,,,
13387639834,153020449,115C,1530769,115C,2,29,_,,,,False,False,1,,False,False,[1],594,Lower,1,True,"[{'listingNoteId': 814, 'listingNoteContentId': 2446060, 'formattedListingNoteContent': 'Limited or Obstructed View (printed on ticket)', 'listingNoteTypeId': 1, 'showToBuyer': True, 'hideInMock': False, 'siteAddedListingNote': False, 'aisleListingNoteWithSplit': False, 'listingNoteDescriptionContentId': 2446061, 'formattedListingNoteDescription': 'Limited or Obstructed View (printed on ticket)'}]","[{'listingNoteBucketId': 21, 'formattedListingNoteContent': 'Limited view', 'displayOrder': 21, 'showsRawNoteText': False}]",1590958,False,False,Row 29,False,3119819,"¥3,119,819","¥3,119,819",10,Mobile Transfer ticket,3,1,USD,JPY,10990.0,USD,"https://img.vggcdn.net/img/vfsimage2/812551/594_1530769/0.jpg?im=Resize=(500,271)&v=771",8 hours ago,9,False,False,False,False,MBWV%2bBwdyA7GRGpWwwPJHP6UoV%2fmuGneBLV%2f17ZgiPA%3d,False,2026-07-18T00:19:45.9200000Z,False,False,False,False,False,False,0,False,,False,False,False,False,0,False,False,0,13387639834,False,658A0162-9025-4808-BFDE-771C13F18BE8,False,False,True,5,9.29946326173606,2.148637979,,,,,"[{'message': 'Amazing Value', 'qualifier': 'Based on price, view, seat quality and more', 'hasValue': True, 'messageType': 'ValueBased'}, {'message': 'Popular Pick', 'qualifier': '4 tickets sold for this event', 'hasValue': True, 'messageType': 'BoughtInLastHourSocialProofBased'}]",[],,,,,,,,,,,,,,,,
13389323881,153020449,115A,1530768,115A,2,31,_8,,,,False,False,1,,False,False,[1],594,Lower,1,True,"[{'listingNoteId': -1, 'listingNoteContentId': 3338094, 'formattedListingNoteContent': 'Clear view', 'listingNoteTypeId': 3, 'showToBuyer': True, 'hideInMock': False, 'siteAddedListingNote': False, 'aisleListingNoteWithSplit': False, 'listingNoteDescriptionContentId': 3338095, 'formattedListingNoteDescription': ""You'll have an unrestricted view of the show.""}]","[{'listingNoteBucketId': 27, 'formattedListingNoteContent': 'Clear view', 'displayOrder': 8, 'showsRawNoteText': True, 'sourceListingNoteId': -1}]",2112498,False,False,Row 31,False,3195612,"¥3,195,612","¥3,195,612",10,Mobile Transfer ticket,3,1,USD,JPY,0.0,USD,"https://img.vggcdn.net/img/vfsimage2/812551/594_1530768/0.jpg?im=Resize=(500,271)&v=771",3 hours ago,7,False,False,False,False,4YCPbByRGxnMGlkah%2fBSQqgkrnNSqHVF6s2nODoscfc%3d,False,2026-07-18T06:05:13.1430000Z,False,False,False,False,False,False,0,False,,False,False,False,False,0,False,False,0,13389323881,False,82C367D1-D4AC-439E-B282-1102134AB3FF,False,False,True,3,6.6507678712781715,1.45170077,,,,,"[{'message': 'Popular Pick', 'qualifier': '4 tickets sold for this event', 'hasValue': True, 'messageType': 'BoughtInLastHourSocialProofBased'}]",[],,,,,,,,,,,,,,,,
13364048140,153020449,149,122812,149,2,7,12_14,,,12,False,False,3,,False,False,"[1, 3]",594,Lower,3,True,"[{'listingNoteId': -1, 'listingNoteContentId': 3338094, 'formattedListingNoteContent': 'Clear view', 'listingNoteTypeId': 3, 'showToBuyer': True, 'hideInMock': False, 'siteAddedListingNote': False, 'aisleListingNoteWithSplit': False, 'listingNoteDescriptionContentId': 3338095, 'formattedListingNoteDescription': ""You'll have an unrestricted view of the show.""}]","[{'listingNoteBucketId': 27, 'formattedListingNoteContent': 'Clear view', 'displayOrder': 8, 'showsRawNoteText': True, 'sourceListingNoteId': -1}]",2113372,False,False,Row 7,False,3205495,"¥3,205,495","¥3,205,495",10,Mobile Transfer ticket,3,1,USD,JPY,0.0,USD,"https://img.vggcdn.net/img/vfsimage2/812551/594_122812/0.jpg?im=Resize=(500,271)&v=771",2 days ago,7,False,False,False,False,aQJNqYksFe0behQBoDD%2fsFU07hbUQShYAtPHldLaZI0%3d,False,2026-07-15T20:58:41.9000000Z,False,False,False,False,False,False,0,False,,False,False,False,False,0,False,False,0,13364048140,False,20D6E7A2-77CE-4391-8BD5-243A86FCF80B,False,False,True,4,7.01673533386371,1.526010398,,,,,"[{'message': 'Great Value', 'qualifier': 'Based on price, view, seat quality and more', 'hasValue': True, 'messageType': 'ValueBased'}, {'message': 'Popular Pick', 'qualifier': '4 tickets sold for this event', 'hasValue': True, 'messageType': 'BoughtInLastHourSocialProofBased'}]",[],,,,,,,,,,,,,,,,
13150475653,153020449,209,122842,209,2,12W,_,,,,False,False,1,,False,False,[1],471,Middle,1,True,"[{'listingNoteId': -1, 'listingNoteContentId': 3338094, 'formattedListingNoteContent': 'Clear view', 'listingNoteTypeId': 3, 'showToBuyer': True, 'hideInMock': False, 'siteAddedListingNote': False, 'aisleListingNoteWithSplit': False, 'listingNoteDescriptionContentId': 3338095, 'formattedListingNoteDescription': ""You'll have an unrestricted view of the show.""}]","[{'listingNoteBucketId': 27, 'formattedListingNoteContent': 'Clear view', 'displayOrder': 8, 'showsRawNoteText': True, 'sourceListingNoteId': -1}]",2113428,False,False,Row 12W,False,3206353,"¥3,206,353","¥3,206,353",10,Mobile Transfer ticket,3,1,USD,JPY,0.0,USD,"https://img.vggcdn.net/img/vfsimage2/812551/471_122842/0.jpg?im=Resize=(500,271)&v=771",22 days ago,4,False,False,False,False,4cWYD83NS31mwAqe9cjIYfkn6ZLkiPvseYOnGENwOFw%3d,False,2026-06-26T04:26:31.4400000Z,False,False,False,False,False,False,0,False,,False,False,False,False,0,False,False,0,13150475653,False,30D0D6BE-3154-414B-ADAC-1F89221AD9A6,False,False,True,2,4.310554109374944,1.082395447,,,,,"[{'message': 'Popular Pick', 'qualifier': '4 tickets sold for this event', 'hasValue': True, 'messageType': 'BoughtInLastHourSocialProofBased'}]",[],"¥4,691,385",32.0,"¥1,485,032",,,,,,,,,,,,,
13315774554,153020449,209,122842,209,2,4,_,,,,False,False,1,,False,False,[1],471,Middle,1,True,"[{'listingNoteId': 165, 'listingNoteContentId': 2444685, 'formattedListingNoteContent': 'Preferred Seating', 'listingNoteTypeId': 3, 'showToBuyer': True, 'hideInMock': False, 'siteAddedListingNote': False, 'aisleListingNoteWithSplit': False, 'listingNoteDescriptionContentId': 2444686, 'formattedListingNoteDescription': 'Preferred Seating'}, {'listingNoteId': -1, 'listingNoteContentId': 3338094, 'formattedListingNoteContent': 'Clear view', 'listingNoteTypeId': 3, 'showToBuyer': True, 'hideInMock': False, 'siteAddedListingNote': False, 'aisleListingNoteWithSplit': False, 'listingNoteDescriptionContentId': 3338095, 'formattedListingNoteDescription': ""You'll have an unrestricted view of the show.""}]","[{'listingNoteBucketId': 11, 'formattedListingNoteContent': 'Preferred Seating', 'displayOrder': 11, 'showsRawNoteText': True, 'sourceListingNoteId': 165}, {'listingNoteBucketId': 27, 'formattedListingNoteContent': 'Clear view', 'displayOrder': 8, 'showsRawNoteText': True, 'sourceListingNoteId': -1}]",702838,False,False,Row 4,False,3211812,"¥3,211,812","¥3,211,812",10,Mobile Transfer ticket,3,1,USD,JPY,0.0,USD,"https://img.vggcdn.net/img/vfsimage2/812551/471_122842/0.jpg?im=Resize=(500,271)&v=771",7 days ago,6,False,False,False,False,mpJQZMEv%2fkWIDzAdTay%2bw9kXtDNkmJmu5FNbLmpkgVI%3d,False,2026-07-10T15:26:53.5530000Z,False,False,False,False,False,False,0,False,,False,False,False,False,0,False,False,0,13315774554,False,84FF57F5-4AAF-4083-976F-EA529C105EDD,False,False,True,3,6.076632259190473,1.360849678,,,,,"[{'message': 'Popular Pick', 'qualifier': '4 tickets sold for this event', 'hasValue': True, 'messageType': 'BoughtInLastHourSocialProofBased'}]",[],"¥4,833,546",34.0,"¥1,621,734",,,,,,,,,,,,,
13388308251,153020449,124,122796,124,2,1,_,,,,False,False,6,,False,False,"[1, 2, 3, 4, 5, 6]",594,Lower,6,True,"[{'listingNoteId': 811, 'listingNoteContentId': 2446054, 'formattedListingNoteContent': 'Actual 1st row of the section', 'listingNoteTypeId': 3, 'showToBuyer': True, 'hideInMock': False, 'siteAddedListingNote': False, 'aisleListingNoteWithSplit': False, 'listingNoteDescriptionContentId': 2446055, 'formattedListingNoteDescription': 'Actual 1st row of the section'}, {'listingNoteId': -1, 'listingNoteContentId': 3338094, 'formattedListingNoteContent': 'Clear view', 'listingNoteTypeId': 3, 'showToBuyer': True, 'hideInMock': False, 'siteAddedListingNote': False, 'aisleListingNoteWithSplit': False, 'listingNoteDescriptionContentId': 3338095, 'formattedListingNoteDescription': ""You'll have an unrestricted view of the show.""}]","[{'listingNoteBucketId': 0, 'formattedListingNoteContent': 'Actual 1st row of the section', 'displayOrder': 30, 'showsRawNoteText': True, 'sourceListingNoteId': 811}, {'listingNoteBucketId': 27, 'formattedListingNoteContent': 'Clear view', 'displayOrder': 8, 'showsRawNoteText': True, 'sourceListingNoteId': -1}]",2112716,False,False,Row 1,False,3217075,"¥3,217,075","¥3,217,075",10,Mobile Transfer ticket,3,1,USD,JPY,10990.0,USD,"https://img.vggcdn.net/img/vfsimage2/812551/594_122796/0.jpg?im=Resize=(500,271)&v=771",6 hours ago,8,False,False,False,False,gJiWpVXu%2fOoP9HPJ84ieNiT6sddTZcwIO4avT7YCKZg%3d,False,2026-07-18T02:58:06.2000000Z,False,False,False,False,False,False,0,False,,False,False,False,False,0,False,False,0,13388308251,False,7DC1B7FC-0FC7-496C-B24A-ABF61DFFA5A1,False,False,True,4,7.548558491379944,1.630861575,,,,,"[{'message': 'Great Value', 'qualifier': 'Based on price, view, seat quality and more', 'hasValue': True, 'messageType': 'ValueBased'}, {'message': 'Popular Pick', 'qualifier': '4 tickets sold for this event', 'hasValue': True, 'messageType': 'BoughtInLastHourSocialProofBased'}, {'message': 'Front Row', 'qualifier': 'Best seats in the house', 'hasValue': True, 'messageType': 'FirstRowTicketAttributeBased'}]",[811],,,,,,,,,,,,,,,,
13384673124,153020449,144,122809,144,2,10,4_4,,,4,False,False,1,,False,False,[1],594,Lower,1,True,"[{'listingNoteId': -1, 'listingNoteContentId': 3338094, 'formattedListingNoteContent': 'Clear view', 'listingNoteTypeId': 3, 'showToBuyer': True, 'hideInMock': False, 'siteAddedListingNote': False, 'aisleListingNoteWithSplit': False, 'listingNoteDescriptionContentId': 3338095, 'formattedListingNoteDescription': ""You'll have an unrestricted view of the show.""}]","[{'listingNoteBucketId': 27, 'formattedListingNoteContent': 'Clear view', 'displayOrder': 8, 'showsRawNoteText': True, 'sourceListingNoteId': -1}]",2113202,False,False,Row 10,False,3233657,"¥3,233,657","¥3,233,657",10,Mobile Transfer ticket,3,14,USD,JPY,0.0,USD,"https://img.vggcdn.net/img/vfsimage2/812551/594_122809/0.jpg?im=Resize=(500,271)&v=771",15 hours ago,7,False,False,False,False,v1evemdPSfaLRzuwbI2OhifVm1mKtO8aRHKodQZ1ZOA%3d,False,2026-07-17T17:37:18.5630000Z,False,False,False,False,False,False,0,False,[7],False,False,False,False,0,False,False,0,13384673124,False,9888608A-1D31-4E33-ACAE-A4FB8FD1758F,False,False,True,4,7.380617840477797,1.606366535,,,,,"[{'message': 'Great Value', 'qualifier': 'Based on price, view, seat quality and more', 'hasValue': True, 'messageType': 'ValueBased'}, {'message': 'Popular Pick', 'qualifier': '4 tickets sold for this event', 'hasValue': True, 'messageType': 'BoughtInLastHourSocialProofBased'}]",[],,,,Last ticket,True,,,,,,,,,,,
13226218584,153020449,331,122924,331,2,17,_,,,,False,False,1,,False,False,[1],407,Upper,4,True,"[{'listingNoteId': 74, 'listingNoteContentId': 1288630, 'formattedListingNoteContent': 'Over 18 Ticket', 'listingNoteTypeId': 2, 'showToBuyer': True, 'hideInMock': False, 'siteAddedListingNote': False, 'aisleListingNoteWithSplit': False, 'formattedListingNoteDescription': ''}, {'listingNoteId': -1, 'listingNoteContentId': 3338094, 'formattedListingNoteContent': 'Clear view', 'listingNoteTypeId': 3, 'showToBuyer': True, 'hideInMock': False, 'siteAddedListingNote': False, 'aisleListingNoteWithSplit': False, 'listingNoteDescriptionContentId': 3338095, 'formattedListingNoteDescription': ""You'll have an unrestricted view of the show.""}]","[{'listingNoteBucketId': 24, 'formattedListingNoteContent': 'Over 18 Ticket', 'displayOrder': 24, 'showsRawNoteText': True, 'sourceListingNoteId': 74}, {'listingNoteBucketId': 27, 'formattedListingNoteContent': 'Clear view', 'displayOrder': 8, 'showsRawNoteText': True, 'sourceListingNoteId': -1}]",2113932,False,False,Row 17,False,3234207,"¥3,234,207","¥3,234,207",10,Mobile Transfer ticket,3,1,EUR,JPY,1772.0,EUR,"https://img.vggcdn.net/img/vfsimage2/812551/407_122924/0.jpg?im=Resize=(500,271)&v=771",15 days ago,2,False,False,False,False,mnJ%2b9WismGZF3ifcAqm2BgJkkuulOoua9ZXDybiG7rs%3d,False,2026-07-03T05:57:00.4270000Z,False,False,False,False,False,False,0,False,,False,False,False,False,0,False,False,0,13226218584,False,F9DB94FA-ECA8-480C-BB02-799F817BCEC8,False,False,True,1,2.3515502875172767,0.7523624922,,,,,"[{'message': 'Popular Pick', 'qualifier': '4 tickets sold for this event', 'hasValue': True, 'messageType': 'BoughtInLastHourSocialProofBased'}]",[],,,,,,,,,,,,,,,,
13388207453,153020449,217,122849,217,2,10,21_24,21,24,21,False,False,4,,False,False,"[1, 2, 4]",471,Middle,4,True,"[{'listingNoteId': -1, 'listingNoteContentId': 3338094, 'formattedListingNoteContent': 'Clear view', 'listingNoteTypeId': 3, 'showToBuyer': True, 'hideInMock': False, 'siteAddedListingNote': False, 'aisleListingNoteWithSplit': False, 'listingNoteDescriptionContentId': 3338095, 'formattedListingNoteDescription': ""You'll have an unrestricted view of the show.""}]","[{'listingNoteBucketId': 27, 'formattedListingNoteContent': 'Clear view', 'displayOrder': 8, 'showsRawNoteText': True, 'sourceListingNoteId': -1}]",702934,False,False,Row 10,False,3509496,"¥3,509,496","¥3,509,496",10,Mobile Transfer ticket,3,1,USD,JPY,10990.0,USD,"https://img.vggcdn.net/img/vfsimage2/812551/471_122849/0.jpg?im=Resize=(500,271)&v=771",6 hours ago,6,False,False,False,False,OtE5jnUJGIT4z3BY4oJjiHj%2bl3HaNvb4HNDDfW1tgMk%3d,False,2026-07-18T02:31:26.5570000Z,False,False,False,False,False,False,0,False,,False,False,False,False,0,False,False,0,13388207453,False,AF20E032-F143-4F44-B4D5-7A7BDF2FC60E,False,False,True,3,5.774466704819809,1.436120465,,,,,"[{'message': 'Popular Pick', 'qualifier': '4 tickets sold for this event', 'hasValue': True, 'messageType': 'BoughtInLastHourSocialProofBased'}]",[],,,,,,,,,,,,,,,,
13382102329,153020449,116,122791,116,2,10,10_10,,,10,False,False,1,,False,False,[1],594,Lower,1,True,"[{'listingNoteId': -1, 'listingNoteContentId': 3338094, 'formattedListingNoteContent': 'Clear view', 'listingNoteTypeId': 3, 'showToBuyer': True, 'hideInMock': False, 'siteAddedListingNote': False, 'aisleListingNoteWithSplit': False, 'listingNoteDescriptionContentId': 3338095, 'formattedListingNoteDescription': ""You'll have an unrestricted view of the show.""}]","[{'listingNoteBucketId': 27, 'formattedListingNoteContent': 'Clear view', 'displayOrder': 8, 'showsRawNoteText': True, 'sourceListingNoteId': -1}]",2112514,False,False,Row 10,False,3780936,"¥3,780,936","¥3,780,936",10,Mobile Transfer ticket,3,1,EUR,JPY,10900.0,EUR,"https://img.vggcdn.net/img/vfsimage2/812551/594_122791/0.jpg?im=Resize=(500,271)&v=771",22 hours ago,9,False,False,False,False,nPnAcib3OFgW%2bddFIX9e7Pfqpicfk5drniuyW90Yxlg%3d,False,2026-07-17T10:45:14.1300000Z,False,False,False,False,False,False,0,False,[7],False,False,False,False,0,False,False,0,13382102329,False,C625BD4D-8C85-4D2B-B4CE-94D487C923CD,False,False,True,5,8.655268682309417,2.241669012,,,,,"[{'message': 'Amazing Value', 'qualifier': 'Based on price, view, seat quality and more', 'hasValue': True, 'messageType': 'ValueBased'}, {'message': 'Popular Pick', 'qualifier': '4 tickets sold for this event', 'hasValue': True, 'messageType': 'BoughtInLastHourSocialProofBased'}]",[],,,,Last ticket,True,,,,,,,,,,,
13386856488,153020449,123,122795,123,2,17,1_4,,,1,False,False,4,,False,False,"[1, 2, 4]",594,Lower,4,True,"[{'listingNoteId': -1, 'listingNoteContentId': 3338094, 'formattedListingNoteContent': 'Clear view', 'listingNoteTypeId': 3, 'showToBuyer': True, 'hideInMock': False, 'siteAddedListingNote': False, 'aisleListingNoteWithSplit': False, 'listingNoteDescriptionContentId': 3338095, 'formattedListingNoteDescription': ""You'll have an unrestricted view of the show.""}]","[{'listingNoteBucketId': 14, 'formattedListingNoteContent': 'Aisle seat', 'displayOrder': 14, 'showsRawNoteText': True, 'sourceListingNoteId': 2024}, {'listingNoteBucketId': 27, 'formattedListingNoteContent': 'Clear view', 'displayOrder': 8, 'showsRawNoteText': True, 'sourceListingNoteId': -1}]",2112676,False,False,Row 17,False,3811664,"¥3,811,664","¥3,811,664",13,Mobile ticket,4,1,USD,JPY,5000.0,USD,"https://img.vggcdn.net/img/vfsimage2/812551/594_122795/0.jpg?im=Resize=(500,271)&v=771",10 hours ago,5,False,False,False,False,judUKfECDR0dCh517BAAtF671Uhcd4Iyj1z7%2b7Mt7xQ%3d,False,2026-07-17T22:41:54.0830000Z,False,False,False,False,False,False,0,False,,False,False,False,False,0,False,False,0,13386856488,False,441FB1FA-A8DF-4810-972F-E5C7139F86AF,False,False,True,2,4.61684377086641,1.347934763,,,,,"[{'message': 'Popular Pick', 'qualifier': '4 tickets sold for this event', 'hasValue': True, 'messageType': 'BoughtInLastHourSocialProofBased'}, {'message': 'Aisle Seat', 'qualifier': 'Easy access to your seat', 'hasValue': True, 'messageType': 'AisleSeatTicketAttributeBased'}]",[2024],,,,,,,,,,,,,,,,
13386258853,153020449,143,122808,143,2,19,_,,,,False,False,3,,False,False,"[1, 3]",594,Lower,3,True,"[{'listingNoteId': -1, 'listingNoteContentId': 3338094, 'formattedListingNoteContent': 'Clear view', 'listingNoteTypeId': 3, 'showToBuyer': True, 'hideInMock': False, 'siteAddedListingNote': False, 'aisleListingNoteWithSplit': False, 'listingNoteDescriptionContentId': 3338095, 'formattedListingNoteDescription': ""You'll have an unrestricted view of the show.""}]","[{'listingNoteBucketId': 27, 'formattedListingNoteContent': 'Clear view', 'displayOrder': 8, 'showsRawNoteText': True, 'sourceListingNoteId': -1}]",2113178,False,False,Row 19,False,3821220,"¥3,821,220","¥3,821,220",10,Mobile Transfer ticket,3,1,USD,JPY,13086.0,USD,"https://img.vggcdn.net/img/vfsimage2/812551/594_122808/0.jpg?im=Resize=(500,271)&v=771",11 hours ago,6,False,False,False,False,gCLrHa0oqGJJLaeluD6Sqk5EH1G6%2fX%2bWk70b8l5dujk%3d,False,2026-07-17T21:07:11.7000000Z,False,False,False,False,False,False,0,False,,False,False,False,False,0,False,False,0,13386258853,False,476C94A9-5894-4975-98B3-D35D6AA515A2,False,False,True,3,6.090392638842506,1.621708929,,,,,"[{'message': 'Popular Pick', 'qualifier': '4 tickets sold for this event', 'hasValue': True, 'messageType': 'BoughtInLastHourSocialProofBased'}]",[],,,,,,,,,,,,,,,,
13374673023,153020449,109,122787,109,2,9,22_22,22,22,22,False,False,1,,False,False,[1],594,Lower,1,True,"[{'listingNoteId': -1, 'listingNoteContentId': 3338094, 'formattedListingNoteContent': 'Clear view', 'listingNoteTypeId': 3, 'showToBuyer': True, 'hideInMock': False, 'siteAddedListingNote': False, 'aisleListingNoteWithSplit': False, 'listingNoteDescriptionContentId': 3338095, 'formattedListingNoteDescription': ""You'll have an unrestricted view of the show.""}]","[{'listingNoteBucketId': 27, 'formattedListingNoteContent': 'Clear view', 'displayOrder': 8, 'showsRawNoteText': True, 'sourceListingNoteId': -1}]",2112322,False,False,Row 9,False,3860401,"¥3,860,401","¥3,860,401",10,Mobile Transfer ticket,3,1,USD,JPY,,USD,"https://img.vggcdn.net/img/vfsimage2/812551/594_122787/0.jpg?im=Resize=(500,271)&v=771",yesterday,6,False,False,False,False,uF3KQhXHUruz3SdpJMXHsvD4wKnaQT0qAibWn5AqX3o%3d,False,2026-07-16T17:44:09.5400000Z,False,False,False,False,False,False,0,False,,False,False,False,False,0,False,False,0,13374673023,False,26D27B2D-428E-46FE-9514-F11EFD945202,False,False,True,3,6.07822745417201,1.636002085,,,,,"[{'message': 'Popular Pick', 'qualifier': '4 tickets sold for this event', 'hasValue': True, 'messageType': 'BoughtInLastHourSocialProofBased'}]",[],"¥4,928,239",22.0,"¥1,067,838",,,,,,,,,,,,,
13386449651,153020449,228A,1530789,228A,2,7,3_3,3,3,3,False,False,1,,False,False,[1],471,Middle,1,True,"[{'listingNoteId': -1, 'listingNoteContentId': 3338094, 'formattedListingNoteContent': 'Clear view', 'listingNoteTypeId': 3, 'showToBuyer': True, 'hideInMock': False, 'siteAddedListingNote': False, 'aisleListingNoteWithSplit': False, 'listingNoteDescriptionContentId': 3338095, 'formattedListingNoteDescription': ""You'll have an unrestricted view of the show.""}]","[{'listingNoteBucketId': 27, 'formattedListingNoteContent': 'Clear view', 'displayOrder': 8, 'showsRawNoteText': True, 'sourceListingNoteId': -1}]",1593647,False,False,Row 7,False,3948127,"¥3,948,127","¥3,948,127",10,Mobile Transfer ticket,3,1,USD,JPY,0.0,USD,"https://img.vggcdn.net/img/vfsimage2/812551/471_1530789/0.jpg?im=Resize=(500,271)&v=771",11 hours ago,3,False,False,False,False,K1t79e%2f8%2bgufIC%2f1XqwgQPDlwNgOs%2bBBlxVgxqrrKoU%3d,False,2026-07-17T21:44:54.7870000Z,False,False,False,False,False,False,0,False,[7],False,False,False,False,0,False,False,0,13386449651,False,B1C82032-B583-4A2C-B647-092B604F6667,False,False,True,2,2.9300256773603572,1.106506671,,,,,"[{'message': 'Popular Pick', 'qualifier': '4 tickets sold for this event', 'hasValue': True, 'messageType': 'BoughtInLastHourSocialProofBased'}]",[],,,,Last ticket,True,,,,,,,,,,,
13274022365,153020449,134,122802,134,2,27,15_17,,,15,False,False,3,,False,False,"[1, 2, 3]",594,Lower,3,True,"[{'listingNoteId': -1, 'listingNoteContentId': 3338094, 'formattedListingNoteContent': 'Clear view', 'listingNoteTypeId': 3, 'showToBuyer': True, 'hideInMock': False, 'siteAddedListingNote': False, 'aisleListingNoteWithSplit': False, 'listingNoteDescriptionContentId': 3338095, 'formattedListingNoteDescription': ""You'll have an unrestricted view of the show.""}]","[{'listingNoteBucketId': 27, 'formattedListingNoteContent': 'Clear view', 'displayOrder': 8, 'showsRawNoteText': True, 'sourceListingNoteId': -1}]",2113007,False,False,Row 27,False,3981670,"¥3,981,670","¥3,981,670",10,Mobile Transfer ticket,3,1,AED,JPY,17000.0,AED,"https://img.vggcdn.net/img/vfsimage2/812551/594_122802/0.jpg?im=Resize=(500,271)&v=771",10 days ago,4,False,False,False,False,zO7O25OB%2fqxw7kHHsY2bgQPMXZo6UiXbzdtCHt8weM0%3d,False,2026-07-07T15:58:25.4900000Z,False,False,False,False,False,False,0,False,,False,False,False,False,0,False,False,0,13274022365,False,6556A82A-0082-41EF-B9DA-5C656D688462,False,False,True,2,4.082519938543281,1.300231612,,,,,"[{'message': 'Popular Pick', 'qualifier': '4 tickets sold for this event', 'hasValue': True, 'messageType': 'BoughtInLastHourSocialProofBased'}]",[],,,,,,,,,,,,,,,,
13348807789,153020449,108,122786,108,2,13,_,,,,False,False,4,,False,False,"[1, 2, 3, 4]",594,Lower,4,True,"[{'listingNoteId': 2027, 'listingNoteContentId': 3415845, 'formattedListingNoteContent': 'Third Row of Section', 'listingNoteTypeId': 6, 'showToBuyer': True, 'hideInMock': False, 'siteAddedListingNote': False, 'aisleListingNoteWithSplit': False, 'listingNoteDescriptionContentId': 3415845, 'formattedListingNoteDescription': 'Third Row of Section'}, {'listingNoteId': -1, 'listingNoteContentId': 3338094, 'formattedListingNoteContent': 'Clear view', 'listingNoteTypeId': 3, 'showToBuyer': True, 'hideInMock': False, 'siteAddedListingNote': False, 'aisleListingNoteWithSplit': False, 'listingNoteDescriptionContentId': 3338095, 'formattedListingNoteDescription': ""You'll have an unrestricted view of the show.""}]","[{'listingNoteBucketId': 14, 'formattedListingNoteContent': 'Third Row of Section', 'displayOrder': 14, 'showsRawNoteText': True, 'sourceListingNoteId': 2027}, {'listingNoteBucketId': 27, 'formattedListingNoteContent': 'Clear view', 'displayOrder': 8, 'showsRawNoteText': True, 'sourceListingNoteId': -1}]",2112256,False,False,Row 13,False,3986668,"¥3,986,668","¥3,986,668",10,Mobile Transfer ticket,3,1,USD,JPY,0.0,USD,"https://img.vggcdn.net/img/vfsimage2/812551/594_122786/0.jpg?im=Resize=(500,271)&v=771",3 days ago,5,False,False,False,False,0Ju%2f9ZthQsg4sun0OiBqejbpcPB4qk5eoNrPLLblTS4%3d,False,2026-07-14T14:41:08.2870000Z,False,False,False,False,False,False,0,False,,False,False,False,False,0,False,False,0,13348807789,False,0D64225E-C688-47CF-9F8F-C35C311B997F,False,False,True,3,5.249881284699224,1.539938978,,,,,"[{'message': 'Popular Pick', 'qualifier': '4 tickets sold for this event', 'hasValue': True, 'messageType': 'BoughtInLastHourSocialProofBased'}, {'message': 'Third Row', 'qualifier': 'Excellent proximity to the action', 'hasValue': True, 'messageType': 'ThirdRowTicketAttributeBased'}]",[2027],"¥5,070,387",21.0,"¥1,083,719",,,,,,,,,,,,,
13388050955,153020449,101,122782,101,2,2,17_17,,,17,False,False,1,,False,False,[1],594,Lower,1,True,"[{'listingNoteId': 2026, 'listingNoteContentId': 3415844, 'formattedListingNoteContent': 'Second Row of Section', 'listingNoteTypeId': 6, 'showToBuyer': True, 'hideInMock': False, 'siteAddedListingNote': False, 'aisleListingNoteWithSplit': False, 'listingNoteDescriptionContentId': 3415844, 'formattedListingNoteDescription': 'Second Row of Section'}, {'listingNoteId': -1, 'listingNoteContentId': 3338094, 'formattedListingNoteContent': 'Clear view', 'listingNoteTypeId': 3, 'showToBuyer': True, 'hideInMock': False, 'siteAddedListingNote': False, 'aisleListingNoteWithSplit': False, 'listingNoteDescriptionContentId': 3338095, 'formattedListingNoteDescription': ""You'll have an unrestricted view of the show.""}]","[{'listingNoteBucketId': 14, 'formattedListingNoteContent': 'Second Row of Section', 'displayOrder': 14, 'showsRawNoteText': True, 'sourceListingNoteId': 2026}, {'listingNoteBucketId': 27, 'formattedListingNoteContent': 'Clear view', 'displayOrder': 8, 'showsRawNoteText': True, 'sourceListingNoteId': -1}]",2112074,False,False,Row 2,False,4057852,"¥4,057,852","¥4,057,852",10,Mobile Transfer ticket,3,1,USD,JPY,0.0,USD,"https://img.vggcdn.net/img/vfsimage2/812551/594_122782/0.jpg?im=Resize=(500,271)&v=771",7 hours ago,6,False,False,False,False,oNQdjJ2iSisVRWfR3zHLRj0vtlovygwGb5fZdBdM6RA%3d,False,2026-07-18T01:49:15.2000000Z,False,False,False,False,False,False,0,False,,False,False,False,False,0,False,False,0,13388050955,False,2F8C9D5C-E431-47AA-9C3B-3DCB9F13500A,False,False,True,3,6.010072105445328,1.706054045,,,,,"[{'message': 'Popular Pick', 'qualifier': '4 tickets sold for this event', 'hasValue': True, 'messageType': 'BoughtInLastHourSocialProofBased'}, {'message': 'Second Row', 'qualifier': 'Premium close-up view', 'hasValue': True, 'messageType': 'SecondRowTicketAttributeBased'}]",[2026],,,,,,,,,,,,,,,,
13141570564,153020449,Middle,1546668,Middle,3,,_,,,,False,False,4,,False,False,"[1, 2, 4]",471,Middle,4,True,"[{'listingNoteId': -1, 'listingNoteContentId': 3338094, 'formattedListingNoteContent': 'Clear view', 'listingNoteTypeId': 3, 'showToBuyer': True, 'hideInMock': False, 'siteAddedListingNote': False, 'aisleListingNoteWithSplit': False, 'listingNoteDescriptionContentId': 3338095, 'formattedListingNoteDescription': ""You'll have an unrestricted view of the show.""}]","[{'listingNoteBucketId': 27, 'formattedListingNoteContent': 'Clear view', 'displayOrder': 8, 'showsRawNoteText': True, 'sourceListingNoteId': -1}]",1641235,False,False,Row,True,4091470,"¥4,091,470","¥4,091,470",10,Mobile Transfer ticket,3,1,EUR,JPY,1222.0,EUR,"https://img.vggcdn.net/img/vfsimage2/812551/471_1546668/0.jpg?im=Resize=(500,271)&v=771",22 days ago,0,False,False,True,True,lco6nNlfd3kpNR72NYzWXfeHUYku3Nt3WDr9Xh0M%2bGY%3d,False,2026-06-25T12:01:34.4200000Z,False,False,False,False,False,False,0,False,[7],False,False,False,False,0,False,False,0,13141570564,False,4968767C-9AAC-4164-B7D8-B4EDB473644A,False,False,True,0,,,,,,,"[{'message': 'Popular Pick', 'qualifier': '4 tickets sold for this event', 'hasValue': True, 'messageType': 'BoughtInLastHourSocialProofBased'}]",[],,,,Last tickets,True,,,,,,,,,,,
12998151102,153020449,320,122913,320,2,8,5_6,5,6,5,False,False,2,,False,False,"[1, 2]",407,Upper,2,True,"[{'listingNoteId': -1, 'listingNoteContentId': 3338094, 'formattedListingNoteContent': 'Clear view', 'listingNoteTypeId': 3, 'showToBuyer': True, 'hideInMock': False, 'siteAddedListingNote': False, 'aisleListingNoteWithSplit': False, 'listingNoteDescriptionContentId': 3338095, 'formattedListingNoteDescription': ""You'll have an unrestricted view of the show.""}]","[{'listingNoteBucketId': 27, 'formattedListingNoteContent': 'Clear view', 'displayOrder': 8, 'showsRawNoteText': True, 'sourceListingNoteId': -1}]",703943,False,False,Row 8,False,4121819,"¥4,121,819","¥4,121,819",10,Mobile Transfer ticket,3,1,EUR,JPY,5500.0,EUR,"https://img.vggcdn.net/img/vfsimage2/812551/407_122913/0.jpg?im=Resize=(500,271)&v=771",36 days ago,2,False,False,False,False,6d2FoeRbjENB2BRCirXvMK3XgfRvy3z2J38FdpZdlK4%3d,False,2026-06-11T13:41:26.4070000Z,False,False,False,True,False,False,0,False,[6],False,False,False,False,0,False,False,0,12998151102,False,A89B5153-DF46-416E-97A5-85E955029113,False,False,True,1,2.2883732022534287,0.9119621003,,,,,"[{'message': 'Popular Pick', 'qualifier': '4 tickets sold for this event', 'hasValue': True, 'messageType': 'BoughtInLastHourSocialProofBased'}]",[],,,,,,,Fan favorite,This section is in the top 10% of sections for this event when ranked based on a count of successful sales over the past 7 days on our site,True,,,,,,,
13351097261,153020449,134,122802,134,2,8,20_20,20,20,20,False,False,1,,False,False,[1],594,Lower,1,True,"[{'listingNoteId': -1, 'listingNoteContentId': 3338094, 'formattedListingNoteContent': 'Clear view', 'listingNoteTypeId': 3, 'showToBuyer': True, 'hideInMock': False, 'siteAddedListingNote': False, 'aisleListingNoteWithSplit': False, 'listingNoteDescriptionContentId': 3338095, 'formattedListingNoteDescription': ""You'll have an unrestricted view of the show.""}]","[{'listingNoteBucketId': 27, 'formattedListingNoteContent': 'Clear view', 'displayOrder': 8, 'showsRawNoteText': True, 'sourceListingNoteId': -1}]",2113020,False,False,Row 8,False,4289285,"¥4,289,285","¥4,289,285",10,Mobile Transfer ticket,3,1,USD,JPY,,USD,"https://img.vggcdn.net/img/vfsimage2/812551/594_122802/0.jpg?im=Resize=(500,271)&v=771",3 days ago,6,False,False,False,False,IeCgVo%2bMAE2VQyR77ABosoN%2fY3K0Y6GYuN4dgvPaskE%3d,False,2026-07-14T16:50:38.1100000Z,False,False,False,False,False,False,0,False,,False,False,False,False,0,False,False,0,13351097261,False,A1C601B0-F251-454E-8C19-28C9100A372E,False,False,True,3,6.390547467891294,1.886883891,,,,,"[{'message': 'Popular Pick', 'qualifier': '4 tickets sold for this event', 'hasValue': True, 'messageType': 'BoughtInLastHourSocialProofBased'}]",[],"¥8,529,573",50.0,"¥4,240,288",,,,,,,,,,,,,
13386086959,153020449,235,122862,235,2,9,_,,,,False,False,2,,False,False,"[1, 2]",471,Middle,2,True,"[{'listingNoteId': 263, 'listingNoteContentId': 2444900, 'formattedListingNoteContent': 'VIP Club', 'listingNoteTypeId': 3, 'showToBuyer': True, 'hideInMock': False, 'siteAddedListingNote': False, 'aisleListingNoteWithSplit': False, 'listingNoteDescriptionContentId': 2444901, 'formattedListingNoteDescription': 'VIP Club - Club opens 90 minutes prior to tipoff and offers access to a lounge area with televisions, plush seating and private restrooms as well as all-inclusive food, draft beer, and house wine'}, {'listingNoteId': 424, 'listingNoteContentId': 2445241, 'formattedListingNoteContent': 'Access to VIP Club', 'listingNoteTypeId': 3, 'showToBuyer': True, 'hideInMock': False, 'siteAddedListingNote': False, 'aisleListingNoteWithSplit': False, 'formattedListingNoteDescription': ''}, {'listingNoteId': 1367, 'listingNoteContentId': 2447255, 'formattedListingNoteContent': 'Includes club access', 'listingNoteTypeId': 3, 'showToBuyer': True, 'hideInMock': False, 'siteAddedListingNote': False, 'aisleListingNoteWithSplit': False, 'listingNoteDescriptionContentId': 2447256, 'formattedListingNoteDescription': 'Includes club access'}, {'listingNoteId': -1, 'listingNoteContentId': 3338094, 'formattedListingNoteContent': 'Clear view', 'listingNoteTypeId': 3, 'showToBuyer': True, 'hideInMock': False, 'siteAddedListingNote': False, 'aisleListingNoteWithSplit': False, 'listingNoteDescriptionContentId': 3338095, 'formattedListingNoteDescription': ""You'll have an unrestricted view of the show.""}]","[{'listingNoteBucketId': 1, 'formattedListingNoteContent': 'VIP packages', 'displayOrder': 1, 'showsRawNoteText': False}, {'listingNoteBucketId': 4, 'formattedListingNoteContent': 'Club access', 'displayOrder': 4, 'showsRawNoteText': False}, {'listingNoteBucketId': 27, 'formattedListingNoteContent': 'Clear view', 'displayOrder': 8, 'showsRawNoteText': True, 'sourceListingNoteId': -1}]",703280,False,False,Row 9,False,4497722,"¥4,497,722","¥4,497,722",10,Mobile Transfer ticket,3,1,USD,JPY,10900.0,USD,"https://img.vggcdn.net/img/vfsimage2/812551/471_122862/0.jpg?im=Resize=(500,271)&v=771",12 hours ago,5,False,False,False,False,gNP0Q8pxWHYEH4WO2LfP70IKdvIFkNC9A3ZotX7dhHc%3d,False,2026-07-17T20:38:02.3370000Z,False,False,False,False,False,False,0,False,,False,False,False,False,0,False,False,0,13386086959,False,A6821259-D326-490B-9C96-323F1C330261,False,False,True,2,4.672512412475797,1.604439423,,,,,"[{'message': 'Popular Pick', 'qualifier': '4 tickets sold for this event', 'hasValue': True, 'messageType': 'BoughtInLastHourSocialProofBased'}]",[],"¥6,388,629",30.0,"¥1,890,907",,,,,,,,,,,,,
13334390402,153020449,129,122799,129,2,31,_,,,,False,False,1,,False,False,[1],594,Lower,1,True,"[{'listingNoteId': 174, 'listingNoteContentId': 2444704, 'formattedListingNoteContent': 'VIP Club Access w/ private entrance & restrooms', 'listingNoteTypeId': 3, 'showToBuyer': True, 'hideInMock': False, 'siteAddedListingNote': False, 'aisleListingNoteWithSplit': False, 'listingNoteDescriptionContentId': 2444705, 'formattedListingNoteDescription': 'Tickets grant access to VIP private entrance, VIP club access and VIP private restrooms.'}, {'listingNoteId': 1025, 'listingNoteContentId': 2446491, 'formattedListingNoteContent': 'Includes unlimited food and soft drinks', 'listingNoteTypeId': 3, 'showToBuyer': True, 'hideInMock': False, 'siteAddedListingNote': False, 'aisleListingNoteWithSplit': False, 'listingNoteDescriptionContentId': 2446492, 'formattedListingNoteDescription': 'Includes unlimited food and soft drinks'}, {'listingNoteId': 1028, 'listingNoteContentId': 2446497, 'formattedListingNoteContent': 'Includes unlimited food and drinks (beer, wine and liquor)', 'listingNoteTypeId': 3, 'showToBuyer': True, 'hideInMock': False, 'siteAddedListingNote': False, 'aisleListingNoteWithSplit': False, 'listingNoteDescriptionContentId': 2446498, 'formattedListingNoteDescription': 'Includes unlimited food and drinks (beer, wine and liquor)'}, {'listingNoteId': 2246, 'listingNoteContentId': 4165609, 'formattedListingNoteContent': 'VIP Experience', 'listingNoteTypeId': 3, 'showToBuyer': True, 'hideInMock': False, 'siteAddedListingNote': False, 'aisleListingNoteWithSplit': False, 'listingNoteDescriptionContentId': 4165611, 'formattedListingNoteDescription': 'VIP Experience'}, {'listingNoteId': 2247, 'listingNoteContentId': 4165768, 'formattedListingNoteContent': 'Includes food, beer and wine', 'listingNoteTypeId': 3, 'showToBuyer': True, 'hideInMock': False, 'siteAddedListingNote': False, 'aisleListingNoteWithSplit': False, 'listingNoteDescriptionContentId': 4165769, 'formattedListingNoteDescription': 'Includes food, beer and wine'}, {'listingNoteId': 2254, 'listingNoteContentId': 4170837, 'formattedListingNoteContent': 'Includes food, beer, wine, and non-alcoholic beverages', 'listingNoteTypeId': 3, 'showToBuyer': True, 'hideInMock': False, 'siteAddedListingNote': False, 'aisleListingNoteWithSplit': False, 'listingNoteDescriptionContentId': 4170838, 'formattedListingNoteDescription': 'Includes food, beer, wine, and non-alcoholic beverages'}, {'listingNoteId': 2356, 'listingNoteContentId': 4257844, 'formattedListingNoteContent': 'All-Inclusive Food', 'listingNoteTypeId': 3, 'showToBuyer': True, 'hideInMock': False, 'siteAddedListingNote': False, 'aisleListingNoteWithSplit': False, 'formattedListingNoteDescription': ''}, {'listingNoteId': 2363, 'listingNoteContentId': 4281452, 'formattedListingNoteContent': 'Access to Premium Lounge', 'listingNoteTypeId': 3, 'showToBuyer': True, 'hideInMock': False, 'siteAddedListingNote': False, 'aisleListingNoteWithSplit': False, 'formattedListingNoteDescription': ''}, {'listingNoteId': 1021, 'listingNoteContentId': 2446483, 'formattedListingNoteContent': 'Includes unlimited food and drinks (beer and soft drinks)', 'listingNoteTypeId': 3, 'showToBuyer': True, 'hideInMock': False, 'siteAddedListingNote': False, 'aisleListingNoteWithSplit': False, 'listingNoteDescriptionContentId': 2446484, 'formattedListingNoteDescription': 'Includes unlimited food and drinks (beer and soft drinks)'}, {'listingNoteId': -1, 'listingNoteContentId': 3338094, 'formattedListingNoteContent': 'Clear view', 'listingNoteTypeId': 3, 'showToBuyer': True, 'hideInMock': False, 'siteAddedListingNote': False, 'aisleListingNoteWithSplit': False, 'listingNoteDescriptionContentId': 3338095, 'formattedListingNoteDescription': ""You'll have an unrestricted view of the show.""}]","[{'listingNoteBucketId': 1, 'formattedListingNoteContent': 'VIP packages', 'displayOrder': 1, 'showsRawNoteText': False}, {'listingNoteBucketId': 7, 'formattedListingNoteContent': 'Food & beverages', 'displayOrder': 7, 'showsRawNoteText': False}, {'listingNoteBucketId': 0, 'formattedListingNoteContent': 'Includes food, beer, wine, and non-alcoholic beverages', 'displayOrder': 30, 'showsRawNoteText': True, 'sourceListingNoteId': 2254}, {'listingNoteBucketId': 0, 'formattedListingNoteContent': 'All-Inclusive Food', 'displayOrder': 30, 'showsRawNoteText': True, 'sourceListingNoteId': 2356}, {'listingNoteBucketId': 0, 'formattedListingNoteContent': 'Access to Premium Lounge', 'displayOrder': 30, 'showsRawNoteText': True, 'sourceListingNoteId': 2363}, {'listingNoteBucketId': 27, 'formattedListingNoteContent': 'Clear view', 'displayOrder': 8, 'showsRawNoteText': True, 'sourceListingNoteId': -1}]",2112884,False,False,Row 31,False,4562211,"¥4,562,211","¥4,562,211",10,Mobile Transfer ticket,3,1,USD,JPY,,USD,"https://img.vggcdn.net/img/vfsimage2/812551/594_122799/0.jpg?im=Resize=(500,271)&v=771",6 days ago,2,False,False,False,False,fKg%2bE%2bqRomOS8soo5WJSqsPRxBo%2fUZZsQiAT9Js9NkI%3d,False,2026-07-12T04:55:54.9300000Z,False,False,False,False,False,False,0,False,,False,False,False,False,0,False,False,0,13334390402,False,B1BB77E3-70C8-4B87-A388-75EB0E12CAB6,False,False,True,1,2.4539790253886,1.157901689,,,,,"[{'message': 'Popular Pick', 'qualifier': '4 tickets sold for this event', 'hasValue': True, 'messageType': 'BoughtInLastHourSocialProofBased'}, {'message': 'VIP', 'qualifier': 'Premium access and amenities', 'hasValue': True, 'messageType': 'VipTicketAttributeBased'}]",[174],,,,,,,,,,,,,,,,
13377547900,153020449,126,122797,126,2,4,_,,,,False,False,1,,False,False,[1],594,Lower,1,True,"[{'listingNoteId': -1, 'listingNoteContentId': 3338094, 'formattedListingNoteContent': 'Clear view', 'listingNoteTypeId': 3, 'showToBuyer': True, 'hideInMock': False, 'siteAddedListingNote': False, 'aisleListingNoteWithSplit': False, 'listingNoteDescriptionContentId': 3338095, 'formattedListingNoteDescription': ""You'll have an unrestricted view of the show.""}]","[{'listingNoteBucketId': 27, 'formattedListingNoteContent': 'Clear view', 'displayOrder': 8, 'showsRawNoteText': True, 'sourceListingNoteId': -1}]",2112798,False,False,Row 4,False,4680925,"¥4,680,925","¥4,680,925",10,Mobile Transfer ticket,3,1,SGD,JPY,19357.0,SGD,"https://img.vggcdn.net/img/vfsimage2/812551/594_122797/0.jpg?im=Resize=(500,271)&v=771",yesterday,5,False,False,False,False,49vyu%2f2Zw3Ts7W5ZwtSOGRRs4oElKZ%2fzT1rVQPu6oXw%3d,False,2026-07-16T23:18:14.4900000Z,False,False,False,False,False,False,0,False,,False,False,False,False,0,False,False,0,13377547900,False,68105F37-FCE4-4BF7-A6DA-F285E9983DBB,False,False,True,3,5.146300393745774,1.788343108,,,,,"[{'message': 'Popular Pick', 'qualifier': '4 tickets sold for this event', 'hasValue': True, 'messageType': 'BoughtInLastHourSocialProofBased'}]",[],,,,,,,,,,,,,,,,
13386258821,153020449,140,122806,140,2,19,_,,,,False,False,1,,False,False,[1],594,Lower,1,True,"[{'listingNoteId': -1, 'listingNoteContentId': 3338094, 'formattedListingNoteContent': 'Clear view', 'listingNoteTypeId': 3, 'showToBuyer': True, 'hideInMock': False, 'siteAddedListingNote': False, 'aisleListingNoteWithSplit': False, 'listingNoteDescriptionContentId': 3338095, 'formattedListingNoteDescription': ""You'll have an unrestricted view of the show.""}]","[{'listingNoteBucketId': 27, 'formattedListingNoteContent': 'Clear view', 'displayOrder': 8, 'showsRawNoteText': True, 'sourceListingNoteId': -1}]",2113117,False,False,Row 19,False,5063225,"¥5,063,225","¥5,063,225",10,Mobile Transfer ticket,3,1,USD,JPY,0.0,USD,"https://img.vggcdn.net/img/vfsimage2/812551/594_122806/0.jpg?im=Resize=(500,271)&v=771",11 hours ago,7,False,False,False,False,lyTwmnvdI%2fmrfp5O3ltdBlAPUcSW4c%2fyR3W0FuM0Hdc%3d,False,2026-07-17T21:07:11.4530000Z,False,False,False,False,False,False,0,False,,False,False,False,False,0,False,False,0,13386258821,False,04124A23-B0A8-4CE0-972F-C8DA8D3F0A08,False,False,True,3,6.641165379080563,2.297465083,,,,,"[{'message': 'Popular Pick', 'qualifier': '4 tickets sold for this event', 'hasValue': True, 'messageType': 'BoughtInLastHourSocialProofBased'}]",[],,,,,,,,,,,,,,,,
13294504662,153020449,236,122863,236,2,3,_,,,,False,False,1,,False,False,[1],471,Middle,1,True,"[{'listingNoteId': 263, 'listingNoteContentId': 2444900, 'formattedListingNoteContent': 'VIP Club', 'listingNoteTypeId': 3, 'showToBuyer': True, 'hideInMock': False, 'siteAddedListingNote': False, 'aisleListingNoteWithSplit': False, 'listingNoteDescriptionContentId': 2444901, 'formattedListingNoteDescription': 'VIP Club - Club opens 90 minutes prior to tipoff and offers access to a lounge area with televisions, plush seating and private restrooms as well as all-inclusive food, draft beer, and house wine'}, {'listingNoteId': 424, 'listingNoteContentId': 2445241, 'formattedListingNoteContent': 'Access to VIP Club', 'listingNoteTypeId': 3, 'showToBuyer': True, 'hideInMock': False, 'siteAddedListingNote': False, 'aisleListingNoteWithSplit': False, 'formattedListingNoteDescription': ''}, {'listingNoteId': 1367, 'listingNoteContentId': 2447255, 'formattedListingNoteContent': 'Includes club access', 'listingNoteTypeId': 3, 'showToBuyer': True, 'hideInMock': False, 'siteAddedListingNote': False, 'aisleListingNoteWithSplit': False, 'listingNoteDescriptionContentId': 2447256, 'formattedListingNoteDescription': 'Includes club access'}, {'listingNoteId': 2027, 'listingNoteContentId': 3415845, 'formattedListingNoteContent': 'Third Row of Section', 'listingNoteTypeId': 6, 'showToBuyer': True, 'hideInMock': False, 'siteAddedListingNote': False, 'aisleListingNoteWithSplit': False, 'listingNoteDescriptionContentId': 3415845, 'formattedListingNoteDescription': 'Third Row of Section'}, {'listingNoteId': -1, 'listingNoteContentId': 3338094, 'formattedListingNoteContent': 'Clear view', 'listingNoteTypeId': 3, 'showToBuyer': True, 'hideInMock': False, 'siteAddedListingNote': False, 'aisleListingNoteWithSplit': False, 'listingNoteDescriptionContentId': 3338095, 'formattedListingNoteDescription': ""You'll have an unrestricted view of the show.""}]","[{'listingNoteBucketId': 1, 'formattedListingNoteContent': 'VIP packages', 'displayOrder': 1, 'showsRawNoteText': False}, {'listingNoteBucketId': 4, 'formattedListingNoteContent': 'Club access', 'displayOrder': 4, 'showsRawNoteText': False}, {'listingNoteBucketId': 14, 'formattedListingNoteContent': 'Third Row of Section', 'displayOrder': 14, 'showsRawNoteText': True, 'sourceListingNoteId': 2027}, {'listingNoteBucketId': 27, 'formattedListingNoteContent': 'Clear view', 'displayOrder': 8, 'showsRawNoteText': True, 'sourceListingNoteId': -1}]",703288,False,False,Row 3,False,5325631,"¥5,325,631","¥5,325,631",10,Mobile Transfer ticket,3,1,USD,JPY,27850.0,USD,"https://img.vggcdn.net/img/vfsimage2/812551/471_122863/0.jpg?im=Resize=(500,271)&v=771",9 days ago,4,False,False,False,False,5TuJ04U1rGIGZk9ZvKPsPHhXKkgMilj%2b6IVA9p7IlIs%3d,False,2026-07-09T02:34:24.4830000Z,False,False,False,False,False,False,0,False,[7],False,False,False,False,0,False,False,0,13294504662,False,2CA9091E-C0D5-49C6-A5F9-3BB5AC94FD91,False,False,True,2,3.9816811626558426,1.714380036,,,,,"[{'message': 'Popular Pick', 'qualifier': '4 tickets sold for this event', 'hasValue': True, 'messageType': 'BoughtInLastHourSocialProofBased'}, {'message': 'Third Row', 'qualifier': 'Excellent proximity to the action', 'hasValue': True, 'messageType': 'ThirdRowTicketAttributeBased'}]",[2027],"¥8,518,078",37.0,"¥3,192,447",Last ticket,True,,,,,,,,,,,
13386258858,153020449,140,122806,140,2,18,_,,,,False,False,1,,False,False,[1],594,Lower,1,True,"[{'listingNoteId': -1, 'listingNoteContentId': 3338094, 'formattedListingNoteContent': 'Clear view', 'listingNoteTypeId': 3, 'showToBuyer': True, 'hideInMock': False, 'siteAddedListingNote': False, 'aisleListingNoteWithSplit': False, 'listingNoteDescriptionContentId': 3338095, 'formattedListingNoteDescription': ""You'll have an unrestricted view of the show.""}]","[{'listingNoteBucketId': 27, 'formattedListingNoteContent': 'Clear view', 'displayOrder': 8, 'showsRawNoteText': True, 'sourceListingNoteId': -1}]",2113116,False,False,Row 18,False,5349606,"¥5,349,606","¥5,349,606",10,Mobile Transfer ticket,3,1,USD,JPY,22000.0,USD,"https://img.vggcdn.net/img/vfsimage2/812551/594_122806/0.jpg?im=Resize=(500,271)&v=771",11 hours ago,6,False,False,False,False,5iGwa6YUzPfGBiZfHM4xBCf1%2b2BkYtMQCu0fSQRhYBI%3d,False,2026-07-17T21:07:11.7200000Z,False,False,False,False,False,False,0,False,,False,False,False,False,0,False,False,0,13386258858,False,0C7A0E44-249A-45B3-AD36-DE302C2233B9,False,False,True,3,6.399998586162048,2.35608495,,,,,"[{'message': 'Popular Pick', 'qualifier': '4 tickets sold for this event', 'hasValue': True, 'messageType': 'BoughtInLastHourSocialProofBased'}]",[],,,,,,,,,,,,,,,,
13302234910,153020449,110,122788,110,2,,_,,,,False,False,2,,False,False,"[1, 2]",594,Lower,4,True,"[{'listingNoteId': -1, 'listingNoteContentId': 3338094, 'formattedListingNoteContent': 'Clear view', 'listingNoteTypeId': 3, 'showToBuyer': True, 'hideInMock': False, 'siteAddedListingNote': False, 'aisleListingNoteWithSplit': False, 'listingNoteDescriptionContentId': 3338095, 'formattedListingNoteDescription': ""You'll have an unrestricted view of the show.""}]","[{'listingNoteBucketId': 27, 'formattedListingNoteContent': 'Clear view', 'displayOrder': 8, 'showsRawNoteText': True, 'sourceListingNoteId': -1}]",108742,False,False,Row,True,5352879,"¥5,352,879","¥5,352,879",10,Mobile Transfer ticket,3,1,EUR,JPY,3000.0,EUR,"https://img.vggcdn.net/img/vfsimage2/812551/594_122788/0.jpg?im=Resize=(500,271)&v=771",8 days ago,2,False,False,False,False,aoJm%2f5g3Brvf1jBdpgLPNnZ17CWgKsiFW%2bI1c05esmA%3d,False,2026-07-09T13:45:24.3770000Z,False,False,False,False,False,False,0,False,[7],False,False,False,False,0,False,False,0,13302234910,False,25A0AAC7-6928-4892-A5D2-F5A3F8F4628B,False,False,True,1,2.3757847491238016,1.270356317,,,,,"[{'message': 'Popular Pick', 'qualifier': '4 tickets sold for this event', 'hasValue': True, 'messageType': 'BoughtInLastHourSocialProofBased'}]",[],"¥6,891,496",22.0,"¥1,538,617",Last tickets,True,,,,,,,,,,,
13375745056,153020449,235,122862,235,2,8,_,,,,False,False,3,,False,False,"[1, 2, 3]",471,Middle,3,True,"[{'listingNoteId': 263, 'listingNoteContentId': 2444900, 'formattedListingNoteContent': 'VIP Club', 'listingNoteTypeId': 3, 'showToBuyer': True, 'hideInMock': False, 'siteAddedListingNote': False, 'aisleListingNoteWithSplit': False, 'listingNoteDescriptionContentId': 2444901, 'formattedListingNoteDescription': 'VIP Club - Club opens 90 minutes prior to tipoff and offers access to a lounge area with televisions, plush seating and private restrooms as well as all-inclusive food, draft beer, and house wine'}, {'listingNoteId': 424, 'listingNoteContentId': 2445241, 'formattedListingNoteContent': 'Access to VIP Club', 'listingNoteTypeId': 3, 'showToBuyer': True, 'hideInMock': False, 'siteAddedListingNote': False, 'aisleListingNoteWithSplit': False, 'formattedListingNoteDescription': ''}, {'listingNoteId': 1367, 'listingNoteContentId': 2447255, 'formattedListingNoteContent': 'Includes club access', 'listingNoteTypeId': 3, 'showToBuyer': True, 'hideInMock': False, 'siteAddedListingNote': False, 'aisleListingNoteWithSplit': False, 'listingNoteDescriptionContentId': 2447256, 'formattedListingNoteDescription': 'Includes club access'}, {'listingNoteId': -1, 'listingNoteContentId': 3338094, 'formattedListingNoteContent': 'Clear view', 'listingNoteTypeId': 3, 'showToBuyer': True, 'hideInMock': False, 'siteAddedListingNote': False, 'aisleListingNoteWithSplit': False, 'listingNoteDescriptionContentId': 3338095, 'formattedListingNoteDescription': ""You'll have an unrestricted view of the show.""}]","[{'listingNoteBucketId': 1, 'formattedListingNoteContent': 'VIP packages', 'displayOrder': 1, 'showsRawNoteText': False}, {'listingNoteBucketId': 4, 'formattedListingNoteContent': 'Club access', 'displayOrder': 4, 'showsRawNoteText': False}, {'listingNoteBucketId': 27, 'formattedListingNoteContent': 'Clear view', 'displayOrder': 8, 'showsRawNoteText': True, 'sourceListingNoteId': -1}]",703279,False,False,Row 8,False,5417620,"¥5,417,620","¥5,417,620",10,Mobile Transfer ticket,3,1,USD,JPY,27850.0,USD,"https://img.vggcdn.net/img/vfsimage2/812551/471_122862/0.jpg?im=Resize=(500,271)&v=771",yesterday,3,False,False,False,False,UKnjTZwxcVZcr%2b7tg6CwxzzPZad4wqUgn2w2Q73%2fkv4%3d,False,2026-07-16T19:44:14.6730000Z,False,False,False,False,False,False,0,False,,False,False,False,False,0,False,False,0,13375745056,False,F007780C-057D-44DB-8974-CE37D5052234,False,False,True,2,3.4888863844506153,1.630477694,,,,,"[{'message': 'Popular Pick', 'qualifier': '4 tickets sold for this event', 'hasValue': True, 'messageType': 'BoughtInLastHourSocialProofBased'}]",[],,,,,,,,,,,,,,,,
13386424562,153020449,115A,1530768,115A,2,8,_,,,,False,False,3,,False,False,"[1, 3]",594,Lower,3,True,"[{'listingNoteId': -1, 'listingNoteContentId': 3338094, 'formattedListingNoteContent': 'Clear view', 'listingNoteTypeId': 3, 'showToBuyer': True, 'hideInMock': False, 'siteAddedListingNote': False, 'aisleListingNoteWithSplit': False, 'listingNoteDescriptionContentId': 3338095, 'formattedListingNoteDescription': ""You'll have an unrestricted view of the show.""}]","[{'listingNoteBucketId': 27, 'formattedListingNoteContent': 'Clear view', 'displayOrder': 8, 'showsRawNoteText': True, 'sourceListingNoteId': -1}]",2112509,False,False,Row 8,False,5570936,"¥5,570,936","¥5,570,936",10,Mobile Transfer ticket,3,1,USD,JPY,0.0,USD,"https://img.vggcdn.net/img/vfsimage2/812551/594_1530768/0.jpg?im=Resize=(500,271)&v=771",11 hours ago,6,False,False,False,False,%2be%2b0Q0ZLhl3uldoG8YbvC9ElCCV2rWg8SeKw80Kiei0%3d,False,2026-07-17T21:40:15.1800000Z,False,False,False,False,False,False,0,False,,False,False,False,False,0,False,False,0,13386424562,False,C6AE78CA-C664-4780-8297-C535EF3E28F2,False,False,True,3,6.238761097104504,2.406291563,,,,,"[{'message': 'Popular Pick', 'qualifier': '4 tickets sold for this event', 'hasValue': True, 'messageType': 'BoughtInLastHourSocialProofBased'}]",[],,,,,,,,,,,,,,,,
13382726477,153020449,142,122807,142,2,21,1_6,,,1,False,False,6,,False,False,"[1, 2, 3, 4, 6]",594,Lower,6,True,"[{'listingNoteId': -1, 'listingNoteContentId': 3338094, 'formattedListingNoteContent': 'Clear view', 'listingNoteTypeId': 3, 'showToBuyer': True, 'hideInMock': False, 'siteAddedListingNote': False, 'aisleListingNoteWithSplit': False, 'listingNoteDescriptionContentId': 3338095, 'formattedListingNoteDescription': ""You'll have an unrestricted view of the show.""}]","[{'listingNoteBucketId': 14, 'formattedListingNoteContent': 'Aisle seat', 'displayOrder': 14, 'showsRawNoteText': True, 'sourceListingNoteId': 2024}, {'listingNoteBucketId': 27, 'formattedListingNoteContent': 'Clear view', 'displayOrder': 8, 'showsRawNoteText': True, 'sourceListingNoteId': -1}]",2113147,False,False,Row 21,False,5724252,"¥5,724,252","¥5,724,252",10,Mobile Transfer ticket,3,1,USD,JPY,20000.0,USD,"https://img.vggcdn.net/img/vfsimage2/812551/594_122807/0.jpg?im=Resize=(500,271)&v=771",20 hours ago,4,False,False,False,False,7cXJ1l8X6pL6EVH7OUznQ4Uv6axH%2f529gn9B3oTEpSo%3d,False,2026-07-17T12:50:16.0400000Z,False,False,False,False,False,False,0,False,,False,False,False,False,0,False,False,0,13382726477,False,DEB28919-A9BA-4807-816B-942609CF10B6,False,False,True,2,3.943786508519219,1.832898782,,,,,"[{'message': 'Popular Pick', 'qualifier': '4 tickets sold for this event', 'hasValue': True, 'messageType': 'BoughtInLastHourSocialProofBased'}, {'message': 'Aisle Seat', 'qualifier': 'Easy access to your seat', 'hasValue': True, 'messageType': 'AisleSeatTicketAttributeBased'}]",[2024],,,,,,,,,,,,,,,,
13389356320,153020449,111C,1530767,111C,2,2,9_9,9,9,9,False,False,1,,False,False,[1],594,Lower,1,True,"[{'listingNoteId': 2026, 'listingNoteContentId': 3415844, 'formattedListingNoteContent': 'Second Row of Section', 'listingNoteTypeId': 6, 'showToBuyer': True, 'hideInMock': False, 'siteAddedListingNote': False, 'aisleListingNoteWithSplit': False, 'listingNoteDescriptionContentId': 3415844, 'formattedListingNoteDescription': 'Second Row of Section'}, {'listingNoteId': -1, 'listingNoteContentId': 3338094, 'formattedListingNoteContent': 'Clear view', 'listingNoteTypeId': 3, 'showToBuyer': True, 'hideInMock': False, 'siteAddedListingNote': False, 'aisleListingNoteWithSplit': False, 'listingNoteDescriptionContentId': 3338095, 'formattedListingNoteDescription': ""You'll have an unrestricted view of the show.""}]","[{'listingNoteBucketId': 14, 'formattedListingNoteContent': 'Second Row of Section', 'displayOrder': 14, 'showsRawNoteText': True, 'sourceListingNoteId': 2026}, {'listingNoteBucketId': 27, 'formattedListingNoteContent': 'Clear view', 'displayOrder': 8, 'showsRawNoteText': True, 'sourceListingNoteId': -1}]",1641150,False,False,Row 2,False,5913195,"¥5,913,195","¥5,913,195",10,Mobile Transfer ticket,3,1,USD,JPY,0.0,USD,"https://img.vggcdn.net/img/vfsimage2/812551/594_1530767/0.jpg?im=Resize=(500,271)&v=771",2 hours ago,6,False,False,False,False,sUru%2bdsuNZ5oWSgNE0dbRFvyau5uY%2bkU2N9MoiSt7Gg%3d,False,2026-07-18T06:08:20.4030000Z,False,False,False,False,False,False,0,False,[7],False,False,False,False,0,False,False,0,13389356320,False,D76BB876-DA51-42D5-BF32-7A5AFC7C3623,False,False,True,3,6.168854722142219,2.532975633,,,,,"[{'message': 'Popular Pick', 'qualifier': '4 tickets sold for this event', 'hasValue': True, 'messageType': 'BoughtInLastHourSocialProofBased'}, {'message': 'Second Row', 'qualifier': 'Premium close-up view', 'hasValue': True, 'messageType': 'SecondRowTicketAttributeBased'}]",[2026],,,,Last ticket,True,,,,,,,,,,,
13379712171,153020449,235,122862,235,2,4,_,,,,False,False,1,,False,False,[1],471,Middle,1,True,"[{'listingNoteId': 263, 'listingNoteContentId': 2444900, 'formattedListingNoteContent': 'VIP Club', 'listingNoteTypeId': 3, 'showToBuyer': True, 'hideInMock': False, 'siteAddedListingNote': False, 'aisleListingNoteWithSplit': False, 'listingNoteDescriptionContentId': 2444901, 'formattedListingNoteDescription': 'VIP Club - Club opens 90 minutes prior to tipoff and offers access to a lounge area with televisions, plush seating and private restrooms as well as all-inclusive food, draft beer, and house wine'}, {'listingNoteId': 424, 'listingNoteContentId': 2445241, 'formattedListingNoteContent': 'Access to VIP Club', 'listingNoteTypeId': 3, 'showToBuyer': True, 'hideInMock': False, 'siteAddedListingNote': False, 'aisleListingNoteWithSplit': False, 'formattedListingNoteDescription': ''}, {'listingNoteId': 1367, 'listingNoteContentId': 2447255, 'formattedListingNoteContent': 'Includes club access', 'listingNoteTypeId': 3, 'showToBuyer': True, 'hideInMock': False, 'siteAddedListingNote': False, 'aisleListingNoteWithSplit': False, 'listingNoteDescriptionContentId': 2447256, 'formattedListingNoteDescription': 'Includes club access'}, {'listingNoteId': -1, 'listingNoteContentId': 3338094, 'formattedListingNoteContent': 'Clear view', 'listingNoteTypeId': 3, 'showToBuyer': True, 'hideInMock': False, 'siteAddedListingNote': False, 'aisleListingNoteWithSplit': False, 'listingNoteDescriptionContentId': 3338095, 'formattedListingNoteDescription': ""You'll have an unrestricted view of the show.""}]","[{'listingNoteBucketId': 1, 'formattedListingNoteContent': 'VIP packages', 'displayOrder': 1, 'showsRawNoteText': False}, {'listingNoteBucketId': 4, 'formattedListingNoteContent': 'Club access', 'displayOrder': 4, 'showsRawNoteText': False}, {'listingNoteBucketId': 27, 'formattedListingNoteContent': 'Clear view', 'displayOrder': 8, 'showsRawNoteText': True, 'sourceListingNoteId': -1}]",703275,False,False,Row 4,False,6030885,"¥6,030,885","¥6,030,885",10,Mobile Transfer ticket,3,1,USD,JPY,10900.0,USD,"https://img.vggcdn.net/img/vfsimage2/812551/471_122862/0.jpg?im=Resize=(500,271)&v=771",yesterday,3,False,False,False,False,1tMVhLbz4jl1mvaG8rSIfoEA0WZyfkc5cBqqU9T%2fklE%3d,False,2026-07-17T03:59:21.4370000Z,False,False,False,False,False,False,0,False,,False,False,False,False,0,False,False,0,13379712171,False,AF770858-3A13-456C-85B3-C5E23E54FB3D,False,False,True,2,3.1569035583823615,1.738813636,,,,,"[{'message': 'Popular Pick', 'qualifier': '4 tickets sold for this event', 'hasValue': True, 'messageType': 'BoughtInLastHourSocialProofBased'}]",[],"¥9,633,474",37.0,"¥3,602,589",,,,,,,,,,,,,
13385013255,153020449,6 S51,1538805,6 S51,2,,1_1,1,1,1,False,False,1,,False,False,[1],17328,Suite Level 6 West,1,True,"[{'listingNoteId': 2250, 'listingNoteContentId': 4167698, 'formattedListingNoteContent': 'Partial Suite (Shared)', 'listingNoteTypeId': 3, 'showToBuyer': True, 'hideInMock': False, 'siteAddedListingNote': False, 'aisleListingNoteWithSplit': False, 'listingNoteDescriptionContentId': 4167699, 'formattedListingNoteDescription': 'Partial Suite (Shared)'}, {'listingNoteId': -1, 'listingNoteContentId': 3338094, 'formattedListingNoteContent': 'Clear view', 'listingNoteTypeId': 3, 'showToBuyer': True, 'hideInMock': False, 'siteAddedListingNote': False, 'aisleListingNoteWithSplit': False, 'listingNoteDescriptionContentId': 3338095, 'formattedListingNoteDescription': ""You'll have an unrestricted view of the show.""}]","[{'listingNoteBucketId': 2, 'formattedListingNoteContent': 'Suite access', 'displayOrder': 2, 'showsRawNoteText': False}, {'listingNoteBucketId': 14, 'formattedListingNoteContent': 'Aisle seat', 'displayOrder': 14, 'showsRawNoteText': True, 'sourceListingNoteId': 2024}, {'listingNoteBucketId': 27, 'formattedListingNoteContent': 'Clear view', 'displayOrder': 8, 'showsRawNoteText': True, 'sourceListingNoteId': -1}]",1614189,False,False,Row,True,6038371,"¥6,038,371","¥6,038,371",10,Mobile Transfer ticket,3,1,USD,JPY,0.0,USD,"https://img.vggcdn.net/img/vfsimage2/812551/17328_1538805/0.jpg?im=Resize=(500,271)&v=771",14 hours ago,2,False,False,False,False,SF5OuZU%2fgjWUviu%2fUu%2bwEAOXqVd4o86CxrP33yKA7m0%3d,False,2026-07-17T18:28:20.0100000Z,False,False,False,False,False,False,0,False,,False,False,False,False,0,False,False,0,13385013255,False,F3A791D2-B3E3-4896-B005-5BDED1F7344C,False,False,True,1,2.486353099734488,1.577970786,,,,,"[{'message': 'Popular Pick', 'qualifier': '4 tickets sold for this event', 'hasValue': True, 'messageType': 'BoughtInLastHourSocialProofBased'}, {'message': 'Aisle Seat', 'qualifier': 'Easy access to your seat', 'hasValue': True, 'messageType': 'AisleSeatTicketAttributeBased'}]",[2024],"¥11,713,695",48.0,"¥5,675,324",,,,,,,,,,,,,
13373727429,153020449,5 S37,1538858,5 S37,2,1,_,,,,False,False,4,,False,False,"[1, 2, 3, 4]",17325,Suite Level 5 East,4,True,"[{'listingNoteId': 11, 'listingNoteContentId': 1038686, 'formattedListingNoteContent': 'Includes VIP pass', 'listingNoteTypeId': 3, 'showToBuyer': True, 'hideInMock': False, 'siteAddedListingNote': False, 'aisleListingNoteWithSplit': False, 'listingNoteDescriptionContentId': 1277351, 'formattedListingNoteDescription': ""A VIP pass gives you great privileges that other ticket holders don't have!""}, {'listingNoteId': 93, 'listingNoteContentId': 1580908, 'formattedListingNoteContent': 'Access to VIP Lounge', 'listingNoteTypeId': 3, 'showToBuyer': True, 'hideInMock': False, 'siteAddedListingNote': False, 'aisleListingNoteWithSplit': False, 'listingNoteDescriptionContentId': 1580909, 'formattedListingNoteDescription': 'Included with the ticket is access to the VIP lounge in the venue.'}, {'listingNoteId': 175, 'listingNoteContentId': 2444706, 'formattedListingNoteContent': 'Unlimited Food and Drinks', 'listingNoteTypeId': 3, 'showToBuyer': True, 'hideInMock': False, 'siteAddedListingNote': False, 'aisleListingNoteWithSplit': False, 'listingNoteDescriptionContentId': 2444707, 'formattedListingNoteDescription': 'Includes unlimited food and drinks (beer, wine and soft drinks)'}, {'listingNoteId': 505, 'listingNoteContentId': 2445404, 'formattedListingNoteContent': 'Premium Seating', 'listingNoteTypeId': 4, 'showToBuyer': True, 'hideInMock': False, 'siteAddedListingNote': False, 'aisleListingNoteWithSplit': False, 'listingNoteDescriptionContentId': 4211339, 'formattedListingNoteDescription': 'Premium Seating'}, {'listingNoteId': 2061, 'listingNoteContentId': 3878124, 'formattedListingNoteContent': 'Premium open bar', 'listingNoteTypeId': 3, 'showToBuyer': True, 'hideInMock': False, 'siteAddedListingNote': False, 'aisleListingNoteWithSplit': False, 'listingNoteDescriptionContentId': 3878125, 'formattedListingNoteDescription': 'Premium open bar'}, {'listingNoteId': 2250, 'listingNoteContentId': 4167698, 'formattedListingNoteContent': 'Partial Suite (Shared)', 'listingNoteTypeId': 3, 'showToBuyer': True, 'hideInMock': False, 'siteAddedListingNote': False, 'aisleListingNoteWithSplit': False, 'listingNoteDescriptionContentId': 4167699, 'formattedListingNoteDescription': 'Partial Suite (Shared)'}, {'listingNoteId': 2267, 'listingNoteContentId': 4177538, 'formattedListingNoteContent': 'VIP Suite', 'listingNoteTypeId': 3, 'showToBuyer': True, 'hideInMock': False, 'siteAddedListingNote': False, 'aisleListingNoteWithSplit': False, 'listingNoteDescriptionContentId': 4177539, 'formattedListingNoteDescription': 'VIP Suite'}, {'listingNoteId': -1, 'listingNoteContentId': 3338094, 'formattedListingNoteContent': 'Clear view', 'listingNoteTypeId': 3, 'showToBuyer': True, 'hideInMock': False, 'siteAddedListingNote': False, 'aisleListingNoteWithSplit': False, 'listingNoteDescriptionContentId': 3338095, 'formattedListingNoteDescription': ""You'll have an unrestricted view of the show.""}]","[{'listingNoteBucketId': 1, 'formattedListingNoteContent': 'VIP packages', 'displayOrder': 1, 'showsRawNoteText': False}, {'listingNoteBucketId': 2, 'formattedListingNoteContent': 'Suite access', 'displayOrder': 2, 'showsRawNoteText': False}, {'listingNoteBucketId': 4, 'formattedListingNoteContent': 'Club access', 'displayOrder': 4, 'showsRawNoteText': False}, {'listingNoteBucketId': 7, 'formattedListingNoteContent': 'Food & beverages', 'displayOrder': 7, 'showsRawNoteText': False}, {'listingNoteBucketId': 8, 'formattedListingNoteContent': 'Food & beverage options', 'displayOrder': 8, 'showsRawNoteText': False}, {'listingNoteBucketId': 15, 'formattedListingNoteContent': 'Premium Seating', 'displayOrder': 15, 'showsRawNoteText': True, 'sourceListingNoteId': 505}, {'listingNoteBucketId': 0, 'formattedListingNoteContent': 'VIP Suite', 'displayOrder': 30, 'showsRawNoteText': True, 'sourceListingNoteId': 2267}, {'listingNoteBucketId': 27, 'formattedListingNoteContent': 'Clear view', 'displayOrder': 8, 'showsRawNoteText': True, 'sourceListingNoteId': -1}]",1614242,False,False,Row 1,True,6113421,"¥6,113,421","¥6,113,421",10,Mobile Transfer ticket,3,1,MXN,JPY,400000.0,MXN,"https://img.vggcdn.net/img/vfsimage2/812551/17325_1538858/0.jpg?im=Resize=(500,271)&v=771",yesterday,4,False,False,False,False,9QKocFl8quINsCPzITLB7KfnC%2bRi9QkNqC94buzlHJw%3d,False,2026-07-16T16:06:45.6670000Z,False,False,False,False,False,False,0,False,[7],False,False,False,False,0,False,False,0,13373727429,False,34423A7E-6D5D-4F79-999F-509C3C86B6B0,False,False,True,2,3.547765009221707,1.854322937,,,,,"[{'message': 'Popular Pick', 'qualifier': '4 tickets sold for this event', 'hasValue': True, 'messageType': 'BoughtInLastHourSocialProofBased'}]",[],"¥11,001,917",44.0,"¥4,888,496",Last tickets,True,,,,,,,,,,,
13388320899,153020449,212,122845,212,2,6,_,,,,False,False,6,,False,False,"[1, 2, 3, 4, 6]",471,Middle,6,True,"[{'listingNoteId': 175, 'listingNoteContentId': 2444706, 'formattedListingNoteContent': 'Unlimited Food and Drinks', 'listingNoteTypeId': 3, 'showToBuyer': True, 'hideInMock': False, 'siteAddedListingNote': False, 'aisleListingNoteWithSplit': False, 'listingNoteDescriptionContentId': 2444707, 'formattedListingNoteDescription': 'Includes unlimited food and drinks (beer, wine and soft drinks)'}, {'listingNoteId': 1028, 'listingNoteContentId': 2446497, 'formattedListingNoteContent': 'Includes unlimited food and drinks (beer, wine and liquor)', 'listingNoteTypeId': 3, 'showToBuyer': True, 'hideInMock': False, 'siteAddedListingNote': False, 'aisleListingNoteWithSplit': False, 'listingNoteDescriptionContentId': 2446498, 'formattedListingNoteDescription': 'Includes unlimited food and drinks (beer, wine and liquor)'}, {'listingNoteId': 1021, 'listingNoteContentId': 2446483, 'formattedListingNoteContent': 'Includes unlimited food and drinks (beer and soft drinks)', 'listingNoteTypeId': 3, 'showToBuyer': True, 'hideInMock': False, 'siteAddedListingNote': False, 'aisleListingNoteWithSplit': False, 'listingNoteDescriptionContentId': 2446484, 'formattedListingNoteDescription': 'Includes unlimited food and drinks (beer and soft drinks)'}, {'listingNoteId': -1, 'listingNoteContentId': 3338094, 'formattedListingNoteContent': 'Clear view', 'listingNoteTypeId': 3, 'showToBuyer': True, 'hideInMock': False, 'siteAddedListingNote': False, 'aisleListingNoteWithSplit': False, 'listingNoteDescriptionContentId': 3338095, 'formattedListingNoteDescription': ""You'll have an unrestricted view of the show.""}]","[{'listingNoteBucketId': 7, 'formattedListingNoteContent': 'Food & beverages', 'displayOrder': 7, 'showsRawNoteText': False}, {'listingNoteBucketId': 27, 'formattedListingNoteContent': 'Clear view', 'displayOrder': 8, 'showsRawNoteText': True, 'sourceListingNoteId': -1}]",702878,False,False,Row 6,False,6234273,"¥6,234,273","¥6,234,273",10,Mobile Transfer ticket,3,1,USD,JPY,0.0,USD,"https://img.vggcdn.net/img/vfsimage2/812551/471_122845/0.jpg?im=Resize=(500,271)&v=771",6 hours ago,4,False,False,False,False,3GCbo6WahAgAAgqJLmUbfneHDwXiGBGE43t%2bh3Pj3%2bU%3d,False,2026-07-18T03:03:20.3630000Z,False,False,False,False,False,False,0,False,[7],False,False,False,False,0,False,False,0,13388320899,False,00DA0ED1-1039-4350-AADB-96CA3BE66A20,False,False,True,2,4.237596230239934,2.082189803,,,,,"[{'message': 'Popular Pick', 'qualifier': '4 tickets sold for this event', 'hasValue': True, 'messageType': 'BoughtInLastHourSocialProofBased'}]",[],,,,Last tickets,True,,,,,,,,,,,
13385013414,153020449,6 S51,1538805,6 S51,2,BARST,14_17,14,17,14,False,False,4,,False,False,"[1, 2, 3, 4]",17328,Suite Level 6 West,4,True,"[{'listingNoteId': 2250, 'listingNoteContentId': 4167698, 'formattedListingNoteContent': 'Partial Suite (Shared)', 'listingNoteTypeId': 3, 'showToBuyer': True, 'hideInMock': False, 'siteAddedListingNote': False, 'aisleListingNoteWithSplit': False, 'listingNoteDescriptionContentId': 4167699, 'formattedListingNoteDescription': 'Partial Suite (Shared)'}, {'listingNoteId': -1, 'listingNoteContentId': 3338094, 'formattedListingNoteContent': 'Clear view', 'listingNoteTypeId': 3, 'showToBuyer': True, 'hideInMock': False, 'siteAddedListingNote': False, 'aisleListingNoteWithSplit': False, 'listingNoteDescriptionContentId': 3338095, 'formattedListingNoteDescription': ""You'll have an unrestricted view of the show.""}]","[{'listingNoteBucketId': 2, 'formattedListingNoteContent': 'Suite access', 'displayOrder': 2, 'showsRawNoteText': False}, {'listingNoteBucketId': 27, 'formattedListingNoteContent': 'Clear view', 'displayOrder': 8, 'showsRawNoteText': True, 'sourceListingNoteId': -1}]",1614189,False,False,Row BARST,True,6427914,"¥6,427,914","¥6,427,914",10,Mobile Transfer ticket,3,1,USD,JPY,0.0,USD,"https://img.vggcdn.net/img/vfsimage2/812551/17328_1538805/0.jpg?im=Resize=(500,271)&v=771",14 hours ago,2,False,False,False,False,OCEpGBuXENxd0fZ8fyBDM%2fGT4gmhEj7oL5YQYa4HFvA%3d,False,2026-07-17T18:28:21.0670000Z,False,False,False,False,False,False,0,False,,False,False,False,False,0,False,False,0,13385013414,False,1697DF56-08E0-4468-9A90-BE88729259AC,False,False,True,1,2.4158127483554432,1.577970786,,,,,"[{'message': 'Popular Pick', 'qualifier': '4 tickets sold for this event', 'hasValue': True, 'messageType': 'BoughtInLastHourSocialProofBased'}]",[],"¥11,518,430",44.0,"¥5,090,516",,,,,,,,,,,,,
13388091339,153020449,111A,1530766,111A,2,7,3_3,3,3,3,False,False,1,,False,False,[1],594,Lower,1,True,"[{'listingNoteId': 165, 'listingNoteContentId': 2444685, 'formattedListingNoteContent': 'Preferred Seating', 'listingNoteTypeId': 3, 'showToBuyer': True, 'hideInMock': False, 'siteAddedListingNote': False, 'aisleListingNoteWithSplit': False, 'listingNoteDescriptionContentId': 2444686, 'formattedListingNoteDescription': 'Preferred Seating'}, {'listingNoteId': 811, 'listingNoteContentId': 2446054, 'formattedListingNoteContent': 'Actual 1st row of the section', 'listingNoteTypeId': 3, 'showToBuyer': True, 'hideInMock': False, 'siteAddedListingNote': False, 'aisleListingNoteWithSplit': False, 'listingNoteDescriptionContentId': 2446055, 'formattedListingNoteDescription': 'Actual 1st row of the section'}, {'listingNoteId': 2271, 'listingNoteContentId': 4178214, 'formattedListingNoteContent': 'Premium Front Row', 'listingNoteTypeId': 3, 'showToBuyer': True, 'hideInMock': False, 'siteAddedListingNote': False, 'aisleListingNoteWithSplit': False, 'formattedListingNoteDescription': ''}, {'listingNoteId': -1, 'listingNoteContentId': 3338094, 'formattedListingNoteContent': 'Clear view', 'listingNoteTypeId': 3, 'showToBuyer': True, 'hideInMock': False, 'siteAddedListingNote': False, 'aisleListingNoteWithSplit': False, 'listingNoteDescriptionContentId': 3338095, 'formattedListingNoteDescription': ""You'll have an unrestricted view of the show.""}]","[{'listingNoteBucketId': 11, 'formattedListingNoteContent': 'Preferred Seating', 'displayOrder': 11, 'showsRawNoteText': True, 'sourceListingNoteId': 165}, {'listingNoteBucketId': 0, 'formattedListingNoteContent': 'Actual 1st row of the section', 'displayOrder': 30, 'showsRawNoteText': True, 'sourceListingNoteId': 811}, {'listingNoteBucketId': 0, 'formattedListingNoteContent': 'Premium Front Row', 'displayOrder': 30, 'showsRawNoteText': True, 'sourceListingNoteId': 2271}, {'listingNoteBucketId': 27, 'formattedListingNoteContent': 'Clear view', 'displayOrder': 8, 'showsRawNoteText': True, 'sourceListingNoteId': -1}]",2112394,False,False,Row 7,False,6436043,"¥6,436,043","¥6,436,043",10,Mobile Transfer ticket,3,1,USD,JPY,0.0,USD,"https://img.vggcdn.net/img/vfsimage2/812551/594_1530766/0.jpg?im=Resize=(500,271)&v=771",7 hours ago,5,False,False,False,False,ER0nX2%2bfrSdF1iBzNF%2b1lXc9uLQ7pLHkfdslL7LglJ0%3d,False,2026-07-18T02:00:15.7470000Z,False,False,False,False,False,False,0,False,,False,False,False,False,0,False,False,0,13388091339,False,190AAA6C-2DF4-4EAC-A521-8945FA030BD2,False,False,True,2,4.671693601813317,2.295656544,,,,,"[{'message': 'Popular Pick', 'qualifier': '4 tickets sold for this event', 'hasValue': True, 'messageType': 'BoughtInLastHourSocialProofBased'}, {'message': 'Front Row', 'qualifier': 'Best seats in the house', 'hasValue': True, 'messageType': 'FirstRowTicketAttributeBased'}]",[811],,,,,,,,,,,,,,,,
13385548354,153020449,115C,1530769,115C,2,3,9_9,9,9,9,False,False,1,,False,False,[1],594,Lower,1,True,"[{'listingNoteId': 2027, 'listingNoteContentId': 3415845, 'formattedListingNoteContent': 'Third Row of Section', 'listingNoteTypeId': 6, 'showToBuyer': True, 'hideInMock': False, 'siteAddedListingNote': False, 'aisleListingNoteWithSplit': False, 'listingNoteDescriptionContentId': 3415845, 'formattedListingNoteDescription': 'Third Row of Section'}, {'listingNoteId': -1, 'listingNoteContentId': 3338094, 'formattedListingNoteContent': 'Clear view', 'listingNoteTypeId': 3, 'showToBuyer': True, 'hideInMock': False, 'siteAddedListingNote': False, 'aisleListingNoteWithSplit': False, 'listingNoteDescriptionContentId': 3338095, 'formattedListingNoteDescription': ""You'll have an unrestricted view of the show.""}]","[{'listingNoteBucketId': 14, 'formattedListingNoteContent': 'Third Row of Section', 'displayOrder': 14, 'showsRawNoteText': True, 'sourceListingNoteId': 2027}, {'listingNoteBucketId': 27, 'formattedListingNoteContent': 'Clear view', 'displayOrder': 8, 'showsRawNoteText': True, 'sourceListingNoteId': -1}]",1641166,False,False,Row 3,False,6593561,"¥6,593,561","¥6,593,561",10,Mobile Transfer ticket,3,1,USD,JPY,,USD,"https://img.vggcdn.net/img/vfsimage2/812551/594_1530769/0.jpg?im=Resize=(500,271)&v=771",13 hours ago,8,False,False,False,False,qrhwp4Ghk39t4NJ005MhWbnEt%2fli9mnXKdaomenjJk0%3d,False,2026-07-17T19:38:06.2870000Z,False,False,False,False,True,False,0,False,[9],False,False,False,False,0,False,False,0,13385548354,False,24EE0786-1B80-475E-A837-B2F505F6DC24,False,False,True,4,8.414830182889654,3.73766285,,,,,"[{'message': 'Great Value', 'qualifier': 'Based on price, view, seat quality and more', 'hasValue': True, 'messageType': 'ValueBased'}, {'message': 'Popular Pick', 'qualifier': '4 tickets sold for this event', 'hasValue': True, 'messageType': 'BoughtInLastHourSocialProofBased'}, {'message': 'Third Row', 'qualifier': 'Excellent proximity to the action', 'hasValue': True, 'messageType': 'ThirdRowTicketAttributeBased'}]",[2027],"¥10,990,545",40.0,"¥4,396,984",,,,,,,,,,Best view,Best view listing for the selected quantity for this event on our site.,True,6aa8a73f-b069-4147-a316-ffc9e9280c2b
13039179808,153020449,129,122799,129,2,19,20_20,20,20,20,False,False,1,,False,False,[1],594,Lower,1,True,"[{'listingNoteId': 2344, 'listingNoteContentId': 4216766, 'formattedListingNoteContent': 'Includes Offsite Hospitality', 'listingNoteTypeId': 3, 'showToBuyer': True, 'hideInMock': False, 'siteAddedListingNote': False, 'aisleListingNoteWithSplit': False, 'formattedListingNoteDescription': ''}, {'listingNoteId': 1028, 'listingNoteContentId': 2446497, 'formattedListingNoteContent': 'Includes unlimited food and drinks (beer, wine and liquor)', 'listingNoteTypeId': 3, 'showToBuyer': True, 'hideInMock': False, 'siteAddedListingNote': False, 'aisleListingNoteWithSplit': False, 'listingNoteDescriptionContentId': 2446498, 'formattedListingNoteDescription': 'Includes unlimited food and drinks (beer, wine and liquor)'}, {'listingNoteId': 11, 'listingNoteContentId': 1038686, 'formattedListingNoteContent': 'Includes VIP pass', 'listingNoteTypeId': 3, 'showToBuyer': True, 'hideInMock': False, 'siteAddedListingNote': False, 'aisleListingNoteWithSplit': False, 'listingNoteDescriptionContentId': 1277351, 'formattedListingNoteDescription': ""A VIP pass gives you great privileges that other ticket holders don't have!""}, {'listingNoteId': 165, 'listingNoteContentId': 2444685, 'formattedListingNoteContent': 'Preferred Seating', 'listingNoteTypeId': 3, 'showToBuyer': True, 'hideInMock': False, 'siteAddedListingNote': False, 'aisleListingNoteWithSplit': False, 'listingNoteDescriptionContentId': 2444686, 'formattedListingNoteDescription': 'Preferred Seating'}, {'listingNoteId': 2249, 'listingNoteContentId': 4167477, 'formattedListingNoteContent': 'Reserved Seating', 'listingNoteTypeId': 3, 'showToBuyer': True, 'hideInMock': False, 'siteAddedListingNote': False, 'aisleListingNoteWithSplit': False, 'listingNoteDescriptionContentId': 4167478, 'formattedListingNoteDescription': 'Reserved Seating'}, {'listingNoteId': 1723, 'listingNoteContentId': 2731488, 'formattedListingNoteContent': 'Members Only', 'listingNoteTypeId': 2, 'showToBuyer': True, 'hideInMock': False, 'siteAddedListingNote': False, 'aisleListingNoteWithSplit': False, 'listingNoteDescriptionContentId': 2731489, 'formattedListingNoteDescription': 'You need to be a member to buy a ticket in this section.'}, {'listingNoteId': 102, 'listingNoteContentId': 1670084, 'formattedListingNoteContent': 'Resale not allowed', 'listingNoteTypeId': 2, 'showToBuyer': True, 'hideInMock': False, 'siteAddedListingNote': False, 'aisleListingNoteWithSplit': False, 'listingNoteDescriptionContentId': 1670085, 'formattedListingNoteDescription': 'Resale of these tickets is not allowed by the event organiser, and anyone found to be reselling these tickets risks being turned away from the event.'}, {'listingNoteId': 2351, 'listingNoteContentId': 4249194, 'formattedListingNoteContent': 'This ticket cannot be transferred again after you receive it', 'listingNoteTypeId': 2, 'showToBuyer': True, 'hideInMock': False, 'siteAddedListingNote': False, 'aisleListingNoteWithSplit': False, 'listingNoteDescriptionContentId': 4249195, 'formattedListingNoteDescription': 'These tickets will be delivered via the FWC2026 Mobile Tickets app, which restricts subsequent transfer'}, {'listingNoteId': -1, 'listingNoteContentId': 3338094, 'formattedListingNoteContent': 'Clear view', 'listingNoteTypeId': 3, 'showToBuyer': True, 'hideInMock': False, 'siteAddedListingNote': False, 'aisleListingNoteWithSplit': False, 'listingNoteDescriptionContentId': 3338095, 'formattedListingNoteDescription': ""You'll have an unrestricted view of the show.""}]","[{'listingNoteBucketId': 1, 'formattedListingNoteContent': 'VIP packages', 'displayOrder': 1, 'showsRawNoteText': False}, {'listingNoteBucketId': 7, 'formattedListingNoteContent': 'Food & beverages', 'displayOrder': 7, 'showsRawNoteText': False}, {'listingNoteBucketId': 11, 'formattedListingNoteContent': 'Preferred Seating', 'displayOrder': 11, 'showsRawNoteText': True, 'sourceListingNoteId': 165}, {'listingNoteBucketId': 11, 'formattedListingNoteContent': 'Reserved Seating', 'displayOrder': 11, 'showsRawNoteText': True, 'sourceListingNoteId': 2249}, {'listingNoteBucketId': 25, 'formattedListingNoteContent': 'Members Only', 'displayOrder': 25, 'showsRawNoteText': True, 'sourceListingNoteId': 1723}, {'listingNoteBucketId': 25, 'formattedListingNoteContent': 'Resale not allowed', 'displayOrder': 25, 'showsRawNoteText': True, 'sourceListingNoteId': 102}, {'listingNoteBucketId': 0, 'formattedListingNoteContent': 'Includes Offsite Hospitality', 'displayOrder': 30, 'showsRawNoteText': True, 'sourceListingNoteId': 2344}, {'listingNoteBucketId': 0, 'formattedListingNoteContent': 'This ticket cannot be transferred again after you receive it', 'displayOrder': 30, 'showsRawNoteText': True, 'sourceListingNoteId': 2351}, {'listingNoteBucketId': 27, 'formattedListingNoteContent': 'Clear view', 'displayOrder': 8, 'showsRawNoteText': True, 'sourceListingNoteId': -1}]",2112871,False,False,Row 19,False,7018545,"¥7,018,545","¥7,018,545",10,Mobile Transfer ticket,3,1,USD,JPY,,USD,"https://img.vggcdn.net/img/vfsimage2/812551/594_122799/0.jpg?im=Resize=(500,271)&v=771",32 days ago,2,False,False,False,False,6kntfuF5aGGxtY09sPnqFDbr6tIeJje5rwBG9Ik0FSo%3d,False,2026-06-15T23:17:01.4300000Z,False,False,False,False,False,False,0,False,,False,False,False,False,0,False,False,0,13039179808,False,C9A669D6-509D-42E0-91B0-C04DA9BDBFDF,False,False,True,1,2.134715726829209,1.387804584,,,,,"[{'message': 'Popular Pick', 'qualifier': '4 tickets sold for this event', 'hasValue': True, 'messageType': 'BoughtInLastHourSocialProofBased'}]",[],,,,,,,,,,,,,,,,
13346680337,153020449,112,122789,112,2,22,_,,,,False,False,5,,False,False,"[1, 2, 3, 4, 5]",594,Lower,5,True,"[{'listingNoteId': -1, 'listingNoteContentId': 3338094, 'formattedListingNoteContent': 'Clear view', 'listingNoteTypeId': 3, 'showToBuyer': True, 'hideInMock': False, 'siteAddedListingNote': False, 'aisleListingNoteWithSplit': False, 'listingNoteDescriptionContentId': 3338095, 'formattedListingNoteDescription': ""You'll have an unrestricted view of the show.""}]","[{'listingNoteBucketId': 27, 'formattedListingNoteContent': 'Clear view', 'displayOrder': 8, 'showsRawNoteText': True, 'sourceListingNoteId': -1}]",2112412,False,False,Row 22,False,7102763,"¥7,102,763","¥7,102,763",10,Mobile Transfer ticket,3,1,USD,JPY,0.0,USD,"https://img.vggcdn.net/img/vfsimage2/812551/594_122789/0.jpg?im=Resize=(500,271)&v=771",4 days ago,3,False,False,False,False,JOwTr%2bXmR49xtKwYHkxRxoHW0ietnOtWJ1GogsKw3hg%3d,False,2026-07-14T02:26:25.1270000Z,False,False,False,False,False,False,0,False,[7],False,False,False,False,0,False,False,0,13346680337,False,53D21A05-C13E-45D6-BD57-8E675146D799,False,False,True,2,3.003881401752023,2.008979178,,,,,"[{'message': 'Popular Pick', 'qualifier': '4 tickets sold for this event', 'hasValue': True, 'messageType': 'BoughtInLastHourSocialProofBased'}]",[],"¥10,424,727",32.0,"¥3,321,964",Last tickets,True,,,,,,,,,,,
13360117497,153020449,Spain Supporters Premium Tier,2447957,Spain Supporters Premium Tier,2,,_,,,,False,False,4,,False,False,"[1, 2, 3, 4]",1666,Spain Supporters,4,True,"[{'listingNoteId': -1, 'listingNoteContentId': 3338094, 'formattedListingNoteContent': 'Clear view', 'listingNoteTypeId': 3, 'showToBuyer': True, 'hideInMock': False, 'siteAddedListingNote': False, 'aisleListingNoteWithSplit': False, 'listingNoteDescriptionContentId': 3338095, 'formattedListingNoteDescription': ""You'll have an unrestricted view of the show.""}]","[{'listingNoteBucketId': 27, 'formattedListingNoteContent': 'Clear view', 'displayOrder': 8, 'showsRawNoteText': True, 'sourceListingNoteId': -1}]",4847587,False,False,Row,True,7806077,"¥7,806,077","¥7,806,077",10,Mobile Transfer ticket,3,1,EUR,JPY,25.0,EUR,"https://img.vggcdn.net/img/vfsimage2/812551/1666_2447957/0.jpg?im=Resize=(500,271)&v=771",2 days ago,2,False,False,False,False,bQohbdDYJTCxSNURM3ERLHZYXKnum0SCgIJHo1%2bE3cQ%3d,False,2026-07-15T12:25:17.1600000Z,False,False,False,False,False,False,0,False,[7],False,False,False,False,0,False,False,0,13360117497,False,CA8A8F37-A16F-4070-AE5C-1E40662B74F7,False,False,True,1,1.8965237037320177,1.325108567,,,,,"[{'message': 'Popular Pick', 'qualifier': '4 tickets sold for this event', 'hasValue': True, 'messageType': 'BoughtInLastHourSocialProofBased'}]",[],,,,Last tickets,True,,,,,,,,,,,
13382694909,153020449,Spain Supporters Value Tier,2447959,Spain Supporters Value Tier,2,,_,,,,False,False,7,,False,False,"[1, 2, 3, 4, 5, 6, 7]",1666,Spain Supporters,7,True,"[{'listingNoteId': -1, 'listingNoteContentId': 3338094, 'formattedListingNoteContent': 'Clear view', 'listingNoteTypeId': 3, 'showToBuyer': True, 'hideInMock': False, 'siteAddedListingNote': False, 'aisleListingNoteWithSplit': False, 'listingNoteDescriptionContentId': 3338095, 'formattedListingNoteDescription': ""You'll have an unrestricted view of the show.""}]","[{'listingNoteBucketId': 27, 'formattedListingNoteContent': 'Clear view', 'displayOrder': 8, 'showsRawNoteText': True, 'sourceListingNoteId': -1}]",4847589,False,False,Row,True,10036257,"¥10,036,257","¥10,036,257",10,Mobile Transfer ticket,3,1,EUR,JPY,10000.0,EUR,"https://img.vggcdn.net/img/vfsimage2/812551/1666_2447959/0.jpg?im=Resize=(500,271)&v=771",20 hours ago,1,False,False,False,False,8msoJuP7voQDbGuetbA76Q3wvBCC4NUKr3dJ2ippVOw%3d,False,2026-07-17T12:40:18.5000000Z,False,False,False,False,False,False,0,False,[7],False,False,False,False,0,False,False,0,13382694909,False,1C00FA53-9475-476D-81A8-59E71F7B02D9,False,False,True,1,1.4156083212166968,1.325108567,,,,,"[{'message': 'Popular Pick', 'qualifier': '4 tickets sold for this event', 'hasValue': True, 'messageType': 'BoughtInLastHourSocialProofBased'}]",[],,,,Last tickets,True,,,,,,,,,,,
13369997536,153020449,113,122944,113,2,,_,,,,False,False,1,,False,False,[1],594,Lower,1,True,"[{'listingNoteId': 111, 'listingNoteContentId': 1703554, 'formattedListingNoteContent': 'Event Organiser', 'listingNoteTypeId': 5, 'showToBuyer': True, 'hideInMock': False, 'siteAddedListingNote': False, 'aisleListingNoteWithSplit': False, 'listingNoteDescriptionContentId': 1703553, 'formattedListingNoteDescription': 'the seller is an organiser of the event or a person acting on behalf of an organiser of the event'}, {'listingNoteId': -1, 'listingNoteContentId': 3338094, 'formattedListingNoteContent': 'Clear view', 'listingNoteTypeId': 3, 'showToBuyer': True, 'hideInMock': False, 'siteAddedListingNote': False, 'aisleListingNoteWithSplit': False, 'listingNoteDescriptionContentId': 3338095, 'formattedListingNoteDescription': ""You'll have an unrestricted view of the show.""}]","[{'listingNoteBucketId': 0, 'formattedListingNoteContent': 'Event Organiser', 'displayOrder': 30, 'showsRawNoteText': True, 'sourceListingNoteId': 111}, {'listingNoteBucketId': 27, 'formattedListingNoteContent': 'Clear view', 'displayOrder': 8, 'showsRawNoteText': True, 'sourceListingNoteId': -1}]",108747,False,False,Row,True,11151347,"¥11,151,347","¥11,151,347",10,Mobile Transfer ticket,3,1,EUR,JPY,10000.0,EUR,"https://img.vggcdn.net/img/vfsimage2/812551/594_122944/0.jpg?im=Resize=(500,271)&v=771",yesterday,3,False,False,False,False,YxkmZK9JF79Spkd4PaSd7hRCozLgpUKgZ2SbM3EdEfw%3d,False,2026-07-16T09:26:36.0230000Z,False,False,False,False,False,False,0,False,[7],False,False,False,False,0,False,False,0,13369997536,False,235E3D77-3B9D-4B34-A6F7-94FB07DD77AC,False,False,True,2,3.1977215337006,3.231938413,,,,,"[{'message': 'Popular Pick', 'qualifier': '4 tickets sold for this event', 'hasValue': True, 'messageType': 'BoughtInLastHourSocialProofBased'}]",[],,,,Last ticket,True,,,,,,,,,,,
