id,eventId,section,sectionId,sectionMapName,sectionType,row,seat,seatFromInternal,hasSeatDetails,hasSeatDetailsExpansion,availableTickets,formattedFees,showRecentlySold,showPartnershipLogo,availableQuantities,ticketClass,ticketClassName,maxQuantity,hasListingNotes,listingNotes,listingNoteBuckets,rowId,isUsersListing,isPreUploaded,rowContent,isSpeculativeRow,rawPrice,price,formattedTotalPrice,strikeThroughPrice,strikeThroughDiscountPercent,strikeThroughAmountOff,ticketTypeId,ticketTypeName,ticketTypeGroupId,listingTypeId,listingCurrencyCode,buyerCurrencyCode,faceValue,faceValueCurrencyCode,vfsUrl,formattedActiveSince,formattedDealScore,isSeatedTogether,showVfsInListing,hideSeatAndRowInfo,isUnmappedSection,aipHash,isMLBVerified,createdDateTime,showCheapestTag,showBestDealTag,showBestDealInSectionTag,showFanFavoriteTag,showBestViewTag,showTopChoiceTag,topChoiceBucket,isMostAffordable,winningMerchTags,isZoneTicketClass,isSponsored,isSponsoredSecondary,isMirrorListing,crossSellSource,isCheapestListing,isFavorite,aggregateFavorites,listingId,canBeRelisted,listingImpressionId,isBetterValueListing,hasRowLevelVfs,isDealScoreEligibleForDisplay,inventoryListingScore.starRating,inventoryListingScore.dealScore,inventoryListingScore.seatQualityScore,lastTicketInSectionMessage.message,lastTicketInSectionMessage.hasValue,adAttributes.bidId,listingHighlightData.highlightSiteMessagesWithType,listingHighlightData.listingNoteIdsReplacedByHighlight,seatFrom,seatTo,suppressedMerchTags,bestPriceTagMessage.message,bestPriceTagMessage.disclaimer,bestPriceTagMessage.hasValue,bestPriceTagMessage.featureTrackingKey,bestSellingInSectionMessage.message,bestSellingInSectionMessage.disclaimer,bestSellingInSectionMessage.hasValue,bestDealTagMessage.message,bestDealTagMessage.hasValue,bestDealTagMessage.featureTrackingKey
13364358738,153020449,FIFA Pavilion,2216545,FIFA Pavilion,2,,_,,False,False,1,,False,False,[1],1068,Hospitality,1,True,"[{'listingNoteId': 263, 'listingNoteContentId': 2444900, 'formattedListingNoteContent': 'VIP Club', 'listingNoteTypeId': 3, 'showToBuyer': True, 'hideInMock': False, 'siteAddedListingNote': False, 'aisleListingNoteWithSplit': False, 'listingNoteDescriptionContentId': 2444901, 'formattedListingNoteDescription': 'VIP Club - Club opens 90 minutes prior to tipoff and offers access to a lounge area with televisions, plush seating and private restrooms as well as all-inclusive food, draft beer, and house wine'}, {'listingNoteId': 424, 'listingNoteContentId': 2445241, 'formattedListingNoteContent': 'Access to VIP Club', 'listingNoteTypeId': 3, 'showToBuyer': True, 'hideInMock': False, 'siteAddedListingNote': False, 'aisleListingNoteWithSplit': False, 'formattedListingNoteDescription': ''}, {'listingNoteId': 1028, 'listingNoteContentId': 2446497, 'formattedListingNoteContent': 'Includes unlimited food and drinks (beer, wine and liquor)', 'listingNoteTypeId': 3, 'showToBuyer': True, 'hideInMock': False, 'siteAddedListingNote': False, 'aisleListingNoteWithSplit': False, 'listingNoteDescriptionContentId': 2446498, 'formattedListingNoteDescription': 'Includes unlimited food and drinks (beer, wine and liquor)'}, {'listingNoteId': -1, 'listingNoteContentId': 3338094, 'formattedListingNoteContent': 'Clear view', 'listingNoteTypeId': 3, 'showToBuyer': True, 'hideInMock': False, 'siteAddedListingNote': False, 'aisleListingNoteWithSplit': False, 'listingNoteDescriptionContentId': 3338095, 'formattedListingNoteDescription': ""You'll have an unrestricted view of the show.""}]","[{'listingNoteBucketId': 1, 'formattedListingNoteContent': 'VIP packages', 'displayOrder': 1, 'showsRawNoteText': False}, {'listingNoteBucketId': 7, 'formattedListingNoteContent': 'Food & beverages', 'displayOrder': 7, 'showsRawNoteText': False}, {'listingNoteBucketId': 27, 'formattedListingNoteContent': 'Clear view', 'displayOrder': 8, 'showsRawNoteText': True, 'sourceListingNoteId': -1}]",4415942,False,False,Row,True,2528269,"¥2,528,269","¥2,528,269","¥3,184,343",21.0,"¥656,074",10,Mobile Transfer ticket,3,1,USD,JPY,20000.0,USD,"https://img.vggcdn.net/img/vfsimage2/812551/1068_2216545/0.jpg?im=Resize=(500,271)&v=771",3 days ago,6,False,False,False,False,nleUgu3OtlEslV2qhc3b%2bBahE0d6PtwOa3sFTYVDw3k%3d,False,2026-07-15T21:49:03.6170000Z,False,False,False,False,False,False,0,False,[7],False,True,False,False,0,False,False,0,13364358738,False,D0DF835B-E2C4-40A1-B196-99DF8C723148,False,False,True,3,6.28191210230169,1.362416107,Last ticket,True,019F7A03-619A-70DD-BC58-9B6415C0E062,"[{'message': 'Popular Pick', 'qualifier': '50 tickets sold for this event', 'hasValue': True, 'messageType': 'BoughtInLastHourSocialProofBased'}]",[],,,,,,,,,,,,,
13395558331,153020449,316,122909,316,2,14,1_1,1,False,False,1,,False,False,[1],407,Upper,1,True,"[{'listingNoteId': -1, 'listingNoteContentId': 3338094, 'formattedListingNoteContent': 'Clear view', 'listingNoteTypeId': 3, 'showToBuyer': True, 'hideInMock': False, 'siteAddedListingNote': False, 'aisleListingNoteWithSplit': False, 'listingNoteDescriptionContentId': 3338095, 'formattedListingNoteDescription': ""You'll have an unrestricted view of the show.""}]","[{'listingNoteBucketId': 14, 'formattedListingNoteContent': 'Aisle seat', 'displayOrder': 14, 'showsRawNoteText': True, 'sourceListingNoteId': 2024}, {'listingNoteBucketId': 27, 'formattedListingNoteContent': 'Clear view', 'displayOrder': 8, 'showsRawNoteText': True, 'sourceListingNoteId': -1}]",703861,False,False,Row 14,False,1146081,"¥1,146,081","¥1,146,081",,,,10,Mobile Transfer ticket,3,1,USD,JPY,0.0,USD,"https://img.vggcdn.net/img/vfsimage2/812551/407_122909/0.jpg?im=Resize=(500,271)&v=771",3 hours ago,8,False,False,False,False,6aTTt3Ilk4KSmUp1duP7IQqAKyn8TNyB5E5JBSCLlZw%3d,False,2026-07-19T07:06:33.0530000Z,True,False,False,False,False,False,0,False,[2],False,False,False,False,0,True,False,0,13395558331,False,6C4B7715-B69E-4F32-8F47-714F3BFFDC56,False,False,True,4,8.07203164168095,0.7889853928,Last ticket,True,,"[{'message': 'Great Value', 'qualifier': 'Based on price, view, seat quality and more', 'hasValue': True, 'messageType': 'ValueBased'}, {'message': 'Popular Pick', 'qualifier': '50 tickets sold for this event', 'hasValue': True, 'messageType': 'BoughtInLastHourSocialProofBased'}, {'message': 'Aisle Seat', 'qualifier': 'Easy access to your seat', 'hasValue': True, 'messageType': 'AisleSeatTicketAttributeBased'}]",[2024],1,1,[7],Best price,Lowest priced listing for the selected quantity for this event on our site.,True,6aa8a73f-b069-4147-a316-ffc9e9280c2b,,,,,,
13396155941,153020449,326,122919,326,2,18,19_19,19,False,False,1,,False,False,[1],407,Upper,1,True,"[{'listingNoteId': -1, 'listingNoteContentId': 3338094, 'formattedListingNoteContent': 'Clear view', 'listingNoteTypeId': 3, 'showToBuyer': True, 'hideInMock': False, 'siteAddedListingNote': False, 'aisleListingNoteWithSplit': False, 'listingNoteDescriptionContentId': 3338095, 'formattedListingNoteDescription': ""You'll have an unrestricted view of the show.""}]","[{'listingNoteBucketId': 27, 'formattedListingNoteContent': 'Clear view', 'displayOrder': 8, 'showsRawNoteText': True, 'sourceListingNoteId': -1}]",2113827,False,False,Row 18,False,1287978,"¥1,287,978","¥1,287,978",,,,10,Mobile Transfer ticket,3,1,EUR,JPY,5023.0,EUR,"https://img.vggcdn.net/img/vfsimage2/812551/407_122919/0.jpg?im=Resize=(500,271)&v=771",25 minutes ago,7,False,False,False,False,RJu9zvYU%2frSFvO5ZT7JN7IYbaCYDIy%2fH2ZUTbT6jy6s%3d,False,2026-07-19T10:28:38.3170000Z,False,False,False,True,False,False,0,False,[6],False,False,False,False,0,False,False,0,13396155941,False,0F05CD02-EB1D-4852-86A6-327AD96E2600,False,False,True,3,6.589725341389927,0.7193169664,,,,"[{'message': 'Popular Pick', 'qualifier': '50 tickets sold for this event', 'hasValue': True, 'messageType': 'BoughtInLastHourSocialProofBased'}]",[],19,19,,,,,,Fan favorite,This section is in the top 10% of sections for this event when ranked based on a count of successful sales over the past 7 days on our site,True,,,
13396252757,153020449,307,122900,307,2,15,_,,False,False,3,,False,False,"[1, 2, 3]",407,Upper,3,True,"[{'listingNoteId': -1, 'listingNoteContentId': 3338094, 'formattedListingNoteContent': 'Clear view', 'listingNoteTypeId': 3, 'showToBuyer': True, 'hideInMock': False, 'siteAddedListingNote': False, 'aisleListingNoteWithSplit': False, 'listingNoteDescriptionContentId': 3338095, 'formattedListingNoteDescription': ""You'll have an unrestricted view of the show.""}]","[{'listingNoteBucketId': 27, 'formattedListingNoteContent': 'Clear view', 'displayOrder': 8, 'showsRawNoteText': True, 'sourceListingNoteId': -1}]",703664,False,False,Row 15,False,1288547,"¥1,288,547","¥1,288,547",,,,10,Mobile Transfer ticket,3,1,EUR,JPY,5000.0,EUR,"https://img.vggcdn.net/img/vfsimage2/812551/407_122900/0.jpg?im=Resize=(500,271)&v=771",a minute ago,9,False,False,False,False,K6p4Lx22Ez8zvMWB24v4DZhKRZUVDoM9CLbbNM35AIg%3d,False,2026-07-19T10:52:36.9900000Z,False,False,False,False,False,False,0,False,,False,False,False,False,0,False,False,0,13396252757,False,F4887F90-8531-4B47-B02A-EC3B3BAA5091,False,False,True,5,8.520628128781944,0.9605973662,,,,"[{'message': 'Amazing Value', 'qualifier': 'Based on price, view, seat quality and more', 'hasValue': True, 'messageType': 'ValueBased'}, {'message': 'Popular Pick', 'qualifier': '50 tickets sold for this event', 'hasValue': True, 'messageType': 'BoughtInLastHourSocialProofBased'}]",[],,,,,,,,,,,,,
13395507447,153020449,Category 4,2140587,Category 4,3,,_,,False,False,1,,False,False,[1],1327,Category 4,1,True,"[{'listingNoteId': -1, 'listingNoteContentId': 3338094, 'formattedListingNoteContent': 'Clear view', 'listingNoteTypeId': 3, 'showToBuyer': True, 'hideInMock': False, 'siteAddedListingNote': False, 'aisleListingNoteWithSplit': False, 'listingNoteDescriptionContentId': 3338095, 'formattedListingNoteDescription': ""You'll have an unrestricted view of the show.""}]","[{'listingNoteBucketId': 27, 'formattedListingNoteContent': 'Clear view', 'displayOrder': 8, 'showsRawNoteText': True, 'sourceListingNoteId': -1}]",4264996,False,False,Row,True,1292377,"¥1,292,377","¥1,292,377","¥2,087,134",38.0,"¥794,757",10,Mobile Transfer ticket,3,1,USD,JPY,2399.0,USD,"https://img.vggcdn.net/img/vfsimage2/812551/1327_2140587/0.jpg?im=Resize=(500,271)&v=771",4 hours ago,10,False,False,True,False,HrhvuETZJiK7pFAF3ZiIN9k3Qmxu7x8fD3KTdSnuimk%3d,False,2026-07-19T06:37:00.2430000Z,False,False,False,False,False,False,0,False,[7],False,False,False,False,0,False,False,0,13395507447,False,8BBA73F4-990E-479C-82E7-757917D4D1EB,False,False,True,5,9.501855275328808,1.362416107,Last ticket,True,,"[{'message': 'Amazing Value', 'qualifier': 'Based on price, view, seat quality and more', 'hasValue': True, 'messageType': 'ValueBased'}, {'message': 'Popular Pick', 'qualifier': '50 tickets sold for this event', 'hasValue': True, 'messageType': 'BoughtInLastHourSocialProofBased'}]",[],,,,,,,,,,,,,
12927493515,153020449,345,122938,345,2,26,10_13,10,False,False,4,,False,False,"[1, 2, 3, 4]",407,Upper,4,True,"[{'listingNoteId': -1, 'listingNoteContentId': 3338094, 'formattedListingNoteContent': 'Clear view', 'listingNoteTypeId': 3, 'showToBuyer': True, 'hideInMock': False, 'siteAddedListingNote': False, 'aisleListingNoteWithSplit': False, 'listingNoteDescriptionContentId': 3338095, 'formattedListingNoteDescription': ""You'll have an unrestricted view of the show.""}]","[{'listingNoteBucketId': 27, 'formattedListingNoteContent': 'Clear view', 'displayOrder': 8, 'showsRawNoteText': True, 'sourceListingNoteId': -1}]",704508,False,False,Row 26,False,1293176,"¥1,293,176","¥1,293,176",,,,10,Mobile Transfer ticket,3,1,USD,JPY,3500.0,USD,"https://img.vggcdn.net/img/vfsimage2/812551/407_122938/0.jpg?im=Resize=(500,271)&v=771",45 days ago,8,False,False,False,False,TydAHI4cPKtMyzNACrjmgOsw9SrxdT87u3umom7pOXw%3d,False,2026-06-04T09:19:59.2600000Z,False,False,False,False,False,False,0,False,,False,False,False,False,0,False,False,0,12927493515,False,D34E4B48-0B51-4958-8ABA-93AB5FFAD5AB,False,False,True,4,8.044382871032488,0.8863661477,,,,"[{'message': 'Great Value', 'qualifier': 'Based on price, view, seat quality and more', 'hasValue': True, 'messageType': 'ValueBased'}, {'message': 'Popular Pick', 'qualifier': '50 tickets sold for this event', 'hasValue': True, 'messageType': 'BoughtInLastHourSocialProofBased'}]",[],,,,,,,,,,,,,
13396241091,153020449,346,122939,346,2,22,5_5,5,False,False,1,,False,False,[1],407,Upper,1,True,"[{'listingNoteId': -1, 'listingNoteContentId': 3338094, 'formattedListingNoteContent': 'Clear view', 'listingNoteTypeId': 3, 'showToBuyer': True, 'hideInMock': False, 'siteAddedListingNote': False, 'aisleListingNoteWithSplit': False, 'listingNoteDescriptionContentId': 3338095, 'formattedListingNoteDescription': ""You'll have an unrestricted view of the show.""}]","[{'listingNoteBucketId': 27, 'formattedListingNoteContent': 'Clear view', 'displayOrder': 8, 'showsRawNoteText': True, 'sourceListingNoteId': -1}]",2113960,False,False,Row 22,False,1301639,"¥1,301,639","¥1,301,639",,,,10,Mobile Transfer ticket,3,1,USD,JPY,,USD,"https://img.vggcdn.net/img/vfsimage2/812551/407_122939/0.jpg?im=Resize=(500,271)&v=771",7 minutes ago,7,False,False,False,False,5%2bvCUEVVu3exJ%2fja3%2b0F6l44%2f16Vrgs9lh20LN58HEw%3d,False,2026-07-19T10:46:36.7000000Z,False,False,False,False,False,False,0,False,,False,False,False,False,0,False,False,0,13396241091,False,6D6771E3-9C77-4C1B-98C1-35EFEB46D35A,False,False,True,3,6.995282062553443,0.7637475991,,,,"[{'message': 'Popular Pick', 'qualifier': '50 tickets sold for this event', 'hasValue': True, 'messageType': 'BoughtInLastHourSocialProofBased'}]",[],5,5,,,,,,,,,,,
13393854317,153020449,325,122918,325,2,20,27_27,27,False,False,1,,False,False,[1],407,Upper,1,True,"[{'listingNoteId': -1, 'listingNoteContentId': 3338094, 'formattedListingNoteContent': 'Clear view', 'listingNoteTypeId': 3, 'showToBuyer': True, 'hideInMock': False, 'siteAddedListingNote': False, 'aisleListingNoteWithSplit': False, 'listingNoteDescriptionContentId': 3338095, 'formattedListingNoteDescription': ""You'll have an unrestricted view of the show.""}]","[{'listingNoteBucketId': 27, 'formattedListingNoteContent': 'Clear view', 'displayOrder': 8, 'showsRawNoteText': True, 'sourceListingNoteId': -1}]",2113807,False,False,Row 20,False,1316259,"¥1,316,259","¥1,316,259",,,,10,Mobile Transfer ticket,3,1,USD,JPY,5000.0,USD,"https://img.vggcdn.net/img/vfsimage2/812551/407_122918/0.jpg?im=Resize=(500,271)&v=771",10 hours ago,7,False,False,False,False,5%2bvCUEVVu3exJ%2fja3%2b0F6l44%2f16Vrgs9lh20LN58HEw%3d,False,2026-07-19T00:31:05.7930000Z,False,False,False,False,False,False,0,False,,False,False,False,False,0,False,False,0,13393854317,False,EC60DD21-F79C-4100-AB14-31AF4DB37864,False,False,True,4,7.140299406155911,0.7886019214,,,,"[{'message': 'Great Value', 'qualifier': 'Based on price, view, seat quality and more', 'hasValue': True, 'messageType': 'ValueBased'}, {'message': 'Popular Pick', 'qualifier': '50 tickets sold for this event', 'hasValue': True, 'messageType': 'BoughtInLastHourSocialProofBased'}]",[],27,27,,,,,,,,,,,
13393697029,153020449,326,122919,326,2,5,12_,12,False,False,1,,False,False,[1],407,Upper,1,True,"[{'listingNoteId': 2025, 'listingNoteContentId': 3415843, 'formattedListingNoteContent': 'Front Row of Section', 'listingNoteTypeId': 6, 'showToBuyer': True, 'hideInMock': False, 'siteAddedListingNote': False, 'aisleListingNoteWithSplit': False, 'listingNoteDescriptionContentId': 3415843, 'formattedListingNoteDescription': 'Front Row of Section'}, {'listingNoteId': -1, 'listingNoteContentId': 3338094, 'formattedListingNoteContent': 'Clear view', 'listingNoteTypeId': 3, 'showToBuyer': True, 'hideInMock': False, 'siteAddedListingNote': False, 'aisleListingNoteWithSplit': False, 'listingNoteDescriptionContentId': 3338095, 'formattedListingNoteDescription': ""You'll have an unrestricted view of the show.""}]","[{'listingNoteBucketId': 14, 'formattedListingNoteContent': 'Front Row of Section', 'displayOrder': 14, 'showsRawNoteText': True, 'sourceListingNoteId': 2025}, {'listingNoteBucketId': 27, 'formattedListingNoteContent': 'Clear view', 'displayOrder': 8, 'showsRawNoteText': True, 'sourceListingNoteId': -1}]",2113836,False,False,Row 5,False,1323082,"¥1,323,082","¥1,323,082",,,,10,Mobile Transfer ticket,3,1,USD,JPY,6652.0,USD,"https://img.vggcdn.net/img/vfsimage2/812551/407_122919/0.jpg?im=Resize=(500,271)&v=771",11 hours ago,7,False,False,False,False,gLVxeSozjevNPkt2XL2ahQeVWvPpJ8%2bal%2bQlYLVG9QQ%3d,False,2026-07-18T23:49:34.2270000Z,False,False,False,True,False,False,0,False,[6],False,False,False,False,0,False,False,0,13393697029,False,80C0F3D3-5653-42BE-BDD6-08C37E459586,False,False,True,4,7.102612196323583,0.7885525716,,,,"[{'message': 'Great Value', 'qualifier': 'Based on price, view, seat quality and more', 'hasValue': True, 'messageType': 'ValueBased'}, {'message': 'Popular Pick', 'qualifier': '50 tickets sold for this event', 'hasValue': True, 'messageType': 'BoughtInLastHourSocialProofBased'}, {'message': 'Front Row', 'qualifier': 'Best seats in the house', 'hasValue': True, 'messageType': 'FirstRowTicketAttributeBased'}]",[2025],,,,,,,,Fan favorite,This section is in the top 10% of sections for this event when ranked based on a count of successful sales over the past 7 days on our site,True,,,
13391052996,153020449,328,122921,328,2,26,16_16,16,False,False,1,,False,False,[1],407,Upper,1,True,"[{'listingNoteId': -1, 'listingNoteContentId': 3338094, 'formattedListingNoteContent': 'Clear view', 'listingNoteTypeId': 3, 'showToBuyer': True, 'hideInMock': False, 'siteAddedListingNote': False, 'aisleListingNoteWithSplit': False, 'listingNoteDescriptionContentId': 3338095, 'formattedListingNoteDescription': ""You'll have an unrestricted view of the show.""}]","[{'listingNoteBucketId': 27, 'formattedListingNoteContent': 'Clear view', 'displayOrder': 8, 'showsRawNoteText': True, 'sourceListingNoteId': -1}]",2113877,False,False,Row 26,False,1326786,"¥1,326,786","¥1,326,786","¥1,838,789",28.0,"¥512,003",10,Mobile Transfer ticket,3,1,USD,JPY,,USD,"https://img.vggcdn.net/img/vfsimage2/812551/407_122921/0.jpg?im=Resize=(500,271)&v=771",21 hours ago,6,False,False,False,False,ub2%2fKioyarO1gH3GKBD1a2NLpm77ZVJLRrySk9M6nsE%3d,False,2026-07-18T13:49:42.1730000Z,False,False,False,True,False,False,0,False,[6],False,False,False,False,0,False,False,0,13391052996,False,80409B04-AF23-424B-A633-4CF375796DCC,False,False,True,3,6.418069802953861,0.7261878374,,,,"[{'message': 'Popular Pick', 'qualifier': '50 tickets sold for this event', 'hasValue': True, 'messageType': 'BoughtInLastHourSocialProofBased'}]",[],16,16,,,,,,Fan favorite,This section is in the top 10% of sections for this event when ranked based on a count of successful sales over the past 7 days on our site,True,,,
13393699658,153020449,350,122943,350,2,,_,,False,False,2,,False,False,"[1, 2]",407,Upper,2,True,"[{'listingNoteId': -1, 'listingNoteContentId': 3338094, 'formattedListingNoteContent': 'Clear view', 'listingNoteTypeId': 3, 'showToBuyer': True, 'hideInMock': False, 'siteAddedListingNote': False, 'aisleListingNoteWithSplit': False, 'listingNoteDescriptionContentId': 3338095, 'formattedListingNoteDescription': ""You'll have an unrestricted view of the show.""}]","[{'listingNoteBucketId': 27, 'formattedListingNoteContent': 'Clear view', 'displayOrder': 8, 'showsRawNoteText': True, 'sourceListingNoteId': -1}]",108915,False,False,Row,True,1337504,"¥1,337,504","¥1,337,504",,,,10,Mobile Transfer ticket,3,1,GBP,JPY,4000.0,GBP,"https://img.vggcdn.net/img/vfsimage2/812551/407_122943/0.jpg?im=Resize=(500,271)&v=771",11 hours ago,6,False,False,False,False,t%2f7RYfNfk9Eaz3pNdLTWf9YG7TaqqgkcR1OhYH%2fVdZw%3d,False,2026-07-18T23:51:00.7170000Z,False,False,False,False,False,False,0,False,,False,False,False,False,0,False,False,0,13393699658,False,803A5B71-A1A5-496A-B658-AD18CF84A116,False,False,True,3,6.260133648824565,0.7188377771,,,,"[{'message': 'Popular Pick', 'qualifier': '50 tickets sold for this event', 'hasValue': True, 'messageType': 'BoughtInLastHourSocialProofBased'}]",[],,,,,,,,,,,,,
13387753064,153020449,327,122920,327,2,20,_,,False,False,1,,False,False,[1],407,Upper,1,True,"[{'listingNoteId': -1, 'listingNoteContentId': 3338094, 'formattedListingNoteContent': 'Clear view', 'listingNoteTypeId': 3, 'showToBuyer': True, 'hideInMock': False, 'siteAddedListingNote': False, 'aisleListingNoteWithSplit': False, 'listingNoteDescriptionContentId': 3338095, 'formattedListingNoteDescription': ""You'll have an unrestricted view of the show.""}]","[{'listingNoteBucketId': 27, 'formattedListingNoteContent': 'Clear view', 'displayOrder': 8, 'showsRawNoteText': True, 'sourceListingNoteId': -1}]",2113851,False,False,Row 20,False,1338130,"¥1,338,130","¥1,338,130","¥2,214,816",40.0,"¥876,686",10,Mobile Transfer ticket,3,1,EUR,JPY,5785.0,EUR,"https://img.vggcdn.net/img/vfsimage2/812551/407_122920/0.jpg?im=Resize=(500,271)&v=771",yesterday,7,False,False,False,False,Ko9w66Mq3F8VjzxHHK7PNARTGfGktlr1voUQWUOfDOQ%3d,False,2026-07-18T00:45:57.4230000Z,False,False,False,True,False,False,0,False,[6],False,False,False,False,0,False,False,0,13387753064,False,08A5AA03-B41F-4A9C-A69B-C6010A7BAF3A,False,False,True,3,6.790851521638124,0.7656303158,,,,"[{'message': 'Popular Pick', 'qualifier': '50 tickets sold for this event', 'hasValue': True, 'messageType': 'BoughtInLastHourSocialProofBased'}]",[],,,,,,,,Fan favorite,This section is in the top 10% of sections for this event when ranked based on a count of successful sales over the past 7 days on our site,True,,,
13393677994,153020449,345,122938,345,2,21,31_31,31,False,False,1,,False,False,[1],407,Upper,1,True,"[{'listingNoteId': -1, 'listingNoteContentId': 3338094, 'formattedListingNoteContent': 'Clear view', 'listingNoteTypeId': 3, 'showToBuyer': True, 'hideInMock': False, 'siteAddedListingNote': False, 'aisleListingNoteWithSplit': False, 'listingNoteDescriptionContentId': 3338095, 'formattedListingNoteDescription': ""You'll have an unrestricted view of the show.""}]","[{'listingNoteBucketId': 27, 'formattedListingNoteContent': 'Clear view', 'displayOrder': 8, 'showsRawNoteText': True, 'sourceListingNoteId': -1}]",704503,False,False,Row 21,False,1345500,"¥1,345,500","¥1,345,500",,,,10,Mobile Transfer ticket,3,1,USD,JPY,6652.0,USD,"https://img.vggcdn.net/img/vfsimage2/812551/407_122938/0.jpg?im=Resize=(500,271)&v=771",11 hours ago,8,False,False,False,False,jMamkb03UPVEfEPQtWe3ANAAei0B8Ki1ODqLnBxFZSY%3d,False,2026-07-18T23:45:04.5930000Z,False,False,False,False,False,False,0,False,,False,False,False,False,0,False,False,0,13393677994,False,187C5890-DA38-42A5-B9CB-FB0103B55AE3,False,False,True,4,7.989598781022256,0.9142620722,,,,"[{'message': 'Great Value', 'qualifier': 'Based on price, view, seat quality and more', 'hasValue': True, 'messageType': 'ValueBased'}, {'message': 'Popular Pick', 'qualifier': '50 tickets sold for this event', 'hasValue': True, 'messageType': 'BoughtInLastHourSocialProofBased'}]",[],,,,,,,,,,,,,
13387697653,153020449,327,122920,327,2,19,16_16,16,False,False,1,,False,False,[1],407,Upper,4,True,"[{'listingNoteId': -1, 'listingNoteContentId': 3338094, 'formattedListingNoteContent': 'Clear view', 'listingNoteTypeId': 3, 'showToBuyer': True, 'hideInMock': False, 'siteAddedListingNote': False, 'aisleListingNoteWithSplit': False, 'listingNoteDescriptionContentId': 3338095, 'formattedListingNoteDescription': ""You'll have an unrestricted view of the show.""}]","[{'listingNoteBucketId': 27, 'formattedListingNoteContent': 'Clear view', 'displayOrder': 8, 'showsRawNoteText': True, 'sourceListingNoteId': -1}]",2113850,False,False,Row 19,False,1354096,"¥1,354,096","¥1,354,096","¥1,895,650",29.0,"¥541,554",10,Mobile Transfer ticket,3,1,USD,JPY,5750.0,USD,"https://img.vggcdn.net/img/vfsimage2/812551/407_122920/0.jpg?im=Resize=(500,271)&v=771",yesterday,7,False,False,False,False,PM5zJiLLcC4xE%2fTGrO92Cg0fXXz976hQ5VBUetX1mO8%3d,False,2026-07-18T00:32:37.4700000Z,False,False,False,True,False,False,0,False,[6],False,False,False,False,0,False,False,0,13387697653,False,C0F2710C-F537-4F84-BCE0-45A50405CA02,False,False,True,3,6.744103693857715,0.7703844537,,,,"[{'message': 'Popular Pick', 'qualifier': '50 tickets sold for this event', 'hasValue': True, 'messageType': 'BoughtInLastHourSocialProofBased'}]",[],,,,,,,,Fan favorite,This section is in the top 10% of sections for this event when ranked based on a count of successful sales over the past 7 days on our site,True,,,
13394928074,153020449,347,122940,347,2,26,_,,False,False,1,,False,False,[1],407,Upper,1,True,"[{'listingNoteId': -1, 'listingNoteContentId': 3338094, 'formattedListingNoteContent': 'Clear view', 'listingNoteTypeId': 3, 'showToBuyer': True, 'hideInMock': False, 'siteAddedListingNote': False, 'aisleListingNoteWithSplit': False, 'listingNoteDescriptionContentId': 3338095, 'formattedListingNoteDescription': ""You'll have an unrestricted view of the show.""}]","[{'listingNoteBucketId': 27, 'formattedListingNoteContent': 'Clear view', 'displayOrder': 8, 'showsRawNoteText': True, 'sourceListingNoteId': -1}]",2113986,False,False,Row 26,False,1354182,"¥1,354,182","¥1,354,182",,,,10,Mobile Transfer ticket,3,1,EUR,JPY,5100.0,EUR,"https://img.vggcdn.net/img/vfsimage2/812551/407_122940/0.jpg?im=Resize=(500,271)&v=771",5 hours ago,6,False,False,False,False,scdpLBY6%2fQNecYHyP0w%2fPxuJQPK8zGEtB30oePvZpc8%3d,False,2026-07-19T04:57:27.9470000Z,False,False,False,False,False,False,0,False,,False,False,False,False,0,False,False,0,13394928074,False,F4C60185-0DE8-4DFA-9D67-A55A5E80ECEB,False,False,True,3,6.0012647281461255,0.7068836344,,,,"[{'message': 'Popular Pick', 'qualifier': '50 tickets sold for this event', 'hasValue': True, 'messageType': 'BoughtInLastHourSocialProofBased'}]",[],,,,,,,,,,,,,
13393812990,153020449,327,122920,327,2,17,19_22,19,False,False,4,,False,False,"[1, 2, 4]",407,Upper,4,True,"[{'listingNoteId': -1, 'listingNoteContentId': 3338094, 'formattedListingNoteContent': 'Clear view', 'listingNoteTypeId': 3, 'showToBuyer': True, 'hideInMock': False, 'siteAddedListingNote': False, 'aisleListingNoteWithSplit': False, 'listingNoteDescriptionContentId': 3338095, 'formattedListingNoteDescription': ""You'll have an unrestricted view of the show.""}]","[{'listingNoteBucketId': 27, 'formattedListingNoteContent': 'Clear view', 'displayOrder': 8, 'showsRawNoteText': True, 'sourceListingNoteId': -1}]",2113848,False,False,Row 17,False,1366358,"¥1,366,358","¥1,366,358",,,,10,Mobile Transfer ticket,3,1,USD,JPY,0.0,USD,"https://img.vggcdn.net/img/vfsimage2/812551/407_122920/0.jpg?im=Resize=(500,271)&v=771",10 hours ago,7,False,False,False,False,9H32jil1Si5HI9Dc1o2%2fmeUw1IRpsfZln43Bw%2bizV3U%3d,False,2026-07-19T00:16:25.8900000Z,False,False,False,True,False,False,0,False,[6],False,False,False,False,0,False,False,0,13393812990,False,082CE9FA-82D1-43B1-91E1-40772ECE8C37,False,False,True,3,6.77183481842793,0.7799804895,,,,"[{'message': 'Popular Pick', 'qualifier': '50 tickets sold for this event', 'hasValue': True, 'messageType': 'BoughtInLastHourSocialProofBased'}]",[],,,,,,,,Fan favorite,This section is in the top 10% of sections for this event when ranked based on a count of successful sales over the past 7 days on our site,True,,,
13393622811,153020449,318,122911,318,2,12,_,,False,False,2,,False,False,"[1, 2]",407,Upper,2,True,"[{'listingNoteId': -1, 'listingNoteContentId': 3338094, 'formattedListingNoteContent': 'Clear view', 'listingNoteTypeId': 3, 'showToBuyer': True, 'hideInMock': False, 'siteAddedListingNote': False, 'aisleListingNoteWithSplit': False, 'listingNoteDescriptionContentId': 3338095, 'formattedListingNoteDescription': ""You'll have an unrestricted view of the show.""}]","[{'listingNoteBucketId': 27, 'formattedListingNoteContent': 'Clear view', 'displayOrder': 8, 'showsRawNoteText': True, 'sourceListingNoteId': -1}]",703903,False,False,Row 12,False,1368892,"¥1,368,892","¥1,368,892","¥1,759,060",22.0,"¥390,168",10,Mobile Transfer ticket,3,1,USD,JPY,7380.0,USD,"https://img.vggcdn.net/img/vfsimage2/812551/407_122911/0.jpg?im=Resize=(500,271)&v=771",11 hours ago,7,False,False,False,False,1RkibbR5y0BQPLpQ4qpQbZQe%2bqF0iiwdXcFMDPrJGjg%3d,False,2026-07-18T23:31:25.0400000Z,False,False,False,False,False,False,0,False,,False,False,False,False,0,False,False,0,13393622811,False,1C30530B-3882-41BF-81F2-EAB26C68DCE2,False,False,True,4,7.406942928639074,0.8517760202,,,,"[{'message': 'Great Value', 'qualifier': 'Based on price, view, seat quality and more', 'hasValue': True, 'messageType': 'ValueBased'}, {'message': 'Popular Pick', 'qualifier': '50 tickets sold for this event', 'hasValue': True, 'messageType': 'BoughtInLastHourSocialProofBased'}]",[],,,,,,,,,,,,,
13393086900,153020449,348,122941,348,2,24,_,,False,False,2,,False,False,"[1, 2]",407,Upper,2,True,"[{'listingNoteId': -1, 'listingNoteContentId': 3338094, 'formattedListingNoteContent': 'Clear view', 'listingNoteTypeId': 3, 'showToBuyer': True, 'hideInMock': False, 'siteAddedListingNote': False, 'aisleListingNoteWithSplit': False, 'listingNoteDescriptionContentId': 3338095, 'formattedListingNoteDescription': ""You'll have an unrestricted view of the show.""}]","[{'listingNoteBucketId': 27, 'formattedListingNoteContent': 'Clear view', 'displayOrder': 8, 'showsRawNoteText': True, 'sourceListingNoteId': -1}]",2114006,False,False,Row 24,False,1372596,"¥1,372,596","¥1,372,596",,,,10,Mobile Transfer ticket,3,1,USD,JPY,2790.0,USD,"https://img.vggcdn.net/img/vfsimage2/812551/407_122941/0.jpg?im=Resize=(500,271)&v=771",12 hours ago,6,False,False,False,False,KpqVAtTzCcCtS8qvdP4r4RoK0ozfcVNGjhmAetcBPjw%3d,False,2026-07-18T21:57:54.6830000Z,False,False,False,False,False,False,0,False,,False,False,False,False,0,False,False,0,13393086900,False,EE4704F6-7DD8-444E-A561-0E20880F890B,False,False,True,3,6.152113438188146,0.7287039177,,,,"[{'message': 'Popular Pick', 'qualifier': '50 tickets sold for this event', 'hasValue': True, 'messageType': 'BoughtInLastHourSocialProofBased'}]",[],,,,,,,,,,,,,
13394398469,153020449,306,122899,306,2,24,_,,False,False,3,,False,False,"[1, 2, 3]",407,Upper,3,True,"[{'listingNoteId': -1, 'listingNoteContentId': 3338094, 'formattedListingNoteContent': 'Clear view', 'listingNoteTypeId': 3, 'showToBuyer': True, 'hideInMock': False, 'siteAddedListingNote': False, 'aisleListingNoteWithSplit': False, 'listingNoteDescriptionContentId': 3338095, 'formattedListingNoteDescription': ""You'll have an unrestricted view of the show.""}]","[{'listingNoteBucketId': 27, 'formattedListingNoteContent': 'Clear view', 'displayOrder': 8, 'showsRawNoteText': True, 'sourceListingNoteId': -1}]",2113699,False,False,Row 24,False,1382342,"¥1,382,342","¥1,382,342",,,,10,Mobile Transfer ticket,3,1,USD,JPY,2790.0,USD,"https://img.vggcdn.net/img/vfsimage2/812551/407_122899/0.jpg?im=Resize=(500,271)&v=771",7 hours ago,6,False,False,False,False,UjQ06yblTvxdhvVhnfRrq%2fETNgyn%2fIT%2biA84%2bElBcsA%3d,False,2026-07-19T03:04:49.9600000Z,False,False,False,True,False,False,0,False,[6],False,False,False,False,0,False,False,0,13394398469,False,595415DC-1215-4793-BEA6-CD3B50CB9D3C,False,False,True,3,6.033823096564541,0.7242058546,,,,"[{'message': 'Popular Pick', 'qualifier': '50 tickets sold for this event', 'hasValue': True, 'messageType': 'BoughtInLastHourSocialProofBased'}]",[],,,,,,,,Fan favorite,This section is in the top 10% of sections for this event when ranked based on a count of successful sales over the past 7 days on our site,True,,,
13395533970,153020449,350,122943,350,2,12,15_18,15,False,False,4,,False,False,"[1, 2, 4]",407,Upper,4,True,"[{'listingNoteId': -1, 'listingNoteContentId': 3338094, 'formattedListingNoteContent': 'Clear view', 'listingNoteTypeId': 3, 'showToBuyer': True, 'hideInMock': False, 'siteAddedListingNote': False, 'aisleListingNoteWithSplit': False, 'listingNoteDescriptionContentId': 3338095, 'formattedListingNoteDescription': ""You'll have an unrestricted view of the show.""}]","[{'listingNoteBucketId': 27, 'formattedListingNoteContent': 'Clear view', 'displayOrder': 8, 'showsRawNoteText': True, 'sourceListingNoteId': -1}]",2114038,False,False,Row 12,False,1384331,"¥1,384,331","¥1,384,331",,,,10,Mobile Transfer ticket,3,1,USD,JPY,23140.0,USD,"https://img.vggcdn.net/img/vfsimage2/812551/407_122943/0.jpg?im=Resize=(500,271)&v=771",4 hours ago,7,False,False,False,False,g6fXz2kh4hhblVikEMhTqNmBC%2fPksrPFL5DTz2H7EvM%3d,False,2026-07-19T06:50:10.7030000Z,False,False,False,False,False,False,0,False,,False,False,False,False,0,False,False,0,13395533970,False,3FFE331B-C477-4F73-A5FE-437545E03ED4,False,False,True,3,6.5523862124202354,0.7697319233,,,,"[{'message': 'Popular Pick', 'qualifier': '50 tickets sold for this event', 'hasValue': True, 'messageType': 'BoughtInLastHourSocialProofBased'}]",[],,,,,,,,,,,,,
13396023118,153020449,321,122914,321,2,17,_,,False,False,1,,False,False,[1],407,Upper,1,True,"[{'listingNoteId': -1, 'listingNoteContentId': 3338094, 'formattedListingNoteContent': 'Clear view', 'listingNoteTypeId': 3, 'showToBuyer': True, 'hideInMock': False, 'siteAddedListingNote': False, 'aisleListingNoteWithSplit': False, 'listingNoteDescriptionContentId': 3338095, 'formattedListingNoteDescription': ""You'll have an unrestricted view of the show.""}]","[{'listingNoteBucketId': 27, 'formattedListingNoteContent': 'Clear view', 'displayOrder': 8, 'showsRawNoteText': True, 'sourceListingNoteId': -1}]",2113716,False,False,Row 17,False,1390530,"¥1,390,530","¥1,390,530",,,,10,Mobile Transfer ticket,3,1,USD,JPY,2600.0,USD,"https://img.vggcdn.net/img/vfsimage2/812551/407_122914/0.jpg?im=Resize=(500,271)&v=771",an hour ago,6,False,False,False,False,%2f5vm5fCW275hGByYxUymSaWx%2fLN%2b4mvZubUo1IDKC5w%3d,False,2026-07-19T09:47:54.9000000Z,False,False,False,True,False,False,0,False,[6],False,False,False,False,0,False,False,0,13396023118,False,00E53AAB-9C53-4BA0-BCA4-475778DCE42C,False,False,True,3,5.91656142656557,0.7190986817,Last ticket,True,,"[{'message': 'Popular Pick', 'qualifier': '50 tickets sold for this event', 'hasValue': True, 'messageType': 'BoughtInLastHourSocialProofBased'}]",[],,,[7],,,,,Fan favorite,This section is in the top 10% of sections for this event when ranked based on a count of successful sales over the past 7 days on our site,True,,,
13388100640,153020449,349,122942,349,2,17,13_13,13,False,False,1,,False,False,[1],407,Upper,1,True,"[{'listingNoteId': -1, 'listingNoteContentId': 3338094, 'formattedListingNoteContent': 'Clear view', 'listingNoteTypeId': 3, 'showToBuyer': True, 'hideInMock': False, 'siteAddedListingNote': False, 'aisleListingNoteWithSplit': False, 'listingNoteDescriptionContentId': 3338095, 'formattedListingNoteDescription': ""You'll have an unrestricted view of the show.""}]","[{'listingNoteBucketId': 27, 'formattedListingNoteContent': 'Clear view', 'displayOrder': 8, 'showsRawNoteText': True, 'sourceListingNoteId': -1}]",2114021,False,False,Row 17,False,1403805,"¥1,403,805","¥1,403,805",,,,10,Mobile Transfer ticket,3,1,USD,JPY,,USD,"https://img.vggcdn.net/img/vfsimage2/812551/407_122942/0.jpg?im=Resize=(500,271)&v=771",yesterday,6,False,False,False,False,4BgFHJhIHP%2bkAR%2fqQXXsgzV%2f5ARFuGRP9Sp5wTiXrOk%3d,False,2026-07-18T02:03:33.4600000Z,False,False,False,True,False,False,0,False,[6],False,False,False,False,0,False,False,0,13388100640,False,9FA89B1A-8871-4179-8A88-A997E6121C7F,False,False,True,3,6.315451206623488,0.7592844362,Last ticket,True,,"[{'message': 'Popular Pick', 'qualifier': '50 tickets sold for this event', 'hasValue': True, 'messageType': 'BoughtInLastHourSocialProofBased'}]",[],13,13,[7],,,,,Fan favorite,This section is in the top 10% of sections for this event when ranked based on a count of successful sales over the past 7 days on our site,True,,,
13311781074,153020449,305,122898,305,2,17,_,,False,False,7,,False,False,"[1, 2, 3, 4, 5, 6, 7]",407,Upper,7,True,"[{'listingNoteId': -1, 'listingNoteContentId': 3338094, 'formattedListingNoteContent': 'Clear view', 'listingNoteTypeId': 3, 'showToBuyer': True, 'hideInMock': False, 'siteAddedListingNote': False, 'aisleListingNoteWithSplit': False, 'listingNoteDescriptionContentId': 3338095, 'formattedListingNoteDescription': ""You'll have an unrestricted view of the show.""}]","[{'listingNoteBucketId': 27, 'formattedListingNoteContent': 'Clear view', 'displayOrder': 8, 'showsRawNoteText': True, 'sourceListingNoteId': -1}]",2113670,False,False,Row 17,False,1403980,"¥1,403,980","¥1,403,980","¥2,013,593",30.0,"¥609,613",10,Mobile Transfer ticket,3,1,USD,JPY,5785.0,USD,"https://img.vggcdn.net/img/vfsimage2/812551/407_122898/0.jpg?im=Resize=(500,271)&v=771",9 days ago,6,False,False,False,False,2t6egtSJaTnwel6xQb%2b5cPeIi6vI%2f4eXBEwd9plmNYQ%3d,False,2026-07-10T07:19:52.1000000Z,False,False,False,False,False,False,0,False,,False,False,False,False,0,False,False,0,13311781074,False,98D7E563-60A8-4F13-8F94-E85CA110A5CA,False,False,True,3,5.81765743523898,0.7182422299,,,,"[{'message': 'Popular Pick', 'qualifier': '50 tickets sold for this event', 'hasValue': True, 'messageType': 'BoughtInLastHourSocialProofBased'}]",[],,,,,,,,,,,,,
13396126736,153020449,301,122894,301,2,9,_,,False,False,3,,False,False,"[1, 3]",407,Upper,3,True,"[{'listingNoteId': -1, 'listingNoteContentId': 3338094, 'formattedListingNoteContent': 'Clear view', 'listingNoteTypeId': 3, 'showToBuyer': True, 'hideInMock': False, 'siteAddedListingNote': False, 'aisleListingNoteWithSplit': False, 'listingNoteDescriptionContentId': 3338095, 'formattedListingNoteDescription': ""You'll have an unrestricted view of the show.""}]","[{'listingNoteBucketId': 27, 'formattedListingNoteContent': 'Clear view', 'displayOrder': 8, 'showsRawNoteText': True, 'sourceListingNoteId': -1}]",2113596,False,False,Row 9,False,1404565,"¥1,404,565","¥1,404,565",,,,10,Mobile Transfer ticket,3,1,USD,JPY,4875.32,USD,"https://img.vggcdn.net/img/vfsimage2/812551/407_122894/0.jpg?im=Resize=(500,271)&v=771",32 minutes ago,7,False,False,False,False,3MI1xN8vvtspmIAUGuqXLShETOJfssRa9WujYRCQP7g%3d,False,2026-07-19T10:22:21.4670000Z,False,False,False,False,False,False,0,False,,False,False,False,False,0,False,False,0,13396126736,False,C8CF1505-6AA6-42FC-BBB6-75F9266EAD15,False,False,True,3,6.601202789447714,0.7855221941,,,,"[{'message': 'Popular Pick', 'qualifier': '50 tickets sold for this event', 'hasValue': True, 'messageType': 'BoughtInLastHourSocialProofBased'}]",[],,,,,,,,,,,,,
13395475718,153020449,345,122938,345,2,18,26_26,26,False,False,1,,False,False,[1],407,Upper,1,True,"[{'listingNoteId': -1, 'listingNoteContentId': 3338094, 'formattedListingNoteContent': 'Clear view', 'listingNoteTypeId': 3, 'showToBuyer': True, 'hideInMock': False, 'siteAddedListingNote': False, 'aisleListingNoteWithSplit': False, 'listingNoteDescriptionContentId': 3338095, 'formattedListingNoteDescription': ""You'll have an unrestricted view of the show.""}]","[{'listingNoteBucketId': 27, 'formattedListingNoteContent': 'Clear view', 'displayOrder': 8, 'showsRawNoteText': True, 'sourceListingNoteId': -1}]",704500,False,False,Row 18,False,1410222,"¥1,410,222","¥1,410,222",,,,10,Mobile Transfer ticket,3,1,MXN,JPY,116000.0,MXN,"https://img.vggcdn.net/img/vfsimage2/812551/407_122938/0.jpg?im=Resize=(500,271)&v=771",4 hours ago,8,False,False,False,False,9BZWPRZ8w5KEm%2fAVWY%2f3Iq7s03IdJMMhTqpp53AqbSw%3d,False,2026-07-19T06:25:21.5530000Z,False,False,False,False,False,False,0,False,,False,False,False,False,0,False,False,0,13395475718,False,07D4FCEB-D14D-4D54-8FB1-B7D027B04562,False,False,True,4,7.807175177611114,0.9314190691,,,,"[{'message': 'Great Value', 'qualifier': 'Based on price, view, seat quality and more', 'hasValue': True, 'messageType': 'ValueBased'}, {'message': 'Popular Pick', 'qualifier': '50 tickets sold for this event', 'hasValue': True, 'messageType': 'BoughtInLastHourSocialProofBased'}]",[],26,26,,,,,,,,,,,
13395673076,153020449,345,122938,345,2,19,27_27,27,False,False,1,,False,False,[1],407,Upper,1,True,"[{'listingNoteId': -1, 'listingNoteContentId': 3338094, 'formattedListingNoteContent': 'Clear view', 'listingNoteTypeId': 3, 'showToBuyer': True, 'hideInMock': False, 'siteAddedListingNote': False, 'aisleListingNoteWithSplit': False, 'listingNoteDescriptionContentId': 3338095, 'formattedListingNoteDescription': ""You'll have an unrestricted view of the show.""}]","[{'listingNoteBucketId': 27, 'formattedListingNoteContent': 'Clear view', 'displayOrder': 8, 'showsRawNoteText': True, 'sourceListingNoteId': -1}]",704501,False,False,Row 19,False,1410222,"¥1,410,222","¥1,410,222",,,,10,Mobile Transfer ticket,3,1,MXN,JPY,12000.0,MXN,"https://img.vggcdn.net/img/vfsimage2/812551/407_122938/0.jpg?im=Resize=(500,271)&v=771",3 hours ago,8,False,False,False,False,9BZWPRZ8w5KEm%2fAVWY%2f3Iq7s03IdJMMhTqpp53AqbSw%3d,False,2026-07-19T07:45:54.7970000Z,False,False,False,False,False,False,0,False,,False,False,False,False,0,False,False,0,13395673076,False,087E2DC4-99EF-4CC1-96A8-B128C98CE303,False,False,True,4,7.766681928542223,0.9256646094,,,,"[{'message': 'Great Value', 'qualifier': 'Based on price, view, seat quality and more', 'hasValue': True, 'messageType': 'ValueBased'}, {'message': 'Popular Pick', 'qualifier': '50 tickets sold for this event', 'hasValue': True, 'messageType': 'BoughtInLastHourSocialProofBased'}]",[],27,27,,,,,,,,,,,
13393600653,153020449,322,122915,322,2,21,_,,False,False,4,,False,False,"[1, 2, 3, 4]",407,Upper,4,True,"[{'listingNoteId': -1, 'listingNoteContentId': 3338094, 'formattedListingNoteContent': 'Clear view', 'listingNoteTypeId': 3, 'showToBuyer': True, 'hideInMock': False, 'siteAddedListingNote': False, 'aisleListingNoteWithSplit': False, 'listingNoteDescriptionContentId': 3338095, 'formattedListingNoteDescription': ""You'll have an unrestricted view of the show.""}]","[{'listingNoteBucketId': 27, 'formattedListingNoteContent': 'Clear view', 'displayOrder': 8, 'showsRawNoteText': True, 'sourceListingNoteId': -1}]",2113742,False,False,Row 21,False,1411583,"¥1,411,583","¥1,411,583",,,,10,Mobile Transfer ticket,3,1,USD,JPY,5785.0,USD,"https://img.vggcdn.net/img/vfsimage2/812551/407_122915/0.jpg?im=Resize=(500,271)&v=771",11 hours ago,6,False,False,False,False,%2fK92cXYJP4pBl4J4CSp1eRjElw00XSCB6a3YwscCEgw%3d,False,2026-07-18T23:23:36.3330000Z,False,False,False,True,False,False,0,False,[6],False,False,False,False,0,False,False,0,13393600653,False,BA621770-62F7-4C35-8C72-D1DE19507368,False,False,True,3,5.935055959479204,0.7314782792,,,,"[{'message': 'Popular Pick', 'qualifier': '50 tickets sold for this event', 'hasValue': True, 'messageType': 'BoughtInLastHourSocialProofBased'}]",[],,,,,,,,Fan favorite,This section has the highest count of successful sales for this event over the past 7 days on our site,True,,,
13390051010,153020449,Category 3,1989401,Category 3,3,,_,,False,False,8,,False,False,"[1, 2, 3, 4, 6, 8]",1247,Category 3,8,True,"[{'listingNoteId': -1, 'listingNoteContentId': 3338094, 'formattedListingNoteContent': 'Clear view', 'listingNoteTypeId': 3, 'showToBuyer': True, 'hideInMock': False, 'siteAddedListingNote': False, 'aisleListingNoteWithSplit': False, 'listingNoteDescriptionContentId': 3338095, 'formattedListingNoteDescription': ""You'll have an unrestricted view of the show.""}]","[{'listingNoteBucketId': 27, 'formattedListingNoteContent': 'Clear view', 'displayOrder': 8, 'showsRawNoteText': True, 'sourceListingNoteId': -1}]",3325460,False,False,Row,True,1413727,"¥1,413,727","¥1,413,727","¥2,172,939",35.0,"¥759,212",10,Mobile Transfer ticket,3,1,USD,JPY,100.0,USD,"https://img.vggcdn.net/img/vfsimage2/812551/1247_1989401/0.jpg?im=Resize=(500,271)&v=771",yesterday,9,False,False,True,False,1zLPrrF0RiNv6Pbt0fWVrp8VjznV0bjdm%2fBBP0OBLjY%3d,False,2026-07-18T10:43:07.6670000Z,False,False,False,False,False,False,0,False,[7],False,False,False,False,0,False,False,0,13390051010,False,B635B3D5-0E81-4071-B58D-25B6E8DD1A89,False,False,True,5,9.062798966234375,1.25740229,Last tickets,True,,"[{'message': 'Amazing Value', 'qualifier': 'Based on price, view, seat quality and more', 'hasValue': True, 'messageType': 'ValueBased'}, {'message': 'Popular Pick', 'qualifier': '50 tickets sold for this event', 'hasValue': True, 'messageType': 'BoughtInLastHourSocialProofBased'}]",[],,,,,,,,,,,,,
13396254801,153020449,304,122897,304,2,23,_,,False,False,8,,False,False,"[1, 2, 3, 4, 5, 6, 7, 8]",407,Upper,8,True,"[{'listingNoteId': -1, 'listingNoteContentId': 3338094, 'formattedListingNoteContent': 'Clear view', 'listingNoteTypeId': 3, 'showToBuyer': True, 'hideInMock': False, 'siteAddedListingNote': False, 'aisleListingNoteWithSplit': False, 'listingNoteDescriptionContentId': 3338095, 'formattedListingNoteDescription': ""You'll have an unrestricted view of the show.""}]","[{'listingNoteBucketId': 27, 'formattedListingNoteContent': 'Clear view', 'displayOrder': 8, 'showsRawNoteText': True, 'sourceListingNoteId': -1}]",2113654,False,False,Row 23,False,1413727,"¥1,413,727","¥1,413,727",,,,10,Mobile Transfer ticket,3,1,USD,JPY,2790.0,USD,"https://img.vggcdn.net/img/vfsimage2/812551/407_122897/0.jpg?im=Resize=(500,271)&v=771",just now,6,False,False,False,False,1zLPrrF0RiNv6Pbt0fWVrp8VjznV0bjdm%2fBBP0OBLjY%3d,False,2026-07-19T10:53:36.3770000Z,False,False,False,False,False,False,0,False,[7],False,False,False,False,0,False,False,0,13396254801,False,697F3BEB-6308-47DB-B249-151A76C6BB88,False,False,True,3,5.787749369718568,0.7208835704,Last tickets,True,,"[{'message': 'Popular Pick', 'qualifier': '50 tickets sold for this event', 'hasValue': True, 'messageType': 'BoughtInLastHourSocialProofBased'}]",[],,,,,,,,,,,,,
13393855519,153020449,325,122918,325,2,19,_,,False,False,1,,False,False,[1],407,Upper,1,True,"[{'listingNoteId': -1, 'listingNoteContentId': 3338094, 'formattedListingNoteContent': 'Clear view', 'listingNoteTypeId': 3, 'showToBuyer': True, 'hideInMock': False, 'siteAddedListingNote': False, 'aisleListingNoteWithSplit': False, 'listingNoteDescriptionContentId': 3338095, 'formattedListingNoteDescription': ""You'll have an unrestricted view of the show.""}]","[{'listingNoteBucketId': 27, 'formattedListingNoteContent': 'Clear view', 'displayOrder': 8, 'showsRawNoteText': True, 'sourceListingNoteId': -1}]",2113806,False,False,Row 19,False,1433029,"¥1,433,029","¥1,433,029",,,,10,Mobile Transfer ticket,3,1,USD,JPY,7499.0,USD,"https://img.vggcdn.net/img/vfsimage2/812551/407_122918/0.jpg?im=Resize=(500,271)&v=771",10 hours ago,7,False,False,False,False,qYClHXpsmnh42mgdEDtnK2PbffIKk8NLnuchfcGkkkg%3d,False,2026-07-19T00:31:36.9500000Z,False,False,False,False,False,False,0,False,,False,False,False,False,0,False,False,0,13393855519,False,8E52F0FD-DCEB-4AC8-9772-328E09A907CA,False,False,True,3,6.520532801006732,0.7938276426,,,,"[{'message': 'Popular Pick', 'qualifier': '50 tickets sold for this event', 'hasValue': True, 'messageType': 'BoughtInLastHourSocialProofBased'}]",[],,,,,,,,,,,,,
13387139253,153020449,319,122912,319,2,14,9_9,9,False,False,1,,False,False,[1],407,Upper,1,True,"[{'listingNoteId': -1, 'listingNoteContentId': 3338094, 'formattedListingNoteContent': 'Clear view', 'listingNoteTypeId': 3, 'showToBuyer': True, 'hideInMock': False, 'siteAddedListingNote': False, 'aisleListingNoteWithSplit': False, 'listingNoteDescriptionContentId': 3338095, 'formattedListingNoteDescription': ""You'll have an unrestricted view of the show.""}]","[{'listingNoteBucketId': 27, 'formattedListingNoteContent': 'Clear view', 'displayOrder': 8, 'showsRawNoteText': True, 'sourceListingNoteId': -1}]",703927,False,False,Row 14,False,1439068,"¥1,439,068","¥1,439,068","¥2,274,748",37.0,"¥835,680",10,Mobile Transfer ticket,3,1,USD,JPY,0.0,USD,"https://img.vggcdn.net/img/vfsimage2/812551/407_122912/0.jpg?im=Resize=(500,271)&v=771",yesterday,6,False,False,False,False,ckHZa%2bwvsyShYPHJqRhCi4aPD1cdDqp76gnlUMR915k%3d,False,2026-07-17T23:11:03.1370000Z,False,False,False,False,False,False,0,False,[7],False,False,False,False,0,False,False,0,13387139253,False,BAD31CD6-8527-4669-91AE-F944439DA169,False,False,True,3,6.282645494331564,0.7751677852,Last ticket,True,,"[{'message': 'Popular Pick', 'qualifier': '50 tickets sold for this event', 'hasValue': True, 'messageType': 'BoughtInLastHourSocialProofBased'}]",[],9,9,,,,,,,,,,,
13373771975,153020449,311,122904,311,2,8,_,,False,False,3,,False,False,"[1, 2, 3]",407,Upper,3,True,"[{'listingNoteId': -1, 'listingNoteContentId': 3338094, 'formattedListingNoteContent': 'Clear view', 'listingNoteTypeId': 3, 'showToBuyer': True, 'hideInMock': False, 'siteAddedListingNote': False, 'aisleListingNoteWithSplit': False, 'listingNoteDescriptionContentId': 3338095, 'formattedListingNoteDescription': ""You'll have an unrestricted view of the show.""}]","[{'listingNoteBucketId': 27, 'formattedListingNoteContent': 'Clear view', 'displayOrder': 8, 'showsRawNoteText': True, 'sourceListingNoteId': -1}]",703745,False,False,Row 8,False,1440798,"¥1,440,798","¥1,440,798","¥2,340,447",38.0,"¥899,649",10,Mobile Transfer ticket,3,1,GBP,JPY,1111.0,GBP,"https://img.vggcdn.net/img/vfsimage2/812551/407_122904/0.jpg?im=Resize=(500,271)&v=771",2 days ago,8,False,False,False,False,%2baegyU5ZMa8BonG5dHVi4Og01P3vD%2bP3YWHA%2b%2bC0bDM%3d,False,2026-07-16T16:11:41.9300000Z,False,False,False,False,False,False,0,False,[7],False,False,False,False,0,False,False,0,13373771975,False,A0AA4685-3F5A-45D4-B762-BE47E525B919,False,False,True,4,7.638069230441266,0.9270082586,Last tickets,True,,"[{'message': 'Great Value', 'qualifier': 'Based on price, view, seat quality and more', 'hasValue': True, 'messageType': 'ValueBased'}, {'message': 'Popular Pick', 'qualifier': '50 tickets sold for this event', 'hasValue': True, 'messageType': 'BoughtInLastHourSocialProofBased'}]",[],,,,,,,,,,,,,
13394388066,153020449,306,122899,306,2,12,_,,False,False,4,,False,False,"[1, 2, 4]",407,Upper,4,True,"[{'listingNoteId': -1, 'listingNoteContentId': 3338094, 'formattedListingNoteContent': 'Clear view', 'listingNoteTypeId': 3, 'showToBuyer': True, 'hideInMock': False, 'siteAddedListingNote': False, 'aisleListingNoteWithSplit': False, 'listingNoteDescriptionContentId': 3338095, 'formattedListingNoteDescription': ""You'll have an unrestricted view of the show.""}]","[{'listingNoteBucketId': 27, 'formattedListingNoteContent': 'Clear view', 'displayOrder': 8, 'showsRawNoteText': True, 'sourceListingNoteId': -1}]",2113687,False,False,Row 12,False,1442040,"¥1,442,040","¥1,442,040",,,,10,Mobile Transfer ticket,3,1,USD,JPY,5785.0,USD,"https://img.vggcdn.net/img/vfsimage2/812551/407_122899/0.jpg?im=Resize=(500,271)&v=771",7 hours ago,6,False,False,False,False,cKtKlHEeTyKSWD0SHpiGrDUyrdFSl9DPIh%2bViuF9wl8%3d,False,2026-07-19T03:01:50.1000000Z,False,False,False,True,False,False,0,False,[6],False,False,False,False,0,False,False,0,13394388066,False,ABA49570-64F2-402E-B2FD-69B11B6E1D5D,False,False,True,3,6.230202577826814,0.7721397974,,,,"[{'message': 'Popular Pick', 'qualifier': '50 tickets sold for this event', 'hasValue': True, 'messageType': 'BoughtInLastHourSocialProofBased'}]",[],,,,,,,,Fan favorite,This section is in the top 10% of sections for this event when ranked based on a count of successful sales over the past 7 days on our site,True,,,
13375328648,153020449,303,122896,303,2,12,_,,False,False,1,,False,False,[1],407,Upper,6,True,"[{'listingNoteId': -1, 'listingNoteContentId': 3338094, 'formattedListingNoteContent': 'Clear view', 'listingNoteTypeId': 3, 'showToBuyer': True, 'hideInMock': False, 'siteAddedListingNote': False, 'aisleListingNoteWithSplit': False, 'listingNoteDescriptionContentId': 3338095, 'formattedListingNoteDescription': ""You'll have an unrestricted view of the show.""}]","[{'listingNoteBucketId': 27, 'formattedListingNoteContent': 'Clear view', 'displayOrder': 8, 'showsRawNoteText': True, 'sourceListingNoteId': -1}]",2113621,False,False,Row 12,False,1449604,"¥1,449,604","¥1,449,604","¥2,460,863",41.0,"¥1,011,259",10,Mobile Transfer ticket,3,1,EUR,JPY,5000.0,EUR,"https://img.vggcdn.net/img/vfsimage2/812551/407_122896/0.jpg?im=Resize=(500,271)&v=771",2 days ago,6,False,False,False,False,oOHZlZcP%2fzhBCL7aa3IG2BhaUnwlOnux20W4LpXDbng%3d,False,2026-07-16T18:55:17.1300000Z,False,False,False,False,False,False,0,False,,False,False,False,False,0,False,False,0,13375328648,False,B9083891-E8FD-474C-A4CF-F0937BD4D340,False,False,True,3,6.070019599996467,0.7623165436,,,,"[{'message': 'Popular Pick', 'qualifier': '50 tickets sold for this event', 'hasValue': True, 'messageType': 'BoughtInLastHourSocialProofBased'}]",[],,,,,,,,,,,,,
13375352284,153020449,328,122921,328,2,17,_,,False,False,1,,False,False,[1],407,Upper,6,True,"[{'listingNoteId': -1, 'listingNoteContentId': 3338094, 'formattedListingNoteContent': 'Clear view', 'listingNoteTypeId': 3, 'showToBuyer': True, 'hideInMock': False, 'siteAddedListingNote': False, 'aisleListingNoteWithSplit': False, 'listingNoteDescriptionContentId': 3338095, 'formattedListingNoteDescription': ""You'll have an unrestricted view of the show.""}]","[{'listingNoteBucketId': 27, 'formattedListingNoteContent': 'Clear view', 'displayOrder': 8, 'showsRawNoteText': True, 'sourceListingNoteId': -1}]",2113868,False,False,Row 17,False,1449604,"¥1,449,604","¥1,449,604","¥2,460,863",41.0,"¥1,011,259",10,Mobile Transfer ticket,3,1,EUR,JPY,5000.0,EUR,"https://img.vggcdn.net/img/vfsimage2/812551/407_122921/0.jpg?im=Resize=(500,271)&v=771",2 days ago,6,False,False,False,False,oOHZlZcP%2fzhBCL7aa3IG2BhaUnwlOnux20W4LpXDbng%3d,False,2026-07-16T18:57:41.1730000Z,False,False,False,True,False,False,0,False,[6],False,False,False,False,0,False,False,0,13375352284,False,EB2A94D1-44C6-4FF9-A4EA-50987D4EFF03,False,False,True,3,5.956820212682635,0.7528061779,,,,"[{'message': 'Popular Pick', 'qualifier': '50 tickets sold for this event', 'hasValue': True, 'messageType': 'BoughtInLastHourSocialProofBased'}]",[],,,,,,,,Fan favorite,This section is in the top 10% of sections for this event when ranked based on a count of successful sales over the past 7 days on our site,True,,,
13375352152,153020449,328,122921,328,2,18,_,,False,False,2,,False,False,"[1, 2]",407,Upper,6,True,"[{'listingNoteId': -1, 'listingNoteContentId': 3338094, 'formattedListingNoteContent': 'Clear view', 'listingNoteTypeId': 3, 'showToBuyer': True, 'hideInMock': False, 'siteAddedListingNote': False, 'aisleListingNoteWithSplit': False, 'listingNoteDescriptionContentId': 3338095, 'formattedListingNoteDescription': ""You'll have an unrestricted view of the show.""}]","[{'listingNoteBucketId': 27, 'formattedListingNoteContent': 'Clear view', 'displayOrder': 8, 'showsRawNoteText': True, 'sourceListingNoteId': -1}]",2113869,False,False,Row 18,False,1449604,"¥1,449,604","¥1,449,604","¥2,460,863",41.0,"¥1,011,259",10,Mobile Transfer ticket,3,1,EUR,JPY,5000.0,EUR,"https://img.vggcdn.net/img/vfsimage2/812551/407_122921/0.jpg?im=Resize=(500,271)&v=771",2 days ago,6,False,False,False,False,oOHZlZcP%2fzhBCL7aa3IG2BhaUnwlOnux20W4LpXDbng%3d,False,2026-07-16T18:57:40.9300000Z,False,False,False,True,False,False,0,False,[6],False,False,False,False,0,False,False,0,13375352152,False,28BBF36D-12E0-4902-B4F5-3F3F353F2379,False,False,True,3,5.920455980328544,0.7498012202,,,,"[{'message': 'Popular Pick', 'qualifier': '50 tickets sold for this event', 'hasValue': True, 'messageType': 'BoughtInLastHourSocialProofBased'}]",[],,,,,,,,Fan favorite,This section is in the top 10% of sections for this event when ranked based on a count of successful sales over the past 7 days on our site,True,,,
13375358480,153020449,347,122940,347,2,25,_,,False,False,2,,False,False,"[1, 2]",407,Upper,6,True,"[{'listingNoteId': -1, 'listingNoteContentId': 3338094, 'formattedListingNoteContent': 'Clear view', 'listingNoteTypeId': 3, 'showToBuyer': True, 'hideInMock': False, 'siteAddedListingNote': False, 'aisleListingNoteWithSplit': False, 'listingNoteDescriptionContentId': 3338095, 'formattedListingNoteDescription': ""You'll have an unrestricted view of the show.""}]","[{'listingNoteBucketId': 27, 'formattedListingNoteContent': 'Clear view', 'displayOrder': 8, 'showsRawNoteText': True, 'sourceListingNoteId': -1}]",2113985,False,False,Row 25,False,1449604,"¥1,449,604","¥1,449,604","¥2,460,863",41.0,"¥1,011,259",10,Mobile Transfer ticket,3,1,EUR,JPY,5000.0,EUR,"https://img.vggcdn.net/img/vfsimage2/812551/407_122940/0.jpg?im=Resize=(500,271)&v=771",2 days ago,5,False,False,False,False,oOHZlZcP%2fzhBCL7aa3IG2BhaUnwlOnux20W4LpXDbng%3d,False,2026-07-16T18:58:16.2100000Z,False,False,False,False,False,False,0,False,,False,False,False,False,0,False,False,0,13375358480,False,29465280-3D8B-404D-B7C5-27CB6BD4267A,False,False,True,3,5.431870237065607,0.7116350248,,,,"[{'message': 'Popular Pick', 'qualifier': '50 tickets sold for this event', 'hasValue': True, 'messageType': 'BoughtInLastHourSocialProofBased'}]",[],,,,,,,,,,,,,
13392419781,153020449,322,122915,322,2,12,_,,False,False,4,,False,False,"[1, 2, 4]",407,Upper,4,True,"[{'listingNoteId': -1, 'listingNoteContentId': 3338094, 'formattedListingNoteContent': 'Clear view', 'listingNoteTypeId': 3, 'showToBuyer': True, 'hideInMock': False, 'siteAddedListingNote': False, 'aisleListingNoteWithSplit': False, 'listingNoteDescriptionContentId': 3338095, 'formattedListingNoteDescription': ""You'll have an unrestricted view of the show.""}]","[{'listingNoteBucketId': 27, 'formattedListingNoteContent': 'Clear view', 'displayOrder': 8, 'showsRawNoteText': True, 'sourceListingNoteId': -1}]",2113733,False,False,Row 12,False,1455147,"¥1,455,147","¥1,455,147","¥1,851,872",21.0,"¥396,725",10,Mobile Transfer ticket,3,1,USD,JPY,5785.0,USD,"https://img.vggcdn.net/img/vfsimage2/812551/407_122915/0.jpg?im=Resize=(500,271)&v=771",15 hours ago,6,False,False,False,False,oUQ92vTNnF1C5E4xVurwfAQO6zfMj9gu0aQEYCIHzWw%3d,False,2026-07-18T18:59:37.5630000Z,False,False,False,True,False,False,0,False,[6],False,False,False,False,0,False,False,0,13392419781,False,0407B2D3-9C81-4755-BB3C-6D4C0EB8B444,False,False,True,3,6.045689970007412,0.7631595036,,,,"[{'message': 'Popular Pick', 'qualifier': '50 tickets sold for this event', 'hasValue': True, 'messageType': 'BoughtInLastHourSocialProofBased'}]",[],,,,,,,,Fan favorite,This section has the highest count of successful sales for this event over the past 7 days on our site,True,,,
13393775398,153020449,315,122908,315,2,24,_,,False,False,1,,False,False,[1],407,Upper,1,True,"[{'listingNoteId': -1, 'listingNoteContentId': 3338094, 'formattedListingNoteContent': 'Clear view', 'listingNoteTypeId': 3, 'showToBuyer': True, 'hideInMock': False, 'siteAddedListingNote': False, 'aisleListingNoteWithSplit': False, 'listingNoteDescriptionContentId': 3338095, 'formattedListingNoteDescription': ""You'll have an unrestricted view of the show.""}]","[{'listingNoteBucketId': 27, 'formattedListingNoteContent': 'Clear view', 'displayOrder': 8, 'showsRawNoteText': True, 'sourceListingNoteId': -1}]",703849,False,False,Row 24,False,1466818,"¥1,466,818","¥1,466,818","¥1,895,427",23.0,"¥428,609",10,Mobile Transfer ticket,3,1,USD,JPY,7838.4,USD,"https://img.vggcdn.net/img/vfsimage2/812551/407_122908/0.jpg?im=Resize=(500,271)&v=771",10 hours ago,4,False,False,False,False,RtsSXeriaSQAr4J%2fTSEcMNo7lX9ygu5NhbZDzB23htU%3d,False,2026-07-19T00:08:58.7630000Z,False,False,False,False,False,False,0,False,[7],False,False,False,False,0,False,False,0,13393775398,False,067012FB-2640-49F3-A030-93ED7F5DF99B,False,False,True,2,4.157589097515034,0.5982882089,Last ticket,True,,"[{'message': 'Popular Pick', 'qualifier': '50 tickets sold for this event', 'hasValue': True, 'messageType': 'BoughtInLastHourSocialProofBased'}]",[],,,,,,,,,,,,,
13395775611,153020449,227B,1530788,227B,2,16,2_4,2,False,False,3,,False,False,"[1, 3]",471,Middle,3,True,"[{'listingNoteId': -1, 'listingNoteContentId': 3338094, 'formattedListingNoteContent': 'Clear view', 'listingNoteTypeId': 3, 'showToBuyer': True, 'hideInMock': False, 'siteAddedListingNote': False, 'aisleListingNoteWithSplit': False, 'listingNoteDescriptionContentId': 3338095, 'formattedListingNoteDescription': ""You'll have an unrestricted view of the show.""}]","[{'listingNoteBucketId': 27, 'formattedListingNoteContent': 'Clear view', 'displayOrder': 8, 'showsRawNoteText': True, 'sourceListingNoteId': -1}]",2113491,False,False,Row 16,False,1476020,"¥1,476,020","¥1,476,020",,,,10,Mobile Transfer ticket,3,1,USD,JPY,29520.0,USD,"https://img.vggcdn.net/img/vfsimage2/812551/471_1530788/0.jpg?im=Resize=(500,271)&v=771",2 hours ago,8,False,False,False,False,jWD%2fd8PZ8ZAf9LYu4w6LgXXlNDvUlPOoJY8O3EEUeGQ%3d,False,2026-07-19T08:19:12.9670000Z,False,False,False,False,False,False,0,False,[7],False,False,False,False,0,False,False,0,13395775611,False,0A8CA3C9-F846-4DF8-BDC0-EA2C108D9DC2,False,False,True,4,8.104343996249254,1.021493425,Last tickets,True,,"[{'message': 'Great Value', 'qualifier': 'Based on price, view, seat quality and more', 'hasValue': True, 'messageType': 'ValueBased'}, {'message': 'Popular Pick', 'qualifier': '50 tickets sold for this event', 'hasValue': True, 'messageType': 'BoughtInLastHourSocialProofBased'}]",[],,,,,,,,,,,,,
13378382362,153020449,334,122927,334,2,5,15_15,15,False,False,1,,False,False,[1],407,Upper,1,True,"[{'listingNoteId': -1, 'listingNoteContentId': 3338094, 'formattedListingNoteContent': 'Clear view', 'listingNoteTypeId': 3, 'showToBuyer': True, 'hideInMock': False, 'siteAddedListingNote': False, 'aisleListingNoteWithSplit': False, 'listingNoteDescriptionContentId': 3338095, 'formattedListingNoteDescription': ""You'll have an unrestricted view of the show.""}]","[{'listingNoteBucketId': 27, 'formattedListingNoteContent': 'Clear view', 'displayOrder': 8, 'showsRawNoteText': True, 'sourceListingNoteId': -1}]",704248,False,False,Row 5,False,1478280,"¥1,478,280","¥1,478,280","¥2,843,418",48.0,"¥1,365,138",10,Mobile Transfer ticket,3,1,USD,JPY,7380.0,USD,"https://img.vggcdn.net/img/vfsimage2/812551/407_122927/0.jpg?im=Resize=(500,271)&v=771",2 days ago,8,False,False,False,False,LdqHBcV31Cv6V7CQpn46X9g7fswC4ebowXgEkhU2Pqc%3d,False,2026-07-17T01:01:47.1300000Z,False,False,False,False,False,False,0,False,[7],False,False,False,False,0,False,False,0,13378382362,False,3FAFEC48-3582-4950-AC00-3913E1B8FFAA,False,False,True,4,7.502898136935308,0.9328089726,Last ticket,True,,"[{'message': 'Great Value', 'qualifier': 'Based on price, view, seat quality and more', 'hasValue': True, 'messageType': 'ValueBased'}, {'message': 'Popular Pick', 'qualifier': '50 tickets sold for this event', 'hasValue': True, 'messageType': 'BoughtInLastHourSocialProofBased'}]",[],15,15,,,,,,Fan favorite,This section is in the top 10% of sections for this event when ranked based on a count of successful sales over the past 7 days on our site,True,,,
13392385971,153020449,322,122915,322,2,13,_,,False,False,4,,False,False,"[1, 2, 4]",407,Upper,4,True,"[{'listingNoteId': -1, 'listingNoteContentId': 3338094, 'formattedListingNoteContent': 'Clear view', 'listingNoteTypeId': 3, 'showToBuyer': True, 'hideInMock': False, 'siteAddedListingNote': False, 'aisleListingNoteWithSplit': False, 'listingNoteDescriptionContentId': 3338095, 'formattedListingNoteDescription': ""You'll have an unrestricted view of the show.""}]","[{'listingNoteBucketId': 27, 'formattedListingNoteContent': 'Clear view', 'displayOrder': 8, 'showsRawNoteText': True, 'sourceListingNoteId': -1}]",2113734,False,False,Row 13,False,1489099,"¥1,489,099","¥1,489,099",,,,10,Mobile Transfer ticket,3,1,USD,JPY,5785.0,USD,"https://img.vggcdn.net/img/vfsimage2/812551/407_122915/0.jpg?im=Resize=(500,271)&v=771",16 hours ago,6,False,False,False,False,llQKv3s9tDezKZOTiMhcUlxjA86bLqBhdOZYSi4iZ0Y%3d,False,2026-07-18T18:51:30.3830000Z,False,False,False,True,False,False,0,False,[6],False,False,False,False,0,False,False,0,13392385971,False,9E416087-398B-4BC9-8158-F8A215882543,False,False,True,3,5.7907108177480815,0.7595732072,,,,"[{'message': 'Popular Pick', 'qualifier': '50 tickets sold for this event', 'hasValue': True, 'messageType': 'BoughtInLastHourSocialProofBased'}]",[],,,,,,,,Fan favorite,This section has the highest count of successful sales for this event over the past 7 days on our site,True,,,
13393961293,153020449,341,122934,341,2,19,_,,False,False,3,,False,False,"[1, 2, 3]",407,Upper,3,True,"[{'listingNoteId': -1, 'listingNoteContentId': 3338094, 'formattedListingNoteContent': 'Clear view', 'listingNoteTypeId': 3, 'showToBuyer': True, 'hideInMock': False, 'siteAddedListingNote': False, 'aisleListingNoteWithSplit': False, 'listingNoteDescriptionContentId': 3338095, 'formattedListingNoteDescription': ""You'll have an unrestricted view of the show.""}]","[{'listingNoteBucketId': 27, 'formattedListingNoteContent': 'Clear view', 'displayOrder': 8, 'showsRawNoteText': True, 'sourceListingNoteId': -1}]",704413,False,False,Row 19,False,1492633,"¥1,492,633","¥1,492,633",,,,10,Mobile Transfer ticket,3,1,USD,JPY,0.0,USD,"https://img.vggcdn.net/img/vfsimage2/812551/407_122934/0.jpg?im=Resize=(500,271)&v=771",9 hours ago,6,False,False,False,False,2ZGB8VhBPg7wt%2bZTaHEq2mdFm9vqMlUoazuRmVflo%2fA%3d,False,2026-07-19T00:59:57.7370000Z,False,False,False,False,False,False,0,False,,False,False,False,False,0,False,False,0,13393961293,False,8D8F0131-757E-4336-BAD8-FDC114D67B82,False,False,True,3,6.199565493114867,0.7967214221,,,,"[{'message': 'Popular Pick', 'qualifier': '50 tickets sold for this event', 'hasValue': True, 'messageType': 'BoughtInLastHourSocialProofBased'}]",[],,,,,,,,,,,,,
13393684032,153020449,335,122928,335,2,8,_,,False,False,2,,False,False,"[1, 2]",407,Upper,2,True,"[{'listingNoteId': -1, 'listingNoteContentId': 3338094, 'formattedListingNoteContent': 'Clear view', 'listingNoteTypeId': 3, 'showToBuyer': True, 'hideInMock': False, 'siteAddedListingNote': False, 'aisleListingNoteWithSplit': False, 'listingNoteDescriptionContentId': 3338095, 'formattedListingNoteDescription': ""You'll have an unrestricted view of the show.""}]","[{'listingNoteBucketId': 27, 'formattedListingNoteContent': 'Clear view', 'displayOrder': 8, 'showsRawNoteText': True, 'sourceListingNoteId': -1}]",704273,False,False,Row 8,False,1494607,"¥1,494,607","¥1,494,607","¥1,894,873",21.0,"¥400,266",10,Mobile Transfer ticket,3,1,SGD,JPY,9532.01,SGD,"https://img.vggcdn.net/img/vfsimage2/812551/407_122928/0.jpg?im=Resize=(500,271)&v=771",11 hours ago,7,False,False,False,False,%2blBxrqh3g%2bhH4VtSKTXn66yi1r9gw9qzi4a6QhoyDjw%3d,False,2026-07-18T23:46:39.7000000Z,False,False,False,False,False,False,0,False,[7],False,False,False,False,0,False,False,0,13393684032,False,FFEDB9E7-2C98-4D87-95CF-205C0BC9000F,False,False,True,3,6.825845426810226,0.858848419,Last tickets,True,,"[{'message': 'Popular Pick', 'qualifier': '50 tickets sold for this event', 'hasValue': True, 'messageType': 'BoughtInLastHourSocialProofBased'}]",[],,,,,,,,,,,,,
13379021283,153020449,Supporters Club,2439116,Supporters Club,2,8,7_8,7,False,False,2,,False,False,"[1, 2]",1068,Hospitality,2,True,"[{'listingNoteId': -1, 'listingNoteContentId': 3338094, 'formattedListingNoteContent': 'Clear view', 'listingNoteTypeId': 3, 'showToBuyer': True, 'hideInMock': False, 'siteAddedListingNote': False, 'aisleListingNoteWithSplit': False, 'listingNoteDescriptionContentId': 3338095, 'formattedListingNoteDescription': ""You'll have an unrestricted view of the show.""}]","[{'listingNoteBucketId': 27, 'formattedListingNoteContent': 'Clear view', 'displayOrder': 8, 'showsRawNoteText': True, 'sourceListingNoteId': -1}]",4837383,False,False,Row 8,True,1521239,"¥1,521,239","¥1,521,239",,,,10,Mobile Transfer ticket,3,1,BRL,JPY,8000.0,BRL,"https://img.vggcdn.net/img/vfsimage2/812551/1068_2439116/0.jpg?im=Resize=(500,271)&v=771",2 days ago,9,False,False,False,False,RhUv7YswNouO4iDXeKj7CAOePavV6fV3QwaeQoylonc%3d,False,2026-07-17T02:22:37.4070000Z,False,False,False,False,False,False,0,False,,False,False,False,False,0,False,False,0,13379021283,False,1822118F-C9F1-449A-86D8-C84FD2BCC1F8,False,False,True,5,9.463120744277715,1.577970786,,,,"[{'message': 'Amazing Value', 'qualifier': 'Based on price, view, seat quality and more', 'hasValue': True, 'messageType': 'ValueBased'}, {'message': 'Popular Pick', 'qualifier': '50 tickets sold for this event', 'hasValue': True, 'messageType': 'BoughtInLastHourSocialProofBased'}]",[],,,,,,,,,,,,,
13389583270,153020449,Category 2,1989400,Category 2,3,,_,,False,False,1,,False,False,[1],1246,Category 2,1,True,"[{'listingNoteId': 814, 'listingNoteContentId': 2446060, 'formattedListingNoteContent': 'Limited or Obstructed View (printed on ticket)', 'listingNoteTypeId': 1, 'showToBuyer': True, 'hideInMock': False, 'siteAddedListingNote': False, 'aisleListingNoteWithSplit': False, 'listingNoteDescriptionContentId': 2446061, 'formattedListingNoteDescription': 'Limited or Obstructed View (printed on ticket)'}]","[{'listingNoteBucketId': 21, 'formattedListingNoteContent': 'Limited view', 'displayOrder': 21, 'showsRawNoteText': False}]",3325459,False,False,Row,True,1525098,"¥1,525,098","¥1,525,098","¥2,037,916",25.0,"¥512,818",10,Mobile Transfer ticket,3,1,EUR,JPY,6450.0,EUR,"https://img.vggcdn.net/img/vfsimage2/812551/1246_1989400/0.jpg?im=Resize=(500,271)&v=771",yesterday,9,False,False,True,False,7op2BQ%2bZGnFGeu6pVBw6y%2bmtk5m6sNQltoYgi2%2f92GM%3d,False,2026-07-18T07:28:10.9430000Z,False,False,False,False,False,False,0,False,[7],False,False,False,False,0,False,False,0,13389583270,False,492AB072-A960-41CD-9213-0F8BA71F86F0,False,False,True,5,9.100306363515054,1.374851954,Last ticket,True,,"[{'message': 'Amazing Value', 'qualifier': 'Based on price, view, seat quality and more', 'hasValue': True, 'messageType': 'ValueBased'}, {'message': 'Popular Pick', 'qualifier': '50 tickets sold for this event', 'hasValue': True, 'messageType': 'BoughtInLastHourSocialProofBased'}]",[],,,,,,,,,,,,,
13394062403,153020449,340,122933,340,2,20,_,,False,False,1,,False,False,[1],407,Upper,1,True,"[{'listingNoteId': -1, 'listingNoteContentId': 3338094, 'formattedListingNoteContent': 'Clear view', 'listingNoteTypeId': 3, 'showToBuyer': True, 'hideInMock': False, 'siteAddedListingNote': False, 'aisleListingNoteWithSplit': False, 'listingNoteDescriptionContentId': 3338095, 'formattedListingNoteDescription': ""You'll have an unrestricted view of the show.""}]","[{'listingNoteBucketId': 27, 'formattedListingNoteContent': 'Clear view', 'displayOrder': 8, 'showsRawNoteText': True, 'sourceListingNoteId': -1}]",704392,False,False,Row 20,False,1528739,"¥1,528,739","¥1,528,739",,,,10,Mobile Transfer ticket,3,1,USD,JPY,7380.0,USD,"https://img.vggcdn.net/img/vfsimage2/812551/407_122933/0.jpg?im=Resize=(500,271)&v=771",9 hours ago,6,False,False,False,False,wQL8JxTZ0g%2bHLVAQC0RXH5xchs5xub9qb6lpomQXhYM%3d,False,2026-07-19T01:31:44.3170000Z,False,False,False,False,False,False,0,False,[7],False,False,False,False,0,False,False,0,13394062403,False,84DCD78C-5347-4EEE-AC1E-5BCED43EBA4A,False,False,True,3,6.440598556472119,0.8389602093,Last ticket,True,,"[{'message': 'Popular Pick', 'qualifier': '50 tickets sold for this event', 'hasValue': True, 'messageType': 'BoughtInLastHourSocialProofBased'}]",[],,,,,,,,,,,,,
13392497049,153020449,322,122915,322,2,12,_,,False,False,4,,False,False,"[1, 2, 4]",407,Upper,4,True,"[{'listingNoteId': -1, 'listingNoteContentId': 3338094, 'formattedListingNoteContent': 'Clear view', 'listingNoteTypeId': 3, 'showToBuyer': True, 'hideInMock': False, 'siteAddedListingNote': False, 'aisleListingNoteWithSplit': False, 'listingNoteDescriptionContentId': 3338095, 'formattedListingNoteDescription': ""You'll have an unrestricted view of the show.""}]","[{'listingNoteBucketId': 27, 'formattedListingNoteContent': 'Clear view', 'displayOrder': 8, 'showsRawNoteText': True, 'sourceListingNoteId': -1}]",2113733,False,False,Row 12,False,1530076,"¥1,530,076","¥1,530,076",,,,10,Mobile Transfer ticket,3,1,USD,JPY,5785.0,USD,"https://img.vggcdn.net/img/vfsimage2/812551/407_122915/0.jpg?im=Resize=(500,271)&v=771",15 hours ago,6,False,False,False,False,4g2POBuZCnIjKjIeUrzhLSNAKXpRuVuXzmYgG1iLBNE%3d,False,2026-07-18T19:21:36.8200000Z,False,False,False,True,False,False,0,False,[6],False,False,False,False,0,False,False,0,13392497049,False,4D362407-AD02-4BA6-AAD8-4E573F6EDDF6,False,False,True,3,5.581523510385797,0.7631595036,,,,"[{'message': 'Popular Pick', 'qualifier': '51 tickets sold for this event', 'hasValue': True, 'messageType': 'BoughtInLastHourSocialProofBased'}]",[],,,,,,,,Fan favorite,This section has the highest count of successful sales for this event over the past 7 days on our site,True,,,
13235196517,153020449,331,122924,331,2,22,27_27,27,False,False,1,,False,False,[1],407,Upper,1,True,"[{'listingNoteId': -1, 'listingNoteContentId': 3338094, 'formattedListingNoteContent': 'Clear view', 'listingNoteTypeId': 3, 'showToBuyer': True, 'hideInMock': False, 'siteAddedListingNote': False, 'aisleListingNoteWithSplit': False, 'listingNoteDescriptionContentId': 3338095, 'formattedListingNoteDescription': ""You'll have an unrestricted view of the show.""}]","[{'listingNoteBucketId': 27, 'formattedListingNoteContent': 'Clear view', 'displayOrder': 8, 'showsRawNoteText': True, 'sourceListingNoteId': -1}]",2113937,False,False,Row 22,False,1530757,"¥1,530,757","¥1,530,757","¥2,167,995",29.0,"¥637,238",10,Mobile Transfer ticket,3,1,EUR,JPY,2000.0,EUR,"https://img.vggcdn.net/img/vfsimage2/812551/407_122924/0.jpg?im=Resize=(500,271)&v=771",15 days ago,5,False,False,False,False,RcN0DmceGIRGw94Jh7CY%2frx6Z5za62eik3AspDWxSzA%3d,False,2026-07-04T00:25:43.8300000Z,False,False,False,False,False,False,0,False,,False,False,False,False,0,False,False,0,13235196517,False,85978163-36CA-4F64-81BA-54EBC26F84D3,False,False,True,3,5.219980683346556,0.7352945454,,,,"[{'message': 'Popular Pick', 'qualifier': '51 tickets sold for this event', 'hasValue': True, 'messageType': 'BoughtInLastHourSocialProofBased'}]",[],,,,,,,,,,,,,
13392906798,153020449,204,122837,204,2,13,7_7,7,False,False,1,,False,False,[1],471,Middle,1,True,"[{'listingNoteId': -1, 'listingNoteContentId': 3338094, 'formattedListingNoteContent': 'Clear view', 'listingNoteTypeId': 3, 'showToBuyer': True, 'hideInMock': False, 'siteAddedListingNote': False, 'aisleListingNoteWithSplit': False, 'listingNoteDescriptionContentId': 3338095, 'formattedListingNoteDescription': ""You'll have an unrestricted view of the show.""}]","[{'listingNoteBucketId': 27, 'formattedListingNoteContent': 'Clear view', 'displayOrder': 8, 'showsRawNoteText': True, 'sourceListingNoteId': -1}]",702765,False,False,Row 13,False,1535561,"¥1,535,561","¥1,535,561",,,,10,Mobile Transfer ticket,3,1,USD,JPY,0.0,USD,"https://img.vggcdn.net/img/vfsimage2/812551/471_122837/0.jpg?im=Resize=(500,271)&v=771",13 hours ago,6,False,False,False,False,kw3SrnUyLD21H2tlWkz4SENS289nJnU74SgPKVo2kdA%3d,False,2026-07-18T21:14:31.7100000Z,False,False,False,True,False,False,0,False,[6],False,False,False,False,0,False,False,0,13392906798,False,6FB62C85-97D9-42A7-8FAB-925145A1E424,False,False,True,3,6.404333815033388,0.8391526436,,,,"[{'message': 'Popular Pick', 'qualifier': '51 tickets sold for this event', 'hasValue': True, 'messageType': 'BoughtInLastHourSocialProofBased'}]",[],7,7,,,,,,Fan favorite,This section is in the top 10% of sections for this event when ranked based on a count of successful sales over the past 7 days on our site,True,,,
13396241347,153020449,228B,1530790,228B,2,15,_,,False,False,1,,False,False,[1],471,Middle,1,True,"[{'listingNoteId': -1, 'listingNoteContentId': 3338094, 'formattedListingNoteContent': 'Clear view', 'listingNoteTypeId': 3, 'showToBuyer': True, 'hideInMock': False, 'siteAddedListingNote': False, 'aisleListingNoteWithSplit': False, 'listingNoteDescriptionContentId': 3338095, 'formattedListingNoteDescription': ""You'll have an unrestricted view of the show.""}]","[{'listingNoteBucketId': 27, 'formattedListingNoteContent': 'Clear view', 'displayOrder': 8, 'showsRawNoteText': True, 'sourceListingNoteId': -1}]",2113508,False,False,Row 15,False,1536553,"¥1,536,553","¥1,536,553",,,,10,Mobile Transfer ticket,3,1,EUR,JPY,7380.0,EUR,"https://img.vggcdn.net/img/vfsimage2/812551/471_1530790/0.jpg?im=Resize=(500,271)&v=771",7 minutes ago,7,False,False,False,False,XJqtRIli30QpuaDsXAOkNOaZBXkATa6dTMtf0GSXP54%3d,False,2026-07-19T10:46:41.5300000Z,False,False,False,False,False,False,0,False,,False,False,False,False,0,False,False,0,13396241347,False,EDBDBFF6-D2A0-4366-B2CC-E424DDCF18D1,False,False,True,3,6.883710066439816,0.8892495378,,,,"[{'message': 'Popular Pick', 'qualifier': '51 tickets sold for this event', 'hasValue': True, 'messageType': 'BoughtInLastHourSocialProofBased'}]",[],,,,,,,,,,,,,
13393707530,153020449,336,122929,336,2,23,2_2,2,False,False,1,,False,False,[1],407,Upper,1,True,"[{'listingNoteId': -1, 'listingNoteContentId': 3338094, 'formattedListingNoteContent': 'Clear view', 'listingNoteTypeId': 3, 'showToBuyer': True, 'hideInMock': False, 'siteAddedListingNote': False, 'aisleListingNoteWithSplit': False, 'listingNoteDescriptionContentId': 3338095, 'formattedListingNoteDescription': ""You'll have an unrestricted view of the show.""}]","[{'listingNoteBucketId': 27, 'formattedListingNoteContent': 'Clear view', 'displayOrder': 8, 'showsRawNoteText': True, 'sourceListingNoteId': -1}]",704310,False,False,Row 23,False,1540249,"¥1,540,249","¥1,540,249","¥2,033,425",24.0,"¥493,176",10,Mobile Transfer ticket,3,1,BRL,JPY,35000.0,BRL,"https://img.vggcdn.net/img/vfsimage2/812551/407_122929/0.jpg?im=Resize=(500,271)&v=771",11 hours ago,5,False,False,False,False,hxKZ%2fbGdQtaf%2bts2XzeDrkrC3UJ9l74k5QOICWCBuZo%3d,False,2026-07-18T23:53:55.5500000Z,False,False,False,False,False,False,0,False,,False,False,False,False,0,False,False,0,13393707530,False,B054E0DF-CE3F-4AF7-803A-E0894065FC04,False,False,True,2,4.8389421221339575,0.7026756382,,,,"[{'message': 'Popular Pick', 'qualifier': '51 tickets sold for this event', 'hasValue': True, 'messageType': 'BoughtInLastHourSocialProofBased'}]",[],2,2,,,,,,,,,,,
13392497058,153020449,322,122915,322,2,11,_,,False,False,4,,False,False,"[1, 2, 4]",407,Upper,4,True,"[{'listingNoteId': -1, 'listingNoteContentId': 3338094, 'formattedListingNoteContent': 'Clear view', 'listingNoteTypeId': 3, 'showToBuyer': True, 'hideInMock': False, 'siteAddedListingNote': False, 'aisleListingNoteWithSplit': False, 'listingNoteDescriptionContentId': 3338095, 'formattedListingNoteDescription': ""You'll have an unrestricted view of the show.""}]","[{'listingNoteBucketId': 27, 'formattedListingNoteContent': 'Clear view', 'displayOrder': 8, 'showsRawNoteText': True, 'sourceListingNoteId': -1}]",2113732,False,False,Row 11,False,1543736,"¥1,543,736","¥1,543,736",,,,10,Mobile Transfer ticket,3,1,USD,JPY,5785.0,USD,"https://img.vggcdn.net/img/vfsimage2/812551/407_122915/0.jpg?im=Resize=(500,271)&v=771",15 hours ago,6,False,False,False,False,1dnNU2hGt9ndbet6WpJHT3PEcdAoIpOU%2fHnxZgyBNdI%3d,False,2026-07-18T19:21:37.2630000Z,False,False,False,True,False,False,0,False,[6],False,False,False,False,0,False,False,0,13392497058,False,1EC634CA-E792-475E-B5E7-51C725DF4413,False,False,True,3,5.5420415166389,0.7667625991,,,,"[{'message': 'Popular Pick', 'qualifier': '51 tickets sold for this event', 'hasValue': True, 'messageType': 'BoughtInLastHourSocialProofBased'}]",[],,,,,,,,Fan favorite,This section has the highest count of successful sales for this event over the past 7 days on our site,True,,,
13391377685,153020449,204,122837,204,2,7,11_11,11,False,False,1,,False,False,[1],471,Middle,1,True,"[{'listingNoteId': -1, 'listingNoteContentId': 3338094, 'formattedListingNoteContent': 'Clear view', 'listingNoteTypeId': 3, 'showToBuyer': True, 'hideInMock': False, 'siteAddedListingNote': False, 'aisleListingNoteWithSplit': False, 'listingNoteDescriptionContentId': 3338095, 'formattedListingNoteDescription': ""You'll have an unrestricted view of the show.""}]","[{'listingNoteBucketId': 27, 'formattedListingNoteContent': 'Clear view', 'displayOrder': 8, 'showsRawNoteText': True, 'sourceListingNoteId': -1}]",702759,False,False,Row 7,False,1544333,"¥1,544,333","¥1,544,333",,,,10,Mobile Transfer ticket,3,1,USD,JPY,20000.0,USD,"https://img.vggcdn.net/img/vfsimage2/812551/471_122837/0.jpg?im=Resize=(500,271)&v=771",19 hours ago,8,False,False,False,False,Wx%2fh%2fYeIhlKJtPe2B4Q%2bCIG%2f6f%2f%2fKxWQENe9%2bF5kWq4%3d,False,2026-07-18T14:55:55.1300000Z,False,False,False,True,False,False,0,False,[6],False,False,False,False,0,False,False,0,13391377685,False,DFA36BB4-321C-4AFC-900B-444004150B1B,False,False,True,4,7.7787588232216525,1.015593664,,,,"[{'message': 'Great Value', 'qualifier': 'Based on price, view, seat quality and more', 'hasValue': True, 'messageType': 'ValueBased'}, {'message': 'Popular Pick', 'qualifier': '51 tickets sold for this event', 'hasValue': True, 'messageType': 'BoughtInLastHourSocialProofBased'}]",[],,,,,,,,Fan favorite,This section is in the top 10% of sections for this event when ranked based on a count of successful sales over the past 7 days on our site,True,,,
13392490749,153020449,307,122900,307,2,2,_,,False,False,4,,False,False,"[1, 2, 3, 4]",478,Loge,4,True,"[{'listingNoteId': 2026, 'listingNoteContentId': 3415844, 'formattedListingNoteContent': 'Second Row of Section', 'listingNoteTypeId': 6, 'showToBuyer': True, 'hideInMock': False, 'siteAddedListingNote': False, 'aisleListingNoteWithSplit': False, 'listingNoteDescriptionContentId': 3415844, 'formattedListingNoteDescription': 'Second Row of Section'}, {'listingNoteId': -1, 'listingNoteContentId': 3338094, 'formattedListingNoteContent': 'Clear view', 'listingNoteTypeId': 3, 'showToBuyer': True, 'hideInMock': False, 'siteAddedListingNote': False, 'aisleListingNoteWithSplit': False, 'listingNoteDescriptionContentId': 3338095, 'formattedListingNoteDescription': ""You'll have an unrestricted view of the show.""}]","[{'listingNoteBucketId': 14, 'formattedListingNoteContent': 'Second Row of Section', 'displayOrder': 14, 'showsRawNoteText': True, 'sourceListingNoteId': 2026}, {'listingNoteBucketId': 27, 'formattedListingNoteContent': 'Clear view', 'displayOrder': 8, 'showsRawNoteText': True, 'sourceListingNoteId': -1}]",1590980,False,False,Row 2,False,1549363,"¥1,549,363","¥1,549,363","¥2,126,855",27.0,"¥577,492",10,Mobile Transfer ticket,3,1,USD,JPY,0.0,USD,"https://img.vggcdn.net/img/vfsimage2/812551/478_122900/0.jpg?im=Resize=(500,271)&v=771",15 hours ago,7,False,False,False,False,2jN5%2bEXjd33SbTwGgTKhHhGD09jiwGItqq3EM8tNQgc%3d,False,2026-07-18T19:19:19.1070000Z,False,False,False,False,False,False,0,False,,False,False,False,False,0,False,False,0,13392490749,False,A51272D3-78CA-4D3D-A22C-8E3A2F7E4E3D,False,False,True,4,7.484876534117831,0.9750993377,,,,"[{'message': 'Great Value', 'qualifier': 'Based on price, view, seat quality and more', 'hasValue': True, 'messageType': 'ValueBased'}, {'message': 'Popular Pick', 'qualifier': '51 tickets sold for this event', 'hasValue': True, 'messageType': 'BoughtInLastHourSocialProofBased'}, {'message': 'Second Row', 'qualifier': 'Premium close-up view', 'hasValue': True, 'messageType': 'SecondRowTicketAttributeBased'}]",[2026],,,,,,,,,,,,,
13229968819,153020449,Upper,1546670,Upper,3,,_,,False,False,6,,False,False,"[1, 2, 3, 4, 5, 6]",407,Upper,6,True,"[{'listingNoteId': -1, 'listingNoteContentId': 3338094, 'formattedListingNoteContent': 'Clear view', 'listingNoteTypeId': 3, 'showToBuyer': True, 'hideInMock': False, 'siteAddedListingNote': False, 'aisleListingNoteWithSplit': False, 'listingNoteDescriptionContentId': 3338095, 'formattedListingNoteDescription': ""You'll have an unrestricted view of the show.""}]","[{'listingNoteBucketId': 27, 'formattedListingNoteContent': 'Clear view', 'displayOrder': 8, 'showsRawNoteText': True, 'sourceListingNoteId': -1}]",1641237,False,False,Row,True,1552137,"¥1,552,137","¥1,552,137","¥3,076,033",50.0,"¥1,523,896",10,Mobile Transfer ticket,3,1,EUR,JPY,3000.0,EUR,"https://img.vggcdn.net/img/vfsimage2/812551/407_1546670/0.jpg?im=Resize=(500,271)&v=771",15 days ago,0,False,False,True,False,PM5zJiLLcC4xE%2fTGrO92Cg0fXXz976hQ5VBUetX1mO8%3d,False,2026-07-03T14:52:38.7330000Z,False,False,False,False,False,False,0,False,[7],False,False,False,False,0,False,False,0,13229968819,False,278E3293-53EF-49FB-BBAD-EE8583ED30ED,False,False,True,0,,,Last tickets,True,,"[{'message': 'Popular Pick', 'qualifier': '51 tickets sold for this event', 'hasValue': True, 'messageType': 'BoughtInLastHourSocialProofBased'}]",[],,,,,,,,,,,,,
13392497046,153020449,322,122915,322,2,10,_,,False,False,4,,False,False,"[1, 2, 4]",407,Upper,4,True,"[{'listingNoteId': -1, 'listingNoteContentId': 3338094, 'formattedListingNoteContent': 'Clear view', 'listingNoteTypeId': 3, 'showToBuyer': True, 'hideInMock': False, 'siteAddedListingNote': False, 'aisleListingNoteWithSplit': False, 'listingNoteDescriptionContentId': 3338095, 'formattedListingNoteDescription': ""You'll have an unrestricted view of the show.""}]","[{'listingNoteBucketId': 27, 'formattedListingNoteContent': 'Clear view', 'displayOrder': 8, 'showsRawNoteText': True, 'sourceListingNoteId': -1}]",2113731,False,False,Row 10,False,1557394,"¥1,557,394","¥1,557,394",,,,10,Mobile Transfer ticket,3,1,USD,JPY,5785.0,USD,"https://img.vggcdn.net/img/vfsimage2/812551/407_122915/0.jpg?im=Resize=(500,271)&v=771",15 hours ago,6,False,False,False,False,XNS5AOKrjDQUglpxVYQkR%2fHSaFLVqD5Kz3Bi2K4gw6I%3d,False,2026-07-18T19:21:36.7900000Z,False,False,False,True,False,False,0,False,[6],False,False,False,False,0,False,False,0,13392497046,False,66A692B9-AFEF-4028-BB0F-756B21032446,False,False,True,3,5.503144385100144,0.7703825723,,,,"[{'message': 'Popular Pick', 'qualifier': '51 tickets sold for this event', 'hasValue': True, 'messageType': 'BoughtInLastHourSocialProofBased'}]",[],,,,,,,,Fan favorite,This section has the highest count of successful sales for this event over the past 7 days on our site,True,,,
13394497404,153020449,344,122937,344,2,18,_,,False,False,4,,False,False,"[1, 2, 4]",407,Upper,4,True,"[{'listingNoteId': -1, 'listingNoteContentId': 3338094, 'formattedListingNoteContent': 'Clear view', 'listingNoteTypeId': 3, 'showToBuyer': True, 'hideInMock': False, 'siteAddedListingNote': False, 'aisleListingNoteWithSplit': False, 'listingNoteDescriptionContentId': 3338095, 'formattedListingNoteDescription': ""You'll have an unrestricted view of the show.""}]","[{'listingNoteBucketId': 27, 'formattedListingNoteContent': 'Clear view', 'displayOrder': 8, 'showsRawNoteText': True, 'sourceListingNoteId': -1}]",704478,False,False,Row 18,False,1560037,"¥1,560,037","¥1,560,037",,,,10,Mobile Transfer ticket,3,1,USD,JPY,7900.0,USD,"https://img.vggcdn.net/img/vfsimage2/812551/407_122937/0.jpg?im=Resize=(500,271)&v=771",7 hours ago,5,False,False,False,False,kr45zvk3e8P%2b4Kpmvo1Zd%2fn%2bhw3mZylQ4gmHkZwNuQ8%3d,False,2026-07-19T03:32:37.0330000Z,False,False,False,False,False,False,0,False,,False,False,False,False,0,False,False,0,13394497404,False,36B7D3F0-B348-4918-B834-CE0620DAA2F9,False,False,True,2,4.882757343443009,0.7171692431,,,,"[{'message': 'Popular Pick', 'qualifier': '50 tickets sold for this event', 'hasValue': True, 'messageType': 'BoughtInLastHourSocialProofBased'}]",[],,,,,,,,,,,,,
13388056381,153020449,126,122797,126,2,45,14_14,14,False,False,1,,False,False,[1],594,Lower,1,True,"[{'listingNoteId': -1, 'listingNoteContentId': 3338094, 'formattedListingNoteContent': 'Clear view', 'listingNoteTypeId': 3, 'showToBuyer': True, 'hideInMock': False, 'siteAddedListingNote': False, 'aisleListingNoteWithSplit': False, 'listingNoteDescriptionContentId': 3338095, 'formattedListingNoteDescription': ""You'll have an unrestricted view of the show.""}]","[{'listingNoteBucketId': 27, 'formattedListingNoteContent': 'Clear view', 'displayOrder': 8, 'showsRawNoteText': True, 'sourceListingNoteId': -1}]",2112804,False,False,Row 45,False,1561878,"¥1,561,878","¥1,561,878","¥2,653,826",41.0,"¥1,091,948",10,Mobile Transfer ticket,3,1,USD,JPY,10990.0,USD,"https://img.vggcdn.net/img/vfsimage2/812551/594_122797/0.jpg?im=Resize=(500,271)&v=771",yesterday,8,False,False,False,False,etHI2wB3bx11eglg%2bQJdsF4ad34XG4KlT5ccZEesUyc%3d,False,2026-07-18T01:50:59.4200000Z,False,False,False,True,False,False,0,False,[6],False,False,False,False,0,False,False,0,13388056381,False,833A7420-C0D8-4B2A-8EBB-ADC2DFB39F79,False,False,True,4,7.936982343002085,1.052178167,,,,"[{'message': 'Great Value', 'qualifier': 'Based on price, view, seat quality and more', 'hasValue': True, 'messageType': 'ValueBased'}, {'message': 'Popular Pick', 'qualifier': '50 tickets sold for this event', 'hasValue': True, 'messageType': 'BoughtInLastHourSocialProofBased'}]",[],14,14,,,,,,Fan favorite,This section is in the top 10% of sections for this event when ranked based on a count of successful sales over the past 7 days on our site,True,,,
13276563142,153020449,329,122922,329,2,26,30_30,30,False,False,1,,False,False,[1],407,Upper,1,True,"[{'listingNoteId': -1, 'listingNoteContentId': 3338094, 'formattedListingNoteContent': 'Clear view', 'listingNoteTypeId': 3, 'showToBuyer': True, 'hideInMock': False, 'siteAddedListingNote': False, 'aisleListingNoteWithSplit': False, 'listingNoteDescriptionContentId': 3338095, 'formattedListingNoteDescription': ""You'll have an unrestricted view of the show.""}]","[{'listingNoteBucketId': 27, 'formattedListingNoteContent': 'Clear view', 'displayOrder': 8, 'showsRawNoteText': True, 'sourceListingNoteId': -1}]",2113899,False,False,Row 26,False,1570650,"¥1,570,650","¥1,570,650","¥2,653,823",41.0,"¥1,083,173",10,Mobile Transfer ticket,3,1,USD,JPY,,USD,"https://img.vggcdn.net/img/vfsimage2/812551/407_122922/0.jpg?im=Resize=(500,271)&v=771",11 days ago,5,False,False,False,False,etHI2wB3bx11eglg%2bQJdsF4ad34XG4KlT5ccZEesUyc%3d,False,2026-07-07T21:16:45.1600000Z,False,False,False,False,False,False,0,False,[7],False,False,False,False,0,False,False,0,13276563142,False,8382762E-00DC-4175-AD22-0DDBA08FA617,False,False,True,2,4.857733841987468,0.7188976532,Last ticket,True,,"[{'message': 'Popular Pick', 'qualifier': '50 tickets sold for this event', 'hasValue': True, 'messageType': 'BoughtInLastHourSocialProofBased'}]",[],30,30,,,,,,,,,,,
13396184821,153020449,149,122812,149,2,47,32_32,32,False,False,1,,False,False,[1],594,Lower,1,True,"[{'listingNoteId': -1, 'listingNoteContentId': 3338094, 'formattedListingNoteContent': 'Clear view', 'listingNoteTypeId': 3, 'showToBuyer': True, 'hideInMock': False, 'siteAddedListingNote': False, 'aisleListingNoteWithSplit': False, 'listingNoteDescriptionContentId': 3338095, 'formattedListingNoteDescription': ""You'll have an unrestricted view of the show.""}]","[{'listingNoteBucketId': 27, 'formattedListingNoteContent': 'Clear view', 'displayOrder': 8, 'showsRawNoteText': True, 'sourceListingNoteId': -1}]",2113368,False,False,Row 47,False,1576498,"¥1,576,498","¥1,576,498",,,,10,Mobile Transfer ticket,3,1,USD,JPY,7875.0,USD,"https://img.vggcdn.net/img/vfsimage2/812551/594_122812/0.jpg?im=Resize=(500,271)&v=771",17 minutes ago,7,False,False,False,False,QY7PndDbjAawrXN8sO%2fHOegRV9BZEyrGkmas7y6cbBk%3d,False,2026-07-19T10:37:18.7500000Z,False,False,False,False,False,False,0,False,,False,False,False,False,0,False,False,0,13396184821,False,8EB82055-EA5B-45F2-AE81-738951747447,False,False,True,4,7.335792362121922,0.9702857176,,,,"[{'message': 'Great Value', 'qualifier': 'Based on price, view, seat quality and more', 'hasValue': True, 'messageType': 'ValueBased'}, {'message': 'Popular Pick', 'qualifier': '50 tickets sold for this event', 'hasValue': True, 'messageType': 'BoughtInLastHourSocialProofBased'}]",[],,,,,,,,,,,,,
13395556265,153020449,149,122812,149,2,29,_,,False,False,1,,False,False,[1],594,Lower,1,True,"[{'listingNoteId': -1, 'listingNoteContentId': 3338094, 'formattedListingNoteContent': 'Clear view', 'listingNoteTypeId': 3, 'showToBuyer': True, 'hideInMock': False, 'siteAddedListingNote': False, 'aisleListingNoteWithSplit': False, 'listingNoteDescriptionContentId': 3338095, 'formattedListingNoteDescription': ""You'll have an unrestricted view of the show.""}]","[{'listingNoteBucketId': 27, 'formattedListingNoteContent': 'Clear view', 'displayOrder': 8, 'showsRawNoteText': True, 'sourceListingNoteId': -1}]",2113347,False,False,Row 29,False,1587728,"¥1,587,728","¥1,587,728","¥2,259,535",30.0,"¥671,807",10,Mobile Transfer ticket,3,1,USD,JPY,16000.0,USD,"https://img.vggcdn.net/img/vfsimage2/812551/594_122812/0.jpg?im=Resize=(500,271)&v=771",3 hours ago,9,False,False,False,False,DybiCS4eVOJiaOfsC3MD6SFwuiPF%2bhCHtBAZAK5klkU%3d,False,2026-07-19T07:05:24.9870000Z,False,False,False,False,False,False,0,False,,False,False,False,False,0,False,False,0,13395556265,False,DF0CDF52-E4C8-421B-A334-717799739BC6,False,False,True,5,8.541944426962846,1.191288818,,,,"[{'message': 'Amazing Value', 'qualifier': 'Based on price, view, seat quality and more', 'hasValue': True, 'messageType': 'ValueBased'}, {'message': 'Popular Pick', 'qualifier': '50 tickets sold for this event', 'hasValue': True, 'messageType': 'BoughtInLastHourSocialProofBased'}]",[],,,,,,,,,,,,,
13393295027,153020449,330,122923,330,2,13,100_101,100,False,False,2,,False,False,"[1, 2]",407,Upper,2,True,"[{'listingNoteId': -1, 'listingNoteContentId': 3338094, 'formattedListingNoteContent': 'Clear view', 'listingNoteTypeId': 3, 'showToBuyer': True, 'hideInMock': False, 'siteAddedListingNote': False, 'aisleListingNoteWithSplit': False, 'listingNoteDescriptionContentId': 3338095, 'formattedListingNoteDescription': ""You'll have an unrestricted view of the show.""}]","[{'listingNoteBucketId': 27, 'formattedListingNoteContent': 'Clear view', 'displayOrder': 8, 'showsRawNoteText': True, 'sourceListingNoteId': -1}]",2113908,False,False,Row 13,False,1592838,"¥1,592,838","¥1,592,838",,,,10,Mobile Transfer ticket,3,1,AED,JPY,400.0,AED,"https://img.vggcdn.net/img/vfsimage2/812551/407_122923/0.jpg?im=Resize=(500,271)&v=771",12 hours ago,6,False,False,False,False,BF6Ub8mFT6LbcRzN62%2bqgo3GQ19l9ePw2pKHtlk3B38%3d,False,2026-07-18T22:37:00.6530000Z,False,False,False,False,False,False,0,False,[7],False,False,False,False,0,False,False,0,13393295027,False,1A945361-19DE-4455-BD02-013CAC945908,False,False,True,3,5.991610533705203,0.8303966184,Last tickets,True,,"[{'message': 'Popular Pick', 'qualifier': '50 tickets sold for this event', 'hasValue': True, 'messageType': 'BoughtInLastHourSocialProofBased'}]",[],,,,,,,,,,,,,
13394485896,153020449,342,122935,342,2,15,_,,False,False,4,,False,False,"[1, 2, 3, 4]",407,Upper,4,True,"[{'listingNoteId': -1, 'listingNoteContentId': 3338094, 'formattedListingNoteContent': 'Clear view', 'listingNoteTypeId': 3, 'showToBuyer': True, 'hideInMock': False, 'siteAddedListingNote': False, 'aisleListingNoteWithSplit': False, 'listingNoteDescriptionContentId': 3338095, 'formattedListingNoteDescription': ""You'll have an unrestricted view of the show.""}]","[{'listingNoteBucketId': 27, 'formattedListingNoteContent': 'Clear view', 'displayOrder': 8, 'showsRawNoteText': True, 'sourceListingNoteId': -1}]",704431,False,False,Row 15,False,1594838,"¥1,594,838","¥1,594,838",,,,10,Mobile Transfer ticket,3,1,USD,JPY,0.0,USD,"https://img.vggcdn.net/img/vfsimage2/812551/407_122935/0.jpg?im=Resize=(500,271)&v=771",7 hours ago,6,False,False,False,False,8y%2bxyDVa4wPlKr8wvJ0M91wFHfK9uRnOjSsNM3HZglI%3d,False,2026-07-19T03:27:41.2970000Z,False,False,False,False,False,False,0,False,,False,False,False,False,0,False,False,0,13394485896,False,AFDF3DD5-2E66-48B6-963C-5CCE7B50F0E4,False,False,True,3,5.633056716281048,0.7997160059,,,,"[{'message': 'Popular Pick', 'qualifier': '50 tickets sold for this event', 'hasValue': True, 'messageType': 'BoughtInLastHourSocialProofBased'}]",[],,,,,,,,,,,,,
13396066537,153020449,124,122796,124,2,40,9_9,9,False,False,1,,False,False,[1],594,Lower,1,True,"[{'listingNoteId': -1, 'listingNoteContentId': 3338094, 'formattedListingNoteContent': 'Clear view', 'listingNoteTypeId': 3, 'showToBuyer': True, 'hideInMock': False, 'siteAddedListingNote': False, 'aisleListingNoteWithSplit': False, 'listingNoteDescriptionContentId': 3338095, 'formattedListingNoteDescription': ""You'll have an unrestricted view of the show.""}]","[{'listingNoteBucketId': 27, 'formattedListingNoteContent': 'Clear view', 'displayOrder': 8, 'showsRawNoteText': True, 'sourceListingNoteId': -1}]",2112750,False,False,Row 40,False,1595561,"¥1,595,561","¥1,595,561",,,,10,Mobile Transfer ticket,3,1,GBP,JPY,8400.0,GBP,"https://img.vggcdn.net/img/vfsimage2/812551/594_122796/0.jpg?im=Resize=(500,271)&v=771",51 minutes ago,8,False,False,False,False,DOQJwlF8H4Y9GjBgBzz5Uqzjk474Xwpd1ZNSl%2fHpfDc%3d,False,2026-07-19T10:03:13.8600000Z,False,False,False,True,False,False,0,False,[6],False,False,False,False,0,False,False,0,13396066537,False,A609381C-4F5D-42AA-AA5B-6FEFA404A7AE,False,False,True,4,7.72352463390412,1.039963115,,,,"[{'message': 'Great Value', 'qualifier': 'Based on price, view, seat quality and more', 'hasValue': True, 'messageType': 'ValueBased'}, {'message': 'Popular Pick', 'qualifier': '50 tickets sold for this event', 'hasValue': True, 'messageType': 'BoughtInLastHourSocialProofBased'}]",[],9,9,,,,,,Fan favorite,This section is in the top 10% of sections for this event when ranked based on a count of successful sales over the past 7 days on our site,True,,,
13387897309,153020449,225A,1530785,225A,2,10,4_7,4,False,False,4,,False,False,"[1, 2, 4]",471,Middle,4,True,"[{'listingNoteId': -1, 'listingNoteContentId': 3338094, 'formattedListingNoteContent': 'Clear view', 'listingNoteTypeId': 3, 'showToBuyer': True, 'hideInMock': False, 'siteAddedListingNote': False, 'aisleListingNoteWithSplit': False, 'listingNoteDescriptionContentId': 3338095, 'formattedListingNoteDescription': ""You'll have an unrestricted view of the show.""}]","[{'listingNoteBucketId': 27, 'formattedListingNoteContent': 'Clear view', 'displayOrder': 8, 'showsRawNoteText': True, 'sourceListingNoteId': -1}]",1593610,False,False,Row 10,False,1607694,"¥1,607,694","¥1,607,694","¥2,814,368",43.0,"¥1,206,674",10,Mobile Transfer ticket,3,1,USD,JPY,0.0,USD,"https://img.vggcdn.net/img/vfsimage2/812551/471_1530785/0.jpg?im=Resize=(500,271)&v=771",yesterday,8,False,False,False,False,xWNUFZZ%2fZnSfcOGT6IERIOT3R2%2bU8xcLuREidUEQ1iw%3d,False,2026-07-18T01:19:17.8730000Z,False,False,False,False,False,False,0,False,,False,False,False,False,0,False,False,0,13387897309,False,CDA9CE65-2488-42B5-81AA-12994AB294E7,False,False,True,4,7.518073602623849,1.016105021,,,,"[{'message': 'Great Value', 'qualifier': 'Based on price, view, seat quality and more', 'hasValue': True, 'messageType': 'ValueBased'}, {'message': 'Popular Pick', 'qualifier': '50 tickets sold for this event', 'hasValue': True, 'messageType': 'BoughtInLastHourSocialProofBased'}]",[],,,,,,,,,,,,,
13386017046,153020449,344,122937,344,2,4,4_4,4,False,False,1,,False,False,[1],478,Loge,1,True,"[{'listingNoteId': -1, 'listingNoteContentId': 3338094, 'formattedListingNoteContent': 'Clear view', 'listingNoteTypeId': 3, 'showToBuyer': True, 'hideInMock': False, 'siteAddedListingNote': False, 'aisleListingNoteWithSplit': False, 'listingNoteDescriptionContentId': 3338095, 'formattedListingNoteDescription': ""You'll have an unrestricted view of the show.""}]","[{'listingNoteBucketId': 27, 'formattedListingNoteContent': 'Clear view', 'displayOrder': 8, 'showsRawNoteText': True, 'sourceListingNoteId': -1}]",1591268,False,False,Row 4,False,1610124,"¥1,610,124","¥1,610,124","¥2,274,694",29.0,"¥664,570",10,Mobile Transfer ticket,3,1,USD,JPY,,USD,"https://img.vggcdn.net/img/vfsimage2/812551/478_122937/0.jpg?im=Resize=(500,271)&v=771",yesterday,6,False,False,False,False,lnCPcmPfmqXRZ2AFVxbAWolLtvUA2dks7%2fyA8xHNldY%3d,False,2026-07-17T20:26:41.2230000Z,False,False,False,False,False,False,0,False,,False,False,False,False,0,False,False,0,13386017046,False,E3250595-C433-46ED-8116-91A281CA44EF,False,False,True,3,6.222663006450058,0.8614308766,,,,"[{'message': 'Popular Pick', 'qualifier': '50 tickets sold for this event', 'hasValue': True, 'messageType': 'BoughtInLastHourSocialProofBased'}]",[],4,4,,,,,,,,,,,
13393046555,153020449,Supporters Club,2439116,Supporters Club,2,6,_,,False,False,1,,False,False,[1],1068,Hospitality,1,True,"[{'listingNoteId': 1025, 'listingNoteContentId': 2446491, 'formattedListingNoteContent': 'Includes unlimited food and soft drinks', 'listingNoteTypeId': 3, 'showToBuyer': True, 'hideInMock': False, 'siteAddedListingNote': False, 'aisleListingNoteWithSplit': False, 'listingNoteDescriptionContentId': 2446492, 'formattedListingNoteDescription': 'Includes unlimited food and soft drinks'}, {'listingNoteId': 2344, 'listingNoteContentId': 4216766, 'formattedListingNoteContent': 'Includes Offsite Hospitality', 'listingNoteTypeId': 3, 'showToBuyer': True, 'hideInMock': False, 'siteAddedListingNote': False, 'aisleListingNoteWithSplit': False, 'formattedListingNoteDescription': ''}, {'listingNoteId': -1, 'listingNoteContentId': 3338094, 'formattedListingNoteContent': 'Clear view', 'listingNoteTypeId': 3, 'showToBuyer': True, 'hideInMock': False, 'siteAddedListingNote': False, 'aisleListingNoteWithSplit': False, 'listingNoteDescriptionContentId': 3338095, 'formattedListingNoteDescription': ""You'll have an unrestricted view of the show.""}]","[{'listingNoteBucketId': 7, 'formattedListingNoteContent': 'Food & beverages', 'displayOrder': 7, 'showsRawNoteText': False}, {'listingNoteBucketId': 0, 'formattedListingNoteContent': 'Includes Offsite Hospitality', 'displayOrder': 30, 'showsRawNoteText': True, 'sourceListingNoteId': 2344}, {'listingNoteBucketId': 27, 'formattedListingNoteContent': 'Clear view', 'displayOrder': 8, 'showsRawNoteText': True, 'sourceListingNoteId': -1}]",4837383,False,False,Row 6,True,1625627,"¥1,625,627","¥1,625,627",,,,10,Mobile Transfer ticket,3,1,GBP,JPY,2000.0,GBP,"https://img.vggcdn.net/img/vfsimage2/812551/1068_2439116/0.jpg?im=Resize=(500,271)&v=771",13 hours ago,9,False,False,False,False,mXfwW7Rmem3YuXB8aIUAkAjTts%2f3NLuNnSW7uAuBxtQ%3d,False,2026-07-18T21:47:25.5000000Z,False,False,False,False,False,False,0,False,,False,False,False,False,0,False,False,0,13393046555,False,5DA6990C-FB6C-4B12-B6BE-E2C6340804E6,False,False,True,5,9.29781237027824,1.577970786,,,,"[{'message': 'Amazing Value', 'qualifier': 'Based on price, view, seat quality and more', 'hasValue': True, 'messageType': 'ValueBased'}, {'message': 'Popular Pick', 'qualifier': '51 tickets sold for this event', 'hasValue': True, 'messageType': 'BoughtInLastHourSocialProofBased'}]",[],,,,,,,,,,,,,
13395878928,153020449,124,122796,124,2,18,6_6,6,False,False,1,,False,False,[1],594,Lower,1,True,"[{'listingNoteId': -1, 'listingNoteContentId': 3338094, 'formattedListingNoteContent': 'Clear view', 'listingNoteTypeId': 3, 'showToBuyer': True, 'hideInMock': False, 'siteAddedListingNote': False, 'aisleListingNoteWithSplit': False, 'listingNoteDescriptionContentId': 3338095, 'formattedListingNoteDescription': ""You'll have an unrestricted view of the show.""}]","[{'listingNoteBucketId': 27, 'formattedListingNoteContent': 'Clear view', 'displayOrder': 8, 'showsRawNoteText': True, 'sourceListingNoteId': -1}]",2112725,False,False,Row 18,False,1632054,"¥1,632,054","¥1,632,054",,,,10,Mobile Transfer ticket,3,1,USD,JPY,0.0,USD,"https://img.vggcdn.net/img/vfsimage2/812551/594_122796/0.jpg?im=Resize=(500,271)&v=771",an hour ago,9,False,False,False,False,YxcNHlkp3GE%2bm%2fyX9fwkBxVIA44WjRj1AF%2b8%2bKz8nUw%3d,False,2026-07-19T08:56:15.2870000Z,False,False,False,True,False,False,0,False,[6],False,False,False,False,0,False,False,0,13395878928,False,ED6B1651-40A0-486B-80B4-B504DC99A602,False,False,True,5,8.834306438335252,1.342436988,,,,"[{'message': 'Amazing Value', 'qualifier': 'Based on price, view, seat quality and more', 'hasValue': True, 'messageType': 'ValueBased'}, {'message': 'Popular Pick', 'qualifier': '51 tickets sold for this event', 'hasValue': True, 'messageType': 'BoughtInLastHourSocialProofBased'}]",[],6,6,,,,,,Fan favorite,This section is in the top 10% of sections for this event when ranked based on a count of successful sales over the past 7 days on our site,True,,,
13394055662,153020449,336,122929,336,2,16,18_18,18,False,False,1,,False,False,[1],407,Upper,1,True,"[{'listingNoteId': -1, 'listingNoteContentId': 3338094, 'formattedListingNoteContent': 'Clear view', 'listingNoteTypeId': 3, 'showToBuyer': True, 'hideInMock': False, 'siteAddedListingNote': False, 'aisleListingNoteWithSplit': False, 'listingNoteDescriptionContentId': 3338095, 'formattedListingNoteDescription': ""You'll have an unrestricted view of the show.""}]","[{'listingNoteBucketId': 27, 'formattedListingNoteContent': 'Clear view', 'displayOrder': 8, 'showsRawNoteText': True, 'sourceListingNoteId': -1}]",704303,False,False,Row 16,False,1649423,"¥1,649,423","¥1,649,423",,,,10,Mobile Transfer ticket,3,1,USD,JPY,0.0,USD,"https://img.vggcdn.net/img/vfsimage2/812551/407_122929/0.jpg?im=Resize=(500,271)&v=771",9 hours ago,5,False,False,False,False,BzZ2wj1H8pWuJGD6dy2lDuP2yeGfcOdBQAei7I0B2Zo%3d,False,2026-07-19T01:27:56.2800000Z,False,False,False,False,False,False,0,False,,False,False,False,False,0,False,False,0,13394055662,False,4E37FDC0-5F43-40C0-A28B-411FCC9C4750,False,False,True,2,4.961981430660582,0.7689460611,,,,"[{'message': 'Popular Pick', 'qualifier': '51 tickets sold for this event', 'hasValue': True, 'messageType': 'BoughtInLastHourSocialProofBased'}]",[],18,18,,,,,,,,,,,
13388308299,153020449,104,122784,104,2,46,_,,False,False,1,,False,False,[1],594,Lower,1,True,"[{'listingNoteId': -1, 'listingNoteContentId': 3338094, 'formattedListingNoteContent': 'Clear view', 'listingNoteTypeId': 3, 'showToBuyer': True, 'hideInMock': False, 'siteAddedListingNote': False, 'aisleListingNoteWithSplit': False, 'listingNoteDescriptionContentId': 3338095, 'formattedListingNoteDescription': ""You'll have an unrestricted view of the show.""}]","[{'listingNoteBucketId': 27, 'formattedListingNoteContent': 'Clear view', 'displayOrder': 8, 'showsRawNoteText': True, 'sourceListingNoteId': -1}]",2112199,False,False,Row 46,False,1649599,"¥1,649,599","¥1,649,599","¥2,688,148",39.0,"¥1,038,549",10,Mobile Transfer ticket,3,1,USD,JPY,10990.0,USD,"https://img.vggcdn.net/img/vfsimage2/812551/594_122784/0.jpg?im=Resize=(500,271)&v=771",yesterday,7,False,False,False,False,69fVPXNYlhQAjcnyyVJdJFhtLYintBUGcObu%2fIFu0LE%3d,False,2026-07-18T02:58:06.6130000Z,False,False,False,False,False,False,0,False,,False,False,False,False,0,False,False,0,13388308299,False,6397D835-C391-4B5C-9698-5F1BBFBD2307,False,False,True,4,7.086199044646837,0.9801373144,,,,"[{'message': 'Great Value', 'qualifier': 'Based on price, view, seat quality and more', 'hasValue': True, 'messageType': 'ValueBased'}, {'message': 'Popular Pick', 'qualifier': '51 tickets sold for this event', 'hasValue': True, 'messageType': 'BoughtInLastHourSocialProofBased'}]",[],,,,,,,,,,,,,
13392079912,153020449,146,122810,146,2,35,25_25,25,False,False,1,,False,False,[1],594,Lower,1,True,"[{'listingNoteId': -1, 'listingNoteContentId': 3338094, 'formattedListingNoteContent': 'Clear view', 'listingNoteTypeId': 3, 'showToBuyer': True, 'hideInMock': False, 'siteAddedListingNote': False, 'aisleListingNoteWithSplit': False, 'listingNoteDescriptionContentId': 3338095, 'formattedListingNoteDescription': ""You'll have an unrestricted view of the show.""}]","[{'listingNoteBucketId': 27, 'formattedListingNoteContent': 'Clear view', 'displayOrder': 8, 'showsRawNoteText': True, 'sourceListingNoteId': -1}]",2113258,False,False,Row 35,False,1651002,"¥1,651,002","¥1,651,002","¥2,720,142",39.0,"¥1,069,140",10,Mobile Transfer ticket,3,1,USD,JPY,,USD,"https://img.vggcdn.net/img/vfsimage2/812551/594_122810/0.jpg?im=Resize=(500,271)&v=771",17 hours ago,8,False,False,False,False,ZOytFfAxbEiqPm6xFTWQ9tMOfS9jLqFY1tVTvIxFVKI%3d,False,2026-07-18T17:45:42.2470000Z,False,False,False,False,False,False,0,False,,False,False,False,False,0,False,False,0,13392079912,False,48DEDC36-7410-4E87-A02C-7F67FF3BA95F,False,False,True,4,7.541149491321021,1.047050413,,,,"[{'message': 'Great Value', 'qualifier': 'Based on price, view, seat quality and more', 'hasValue': True, 'messageType': 'ValueBased'}, {'message': 'Popular Pick', 'qualifier': '51 tickets sold for this event', 'hasValue': True, 'messageType': 'BoughtInLastHourSocialProofBased'}]",[],25,25,,,,,,,,,,,
13394635525,153020449,204,122837,204,2,6,_,,False,False,4,,False,False,"[1, 2, 4]",471,Middle,4,True,"[{'listingNoteId': -1, 'listingNoteContentId': 3338094, 'formattedListingNoteContent': 'Clear view', 'listingNoteTypeId': 3, 'showToBuyer': True, 'hideInMock': False, 'siteAddedListingNote': False, 'aisleListingNoteWithSplit': False, 'listingNoteDescriptionContentId': 3338095, 'formattedListingNoteDescription': ""You'll have an unrestricted view of the show.""}]","[{'listingNoteBucketId': 27, 'formattedListingNoteContent': 'Clear view', 'displayOrder': 8, 'showsRawNoteText': True, 'sourceListingNoteId': -1}]",702758,False,False,Row 6,False,1660409,"¥1,660,409","¥1,660,409",,,,10,Mobile Transfer ticket,3,1,USD,JPY,7380.0,USD,"https://img.vggcdn.net/img/vfsimage2/812551/471_122837/0.jpg?im=Resize=(500,271)&v=771",6 hours ago,8,False,False,False,False,%2bZSP2UqUsma1z1RLCm45IDt1oP7yz%2bpND2ElKfyk3Gw%3d,False,2026-07-19T04:08:35.2370000Z,False,False,False,True,False,False,0,False,[6],False,False,False,False,0,False,False,0,13394635525,False,B76E64BA-A6C5-4CCB-A45C-403446CBE69C,False,False,True,4,7.509926901223182,1.048172193,,,,"[{'message': 'Great Value', 'qualifier': 'Based on price, view, seat quality and more', 'hasValue': True, 'messageType': 'ValueBased'}, {'message': 'Popular Pick', 'qualifier': '51 tickets sold for this event', 'hasValue': True, 'messageType': 'BoughtInLastHourSocialProofBased'}]",[],,,,,,,,Fan favorite,This section is in the top 10% of sections for this event when ranked based on a count of successful sales over the past 7 days on our site,True,,,
13394284224,153020449,104,122784,104,2,43,_,,False,False,4,,False,False,"[1, 2, 3, 4]",594,Lower,4,True,"[{'listingNoteId': -1, 'listingNoteContentId': 3338094, 'formattedListingNoteContent': 'Clear view', 'listingNoteTypeId': 3, 'showToBuyer': True, 'hideInMock': False, 'siteAddedListingNote': False, 'aisleListingNoteWithSplit': False, 'listingNoteDescriptionContentId': 3338095, 'formattedListingNoteDescription': ""You'll have an unrestricted view of the show.""}]","[{'listingNoteBucketId': 27, 'formattedListingNoteContent': 'Clear view', 'displayOrder': 8, 'showsRawNoteText': True, 'sourceListingNoteId': -1}]",2112196,False,False,Row 43,False,1686821,"¥1,686,821","¥1,686,821",,,,10,Mobile Transfer ticket,3,1,USD,JPY,0.0,USD,"https://img.vggcdn.net/img/vfsimage2/812551/594_122784/0.jpg?im=Resize=(500,271)&v=771",8 hours ago,7,False,False,False,False,GXuEfAeUiyCyQkn89EiQoP0Q6OF8%2bmz32iQuJCmcXFY%3d,False,2026-07-19T02:34:43.4370000Z,False,False,False,False,False,False,0,False,,False,False,False,False,0,False,False,0,13394284224,False,1C48DEE3-3316-454A-AAEF-E49C4E7B6331,False,False,True,4,7.1760737584548675,1.014912943,,,,"[{'message': 'Great Value', 'qualifier': 'Based on price, view, seat quality and more', 'hasValue': True, 'messageType': 'ValueBased'}, {'message': 'Popular Pick', 'qualifier': '51 tickets sold for this event', 'hasValue': True, 'messageType': 'BoughtInLastHourSocialProofBased'}]",[],,,,,,,,,,,,,
13393267849,153020449,341,122934,341,2,5,14_17,14,False,False,4,,False,False,"[1, 2, 4]",407,Upper,4,True,"[{'listingNoteId': -1, 'listingNoteContentId': 3338094, 'formattedListingNoteContent': 'Clear view', 'listingNoteTypeId': 3, 'showToBuyer': True, 'hideInMock': False, 'siteAddedListingNote': False, 'aisleListingNoteWithSplit': False, 'listingNoteDescriptionContentId': 3338095, 'formattedListingNoteDescription': ""You'll have an unrestricted view of the show.""}]","[{'listingNoteBucketId': 27, 'formattedListingNoteContent': 'Clear view', 'displayOrder': 8, 'showsRawNoteText': True, 'sourceListingNoteId': -1}]",704399,False,False,Row 5,False,1692273,"¥1,692,273","¥1,692,273",,,,10,Mobile Transfer ticket,3,1,USD,JPY,0.0,USD,"https://img.vggcdn.net/img/vfsimage2/812551/407_122934/0.jpg?im=Resize=(500,271)&v=771",12 hours ago,7,False,False,False,False,oBtLu6QMzYW2k0JE3EhVgc6AiPtz5n5U%2bd%2fGXxRGBzg%3d,False,2026-07-18T22:32:17.9230000Z,False,False,False,False,False,False,0,False,,False,False,False,False,0,False,False,0,13393267849,False,B4ED7AE6-58E5-4EF6-92CE-E1B10B9A8A96,False,False,True,3,6.85662820663545,0.9756163799,,,,"[{'message': 'Popular Pick', 'qualifier': '51 tickets sold for this event', 'hasValue': True, 'messageType': 'BoughtInLastHourSocialProofBased'}]",[],,,,,,,,,,,,,
13395436719,153020449,301,122894,301,2,7,_,,False,False,6,,False,False,"[1, 2, 3, 4, 6]",407,Upper,6,True,"[{'listingNoteId': 2027, 'listingNoteContentId': 3415845, 'formattedListingNoteContent': 'Third Row of Section', 'listingNoteTypeId': 6, 'showToBuyer': True, 'hideInMock': False, 'siteAddedListingNote': False, 'aisleListingNoteWithSplit': False, 'listingNoteDescriptionContentId': 3415845, 'formattedListingNoteDescription': 'Third Row of Section'}, {'listingNoteId': -1, 'listingNoteContentId': 3338094, 'formattedListingNoteContent': 'Clear view', 'listingNoteTypeId': 3, 'showToBuyer': True, 'hideInMock': False, 'siteAddedListingNote': False, 'aisleListingNoteWithSplit': False, 'listingNoteDescriptionContentId': 3338095, 'formattedListingNoteDescription': ""You'll have an unrestricted view of the show.""}]","[{'listingNoteBucketId': 14, 'formattedListingNoteContent': 'Third Row of Section', 'displayOrder': 14, 'showsRawNoteText': True, 'sourceListingNoteId': 2027}, {'listingNoteBucketId': 27, 'formattedListingNoteContent': 'Clear view', 'displayOrder': 8, 'showsRawNoteText': True, 'sourceListingNoteId': -1}]",2113594,False,False,Row 7,False,1693222,"¥1,693,222","¥1,693,222",,,,10,Mobile Transfer ticket,3,1,USD,JPY,4875.32,USD,"https://img.vggcdn.net/img/vfsimage2/812551/407_122894/0.jpg?im=Resize=(500,271)&v=771",4 hours ago,5,False,False,False,False,5Jb679nk69y9hS7GRRwRqhZSlH6OIU6t44%2fBZBxZYN4%3d,False,2026-07-19T06:11:51.2900000Z,False,False,False,False,False,False,0,False,,False,False,False,False,0,False,False,0,13395436719,False,723E3721-9176-4838-98C3-E6627FBB33C5,False,False,True,3,5.010378151417772,0.7962998324,,,,"[{'message': 'Popular Pick', 'qualifier': '51 tickets sold for this event', 'hasValue': True, 'messageType': 'BoughtInLastHourSocialProofBased'}, {'message': 'Third Row', 'qualifier': 'Excellent proximity to the action', 'hasValue': True, 'messageType': 'ThirdRowTicketAttributeBased'}]",[2027],,,,,,,,,,,,,
13364211724,153020449,318,122911,318,2,5,16_16,16,False,False,1,,False,False,[1],407,Upper,1,True,"[{'listingNoteId': -1, 'listingNoteContentId': 3338094, 'formattedListingNoteContent': 'Clear view', 'listingNoteTypeId': 3, 'showToBuyer': True, 'hideInMock': False, 'siteAddedListingNote': False, 'aisleListingNoteWithSplit': False, 'listingNoteDescriptionContentId': 3338095, 'formattedListingNoteDescription': ""You'll have an unrestricted view of the show.""}]","[{'listingNoteBucketId': 27, 'formattedListingNoteContent': 'Clear view', 'displayOrder': 8, 'showsRawNoteText': True, 'sourceListingNoteId': -1}]",703896,False,False,Row 5,False,1713927,"¥1,713,927","¥1,713,927","¥2,464,223",30.0,"¥750,296",10,Mobile Transfer ticket,3,1,USD,JPY,,USD,"https://img.vggcdn.net/img/vfsimage2/812551/407_122911/0.jpg?im=Resize=(500,271)&v=771",3 days ago,7,False,False,False,False,I4W4RcSUSJ3%2fmuvQEXJkuzE1BlPdJzXjYpMR%2fXqFll4%3d,False,2026-07-15T21:27:47.2830000Z,False,False,False,False,False,False,0,False,,False,False,False,False,0,False,False,0,13364211724,False,90CF0BFF-A316-43BA-A596-A9BFDB160B9D,False,False,True,3,6.650287643852152,0.9637732843,,,,"[{'message': 'Popular Pick', 'qualifier': '51 tickets sold for this event', 'hasValue': True, 'messageType': 'BoughtInLastHourSocialProofBased'}]",[],16,16,,,,,,,,,,,
13367394685,153020449,148,122811,148,2,15,18_18,18,False,False,1,,False,False,[1],594,Lower,1,True,"[{'listingNoteId': -1, 'listingNoteContentId': 3338094, 'formattedListingNoteContent': 'Clear view', 'listingNoteTypeId': 3, 'showToBuyer': True, 'hideInMock': False, 'siteAddedListingNote': False, 'aisleListingNoteWithSplit': False, 'listingNoteDescriptionContentId': 3338095, 'formattedListingNoteDescription': ""You'll have an unrestricted view of the show.""}]","[{'listingNoteBucketId': 27, 'formattedListingNoteContent': 'Clear view', 'displayOrder': 8, 'showsRawNoteText': True, 'sourceListingNoteId': -1}]",2113284,False,False,Row 15,False,1719775,"¥1,719,775","¥1,719,775","¥2,748,554",37.0,"¥1,028,779",10,Mobile Transfer ticket,3,1,USD,JPY,,USD,"https://img.vggcdn.net/img/vfsimage2/812551/594_122811/0.jpg?im=Resize=(500,271)&v=771",3 days ago,9,False,False,False,False,hNu678zX124aUgfh4HT5fUp3srkhI8kltCtaTd%2boQbw%3d,False,2026-07-16T04:42:40.5030000Z,False,False,False,True,False,False,0,False,[6],False,False,False,False,0,False,False,0,13367394685,False,956A8A8A-1421-41AF-86FC-7A8F5588C91B,False,False,True,5,9.096212413182357,1.548113427,,,,"[{'message': 'Amazing Value', 'qualifier': 'Based on price, view, seat quality and more', 'hasValue': True, 'messageType': 'ValueBased'}, {'message': 'Popular Pick', 'qualifier': '51 tickets sold for this event', 'hasValue': True, 'messageType': 'BoughtInLastHourSocialProofBased'}]",[],18,18,,,,,,Fan favorite,This section is in the top 10% of sections for this event when ranked based on a count of successful sales over the past 7 days on our site,True,,,
13391748319,153020449,312,122905,312,2,4,_,,False,False,3,,False,False,"[1, 3]",478,Loge,3,True,"[{'listingNoteId': -1, 'listingNoteContentId': 3338094, 'formattedListingNoteContent': 'Clear view', 'listingNoteTypeId': 3, 'showToBuyer': True, 'hideInMock': False, 'siteAddedListingNote': False, 'aisleListingNoteWithSplit': False, 'listingNoteDescriptionContentId': 3338095, 'formattedListingNoteDescription': ""You'll have an unrestricted view of the show.""}]","[{'listingNoteBucketId': 27, 'formattedListingNoteContent': 'Clear view', 'displayOrder': 8, 'showsRawNoteText': True, 'sourceListingNoteId': -1}]",1591047,False,False,Row 4,False,1719775,"¥1,719,775","¥1,719,775",,,,10,Mobile Transfer ticket,3,1,USD,JPY,7380.0,USD,"https://img.vggcdn.net/img/vfsimage2/812551/478_122905/0.jpg?im=Resize=(500,271)&v=771",18 hours ago,8,False,False,False,False,etHI2wB3bx11eglg%2bQJdsF4ad34XG4KlT5ccZEesUyc%3d,False,2026-07-18T16:25:09.1730000Z,False,False,False,False,False,False,0,False,[7],False,False,False,False,0,False,False,0,13391748319,False,CFC30879-A874-4F75-BA64-05960D72BF18,False,False,True,4,7.918747513607057,1.155732767,Last tickets,True,,"[{'message': 'Great Value', 'qualifier': 'Based on price, view, seat quality and more', 'hasValue': True, 'messageType': 'ValueBased'}, {'message': 'Popular Pick', 'qualifier': '51 tickets sold for this event', 'hasValue': True, 'messageType': 'BoughtInLastHourSocialProofBased'}]",[],,,,,,,,,,,,,
13394352363,153020449,305,122898,305,2,8,_,,False,False,2,,False,False,"[1, 2]",407,Upper,2,True,"[{'listingNoteId': -1, 'listingNoteContentId': 3338094, 'formattedListingNoteContent': 'Clear view', 'listingNoteTypeId': 3, 'showToBuyer': True, 'hideInMock': False, 'siteAddedListingNote': False, 'aisleListingNoteWithSplit': False, 'listingNoteDescriptionContentId': 3338095, 'formattedListingNoteDescription': ""You'll have an unrestricted view of the show.""}]","[{'listingNoteBucketId': 27, 'formattedListingNoteContent': 'Clear view', 'displayOrder': 8, 'showsRawNoteText': True, 'sourceListingNoteId': -1}]",2113683,False,False,Row 8,False,1733782,"¥1,733,782","¥1,733,782",,,,10,Mobile Transfer ticket,3,1,EUR,JPY,5575.0,EUR,"https://img.vggcdn.net/img/vfsimage2/812551/407_122898/0.jpg?im=Resize=(500,271)&v=771",8 hours ago,5,False,False,False,False,gYltSOwqVe%2fmfDxbsBM0Dy4qfcRJYYCxNYgzG6HSEVM%3d,False,2026-07-19T02:52:26.9000000Z,False,False,False,False,False,False,0,False,,False,False,False,False,0,False,False,0,13394352363,False,81E96163-5335-48FF-8E0B-20770CA201C7,False,False,True,2,4.596398445227958,0.7589851467,,,,"[{'message': 'Popular Pick', 'qualifier': '51 tickets sold for this event', 'hasValue': True, 'messageType': 'BoughtInLastHourSocialProofBased'}]",[],,,,,,,,,,,,,
13394382520,153020449,225A,1530785,225A,2,7,8_10,8,False,False,1,,False,False,[1],471,Middle,1,True,"[{'listingNoteId': -1, 'listingNoteContentId': 3338094, 'formattedListingNoteContent': 'Clear view', 'listingNoteTypeId': 3, 'showToBuyer': True, 'hideInMock': False, 'siteAddedListingNote': False, 'aisleListingNoteWithSplit': False, 'listingNoteDescriptionContentId': 3338095, 'formattedListingNoteDescription': ""You'll have an unrestricted view of the show.""}]","[{'listingNoteBucketId': 27, 'formattedListingNoteContent': 'Clear view', 'displayOrder': 8, 'showsRawNoteText': True, 'sourceListingNoteId': -1}]",1593620,False,False,Row 7,False,1748431,"¥1,748,431","¥1,748,431",,,,10,Mobile Transfer ticket,3,1,USD,JPY,20000.0,USD,"https://img.vggcdn.net/img/vfsimage2/812551/471_1530785/0.jpg?im=Resize=(500,271)&v=771",7 hours ago,8,False,False,False,False,WlskYZawUrGFQmonBuLG1B4yEM4YLv48m1Tg33mK%2fRc%3d,False,2026-07-19T02:59:28.5870000Z,False,False,False,False,False,False,0,False,,False,False,False,False,0,False,False,0,13394382520,False,D6ABE23B-D296-4C1D-BF5B-0F0F6013349A,False,False,True,4,7.7702123397421765,1.148351963,,,,"[{'message': 'Great Value', 'qualifier': 'Based on price, view, seat quality and more', 'hasValue': True, 'messageType': 'ValueBased'}, {'message': 'Popular Pick', 'qualifier': '51 tickets sold for this event', 'hasValue': True, 'messageType': 'BoughtInLastHourSocialProofBased'}]",[],8,10,,,,,,,,,,,
13321902226,153020449,344,122937,344,2,3,13_13,13,False,False,1,,False,False,[1],478,Loge,1,True,"[{'listingNoteId': -1, 'listingNoteContentId': 3338094, 'formattedListingNoteContent': 'Clear view', 'listingNoteTypeId': 3, 'showToBuyer': True, 'hideInMock': False, 'siteAddedListingNote': False, 'aisleListingNoteWithSplit': False, 'listingNoteDescriptionContentId': 3338095, 'formattedListingNoteDescription': ""You'll have an unrestricted view of the show.""}]","[{'listingNoteBucketId': 27, 'formattedListingNoteContent': 'Clear view', 'displayOrder': 8, 'showsRawNoteText': True, 'sourceListingNoteId': -1}]",1591267,False,False,Row 3,False,1754688,"¥1,754,688","¥1,754,688","¥3,222,431",46.0,"¥1,467,743",10,Mobile Transfer ticket,3,1,USD,JPY,,USD,"https://img.vggcdn.net/img/vfsimage2/812551/478_122937/0.jpg?im=Resize=(500,271)&v=771",8 days ago,6,False,False,False,False,c6NyoZcS%2bwdjwhWvDfjQvQG8LkxnEjY9g47Fep2PLgQ%3d,False,2026-07-11T01:59:46.4600000Z,False,False,False,False,False,False,0,False,,False,False,False,False,0,False,False,0,13321902226,False,5AD7D4E8-A78E-488A-9755-5966723F9710,False,False,True,3,5.554737395463548,0.8727423851,,,,"[{'message': 'Popular Pick', 'qualifier': '51 tickets sold for this event', 'hasValue': True, 'messageType': 'BoughtInLastHourSocialProofBased'}]",[],13,13,,,,,,,,,,,
13394322011,153020449,108,122786,108,2,14,12_12,12,False,False,1,,False,False,[1],594,Lower,1,True,"[{'listingNoteId': 814, 'listingNoteContentId': 2446060, 'formattedListingNoteContent': 'Limited or Obstructed View (printed on ticket)', 'listingNoteTypeId': 1, 'showToBuyer': True, 'hideInMock': False, 'siteAddedListingNote': False, 'aisleListingNoteWithSplit': False, 'listingNoteDescriptionContentId': 2446061, 'formattedListingNoteDescription': 'Limited or Obstructed View (printed on ticket)'}]","[{'listingNoteBucketId': 21, 'formattedListingNoteContent': 'Limited view', 'displayOrder': 21, 'showsRawNoteText': False}]",2112257,False,False,Row 14,False,1754864,"¥1,754,864","¥1,754,864",,,,10,Mobile Transfer ticket,3,1,USD,JPY,5750.0,USD,"https://img.vggcdn.net/img/vfsimage2/812551/594_122786/0.jpg?im=Resize=(500,271)&v=771",8 hours ago,9,False,False,False,False,ZTlEk7tx9ByOLkd7NQm9slSfjULTnMAdXPbH%2biU0B7A%3d,False,2026-07-19T02:44:34.0100000Z,False,False,False,False,False,False,0,False,,False,False,False,False,0,False,False,0,13394322011,False,1D3DFF4A-5F6F-4200-A2BA-4A26D22BD2AC,False,False,True,5,8.99985758687565,1.526700314,,,,"[{'message': 'Amazing Value', 'qualifier': 'Based on price, view, seat quality and more', 'hasValue': True, 'messageType': 'ValueBased'}, {'message': 'Popular Pick', 'qualifier': '51 tickets sold for this event', 'hasValue': True, 'messageType': 'BoughtInLastHourSocialProofBased'}]",[],,,,,,,,,,,,,
13394112345,153020449,121,122794,121,2,33,7_8,7,False,False,1,,False,False,[1],594,Lower,1,True,"[{'listingNoteId': 2351, 'listingNoteContentId': 4249194, 'formattedListingNoteContent': 'This ticket cannot be transferred again after you receive it', 'listingNoteTypeId': 2, 'showToBuyer': True, 'hideInMock': False, 'siteAddedListingNote': False, 'aisleListingNoteWithSplit': False, 'listingNoteDescriptionContentId': 4249195, 'formattedListingNoteDescription': 'These tickets will be delivered via the FWC2026 Mobile Tickets app, which restricts subsequent transfer'}, {'listingNoteId': -1, 'listingNoteContentId': 3338094, 'formattedListingNoteContent': 'Clear view', 'listingNoteTypeId': 3, 'showToBuyer': True, 'hideInMock': False, 'siteAddedListingNote': False, 'aisleListingNoteWithSplit': False, 'listingNoteDescriptionContentId': 3338095, 'formattedListingNoteDescription': ""You'll have an unrestricted view of the show.""}]","[{'listingNoteBucketId': 0, 'formattedListingNoteContent': 'This ticket cannot be transferred again after you receive it', 'displayOrder': 30, 'showsRawNoteText': True, 'sourceListingNoteId': 2351}, {'listingNoteBucketId': 27, 'formattedListingNoteContent': 'Clear view', 'displayOrder': 8, 'showsRawNoteText': True, 'sourceListingNoteId': -1}]",2112646,False,False,Row 33,False,1754864,"¥1,754,864","¥1,754,864","¥2,274,658",23.0,"¥519,794",10,Mobile Transfer ticket,3,1,USD,JPY,10990.0,USD,"https://img.vggcdn.net/img/vfsimage2/812551/594_122794/0.jpg?im=Resize=(500,271)&v=771",9 hours ago,8,False,False,False,False,etHI2wB3bx11eglg%2bQJdsF4ad34XG4KlT5ccZEesUyc%3d,False,2026-07-19T01:45:17.3230000Z,False,False,False,False,False,False,0,False,,False,False,False,False,0,False,False,0,13394112345,False,B282F9CD-1EB3-45E4-8A31-573A7940C919,False,False,True,4,7.507673893400661,1.108165488,,,,"[{'message': 'Great Value', 'qualifier': 'Based on price, view, seat quality and more', 'hasValue': True, 'messageType': 'ValueBased'}, {'message': 'Popular Pick', 'qualifier': '51 tickets sold for this event', 'hasValue': True, 'messageType': 'BoughtInLastHourSocialProofBased'}]",[],7,8,,,,,,,,,,,
13387585020,153020449,103,122783,103,2,46,15_15,15,False,False,1,,False,False,[1],594,Lower,1,True,"[{'listingNoteId': -1, 'listingNoteContentId': 3338094, 'formattedListingNoteContent': 'Clear view', 'listingNoteTypeId': 3, 'showToBuyer': True, 'hideInMock': False, 'siteAddedListingNote': False, 'aisleListingNoteWithSplit': False, 'listingNoteDescriptionContentId': 3338095, 'formattedListingNoteDescription': ""You'll have an unrestricted view of the show.""}]","[{'listingNoteBucketId': 27, 'formattedListingNoteContent': 'Clear view', 'displayOrder': 8, 'showsRawNoteText': True, 'sourceListingNoteId': -1}]",2112150,False,False,Row 46,False,1754864,"¥1,754,864","¥1,754,864","¥3,222,432",46.0,"¥1,467,568",10,Mobile Transfer ticket,3,1,USD,JPY,10586.03,USD,"https://img.vggcdn.net/img/vfsimage2/812551/594_122783/0.jpg?im=Resize=(500,271)&v=771",yesterday,6,False,False,False,False,etHI2wB3bx11eglg%2bQJdsF4ad34XG4KlT5ccZEesUyc%3d,False,2026-07-18T00:11:38.7600000Z,False,False,False,True,False,False,0,False,[6],False,False,False,False,0,False,False,0,13387585020,False,E1F5E4D0-9575-4092-AE5C-E817DD24E04E,False,False,True,3,6.075777710034732,0.9237507901,,,,"[{'message': 'Popular Pick', 'qualifier': '51 tickets sold for this event', 'hasValue': True, 'messageType': 'BoughtInLastHourSocialProofBased'}]",[],15,15,,,,,,Fan favorite,This section is in the top 10% of sections for this event when ranked based on a count of successful sales over the past 7 days on our site,True,,,
13394995084,153020449,333,122926,333,2,26,15_15,15,False,False,1,,False,False,[1],407,Upper,1,True,"[{'listingNoteId': -1, 'listingNoteContentId': 3338094, 'formattedListingNoteContent': 'Clear view', 'listingNoteTypeId': 3, 'showToBuyer': True, 'hideInMock': False, 'siteAddedListingNote': False, 'aisleListingNoteWithSplit': False, 'listingNoteDescriptionContentId': 3338095, 'formattedListingNoteDescription': ""You'll have an unrestricted view of the show.""}]","[{'listingNoteBucketId': 27, 'formattedListingNoteContent': 'Clear view', 'displayOrder': 8, 'showsRawNoteText': True, 'sourceListingNoteId': -1}]",704247,False,False,Row 26,False,1754864,"¥1,754,864","¥1,754,864",,,,10,Mobile Transfer ticket,3,1,USD,JPY,,USD,"https://img.vggcdn.net/img/vfsimage2/812551/407_122926/0.jpg?im=Resize=(500,271)&v=771",5 hours ago,4,False,False,False,False,I4W4RcSUSJ3%2fmuvQEXJkuzE1BlPdJzXjYpMR%2fXqFll4%3d,False,2026-07-19T05:08:57.0530000Z,False,False,False,False,False,False,0,False,[7],False,False,False,False,0,False,False,0,13394995084,False,FF26C19B-D4EF-432A-B41E-B1D8E60D6A40,False,False,True,2,3.6329797149856966,0.6618378068,Last ticket,True,,"[{'message': 'Popular Pick', 'qualifier': '51 tickets sold for this event', 'hasValue': True, 'messageType': 'BoughtInLastHourSocialProofBased'}]",[],15,15,,,,,,,,,,,
13388064315,153020449,314,122907,314,2,8,1_1,1,False,False,1,,False,False,[1],407,Upper,1,True,"[{'listingNoteId': 814, 'listingNoteContentId': 2446060, 'formattedListingNoteContent': 'Limited or Obstructed View (printed on ticket)', 'listingNoteTypeId': 1, 'showToBuyer': True, 'hideInMock': False, 'siteAddedListingNote': False, 'aisleListingNoteWithSplit': False, 'listingNoteDescriptionContentId': 2446061, 'formattedListingNoteDescription': 'Limited or Obstructed View (printed on ticket)'}]","[{'listingNoteBucketId': 21, 'formattedListingNoteContent': 'Limited view', 'displayOrder': 21, 'showsRawNoteText': False}]",703811,False,False,Row 8,False,1764183,"¥1,764,183","¥1,764,183",,,,10,Mobile Transfer ticket,3,1,EUR,JPY,7300.0,EUR,"https://img.vggcdn.net/img/vfsimage2/812551/407_122907/0.jpg?im=Resize=(500,271)&v=771",yesterday,8,False,False,False,False,etHI2wB3bx11eglg%2bQJdsF4ad34XG4KlT5ccZEesUyc%3d,False,2026-07-18T01:53:41.0600000Z,False,False,False,False,False,False,0,False,[7],False,False,False,False,0,False,False,0,13388064315,False,80D58214-FE3B-47B0-8123-17A8F445E817,False,False,True,4,7.511419881591595,1.114665508,Last ticket,True,,"[{'message': 'Great Value', 'qualifier': 'Based on price, view, seat quality and more', 'hasValue': True, 'messageType': 'ValueBased'}, {'message': 'Popular Pick', 'qualifier': '51 tickets sold for this event', 'hasValue': True, 'messageType': 'BoughtInLastHourSocialProofBased'}]",[],1,1,,,,,,,,,,,
13364270996,153020449,347,122940,347,2,23,4_4,4,False,False,1,,False,False,[1],407,Upper,1,True,"[{'listingNoteId': -1, 'listingNoteContentId': 3338094, 'formattedListingNoteContent': 'Clear view', 'listingNoteTypeId': 3, 'showToBuyer': True, 'hideInMock': False, 'siteAddedListingNote': False, 'aisleListingNoteWithSplit': False, 'listingNoteDescriptionContentId': 3338095, 'formattedListingNoteDescription': ""You'll have an unrestricted view of the show.""}]","[{'listingNoteBucketId': 27, 'formattedListingNoteContent': 'Clear view', 'displayOrder': 8, 'showsRawNoteText': True, 'sourceListingNoteId': -1}]",2113983,False,False,Row 23,False,1764183,"¥1,764,183","¥1,764,183",,,,10,Mobile Transfer ticket,3,1,EUR,JPY,9500.0,EUR,"https://img.vggcdn.net/img/vfsimage2/812551/407_122940/0.jpg?im=Resize=(500,271)&v=771",3 days ago,4,False,False,False,False,etHI2wB3bx11eglg%2bQJdsF4ad34XG4KlT5ccZEesUyc%3d,False,2026-07-15T21:35:44.7570000Z,False,False,False,False,False,False,0,False,,False,False,False,False,0,False,False,0,13364270996,False,A23A3886-880E-4F8C-8123-8F52B54BDE08,False,False,True,2,4.1720031775271,0.7212313989,,,,"[{'message': 'Popular Pick', 'qualifier': '50 tickets sold for this event', 'hasValue': True, 'messageType': 'BoughtInLastHourSocialProofBased'}]",[],,,,,,,,,,,,,
12998151102,153020449,320,122913,320,2,8,5_6,5,False,False,2,,False,False,"[1, 2]",407,Upper,2,True,"[{'listingNoteId': -1, 'listingNoteContentId': 3338094, 'formattedListingNoteContent': 'Clear view', 'listingNoteTypeId': 3, 'showToBuyer': True, 'hideInMock': False, 'siteAddedListingNote': False, 'aisleListingNoteWithSplit': False, 'listingNoteDescriptionContentId': 3338095, 'formattedListingNoteDescription': ""You'll have an unrestricted view of the show.""}]","[{'listingNoteBucketId': 27, 'formattedListingNoteContent': 'Clear view', 'displayOrder': 8, 'showsRawNoteText': True, 'sourceListingNoteId': -1}]",703943,False,False,Row 8,False,1766189,"¥1,766,189","¥1,766,189",,,,10,Mobile Transfer ticket,3,1,EUR,JPY,5500.0,EUR,"https://img.vggcdn.net/img/vfsimage2/812551/407_122913/0.jpg?im=Resize=(500,271)&v=771",37 days ago,6,False,False,False,False,etHI2wB3bx11eglg%2bQJdsF4ad34XG4KlT5ccZEesUyc%3d,False,2026-06-11T13:41:26.4070000Z,False,False,False,True,False,False,0,False,[6],False,False,False,False,0,False,False,0,12998151102,False,4FBDFBE0-8D1A-4F23-8C06-8FEB6E0E2E3A,False,False,True,3,5.904055685941313,0.9119621003,Last tickets,True,,"[{'message': 'Popular Pick', 'qualifier': '50 tickets sold for this event', 'hasValue': True, 'messageType': 'BoughtInLastHourSocialProofBased'}]",[],5,6,[7],,,,,Fan favorite,This section is in the top 10% of sections for this event when ranked based on a count of successful sales over the past 7 days on our site,True,,,
13353143503,153020449,348,122941,348,2,5,_,,False,False,4,,False,False,"[1, 2, 3, 4]",407,Upper,4,True,"[{'listingNoteId': 175, 'listingNoteContentId': 2444706, 'formattedListingNoteContent': 'Unlimited Food and Drinks', 'listingNoteTypeId': 3, 'showToBuyer': True, 'hideInMock': False, 'siteAddedListingNote': False, 'aisleListingNoteWithSplit': False, 'listingNoteDescriptionContentId': 2444707, 'formattedListingNoteDescription': 'Includes unlimited food and drinks (beer, wine and soft drinks)'}, {'listingNoteId': 2344, 'listingNoteContentId': 4216766, 'formattedListingNoteContent': 'Includes Offsite Hospitality', 'listingNoteTypeId': 3, 'showToBuyer': True, 'hideInMock': False, 'siteAddedListingNote': False, 'aisleListingNoteWithSplit': False, 'formattedListingNoteDescription': ''}, {'listingNoteId': 2025, 'listingNoteContentId': 3415843, 'formattedListingNoteContent': 'Front Row of Section', 'listingNoteTypeId': 6, 'showToBuyer': True, 'hideInMock': False, 'siteAddedListingNote': False, 'aisleListingNoteWithSplit': False, 'listingNoteDescriptionContentId': 3415843, 'formattedListingNoteDescription': 'Front Row of Section'}, {'listingNoteId': -1, 'listingNoteContentId': 3338094, 'formattedListingNoteContent': 'Clear view', 'listingNoteTypeId': 3, 'showToBuyer': True, 'hideInMock': False, 'siteAddedListingNote': False, 'aisleListingNoteWithSplit': False, 'listingNoteDescriptionContentId': 3338095, 'formattedListingNoteDescription': ""You'll have an unrestricted view of the show.""}]","[{'listingNoteBucketId': 7, 'formattedListingNoteContent': 'Food & beverages', 'displayOrder': 7, 'showsRawNoteText': False}, {'listingNoteBucketId': 14, 'formattedListingNoteContent': 'Front Row of Section', 'displayOrder': 14, 'showsRawNoteText': True, 'sourceListingNoteId': 2025}, {'listingNoteBucketId': 0, 'formattedListingNoteContent': 'Includes Offsite Hospitality', 'displayOrder': 30, 'showsRawNoteText': True, 'sourceListingNoteId': 2344}, {'listingNoteBucketId': 27, 'formattedListingNoteContent': 'Clear view', 'displayOrder': 8, 'showsRawNoteText': True, 'sourceListingNoteId': -1}]",2114009,False,False,Row 5,False,1770082,"¥1,770,082","¥1,770,082","¥2,563,560",31.0,"¥793,478",10,Mobile Transfer ticket,3,1,GBP,JPY,10000.0,GBP,"https://img.vggcdn.net/img/vfsimage2/812551/407_122941/0.jpg?im=Resize=(500,271)&v=771",4 days ago,5,False,False,False,False,DhWbJ3z9%2f1%2bcV7Gov3bZtjpQg5OcayerJEI7J8WvkL0%3d,False,2026-07-14T21:30:13.4170000Z,False,False,False,False,False,False,0,False,,False,False,False,False,0,False,False,0,13353143503,False,BCEE84F7-11DA-4A5F-95AB-8F1A73BBA29F,False,False,True,2,4.74618602012119,0.7947409754,,,,"[{'message': 'Popular Pick', 'qualifier': '50 tickets sold for this event', 'hasValue': True, 'messageType': 'BoughtInLastHourSocialProofBased'}, {'message': 'Front Row', 'qualifier': 'Best seats in the house', 'hasValue': True, 'messageType': 'FirstRowTicketAttributeBased'}]",[2025],,,,,,,,,,,,,
13375642950,153020449,Argentina Supporters,2449432,Argentina Supporters,3,,_,,False,False,2,,False,False,"[1, 2]",36868,Argentina Supporters,2,True,"[{'listingNoteId': -1, 'listingNoteContentId': 3338094, 'formattedListingNoteContent': 'Clear view', 'listingNoteTypeId': 3, 'showToBuyer': True, 'hideInMock': False, 'siteAddedListingNote': False, 'aisleListingNoteWithSplit': False, 'listingNoteDescriptionContentId': 3338095, 'formattedListingNoteDescription': ""You'll have an unrestricted view of the show.""}]","[{'listingNoteBucketId': 27, 'formattedListingNoteContent': 'Clear view', 'displayOrder': 8, 'showsRawNoteText': True, 'sourceListingNoteId': -1}]",4849984,False,False,Row,True,1784025,"¥1,784,025","¥1,784,025",,,,10,Mobile Transfer ticket,3,1,EUR,JPY,1000.0,EUR,"https://img.vggcdn.net/img/vfsimage2/812551/36868_2449432/0.jpg?im=Resize=(500,271)&v=771",2 days ago,0,False,False,True,False,uIJSGDmViAlb8gL%2biSFSLgZO3oMkUlG4ZXu6384XRVc%3d,False,2026-07-16T19:32:05.2900000Z,False,False,False,False,False,False,0,False,[7],False,False,False,False,0,False,False,0,13375642950,False,C812F057-6308-4AB3-90C0-5F76F294D9EF,False,False,True,0,,,Last tickets,True,,"[{'message': 'Popular Pick', 'qualifier': '50 tickets sold for this event', 'hasValue': True, 'messageType': 'BoughtInLastHourSocialProofBased'}]",[],,,,,,,,,,,,,
13394571453,153020449,126,122797,126,2,39,_,,False,False,1,,False,False,[1],594,Lower,1,True,"[{'listingNoteId': -1, 'listingNoteContentId': 3338094, 'formattedListingNoteContent': 'Clear view', 'listingNoteTypeId': 3, 'showToBuyer': True, 'hideInMock': False, 'siteAddedListingNote': False, 'aisleListingNoteWithSplit': False, 'listingNoteDescriptionContentId': 3338095, 'formattedListingNoteDescription': ""You'll have an unrestricted view of the show.""}]","[{'listingNoteBucketId': 27, 'formattedListingNoteContent': 'Clear view', 'displayOrder': 8, 'showsRawNoteText': True, 'sourceListingNoteId': -1}]",2112797,False,False,Row 39,False,1805742,"¥1,805,742","¥1,805,742",,,,10,Mobile Transfer ticket,3,1,USD,JPY,9450.0,USD,"https://img.vggcdn.net/img/vfsimage2/812551/594_122797/0.jpg?im=Resize=(500,271)&v=771",7 hours ago,8,False,False,False,False,7j8zb63gdNsqc2TlhUocwkRN9v4J4bED86aJoEfXwvY%3d,False,2026-07-19T03:48:41.2100000Z,False,False,False,True,False,False,0,False,[6],False,False,False,False,0,False,False,0,13394571453,False,063CA963-A86F-4750-88FF-457E7DDE4257,False,False,True,4,7.5011879313865375,1.138474821,,,,"[{'message': 'Great Value', 'qualifier': 'Based on price, view, seat quality and more', 'hasValue': True, 'messageType': 'ValueBased'}, {'message': 'Popular Pick', 'qualifier': '50 tickets sold for this event', 'hasValue': True, 'messageType': 'BoughtInLastHourSocialProofBased'}]",[],,,,,,,,Fan favorite,This section is in the top 10% of sections for this event when ranked based on a count of successful sales over the past 7 days on our site,True,,,
13392310973,153020449,225B,1530786,225B,2,12,13_13,13,False,False,1,,False,False,[1],471,Middle,1,True,"[{'listingNoteId': 165, 'listingNoteContentId': 2444685, 'formattedListingNoteContent': 'Preferred Seating', 'listingNoteTypeId': 3, 'showToBuyer': True, 'hideInMock': False, 'siteAddedListingNote': False, 'aisleListingNoteWithSplit': False, 'listingNoteDescriptionContentId': 2444686, 'formattedListingNoteDescription': 'Preferred Seating'}, {'listingNoteId': -1, 'listingNoteContentId': 3338094, 'formattedListingNoteContent': 'Clear view', 'listingNoteTypeId': 3, 'showToBuyer': True, 'hideInMock': False, 'siteAddedListingNote': False, 'aisleListingNoteWithSplit': False, 'listingNoteDescriptionContentId': 3338095, 'formattedListingNoteDescription': ""You'll have an unrestricted view of the show.""}]","[{'listingNoteBucketId': 11, 'formattedListingNoteContent': 'Preferred Seating', 'displayOrder': 11, 'showsRawNoteText': True, 'sourceListingNoteId': 165}, {'listingNoteBucketId': 27, 'formattedListingNoteContent': 'Clear view', 'displayOrder': 8, 'showsRawNoteText': True, 'sourceListingNoteId': -1}]",2113453,False,False,Row 12,False,1815157,"¥1,815,157","¥1,815,157","¥2,449,981",26.0,"¥634,824",10,Mobile Transfer ticket,3,1,USD,JPY,9355.0,USD,"https://img.vggcdn.net/img/vfsimage2/812551/471_1530786/0.jpg?im=Resize=(500,271)&v=771",16 hours ago,7,False,False,False,False,7pMIP7JmdtbRg2JJAPDKHa7MduttR2ADuxfa91lAk9Y%3d,False,2026-07-18T18:31:21.7000000Z,False,False,False,False,False,False,0,False,[7],False,False,False,False,0,False,False,0,13392310973,False,08B6942B-E9D2-4111-8C7C-E33D16C90F86,False,False,True,4,7.113586873768229,1.082646962,Last ticket,True,,"[{'message': 'Great Value', 'qualifier': 'Based on price, view, seat quality and more', 'hasValue': True, 'messageType': 'ValueBased'}, {'message': 'Popular Pick', 'qualifier': '50 tickets sold for this event', 'hasValue': True, 'messageType': 'BoughtInLastHourSocialProofBased'}]",[],,,,,,,,,,,,,
13395231153,153020449,343,122936,343,2,2,_,,False,False,1,,False,False,[1],478,Loge,1,True,"[{'listingNoteId': 2026, 'listingNoteContentId': 3415844, 'formattedListingNoteContent': 'Second Row of Section', 'listingNoteTypeId': 6, 'showToBuyer': True, 'hideInMock': False, 'siteAddedListingNote': False, 'aisleListingNoteWithSplit': False, 'listingNoteDescriptionContentId': 3415844, 'formattedListingNoteDescription': 'Second Row of Section'}, {'listingNoteId': -1, 'listingNoteContentId': 3338094, 'formattedListingNoteContent': 'Clear view', 'listingNoteTypeId': 3, 'showToBuyer': True, 'hideInMock': False, 'siteAddedListingNote': False, 'aisleListingNoteWithSplit': False, 'listingNoteDescriptionContentId': 3338095, 'formattedListingNoteDescription': ""You'll have an unrestricted view of the show.""}]","[{'listingNoteBucketId': 14, 'formattedListingNoteContent': 'Second Row of Section', 'displayOrder': 14, 'showsRawNoteText': True, 'sourceListingNoteId': 2026}, {'listingNoteBucketId': 27, 'formattedListingNoteContent': 'Clear view', 'displayOrder': 8, 'showsRawNoteText': True, 'sourceListingNoteId': -1}]",1591253,False,False,Row 2,False,1815293,"¥1,815,293","¥1,815,293",,,,10,Mobile Transfer ticket,3,14,USD,JPY,7757.2,USD,"https://img.vggcdn.net/img/vfsimage2/812551/478_122936/0.jpg?im=Resize=(500,271)&v=771",5 hours ago,6,False,False,False,False,oLL2OxkHRIPD37ZnryBHRl%2fhfkXTqeL9mCQ5eYRyzxk%3d,False,2026-07-19T05:50:33.9370000Z,False,False,False,False,False,False,0,False,,False,False,False,False,0,False,False,0,13395231153,False,93063CCA-964C-48C8-8FC4-933A398470C0,False,False,True,3,5.763903498511782,0.9231459322,,,,"[{'message': 'Popular Pick', 'qualifier': '50 tickets sold for this event', 'hasValue': True, 'messageType': 'BoughtInLastHourSocialProofBased'}, {'message': 'Second Row', 'qualifier': 'Premium close-up view', 'hasValue': True, 'messageType': 'SecondRowTicketAttributeBased'}]",[2026],,,,,,,,,,,,,
13319302019,153020449,149,122812,149,2,23,_,,False,False,1,,False,False,[1],594,Lower,1,True,"[{'listingNoteId': -1, 'listingNoteContentId': 3338094, 'formattedListingNoteContent': 'Clear view', 'listingNoteTypeId': 3, 'showToBuyer': True, 'hideInMock': False, 'siteAddedListingNote': False, 'aisleListingNoteWithSplit': False, 'listingNoteDescriptionContentId': 3338095, 'formattedListingNoteDescription': ""You'll have an unrestricted view of the show.""}]","[{'listingNoteBucketId': 27, 'formattedListingNoteContent': 'Clear view', 'displayOrder': 8, 'showsRawNoteText': True, 'sourceListingNoteId': -1}]",2113341,False,False,Row 23,False,1825235,"¥1,825,235","¥1,825,235",,,,10,Mobile Transfer ticket,3,1,USD,JPY,0.0,USD,"https://img.vggcdn.net/img/vfsimage2/812551/594_122812/0.jpg?im=Resize=(500,271)&v=771",8 days ago,8,False,False,False,False,yiyhttsGRXLTeA6ciqx42Rqk1ggn%2fVrTaBhhOkF0u4Q%3d,False,2026-07-10T21:20:41.4370000Z,False,False,False,False,False,False,0,False,,False,False,False,False,0,False,False,0,13319302019,False,B6930332-A8B0-4DE6-93DA-03CB1DE1F2B3,False,False,True,4,8.16277833765464,1.274919436,,,,"[{'message': 'Great Value', 'qualifier': 'Based on price, view, seat quality and more', 'hasValue': True, 'messageType': 'ValueBased'}, {'message': 'Popular Pick', 'qualifier': '50 tickets sold for this event', 'hasValue': True, 'messageType': 'BoughtInLastHourSocialProofBased'}]",[],,,,,,,,,,,,,
13389647952,153020449,123,122795,123,2,40,_,,False,False,1,,False,False,[1],594,Lower,1,True,"[{'listingNoteId': -1, 'listingNoteContentId': 3338094, 'formattedListingNoteContent': 'Clear view', 'listingNoteTypeId': 3, 'showToBuyer': True, 'hideInMock': False, 'siteAddedListingNote': False, 'aisleListingNoteWithSplit': False, 'listingNoteDescriptionContentId': 3338095, 'formattedListingNoteDescription': ""You'll have an unrestricted view of the show.""}]","[{'listingNoteBucketId': 27, 'formattedListingNoteContent': 'Clear view', 'displayOrder': 8, 'showsRawNoteText': True, 'sourceListingNoteId': -1}]",2112702,False,False,Row 40,False,1828169,"¥1,828,169","¥1,828,169","¥3,250,797",44.0,"¥1,422,628",10,Mobile Transfer ticket,3,1,EUR,JPY,9000.0,EUR,"https://img.vggcdn.net/img/vfsimage2/812551/594_122795/0.jpg?im=Resize=(500,271)&v=771",yesterday,7,False,False,False,False,929VBzl05waJW93Gtd%2f3nAQjPpisSCGJXJv5fsUVAzo%3d,False,2026-07-18T07:59:39.8800000Z,False,False,False,False,False,False,0,False,,False,False,False,False,0,False,False,0,13389647952,False,6542888D-28B5-47D5-8C48-2DD48E298D0F,False,False,True,4,7.194119383540841,1.102775954,,,,"[{'message': 'Great Value', 'qualifier': 'Based on price, view, seat quality and more', 'hasValue': True, 'messageType': 'ValueBased'}, {'message': 'Popular Pick', 'qualifier': '50 tickets sold for this event', 'hasValue': True, 'messageType': 'BoughtInLastHourSocialProofBased'}]",[],,,,,,,,,,,,,
13393949865,153020449,227A,1530787,227A,2,15,_,,False,False,1,,False,False,[1],471,Middle,1,True,"[{'listingNoteId': -1, 'listingNoteContentId': 3338094, 'formattedListingNoteContent': 'Clear view', 'listingNoteTypeId': 3, 'showToBuyer': True, 'hideInMock': False, 'siteAddedListingNote': False, 'aisleListingNoteWithSplit': False, 'listingNoteDescriptionContentId': 3338095, 'formattedListingNoteDescription': ""You'll have an unrestricted view of the show.""}]","[{'listingNoteBucketId': 27, 'formattedListingNoteContent': 'Clear view', 'displayOrder': 8, 'showsRawNoteText': True, 'sourceListingNoteId': -1}]",1593629,False,False,Row 15,False,1887419,"¥1,887,419","¥1,887,419",,,,10,Mobile Transfer ticket,3,1,USD,JPY,7380.0,USD,"https://img.vggcdn.net/img/vfsimage2/812551/471_1530787/0.jpg?im=Resize=(500,271)&v=771",9 hours ago,6,False,False,False,False,%2blBxrqh3g%2bhH4VtSKTXn66yi1r9gw9qzi4a6QhoyDjw%3d,False,2026-07-19T00:55:38.2870000Z,False,False,False,False,False,False,0,False,,False,False,False,False,0,False,False,0,13393949865,False,0EAEE94C-9D67-4547-9181-8BEE988E04AE,False,False,True,3,6.1182717961139215,0.99829503,,,,"[{'message': 'Popular Pick', 'qualifier': '50 tickets sold for this event', 'hasValue': True, 'messageType': 'BoughtInLastHourSocialProofBased'}]",[],,,,,,,,,,,,,
13395517476,153020449,101,122782,101,2,15,21_23,21,False,False,3,,False,False,"[1, 3]",594,Lower,3,True,"[{'listingNoteId': -1, 'listingNoteContentId': 3338094, 'formattedListingNoteContent': 'Clear view', 'listingNoteTypeId': 3, 'showToBuyer': True, 'hideInMock': False, 'siteAddedListingNote': False, 'aisleListingNoteWithSplit': False, 'listingNoteDescriptionContentId': 3338095, 'formattedListingNoteDescription': ""You'll have an unrestricted view of the show.""}]","[{'listingNoteBucketId': 27, 'formattedListingNoteContent': 'Clear view', 'displayOrder': 8, 'showsRawNoteText': True, 'sourceListingNoteId': -1}]",2112069,False,False,Row 15,False,1890538,"¥1,890,538","¥1,890,538",,,,10,Mobile Transfer ticket,3,1,USD,JPY,10990.0,USD,"https://img.vggcdn.net/img/vfsimage2/812551/594_122782/0.jpg?im=Resize=(500,271)&v=771",4 hours ago,9,False,False,False,False,WX6wqDUfEHzdyZqv9cpwh2DTUwApTwf%2fvlhR76Etar4%3d,False,2026-07-19T06:40:27.7770000Z,False,False,False,False,False,False,0,False,,False,False,False,False,0,False,False,0,13395517476,False,E6BC852F-4D26-4CCB-AC0A-A9D7A9CCEADF,False,False,True,5,8.559598872318038,1.426116576,,,,"[{'message': 'Amazing Value', 'qualifier': 'Based on price, view, seat quality and more', 'hasValue': True, 'messageType': 'ValueBased'}, {'message': 'Popular Pick', 'qualifier': '50 tickets sold for this event', 'hasValue': True, 'messageType': 'BoughtInLastHourSocialProofBased'}]",[],,,,,,,,,,,,,
13395105570,153020449,129,122799,129,2,42,2_8,2,False,False,7,,False,False,"[1, 2, 3, 4, 5, 6, 7]",594,Lower,7,True,"[{'listingNoteId': 165, 'listingNoteContentId': 2444685, 'formattedListingNoteContent': 'Preferred Seating', 'listingNoteTypeId': 3, 'showToBuyer': True, 'hideInMock': False, 'siteAddedListingNote': False, 'aisleListingNoteWithSplit': False, 'listingNoteDescriptionContentId': 2444686, 'formattedListingNoteDescription': 'Preferred Seating'}, {'listingNoteId': -1, 'listingNoteContentId': 3338094, 'formattedListingNoteContent': 'Clear view', 'listingNoteTypeId': 3, 'showToBuyer': True, 'hideInMock': False, 'siteAddedListingNote': False, 'aisleListingNoteWithSplit': False, 'listingNoteDescriptionContentId': 3338095, 'formattedListingNoteDescription': ""You'll have an unrestricted view of the show.""}]","[{'listingNoteBucketId': 11, 'formattedListingNoteContent': 'Preferred Seating', 'displayOrder': 11, 'showsRawNoteText': True, 'sourceListingNoteId': 165}, {'listingNoteBucketId': 27, 'formattedListingNoteContent': 'Clear view', 'displayOrder': 8, 'showsRawNoteText': True, 'sourceListingNoteId': -1}]",2112896,False,False,Row 42,False,1891318,"¥1,891,318","¥1,891,318",,,,10,Mobile Transfer ticket,3,1,USD,JPY,15325.0,USD,"https://img.vggcdn.net/img/vfsimage2/812551/594_122799/0.jpg?im=Resize=(500,271)&v=771",5 hours ago,6,False,False,False,False,I4W4RcSUSJ3%2fmuvQEXJkuzE1BlPdJzXjYpMR%2fXqFll4%3d,False,2026-07-19T05:31:29.9730000Z,False,False,False,False,False,False,0,False,,False,False,False,False,0,False,False,0,13395105570,False,899F78B5-B588-4493-B4C6-1EE52F1DB1A9,False,False,True,3,5.9149871974572585,0.9779906243,,,,"[{'message': 'Popular Pick', 'qualifier': '50 tickets sold for this event', 'hasValue': True, 'messageType': 'BoughtInLastHourSocialProofBased'}]",[],,,,,,,,,,,,,
13389404561,153020449,148,122811,148,2,12,19_19,19,False,False,1,,False,False,[1],594,Lower,1,True,"[{'listingNoteId': -1, 'listingNoteContentId': 3338094, 'formattedListingNoteContent': 'Clear view', 'listingNoteTypeId': 3, 'showToBuyer': True, 'hideInMock': False, 'siteAddedListingNote': False, 'aisleListingNoteWithSplit': False, 'listingNoteDescriptionContentId': 3338095, 'formattedListingNoteDescription': ""You'll have an unrestricted view of the show.""}]","[{'listingNoteBucketId': 27, 'formattedListingNoteContent': 'Clear view', 'displayOrder': 8, 'showsRawNoteText': True, 'sourceListingNoteId': -1}]",2113281,False,False,Row 12,False,1895217,"¥1,895,217","¥1,895,217","¥2,596,866",27.0,"¥701,649",10,Mobile Transfer ticket,3,1,USD,JPY,0.0,USD,"https://img.vggcdn.net/img/vfsimage2/812551/594_122811/0.jpg?im=Resize=(500,271)&v=771",yesterday,9,False,False,False,False,%2bJRv4AR75nKqp2rzCnEa2fKVQ4BCtYMHIFSci2Wh2HE%3d,False,2026-07-18T06:21:24.0130000Z,False,False,False,True,False,False,0,False,[6],False,False,False,False,0,False,False,0,13389404561,False,1AD4791F-90BA-4178-A5EF-6E177B06C2E1,False,False,True,5,8.951461287287048,1.621507828,,,,"[{'message': 'Amazing Value', 'qualifier': 'Based on price, view, seat quality and more', 'hasValue': True, 'messageType': 'ValueBased'}, {'message': 'Popular Pick', 'qualifier': '50 tickets sold for this event', 'hasValue': True, 'messageType': 'BoughtInLastHourSocialProofBased'}]",[],19,19,,,,,,Fan favorite,This section is in the top 10% of sections for this event when ranked based on a count of successful sales over the past 7 days on our site,True,,,
13394242000,153020449,101,122782,101,2,14,2_2,2,False,False,1,,False,False,[1],594,Lower,1,True,"[{'listingNoteId': -1, 'listingNoteContentId': 3338094, 'formattedListingNoteContent': 'Clear view', 'listingNoteTypeId': 3, 'showToBuyer': True, 'hideInMock': False, 'siteAddedListingNote': False, 'aisleListingNoteWithSplit': False, 'listingNoteDescriptionContentId': 3338095, 'formattedListingNoteDescription': ""You'll have an unrestricted view of the show.""}]","[{'listingNoteBucketId': 27, 'formattedListingNoteContent': 'Clear view', 'displayOrder': 8, 'showsRawNoteText': True, 'sourceListingNoteId': -1}]",2112068,False,False,Row 14,False,1895217,"¥1,895,217","¥1,895,217",,,,10,Mobile Transfer ticket,3,1,USD,JPY,0.0,USD,"https://img.vggcdn.net/img/vfsimage2/812551/594_122782/0.jpg?im=Resize=(500,271)&v=771",8 hours ago,9,False,False,False,False,%2bJRv4AR75nKqp2rzCnEa2fKVQ4BCtYMHIFSci2Wh2HE%3d,False,2026-07-19T02:21:36.2500000Z,False,False,False,False,False,False,0,False,,False,False,False,False,0,False,False,0,13394242000,False,B4553061-418C-41BE-A2DF-253F109D64E3,False,False,True,5,8.597132489535314,1.446035113,,,,"[{'message': 'Amazing Value', 'qualifier': 'Based on price, view, seat quality and more', 'hasValue': True, 'messageType': 'ValueBased'}, {'message': 'Popular Pick', 'qualifier': '50 tickets sold for this event', 'hasValue': True, 'messageType': 'BoughtInLastHourSocialProofBased'}]",[],2,2,,,,,,,,,,,
13226218584,153020449,331,122924,331,2,17,_,,False,False,1,,False,False,[1],407,Upper,4,True,"[{'listingNoteId': 74, 'listingNoteContentId': 1288630, 'formattedListingNoteContent': 'Over 18 Ticket', 'listingNoteTypeId': 2, 'showToBuyer': True, 'hideInMock': False, 'siteAddedListingNote': False, 'aisleListingNoteWithSplit': False, 'formattedListingNoteDescription': ''}, {'listingNoteId': -1, 'listingNoteContentId': 3338094, 'formattedListingNoteContent': 'Clear view', 'listingNoteTypeId': 3, 'showToBuyer': True, 'hideInMock': False, 'siteAddedListingNote': False, 'aisleListingNoteWithSplit': False, 'listingNoteDescriptionContentId': 3338095, 'formattedListingNoteDescription': ""You'll have an unrestricted view of the show.""}]","[{'listingNoteBucketId': 24, 'formattedListingNoteContent': 'Over 18 Ticket', 'displayOrder': 24, 'showsRawNoteText': True, 'sourceListingNoteId': 74}, {'listingNoteBucketId': 27, 'formattedListingNoteContent': 'Clear view', 'displayOrder': 8, 'showsRawNoteText': True, 'sourceListingNoteId': -1}]",2113932,False,False,Row 17,False,1895499,"¥1,895,499","¥1,895,499","¥3,576,186",47.0,"¥1,680,687",10,Mobile Transfer ticket,3,1,EUR,JPY,1772.0,EUR,"https://img.vggcdn.net/img/vfsimage2/812551/407_122924/0.jpg?im=Resize=(500,271)&v=771",16 days ago,4,False,False,False,False,igXbvqTxUfznsC3uyXWM%2frO12J5fGfv1VMwdopETkvM%3d,False,2026-07-03T05:57:00.4270000Z,False,False,False,False,False,False,0,False,,False,False,False,False,0,False,False,0,13226218584,False,0C6C7393-58D5-4AD2-8AF7-471519F27D3D,False,False,True,2,3.9794864309057627,0.7523624922,,,,"[{'message': 'Popular Pick', 'qualifier': '50 tickets sold for this event', 'hasValue': True, 'messageType': 'BoughtInLastHourSocialProofBased'}]",[],,,,,,,,,,,,,
13391414116,153020449,341,122934,341,2,18,_,,False,False,3,,False,False,"[1, 3]",407,Upper,3,True,"[{'listingNoteId': -1, 'listingNoteContentId': 3338094, 'formattedListingNoteContent': 'Clear view', 'listingNoteTypeId': 3, 'showToBuyer': True, 'hideInMock': False, 'siteAddedListingNote': False, 'aisleListingNoteWithSplit': False, 'listingNoteDescriptionContentId': 3338095, 'formattedListingNoteDescription': ""You'll have an unrestricted view of the show.""}]","[{'listingNoteBucketId': 27, 'formattedListingNoteContent': 'Clear view', 'displayOrder': 8, 'showsRawNoteText': True, 'sourceListingNoteId': -1}]",704412,False,False,Row 18,False,1908710,"¥1,908,710","¥1,908,710",,,,10,Mobile Transfer ticket,3,1,USD,JPY,8340.0,USD,"https://img.vggcdn.net/img/vfsimage2/812551/407_122934/0.jpg?im=Resize=(500,271)&v=771",19 hours ago,4,False,False,False,False,xtIQ4eI3r6IsGhwJSQZtkeOw8Fer5Z2p4hB9HrW1UQ0%3d,False,2026-07-18T15:04:24.6500000Z,False,False,False,False,False,False,0,False,,False,False,False,False,0,False,False,0,13391414116,False,26AE19B1-FEE2-455C-8666-832C75710630,False,False,True,2,4.394757060605434,0.8083873733,,,,"[{'message': 'Popular Pick', 'qualifier': '50 tickets sold for this event', 'hasValue': True, 'messageType': 'BoughtInLastHourSocialProofBased'}]",[],,,,,,,,,,,,,
13396051825,153020449,124,122796,124,2,6,_,,False,False,1,,False,False,[1],594,Lower,1,True,"[{'listingNoteId': -1, 'listingNoteContentId': 3338094, 'formattedListingNoteContent': 'Clear view', 'listingNoteTypeId': 3, 'showToBuyer': True, 'hideInMock': False, 'siteAddedListingNote': False, 'aisleListingNoteWithSplit': False, 'listingNoteDescriptionContentId': 3338095, 'formattedListingNoteDescription': ""You'll have an unrestricted view of the show.""}]","[{'listingNoteBucketId': 27, 'formattedListingNoteContent': 'Clear view', 'displayOrder': 8, 'showsRawNoteText': True, 'sourceListingNoteId': -1}]",2112761,False,False,Row 6,False,1910812,"¥1,910,812","¥1,910,812",,,,10,Mobile Transfer ticket,3,1,USD,JPY,10000.0,USD,"https://img.vggcdn.net/img/vfsimage2/812551/594_122796/0.jpg?im=Resize=(500,271)&v=771",an hour ago,9,False,False,False,False,I4W4RcSUSJ3%2fmuvQEXJkuzE1BlPdJzXjYpMR%2fXqFll4%3d,False,2026-07-19T09:54:00.5670000Z,False,False,False,True,False,False,0,False,[6],False,False,False,False,0,False,False,0,13396051825,False,0C33DC1C-2B90-4806-9DCC-30D3F521B241,False,False,True,5,8.772519355873955,1.54045121,,,,"[{'message': 'Amazing Value', 'qualifier': 'Based on price, view, seat quality and more', 'hasValue': True, 'messageType': 'ValueBased'}, {'message': 'Popular Pick', 'qualifier': '50 tickets sold for this event', 'hasValue': True, 'messageType': 'BoughtInLastHourSocialProofBased'}]",[],,,,,,,,Fan favorite,This section is in the top 10% of sections for this event when ranked based on a count of successful sales over the past 7 days on our site,True,,,
13395759225,153020449,Category 1,1989399,Category 1,3,,_,,False,False,1,,False,False,[1],1245,Category 1,1,True,"[{'listingNoteId': -1, 'listingNoteContentId': 3338094, 'formattedListingNoteContent': 'Clear view', 'listingNoteTypeId': 3, 'showToBuyer': True, 'hideInMock': False, 'siteAddedListingNote': False, 'aisleListingNoteWithSplit': False, 'listingNoteDescriptionContentId': 3338095, 'formattedListingNoteDescription': ""You'll have an unrestricted view of the show.""}]","[{'listingNoteBucketId': 27, 'formattedListingNoteContent': 'Clear view', 'displayOrder': 8, 'showsRawNoteText': True, 'sourceListingNoteId': -1}]",3325458,False,False,Row,True,1914315,"¥1,914,315","¥1,914,315",,,,10,Mobile Transfer ticket,3,1,EUR,JPY,9975.0,EUR,"https://img.vggcdn.net/img/vfsimage2/812551/1245_1989399/0.jpg?im=Resize=(500,271)&v=771",2 hours ago,8,False,False,True,False,rrsmS2vXgHDGhmaTN90lvkVzd%2f%2br%2b4pgKUthKLUBZ08%3d,False,2026-07-19T08:09:05.9770000Z,False,False,False,False,False,False,0,False,[7],False,False,False,False,0,False,False,0,13395759225,False,3D7AD152-B377-4ADA-B916-092E42AA6B48,False,False,True,4,7.675646625519189,1.2394394,Last ticket,True,,"[{'message': 'Great Value', 'qualifier': 'Based on price, view, seat quality and more', 'hasValue': True, 'messageType': 'ValueBased'}, {'message': 'Popular Pick', 'qualifier': '50 tickets sold for this event', 'hasValue': True, 'messageType': 'BoughtInLastHourSocialProofBased'}]",[],,,,,,,,,,,,,
13170596566,153020449,128,122798,128,2,27,_,,False,False,5,,False,False,"[1, 2, 3, 4, 5]",594,Lower,5,True,"[{'listingNoteId': -1, 'listingNoteContentId': 3338094, 'formattedListingNoteContent': 'Clear view', 'listingNoteTypeId': 3, 'showToBuyer': True, 'hideInMock': False, 'siteAddedListingNote': False, 'aisleListingNoteWithSplit': False, 'listingNoteDescriptionContentId': 3338095, 'formattedListingNoteDescription': ""You'll have an unrestricted view of the show.""}]","[{'listingNoteBucketId': 27, 'formattedListingNoteContent': 'Clear view', 'displayOrder': 8, 'showsRawNoteText': True, 'sourceListingNoteId': -1}]",2112832,False,False,Row 27,False,1923872,"¥1,923,872","¥1,923,872",,,,10,Mobile Transfer ticket,3,1,USD,JPY,0.0,USD,"https://img.vggcdn.net/img/vfsimage2/812551/594_122798/0.jpg?im=Resize=(500,271)&v=771",21 days ago,8,False,False,False,False,eKH2rRHjWOakN%2bktS0mUX0VWhU%2b%2b0rAD6XNzwI%2f1AHc%3d,False,2026-06-28T05:26:15.9100000Z,False,False,False,False,False,False,0,False,,False,False,False,False,0,False,False,0,13170596566,False,09B9E3CE-1C53-43D9-98CB-31F645E4E1F7,False,False,True,4,8.179886631555833,1.347906729,,,,"[{'message': 'Great Value', 'qualifier': 'Based on price, view, seat quality and more', 'hasValue': True, 'messageType': 'ValueBased'}, {'message': 'Popular Pick', 'qualifier': '50 tickets sold for this event', 'hasValue': True, 'messageType': 'BoughtInLastHourSocialProofBased'}]",[],,,,,,,,,,,,,
13394353352,153020449,109,122787,109,2,16,_,,False,False,4,,False,False,"[1, 2, 4]",594,Lower,4,True,"[{'listingNoteId': 814, 'listingNoteContentId': 2446060, 'formattedListingNoteContent': 'Limited or Obstructed View (printed on ticket)', 'listingNoteTypeId': 1, 'showToBuyer': True, 'hideInMock': False, 'siteAddedListingNote': False, 'aisleListingNoteWithSplit': False, 'listingNoteDescriptionContentId': 2446061, 'formattedListingNoteDescription': 'Limited or Obstructed View (printed on ticket)'}]","[{'listingNoteBucketId': 21, 'formattedListingNoteContent': 'Limited view', 'displayOrder': 21, 'showsRawNoteText': False}]",2112293,False,False,Row 16,False,1930114,"¥1,930,114","¥1,930,114",,,,10,Mobile Transfer ticket,3,1,USD,JPY,10990.0,USD,"https://img.vggcdn.net/img/vfsimage2/812551/594_122787/0.jpg?im=Resize=(500,271)&v=771",8 hours ago,9,False,False,False,False,haV3cxHfbKdm7pBrNERG%2faqgmuRVj5zXtDJM78zIX%2bs%3d,False,2026-07-19T02:52:37.8270000Z,False,False,False,False,False,False,0,False,,False,False,False,False,0,False,False,0,13394353352,False,B1B0F76E-D5FB-45D2-B003-B3D51A6D4AE6,False,False,True,5,8.625048484723752,1.485331372,,,,"[{'message': 'Amazing Value', 'qualifier': 'Based on price, view, seat quality and more', 'hasValue': True, 'messageType': 'ValueBased'}, {'message': 'Popular Pick', 'qualifier': '50 tickets sold for this event', 'hasValue': True, 'messageType': 'BoughtInLastHourSocialProofBased'}]",[],,,,,,,,,,,,,
13396069984,153020449,149,122812,149,2,13,10_10,10,False,False,1,,False,False,[1],594,Lower,1,True,"[{'listingNoteId': -1, 'listingNoteContentId': 3338094, 'formattedListingNoteContent': 'Clear view', 'listingNoteTypeId': 3, 'showToBuyer': True, 'hideInMock': False, 'siteAddedListingNote': False, 'aisleListingNoteWithSplit': False, 'listingNoteDescriptionContentId': 3338095, 'formattedListingNoteDescription': ""You'll have an unrestricted view of the show.""}]","[{'listingNoteBucketId': 27, 'formattedListingNoteContent': 'Clear view', 'displayOrder': 8, 'showsRawNoteText': True, 'sourceListingNoteId': -1}]",2113330,False,False,Row 13,False,1930305,"¥1,930,305","¥1,930,305",,,,10,Mobile Transfer ticket,3,1,USD,JPY,10900.0,USD,"https://img.vggcdn.net/img/vfsimage2/812551/594_122812/0.jpg?im=Resize=(500,271)&v=771",50 minutes ago,8,False,False,False,False,%2blBxrqh3g%2bhH4VtSKTXn66yi1r9gw9qzi4a6QhoyDjw%3d,False,2026-07-19T10:04:06.3270000Z,False,False,False,False,False,False,0,False,,False,False,False,False,0,False,False,0,13396069984,False,B71B9A91-D0E5-4350-8ADB-372A200ADD21,False,False,True,4,8.49,1.426788113,,,,"[{'message': 'Great Value', 'qualifier': 'Based on price, view, seat quality and more', 'hasValue': True, 'messageType': 'ValueBased'}, {'message': 'Popular Pick', 'qualifier': '50 tickets sold for this event', 'hasValue': True, 'messageType': 'BoughtInLastHourSocialProofBased'}]",[],10,10,,,,,,,,,,,
13395989358,153020449,123,122795,123,2,30,_,,False,False,1,,False,False,[1],594,Lower,1,True,"[{'listingNoteId': -1, 'listingNoteContentId': 3338094, 'formattedListingNoteContent': 'Clear view', 'listingNoteTypeId': 3, 'showToBuyer': True, 'hideInMock': False, 'siteAddedListingNote': False, 'aisleListingNoteWithSplit': False, 'listingNoteDescriptionContentId': 3338095, 'formattedListingNoteDescription': ""You'll have an unrestricted view of the show.""}]","[{'listingNoteBucketId': 27, 'formattedListingNoteContent': 'Clear view', 'displayOrder': 8, 'showsRawNoteText': True, 'sourceListingNoteId': -1}]",2112691,False,False,Row 30,False,1936744,"¥1,936,744","¥1,936,744",,,,10,Mobile Transfer ticket,3,1,EUR,JPY,9000.0,EUR,"https://img.vggcdn.net/img/vfsimage2/812551/594_122795/0.jpg?im=Resize=(500,271)&v=771",an hour ago,7,False,False,False,False,RxdFtXLtiqyyryrr916CJYXg%2fdvHvJYMl25hED87Lmo%3d,False,2026-07-19T09:36:29.0400000Z,False,False,False,False,False,False,0,False,,False,False,False,False,0,False,False,0,13395989358,False,F638C018-481B-41C2-9763-21264E6447C6,False,False,True,4,7.398411069672689,1.203745556,,,,"[{'message': 'Great Value', 'qualifier': 'Based on price, view, seat quality and more', 'hasValue': True, 'messageType': 'ValueBased'}, {'message': 'Popular Pick', 'qualifier': '50 tickets sold for this event', 'hasValue': True, 'messageType': 'BoughtInLastHourSocialProofBased'}]",[],,,,,,,,,,,,,
13384129659,153020449,342,122935,342,2,14,_,,False,False,4,,False,False,"[1, 2, 3, 4]",407,Upper,4,True,"[{'listingNoteId': -1, 'listingNoteContentId': 3338094, 'formattedListingNoteContent': 'Clear view', 'listingNoteTypeId': 3, 'showToBuyer': True, 'hideInMock': False, 'siteAddedListingNote': False, 'aisleListingNoteWithSplit': False, 'listingNoteDescriptionContentId': 3338095, 'formattedListingNoteDescription': ""You'll have an unrestricted view of the show.""}]","[{'listingNoteBucketId': 27, 'formattedListingNoteContent': 'Clear view', 'displayOrder': 8, 'showsRawNoteText': True, 'sourceListingNoteId': -1}]",704430,False,False,Row 14,False,1942333,"¥1,942,333","¥1,942,333","¥3,042,300",36.0,"¥1,099,967",10,Mobile Transfer ticket,3,1,USD,JPY,0.0,USD,"https://img.vggcdn.net/img/vfsimage2/812551/407_122935/0.jpg?im=Resize=(500,271)&v=771",yesterday,4,False,False,False,False,dvrqq%2ffFWpr88gprTKWXwIBs1cLa0Yuv8vPA%2btYrhrQ%3d,False,2026-07-17T16:37:34.2600000Z,False,False,False,False,False,False,0,False,,False,False,False,False,0,False,False,0,13384129659,False,D219030F-F015-45FA-8972-63393222EC95,False,False,True,2,4.295909871290241,0.8097118042,,,,"[{'message': 'Popular Pick', 'qualifier': '50 tickets sold for this event', 'hasValue': True, 'messageType': 'BoughtInLastHourSocialProofBased'}]",[],,,,,,,,,,,,,
13395222371,153020449,118,122793,118,2,14,11_11,11,False,False,1,,False,False,[1],594,Lower,1,True,"[{'listingNoteId': 814, 'listingNoteContentId': 2446060, 'formattedListingNoteContent': 'Limited or Obstructed View (printed on ticket)', 'listingNoteTypeId': 1, 'showToBuyer': True, 'hideInMock': False, 'siteAddedListingNote': False, 'aisleListingNoteWithSplit': False, 'listingNoteDescriptionContentId': 2446061, 'formattedListingNoteDescription': 'Limited or Obstructed View (printed on ticket)'}]","[{'listingNoteBucketId': 21, 'formattedListingNoteContent': 'Limited view', 'displayOrder': 21, 'showsRawNoteText': False}]",2112590,False,False,Row 14,False,1949799,"¥1,949,799","¥1,949,799",,,,10,Mobile Transfer ticket,3,1,USD,JPY,5750.0,USD,"https://img.vggcdn.net/img/vfsimage2/812551/594_122793/0.jpg?im=Resize=(500,271)&v=771",5 hours ago,9,False,False,False,False,6YnfzRINp2Zr269ode%2bNCcZk2PT0ws70Dc%2fbtkVDTGw%3d,False,2026-07-19T05:49:56.5500000Z,False,False,False,False,False,False,0,False,[7],False,False,False,False,0,False,False,0,13395222371,False,9C968B92-4501-42F0-8259-374385BB6959,False,False,True,5,8.887188585491808,1.63228883,Last ticket,True,,"[{'message': 'Amazing Value', 'qualifier': 'Based on price, view, seat quality and more', 'hasValue': True, 'messageType': 'ValueBased'}, {'message': 'Popular Pick', 'qualifier': '50 tickets sold for this event', 'hasValue': True, 'messageType': 'BoughtInLastHourSocialProofBased'}]",[],,,,,,,,,,,,,
13387928582,153020449,108,122786,108,2,16,_,,False,False,4,,False,False,"[1, 2, 4]",594,Lower,4,True,"[{'listingNoteId': 814, 'listingNoteContentId': 2446060, 'formattedListingNoteContent': 'Limited or Obstructed View (printed on ticket)', 'listingNoteTypeId': 1, 'showToBuyer': True, 'hideInMock': False, 'siteAddedListingNote': False, 'aisleListingNoteWithSplit': False, 'listingNoteDescriptionContentId': 2446061, 'formattedListingNoteDescription': 'Limited or Obstructed View (printed on ticket)'}]","[{'listingNoteBucketId': 21, 'formattedListingNoteContent': 'Limited view', 'displayOrder': 21, 'showsRawNoteText': False}]",2112259,False,False,Row 16,False,1987226,"¥1,987,226","¥1,987,226","¥2,843,262",30.0,"¥856,036",10,Mobile Transfer ticket,3,1,USD,JPY,10990.0,USD,"https://img.vggcdn.net/img/vfsimage2/812551/594_122786/0.jpg?im=Resize=(500,271)&v=771",yesterday,9,False,False,False,False,RAWFuBLECRA%2fx49PZ9btzdm2ojC%2fbTKhrgIf9ZIBzNU%3d,False,2026-07-18T01:24:36.4000000Z,False,False,False,False,False,False,0,False,,False,False,False,False,0,False,False,0,13387928582,False,9E1031D2-E23E-4933-BBF0-B65C1720254D,False,False,True,5,8.56287118147583,1.500553117,,,,"[{'message': 'Amazing Value', 'qualifier': 'Based on price, view, seat quality and more', 'hasValue': True, 'messageType': 'ValueBased'}, {'message': 'Popular Pick', 'qualifier': '50 tickets sold for this event', 'hasValue': True, 'messageType': 'BoughtInLastHourSocialProofBased'}]",[],,,,,,,,,,,,,
13385268958,153020449,101,122782,101,2,4,13_13,13,False,False,1,,False,False,[1],594,Lower,1,True,"[{'listingNoteId': -1, 'listingNoteContentId': 3338094, 'formattedListingNoteContent': 'Clear view', 'listingNoteTypeId': 3, 'showToBuyer': True, 'hideInMock': False, 'siteAddedListingNote': False, 'aisleListingNoteWithSplit': False, 'listingNoteDescriptionContentId': 3338095, 'formattedListingNoteDescription': ""You'll have an unrestricted view of the show.""}]","[{'listingNoteBucketId': 27, 'formattedListingNoteContent': 'Clear view', 'displayOrder': 8, 'showsRawNoteText': True, 'sourceListingNoteId': -1}]",2112096,False,False,Row 4,False,2006138,"¥2,006,138","¥2,006,138","¥3,222,168",38.0,"¥1,216,030",10,Mobile Transfer ticket,3,1,USD,JPY,11270.0,USD,"https://img.vggcdn.net/img/vfsimage2/812551/594_122782/0.jpg?im=Resize=(500,271)&v=771",yesterday,9,False,False,False,False,GlEvH3EHf1ehVTgPTLfGjgVqVF6yKKUfMAjj5h2%2bVok%3d,False,2026-07-17T19:08:33.6070000Z,False,False,False,False,False,False,0,False,,False,False,False,False,0,False,False,0,13385268958,False,9A2BDA68-B1BD-45D3-BE4D-71603CF5AD5E,False,False,True,5,8.852007901383883,1.659896764,,,,"[{'message': 'Amazing Value', 'qualifier': 'Based on price, view, seat quality and more', 'hasValue': True, 'messageType': 'ValueBased'}, {'message': 'Popular Pick', 'qualifier': '50 tickets sold for this event', 'hasValue': True, 'messageType': 'BoughtInLastHourSocialProofBased'}]",[],,,,,,,,,,,,,
13375653128,153020449,Spain Supporters,2447956,Spain Supporters,3,,_,,False,False,2,,False,False,"[1, 2]",1666,Spain Supporters,2,True,"[{'listingNoteId': -1, 'listingNoteContentId': 3338094, 'formattedListingNoteContent': 'Clear view', 'listingNoteTypeId': 3, 'showToBuyer': True, 'hideInMock': False, 'siteAddedListingNote': False, 'aisleListingNoteWithSplit': False, 'listingNoteDescriptionContentId': 3338095, 'formattedListingNoteDescription': ""You'll have an unrestricted view of the show.""}]","[{'listingNoteBucketId': 27, 'formattedListingNoteContent': 'Clear view', 'displayOrder': 8, 'showsRawNoteText': True, 'sourceListingNoteId': -1}]",4847586,False,False,Row,True,2006972,"¥2,006,972","¥2,006,972",,,,10,Mobile Transfer ticket,3,1,EUR,JPY,1000.0,EUR,"https://img.vggcdn.net/img/vfsimage2/812551/1666_2447956/0.jpg?im=Resize=(500,271)&v=771",2 days ago,0,False,False,True,False,WvYVfuyXjJdwi%2bMGaNYpIHJhvPQ7NAc970KT8tPia0o%3d,False,2026-07-16T19:33:25.1370000Z,False,False,False,False,False,False,0,False,[7],False,False,False,False,0,False,False,0,13375653128,False,D4B09043-51A7-40CC-9364-7F957D7BE025,False,False,True,0,,,Last tickets,True,,"[{'message': 'Popular Pick', 'qualifier': '50 tickets sold for this event', 'hasValue': True, 'messageType': 'BoughtInLastHourSocialProofBased'}]",[],,,,,,,,,,,,,
13364048140,153020449,149,122812,149,2,7,12_14,12,False,False,3,,False,False,"[1, 3]",594,Lower,3,True,"[{'listingNoteId': -1, 'listingNoteContentId': 3338094, 'formattedListingNoteContent': 'Clear view', 'listingNoteTypeId': 3, 'showToBuyer': True, 'hideInMock': False, 'siteAddedListingNote': False, 'aisleListingNoteWithSplit': False, 'listingNoteDescriptionContentId': 3338095, 'formattedListingNoteDescription': ""You'll have an unrestricted view of the show.""}]","[{'listingNoteBucketId': 27, 'formattedListingNoteContent': 'Clear view', 'displayOrder': 8, 'showsRawNoteText': True, 'sourceListingNoteId': -1}]",2113372,False,False,Row 7,False,2014043,"¥2,014,043","¥2,014,043","¥3,255,154",38.0,"¥1,241,111",10,Mobile Transfer ticket,3,1,USD,JPY,0.0,USD,"https://img.vggcdn.net/img/vfsimage2/812551/594_122812/0.jpg?im=Resize=(500,271)&v=771",3 days ago,9,False,False,False,False,20ecnqyPsCozB2zf0iX7NjVi7kFNHgRpAgEUi3sFlpY%3d,False,2026-07-15T20:58:41.9000000Z,False,False,False,False,False,False,0,False,,False,False,False,False,0,False,False,0,13364048140,False,E3D3626D-B6E5-4D9C-BB6B-B4AA385DFAF0,False,False,True,5,8.574153294436337,1.526010398,,,,"[{'message': 'Amazing Value', 'qualifier': 'Based on price, view, seat quality and more', 'hasValue': True, 'messageType': 'ValueBased'}, {'message': 'Popular Pick', 'qualifier': '50 tickets sold for this event', 'hasValue': True, 'messageType': 'BoughtInLastHourSocialProofBased'}]",[],,,,,,,,,,,,,
13393685369,153020449,126,122797,126,2,31,3_5,3,False,False,3,,False,False,"[1, 3]",594,Lower,3,True,"[{'listingNoteId': -1, 'listingNoteContentId': 3338094, 'formattedListingNoteContent': 'Clear view', 'listingNoteTypeId': 3, 'showToBuyer': True, 'hideInMock': False, 'siteAddedListingNote': False, 'aisleListingNoteWithSplit': False, 'listingNoteDescriptionContentId': 3338095, 'formattedListingNoteDescription': ""You'll have an unrestricted view of the show.""}]","[{'listingNoteBucketId': 27, 'formattedListingNoteContent': 'Clear view', 'displayOrder': 8, 'showsRawNoteText': True, 'sourceListingNoteId': -1}]",2112789,False,False,Row 31,False,2024097,"¥2,024,097","¥2,024,097",,,,10,Mobile Transfer ticket,3,1,USD,JPY,0.0,USD,"https://img.vggcdn.net/img/vfsimage2/812551/594_122797/0.jpg?im=Resize=(500,271)&v=771",11 hours ago,7,False,False,False,False,uycz97gAnppN%2blXxRnrC5rheCYS7PhmZRM9Ynm958W4%3d,False,2026-07-18T23:46:54.3370000Z,False,False,False,True,False,False,0,False,[6],False,False,False,False,0,False,False,0,13393685369,False,50F87C7C-C9A3-4A36-B7C5-14448B921C5E,False,False,True,4,7.4295419594207255,1.263732799,,,,"[{'message': 'Great Value', 'qualifier': 'Based on price, view, seat quality and more', 'hasValue': True, 'messageType': 'ValueBased'}, {'message': 'Popular Pick', 'qualifier': '50 tickets sold for this event', 'hasValue': True, 'messageType': 'BoughtInLastHourSocialProofBased'}]",[],,,,,,,,Fan favorite,This section is in the top 10% of sections for this event when ranked based on a count of successful sales over the past 7 days on our site,True,,,
13396084083,153020449,103,122783,103,2,23,1_1,1,False,False,1,,False,False,[1],594,Lower,1,True,"[{'listingNoteId': -1, 'listingNoteContentId': 3338094, 'formattedListingNoteContent': 'Clear view', 'listingNoteTypeId': 3, 'showToBuyer': True, 'hideInMock': False, 'siteAddedListingNote': False, 'aisleListingNoteWithSplit': False, 'listingNoteDescriptionContentId': 3338095, 'formattedListingNoteDescription': ""You'll have an unrestricted view of the show.""}]","[{'listingNoteBucketId': 14, 'formattedListingNoteContent': 'Aisle seat', 'displayOrder': 14, 'showsRawNoteText': True, 'sourceListingNoteId': 2024}, {'listingNoteBucketId': 27, 'formattedListingNoteContent': 'Clear view', 'displayOrder': 8, 'showsRawNoteText': True, 'sourceListingNoteId': -1}]",2112125,False,False,Row 23,False,2047266,"¥2,047,266","¥2,047,266",,,,10,Mobile Transfer ticket,3,1,USD,JPY,11995.0,USD,"https://img.vggcdn.net/img/vfsimage2/812551/594_122783/0.jpg?im=Resize=(500,271)&v=771",48 minutes ago,7,False,False,False,False,rlofZD1najO4oo1%2fZOrIFZV0fQ%2bHkDk2kSOkvAi0RE8%3d,False,2026-07-19T10:06:29.1430000Z,False,False,False,True,False,False,0,False,[6],False,False,False,False,0,False,False,0,13396084083,False,D652E67A-646E-4F99-A61C-F0378B97ED73,False,False,True,3,6.820375283842542,1.175612478,,,,"[{'message': 'Popular Pick', 'qualifier': '51 tickets sold for this event', 'hasValue': True, 'messageType': 'BoughtInLastHourSocialProofBased'}, {'message': 'Aisle Seat', 'qualifier': 'Easy access to your seat', 'hasValue': True, 'messageType': 'AisleSeatTicketAttributeBased'}]",[2024],1,1,,,,,,Fan favorite,This section is in the top 10% of sections for this event when ranked based on a count of successful sales over the past 7 days on our site,True,,,
13395733703,153020449,117,122792,117,2,19,_,,False,False,1,,False,False,[1],594,Lower,1,True,"[{'listingNoteId': 814, 'listingNoteContentId': 2446060, 'formattedListingNoteContent': 'Limited or Obstructed View (printed on ticket)', 'listingNoteTypeId': 1, 'showToBuyer': True, 'hideInMock': False, 'siteAddedListingNote': False, 'aisleListingNoteWithSplit': False, 'listingNoteDescriptionContentId': 2446061, 'formattedListingNoteDescription': 'Limited or Obstructed View (printed on ticket)'}]","[{'listingNoteBucketId': 21, 'formattedListingNoteContent': 'Limited view', 'displayOrder': 21, 'showsRawNoteText': False}]",2112558,False,False,Row 19,False,2051116,"¥2,051,116","¥2,051,116","¥2,818,244",27.0,"¥767,128",10,Mobile Transfer ticket,3,1,EUR,JPY,10990.0,EUR,"https://img.vggcdn.net/img/vfsimage2/812551/594_122792/0.jpg?im=Resize=(500,271)&v=771",2 hours ago,9,False,False,False,False,TuK8oW1ggp79TgUxAx6C51AEKbz1pu6bdO4P4obl2jo%3d,False,2026-07-19T08:05:56.0200000Z,False,False,False,False,False,False,0,False,,False,False,False,False,0,False,False,0,13395733703,False,5851B8DB-6E45-441A-BE4E-7CF1C6296C1C,False,False,True,5,8.739716564787383,1.636267957,,,,"[{'message': 'Amazing Value', 'qualifier': 'Based on price, view, seat quality and more', 'hasValue': True, 'messageType': 'ValueBased'}, {'message': 'Popular Pick', 'qualifier': '51 tickets sold for this event', 'hasValue': True, 'messageType': 'BoughtInLastHourSocialProofBased'}]",[],,,,,,,,,,,,,
13395026079,153020449,146,122810,146,2,32,16_19,16,False,False,4,,False,False,"[1, 2, 3, 4]",594,Lower,4,True,"[{'listingNoteId': -1, 'listingNoteContentId': 3338094, 'formattedListingNoteContent': 'Clear view', 'listingNoteTypeId': 3, 'showToBuyer': True, 'hideInMock': False, 'siteAddedListingNote': False, 'aisleListingNoteWithSplit': False, 'listingNoteDescriptionContentId': 3338095, 'formattedListingNoteDescription': ""You'll have an unrestricted view of the show.""}]","[{'listingNoteBucketId': 27, 'formattedListingNoteContent': 'Clear view', 'displayOrder': 8, 'showsRawNoteText': True, 'sourceListingNoteId': -1}]",2113255,False,False,Row 32,False,2052396,"¥2,052,396","¥2,052,396",,,,10,Mobile Transfer ticket,3,1,USD,JPY,11000.0,USD,"https://img.vggcdn.net/img/vfsimage2/812551/594_122810/0.jpg?im=Resize=(500,271)&v=771",5 hours ago,6,False,False,False,False,w9yoGHCfkSJQOSaqLu3kkIKMikfnvUbNo%2b5fsDmgQho%3d,False,2026-07-19T05:12:07.6770000Z,False,False,False,False,False,False,0,False,,False,False,False,False,0,False,False,0,13395026079,False,13C83656-A073-4795-91C0-659C37311A81,False,False,True,3,6.132057399989011,1.086768645,,,,"[{'message': 'Popular Pick', 'qualifier': '51 tickets sold for this event', 'hasValue': True, 'messageType': 'BoughtInLastHourSocialProofBased'}]",[],,,,,,,,,,,,,
13386736150,153020449,104,122784,104,2,26,_,,False,False,1,,False,False,[1],594,Lower,1,True,"[{'listingNoteId': -1, 'listingNoteContentId': 3338094, 'formattedListingNoteContent': 'Clear view', 'listingNoteTypeId': 3, 'showToBuyer': True, 'hideInMock': False, 'siteAddedListingNote': False, 'aisleListingNoteWithSplit': False, 'listingNoteDescriptionContentId': 3338095, 'formattedListingNoteDescription': ""You'll have an unrestricted view of the show.""}]","[{'listingNoteBucketId': 27, 'formattedListingNoteContent': 'Clear view', 'displayOrder': 8, 'showsRawNoteText': True, 'sourceListingNoteId': -1}]",2112177,False,False,Row 26,False,2053134,"¥2,053,134","¥2,053,134",,,,10,Mobile Transfer ticket,3,1,USD,JPY,9982.0,USD,"https://img.vggcdn.net/img/vfsimage2/812551/594_122784/0.jpg?im=Resize=(500,271)&v=771",yesterday,7,False,False,False,False,yF9Ha0XFym6LNkzNqr2B%2fVBCou%2bQOb%2f0%2b5KMK%2fNcqg4%3d,False,2026-07-17T22:29:09.0930000Z,False,False,False,False,False,False,0,False,,False,False,False,False,0,False,False,0,13386736150,False,94E21A36-587C-4C8F-9683-492839E26C44,False,False,True,4,7.167248433570625,1.234865981,,,,"[{'message': 'Great Value', 'qualifier': 'Based on price, view, seat quality and more', 'hasValue': True, 'messageType': 'ValueBased'}, {'message': 'Popular Pick', 'qualifier': '51 tickets sold for this event', 'hasValue': True, 'messageType': 'BoughtInLastHourSocialProofBased'}]",[],,,,,,,,,,,,,
13387711652,153020449,109,122787,109,2,15,7_9,7,False,False,3,,False,False,"[1, 2, 3]",594,Lower,3,True,"[{'listingNoteId': 814, 'listingNoteContentId': 2446060, 'formattedListingNoteContent': 'Limited or Obstructed View (printed on ticket)', 'listingNoteTypeId': 1, 'showToBuyer': True, 'hideInMock': False, 'siteAddedListingNote': False, 'aisleListingNoteWithSplit': False, 'listingNoteDescriptionContentId': 2446061, 'formattedListingNoteDescription': 'Limited or Obstructed View (printed on ticket)'}]","[{'listingNoteBucketId': 21, 'formattedListingNoteContent': 'Limited view', 'displayOrder': 21, 'showsRawNoteText': False}]",2112292,False,False,Row 15,False,2073857,"¥2,073,857","¥2,073,857","¥3,251,814",36.0,"¥1,177,957",10,Mobile Transfer ticket,3,1,EUR,JPY,11000.0,EUR,"https://img.vggcdn.net/img/vfsimage2/812551/594_122787/0.jpg?im=Resize=(500,271)&v=771",yesterday,8,False,False,False,False,aWlXEwVYAIrgHca8JIlyaUPI74c1%2fzXs1U39ywFslys%3d,False,2026-07-18T00:36:56.8070000Z,False,False,False,False,False,False,0,False,,False,False,False,False,0,False,False,0,13387711652,False,8DDDE70E-9E56-4FFE-A294-033D1C9F8B5F,False,False,True,4,8.396113118458421,1.506041195,,,,"[{'message': 'Great Value', 'qualifier': 'Based on price, view, seat quality and more', 'hasValue': True, 'messageType': 'ValueBased'}, {'message': 'Popular Pick', 'qualifier': '51 tickets sold for this event', 'hasValue': True, 'messageType': 'BoughtInLastHourSocialProofBased'}]",[],,,,,,,,,,,,,
13384719219,153020449,106,122785,106,2,37,8_10,8,False,False,3,,False,False,"[1, 3]",594,Lower,3,True,"[{'listingNoteId': -1, 'listingNoteContentId': 3338094, 'formattedListingNoteContent': 'Clear view', 'listingNoteTypeId': 3, 'showToBuyer': True, 'hideInMock': False, 'siteAddedListingNote': False, 'aisleListingNoteWithSplit': False, 'listingNoteDescriptionContentId': 3338095, 'formattedListingNoteDescription': ""You'll have an unrestricted view of the show.""}]","[{'listingNoteBucketId': 27, 'formattedListingNoteContent': 'Clear view', 'displayOrder': 8, 'showsRawNoteText': True, 'sourceListingNoteId': -1}]",2112235,False,False,Row 37,False,2074102,"¥2,074,102","¥2,074,102","¥3,757,201",45.0,"¥1,683,099",10,Mobile Transfer ticket,3,1,USD,JPY,0.0,USD,"https://img.vggcdn.net/img/vfsimage2/812551/594_122785/0.jpg?im=Resize=(500,271)&v=771",yesterday,6,False,False,False,False,jqpP7L5vdzHpsSvleuq7YmSzLgziR%2brXCScti75cPhQ%3d,False,2026-07-17T17:43:18.0600000Z,False,False,False,False,False,False,0,False,[7],False,False,False,False,0,False,False,0,13384719219,False,285B0CE5-751F-4398-957B-D824CA4AC1CA,False,False,True,3,5.647685799786976,1.041199237,Last tickets,True,,"[{'message': 'Popular Pick', 'qualifier': '51 tickets sold for this event', 'hasValue': True, 'messageType': 'BoughtInLastHourSocialProofBased'}]",[],,,,,,,,,,,,,
13390442972,153020449,149,122812,149,2,14,_,,False,False,1,,False,False,[1],594,Lower,1,True,"[{'listingNoteId': -1, 'listingNoteContentId': 3338094, 'formattedListingNoteContent': 'Clear view', 'listingNoteTypeId': 3, 'showToBuyer': True, 'hideInMock': False, 'siteAddedListingNote': False, 'aisleListingNoteWithSplit': False, 'listingNoteDescriptionContentId': 3338095, 'formattedListingNoteDescription': ""You'll have an unrestricted view of the show.""}]","[{'listingNoteBucketId': 27, 'formattedListingNoteContent': 'Clear view', 'displayOrder': 8, 'showsRawNoteText': True, 'sourceListingNoteId': -1}]",2113331,False,False,Row 14,False,2091341,"¥2,091,341","¥2,091,341",,,,10,Mobile Transfer ticket,3,1,USD,JPY,10990.0,USD,"https://img.vggcdn.net/img/vfsimage2/812551/594_122812/0.jpg?im=Resize=(500,271)&v=771",22 hours ago,8,False,False,False,False,3SrB7wLEy2e0jZJfE2mpvr2zzE0bGx%2fVS9oHF1MhHlk%3d,False,2026-07-18T12:17:54.7330000Z,False,False,False,False,False,False,0,False,,False,False,False,False,0,False,False,0,13390442972,False,D702513C-E594-406B-B81D-CB7DD7D225D3,False,False,True,4,7.943077151818251,1.410860715,,,,"[{'message': 'Great Value', 'qualifier': 'Based on price, view, seat quality and more', 'hasValue': True, 'messageType': 'ValueBased'}, {'message': 'Popular Pick', 'qualifier': '51 tickets sold for this event', 'hasValue': True, 'messageType': 'BoughtInLastHourSocialProofBased'}]",[],,,,,,,,,,,,,
13390284812,153020449,108,122786,108,2,15,_,,False,False,3,,False,False,"[1, 3]",594,Lower,3,True,"[{'listingNoteId': 814, 'listingNoteContentId': 2446060, 'formattedListingNoteContent': 'Limited or Obstructed View (printed on ticket)', 'listingNoteTypeId': 1, 'showToBuyer': True, 'hideInMock': False, 'siteAddedListingNote': False, 'aisleListingNoteWithSplit': False, 'listingNoteDescriptionContentId': 2446061, 'formattedListingNoteDescription': 'Limited or Obstructed View (printed on ticket)'}]","[{'listingNoteBucketId': 21, 'formattedListingNoteContent': 'Limited view', 'displayOrder': 21, 'showsRawNoteText': False}]",2112258,False,False,Row 15,False,2092296,"¥2,092,296","¥2,092,296","¥2,843,049",26.0,"¥750,753",10,Mobile Transfer ticket,3,1,USD,JPY,1099.0,USD,"https://img.vggcdn.net/img/vfsimage2/812551/594_122786/0.jpg?im=Resize=(500,271)&v=771",22 hours ago,8,False,False,False,False,CdhGW5bDj28%2bUv0UiGa0tMv%2f%2fBkBpOsN6jiikvWNq%2bs%3d,False,2026-07-18T11:59:25.3700000Z,False,False,False,False,False,False,0,False,,False,False,False,False,0,False,False,0,13390284812,False,3D413DAE-0247-4D78-ADF1-BDD4EEB36F78,False,False,True,4,8.373163866933885,1.513572,,,,"[{'message': 'Great Value', 'qualifier': 'Based on price, view, seat quality and more', 'hasValue': True, 'messageType': 'ValueBased'}, {'message': 'Popular Pick', 'qualifier': '51 tickets sold for this event', 'hasValue': True, 'messageType': 'BoughtInLastHourSocialProofBased'}]",[],,,,,,,,,,,,,
13394475706,153020449,148,122811,148,2,24,_,,False,False,4,,False,False,"[1, 2, 3, 4]",594,Lower,4,True,"[{'listingNoteId': -1, 'listingNoteContentId': 3338094, 'formattedListingNoteContent': 'Clear view', 'listingNoteTypeId': 3, 'showToBuyer': True, 'hideInMock': False, 'siteAddedListingNote': False, 'aisleListingNoteWithSplit': False, 'listingNoteDescriptionContentId': 3338095, 'formattedListingNoteDescription': ""You'll have an unrestricted view of the show.""}]","[{'listingNoteBucketId': 27, 'formattedListingNoteContent': 'Clear view', 'displayOrder': 8, 'showsRawNoteText': True, 'sourceListingNoteId': -1}]",2113294,False,False,Row 24,False,2095639,"¥2,095,639","¥2,095,639",,,,10,Mobile Transfer ticket,3,1,USD,JPY,0.0,USD,"https://img.vggcdn.net/img/vfsimage2/812551/594_122811/0.jpg?im=Resize=(500,271)&v=771",7 hours ago,8,False,False,False,False,792dYRxklFD6IaQ%2fafeygw0b2vMnIbCwnefOuThanwk%3d,False,2026-07-19T03:24:44.0800000Z,False,False,False,True,False,False,0,False,[6],False,False,False,False,0,False,False,0,13394475706,False,A391F6AC-603C-43B0-8F85-4AADC8EB33ED,False,False,True,4,7.6219732289797975,1.345994762,,,,"[{'message': 'Great Value', 'qualifier': 'Based on price, view, seat quality and more', 'hasValue': True, 'messageType': 'ValueBased'}, {'message': 'Popular Pick', 'qualifier': '51 tickets sold for this event', 'hasValue': True, 'messageType': 'BoughtInLastHourSocialProofBased'}]",[],,,,,,,,Fan favorite,This section is in the top 10% of sections for this event when ranked based on a count of successful sales over the past 7 days on our site,True,,,
13394738840,153020449,124,122796,124,2,3,_,,False,False,1,,False,False,[1],594,Lower,1,True,"[{'listingNoteId': 2027, 'listingNoteContentId': 3415845, 'formattedListingNoteContent': 'Third Row of Section', 'listingNoteTypeId': 6, 'showToBuyer': True, 'hideInMock': False, 'siteAddedListingNote': False, 'aisleListingNoteWithSplit': False, 'listingNoteDescriptionContentId': 3415845, 'formattedListingNoteDescription': 'Third Row of Section'}, {'listingNoteId': -1, 'listingNoteContentId': 3338094, 'formattedListingNoteContent': 'Clear view', 'listingNoteTypeId': 3, 'showToBuyer': True, 'hideInMock': False, 'siteAddedListingNote': False, 'aisleListingNoteWithSplit': False, 'listingNoteDescriptionContentId': 3338095, 'formattedListingNoteDescription': ""You'll have an unrestricted view of the show.""}]","[{'listingNoteBucketId': 14, 'formattedListingNoteContent': 'Third Row of Section', 'displayOrder': 14, 'showsRawNoteText': True, 'sourceListingNoteId': 2027}, {'listingNoteBucketId': 27, 'formattedListingNoteContent': 'Clear view', 'displayOrder': 8, 'showsRawNoteText': True, 'sourceListingNoteId': -1}]",2112738,False,False,Row 3,False,2105747,"¥2,105,747","¥2,105,747",,,,10,Mobile Transfer ticket,3,1,USD,JPY,10990.0,USD,"https://img.vggcdn.net/img/vfsimage2/812551/594_122796/0.jpg?im=Resize=(500,271)&v=771",6 hours ago,9,False,False,False,False,Gd26Iadxo8mDwzAIQSfe2gOEPoPZbzYLSzVAJY9hiYM%3d,False,2026-07-19T04:29:15.2370000Z,False,False,False,True,False,False,0,False,[6],False,False,False,False,0,False,False,0,13394738840,False,6C394114-F1CC-47BD-A4B7-FB089A31C89E,False,False,True,5,8.571258054561937,1.594108818,,,,"[{'message': 'Amazing Value', 'qualifier': 'Based on price, view, seat quality and more', 'hasValue': True, 'messageType': 'ValueBased'}, {'message': 'Popular Pick', 'qualifier': '50 tickets sold for this event', 'hasValue': True, 'messageType': 'BoughtInLastHourSocialProofBased'}, {'message': 'Third Row', 'qualifier': 'Excellent proximity to the action', 'hasValue': True, 'messageType': 'ThirdRowTicketAttributeBased'}]",[2027],,,,,,,,Fan favorite,This section is in the top 10% of sections for this event when ranked based on a count of successful sales over the past 7 days on our site,True,,,
13285866325,153020449,323,122916,323,2,5,19_19,19,False,False,1,,False,False,[1],407,Upper,1,True,"[{'listingNoteId': 811, 'listingNoteContentId': 2446054, 'formattedListingNoteContent': 'Actual 1st row of the section', 'listingNoteTypeId': 3, 'showToBuyer': True, 'hideInMock': False, 'siteAddedListingNote': False, 'aisleListingNoteWithSplit': False, 'listingNoteDescriptionContentId': 2446055, 'formattedListingNoteDescription': 'Actual 1st row of the section'}, {'listingNoteId': -1, 'listingNoteContentId': 3338094, 'formattedListingNoteContent': 'Clear view', 'listingNoteTypeId': 3, 'showToBuyer': True, 'hideInMock': False, 'siteAddedListingNote': False, 'aisleListingNoteWithSplit': False, 'listingNoteDescriptionContentId': 3338095, 'formattedListingNoteDescription': ""You'll have an unrestricted view of the show.""}]","[{'listingNoteBucketId': 0, 'formattedListingNoteContent': 'Actual 1st row of the section', 'displayOrder': 30, 'showsRawNoteText': True, 'sourceListingNoteId': 811}, {'listingNoteBucketId': 27, 'formattedListingNoteContent': 'Clear view', 'displayOrder': 8, 'showsRawNoteText': True, 'sourceListingNoteId': -1}]",2113770,False,False,Row 5,False,2105747,"¥2,105,747","¥2,105,747",,,,10,Mobile Transfer ticket,3,1,USD,JPY,,USD,"https://img.vggcdn.net/img/vfsimage2/812551/407_122916/0.jpg?im=Resize=(500,271)&v=771",10 days ago,4,False,False,False,False,fZiiHeeKS4DnlHbFNnyiLmWFXe4OlUp%2fR7eUEvSK6cQ%3d,False,2026-07-08T14:20:34.4970000Z,False,False,False,False,False,False,0,False,[7],False,False,False,False,0,False,False,0,13285866325,False,F6F7BD7E-2894-4F6F-94CA-34C8EC3BA9A3,False,False,True,2,3.687189297181471,0.8004422494,Last ticket,True,,"[{'message': 'Popular Pick', 'qualifier': '50 tickets sold for this event', 'hasValue': True, 'messageType': 'BoughtInLastHourSocialProofBased'}, {'message': 'Front Row', 'qualifier': 'Best seats in the house', 'hasValue': True, 'messageType': 'FirstRowTicketAttributeBased'}]",[811],19,19,,,,,,,,,,,
13395438975,153020449,324,122917,324,2,11,_,,False,False,7,,False,False,"[1, 2, 3, 4, 5, 6, 7]",407,Upper,7,True,"[{'listingNoteId': -1, 'listingNoteContentId': 3338094, 'formattedListingNoteContent': 'Clear view', 'listingNoteTypeId': 3, 'showToBuyer': True, 'hideInMock': False, 'siteAddedListingNote': False, 'aisleListingNoteWithSplit': False, 'listingNoteDescriptionContentId': 3338095, 'formattedListingNoteDescription': ""You'll have an unrestricted view of the show.""}]","[{'listingNoteBucketId': 27, 'formattedListingNoteContent': 'Clear view', 'displayOrder': 8, 'showsRawNoteText': True, 'sourceListingNoteId': -1}]",2113776,False,False,Row 11,False,2144734,"¥2,144,734","¥2,144,734",,,,10,Mobile Transfer ticket,3,1,USD,JPY,1000.0,USD,"https://img.vggcdn.net/img/vfsimage2/812551/407_122917/0.jpg?im=Resize=(500,271)&v=771",4 hours ago,3,False,False,False,False,ENBpSIttv%2bdW6R8N90oMDNnZRgkdk8B3FfK%2fCdJzZuM%3d,False,2026-07-19T06:12:29.8000000Z,False,False,False,False,False,False,0,False,[7],False,False,False,False,0,False,False,0,13395438975,False,F7E31C21-431A-4F66-8E9F-639569360096,False,False,True,2,3.406083769476319,0.7833655,Last tickets,True,,"[{'message': 'Popular Pick', 'qualifier': '50 tickets sold for this event', 'hasValue': True, 'messageType': 'BoughtInLastHourSocialProofBased'}]",[],,,,,,,,,,,,,
13396172600,153020449,109,122787,109,2,15,_,,False,False,4,,False,False,"[1, 2, 4]",594,Lower,4,True,"[{'listingNoteId': 814, 'listingNoteContentId': 2446060, 'formattedListingNoteContent': 'Limited or Obstructed View (printed on ticket)', 'listingNoteTypeId': 1, 'showToBuyer': True, 'hideInMock': False, 'siteAddedListingNote': False, 'aisleListingNoteWithSplit': False, 'listingNoteDescriptionContentId': 2446061, 'formattedListingNoteDescription': 'Limited or Obstructed View (printed on ticket)'}]","[{'listingNoteBucketId': 21, 'formattedListingNoteContent': 'Limited view', 'displayOrder': 21, 'showsRawNoteText': False}]",2112292,False,False,Row 15,False,2178071,"¥2,178,071","¥2,178,071","¥2,847,091",23.0,"¥669,020",10,Mobile Transfer ticket,3,1,USD,JPY,10990.0,USD,"https://img.vggcdn.net/img/vfsimage2/812551/594_122787/0.jpg?im=Resize=(500,271)&v=771",20 minutes ago,8,False,False,False,False,e0PlNSmjWVyJC5%2fDvVYWLxZXhDeU4M2gy1fQICwRBco%3d,False,2026-07-19T10:34:25.1100000Z,False,False,False,False,False,False,0,False,,False,False,False,False,0,False,False,0,13396172600,False,1BF5228E-A1FC-46F9-AF1B-2C81496C94AB,False,False,True,4,8.09831559479078,1.506041195,,,,"[{'message': 'Great Value', 'qualifier': 'Based on price, view, seat quality and more', 'hasValue': True, 'messageType': 'ValueBased'}, {'message': 'Popular Pick', 'qualifier': '50 tickets sold for this event', 'hasValue': True, 'messageType': 'BoughtInLastHourSocialProofBased'}]",[],,,,,,,,,,,,,
13342704913,153020449,146,122810,146,2,18,_,,False,False,4,,False,False,"[1, 2, 4]",594,Lower,4,True,"[{'listingNoteId': -1, 'listingNoteContentId': 3338094, 'formattedListingNoteContent': 'Clear view', 'listingNoteTypeId': 3, 'showToBuyer': True, 'hideInMock': False, 'siteAddedListingNote': False, 'aisleListingNoteWithSplit': False, 'listingNoteDescriptionContentId': 3338095, 'formattedListingNoteDescription': ""You'll have an unrestricted view of the show.""}]","[{'listingNoteBucketId': 27, 'formattedListingNoteContent': 'Clear view', 'displayOrder': 8, 'showsRawNoteText': True, 'sourceListingNoteId': -1}]",2113240,False,False,Row 18,False,2180622,"¥2,180,622","¥2,180,622",,,,10,Mobile Transfer ticket,3,1,EUR,JPY,8085.0,EUR,"https://img.vggcdn.net/img/vfsimage2/812551/594_122810/0.jpg?im=Resize=(500,271)&v=771",6 days ago,7,False,False,False,False,gESsfDmqvzKhJEOnZXAj9uaK2q%2bWvgLgKmDKVxH1zQI%3d,False,2026-07-13T08:12:52.8770000Z,False,False,False,False,False,False,0,False,,False,False,False,False,0,False,False,0,13342704913,False,D9CAA9C7-86B1-425B-AB10-480D03F980C2,False,False,True,4,7.053118195638105,1.290964734,,,,"[{'message': 'Great Value', 'qualifier': 'Based on price, view, seat quality and more', 'hasValue': True, 'messageType': 'ValueBased'}, {'message': 'Popular Pick', 'qualifier': '50 tickets sold for this event', 'hasValue': True, 'messageType': 'BoughtInLastHourSocialProofBased'}]",[],,,,,,,,,,,,,
13367629926,153020449,Argentina Supporters Standard Tier,2449434,Argentina Supporters Standard Tier,2,,_,,False,False,2,,False,False,"[1, 2]",36868,Argentina Supporters,2,True,"[{'listingNoteId': -1, 'listingNoteContentId': 3338094, 'formattedListingNoteContent': 'Clear view', 'listingNoteTypeId': 3, 'showToBuyer': True, 'hideInMock': False, 'siteAddedListingNote': False, 'aisleListingNoteWithSplit': False, 'listingNoteDescriptionContentId': 3338095, 'formattedListingNoteDescription': ""You'll have an unrestricted view of the show.""}]","[{'listingNoteBucketId': 27, 'formattedListingNoteContent': 'Clear view', 'displayOrder': 8, 'showsRawNoteText': True, 'sourceListingNoteId': -1}]",4849986,False,False,Row,True,2183721,"¥2,183,721","¥2,183,721","¥2,948,525",26.0,"¥764,804",10,Mobile Transfer ticket,3,1,USD,JPY,10000.0,USD,"https://img.vggcdn.net/img/vfsimage2/812551/36868_2449434/0.jpg?im=Resize=(500,271)&v=771",3 days ago,7,False,False,False,False,7Xh10zDwZtM%2bCDtazTlTgsO0TDRMyTs%2be99GAYz%2fT%2bQ%3d,False,2026-07-16T04:58:48.2770000Z,False,False,False,False,False,False,0,False,[7],False,False,False,False,0,False,False,0,13367629926,False,B35141EF-7293-4E5C-A0CE-32EBDE65D9F7,False,False,True,3,6.667667770086814,1.231148835,Last tickets,True,,"[{'message': 'Popular Pick', 'qualifier': '50 tickets sold for this event', 'hasValue': True, 'messageType': 'BoughtInLastHourSocialProofBased'}]",[],,,,,,,,,,,,,
13252686644,153020449,Lower,1546666,Lower,3,,_,,False,False,4,,False,False,"[1, 2, 3, 4]",594,Lower,4,True,"[{'listingNoteId': -1, 'listingNoteContentId': 3338094, 'formattedListingNoteContent': 'Clear view', 'listingNoteTypeId': 3, 'showToBuyer': True, 'hideInMock': False, 'siteAddedListingNote': False, 'aisleListingNoteWithSplit': False, 'listingNoteDescriptionContentId': 3338095, 'formattedListingNoteDescription': ""You'll have an unrestricted view of the show.""}]","[{'listingNoteBucketId': 27, 'formattedListingNoteContent': 'Clear view', 'displayOrder': 8, 'showsRawNoteText': True, 'sourceListingNoteId': -1}]",1641233,False,False,Row,True,2183721,"¥2,183,721","¥2,183,721",,,,10,Mobile Transfer ticket,3,1,USD,JPY,10000.0,USD,"https://img.vggcdn.net/img/vfsimage2/812551/594_1546666/0.jpg?im=Resize=(500,271)&v=771",13 days ago,0,False,False,True,False,7Xh10zDwZtM%2bCDtazTlTgsO0TDRMyTs%2be99GAYz%2fT%2bQ%3d,False,2026-07-05T16:54:09.3230000Z,False,False,False,False,False,False,0,False,[7],False,False,False,False,0,False,False,0,13252686644,False,63E7086B-F0C5-471F-8D76-2F092B75375F,False,False,True,0,,,Last tickets,True,,"[{'message': 'Popular Pick', 'qualifier': '50 tickets sold for this event', 'hasValue': True, 'messageType': 'BoughtInLastHourSocialProofBased'}]",[],,,,,,,,,,,,,
13388419682,153020449,126,122797,126,2,29,_,,False,False,2,,False,False,"[1, 2]",594,Lower,2,True,"[{'listingNoteId': -1, 'listingNoteContentId': 3338094, 'formattedListingNoteContent': 'Clear view', 'listingNoteTypeId': 3, 'showToBuyer': True, 'hideInMock': False, 'siteAddedListingNote': False, 'aisleListingNoteWithSplit': False, 'listingNoteDescriptionContentId': 3338095, 'formattedListingNoteDescription': ""You'll have an unrestricted view of the show.""}]","[{'listingNoteBucketId': 27, 'formattedListingNoteContent': 'Clear view', 'displayOrder': 8, 'showsRawNoteText': True, 'sourceListingNoteId': -1}]",2112786,False,False,Row 29,False,2197366,"¥2,197,366","¥2,197,366",,,,10,Mobile Transfer ticket,3,14,USD,JPY,10990.0,USD,"https://img.vggcdn.net/img/vfsimage2/812551/594_122797/0.jpg?im=Resize=(500,271)&v=771",yesterday,7,False,False,False,False,nBhBIAfJtW6vbA9vNO%2bMxVrTQHNtSM9fzNqYNHyUSPc%3d,False,2026-07-18T03:33:57.8300000Z,False,False,False,True,False,False,0,False,[6],False,False,False,False,0,False,False,0,13388419682,False,5474B4BB-C71D-4C5A-A56F-9555692D8489,False,False,True,4,7.031318015102318,1.296988872,,,,"[{'message': 'Great Value', 'qualifier': 'Based on price, view, seat quality and more', 'hasValue': True, 'messageType': 'ValueBased'}, {'message': 'Popular Pick', 'qualifier': '50 tickets sold for this event', 'hasValue': True, 'messageType': 'BoughtInLastHourSocialProofBased'}]",[],,,,,,,,Fan favorite,This section is in the top 10% of sections for this event when ranked based on a count of successful sales over the past 7 days on our site,True,,,
13388354022,153020449,109,122787,109,2,16,_,,False,False,3,,False,False,"[1, 3]",594,Lower,3,True,"[{'listingNoteId': 814, 'listingNoteContentId': 2446060, 'formattedListingNoteContent': 'Limited or Obstructed View (printed on ticket)', 'listingNoteTypeId': 1, 'showToBuyer': True, 'hideInMock': False, 'siteAddedListingNote': False, 'aisleListingNoteWithSplit': False, 'listingNoteDescriptionContentId': 2446061, 'formattedListingNoteDescription': 'Limited or Obstructed View (printed on ticket)'}]","[{'listingNoteBucketId': 21, 'formattedListingNoteContent': 'Limited view', 'displayOrder': 21, 'showsRawNoteText': False}]",2112293,False,False,Row 16,False,2212909,"¥2,212,909","¥2,212,909","¥4,151,989",47.0,"¥1,939,080",10,Mobile Transfer ticket,3,1,USD,JPY,10990.0,USD,"https://img.vggcdn.net/img/vfsimage2/812551/594_122787/0.jpg?im=Resize=(500,271)&v=771",yesterday,8,False,False,False,False,I0CIR1Ad7bLOYx474NvJwHzOKpw70k2sG%2bZgjetI3xc%3d,False,2026-07-18T03:11:45.8900000Z,False,False,False,False,False,False,0,False,,False,False,False,False,0,False,False,0,13388354022,False,BD851C76-C92D-4DE2-B0E1-72E2BF4B865C,False,False,True,4,7.910621574825289,1.485331372,,,,"[{'message': 'Great Value', 'qualifier': 'Based on price, view, seat quality and more', 'hasValue': True, 'messageType': 'ValueBased'}, {'message': 'Popular Pick', 'qualifier': '50 tickets sold for this event', 'hasValue': True, 'messageType': 'BoughtInLastHourSocialProofBased'}]",[],,,,,,,,,,,,,
13387865185,153020449,126,122797,126,2,25,24_25,24,False,False,2,,False,False,"[1, 2]",594,Lower,2,True,"[{'listingNoteId': -1, 'listingNoteContentId': 3338094, 'formattedListingNoteContent': 'Clear view', 'listingNoteTypeId': 3, 'showToBuyer': True, 'hideInMock': False, 'siteAddedListingNote': False, 'aisleListingNoteWithSplit': False, 'listingNoteDescriptionContentId': 3338095, 'formattedListingNoteDescription': ""You'll have an unrestricted view of the show.""}]","[{'listingNoteBucketId': 27, 'formattedListingNoteContent': 'Clear view', 'displayOrder': 8, 'showsRawNoteText': True, 'sourceListingNoteId': -1}]",2112782,False,False,Row 25,False,2215243,"¥2,215,243","¥2,215,243",,,,10,Mobile Transfer ticket,3,1,GBP,JPY,8000.0,GBP,"https://img.vggcdn.net/img/vfsimage2/812551/594_122797/0.jpg?im=Resize=(500,271)&v=771",yesterday,7,False,False,False,False,ZOytFfAxbEiqPm6xFTWQ9tMOfS9jLqFY1tVTvIxFVKI%3d,False,2026-07-18T01:12:55.8930000Z,False,False,False,True,False,False,0,False,[6],False,False,False,False,0,False,False,0,13387865185,False,B9DAA645-EC16-4A8C-A1B4-8F5FE62FB6E7,False,False,True,4,7.343092104173052,1.365965754,,,,"[{'message': 'Great Value', 'qualifier': 'Based on price, view, seat quality and more', 'hasValue': True, 'messageType': 'ValueBased'}, {'message': 'Popular Pick', 'qualifier': '50 tickets sold for this event', 'hasValue': True, 'messageType': 'BoughtInLastHourSocialProofBased'}]",[],,,,,,,,Fan favorite,This section is in the top 10% of sections for this event when ranked based on a count of successful sales over the past 7 days on our site,True,,,
13388050955,153020449,101,122782,101,2,2,17_17,17,False,False,1,,False,False,[1],594,Lower,1,True,"[{'listingNoteId': 2026, 'listingNoteContentId': 3415844, 'formattedListingNoteContent': 'Second Row of Section', 'listingNoteTypeId': 6, 'showToBuyer': True, 'hideInMock': False, 'siteAddedListingNote': False, 'aisleListingNoteWithSplit': False, 'listingNoteDescriptionContentId': 3415844, 'formattedListingNoteDescription': 'Second Row of Section'}, {'listingNoteId': -1, 'listingNoteContentId': 3338094, 'formattedListingNoteContent': 'Clear view', 'listingNoteTypeId': 3, 'showToBuyer': True, 'hideInMock': False, 'siteAddedListingNote': False, 'aisleListingNoteWithSplit': False, 'listingNoteDescriptionContentId': 3338095, 'formattedListingNoteDescription': ""You'll have an unrestricted view of the show.""}]","[{'listingNoteBucketId': 14, 'formattedListingNoteContent': 'Second Row of Section', 'displayOrder': 14, 'showsRawNoteText': True, 'sourceListingNoteId': 2026}, {'listingNoteBucketId': 27, 'formattedListingNoteContent': 'Clear view', 'displayOrder': 8, 'showsRawNoteText': True, 'sourceListingNoteId': -1}]",2112074,False,False,Row 2,False,2254422,"¥2,254,422","¥2,254,422",,,,10,Mobile Transfer ticket,3,1,USD,JPY,0.0,USD,"https://img.vggcdn.net/img/vfsimage2/812551/594_122782/0.jpg?im=Resize=(500,271)&v=771",yesterday,9,False,False,False,False,SAb8jaCLDXSOiXBvlV6MvVPUksDIFKnkRFzBJTSCYPI%3d,False,2026-07-18T01:49:15.2000000Z,False,False,False,False,False,False,0,False,,False,False,False,False,0,False,False,0,13388050955,False,E32B3988-B381-4F84-B7E3-ABAE210DE26C,False,False,True,5,8.570039600778731,1.706054045,,,,"[{'message': 'Amazing Value', 'qualifier': 'Based on price, view, seat quality and more', 'hasValue': True, 'messageType': 'ValueBased'}, {'message': 'Popular Pick', 'qualifier': '50 tickets sold for this event', 'hasValue': True, 'messageType': 'BoughtInLastHourSocialProofBased'}, {'message': 'Second Row', 'qualifier': 'Premium close-up view', 'hasValue': True, 'messageType': 'SecondRowTicketAttributeBased'}]",[2026],,,,,,,,,,,,,
13386082537,153020449,103,122783,103,2,4,7_7,7,False,False,1,,False,False,[1],594,Lower,1,True,"[{'listingNoteId': -1, 'listingNoteContentId': 3338094, 'formattedListingNoteContent': 'Clear view', 'listingNoteTypeId': 3, 'showToBuyer': True, 'hideInMock': False, 'siteAddedListingNote': False, 'aisleListingNoteWithSplit': False, 'listingNoteDescriptionContentId': 3338095, 'formattedListingNoteDescription': ""You'll have an unrestricted view of the show.""}]","[{'listingNoteBucketId': 27, 'formattedListingNoteContent': 'Clear view', 'displayOrder': 8, 'showsRawNoteText': True, 'sourceListingNoteId': -1}]",2112143,False,False,Row 4,False,2263644,"¥2,263,644","¥2,263,644","¥3,222,299",30.0,"¥958,655",10,Mobile Transfer ticket,3,1,USD,JPY,,USD,"https://img.vggcdn.net/img/vfsimage2/812551/594_122783/0.jpg?im=Resize=(500,271)&v=771",yesterday,8,False,False,False,False,syKqcnWfvGIjwG%2bVMvmmJ5E2bwd%2bvyiCiiOF690Dm%2bk%3d,False,2026-07-17T20:37:38.5970000Z,False,False,False,True,False,False,0,False,[6],False,False,False,False,0,False,False,0,13386082537,False,EC5BCBEC-807C-4286-B0B0-74186C65641C,False,False,True,4,7.514241095099741,1.429990262,,,,"[{'message': 'Great Value', 'qualifier': 'Based on price, view, seat quality and more', 'hasValue': True, 'messageType': 'ValueBased'}, {'message': 'Popular Pick', 'qualifier': '50 tickets sold for this event', 'hasValue': True, 'messageType': 'BoughtInLastHourSocialProofBased'}]",[],7,7,,,,,,Fan favorite,This section is in the top 10% of sections for this event when ranked based on a count of successful sales over the past 7 days on our site,True,,,
13387866389,153020449,142,122807,142,2,33,21_21,21,False,False,1,,False,False,[1],594,Lower,1,True,"[{'listingNoteId': 814, 'listingNoteContentId': 2446060, 'formattedListingNoteContent': 'Limited or Obstructed View (printed on ticket)', 'listingNoteTypeId': 1, 'showToBuyer': True, 'hideInMock': False, 'siteAddedListingNote': False, 'aisleListingNoteWithSplit': False, 'listingNoteDescriptionContentId': 2446061, 'formattedListingNoteDescription': 'Limited or Obstructed View (printed on ticket)'}]","[{'listingNoteBucketId': 21, 'formattedListingNoteContent': 'Limited view', 'displayOrder': 21, 'showsRawNoteText': False}]",2113160,False,False,Row 33,False,2281189,"¥2,281,189","¥2,281,189","¥4,549,123",50.0,"¥2,267,934",10,Mobile Transfer ticket,3,1,USD,JPY,10000.0,USD,"https://img.vggcdn.net/img/vfsimage2/812551/594_122807/0.jpg?im=Resize=(500,271)&v=771",yesterday,8,False,False,False,False,ILFzjXElhDdaRPjqrdnoZ7jzkh74MOvwiCJAfRTkTPc%3d,False,2026-07-18T01:13:10.2930000Z,False,False,False,False,False,False,0,False,,False,False,False,False,0,False,False,0,13387866389,False,8D8AC584-11D6-4565-B3BF-B94125976BA8,False,False,True,4,7.533720128704185,1.445226969,,,,"[{'message': 'Great Value', 'qualifier': 'Based on price, view, seat quality and more', 'hasValue': True, 'messageType': 'ValueBased'}, {'message': 'Popular Pick', 'qualifier': '50 tickets sold for this event', 'hasValue': True, 'messageType': 'BoughtInLastHourSocialProofBased'}]",[],21,21,,,,,,,,,,,
13395693642,153020449,217,122849,217,2,10,23_24,23,False,False,2,,False,False,"[1, 2]",471,Middle,2,True,"[{'listingNoteId': -1, 'listingNoteContentId': 3338094, 'formattedListingNoteContent': 'Clear view', 'listingNoteTypeId': 3, 'showToBuyer': True, 'hideInMock': False, 'siteAddedListingNote': False, 'aisleListingNoteWithSplit': False, 'listingNoteDescriptionContentId': 3338095, 'formattedListingNoteDescription': ""You'll have an unrestricted view of the show.""}]","[{'listingNoteBucketId': 27, 'formattedListingNoteContent': 'Clear view', 'displayOrder': 8, 'showsRawNoteText': True, 'sourceListingNoteId': -1}]",702934,False,False,Row 10,False,2381366,"¥2,381,366","¥2,381,366",,,,10,Mobile Transfer ticket,3,1,USD,JPY,10990.0,USD,"https://img.vggcdn.net/img/vfsimage2/812551/471_122849/0.jpg?im=Resize=(500,271)&v=771",3 hours ago,7,False,False,False,False,bYzTr6Dp87Tw9xIszZdasRsjzz0wpbJavk%2fZgxSMODc%3d,False,2026-07-19T07:48:31.0200000Z,False,False,False,False,False,False,0,False,[7],False,False,False,False,0,False,False,0,13395693642,False,CF0810C6-2A1F-4E33-B60B-5EA389143DE0,False,False,True,4,7.191980941517007,1.436120465,Last tickets,True,,"[{'message': 'Great Value', 'qualifier': 'Based on price, view, seat quality and more', 'hasValue': True, 'messageType': 'ValueBased'}, {'message': 'Popular Pick', 'qualifier': '50 tickets sold for this event', 'hasValue': True, 'messageType': 'BoughtInLastHourSocialProofBased'}]",[],,,,,,,,,,,,,
13395780177,153020449,143,122808,143,2,11,_,,False,False,4,,False,False,"[1, 2, 4]",594,Lower,4,True,"[{'listingNoteId': -1, 'listingNoteContentId': 3338094, 'formattedListingNoteContent': 'Clear view', 'listingNoteTypeId': 3, 'showToBuyer': True, 'hideInMock': False, 'siteAddedListingNote': False, 'aisleListingNoteWithSplit': False, 'listingNoteDescriptionContentId': 3338095, 'formattedListingNoteDescription': ""You'll have an unrestricted view of the show.""}]","[{'listingNoteBucketId': 27, 'formattedListingNoteContent': 'Clear view', 'displayOrder': 8, 'showsRawNoteText': True, 'sourceListingNoteId': -1}]",2113170,False,False,Row 11,False,2397130,"¥2,397,130","¥2,397,130","¥3,038,220",21.0,"¥641,090",10,Mobile Transfer ticket,3,1,EUR,JPY,15000.0,EUR,"https://img.vggcdn.net/img/vfsimage2/812551/594_122808/0.jpg?im=Resize=(500,271)&v=771",2 hours ago,9,False,False,False,False,doGd2yNg1l7NL8UMDj6lVY6Pq8aU8uSdSE1TtCenZC4%3d,False,2026-07-19T08:22:42.8900000Z,False,False,False,False,False,False,0,False,,False,False,False,False,0,False,False,0,13395780177,False,6F8DE516-8456-4AEE-8057-388244AB223C,False,False,True,5,8.7562814929662,1.922528048,,,,"[{'message': 'Amazing Value', 'qualifier': 'Based on price, view, seat quality and more', 'hasValue': True, 'messageType': 'ValueBased'}, {'message': 'Popular Pick', 'qualifier': '50 tickets sold for this event', 'hasValue': True, 'messageType': 'BoughtInLastHourSocialProofBased'}]",[],,,,,,,,,,,,,
13391875781,153020449,144,122809,144,2,9,13_13,13,False,False,1,,False,False,[1],594,Lower,1,True,"[{'listingNoteId': 811, 'listingNoteContentId': 2446054, 'formattedListingNoteContent': 'Actual 1st row of the section', 'listingNoteTypeId': 3, 'showToBuyer': True, 'hideInMock': False, 'siteAddedListingNote': False, 'aisleListingNoteWithSplit': False, 'listingNoteDescriptionContentId': 2446055, 'formattedListingNoteDescription': 'Actual 1st row of the section'}, {'listingNoteId': 2271, 'listingNoteContentId': 4178214, 'formattedListingNoteContent': 'Premium Front Row', 'listingNoteTypeId': 3, 'showToBuyer': True, 'hideInMock': False, 'siteAddedListingNote': False, 'aisleListingNoteWithSplit': False, 'formattedListingNoteDescription': ''}, {'listingNoteId': -1, 'listingNoteContentId': 3338094, 'formattedListingNoteContent': 'Clear view', 'listingNoteTypeId': 3, 'showToBuyer': True, 'hideInMock': False, 'siteAddedListingNote': False, 'aisleListingNoteWithSplit': False, 'listingNoteDescriptionContentId': 3338095, 'formattedListingNoteDescription': ""You'll have an unrestricted view of the show.""}]","[{'listingNoteBucketId': 0, 'formattedListingNoteContent': 'Actual 1st row of the section', 'displayOrder': 30, 'showsRawNoteText': True, 'sourceListingNoteId': 811}, {'listingNoteBucketId': 0, 'formattedListingNoteContent': 'Premium Front Row', 'displayOrder': 30, 'showsRawNoteText': True, 'sourceListingNoteId': 2271}, {'listingNoteBucketId': 27, 'formattedListingNoteContent': 'Clear view', 'displayOrder': 8, 'showsRawNoteText': True, 'sourceListingNoteId': -1}]",2113231,False,False,Row 9,False,2544351,"¥2,544,351","¥2,544,351","¥3,790,882",33.0,"¥1,246,531",10,Mobile Transfer ticket,3,1,USD,JPY,,USD,"https://img.vggcdn.net/img/vfsimage2/812551/594_122809/0.jpg?im=Resize=(500,271)&v=771",17 hours ago,8,False,False,False,False,tbLkoTf7Snujyg4h9CS1tssZgIjrydTYIKg6IOGpQT8%3d,False,2026-07-18T16:59:24.3270000Z,False,False,False,False,False,False,0,False,[7],False,False,False,False,0,False,False,0,13391875781,False,A2B7BF5C-3D7B-4839-B872-787B997348E8,False,False,True,4,7.603519583875898,1.628798313,Last ticket,True,,"[{'message': 'Great Value', 'qualifier': 'Based on price, view, seat quality and more', 'hasValue': True, 'messageType': 'ValueBased'}, {'message': 'Popular Pick', 'qualifier': '50 tickets sold for this event', 'hasValue': True, 'messageType': 'BoughtInLastHourSocialProofBased'}, {'message': 'Front Row', 'qualifier': 'Best seats in the house', 'hasValue': True, 'messageType': 'FirstRowTicketAttributeBased'}]",[811],13,13,,,,,,,,,,,
13395468435,153020449,209,122842,209,2,8,_,,False,False,3,,False,False,"[1, 2, 3]",471,Middle,3,True,"[{'listingNoteId': -1, 'listingNoteContentId': 3338094, 'formattedListingNoteContent': 'Clear view', 'listingNoteTypeId': 3, 'showToBuyer': True, 'hideInMock': False, 'siteAddedListingNote': False, 'aisleListingNoteWithSplit': False, 'listingNoteDescriptionContentId': 3338095, 'formattedListingNoteDescription': ""You'll have an unrestricted view of the show.""}]","[{'listingNoteBucketId': 27, 'formattedListingNoteContent': 'Clear view', 'displayOrder': 8, 'showsRawNoteText': True, 'sourceListingNoteId': -1}]",702842,False,False,Row 8,False,2555560,"¥2,555,560","¥2,555,560",,,,10,Mobile Transfer ticket,3,1,USD,JPY,9000.0,USD,"https://img.vggcdn.net/img/vfsimage2/812551/471_122842/0.jpg?im=Resize=(500,271)&v=771",4 hours ago,5,False,False,False,False,6zj5SrgxdiSahutUcrNnX%2fprtYbF0wxZvx7CAQvBHAQ%3d,False,2026-07-19T06:23:21.1900000Z,False,False,False,False,False,False,0,False,[7],False,False,False,False,0,False,False,0,13395468435,False,A987C3CC-FD6E-4DF0-B339-A5D6C9B99954,False,False,True,3,5.108899365644645,1.213889241,Last tickets,True,,"[{'message': 'Popular Pick', 'qualifier': '50 tickets sold for this event', 'hasValue': True, 'messageType': 'BoughtInLastHourSocialProofBased'}]",[],,,,,,,,,,,,,
13391083807,153020449,231A,1530792,231A,2,2,16_19,16,False,False,4,,False,False,"[1, 2, 4]",471,Middle,4,True,"[{'listingNoteId': 2026, 'listingNoteContentId': 3415844, 'formattedListingNoteContent': 'Second Row of Section', 'listingNoteTypeId': 6, 'showToBuyer': True, 'hideInMock': False, 'siteAddedListingNote': False, 'aisleListingNoteWithSplit': False, 'listingNoteDescriptionContentId': 3415844, 'formattedListingNoteDescription': 'Second Row of Section'}, {'listingNoteId': -1, 'listingNoteContentId': 3338094, 'formattedListingNoteContent': 'Clear view', 'listingNoteTypeId': 3, 'showToBuyer': True, 'hideInMock': False, 'siteAddedListingNote': False, 'aisleListingNoteWithSplit': False, 'listingNoteDescriptionContentId': 3338095, 'formattedListingNoteDescription': ""You'll have an unrestricted view of the show.""}]","[{'listingNoteBucketId': 14, 'formattedListingNoteContent': 'Second Row of Section', 'displayOrder': 14, 'showsRawNoteText': True, 'sourceListingNoteId': 2026}, {'listingNoteBucketId': 27, 'formattedListingNoteContent': 'Clear view', 'displayOrder': 8, 'showsRawNoteText': True, 'sourceListingNoteId': -1}]",1593666,False,False,Row 2,False,2632072,"¥2,632,072","¥2,632,072",,,,10,Mobile Transfer ticket,3,1,USD,JPY,10000.0,USD,"https://img.vggcdn.net/img/vfsimage2/812551/471_1530792/0.jpg?im=Resize=(500,271)&v=771",21 hours ago,6,False,False,False,False,J6JR8OBaehhDB1kEU8m3nOjseNSqjvKH0g%2flMe1kwQY%3d,False,2026-07-18T13:54:48.0930000Z,False,False,False,False,False,False,0,False,[7],False,False,False,False,0,False,False,0,13391083807,False,63E2E229-59E1-4BFF-84C2-ADBA54BD27B9,False,False,True,3,5.7121974939520035,1.331183615,Last tickets,True,,"[{'message': 'Popular Pick', 'qualifier': '50 tickets sold for this event', 'hasValue': True, 'messageType': 'BoughtInLastHourSocialProofBased'}, {'message': 'Second Row', 'qualifier': 'Premium close-up view', 'hasValue': True, 'messageType': 'SecondRowTicketAttributeBased'}]",[2026],,,,,,,,,,,,,
13274022365,153020449,134,122802,134,2,27,17_17,17,False,False,1,,False,False,[1],594,Lower,1,True,"[{'listingNoteId': -1, 'listingNoteContentId': 3338094, 'formattedListingNoteContent': 'Clear view', 'listingNoteTypeId': 3, 'showToBuyer': True, 'hideInMock': False, 'siteAddedListingNote': False, 'aisleListingNoteWithSplit': False, 'listingNoteDescriptionContentId': 3338095, 'formattedListingNoteDescription': ""You'll have an unrestricted view of the show.""}]","[{'listingNoteBucketId': 27, 'formattedListingNoteContent': 'Clear view', 'displayOrder': 8, 'showsRawNoteText': True, 'sourceListingNoteId': -1}]",2113007,False,False,Row 27,False,2654432,"¥2,654,432","¥2,654,432",,,,10,Mobile Transfer ticket,3,1,AED,JPY,27500.0,AED,"https://img.vggcdn.net/img/vfsimage2/812551/594_122802/0.jpg?im=Resize=(500,271)&v=771",11 days ago,5,False,False,False,False,1rEENjRDYJGnGMahosP%2bpxA%2bkr5SbQBfhjbhpWsE50M%3d,False,2026-07-07T15:58:25.4900000Z,False,False,False,False,False,False,0,False,,False,False,False,False,0,False,False,0,13274022365,False,056AE7FD-7D19-4441-B14C-E1EA8C1F9D3B,False,False,True,3,5.409318567460412,1.300231612,,,,"[{'message': 'Popular Pick', 'qualifier': '50 tickets sold for this event', 'hasValue': True, 'messageType': 'BoughtInLastHourSocialProofBased'}]",[],,,,,,,,,,,,,
13388153094,153020449,336,122929,336,2,1,20_26,20,False,False,7,,False,False,"[1, 2, 3, 4, 5, 6, 7]",478,Loge,7,True,"[{'listingNoteId': 2025, 'listingNoteContentId': 3415843, 'formattedListingNoteContent': 'Front Row of Section', 'listingNoteTypeId': 6, 'showToBuyer': True, 'hideInMock': False, 'siteAddedListingNote': False, 'aisleListingNoteWithSplit': False, 'listingNoteDescriptionContentId': 3415843, 'formattedListingNoteDescription': 'Front Row of Section'}, {'listingNoteId': -1, 'listingNoteContentId': 3338094, 'formattedListingNoteContent': 'Clear view', 'listingNoteTypeId': 3, 'showToBuyer': True, 'hideInMock': False, 'siteAddedListingNote': False, 'aisleListingNoteWithSplit': False, 'listingNoteDescriptionContentId': 3338095, 'formattedListingNoteDescription': ""You'll have an unrestricted view of the show.""}]","[{'listingNoteBucketId': 14, 'formattedListingNoteContent': 'Front Row of Section', 'displayOrder': 14, 'showsRawNoteText': True, 'sourceListingNoteId': 2025}, {'listingNoteBucketId': 27, 'formattedListingNoteContent': 'Clear view', 'displayOrder': 8, 'showsRawNoteText': True, 'sourceListingNoteId': -1}]",1591187,False,False,Row 1,False,2667160,"¥2,667,160","¥2,667,160","¥3,790,860",30.0,"¥1,123,700",10,Mobile Transfer ticket,3,1,USD,JPY,8500.0,USD,"https://img.vggcdn.net/img/vfsimage2/812551/478_122929/0.jpg?im=Resize=(500,271)&v=771",yesterday,3,False,False,False,False,XW4MryPor0MRE9ibgfj98B7rjVwf%2bFH%2b8lr35%2f2E4g0%3d,False,2026-07-18T02:14:39.5970000Z,False,False,False,False,False,False,0,False,,False,False,False,False,0,False,False,0,13388153094,False,7C55E235-BDFE-4D04-BD1E-2075EC79D5FD,False,False,True,2,3.0837315558845906,0.9323844348,,,,"[{'message': 'Popular Pick', 'qualifier': '51 tickets sold for this event', 'hasValue': True, 'messageType': 'BoughtInLastHourSocialProofBased'}, {'message': 'Front Row', 'qualifier': 'Best seats in the house', 'hasValue': True, 'messageType': 'FirstRowTicketAttributeBased'}]",[2025],,,,,,,,,,,,,
13387832166,153020449,117,122792,117,2,15,21_21,21,False,False,1,,False,False,[1],594,Lower,1,True,"[{'listingNoteId': 814, 'listingNoteContentId': 2446060, 'formattedListingNoteContent': 'Limited or Obstructed View (printed on ticket)', 'listingNoteTypeId': 1, 'showToBuyer': True, 'hideInMock': False, 'siteAddedListingNote': False, 'aisleListingNoteWithSplit': False, 'listingNoteDescriptionContentId': 2446061, 'formattedListingNoteDescription': 'Limited or Obstructed View (printed on ticket)'}]","[{'listingNoteBucketId': 21, 'formattedListingNoteContent': 'Limited view', 'displayOrder': 21, 'showsRawNoteText': False}]",2112554,False,False,Row 15,False,2680344,"¥2,680,344","¥2,680,344",,,,10,Mobile Transfer ticket,3,1,EUR,JPY,11000.0,EUR,"https://img.vggcdn.net/img/vfsimage2/812551/594_122792/0.jpg?im=Resize=(500,271)&v=771",yesterday,8,False,False,False,False,W03Pv%2bRdhClI9%2f5R1UDHl%2b%2bEQKBZVfVE95xq74JVMWk%3d,False,2026-07-18T01:07:27.2570000Z,False,False,False,False,False,False,0,False,,False,False,False,False,0,False,False,0,13387832166,False,1A988DDB-95B8-4FC2-B227-58D8C6B1E450,False,False,True,4,7.7115353279193,1.741732796,,,,"[{'message': 'Great Value', 'qualifier': 'Based on price, view, seat quality and more', 'hasValue': True, 'messageType': 'ValueBased'}, {'message': 'Popular Pick', 'qualifier': '51 tickets sold for this event', 'hasValue': True, 'messageType': 'BoughtInLastHourSocialProofBased'}]",[],21,21,,,,,,,,,,,
13082004275,153020449,121,122794,121,2,15,15_15,15,False,False,1,,False,False,[1],594,Lower,1,True,"[{'listingNoteId': -1, 'listingNoteContentId': 3338094, 'formattedListingNoteContent': 'Clear view', 'listingNoteTypeId': 3, 'showToBuyer': True, 'hideInMock': False, 'siteAddedListingNote': False, 'aisleListingNoteWithSplit': False, 'listingNoteDescriptionContentId': 3338095, 'formattedListingNoteDescription': ""You'll have an unrestricted view of the show.""}]","[{'listingNoteBucketId': 27, 'formattedListingNoteContent': 'Clear view', 'displayOrder': 8, 'showsRawNoteText': True, 'sourceListingNoteId': -1}]",2112627,False,False,Row 15,False,2719793,"¥2,719,793","¥2,719,793",,,,10,Mobile Transfer ticket,3,1,USD,JPY,,USD,"https://img.vggcdn.net/img/vfsimage2/812551/594_122794/0.jpg?im=Resize=(500,271)&v=771",29 days ago,6,False,False,False,False,rrCBgESVrS2yGkCbBuqquiRhu6EMny0mBs%2bkHJkLfgY%3d,False,2026-06-20T03:35:06.4300000Z,False,False,False,False,False,False,0,False,,False,False,False,False,0,False,False,0,13082004275,False,0D2A799E-8A74-4041-94CF-CB043A5AEC20,False,False,True,3,5.702213049322043,1.372853714,,,,"[{'message': 'Popular Pick', 'qualifier': '51 tickets sold for this event', 'hasValue': True, 'messageType': 'BoughtInLastHourSocialProofBased'}]",[],15,15,,,,,,,,,,,
13395860258,153020449,Middle,1546668,Middle,3,XX,_,,False,False,18,,False,False,"[1, 2]",471,Middle,2,True,"[{'listingNoteId': -1, 'listingNoteContentId': 3338094, 'formattedListingNoteContent': 'Clear view', 'listingNoteTypeId': 3, 'showToBuyer': True, 'hideInMock': False, 'siteAddedListingNote': False, 'aisleListingNoteWithSplit': False, 'listingNoteDescriptionContentId': 3338095, 'formattedListingNoteDescription': ""You'll have an unrestricted view of the show.""}]","[{'listingNoteBucketId': 27, 'formattedListingNoteContent': 'Clear view', 'displayOrder': 8, 'showsRawNoteText': True, 'sourceListingNoteId': -1}]",1641235,False,False,Row XX,True,2723310,"¥2,723,310","¥2,723,310",,,,10,Mobile Transfer ticket,3,1,EUR,JPY,5555.0,EUR,"https://img.vggcdn.net/img/vfsimage2/812551/471_1546668/0.jpg?im=Resize=(500,271)&v=771",2 hours ago,0,False,False,True,False,ySWOpMMeCJIrJ5XsO8%2blWLtiSNtdSWJ3rG8x8IiYr1U%3d,False,2026-07-19T08:49:39.9330000Z,False,False,False,False,False,False,0,False,[7],False,False,False,False,0,False,False,0,13395860258,False,E5563782-1BA9-4F45-B3A3-468FE99BC7C2,False,False,True,0,,,Last tickets,True,,"[{'message': 'Popular Pick', 'qualifier': '51 tickets sold for this event', 'hasValue': True, 'messageType': 'BoughtInLastHourSocialProofBased'}]",[],,,,,,,,,,,,,
13395450880,153020449,223,122854,223,2,2,_,,False,False,1,,False,False,[1],471,Middle,1,True,"[{'listingNoteId': 2026, 'listingNoteContentId': 3415844, 'formattedListingNoteContent': 'Second Row of Section', 'listingNoteTypeId': 6, 'showToBuyer': True, 'hideInMock': False, 'siteAddedListingNote': False, 'aisleListingNoteWithSplit': False, 'listingNoteDescriptionContentId': 3415844, 'formattedListingNoteDescription': 'Second Row of Section'}, {'listingNoteId': -1, 'listingNoteContentId': 3338094, 'formattedListingNoteContent': 'Clear view', 'listingNoteTypeId': 3, 'showToBuyer': True, 'hideInMock': False, 'siteAddedListingNote': False, 'aisleListingNoteWithSplit': False, 'listingNoteDescriptionContentId': 3338095, 'formattedListingNoteDescription': ""You'll have an unrestricted view of the show.""}]","[{'listingNoteBucketId': 14, 'formattedListingNoteContent': 'Second Row of Section', 'displayOrder': 14, 'showsRawNoteText': True, 'sourceListingNoteId': 2026}, {'listingNoteBucketId': 27, 'formattedListingNoteContent': 'Clear view', 'displayOrder': 8, 'showsRawNoteText': True, 'sourceListingNoteId': -1}]",703021,False,False,Row 2,False,2729540,"¥2,729,540","¥2,729,540",,,,10,Mobile Transfer ticket,3,1,USD,JPY,1000.0,USD,"https://img.vggcdn.net/img/vfsimage2/812551/471_122854/0.jpg?im=Resize=(500,271)&v=771",4 hours ago,4,False,False,False,False,dox2LBM5ZrHShYT0Uhu0xxcAo%2bgVQzyrviEno0khaLE%3d,False,2026-07-19T06:16:12.6300000Z,False,False,False,False,False,False,0,False,,False,False,False,False,0,False,False,0,13395450880,False,E13BD123-B08C-4017-80A0-CA019DC4328B,False,False,True,2,4.23096611041419,1.126326281,,,,"[{'message': 'Popular Pick', 'qualifier': '51 tickets sold for this event', 'hasValue': True, 'messageType': 'BoughtInLastHourSocialProofBased'}, {'message': 'Second Row', 'qualifier': 'Premium close-up view', 'hasValue': True, 'messageType': 'SecondRowTicketAttributeBased'}]",[2026],,,,,,,,,,,,,
13395450881,153020449,223,122854,223,2,3,_,,False,False,1,,False,False,[1],471,Middle,1,True,"[{'listingNoteId': 2027, 'listingNoteContentId': 3415845, 'formattedListingNoteContent': 'Third Row of Section', 'listingNoteTypeId': 6, 'showToBuyer': True, 'hideInMock': False, 'siteAddedListingNote': False, 'aisleListingNoteWithSplit': False, 'listingNoteDescriptionContentId': 3415845, 'formattedListingNoteDescription': 'Third Row of Section'}, {'listingNoteId': -1, 'listingNoteContentId': 3338094, 'formattedListingNoteContent': 'Clear view', 'listingNoteTypeId': 3, 'showToBuyer': True, 'hideInMock': False, 'siteAddedListingNote': False, 'aisleListingNoteWithSplit': False, 'listingNoteDescriptionContentId': 3338095, 'formattedListingNoteDescription': ""You'll have an unrestricted view of the show.""}]","[{'listingNoteBucketId': 14, 'formattedListingNoteContent': 'Third Row of Section', 'displayOrder': 14, 'showsRawNoteText': True, 'sourceListingNoteId': 2027}, {'listingNoteBucketId': 27, 'formattedListingNoteContent': 'Clear view', 'displayOrder': 8, 'showsRawNoteText': True, 'sourceListingNoteId': -1}]",703022,False,False,Row 3,False,2729540,"¥2,729,540","¥2,729,540",,,,10,Mobile Transfer ticket,3,1,USD,JPY,1000.0,USD,"https://img.vggcdn.net/img/vfsimage2/812551/471_122854/0.jpg?im=Resize=(500,271)&v=771",4 hours ago,4,False,False,False,False,dox2LBM5ZrHShYT0Uhu0xxcAo%2bgVQzyrviEno0khaLE%3d,False,2026-07-19T06:16:12.6430000Z,False,False,False,False,False,False,0,False,,False,False,False,False,0,False,False,0,13395450881,False,36B7450F-2D9A-49C0-A3AC-1F0FB9B262F1,False,False,True,2,4.029402764708634,1.091724697,,,,"[{'message': 'Popular Pick', 'qualifier': '51 tickets sold for this event', 'hasValue': True, 'messageType': 'BoughtInLastHourSocialProofBased'}, {'message': 'Third Row', 'qualifier': 'Excellent proximity to the action', 'hasValue': True, 'messageType': 'ThirdRowTicketAttributeBased'}]",[2027],,,,,,,,,,,,,
13388193458,153020449,124,122796,124,2,1,16_18,16,False,False,3,,False,False,"[1, 3]",594,Lower,3,True,"[{'listingNoteId': 2025, 'listingNoteContentId': 3415843, 'formattedListingNoteContent': 'Front Row of Section', 'listingNoteTypeId': 6, 'showToBuyer': True, 'hideInMock': False, 'siteAddedListingNote': False, 'aisleListingNoteWithSplit': False, 'listingNoteDescriptionContentId': 3415843, 'formattedListingNoteDescription': 'Front Row of Section'}, {'listingNoteId': -1, 'listingNoteContentId': 3338094, 'formattedListingNoteContent': 'Clear view', 'listingNoteTypeId': 3, 'showToBuyer': True, 'hideInMock': False, 'siteAddedListingNote': False, 'aisleListingNoteWithSplit': False, 'listingNoteDescriptionContentId': 3338095, 'formattedListingNoteDescription': ""You'll have an unrestricted view of the show.""}]","[{'listingNoteBucketId': 14, 'formattedListingNoteContent': 'Front Row of Section', 'displayOrder': 14, 'showsRawNoteText': True, 'sourceListingNoteId': 2025}, {'listingNoteBucketId': 27, 'formattedListingNoteContent': 'Clear view', 'displayOrder': 8, 'showsRawNoteText': True, 'sourceListingNoteId': -1}]",2112716,False,False,Row 1,False,2807514,"¥2,807,514","¥2,807,514",,,,10,Mobile Transfer ticket,3,1,USD,JPY,10990.0,USD,"https://img.vggcdn.net/img/vfsimage2/812551/594_122796/0.jpg?im=Resize=(500,271)&v=771",yesterday,7,False,False,False,False,CAcRhqn9wLRHmAWJy549pLGSFPRltQfAz%2fUe6HXpcf0%3d,False,2026-07-18T02:25:15.6500000Z,False,False,False,True,False,False,0,False,[6],False,False,False,False,0,False,False,0,13388193458,False,4829EDB6-42A1-48DC-993E-BCC9393615B2,False,False,True,3,6.924109491034856,1.630861575,,,,"[{'message': 'Popular Pick', 'qualifier': '51 tickets sold for this event', 'hasValue': True, 'messageType': 'BoughtInLastHourSocialProofBased'}, {'message': 'Front Row', 'qualifier': 'Best seats in the house', 'hasValue': True, 'messageType': 'FirstRowTicketAttributeBased'}]",[2025],,,,,,,,Fan favorite,This section is in the top 10% of sections for this event when ranked based on a count of successful sales over the past 7 days on our site,True,,,
13348807789,153020449,108,122786,108,2,13,_,,False,False,4,,False,False,"[1, 2, 3, 4]",594,Lower,4,True,"[{'listingNoteId': 2027, 'listingNoteContentId': 3415845, 'formattedListingNoteContent': 'Third Row of Section', 'listingNoteTypeId': 6, 'showToBuyer': True, 'hideInMock': False, 'siteAddedListingNote': False, 'aisleListingNoteWithSplit': False, 'listingNoteDescriptionContentId': 3415845, 'formattedListingNoteDescription': 'Third Row of Section'}, {'listingNoteId': -1, 'listingNoteContentId': 3338094, 'formattedListingNoteContent': 'Clear view', 'listingNoteTypeId': 3, 'showToBuyer': True, 'hideInMock': False, 'siteAddedListingNote': False, 'aisleListingNoteWithSplit': False, 'listingNoteDescriptionContentId': 3338095, 'formattedListingNoteDescription': ""You'll have an unrestricted view of the show.""}]","[{'listingNoteBucketId': 14, 'formattedListingNoteContent': 'Third Row of Section', 'displayOrder': 14, 'showsRawNoteText': True, 'sourceListingNoteId': 2027}, {'listingNoteBucketId': 27, 'formattedListingNoteContent': 'Clear view', 'displayOrder': 8, 'showsRawNoteText': True, 'sourceListingNoteId': -1}]",2112256,False,False,Row 13,False,2862173,"¥2,862,173","¥2,862,173","¥5,070,233",44.0,"¥2,208,060",10,Mobile Transfer ticket,3,1,USD,JPY,0.0,USD,"https://img.vggcdn.net/img/vfsimage2/812551/594_122786/0.jpg?im=Resize=(500,271)&v=771",4 days ago,6,False,False,False,False,RHucNOb29gWgRQp%2bzs%2bH2j0I9%2bj7FV3qRK4kD%2bSP4gM%3d,False,2026-07-14T14:41:08.2870000Z,False,False,False,False,False,False,0,False,,False,False,False,False,0,False,False,0,13348807789,False,487BBF57-1169-447F-A3C0-DE4232221949,False,False,True,3,6.27865799212825,1.539938978,,,,"[{'message': 'Popular Pick', 'qualifier': '51 tickets sold for this event', 'hasValue': True, 'messageType': 'BoughtInLastHourSocialProofBased'}, {'message': 'Third Row', 'qualifier': 'Excellent proximity to the action', 'hasValue': True, 'messageType': 'ThirdRowTicketAttributeBased'}]",[2027],,,,,,,,,,,,,
13382102329,153020449,116,122791,116,2,10,10_10,10,False,False,1,,False,False,[1],594,Lower,1,True,"[{'listingNoteId': -1, 'listingNoteContentId': 3338094, 'formattedListingNoteContent': 'Clear view', 'listingNoteTypeId': 3, 'showToBuyer': True, 'hideInMock': False, 'siteAddedListingNote': False, 'aisleListingNoteWithSplit': False, 'listingNoteDescriptionContentId': 3338095, 'formattedListingNoteDescription': ""You'll have an unrestricted view of the show.""}]","[{'listingNoteBucketId': 27, 'formattedListingNoteContent': 'Clear view', 'displayOrder': 8, 'showsRawNoteText': True, 'sourceListingNoteId': -1}]",2112514,False,False,Row 10,False,2901883,"¥2,901,883","¥2,901,883","¥4,369,165",34.0,"¥1,467,282",10,Mobile Transfer ticket,3,1,EUR,JPY,10900.0,EUR,"https://img.vggcdn.net/img/vfsimage2/812551/594_122791/0.jpg?im=Resize=(500,271)&v=771",2 days ago,9,False,False,False,False,6ecFv2vJ3w0SOHTijRPvq%2bj7zuZvJnfjuTYM%2b57q7yY%3d,False,2026-07-17T10:45:14.1300000Z,False,False,False,False,False,False,0,False,,False,False,False,False,0,False,False,0,13382102329,False,47835767-340B-4253-BADC-E82400A2455B,False,False,True,5,8.637116369128329,2.241669012,,,,"[{'message': 'Amazing Value', 'qualifier': 'Based on price, view, seat quality and more', 'hasValue': True, 'messageType': 'ValueBased'}, {'message': 'Popular Pick', 'qualifier': '51 tickets sold for this event', 'hasValue': True, 'messageType': 'BoughtInLastHourSocialProofBased'}]",[],,,,,,,,,,,,,
13081692481,153020449,346,122939,346,2,18,24_24,24,False,False,1,,False,False,[1],407,Upper,1,True,"[{'listingNoteId': -1, 'listingNoteContentId': 3338094, 'formattedListingNoteContent': 'Clear view', 'listingNoteTypeId': 3, 'showToBuyer': True, 'hideInMock': False, 'siteAddedListingNote': False, 'aisleListingNoteWithSplit': False, 'listingNoteDescriptionContentId': 3338095, 'formattedListingNoteDescription': ""You'll have an unrestricted view of the show.""}]","[{'listingNoteBucketId': 27, 'formattedListingNoteContent': 'Clear view', 'displayOrder': 8, 'showsRawNoteText': True, 'sourceListingNoteId': -1}]",2113956,False,False,Row 18,False,2929975,"¥2,929,975","¥2,929,975","¥5,419,449",46.0,"¥2,489,474",10,Mobile Transfer ticket,3,1,EUR,JPY,1720.0,EUR,"https://img.vggcdn.net/img/vfsimage2/812551/407_122939/0.jpg?im=Resize=(500,271)&v=771",29 days ago,2,False,False,False,False,CAcRhqn9wLRHmAWJy549pLGSFPRltQfAz%2fUe6HXpcf0%3d,False,2026-06-20T02:50:38.9870000Z,False,False,False,False,False,False,0,False,,False,False,False,False,0,False,False,0,13081692481,False,ABC0C507-0282-497F-BBF6-1B28CD0D2604,False,False,True,1,2.2952848277237536,0.7804819445,,,,"[{'message': 'Popular Pick', 'qualifier': '51 tickets sold for this event', 'hasValue': True, 'messageType': 'BoughtInLastHourSocialProofBased'}]",[],,,,,,,,,,,,,
13351097261,153020449,134,122802,134,2,8,20_20,20,False,False,1,,False,False,[1],594,Lower,1,True,"[{'listingNoteId': -1, 'listingNoteContentId': 3338094, 'formattedListingNoteContent': 'Clear view', 'listingNoteTypeId': 3, 'showToBuyer': True, 'hideInMock': False, 'siteAddedListingNote': False, 'aisleListingNoteWithSplit': False, 'listingNoteDescriptionContentId': 3338095, 'formattedListingNoteDescription': ""You'll have an unrestricted view of the show.""}]","[{'listingNoteBucketId': 27, 'formattedListingNoteContent': 'Clear view', 'displayOrder': 8, 'showsRawNoteText': True, 'sourceListingNoteId': -1}]",2113020,False,False,Row 8,False,2964709,"¥2,964,709","¥2,964,709",,,,10,Mobile Transfer ticket,3,1,USD,JPY,,USD,"https://img.vggcdn.net/img/vfsimage2/812551/594_122802/0.jpg?im=Resize=(500,271)&v=771",4 days ago,8,False,False,False,False,hgMwEpBJWVV1oK%2fjup5GjSWGpmLE954tvz6JUx6ty0w%3d,False,2026-07-14T16:50:38.1100000Z,False,False,False,False,False,False,0,False,,False,False,False,False,0,False,False,0,13351097261,False,1B07A439-4FC4-4908-BBDF-70FEED8C49BE,False,False,True,4,7.564297769981511,1.886883891,,,,"[{'message': 'Great Value', 'qualifier': 'Based on price, view, seat quality and more', 'hasValue': True, 'messageType': 'ValueBased'}, {'message': 'Popular Pick', 'qualifier': '51 tickets sold for this event', 'hasValue': True, 'messageType': 'BoughtInLastHourSocialProofBased'}]",[],20,20,,,,,,,,,,,
13377547900,153020449,126,122797,126,2,4,_,,False,False,1,,False,False,[1],594,Lower,1,True,"[{'listingNoteId': -1, 'listingNoteContentId': 3338094, 'formattedListingNoteContent': 'Clear view', 'listingNoteTypeId': 3, 'showToBuyer': True, 'hideInMock': False, 'siteAddedListingNote': False, 'aisleListingNoteWithSplit': False, 'listingNoteDescriptionContentId': 3338095, 'formattedListingNoteDescription': ""You'll have an unrestricted view of the show.""}]","[{'listingNoteBucketId': 27, 'formattedListingNoteContent': 'Clear view', 'displayOrder': 8, 'showsRawNoteText': True, 'sourceListingNoteId': -1}]",2112798,False,False,Row 4,False,2988769,"¥2,988,769","¥2,988,769",,,,10,Mobile Transfer ticket,3,1,SGD,JPY,19357.0,SGD,"https://img.vggcdn.net/img/vfsimage2/812551/594_122797/0.jpg?im=Resize=(500,271)&v=771",2 days ago,7,False,False,False,False,uF3KQhXHUruz3SdpJMXHsvD4wKnaQT0qAibWn5AqX3o%3d,False,2026-07-16T23:18:14.4900000Z,False,False,False,True,False,False,0,False,[6],False,False,False,False,0,False,False,0,13377547900,False,137EEF54-EAB1-4F7F-B028-40CBFDBDD40F,False,False,True,4,7.135778251083783,1.788343108,,,,"[{'message': 'Great Value', 'qualifier': 'Based on price, view, seat quality and more', 'hasValue': True, 'messageType': 'ValueBased'}, {'message': 'Popular Pick', 'qualifier': '51 tickets sold for this event', 'hasValue': True, 'messageType': 'BoughtInLastHourSocialProofBased'}]",[],,,,,,,,Fan favorite,This section is in the top 10% of sections for this event when ranked based on a count of successful sales over the past 7 days on our site,True,,,
13386258853,153020449,143,122808,143,2,19,_,,False,False,3,,False,False,"[1, 3]",594,Lower,3,True,"[{'listingNoteId': -1, 'listingNoteContentId': 3338094, 'formattedListingNoteContent': 'Clear view', 'listingNoteTypeId': 3, 'showToBuyer': True, 'hideInMock': False, 'siteAddedListingNote': False, 'aisleListingNoteWithSplit': False, 'listingNoteDescriptionContentId': 3338095, 'formattedListingNoteDescription': ""You'll have an unrestricted view of the show.""}]","[{'listingNoteBucketId': 27, 'formattedListingNoteContent': 'Clear view', 'displayOrder': 8, 'showsRawNoteText': True, 'sourceListingNoteId': -1}]",2113178,False,False,Row 19,False,3009272,"¥3,009,272","¥3,009,272","¥4,169,701",28.0,"¥1,160,429",10,Mobile Transfer ticket,3,1,USD,JPY,13086.0,USD,"https://img.vggcdn.net/img/vfsimage2/812551/594_122808/0.jpg?im=Resize=(500,271)&v=771",yesterday,6,False,False,False,False,yvrHMUYL5CRHtrfoC%2fsokPU3iMwskot2VBI3TldR8TA%3d,False,2026-07-17T21:07:11.7000000Z,False,False,False,False,False,False,0,False,,False,False,False,False,0,False,False,0,13386258853,False,9F18C952-3365-40BF-8067-BC5C191AE5BA,False,False,True,3,6.285198157811468,1.621708929,,,,"[{'message': 'Popular Pick', 'qualifier': '51 tickets sold for this event', 'hasValue': True, 'messageType': 'BoughtInLastHourSocialProofBased'}]",[],,,,,,,,,,,,,
13367629921,153020449,Spain Supporters Standard Tier,2447958,Spain Supporters Standard Tier,2,,_,,False,False,2,,False,False,"[1, 2]",1666,Spain Supporters,2,True,"[{'listingNoteId': -1, 'listingNoteContentId': 3338094, 'formattedListingNoteContent': 'Clear view', 'listingNoteTypeId': 3, 'showToBuyer': True, 'hideInMock': False, 'siteAddedListingNote': False, 'aisleListingNoteWithSplit': False, 'listingNoteDescriptionContentId': 3338095, 'formattedListingNoteDescription': ""You'll have an unrestricted view of the show.""}]","[{'listingNoteBucketId': 27, 'formattedListingNoteContent': 'Clear view', 'displayOrder': 8, 'showsRawNoteText': True, 'sourceListingNoteId': -1}]",4847588,False,False,Row,True,3119410,"¥3,119,410","¥3,119,410",,,,10,Mobile Transfer ticket,3,1,USD,JPY,10000.0,USD,"https://img.vggcdn.net/img/vfsimage2/812551/1666_2447958/0.jpg?im=Resize=(500,271)&v=771",3 days ago,4,False,False,False,False,igjMyzQP1%2bbqxfI%2b5AH3VhvvTkEJSdl4rwm2TVEgpHI%3d,False,2026-07-16T04:58:48.2230000Z,False,False,False,False,False,False,0,False,[7],False,False,False,False,0,False,False,0,13367629921,False,219C149C-6605-4469-92A9-47332966EEAC,False,False,True,2,4.080066038155799,1.25740229,Last tickets,True,,"[{'message': 'Popular Pick', 'qualifier': '51 tickets sold for this event', 'hasValue': True, 'messageType': 'BoughtInLastHourSocialProofBased'}]",[],,,,,,,,,,,,,
13393677300,153020449,135,122803,135,2,29,5_5,5,False,False,1,,False,False,[1],594,Lower,1,True,"[{'listingNoteId': -1, 'listingNoteContentId': 3338094, 'formattedListingNoteContent': 'Clear view', 'listingNoteTypeId': 3, 'showToBuyer': True, 'hideInMock': False, 'siteAddedListingNote': False, 'aisleListingNoteWithSplit': False, 'listingNoteDescriptionContentId': 3338095, 'formattedListingNoteDescription': ""You'll have an unrestricted view of the show.""}]","[{'listingNoteBucketId': 27, 'formattedListingNoteContent': 'Clear view', 'displayOrder': 8, 'showsRawNoteText': True, 'sourceListingNoteId': -1}]",2113043,False,False,Row 29,False,3135978,"¥3,135,978","¥3,135,978",,,,10,Mobile Transfer ticket,3,1,EUR,JPY,11000.0,EUR,"https://img.vggcdn.net/img/vfsimage2/812551/594_122803/0.jpg?im=Resize=(500,271)&v=771",11 hours ago,6,False,False,False,False,MB%2b%2bIvN9%2bkYREer0VnjcU6Pq11kmevmZSDsddoI%2bBxM%3d,False,2026-07-18T23:44:28.9370000Z,False,False,False,False,False,False,0,False,[7],False,False,False,False,0,False,False,0,13393677300,False,91E519A7-7215-4CE9-BC43-15C1A55F2DAA,False,False,True,3,5.567853064043123,1.561885738,Last ticket,True,,"[{'message': 'Popular Pick', 'qualifier': '51 tickets sold for this event', 'hasValue': True, 'messageType': 'BoughtInLastHourSocialProofBased'}]",[],5,5,,,,,,,,,,,
13395819420,153020449,115C,1530769,115C,2,30W,_,,False,False,4,,False,False,"[1, 2, 4]",594,Lower,4,True,"[{'listingNoteId': 2337, 'listingNoteContentId': 4201351, 'formattedListingNoteContent': 'Easy Access Amenity', 'listingNoteTypeId': 2, 'showToBuyer': True, 'hideInMock': False, 'siteAddedListingNote': False, 'aisleListingNoteWithSplit': False, 'formattedListingNoteDescription': ''}, {'listingNoteId': 2351, 'listingNoteContentId': 4249194, 'formattedListingNoteContent': 'This ticket cannot be transferred again after you receive it', 'listingNoteTypeId': 2, 'showToBuyer': True, 'hideInMock': False, 'siteAddedListingNote': False, 'aisleListingNoteWithSplit': False, 'listingNoteDescriptionContentId': 4249195, 'formattedListingNoteDescription': 'These tickets will be delivered via the FWC2026 Mobile Tickets app, which restricts subsequent transfer'}, {'listingNoteId': 124, 'listingNoteContentId': 1809869, 'formattedListingNoteContent': 'Under 16s accompanied by an adult', 'listingNoteTypeId': 2, 'showToBuyer': True, 'hideInMock': False, 'siteAddedListingNote': False, 'aisleListingNoteWithSplit': False, 'listingNoteDescriptionContentId': 1809870, 'formattedListingNoteDescription': 'Children under 16 must be accompanied by an adult to the event'}, {'listingNoteId': -1, 'listingNoteContentId': 3338094, 'formattedListingNoteContent': 'Clear view', 'listingNoteTypeId': 3, 'showToBuyer': True, 'hideInMock': False, 'siteAddedListingNote': False, 'aisleListingNoteWithSplit': False, 'listingNoteDescriptionContentId': 3338095, 'formattedListingNoteDescription': ""You'll have an unrestricted view of the show.""}]","[{'listingNoteBucketId': 24, 'formattedListingNoteContent': 'Under 16s accompanied by an adult', 'displayOrder': 24, 'showsRawNoteText': True, 'sourceListingNoteId': 124}, {'listingNoteBucketId': 0, 'formattedListingNoteContent': 'Easy Access Amenity', 'displayOrder': 30, 'showsRawNoteText': True, 'sourceListingNoteId': 2337}, {'listingNoteBucketId': 0, 'formattedListingNoteContent': 'This ticket cannot be transferred again after you receive it', 'displayOrder': 30, 'showsRawNoteText': True, 'sourceListingNoteId': 2351}, {'listingNoteBucketId': 27, 'formattedListingNoteContent': 'Clear view', 'displayOrder': 8, 'showsRawNoteText': True, 'sourceListingNoteId': -1}]",2112511,False,False,Row 30W,False,3177426,"¥3,177,426","¥3,177,426",,,,10,Mobile Transfer ticket,3,1,USD,JPY,11000.0,USD,"https://img.vggcdn.net/img/vfsimage2/812551/594_1530769/0.jpg?im=Resize=(500,271)&v=771",2 hours ago,8,False,False,False,False,Fu%2bG2pUU69hcnv0jhqcARiXkU9Kzh0gEw2qz%2bLOr9lQ%3d,False,2026-07-19T08:36:44.3970000Z,False,False,False,False,False,False,0,False,,False,False,False,False,0,False,False,0,13395819420,False,7CB3C195-E1AA-4E59-832E-09B982D0D5A2,False,False,True,4,8.229263692325054,2.243979471,,,,"[{'message': 'Great Value', 'qualifier': 'Based on price, view, seat quality and more', 'hasValue': True, 'messageType': 'ValueBased'}, {'message': 'Popular Pick', 'qualifier': '51 tickets sold for this event', 'hasValue': True, 'messageType': 'BoughtInLastHourSocialProofBased'}]",[],,,,,,,,,,,,,
13393422628,153020449,235,122862,235,2,11,_,,False,False,1,,False,False,[1],471,Middle,1,True,"[{'listingNoteId': 263, 'listingNoteContentId': 2444900, 'formattedListingNoteContent': 'VIP Club', 'listingNoteTypeId': 3, 'showToBuyer': True, 'hideInMock': False, 'siteAddedListingNote': False, 'aisleListingNoteWithSplit': False, 'listingNoteDescriptionContentId': 2444901, 'formattedListingNoteDescription': 'VIP Club - Club opens 90 minutes prior to tipoff and offers access to a lounge area with televisions, plush seating and private restrooms as well as all-inclusive food, draft beer, and house wine'}, {'listingNoteId': 424, 'listingNoteContentId': 2445241, 'formattedListingNoteContent': 'Access to VIP Club', 'listingNoteTypeId': 3, 'showToBuyer': True, 'hideInMock': False, 'siteAddedListingNote': False, 'aisleListingNoteWithSplit': False, 'formattedListingNoteDescription': ''}, {'listingNoteId': 1367, 'listingNoteContentId': 2447255, 'formattedListingNoteContent': 'Includes club access', 'listingNoteTypeId': 3, 'showToBuyer': True, 'hideInMock': False, 'siteAddedListingNote': False, 'aisleListingNoteWithSplit': False, 'listingNoteDescriptionContentId': 2447256, 'formattedListingNoteDescription': 'Includes club access'}, {'listingNoteId': -1, 'listingNoteContentId': 3338094, 'formattedListingNoteContent': 'Clear view', 'listingNoteTypeId': 3, 'showToBuyer': True, 'hideInMock': False, 'siteAddedListingNote': False, 'aisleListingNoteWithSplit': False, 'listingNoteDescriptionContentId': 3338095, 'formattedListingNoteDescription': ""You'll have an unrestricted view of the show.""}]","[{'listingNoteBucketId': 1, 'formattedListingNoteContent': 'VIP packages', 'displayOrder': 1, 'showsRawNoteText': False}, {'listingNoteBucketId': 4, 'formattedListingNoteContent': 'Club access', 'displayOrder': 4, 'showsRawNoteText': False}, {'listingNoteBucketId': 27, 'formattedListingNoteContent': 'Clear view', 'displayOrder': 8, 'showsRawNoteText': True, 'sourceListingNoteId': -1}]",703282,False,False,Row 11,False,3270992,"¥3,270,992","¥3,270,992",,,,10,Mobile Transfer ticket,3,1,USD,JPY,10900.0,USD,"https://img.vggcdn.net/img/vfsimage2/812551/471_122862/0.jpg?im=Resize=(500,271)&v=771",11 hours ago,5,False,False,False,False,pEyGgZuvus5NXfsehm%2fwGoTUqBQs0YpQpG7pjdwX3p4%3d,False,2026-07-18T22:56:27.5700000Z,False,False,False,False,False,False,0,False,,False,False,False,False,0,False,False,0,13393422628,False,A60CA6C9-64AD-4D72-9451-F30BDC9296CC,False,False,True,3,5.107585896870421,1.553572513,,,,"[{'message': 'Popular Pick', 'qualifier': '51 tickets sold for this event', 'hasValue': True, 'messageType': 'BoughtInLastHourSocialProofBased'}]",[],,,,,,,,,,,,,
13390950221,153020449,115C,1530769,115C,2,2,11_11,11,False,False,1,,False,False,[1],594,Lower,1,True,"[{'listingNoteId': 810, 'listingNoteContentId': 2446052, 'formattedListingNoteContent': 'Actual 2nd row of section', 'listingNoteTypeId': 3, 'showToBuyer': True, 'hideInMock': False, 'siteAddedListingNote': False, 'aisleListingNoteWithSplit': False, 'listingNoteDescriptionContentId': 2446053, 'formattedListingNoteDescription': 'Actual 2nd row of section'}, {'listingNoteId': -1, 'listingNoteContentId': 3338094, 'formattedListingNoteContent': 'Clear view', 'listingNoteTypeId': 3, 'showToBuyer': True, 'hideInMock': False, 'siteAddedListingNote': False, 'aisleListingNoteWithSplit': False, 'listingNoteDescriptionContentId': 3338095, 'formattedListingNoteDescription': ""You'll have an unrestricted view of the show.""}]","[{'listingNoteBucketId': 14, 'formattedListingNoteContent': 'Actual 2nd row of section', 'displayOrder': 14, 'showsRawNoteText': True, 'sourceListingNoteId': 810}, {'listingNoteBucketId': 27, 'formattedListingNoteContent': 'Clear view', 'displayOrder': 8, 'showsRawNoteText': True, 'sourceListingNoteId': -1}]",1641165,False,False,Row 2,False,3289101,"¥3,289,101","¥3,289,101","¥6,267,098",48.0,"¥2,977,997",10,Mobile Transfer ticket,3,1,USD,JPY,,USD,"https://img.vggcdn.net/img/vfsimage2/812551/594_1530769/0.jpg?im=Resize=(500,271)&v=771",21 hours ago,10,False,False,False,False,lPwfQuSyuKiQAFhCh%2b8kAyTrvUGRARkI0GvBp%2bNuSMQ%3d,False,2026-07-18T13:23:43.7630000Z,False,True,False,False,False,False,0,False,[1],False,False,False,False,0,False,False,0,13390950221,False,6F8E6879-43C0-4AD3-8D8E-3ACA8F0C6953,False,False,True,5,10,4.391235689,,,,"[{'message': 'Amazing Value', 'qualifier': 'Based on price, view, seat quality and more', 'hasValue': True, 'messageType': 'ValueBased'}, {'message': 'Popular Pick', 'qualifier': '50 tickets sold for this event', 'hasValue': True, 'messageType': 'BoughtInLastHourSocialProofBased'}, {'message': 'Second Row', 'qualifier': 'Premium close-up view', 'hasValue': True, 'messageType': 'SecondRowTicketAttributeBased'}]",[810],11,11,,,,,,,,,Best deal,True,6aa8a73f-b069-4147-a316-ffc9e9280c2b
13387557960,153020449,210,122843,210,2,12,100_,100,False,False,2,,False,False,"[1, 2]",471,Middle,2,True,"[{'listingNoteId': -1, 'listingNoteContentId': 3338094, 'formattedListingNoteContent': 'Clear view', 'listingNoteTypeId': 3, 'showToBuyer': True, 'hideInMock': False, 'siteAddedListingNote': False, 'aisleListingNoteWithSplit': False, 'listingNoteDescriptionContentId': 3338095, 'formattedListingNoteDescription': ""You'll have an unrestricted view of the show.""}]","[{'listingNoteBucketId': 27, 'formattedListingNoteContent': 'Clear view', 'displayOrder': 8, 'showsRawNoteText': True, 'sourceListingNoteId': -1}]",702858,False,False,Row 12,False,3308788,"¥3,308,788","¥3,308,788",,,,10,Mobile Transfer ticket,3,1,AED,JPY,400.0,AED,"https://img.vggcdn.net/img/vfsimage2/812551/471_122843/0.jpg?im=Resize=(500,271)&v=771",yesterday,4,False,False,False,False,MenAcjvQFxuyzAd9mlQY5%2bF5jaQyYF9XLQ30Pm4pUiM%3d,False,2026-07-18T00:06:56.1000000Z,False,False,False,False,False,False,0,False,[7],False,False,False,False,0,False,False,0,13387557960,False,472D8CE4-3688-4EE3-AC14-05045D36DB49,False,False,True,2,3.719784309038621,1.263804131,Last tickets,True,,"[{'message': 'Popular Pick', 'qualifier': '50 tickets sold for this event', 'hasValue': True, 'messageType': 'BoughtInLastHourSocialProofBased'}]",[],,,,,,,,,,,,,
13392420232,153020449,332,122925,332,2,16,2_2,2,False,False,1,,False,False,[1],407,Upper,1,True,"[{'listingNoteId': -1, 'listingNoteContentId': 3338094, 'formattedListingNoteContent': 'Clear view', 'listingNoteTypeId': 3, 'showToBuyer': True, 'hideInMock': False, 'siteAddedListingNote': False, 'aisleListingNoteWithSplit': False, 'listingNoteDescriptionContentId': 3338095, 'formattedListingNoteDescription': ""You'll have an unrestricted view of the show.""}]","[{'listingNoteBucketId': 27, 'formattedListingNoteContent': 'Clear view', 'displayOrder': 8, 'showsRawNoteText': True, 'sourceListingNoteId': -1}]",704215,False,False,Row 16,False,3325067,"¥3,325,067","¥3,325,067",,,,10,Mobile Transfer ticket,3,1,USD,JPY,,USD,"https://img.vggcdn.net/img/vfsimage2/812551/407_122925/0.jpg?im=Resize=(500,271)&v=771",15 hours ago,2,False,False,False,False,9iYE9zeGyLYbnhm0RTXvFa4KAPxfGsm2Xuel%2bszbFLo%3d,False,2026-07-18T19:00:17.8600000Z,False,False,False,True,False,False,0,False,[6],False,False,False,False,0,False,False,0,13392420232,False,16BFA155-F946-4DD7-B3EF-ECBA3BFFD7A7,False,False,True,1,2.3411978819393218,0.9202951426,Last ticket,True,,"[{'message': 'Popular Pick', 'qualifier': '50 tickets sold for this event', 'hasValue': True, 'messageType': 'BoughtInLastHourSocialProofBased'}]",[],2,2,[7],,,,,Fan favorite,This section is in the top 10% of sections for this event when ranked based on a count of successful sales over the past 7 days on our site,True,,,
13374673023,153020449,109,122787,109,2,9,22_22,22,False,False,1,,False,False,[1],594,Lower,1,True,"[{'listingNoteId': 10, 'listingNoteContentId': 1036546, 'formattedListingNoteContent': 'Aisle seat', 'listingNoteTypeId': 3, 'showToBuyer': True, 'hideInMock': False, 'siteAddedListingNote': False, 'aisleListingNoteWithSplit': False, 'listingNoteDescriptionContentId': 4177929, 'formattedListingNoteDescription': 'Aisle seat'}, {'listingNoteId': 165, 'listingNoteContentId': 2444685, 'formattedListingNoteContent': 'Preferred Seating', 'listingNoteTypeId': 3, 'showToBuyer': True, 'hideInMock': False, 'siteAddedListingNote': False, 'aisleListingNoteWithSplit': False, 'listingNoteDescriptionContentId': 2444686, 'formattedListingNoteDescription': 'Preferred Seating'}, {'listingNoteId': 1001, 'listingNoteContentId': 2446443, 'formattedListingNoteContent': 'Actual 3rd row of section', 'listingNoteTypeId': 3, 'showToBuyer': True, 'hideInMock': False, 'siteAddedListingNote': False, 'aisleListingNoteWithSplit': False, 'listingNoteDescriptionContentId': 2446444, 'formattedListingNoteDescription': 'Actual 3rd row of section'}, {'listingNoteId': -1, 'listingNoteContentId': 3338094, 'formattedListingNoteContent': 'Clear view', 'listingNoteTypeId': 3, 'showToBuyer': True, 'hideInMock': False, 'siteAddedListingNote': False, 'aisleListingNoteWithSplit': False, 'listingNoteDescriptionContentId': 3338095, 'formattedListingNoteDescription': ""You'll have an unrestricted view of the show.""}]","[{'listingNoteBucketId': 11, 'formattedListingNoteContent': 'Preferred Seating', 'displayOrder': 11, 'showsRawNoteText': True, 'sourceListingNoteId': 165}, {'listingNoteBucketId': 14, 'formattedListingNoteContent': 'Aisle seat', 'displayOrder': 14, 'showsRawNoteText': True, 'sourceListingNoteId': 10}, {'listingNoteBucketId': 14, 'formattedListingNoteContent': 'Actual 3rd row of section', 'displayOrder': 14, 'showsRawNoteText': True, 'sourceListingNoteId': 1001}, {'listingNoteBucketId': 27, 'formattedListingNoteContent': 'Clear view', 'displayOrder': 8, 'showsRawNoteText': True, 'sourceListingNoteId': -1}]",2112322,False,False,Row 9,False,3509280,"¥3,509,280","¥3,509,280","¥4,927,976",29.0,"¥1,418,696",10,Mobile Transfer ticket,3,1,USD,JPY,,USD,"https://img.vggcdn.net/img/vfsimage2/812551/594_122787/0.jpg?im=Resize=(500,271)&v=771",2 days ago,5,False,False,False,False,dRfipKUsX2%2bN%2b1O%2bZwQjJ3ra9moY6P38gpE%2bk%2fOZ1kM%3d,False,2026-07-16T17:44:09.5400000Z,False,False,False,False,False,False,0,False,,False,False,False,False,0,False,False,0,13374673023,False,5B4E3811-9DCA-4853-A6F9-87FF58860E1A,False,False,True,2,4.961261156257615,1.636002085,,,,"[{'message': 'Popular Pick', 'qualifier': '50 tickets sold for this event', 'hasValue': True, 'messageType': 'BoughtInLastHourSocialProofBased'}, {'message': 'Aisle Seat', 'qualifier': 'Easy access to your seat', 'hasValue': True, 'messageType': 'AisleSeatTicketAttributeBased'}]",[10],22,22,,,,,,,,,,,
13391394961,153020449,227A,1530787,227A,2,7,16_,16,False,False,1,,False,False,[1],471,Middle,1,True,"[{'listingNoteId': -1, 'listingNoteContentId': 3338094, 'formattedListingNoteContent': 'Clear view', 'listingNoteTypeId': 3, 'showToBuyer': True, 'hideInMock': False, 'siteAddedListingNote': False, 'aisleListingNoteWithSplit': False, 'listingNoteDescriptionContentId': 3338095, 'formattedListingNoteDescription': ""You'll have an unrestricted view of the show.""}]","[{'listingNoteBucketId': 27, 'formattedListingNoteContent': 'Clear view', 'displayOrder': 8, 'showsRawNoteText': True, 'sourceListingNoteId': -1}]",1593635,False,False,Row 7,False,3509280,"¥3,509,280","¥3,509,280",,,,10,Mobile Transfer ticket,3,1,USD,JPY,20000.0,USD,"https://img.vggcdn.net/img/vfsimage2/812551/471_1530787/0.jpg?im=Resize=(500,271)&v=771",19 hours ago,3,False,False,False,False,dRfipKUsX2%2bN%2b1O%2bZwQjJ3ra9moY6P38gpE%2bk%2fOZ1kM%3d,False,2026-07-18T14:58:52.0730000Z,False,False,False,False,False,False,0,False,,False,False,False,False,0,False,False,0,13391394961,False,3A3F24C7-F5F5-4C32-8D73-FBE62611D02B,False,False,True,2,3.3657031865021767,1.274702231,,,,"[{'message': 'Popular Pick', 'qualifier': '50 tickets sold for this event', 'hasValue': True, 'messageType': 'BoughtInLastHourSocialProofBased'}]",[],,,,,,,,,,,,,
13393717171,153020449,235,122862,235,2,10,_,,False,False,4,,False,False,"[1, 2, 3, 4]",471,Middle,4,True,"[{'listingNoteId': 263, 'listingNoteContentId': 2444900, 'formattedListingNoteContent': 'VIP Club', 'listingNoteTypeId': 3, 'showToBuyer': True, 'hideInMock': False, 'siteAddedListingNote': False, 'aisleListingNoteWithSplit': False, 'listingNoteDescriptionContentId': 2444901, 'formattedListingNoteDescription': 'VIP Club - Club opens 90 minutes prior to tipoff and offers access to a lounge area with televisions, plush seating and private restrooms as well as all-inclusive food, draft beer, and house wine'}, {'listingNoteId': 424, 'listingNoteContentId': 2445241, 'formattedListingNoteContent': 'Access to VIP Club', 'listingNoteTypeId': 3, 'showToBuyer': True, 'hideInMock': False, 'siteAddedListingNote': False, 'aisleListingNoteWithSplit': False, 'formattedListingNoteDescription': ''}, {'listingNoteId': 1367, 'listingNoteContentId': 2447255, 'formattedListingNoteContent': 'Includes club access', 'listingNoteTypeId': 3, 'showToBuyer': True, 'hideInMock': False, 'siteAddedListingNote': False, 'aisleListingNoteWithSplit': False, 'listingNoteDescriptionContentId': 2447256, 'formattedListingNoteDescription': 'Includes club access'}, {'listingNoteId': -1, 'listingNoteContentId': 3338094, 'formattedListingNoteContent': 'Clear view', 'listingNoteTypeId': 3, 'showToBuyer': True, 'hideInMock': False, 'siteAddedListingNote': False, 'aisleListingNoteWithSplit': False, 'listingNoteDescriptionContentId': 3338095, 'formattedListingNoteDescription': ""You'll have an unrestricted view of the show.""}]","[{'listingNoteBucketId': 1, 'formattedListingNoteContent': 'VIP packages', 'displayOrder': 1, 'showsRawNoteText': False}, {'listingNoteBucketId': 4, 'formattedListingNoteContent': 'Club access', 'displayOrder': 4, 'showsRawNoteText': False}, {'listingNoteBucketId': 27, 'formattedListingNoteContent': 'Clear view', 'displayOrder': 8, 'showsRawNoteText': True, 'sourceListingNoteId': -1}]",703281,False,False,Row 10,False,3577605,"¥3,577,605","¥3,577,605",,,,10,Mobile Transfer ticket,3,1,USD,JPY,18000.0,USD,"https://img.vggcdn.net/img/vfsimage2/812551/471_122862/0.jpg?im=Resize=(500,271)&v=771",10 hours ago,5,False,False,False,False,51bLOfK7V%2f6FRmv9j6rBn8zhtokAmLQ4Z1KUFNYKoj4%3d,False,2026-07-18T23:58:58.5830000Z,False,False,False,False,False,False,0,False,,False,False,False,False,0,False,False,0,13393717171,False,4E176E14-6532-4CB2-9715-4D250B348D47,False,False,True,2,4.643743045544001,1.578806465,,,,"[{'message': 'Popular Pick', 'qualifier': '50 tickets sold for this event', 'hasValue': True, 'messageType': 'BoughtInLastHourSocialProofBased'}]",[],,,,,,,,,,,,,
13373727429,153020449,5 S37,1538858,5 S37,2,1,_,,False,False,2,,False,False,"[1, 2]",17325,Suite Level 5 East,2,True,"[{'listingNoteId': 11, 'listingNoteContentId': 1038686, 'formattedListingNoteContent': 'Includes VIP pass', 'listingNoteTypeId': 3, 'showToBuyer': True, 'hideInMock': False, 'siteAddedListingNote': False, 'aisleListingNoteWithSplit': False, 'listingNoteDescriptionContentId': 1277351, 'formattedListingNoteDescription': ""A VIP pass gives you great privileges that other ticket holders don't have!""}, {'listingNoteId': 93, 'listingNoteContentId': 1580908, 'formattedListingNoteContent': 'Access to VIP Lounge', 'listingNoteTypeId': 3, 'showToBuyer': True, 'hideInMock': False, 'siteAddedListingNote': False, 'aisleListingNoteWithSplit': False, 'listingNoteDescriptionContentId': 1580909, 'formattedListingNoteDescription': 'Included with the ticket is access to the VIP lounge in the venue.'}, {'listingNoteId': 175, 'listingNoteContentId': 2444706, 'formattedListingNoteContent': 'Unlimited Food and Drinks', 'listingNoteTypeId': 3, 'showToBuyer': True, 'hideInMock': False, 'siteAddedListingNote': False, 'aisleListingNoteWithSplit': False, 'listingNoteDescriptionContentId': 2444707, 'formattedListingNoteDescription': 'Includes unlimited food and drinks (beer, wine and soft drinks)'}, {'listingNoteId': 505, 'listingNoteContentId': 2445404, 'formattedListingNoteContent': 'Premium Seating', 'listingNoteTypeId': 4, 'showToBuyer': True, 'hideInMock': False, 'siteAddedListingNote': False, 'aisleListingNoteWithSplit': False, 'listingNoteDescriptionContentId': 4211339, 'formattedListingNoteDescription': 'Premium Seating'}, {'listingNoteId': 2061, 'listingNoteContentId': 3878124, 'formattedListingNoteContent': 'Premium open bar', 'listingNoteTypeId': 3, 'showToBuyer': True, 'hideInMock': False, 'siteAddedListingNote': False, 'aisleListingNoteWithSplit': False, 'listingNoteDescriptionContentId': 3878125, 'formattedListingNoteDescription': 'Premium open bar'}, {'listingNoteId': 2250, 'listingNoteContentId': 4167698, 'formattedListingNoteContent': 'Partial Suite (Shared)', 'listingNoteTypeId': 3, 'showToBuyer': True, 'hideInMock': False, 'siteAddedListingNote': False, 'aisleListingNoteWithSplit': False, 'listingNoteDescriptionContentId': 4167699, 'formattedListingNoteDescription': 'Partial Suite (Shared)'}, {'listingNoteId': 2267, 'listingNoteContentId': 4177538, 'formattedListingNoteContent': 'VIP Suite', 'listingNoteTypeId': 3, 'showToBuyer': True, 'hideInMock': False, 'siteAddedListingNote': False, 'aisleListingNoteWithSplit': False, 'listingNoteDescriptionContentId': 4177539, 'formattedListingNoteDescription': 'VIP Suite'}, {'listingNoteId': -1, 'listingNoteContentId': 3338094, 'formattedListingNoteContent': 'Clear view', 'listingNoteTypeId': 3, 'showToBuyer': True, 'hideInMock': False, 'siteAddedListingNote': False, 'aisleListingNoteWithSplit': False, 'listingNoteDescriptionContentId': 3338095, 'formattedListingNoteDescription': ""You'll have an unrestricted view of the show.""}]","[{'listingNoteBucketId': 1, 'formattedListingNoteContent': 'VIP packages', 'displayOrder': 1, 'showsRawNoteText': False}, {'listingNoteBucketId': 2, 'formattedListingNoteContent': 'Suite access', 'displayOrder': 2, 'showsRawNoteText': False}, {'listingNoteBucketId': 4, 'formattedListingNoteContent': 'Club access', 'displayOrder': 4, 'showsRawNoteText': False}, {'listingNoteBucketId': 7, 'formattedListingNoteContent': 'Food & beverages', 'displayOrder': 7, 'showsRawNoteText': False}, {'listingNoteBucketId': 8, 'formattedListingNoteContent': 'Food & beverage options', 'displayOrder': 8, 'showsRawNoteText': False}, {'listingNoteBucketId': 15, 'formattedListingNoteContent': 'Premium Seating', 'displayOrder': 15, 'showsRawNoteText': True, 'sourceListingNoteId': 505}, {'listingNoteBucketId': 0, 'formattedListingNoteContent': 'VIP Suite', 'displayOrder': 30, 'showsRawNoteText': True, 'sourceListingNoteId': 2267}, {'listingNoteBucketId': 27, 'formattedListingNoteContent': 'Clear view', 'displayOrder': 8, 'showsRawNoteText': True, 'sourceListingNoteId': -1}]",1614242,False,False,Row 1,True,3612292,"¥3,612,292","¥3,612,292",,,,10,Mobile Transfer ticket,3,1,MXN,JPY,400000.0,MXN,"https://img.vggcdn.net/img/vfsimage2/812551/17325_1538858/0.jpg?im=Resize=(500,271)&v=771",2 days ago,6,False,False,False,False,zbIuQDplATznyMh5F9XVFBBbfjt79cJVkBYOPJw4IXU%3d,False,2026-07-16T16:06:45.6670000Z,False,False,False,False,False,False,0,False,[7],False,False,False,False,0,False,False,0,13373727429,False,206EA620-D803-4C10-9F69-6AF79C7C361E,False,False,True,3,5.857554982938692,1.854322937,Last tickets,True,,"[{'message': 'Popular Pick', 'qualifier': '50 tickets sold for this event', 'hasValue': True, 'messageType': 'BoughtInLastHourSocialProofBased'}]",[],,,,,,,,,,,,,
13392827541,153020449,116,122791,116,2,7,6_6,6,False,False,1,,False,False,[1],594,Lower,1,True,"[{'listingNoteId': 811, 'listingNoteContentId': 2446054, 'formattedListingNoteContent': 'Actual 1st row of the section', 'listingNoteTypeId': 3, 'showToBuyer': True, 'hideInMock': False, 'siteAddedListingNote': False, 'aisleListingNoteWithSplit': False, 'listingNoteDescriptionContentId': 2446055, 'formattedListingNoteDescription': 'Actual 1st row of the section'}, {'listingNoteId': -1, 'listingNoteContentId': 3338094, 'formattedListingNoteContent': 'Clear view', 'listingNoteTypeId': 3, 'showToBuyer': True, 'hideInMock': False, 'siteAddedListingNote': False, 'aisleListingNoteWithSplit': False, 'listingNoteDescriptionContentId': 3338095, 'formattedListingNoteDescription': ""You'll have an unrestricted view of the show.""}]","[{'listingNoteBucketId': 0, 'formattedListingNoteContent': 'Actual 1st row of the section', 'displayOrder': 30, 'showsRawNoteText': True, 'sourceListingNoteId': 811}, {'listingNoteBucketId': 27, 'formattedListingNoteContent': 'Clear view', 'displayOrder': 8, 'showsRawNoteText': True, 'sourceListingNoteId': -1}]",2112545,False,False,Row 7,False,3859988,"¥3,859,988","¥3,859,988","¥6,317,803",39.0,"¥2,457,815",10,Mobile Transfer ticket,3,1,USD,JPY,0.0,USD,"https://img.vggcdn.net/img/vfsimage2/812551/594_122791/0.jpg?im=Resize=(500,271)&v=771",14 hours ago,7,False,False,False,False,PBdzfVvoQ5UsoNGJZRsd1%2fR4Kl10%2bes5p6pqVJz8kvk%3d,False,2026-07-18T20:45:31.3270000Z,False,False,False,False,False,False,0,False,,False,False,False,False,0,False,False,0,13392827541,False,956567D7-9E92-4C89-BA6B-EA17EB791DED,False,False,True,4,7.3324667241247825,2.372807389,,,,"[{'message': 'Great Value', 'qualifier': 'Based on price, view, seat quality and more', 'hasValue': True, 'messageType': 'ValueBased'}, {'message': 'Popular Pick', 'qualifier': '50 tickets sold for this event', 'hasValue': True, 'messageType': 'BoughtInLastHourSocialProofBased'}, {'message': 'Front Row', 'qualifier': 'Best seats in the house', 'hasValue': True, 'messageType': 'FirstRowTicketAttributeBased'}]",[811],6,6,,,,,,,,,,,
13382694909,153020449,143,122808,143,2,9,_,,False,False,8,,False,False,"[1, 2, 3, 4, 5, 6, 8]",594,Lower,8,True,"[{'listingNoteId': -1, 'listingNoteContentId': 3338094, 'formattedListingNoteContent': 'Clear view', 'listingNoteTypeId': 3, 'showToBuyer': True, 'hideInMock': False, 'siteAddedListingNote': False, 'aisleListingNoteWithSplit': False, 'listingNoteDescriptionContentId': 3338095, 'formattedListingNoteDescription': ""You'll have an unrestricted view of the show.""}]","[{'listingNoteBucketId': 27, 'formattedListingNoteContent': 'Clear view', 'displayOrder': 8, 'showsRawNoteText': True, 'sourceListingNoteId': -1}]",2113201,False,False,Row 9,False,3919664,"¥3,919,664","¥3,919,664",,,,10,Mobile Transfer ticket,3,1,EUR,JPY,10000.0,EUR,"https://img.vggcdn.net/img/vfsimage2/812551/594_122808/0.jpg?im=Resize=(500,271)&v=771",yesterday,6,False,False,False,False,gCLrHa0oqGJJLaeluD6Sqk5EH1G6%2fX%2bWk70b8l5dujk%3d,False,2026-07-17T12:40:18.5000000Z,False,False,False,False,False,False,0,False,,False,False,False,False,0,False,False,0,13382694909,False,C73BA2D1-6D87-4BCD-8BCF-E128311A9102,False,False,True,3,5.827538822672753,2.005563094,,,,"[{'message': 'Popular Pick', 'qualifier': '50 tickets sold for this event', 'hasValue': True, 'messageType': 'BoughtInLastHourSocialProofBased'}]",[],,,,,,,,,,,,,
13375745056,153020449,235,122862,235,2,8,_,,False,False,3,,False,False,"[1, 2, 3]",471,Middle,3,True,"[{'listingNoteId': 263, 'listingNoteContentId': 2444900, 'formattedListingNoteContent': 'VIP Club', 'listingNoteTypeId': 3, 'showToBuyer': True, 'hideInMock': False, 'siteAddedListingNote': False, 'aisleListingNoteWithSplit': False, 'listingNoteDescriptionContentId': 2444901, 'formattedListingNoteDescription': 'VIP Club - Club opens 90 minutes prior to tipoff and offers access to a lounge area with televisions, plush seating and private restrooms as well as all-inclusive food, draft beer, and house wine'}, {'listingNoteId': 424, 'listingNoteContentId': 2445241, 'formattedListingNoteContent': 'Access to VIP Club', 'listingNoteTypeId': 3, 'showToBuyer': True, 'hideInMock': False, 'siteAddedListingNote': False, 'aisleListingNoteWithSplit': False, 'formattedListingNoteDescription': ''}, {'listingNoteId': 1367, 'listingNoteContentId': 2447255, 'formattedListingNoteContent': 'Includes club access', 'listingNoteTypeId': 3, 'showToBuyer': True, 'hideInMock': False, 'siteAddedListingNote': False, 'aisleListingNoteWithSplit': False, 'listingNoteDescriptionContentId': 2447256, 'formattedListingNoteDescription': 'Includes club access'}, {'listingNoteId': -1, 'listingNoteContentId': 3338094, 'formattedListingNoteContent': 'Clear view', 'listingNoteTypeId': 3, 'showToBuyer': True, 'hideInMock': False, 'siteAddedListingNote': False, 'aisleListingNoteWithSplit': False, 'listingNoteDescriptionContentId': 3338095, 'formattedListingNoteDescription': ""You'll have an unrestricted view of the show.""}]","[{'listingNoteBucketId': 1, 'formattedListingNoteContent': 'VIP packages', 'displayOrder': 1, 'showsRawNoteText': False}, {'listingNoteBucketId': 4, 'formattedListingNoteContent': 'Club access', 'displayOrder': 4, 'showsRawNoteText': False}, {'listingNoteBucketId': 27, 'formattedListingNoteContent': 'Clear view', 'displayOrder': 8, 'showsRawNoteText': True, 'sourceListingNoteId': -1}]",703279,False,False,Row 8,False,4190832,"¥4,190,832","¥4,190,832","¥6,591,071",36.0,"¥2,400,239",10,Mobile Transfer ticket,3,1,USD,JPY,27850.0,USD,"https://img.vggcdn.net/img/vfsimage2/812551/471_122862/0.jpg?im=Resize=(500,271)&v=771",2 days ago,4,False,False,False,False,wNx2uhgPskatHyK72ee3bbTM9BPJew%2bdsSVg4kZEPU0%3d,False,2026-07-16T19:44:14.6730000Z,False,False,False,False,False,False,0,False,,False,False,False,False,0,False,False,0,13375745056,False,3CB97F09-2857-4826-8A48-BDB21E5754B2,False,False,True,2,3.8450562807334476,1.630477694,,,,"[{'message': 'Popular Pick', 'qualifier': '50 tickets sold for this event', 'hasValue': True, 'messageType': 'BoughtInLastHourSocialProofBased'}]",[],,,,,,,,,,,,,
13384010222,153020449,140,122806,140,2,20,_,,False,False,3,,False,False,"[1, 3]",594,Lower,3,True,"[{'listingNoteId': -1, 'listingNoteContentId': 3338094, 'formattedListingNoteContent': 'Clear view', 'listingNoteTypeId': 3, 'showToBuyer': True, 'hideInMock': False, 'siteAddedListingNote': False, 'aisleListingNoteWithSplit': False, 'listingNoteDescriptionContentId': 3338095, 'formattedListingNoteDescription': ""You'll have an unrestricted view of the show.""}]","[{'listingNoteBucketId': 27, 'formattedListingNoteContent': 'Clear view', 'displayOrder': 8, 'showsRawNoteText': True, 'sourceListingNoteId': -1}]",2113118,False,False,Row 20,False,4636396,"¥4,636,396","¥4,636,396",,,,10,Mobile Transfer ticket,3,1,USD,JPY,0.0,USD,"https://img.vggcdn.net/img/vfsimage2/812551/594_122806/0.jpg?im=Resize=(500,271)&v=771",yesterday,5,False,False,False,False,T6ErPElPQsoWMsTwRKC0ISCGR1WZiaOs2HWNIVP8FxU%3d,False,2026-07-17T16:25:35.9130000Z,False,False,False,False,False,False,0,False,,False,False,False,False,0,False,False,0,13384010222,False,7FECDC84-2ECB-4525-81BA-96A6AEBD35EC,False,False,True,3,5.284208051593703,2.240237246,,,,"[{'message': 'Popular Pick', 'qualifier': '51 tickets sold for this event', 'hasValue': True, 'messageType': 'BoughtInLastHourSocialProofBased'}]",[],,,,,,,,,,,,,
13346680337,153020449,112,122789,112,2,22,_,,False,False,5,,False,False,"[1, 2, 3, 4, 5]",594,Lower,5,True,"[{'listingNoteId': -1, 'listingNoteContentId': 3338094, 'formattedListingNoteContent': 'Clear view', 'listingNoteTypeId': 3, 'showToBuyer': True, 'hideInMock': False, 'siteAddedListingNote': False, 'aisleListingNoteWithSplit': False, 'listingNoteDescriptionContentId': 3338095, 'formattedListingNoteDescription': ""You'll have an unrestricted view of the show.""}]","[{'listingNoteBucketId': 27, 'formattedListingNoteContent': 'Clear view', 'displayOrder': 8, 'showsRawNoteText': True, 'sourceListingNoteId': -1}]",2112412,False,False,Row 22,False,4636396,"¥4,636,396","¥4,636,396",,,,10,Mobile Transfer ticket,3,1,USD,JPY,0.0,USD,"https://img.vggcdn.net/img/vfsimage2/812551/594_122789/0.jpg?im=Resize=(500,271)&v=771",5 days ago,5,False,False,False,False,T6ErPElPQsoWMsTwRKC0ISCGR1WZiaOs2HWNIVP8FxU%3d,False,2026-07-14T02:26:25.1270000Z,False,False,False,False,False,False,0,False,[7],False,False,False,False,0,False,False,0,13346680337,False,7CC32302-BEC3-4E97-9E44-6FBBDBD36B17,False,False,True,2,4.533825118889757,2.008979178,Last tickets,True,,"[{'message': 'Popular Pick', 'qualifier': '51 tickets sold for this event', 'hasValue': True, 'messageType': 'BoughtInLastHourSocialProofBased'}]",[],,,,,,,,,,,,,
13394284218,153020449,235,122862,235,2,1,_,,False,False,4,,False,False,"[1, 2, 3, 4]",471,Middle,4,True,"[{'listingNoteId': 263, 'listingNoteContentId': 2444900, 'formattedListingNoteContent': 'VIP Club', 'listingNoteTypeId': 3, 'showToBuyer': True, 'hideInMock': False, 'siteAddedListingNote': False, 'aisleListingNoteWithSplit': False, 'listingNoteDescriptionContentId': 2444901, 'formattedListingNoteDescription': 'VIP Club - Club opens 90 minutes prior to tipoff and offers access to a lounge area with televisions, plush seating and private restrooms as well as all-inclusive food, draft beer, and house wine'}, {'listingNoteId': 424, 'listingNoteContentId': 2445241, 'formattedListingNoteContent': 'Access to VIP Club', 'listingNoteTypeId': 3, 'showToBuyer': True, 'hideInMock': False, 'siteAddedListingNote': False, 'aisleListingNoteWithSplit': False, 'formattedListingNoteDescription': ''}, {'listingNoteId': 1367, 'listingNoteContentId': 2447255, 'formattedListingNoteContent': 'Includes club access', 'listingNoteTypeId': 3, 'showToBuyer': True, 'hideInMock': False, 'siteAddedListingNote': False, 'aisleListingNoteWithSplit': False, 'listingNoteDescriptionContentId': 2447256, 'formattedListingNoteDescription': 'Includes club access'}, {'listingNoteId': 2025, 'listingNoteContentId': 3415843, 'formattedListingNoteContent': 'Front Row of Section', 'listingNoteTypeId': 6, 'showToBuyer': True, 'hideInMock': False, 'siteAddedListingNote': False, 'aisleListingNoteWithSplit': False, 'listingNoteDescriptionContentId': 3415843, 'formattedListingNoteDescription': 'Front Row of Section'}, {'listingNoteId': -1, 'listingNoteContentId': 3338094, 'formattedListingNoteContent': 'Clear view', 'listingNoteTypeId': 3, 'showToBuyer': True, 'hideInMock': False, 'siteAddedListingNote': False, 'aisleListingNoteWithSplit': False, 'listingNoteDescriptionContentId': 3338095, 'formattedListingNoteDescription': ""You'll have an unrestricted view of the show.""}]","[{'listingNoteBucketId': 1, 'formattedListingNoteContent': 'VIP packages', 'displayOrder': 1, 'showsRawNoteText': False}, {'listingNoteBucketId': 4, 'formattedListingNoteContent': 'Club access', 'displayOrder': 4, 'showsRawNoteText': False}, {'listingNoteBucketId': 14, 'formattedListingNoteContent': 'Front Row of Section', 'displayOrder': 14, 'showsRawNoteText': True, 'sourceListingNoteId': 2025}, {'listingNoteBucketId': 27, 'formattedListingNoteContent': 'Clear view', 'displayOrder': 8, 'showsRawNoteText': True, 'sourceListingNoteId': -1}]",703272,False,False,Row 1,False,5008468,"¥5,008,468","¥5,008,468",,,,10,Mobile Transfer ticket,3,1,USD,JPY,0.0,USD,"https://img.vggcdn.net/img/vfsimage2/812551/471_122862/0.jpg?im=Resize=(500,271)&v=771",8 hours ago,3,False,False,False,False,0ut1tOTt0nPQhTPka%2b0MF69Po40dfZY7ua6gvjffGiM%3d,False,2026-07-19T02:34:43.3600000Z,False,False,False,False,False,False,0,False,,False,False,False,False,0,False,False,0,13394284218,False,69439851-E922-45EC-8C6D-9D5D296B8E25,False,False,True,2,3.3867404965655945,1.824645729,,,,"[{'message': 'Popular Pick', 'qualifier': '51 tickets sold for this event', 'hasValue': True, 'messageType': 'BoughtInLastHourSocialProofBased'}, {'message': 'Front Row', 'qualifier': 'Best seats in the house', 'hasValue': True, 'messageType': 'FirstRowTicketAttributeBased'}]",[2025],,,,,,,,,,,,,
13394276221,153020449,212,122845,212,2,6,_,,False,False,3,,False,False,"[1, 2, 3]",471,Middle,3,True,"[{'listingNoteId': 175, 'listingNoteContentId': 2444706, 'formattedListingNoteContent': 'Unlimited Food and Drinks', 'listingNoteTypeId': 3, 'showToBuyer': True, 'hideInMock': False, 'siteAddedListingNote': False, 'aisleListingNoteWithSplit': False, 'listingNoteDescriptionContentId': 2444707, 'formattedListingNoteDescription': 'Includes unlimited food and drinks (beer, wine and soft drinks)'}, {'listingNoteId': 1028, 'listingNoteContentId': 2446497, 'formattedListingNoteContent': 'Includes unlimited food and drinks (beer, wine and liquor)', 'listingNoteTypeId': 3, 'showToBuyer': True, 'hideInMock': False, 'siteAddedListingNote': False, 'aisleListingNoteWithSplit': False, 'listingNoteDescriptionContentId': 2446498, 'formattedListingNoteDescription': 'Includes unlimited food and drinks (beer, wine and liquor)'}, {'listingNoteId': 1021, 'listingNoteContentId': 2446483, 'formattedListingNoteContent': 'Includes unlimited food and drinks (beer and soft drinks)', 'listingNoteTypeId': 3, 'showToBuyer': True, 'hideInMock': False, 'siteAddedListingNote': False, 'aisleListingNoteWithSplit': False, 'listingNoteDescriptionContentId': 2446484, 'formattedListingNoteDescription': 'Includes unlimited food and drinks (beer and soft drinks)'}, {'listingNoteId': -1, 'listingNoteContentId': 3338094, 'formattedListingNoteContent': 'Clear view', 'listingNoteTypeId': 3, 'showToBuyer': True, 'hideInMock': False, 'siteAddedListingNote': False, 'aisleListingNoteWithSplit': False, 'listingNoteDescriptionContentId': 3338095, 'formattedListingNoteDescription': ""You'll have an unrestricted view of the show.""}]","[{'listingNoteBucketId': 7, 'formattedListingNoteContent': 'Food & beverages', 'displayOrder': 7, 'showsRawNoteText': False}, {'listingNoteBucketId': 27, 'formattedListingNoteContent': 'Clear view', 'displayOrder': 8, 'showsRawNoteText': True, 'sourceListingNoteId': -1}]",702878,False,False,Row 6,False,5478321,"¥5,478,321","¥5,478,321",,,,10,Mobile Transfer ticket,3,1,USD,JPY,0.0,USD,"https://img.vggcdn.net/img/vfsimage2/812551/471_122845/0.jpg?im=Resize=(500,271)&v=771",8 hours ago,4,False,False,False,False,V3Gw%2fFGCLryK8aHX4EFt6JsvCD5AkvltkFUcdtQuv6g%3d,False,2026-07-19T02:32:23.5230000Z,False,False,False,False,False,False,0,False,[7],False,False,False,False,0,False,False,0,13394276221,False,9A8AD612-438D-4B95-9DB2-C907F72AA5E1,False,False,True,2,3.685507771850335,2.082189803,Last tickets,True,,"[{'message': 'Popular Pick', 'qualifier': '51 tickets sold for this event', 'hasValue': True, 'messageType': 'BoughtInLastHourSocialProofBased'}]",[],,,,,,,,,,,,,
13390440615,153020449,205A,1530775,205A,2,2,14_16,14,False,False,3,,False,False,"[1, 3]",471,Middle,3,True,"[{'listingNoteId': 2026, 'listingNoteContentId': 3415844, 'formattedListingNoteContent': 'Second Row of Section', 'listingNoteTypeId': 6, 'showToBuyer': True, 'hideInMock': False, 'siteAddedListingNote': False, 'aisleListingNoteWithSplit': False, 'listingNoteDescriptionContentId': 3415844, 'formattedListingNoteDescription': 'Second Row of Section'}, {'listingNoteId': -1, 'listingNoteContentId': 3338094, 'formattedListingNoteContent': 'Clear view', 'listingNoteTypeId': 3, 'showToBuyer': True, 'hideInMock': False, 'siteAddedListingNote': False, 'aisleListingNoteWithSplit': False, 'listingNoteDescriptionContentId': 3338095, 'formattedListingNoteDescription': ""You'll have an unrestricted view of the show.""}]","[{'listingNoteBucketId': 14, 'formattedListingNoteContent': 'Second Row of Section', 'displayOrder': 14, 'showsRawNoteText': True, 'sourceListingNoteId': 2026}, {'listingNoteBucketId': 27, 'formattedListingNoteContent': 'Clear view', 'displayOrder': 8, 'showsRawNoteText': True, 'sourceListingNoteId': -1}]",1593533,False,False,Row 2,False,5593394,"¥5,593,394","¥5,593,394",,,,10,Mobile Transfer ticket,3,1,USD,JPY,7380.0,USD,"https://img.vggcdn.net/img/vfsimage2/812551/471_1530775/0.jpg?im=Resize=(500,271)&v=771",22 hours ago,2,False,False,False,False,WS%2b27rH7CkPuHemf2kDxYE7WKrLmldGXpvRMKbLkve8%3d,False,2026-07-18T12:17:13.2100000Z,False,False,False,False,False,False,0,False,[7],False,False,False,False,0,False,False,0,13390440615,False,082A8AA8-44E0-4D5D-98F0-A89827C2C68C,False,False,True,1,1.9933824591342537,1.195032793,Last tickets,True,,"[{'message': 'Popular Pick', 'qualifier': '51 tickets sold for this event', 'hasValue': True, 'messageType': 'BoughtInLastHourSocialProofBased'}, {'message': 'Second Row', 'qualifier': 'Premium close-up view', 'hasValue': True, 'messageType': 'SecondRowTicketAttributeBased'}]",[2026],,,,,,,,,,,,,
13392140335,153020449,111C,1530767,111C,2,3,_,,False,False,3,,False,False,"[1, 2, 3]",594,Lower,3,True,"[{'listingNoteId': 2027, 'listingNoteContentId': 3415845, 'formattedListingNoteContent': 'Third Row of Section', 'listingNoteTypeId': 6, 'showToBuyer': True, 'hideInMock': False, 'siteAddedListingNote': False, 'aisleListingNoteWithSplit': False, 'listingNoteDescriptionContentId': 3415845, 'formattedListingNoteDescription': 'Third Row of Section'}, {'listingNoteId': -1, 'listingNoteContentId': 3338094, 'formattedListingNoteContent': 'Clear view', 'listingNoteTypeId': 3, 'showToBuyer': True, 'hideInMock': False, 'siteAddedListingNote': False, 'aisleListingNoteWithSplit': False, 'listingNoteDescriptionContentId': 3338095, 'formattedListingNoteDescription': ""You'll have an unrestricted view of the show.""}]","[{'listingNoteBucketId': 14, 'formattedListingNoteContent': 'Third Row of Section', 'displayOrder': 14, 'showsRawNoteText': True, 'sourceListingNoteId': 2027}, {'listingNoteBucketId': 27, 'formattedListingNoteContent': 'Clear view', 'displayOrder': 8, 'showsRawNoteText': True, 'sourceListingNoteId': -1}]",1641151,False,False,Row 3,False,5621696,"¥5,621,696","¥5,621,696",,,,10,Mobile Transfer ticket,3,1,USD,JPY,0.0,USD,"https://img.vggcdn.net/img/vfsimage2/812551/594_1530767/0.jpg?im=Resize=(500,271)&v=771",16 hours ago,5,False,False,False,False,0vBuz9dNayiNLXsCfQSkyPcJtaR9Yd%2fQNO67RyK1bOo%3d,False,2026-07-18T18:02:58.6270000Z,False,False,False,False,False,False,0,False,[7],False,False,False,False,0,False,False,0,13392140335,False,40E49647-7BE3-48EF-8226-E5E1A1A30161,False,False,True,2,4.651032766518252,2.484026787,Last tickets,True,,"[{'message': 'Popular Pick', 'qualifier': '51 tickets sold for this event', 'hasValue': True, 'messageType': 'BoughtInLastHourSocialProofBased'}, {'message': 'Third Row', 'qualifier': 'Excellent proximity to the action', 'hasValue': True, 'messageType': 'ThirdRowTicketAttributeBased'}]",[2027],,,,,,,,,,,,,
13394284215,153020449,236,122863,236,2,2,_,,False,False,4,,False,False,"[1, 2, 3, 4]",471,Middle,4,True,"[{'listingNoteId': 263, 'listingNoteContentId': 2444900, 'formattedListingNoteContent': 'VIP Club', 'listingNoteTypeId': 3, 'showToBuyer': True, 'hideInMock': False, 'siteAddedListingNote': False, 'aisleListingNoteWithSplit': False, 'listingNoteDescriptionContentId': 2444901, 'formattedListingNoteDescription': 'VIP Club - Club opens 90 minutes prior to tipoff and offers access to a lounge area with televisions, plush seating and private restrooms as well as all-inclusive food, draft beer, and house wine'}, {'listingNoteId': 424, 'listingNoteContentId': 2445241, 'formattedListingNoteContent': 'Access to VIP Club', 'listingNoteTypeId': 3, 'showToBuyer': True, 'hideInMock': False, 'siteAddedListingNote': False, 'aisleListingNoteWithSplit': False, 'formattedListingNoteDescription': ''}, {'listingNoteId': 1367, 'listingNoteContentId': 2447255, 'formattedListingNoteContent': 'Includes club access', 'listingNoteTypeId': 3, 'showToBuyer': True, 'hideInMock': False, 'siteAddedListingNote': False, 'aisleListingNoteWithSplit': False, 'listingNoteDescriptionContentId': 2447256, 'formattedListingNoteDescription': 'Includes club access'}, {'listingNoteId': 2026, 'listingNoteContentId': 3415844, 'formattedListingNoteContent': 'Second Row of Section', 'listingNoteTypeId': 6, 'showToBuyer': True, 'hideInMock': False, 'siteAddedListingNote': False, 'aisleListingNoteWithSplit': False, 'listingNoteDescriptionContentId': 3415844, 'formattedListingNoteDescription': 'Second Row of Section'}, {'listingNoteId': -1, 'listingNoteContentId': 3338094, 'formattedListingNoteContent': 'Clear view', 'listingNoteTypeId': 3, 'showToBuyer': True, 'hideInMock': False, 'siteAddedListingNote': False, 'aisleListingNoteWithSplit': False, 'listingNoteDescriptionContentId': 3338095, 'formattedListingNoteDescription': ""You'll have an unrestricted view of the show.""}]","[{'listingNoteBucketId': 1, 'formattedListingNoteContent': 'VIP packages', 'displayOrder': 1, 'showsRawNoteText': False}, {'listingNoteBucketId': 4, 'formattedListingNoteContent': 'Club access', 'displayOrder': 4, 'showsRawNoteText': False}, {'listingNoteBucketId': 14, 'formattedListingNoteContent': 'Second Row of Section', 'displayOrder': 14, 'showsRawNoteText': True, 'sourceListingNoteId': 2026}, {'listingNoteBucketId': 27, 'formattedListingNoteContent': 'Clear view', 'displayOrder': 8, 'showsRawNoteText': True, 'sourceListingNoteId': -1}]",703287,False,False,Row 2,False,5621696,"¥5,621,696","¥5,621,696",,,,10,Mobile Transfer ticket,3,1,USD,JPY,0.0,USD,"https://img.vggcdn.net/img/vfsimage2/812551/471_122863/0.jpg?im=Resize=(500,271)&v=771",8 hours ago,2,False,False,False,False,0vBuz9dNayiNLXsCfQSkyPcJtaR9Yd%2fQNO67RyK1bOo%3d,False,2026-07-19T02:34:43.3300000Z,False,False,False,False,False,False,0,False,[7],False,False,False,False,0,False,False,0,13394284215,False,D7157F72-4E3D-4538-8ADE-4BC64195430C,False,False,True,1,2.467707547793201,1.743432048,Last tickets,True,,"[{'message': 'Popular Pick', 'qualifier': '51 tickets sold for this event', 'hasValue': True, 'messageType': 'BoughtInLastHourSocialProofBased'}, {'message': 'Second Row', 'qualifier': 'Premium close-up view', 'hasValue': True, 'messageType': 'SecondRowTicketAttributeBased'}]",[2026],,,,,,,,,,,,,
13394485892,153020449,140,122806,140,2,17,_,,False,False,4,,False,False,"[1, 2, 3, 4]",594,Lower,4,True,"[{'listingNoteId': -1, 'listingNoteContentId': 3338094, 'formattedListingNoteContent': 'Clear view', 'listingNoteTypeId': 3, 'showToBuyer': True, 'hideInMock': False, 'siteAddedListingNote': False, 'aisleListingNoteWithSplit': False, 'listingNoteDescriptionContentId': 3338095, 'formattedListingNoteDescription': ""You'll have an unrestricted view of the show.""}]","[{'listingNoteBucketId': 27, 'formattedListingNoteContent': 'Clear view', 'displayOrder': 8, 'showsRawNoteText': True, 'sourceListingNoteId': -1}]",2113115,False,False,Row 17,False,5723900,"¥5,723,900","¥5,723,900",,,,10,Mobile Transfer ticket,3,1,USD,JPY,22590.0,USD,"https://img.vggcdn.net/img/vfsimage2/812551/594_122806/0.jpg?im=Resize=(500,271)&v=771",7 hours ago,4,False,False,False,False,7cXJ1l8X6pL6EVH7OUznQ4Uv6axH%2f529gn9B3oTEpSo%3d,False,2026-07-19T03:27:41.2900000Z,False,False,False,False,False,False,0,False,,False,False,False,False,0,False,False,0,13394485892,False,7D0AEC18-BBDE-4291-8E44-06714FD6D137,False,False,True,2,4.373100098259199,2.41613071,,,,"[{'message': 'Popular Pick', 'qualifier': '51 tickets sold for this event', 'hasValue': True, 'messageType': 'BoughtInLastHourSocialProofBased'}]",[],,,,,,,,,,,,,
13393597564,153020449,139,122805,139,2,24,11_12,11,False,False,2,,False,False,"[1, 2]",594,Lower,2,True,"[{'listingNoteId': 32, 'listingNoteContentId': 1064695, 'formattedListingNoteContent': 'Includes parking', 'listingNoteTypeId': 3, 'showToBuyer': True, 'hideInMock': False, 'siteAddedListingNote': False, 'aisleListingNoteWithSplit': False, 'listingNoteDescriptionContentId': 1277359, 'formattedListingNoteDescription': 'You will be able to park your car or motorcycle for free, as this is part of the package.'}, {'listingNoteId': -1, 'listingNoteContentId': 3338094, 'formattedListingNoteContent': 'Clear view', 'listingNoteTypeId': 3, 'showToBuyer': True, 'hideInMock': False, 'siteAddedListingNote': False, 'aisleListingNoteWithSplit': False, 'listingNoteDescriptionContentId': 3338095, 'formattedListingNoteDescription': ""You'll have an unrestricted view of the show.""}]","[{'listingNoteBucketId': 19, 'formattedListingNoteContent': 'Includes parking', 'displayOrder': 19, 'showsRawNoteText': True, 'sourceListingNoteId': 32}, {'listingNoteBucketId': 27, 'formattedListingNoteContent': 'Clear view', 'displayOrder': 8, 'showsRawNoteText': True, 'sourceListingNoteId': -1}]",2113096,False,False,Row 24,False,5848503,"¥5,848,503","¥5,848,503","¥10,482,890",44.0,"¥4,634,387",10,Mobile Transfer ticket,3,1,USD,JPY,5750.0,USD,"https://img.vggcdn.net/img/vfsimage2/812551/594_122805/0.jpg?im=Resize=(500,271)&v=771",11 hours ago,3,False,False,False,False,r6tkYJm4%2faRRbX5mXhxYwe7zXBNMMdj6RSUe%2fBET%2b%2bk%3d,False,2026-07-18T23:22:11.1370000Z,False,False,False,False,False,False,0,False,[7],False,False,False,False,0,False,False,0,13393597564,False,889CAA00-7AE0-4F91-BC3A-F115E4BC48C5,False,False,True,2,3.3655323970615854,2.124453498,Last tickets,True,,"[{'message': 'Popular Pick', 'qualifier': '51 tickets sold for this event', 'hasValue': True, 'messageType': 'BoughtInLastHourSocialProofBased'}]",[],,,,,,,,,,,,,
13365545787,153020449,5 S23,1538844,5 S23,2,,_,,False,False,10,,False,False,"[1, 2, 3, 4, 5, 6, 7, 8, 9, 10]",17325,Suite Level 5 East,10,True,"[{'listingNoteId': 2, 'listingNoteContentId': 1035272, 'formattedListingNoteContent': 'Ticket and meal package', 'listingNoteTypeId': 3, 'showToBuyer': True, 'hideInMock': False, 'siteAddedListingNote': False, 'aisleListingNoteWithSplit': False, 'listingNoteDescriptionContentId': 1277356, 'formattedListingNoteDescription': 'This package comes with a ticket to see your favorite performer along with a free meal!'}, {'listingNoteId': 212, 'listingNoteContentId': 2444793, 'formattedListingNoteContent': 'VIP Club access - air conditioned w/ private entrance', 'listingNoteTypeId': 3, 'showToBuyer': True, 'hideInMock': False, 'siteAddedListingNote': False, 'aisleListingNoteWithSplit': False, 'listingNoteDescriptionContentId': 4231704, 'formattedListingNoteDescription': 'VIP – Includes access to private entrance and air-conditioned VIP Club.'}, {'listingNoteId': 576, 'listingNoteContentId': 2445547, 'formattedListingNoteContent': 'VIP Experience w/ private entrance, elevated balcony, club access', 'listingNoteTypeId': 4, 'showToBuyer': True, 'hideInMock': False, 'siteAddedListingNote': False, 'aisleListingNoteWithSplit': False, 'listingNoteDescriptionContentId': 2445548, 'formattedListingNoteDescription': 'VIP experience includes separate VIP entrance, elevated balcony for optimal viewing and special drink servers'}, {'listingNoteId': -1, 'listingNoteContentId': 3338094, 'formattedListingNoteContent': 'Clear view', 'listingNoteTypeId': 3, 'showToBuyer': True, 'hideInMock': False, 'siteAddedListingNote': False, 'aisleListingNoteWithSplit': False, 'listingNoteDescriptionContentId': 3338095, 'formattedListingNoteDescription': ""You'll have an unrestricted view of the show.""}]","[{'listingNoteBucketId': 1, 'formattedListingNoteContent': 'VIP packages', 'displayOrder': 1, 'showsRawNoteText': False}, {'listingNoteBucketId': 4, 'formattedListingNoteContent': 'Club access', 'displayOrder': 4, 'showsRawNoteText': False}, {'listingNoteBucketId': 7, 'formattedListingNoteContent': 'Food & beverages', 'displayOrder': 7, 'showsRawNoteText': False}, {'listingNoteBucketId': 27, 'formattedListingNoteContent': 'Clear view', 'displayOrder': 8, 'showsRawNoteText': True, 'sourceListingNoteId': -1}]",1614228,False,False,Row,True,6823179,"¥6,823,179","¥6,823,179","¥9,476,460",28.0,"¥2,653,281",10,Mobile Transfer ticket,3,1,USD,JPY,1000.0,USD,"https://img.vggcdn.net/img/vfsimage2/812551/17325_1538844/0.jpg?im=Resize=(500,271)&v=771",3 days ago,7,False,False,False,False,NO5%2bBVdNvIcC8z6mGkgr4sg6XdbwOefisHfIZPUBR3c%3d,False,2026-07-16T01:17:17.7300000Z,False,False,False,False,False,False,0,False,[7],False,False,False,False,0,False,False,0,13365545787,False,90866733-5CD6-424E-97D3-3279ECD0A4B1,False,False,True,3,6.632973040801802,3.82885906,Last tickets,True,,"[{'message': 'Popular Pick', 'qualifier': '51 tickets sold for this event', 'hasValue': True, 'messageType': 'BoughtInLastHourSocialProofBased'}]",[],,,,,,,,,,,,,
12850878976,153020449,140,122806,140,2,25,_,,False,False,3,,False,False,"[1, 3]",594,Lower,3,True,"[{'listingNoteId': -1, 'listingNoteContentId': 3338094, 'formattedListingNoteContent': 'Clear view', 'listingNoteTypeId': 3, 'showToBuyer': True, 'hideInMock': False, 'siteAddedListingNote': False, 'aisleListingNoteWithSplit': False, 'listingNoteDescriptionContentId': 3338095, 'formattedListingNoteDescription': ""You'll have an unrestricted view of the show.""}]","[{'listingNoteBucketId': 27, 'formattedListingNoteContent': 'Clear view', 'displayOrder': 8, 'showsRawNoteText': True, 'sourceListingNoteId': -1}]",2113123,False,False,Row 25,False,6209133,"¥6,209,133","¥6,209,133",,,,10,Mobile Transfer ticket,3,1,USD,JPY,0.0,USD,"https://img.vggcdn.net/img/vfsimage2/812551/594_122806/0.jpg?im=Resize=(500,271)&v=771",51 days ago,2,False,False,False,False,wEYe%2boQJVwrRoJ%2fxdaWSCW7eyYho3CCG%2bpd7qRlK6O0%3d,False,2026-05-28T20:45:05.2570000Z,False,False,False,False,False,False,0,False,,False,False,False,False,0,False,False,0,12850878976,False,D05D27B7-21B8-4DE0-9159-263BDE3B91B8,False,False,True,1,2.4933703946274792,1.973848653,,,,"[{'message': 'Popular Pick', 'qualifier': '50 tickets sold for this event', 'hasValue': True, 'messageType': 'BoughtInLastHourSocialProofBased'}]",[],,,,,,,,,,,,,
13039179808,153020449,129,122799,129,2,19,20_20,20,False,False,1,,False,False,[1],594,Lower,1,True,"[{'listingNoteId': 2344, 'listingNoteContentId': 4216766, 'formattedListingNoteContent': 'Includes Offsite Hospitality', 'listingNoteTypeId': 3, 'showToBuyer': True, 'hideInMock': False, 'siteAddedListingNote': False, 'aisleListingNoteWithSplit': False, 'formattedListingNoteDescription': ''}, {'listingNoteId': 1028, 'listingNoteContentId': 2446497, 'formattedListingNoteContent': 'Includes unlimited food and drinks (beer, wine and liquor)', 'listingNoteTypeId': 3, 'showToBuyer': True, 'hideInMock': False, 'siteAddedListingNote': False, 'aisleListingNoteWithSplit': False, 'listingNoteDescriptionContentId': 2446498, 'formattedListingNoteDescription': 'Includes unlimited food and drinks (beer, wine and liquor)'}, {'listingNoteId': 11, 'listingNoteContentId': 1038686, 'formattedListingNoteContent': 'Includes VIP pass', 'listingNoteTypeId': 3, 'showToBuyer': True, 'hideInMock': False, 'siteAddedListingNote': False, 'aisleListingNoteWithSplit': False, 'listingNoteDescriptionContentId': 1277351, 'formattedListingNoteDescription': ""A VIP pass gives you great privileges that other ticket holders don't have!""}, {'listingNoteId': 165, 'listingNoteContentId': 2444685, 'formattedListingNoteContent': 'Preferred Seating', 'listingNoteTypeId': 3, 'showToBuyer': True, 'hideInMock': False, 'siteAddedListingNote': False, 'aisleListingNoteWithSplit': False, 'listingNoteDescriptionContentId': 2444686, 'formattedListingNoteDescription': 'Preferred Seating'}, {'listingNoteId': 2249, 'listingNoteContentId': 4167477, 'formattedListingNoteContent': 'Reserved Seating', 'listingNoteTypeId': 3, 'showToBuyer': True, 'hideInMock': False, 'siteAddedListingNote': False, 'aisleListingNoteWithSplit': False, 'listingNoteDescriptionContentId': 4167478, 'formattedListingNoteDescription': 'Reserved Seating'}, {'listingNoteId': 1723, 'listingNoteContentId': 2731488, 'formattedListingNoteContent': 'Members Only', 'listingNoteTypeId': 2, 'showToBuyer': True, 'hideInMock': False, 'siteAddedListingNote': False, 'aisleListingNoteWithSplit': False, 'listingNoteDescriptionContentId': 2731489, 'formattedListingNoteDescription': 'You need to be a member to buy a ticket in this section.'}, {'listingNoteId': 102, 'listingNoteContentId': 1670084, 'formattedListingNoteContent': 'Resale not allowed', 'listingNoteTypeId': 2, 'showToBuyer': True, 'hideInMock': False, 'siteAddedListingNote': False, 'aisleListingNoteWithSplit': False, 'listingNoteDescriptionContentId': 1670085, 'formattedListingNoteDescription': 'Resale of these tickets is not allowed by the event organiser, and anyone found to be reselling these tickets risks being turned away from the event.'}, {'listingNoteId': 2351, 'listingNoteContentId': 4249194, 'formattedListingNoteContent': 'This ticket cannot be transferred again after you receive it', 'listingNoteTypeId': 2, 'showToBuyer': True, 'hideInMock': False, 'siteAddedListingNote': False, 'aisleListingNoteWithSplit': False, 'listingNoteDescriptionContentId': 4249195, 'formattedListingNoteDescription': 'These tickets will be delivered via the FWC2026 Mobile Tickets app, which restricts subsequent transfer'}, {'listingNoteId': -1, 'listingNoteContentId': 3338094, 'formattedListingNoteContent': 'Clear view', 'listingNoteTypeId': 3, 'showToBuyer': True, 'hideInMock': False, 'siteAddedListingNote': False, 'aisleListingNoteWithSplit': False, 'listingNoteDescriptionContentId': 3338095, 'formattedListingNoteDescription': ""You'll have an unrestricted view of the show.""}]","[{'listingNoteBucketId': 1, 'formattedListingNoteContent': 'VIP packages', 'displayOrder': 1, 'showsRawNoteText': False}, {'listingNoteBucketId': 7, 'formattedListingNoteContent': 'Food & beverages', 'displayOrder': 7, 'showsRawNoteText': False}, {'listingNoteBucketId': 11, 'formattedListingNoteContent': 'Preferred Seating', 'displayOrder': 11, 'showsRawNoteText': True, 'sourceListingNoteId': 165}, {'listingNoteBucketId': 11, 'formattedListingNoteContent': 'Reserved Seating', 'displayOrder': 11, 'showsRawNoteText': True, 'sourceListingNoteId': 2249}, {'listingNoteBucketId': 25, 'formattedListingNoteContent': 'Members Only', 'displayOrder': 25, 'showsRawNoteText': True, 'sourceListingNoteId': 1723}, {'listingNoteBucketId': 25, 'formattedListingNoteContent': 'Resale not allowed', 'displayOrder': 25, 'showsRawNoteText': True, 'sourceListingNoteId': 102}, {'listingNoteBucketId': 0, 'formattedListingNoteContent': 'Includes Offsite Hospitality', 'displayOrder': 30, 'showsRawNoteText': True, 'sourceListingNoteId': 2344}, {'listingNoteBucketId': 0, 'formattedListingNoteContent': 'This ticket cannot be transferred again after you receive it', 'displayOrder': 30, 'showsRawNoteText': True, 'sourceListingNoteId': 2351}, {'listingNoteBucketId': 27, 'formattedListingNoteContent': 'Clear view', 'displayOrder': 8, 'showsRawNoteText': True, 'sourceListingNoteId': -1}]",2112871,False,False,Row 19,False,7018114,"¥7,018,114","¥7,018,114",,,,10,Mobile Transfer ticket,3,1,USD,JPY,,USD,"https://img.vggcdn.net/img/vfsimage2/812551/594_122799/0.jpg?im=Resize=(500,271)&v=771",33 days ago,2,False,False,False,False,6kntfuF5aGGxtY09sPnqFDbr6tIeJje5rwBG9Ik0FSo%3d,False,2026-06-15T23:17:01.4300000Z,False,False,False,False,False,False,0,False,,False,False,False,False,0,False,False,0,13039179808,False,4E2F9E5F-82F7-4870-A7A2-54C3382BEF3B,False,False,True,1,1.8707205189616443,1.387804584,,,,"[{'message': 'Popular Pick', 'qualifier': '50 tickets sold for this event', 'hasValue': True, 'messageType': 'BoughtInLastHourSocialProofBased'}]",[],20,20,,,,,,,,,,,
13360117497,153020449,Spain Supporters Premium Tier,2447957,Spain Supporters Premium Tier,2,,_,,False,False,4,,False,False,"[1, 2, 3, 4]",1666,Spain Supporters,4,True,"[{'listingNoteId': -1, 'listingNoteContentId': 3338094, 'formattedListingNoteContent': 'Clear view', 'listingNoteTypeId': 3, 'showToBuyer': True, 'hideInMock': False, 'siteAddedListingNote': False, 'aisleListingNoteWithSplit': False, 'listingNoteDescriptionContentId': 3338095, 'formattedListingNoteDescription': ""You'll have an unrestricted view of the show.""}]","[{'listingNoteBucketId': 27, 'formattedListingNoteContent': 'Clear view', 'displayOrder': 8, 'showsRawNoteText': True, 'sourceListingNoteId': -1}]",4847587,False,False,Row,True,7803604,"¥7,803,604","¥7,803,604",,,,10,Mobile Transfer ticket,3,1,EUR,JPY,25.0,EUR,"https://img.vggcdn.net/img/vfsimage2/812551/1666_2447957/0.jpg?im=Resize=(500,271)&v=771",3 days ago,2,False,False,False,False,bQohbdDYJTCxSNURM3ERLHZYXKnum0SCgIJHo1%2bE3cQ%3d,False,2026-07-15T12:25:17.1600000Z,False,False,False,False,False,False,0,False,[7],False,False,False,False,0,False,False,0,13360117497,False,46F46DB1-3106-4C9F-A8F3-F5E86A77B028,False,False,True,1,1.5996543376105286,1.325108567,Last tickets,True,,"[{'message': 'Popular Pick', 'qualifier': '50 tickets sold for this event', 'hasValue': True, 'messageType': 'BoughtInLastHourSocialProofBased'}]",[],,,,,,,,,,,,,
13369997536,153020449,113,122944,113,2,,_,,False,False,1,,False,False,[1],594,Lower,1,True,"[{'listingNoteId': 111, 'listingNoteContentId': 1703554, 'formattedListingNoteContent': 'Event Organiser', 'listingNoteTypeId': 5, 'showToBuyer': True, 'hideInMock': False, 'siteAddedListingNote': False, 'aisleListingNoteWithSplit': False, 'listingNoteDescriptionContentId': 1703553, 'formattedListingNoteDescription': 'the seller is an organiser of the event or a person acting on behalf of an organiser of the event'}, {'listingNoteId': -1, 'listingNoteContentId': 3338094, 'formattedListingNoteContent': 'Clear view', 'listingNoteTypeId': 3, 'showToBuyer': True, 'hideInMock': False, 'siteAddedListingNote': False, 'aisleListingNoteWithSplit': False, 'listingNoteDescriptionContentId': 3338095, 'formattedListingNoteDescription': ""You'll have an unrestricted view of the show.""}]","[{'listingNoteBucketId': 0, 'formattedListingNoteContent': 'Event Organiser', 'displayOrder': 30, 'showsRawNoteText': True, 'sourceListingNoteId': 111}, {'listingNoteBucketId': 27, 'formattedListingNoteContent': 'Clear view', 'displayOrder': 8, 'showsRawNoteText': True, 'sourceListingNoteId': -1}]",108747,False,False,Row,True,11147815,"¥11,147,815","¥11,147,815",,,,10,Mobile Transfer ticket,3,1,EUR,JPY,10000.0,EUR,"https://img.vggcdn.net/img/vfsimage2/812551/594_122944/0.jpg?im=Resize=(500,271)&v=771",3 days ago,2,False,False,False,False,YxkmZK9JF79Spkd4PaSd7hRCozLgpUKgZ2SbM3EdEfw%3d,False,2026-07-16T09:26:36.0230000Z,False,False,False,False,False,False,0,False,[7],False,False,False,False,0,False,False,0,13369997536,False,6934CCF0-D23D-4E0A-96BD-694FE0A3202B,False,False,True,1,2.3944421948925383,3.231938413,Last ticket,True,,"[{'message': 'Popular Pick', 'qualifier': '50 tickets sold for this event', 'hasValue': True, 'messageType': 'BoughtInLastHourSocialProofBased'}]",[],,,,,,,,,,,,,
