id,eventId,section,sectionId,sectionMapName,sectionType,row,seat,seatFrom,seatTo,seatFromInternal,hasSeatDetails,hasSeatDetailsExpansion,availableTickets,formattedFees,showRecentlySold,showPartnershipLogo,availableQuantities,ticketClass,ticketClassName,maxQuantity,hasListingNotes,listingNotes,listingNoteBuckets,rowId,isUsersListing,isPreUploaded,rowContent,isSpeculativeRow,rawPrice,price,formattedTotalPrice,strikeThroughPrice,strikeThroughDiscountPercent,strikeThroughAmountOff,ticketTypeId,ticketTypeName,ticketTypeGroupId,listingTypeId,listingCurrencyCode,buyerCurrencyCode,faceValue,faceValueCurrencyCode,vfsUrl,formattedActiveSince,formattedDealScore,isSeatedTogether,showVfsInListing,hideSeatAndRowInfo,isUnmappedSection,aipHash,isMLBVerified,createdDateTime,showCheapestTag,showBestDealTag,showBestDealInSectionTag,showFanFavoriteTag,showBestViewTag,showTopChoiceTag,topChoiceBucket,isMostAffordable,isZoneTicketClass,isSponsored,isSponsoredSecondary,isMirrorListing,crossSellSource,isCheapestListing,isFavorite,aggregateFavorites,listingId,canBeRelisted,listingImpressionId,isBetterValueListing,hasRowLevelVfs,isDealScoreEligibleForDisplay,inventoryListingScore.starRating,inventoryListingScore.dealScore,inventoryListingScore.seatQualityScore,lastTicketInSectionMessage.message,lastTicketInSectionMessage.hasValue,bestPriceTagMessage.message,bestPriceTagMessage.disclaimer,bestPriceTagMessage.hasValue,bestPriceTagMessage.featureTrackingKey,listingHighlightData.highlightSiteMessagesWithType,listingHighlightData.listingNoteIdsReplacedByHighlight,bestSellingInSectionMessage.message,bestSellingInSectionMessage.disclaimer,bestSellingInSectionMessage.hasValue,hiddenGemMessage.message,hiddenGemMessage.hasValue,hiddenGemMessage.featureTrackingKey,bestDealTagMessage.message,bestDealTagMessage.hasValue,bestDealTagMessage.featureTrackingKey
13396637450,153020449,333,122926,333,2,17,18_18,18,18,18,False,False,1,,False,False,[1],407,Upper,1,True,"[{'listingNoteId': -1, 'listingNoteContentId': 3338094, 'formattedListingNoteContent': 'Clear view', 'listingNoteTypeId': 3, 'showToBuyer': True, 'hideInMock': False, 'siteAddedListingNote': False, 'aisleListingNoteWithSplit': False, 'listingNoteDescriptionContentId': 3338095, 'formattedListingNoteDescription': ""You'll have an unrestricted view of the show.""}]","[{'listingNoteBucketId': 27, 'formattedListingNoteContent': 'Clear view', 'displayOrder': 8, 'showsRawNoteText': True, 'sourceListingNoteId': -1}]",704238,False,False,Row 17,False,1254855,"¥1,254,855","¥1,254,855","¥1,710,856",27.0,"¥456,001",10,Mobile Transfer ticket,3,1,USD,JPY,7380.0,USD,"https://img.vggcdn.net/img/vfsimage2/812551/407_122926/0.jpg?im=Resize=(500,271)&v=771",an hour ago,6.9,False,False,False,False,9H32jil1Si5HI9Dc1o2%2fmeUw1IRpsfZln43Bw%2bizV3U%3d,False,2026-07-19T12:20:11.0470000Z,True,False,False,False,False,False,0,False,False,False,False,False,0,True,False,0,13396637450,False,CC692533-E004-4B00-AE0E-F981C51DC88E,False,False,True,3,6.927195500325195,0.7412203929,Last ticket,True,Best price,Lowest priced listing for the selected quantity for this event on our site.,True,6aa8a73f-b069-4147-a316-ffc9e9280c2b,"[{'message': 'Popular Pick', 'qualifier': '163 tickets sold for this event', 'hasValue': True, 'messageType': 'BoughtInLastHourSocialProofBased'}]",[],,,,,,,,,
13397543332,153020449,303,122896,303,2,,_,,,,False,False,1,,False,False,[1],407,Upper,1,True,"[{'listingNoteId': -1, 'listingNoteContentId': 3338094, 'formattedListingNoteContent': 'Clear view', 'listingNoteTypeId': 3, 'showToBuyer': True, 'hideInMock': False, 'siteAddedListingNote': False, 'aisleListingNoteWithSplit': False, 'listingNoteDescriptionContentId': 3338095, 'formattedListingNoteDescription': ""You'll have an unrestricted view of the show.""}]","[{'listingNoteBucketId': 27, 'formattedListingNoteContent': 'Clear view', 'displayOrder': 8, 'showsRawNoteText': True, 'sourceListingNoteId': -1}]",108868,False,False,Row,True,1267526,"¥1,267,526","¥1,267,526",,,,10,Mobile Transfer ticket,3,1,USD,JPY,4116.0,USD,"https://img.vggcdn.net/img/vfsimage2/812551/407_122896/0.jpg?im=Resize=(500,271)&v=771",3 minutes ago,6.5,False,False,False,False,smfdYjBePd2TcxoMry7WPt%2fOgCOHv0wTROo%2bhSt1YaE%3d,False,2026-07-19T13:57:50.9430000Z,False,False,False,False,False,False,0,False,False,False,False,False,0,False,False,0,13397543332,False,7168A6CA-A031-4FFC-92AE-DFDB3E0581AA,False,False,True,3,6.514218349343159,0.7132467024,,,,,,,"[{'message': 'Popular Pick', 'qualifier': '163 tickets sold for this event', 'hasValue': True, 'messageType': 'BoughtInLastHourSocialProofBased'}]",[],,,,,,,,,
13397454476,153020449,348,122941,348,2,24,_,,,,False,False,2,,False,False,"[1, 2]",407,Upper,2,True,"[{'listingNoteId': -1, 'listingNoteContentId': 3338094, 'formattedListingNoteContent': 'Clear view', 'listingNoteTypeId': 3, 'showToBuyer': True, 'hideInMock': False, 'siteAddedListingNote': False, 'aisleListingNoteWithSplit': False, 'listingNoteDescriptionContentId': 3338095, 'formattedListingNoteDescription': ""You'll have an unrestricted view of the show.""}]","[{'listingNoteBucketId': 27, 'formattedListingNoteContent': 'Clear view', 'displayOrder': 8, 'showsRawNoteText': True, 'sourceListingNoteId': -1}]",2114006,False,False,Row 24,False,1277272,"¥1,277,272","¥1,277,272",,,,10,Mobile Transfer ticket,3,1,USD,JPY,2790.0,USD,"https://img.vggcdn.net/img/vfsimage2/812551/407_122941/0.jpg?im=Resize=(500,271)&v=771",11 minutes ago,6.6,False,False,False,False,lztDFPSQmotpaCObmrRBb7B%2f8pnnMfdug1BNhA9PWU4%3d,False,2026-07-19T13:49:51.5870000Z,False,False,False,False,False,False,0,False,False,False,False,False,0,False,False,0,13397454476,False,4291827F-B8B7-4E65-BDE7-0743849F23AF,False,False,True,3,6.633527421970405,0.7287039177,Last tickets,True,,,,,"[{'message': 'Popular Pick', 'qualifier': '163 tickets sold for this event', 'hasValue': True, 'messageType': 'BoughtInLastHourSocialProofBased'}]",[],,,,,,,,,
13390051010,153020449,Category 3,1989401,Category 3,3,,_,,,,False,False,5,,False,False,"[1, 3, 5]",1247,Category 3,5,True,"[{'listingNoteId': -1, 'listingNoteContentId': 3338094, 'formattedListingNoteContent': 'Clear view', 'listingNoteTypeId': 3, 'showToBuyer': True, 'hideInMock': False, 'siteAddedListingNote': False, 'aisleListingNoteWithSplit': False, 'listingNoteDescriptionContentId': 3338095, 'formattedListingNoteDescription': ""You'll have an unrestricted view of the show.""}]","[{'listingNoteBucketId': 27, 'formattedListingNoteContent': 'Clear view', 'displayOrder': 8, 'showsRawNoteText': True, 'sourceListingNoteId': -1}]",3325460,False,False,Row,True,1287019,"¥1,287,019","¥1,287,019","¥2,172,987",41.0,"¥885,968",10,Mobile Transfer ticket,3,1,USD,JPY,100.0,USD,"https://img.vggcdn.net/img/vfsimage2/812551/1247_1989401/0.jpg?im=Resize=(500,271)&v=771",yesterday,9.4,False,False,True,False,3XBLSdvur8KurPjhDa8sXSXbffr5AtxqdXOcNfnbdXM%3d,False,2026-07-18T10:43:07.6670000Z,False,False,False,False,False,False,0,False,False,False,False,False,0,False,False,0,13390051010,False,68335263-E6B4-427D-B81A-14C2C78CBEA0,False,False,True,5,9.41618469177937,1.25740229,Last tickets,True,,,,,"[{'message': 'Amazing Value', 'qualifier': 'Based on price, view, seat quality and more', 'hasValue': True, 'messageType': 'ValueBased'}, {'message': 'Popular Pick', 'qualifier': '163 tickets sold for this event', 'hasValue': True, 'messageType': 'BoughtInLastHourSocialProofBased'}]",[],,,,,,,,,
13396254801,153020449,304,122897,304,2,23,_,,,,False,False,8,,False,False,"[1, 2, 3, 4, 5, 6, 7, 8]",407,Upper,8,True,"[{'listingNoteId': -1, 'listingNoteContentId': 3338094, 'formattedListingNoteContent': 'Clear view', 'listingNoteTypeId': 3, 'showToBuyer': True, 'hideInMock': False, 'siteAddedListingNote': False, 'aisleListingNoteWithSplit': False, 'listingNoteDescriptionContentId': 3338095, 'formattedListingNoteDescription': ""You'll have an unrestricted view of the show.""}]","[{'listingNoteBucketId': 27, 'formattedListingNoteContent': 'Clear view', 'displayOrder': 8, 'showsRawNoteText': True, 'sourceListingNoteId': -1}]",2113654,False,False,Row 23,False,1287019,"¥1,287,019","¥1,287,019",,,,10,Mobile Transfer ticket,3,1,USD,JPY,2790.0,USD,"https://img.vggcdn.net/img/vfsimage2/812551/407_122897/0.jpg?im=Resize=(500,271)&v=771",3 hours ago,6.5,False,False,False,False,3XBLSdvur8KurPjhDa8sXSXbffr5AtxqdXOcNfnbdXM%3d,False,2026-07-19T10:53:36.3770000Z,False,False,False,False,False,False,0,False,False,False,False,False,0,False,False,0,13396254801,False,45B5D31E-DE3C-421B-84F9-FF0DDE34140E,False,False,True,3,6.473862482325683,0.7208835704,,,,,,,"[{'message': 'Popular Pick', 'qualifier': '163 tickets sold for this event', 'hasValue': True, 'messageType': 'BoughtInLastHourSocialProofBased'}]",[],,,,,,,,,
13311781074,153020449,305,122898,305,2,17,_,,,,False,False,1,,False,False,[1],407,Upper,1,True,"[{'listingNoteId': -1, 'listingNoteContentId': 3338094, 'formattedListingNoteContent': 'Clear view', 'listingNoteTypeId': 3, 'showToBuyer': True, 'hideInMock': False, 'siteAddedListingNote': False, 'aisleListingNoteWithSplit': False, 'listingNoteDescriptionContentId': 3338095, 'formattedListingNoteDescription': ""You'll have an unrestricted view of the show.""}]","[{'listingNoteBucketId': 27, 'formattedListingNoteContent': 'Clear view', 'displayOrder': 8, 'showsRawNoteText': True, 'sourceListingNoteId': -1}]",2113670,False,False,Row 17,False,1287019,"¥1,287,019","¥1,287,019","¥2,013,634",36.0,"¥726,615",10,Mobile Transfer ticket,3,1,USD,JPY,5785.0,USD,"https://img.vggcdn.net/img/vfsimage2/812551/407_122898/0.jpg?im=Resize=(500,271)&v=771",9 days ago,6.4,False,False,False,False,3XBLSdvur8KurPjhDa8sXSXbffr5AtxqdXOcNfnbdXM%3d,False,2026-07-10T07:19:52.1000000Z,False,False,False,False,False,False,0,False,False,False,False,False,0,False,False,0,13311781074,False,97BF0AF4-56A5-4C5E-8320-BE41454FD7F6,False,False,True,3,6.441648171682548,0.7182422299,,,,,,,"[{'message': 'Popular Pick', 'qualifier': '163 tickets sold for this event', 'hasValue': True, 'messageType': 'BoughtInLastHourSocialProofBased'}]",[],,,,,,,,,
13397399944,153020449,322,122915,322,2,13,_,,,,False,False,3,,False,False,"[1, 3]",407,Upper,3,True,"[{'listingNoteId': -1, 'listingNoteContentId': 3338094, 'formattedListingNoteContent': 'Clear view', 'listingNoteTypeId': 3, 'showToBuyer': True, 'hideInMock': False, 'siteAddedListingNote': False, 'aisleListingNoteWithSplit': False, 'listingNoteDescriptionContentId': 3338095, 'formattedListingNoteDescription': ""You'll have an unrestricted view of the show.""}]","[{'listingNoteBucketId': 27, 'formattedListingNoteContent': 'Clear view', 'displayOrder': 8, 'showsRawNoteText': True, 'sourceListingNoteId': -1}]",2113734,False,False,Row 13,False,1291280,"¥1,291,280","¥1,291,280",,,,10,Mobile Transfer ticket,3,1,USD,JPY,5785.0,USD,"https://img.vggcdn.net/img/vfsimage2/812551/407_122915/0.jpg?im=Resize=(500,271)&v=771",16 minutes ago,6.9,False,False,False,False,lbtXxFCySmyN0hcsyY9khE%2bgydwAxsQ2VELswDtoKHA%3d,False,2026-07-19T13:44:32.3300000Z,False,False,False,False,False,False,0,False,False,False,False,False,0,False,False,0,13397399944,False,BF73AC81-559A-4AC2-B3BF-80A18679C49B,False,False,True,3,6.892517856581199,0.7595732072,,,,,,,"[{'message': 'Popular Pick', 'qualifier': '163 tickets sold for this event', 'hasValue': True, 'messageType': 'BoughtInLastHourSocialProofBased'}]",[],Fan favorite,This section has the highest count of successful sales for this event over the past 7 days on our site,True,,,,,,
13393855519,153020449,325,122918,325,2,19,_,,,,False,False,1,,False,False,[1],407,Upper,1,True,"[{'listingNoteId': -1, 'listingNoteContentId': 3338094, 'formattedListingNoteContent': 'Clear view', 'listingNoteTypeId': 3, 'showToBuyer': True, 'hideInMock': False, 'siteAddedListingNote': False, 'aisleListingNoteWithSplit': False, 'listingNoteDescriptionContentId': 3338095, 'formattedListingNoteDescription': ""You'll have an unrestricted view of the show.""}]","[{'listingNoteBucketId': 27, 'formattedListingNoteContent': 'Clear view', 'displayOrder': 8, 'showsRawNoteText': True, 'sourceListingNoteId': -1}]",2113806,False,False,Row 19,False,1291472,"¥1,291,472","¥1,291,472",,,,10,Mobile Transfer ticket,3,1,USD,JPY,6758.0,USD,"https://img.vggcdn.net/img/vfsimage2/812551/407_122918/0.jpg?im=Resize=(500,271)&v=771",13 hours ago,7.2,False,False,False,False,ySVLzngs8iPXrELhoxUNYTaM92DOs0hXBxKkutoX%2bC0%3d,False,2026-07-19T00:31:36.9500000Z,False,False,False,False,False,False,0,False,False,False,False,False,0,False,False,0,13393855519,False,AFBD2B8D-1DD1-495D-AF37-EAF1E920B84E,False,False,True,4,7.218001830022691,0.7938276426,Last ticket,True,,,,,"[{'message': 'Great Value', 'qualifier': 'Based on price, view, seat quality and more', 'hasValue': True, 'messageType': 'ValueBased'}, {'message': 'Popular Pick', 'qualifier': '163 tickets sold for this event', 'hasValue': True, 'messageType': 'BoughtInLastHourSocialProofBased'}]",[],,,,,,,,,
13393855527,153020449,350,122943,350,2,13,_,,,,False,False,1,,False,False,[1],407,Upper,1,True,"[{'listingNoteId': -1, 'listingNoteContentId': 3338094, 'formattedListingNoteContent': 'Clear view', 'listingNoteTypeId': 3, 'showToBuyer': True, 'hideInMock': False, 'siteAddedListingNote': False, 'aisleListingNoteWithSplit': False, 'listingNoteDescriptionContentId': 3338095, 'formattedListingNoteDescription': ""You'll have an unrestricted view of the show.""}]","[{'listingNoteBucketId': 27, 'formattedListingNoteContent': 'Clear view', 'displayOrder': 8, 'showsRawNoteText': True, 'sourceListingNoteId': -1}]",2114039,False,False,Row 13,False,1291472,"¥1,291,472","¥1,291,472",,,,10,Mobile Transfer ticket,3,1,USD,JPY,6758.0,USD,"https://img.vggcdn.net/img/vfsimage2/812551/407_122943/0.jpg?im=Resize=(500,271)&v=771",13 hours ago,7.0,False,False,False,False,ySVLzngs8iPXrELhoxUNYTaM92DOs0hXBxKkutoX%2bC0%3d,False,2026-07-19T00:31:37.4270000Z,False,False,False,False,False,False,0,False,False,False,False,False,0,False,False,0,13393855527,False,DBFDD061-6462-43C4-B720-58B06075B3CD,False,False,True,3,6.963775032444067,0.7662312632,,,,,,,"[{'message': 'Popular Pick', 'qualifier': '163 tickets sold for this event', 'hasValue': True, 'messageType': 'BoughtInLastHourSocialProofBased'}]",[],,,,,,,,,
13395533970,153020449,350,122943,350,2,12,15_18,,,15,False,False,4,,False,False,"[1, 2, 4]",407,Upper,4,True,"[{'listingNoteId': -1, 'listingNoteContentId': 3338094, 'formattedListingNoteContent': 'Clear view', 'listingNoteTypeId': 3, 'showToBuyer': True, 'hideInMock': False, 'siteAddedListingNote': False, 'aisleListingNoteWithSplit': False, 'listingNoteDescriptionContentId': 3338095, 'formattedListingNoteDescription': ""You'll have an unrestricted view of the show.""}]","[{'listingNoteBucketId': 27, 'formattedListingNoteContent': 'Clear view', 'displayOrder': 8, 'showsRawNoteText': True, 'sourceListingNoteId': -1}]",2114038,False,False,Row 12,False,1293257,"¥1,293,257","¥1,293,257",,,,10,Mobile Transfer ticket,3,1,USD,JPY,23140.0,USD,"https://img.vggcdn.net/img/vfsimage2/812551/407_122943/0.jpg?im=Resize=(500,271)&v=771",7 hours ago,7.0,False,False,False,False,dIDwvwZcfEz%2bBZoEZpVG9%2bHMBKTLL9c87S5LMFCddJ4%3d,False,2026-07-19T06:50:10.7030000Z,False,False,False,False,False,False,0,False,False,False,False,False,0,False,False,0,13395533970,False,CED45B8F-03AF-41D5-B4A5-2060CDFBEC7C,False,False,True,3,6.989999732713788,0.7697319233,,,,,,,"[{'message': 'Popular Pick', 'qualifier': '163 tickets sold for this event', 'hasValue': True, 'messageType': 'BoughtInLastHourSocialProofBased'}]",[],,,,,,,,,
13397546267,153020449,326,122919,326,2,20,12_15,,,12,False,False,4,,False,False,"[1, 2, 4]",407,Upper,4,True,"[{'listingNoteId': -1, 'listingNoteContentId': 3338094, 'formattedListingNoteContent': 'Clear view', 'listingNoteTypeId': 3, 'showToBuyer': True, 'hideInMock': False, 'siteAddedListingNote': False, 'aisleListingNoteWithSplit': False, 'listingNoteDescriptionContentId': 3338095, 'formattedListingNoteDescription': ""You'll have an unrestricted view of the show.""}]","[{'listingNoteBucketId': 27, 'formattedListingNoteContent': 'Clear view', 'displayOrder': 8, 'showsRawNoteText': True, 'sourceListingNoteId': -1}]",2113829,False,False,Row 20,False,1306123,"¥1,306,123","¥1,306,123",,,,10,Mobile Transfer ticket,3,1,USD,JPY,23140.0,USD,"https://img.vggcdn.net/img/vfsimage2/812551/407_122919/0.jpg?im=Resize=(500,271)&v=771",2 minutes ago,6.2,False,False,False,False,VSukblxhQuJomgpG4bVMi1Wix%2bWLgqYgawcI0513PQ0%3d,False,2026-07-19T13:58:10.9500000Z,False,False,False,False,False,False,0,False,False,False,False,False,0,False,False,0,13397546267,False,C044DB82-DB95-40C9-BA5C-CB3A60762BA8,False,False,True,3,6.197399393327527,0.7092043828,,,,,,,"[{'message': 'Popular Pick', 'qualifier': '163 tickets sold for this event', 'hasValue': True, 'messageType': 'BoughtInLastHourSocialProofBased'}]",[],Fan favorite,This section is in the top 10% of sections for this event when ranked based on a count of successful sales over the past 7 days on our site,True,,,,,,
13276563142,153020449,329,122922,329,2,26,30_30,30,30,30,False,False,1,,False,False,[1],407,Upper,1,True,"[{'listingNoteId': -1, 'listingNoteContentId': 3338094, 'formattedListingNoteContent': 'Clear view', 'listingNoteTypeId': 3, 'showToBuyer': True, 'hideInMock': False, 'siteAddedListingNote': False, 'aisleListingNoteWithSplit': False, 'listingNoteDescriptionContentId': 3338095, 'formattedListingNoteDescription': ""You'll have an unrestricted view of the show.""}]","[{'listingNoteBucketId': 27, 'formattedListingNoteContent': 'Clear view', 'displayOrder': 8, 'showsRawNoteText': True, 'sourceListingNoteId': -1}]",2113899,False,False,Row 26,False,1308949,"¥1,308,949","¥1,308,949",,,,10,Mobile Transfer ticket,3,1,USD,JPY,,USD,"https://img.vggcdn.net/img/vfsimage2/812551/407_122922/0.jpg?im=Resize=(500,271)&v=771",11 days ago,6.3,False,False,False,False,5%2bvCUEVVu3exJ%2fja3%2b0F6l44%2f16Vrgs9lh20LN58HEw%3d,False,2026-07-07T21:16:45.1600000Z,False,False,False,False,False,False,0,False,False,False,False,False,0,False,False,0,13276563142,False,66C9D061-9A9B-4593-876A-C30AD0306AC8,False,False,True,3,6.299937755645148,0.7188976532,Last ticket,True,,,,,"[{'message': 'Popular Pick', 'qualifier': '163 tickets sold for this event', 'hasValue': True, 'messageType': 'BoughtInLastHourSocialProofBased'}]",[],,,,,,,,,
13394388066,153020449,306,122899,306,2,12,_,,,,False,False,4,,False,False,"[1, 2, 4]",407,Upper,4,True,"[{'listingNoteId': -1, 'listingNoteContentId': 3338094, 'formattedListingNoteContent': 'Clear view', 'listingNoteTypeId': 3, 'showToBuyer': True, 'hideInMock': False, 'siteAddedListingNote': False, 'aisleListingNoteWithSplit': False, 'listingNoteDescriptionContentId': 3338095, 'formattedListingNoteDescription': ""You'll have an unrestricted view of the show.""}]","[{'listingNoteBucketId': 27, 'formattedListingNoteContent': 'Clear view', 'displayOrder': 8, 'showsRawNoteText': True, 'sourceListingNoteId': -1}]",2113687,False,False,Row 12,False,1310765,"¥1,310,765","¥1,310,765",,,,10,Mobile Transfer ticket,3,1,USD,JPY,5785.0,USD,"https://img.vggcdn.net/img/vfsimage2/812551/407_122899/0.jpg?im=Resize=(500,271)&v=771",10 hours ago,6.9,False,False,False,False,LccOJPbDn8Q72ycth%2fGCMceIq8dRbv2bhcNJl%2bnD5gg%3d,False,2026-07-19T03:01:50.1000000Z,False,False,False,False,False,False,0,False,False,False,False,False,0,False,False,0,13394388066,False,5BE9CC4B-4F13-4BEE-A2C9-F713B5C395C6,False,False,True,3,6.904406855549352,0.7721397974,Last tickets,True,,,,,"[{'message': 'Popular Pick', 'qualifier': '163 tickets sold for this event', 'hasValue': True, 'messageType': 'BoughtInLastHourSocialProofBased'}]",[],Fan favorite,This section is in the top 10% of sections for this event when ranked based on a count of successful sales over the past 7 days on our site,True,,,,,,
13392419781,153020449,322,122915,322,2,12,_,,,,False,False,4,,False,False,"[1, 2, 4]",407,Upper,4,True,"[{'listingNoteId': -1, 'listingNoteContentId': 3338094, 'formattedListingNoteContent': 'Clear view', 'listingNoteTypeId': 3, 'showToBuyer': True, 'hideInMock': False, 'siteAddedListingNote': False, 'aisleListingNoteWithSplit': False, 'listingNoteDescriptionContentId': 3338095, 'formattedListingNoteDescription': ""You'll have an unrestricted view of the show.""}]","[{'listingNoteBucketId': 27, 'formattedListingNoteContent': 'Clear view', 'displayOrder': 8, 'showsRawNoteText': True, 'sourceListingNoteId': -1}]",2113733,False,False,Row 12,False,1315541,"¥1,315,541","¥1,315,541","¥1,851,915",29.0,"¥536,374",10,Mobile Transfer ticket,3,1,USD,JPY,5785.0,USD,"https://img.vggcdn.net/img/vfsimage2/812551/407_122915/0.jpg?im=Resize=(500,271)&v=771",19 hours ago,6.8,False,False,False,False,AfsMBz9XLNtbQhF%2f0O2oHEB8wJJ6C82cyt2MfJdoZ0s%3d,False,2026-07-18T18:59:37.5630000Z,False,False,False,False,False,False,0,False,False,False,False,False,0,False,False,0,13392419781,False,3AEA24CC-58B3-4098-B711-2CC261A88294,False,False,True,3,6.77567733993098,0.7631595036,,,,,,,"[{'message': 'Popular Pick', 'qualifier': '163 tickets sold for this event', 'hasValue': True, 'messageType': 'BoughtInLastHourSocialProofBased'}]",[],Fan favorite,This section has the highest count of successful sales for this event over the past 7 days on our site,True,,,,,,
13388100640,153020449,349,122942,349,2,17,13_13,13,13,13,False,False,1,,False,False,[1],407,Upper,1,True,"[{'listingNoteId': -1, 'listingNoteContentId': 3338094, 'formattedListingNoteContent': 'Clear view', 'listingNoteTypeId': 3, 'showToBuyer': True, 'hideInMock': False, 'siteAddedListingNote': False, 'aisleListingNoteWithSplit': False, 'listingNoteDescriptionContentId': 3338095, 'formattedListingNoteDescription': ""You'll have an unrestricted view of the show.""}]","[{'listingNoteBucketId': 27, 'formattedListingNoteContent': 'Clear view', 'displayOrder': 8, 'showsRawNoteText': True, 'sourceListingNoteId': -1}]",2114021,False,False,Row 17,False,1316084,"¥1,316,084","¥1,316,084","¥1,725,054",24.0,"¥408,970",10,Mobile Transfer ticket,3,1,USD,JPY,,USD,"https://img.vggcdn.net/img/vfsimage2/812551/407_122942/0.jpg?im=Resize=(500,271)&v=771",yesterday,6.7,False,False,False,False,qYClHXpsmnh42mgdEDtnK2PbffIKk8NLnuchfcGkkkg%3d,False,2026-07-18T02:03:33.4600000Z,False,False,False,False,False,False,0,False,False,False,False,False,0,False,False,0,13388100640,False,967B0FB2-6E34-473F-B80A-E22D5334791B,False,False,True,3,6.7290127487799225,0.7592844362,Last ticket,True,,,,,"[{'message': 'Popular Pick', 'qualifier': '163 tickets sold for this event', 'hasValue': True, 'messageType': 'BoughtInLastHourSocialProofBased'}]",[],Fan favorite,This section is in the top 10% of sections for this event when ranked based on a count of successful sales over the past 7 days on our site,True,,,,,,
13397504382,153020449,307,122900,307,2,2,_,,,,False,False,1,,False,False,[1],478,Loge,1,True,"[{'listingNoteId': 2026, 'listingNoteContentId': 3415844, 'formattedListingNoteContent': 'Second Row of Section', 'listingNoteTypeId': 6, 'showToBuyer': True, 'hideInMock': False, 'siteAddedListingNote': False, 'aisleListingNoteWithSplit': False, 'listingNoteDescriptionContentId': 3415844, 'formattedListingNoteDescription': 'Second Row of Section'}, {'listingNoteId': -1, 'listingNoteContentId': 3338094, 'formattedListingNoteContent': 'Clear view', 'listingNoteTypeId': 3, 'showToBuyer': True, 'hideInMock': False, 'siteAddedListingNote': False, 'aisleListingNoteWithSplit': False, 'listingNoteDescriptionContentId': 3338095, 'formattedListingNoteDescription': ""You'll have an unrestricted view of the show.""}]","[{'listingNoteBucketId': 14, 'formattedListingNoteContent': 'Second Row of Section', 'displayOrder': 14, 'showsRawNoteText': True, 'sourceListingNoteId': 2026}, {'listingNoteBucketId': 27, 'formattedListingNoteContent': 'Clear view', 'displayOrder': 8, 'showsRawNoteText': True, 'sourceListingNoteId': -1}]",1590980,False,False,Row 2,False,1322692,"¥1,322,692","¥1,322,692",,,,10,Mobile Transfer ticket,3,1,USD,JPY,0.0,USD,"https://img.vggcdn.net/img/vfsimage2/812551/478_122900/0.jpg?im=Resize=(500,271)&v=771",6 minutes ago,8.4,False,False,False,False,Jk%2bpbJWAwng73rRS9NZFXszA%2fI4b0MnKu38mf6hj5wo%3d,False,2026-07-19T13:54:13.9470000Z,False,False,False,False,False,False,0,False,False,False,False,False,0,False,False,0,13397504382,False,9CD49994-9DAB-4B09-BA68-32280FF19487,False,False,True,4,8.407014241752645,0.9750993377,,,,,,,"[{'message': 'Great Value', 'qualifier': 'Based on price, view, seat quality and more', 'hasValue': True, 'messageType': 'ValueBased'}, {'message': 'Popular Pick', 'qualifier': '163 tickets sold for this event', 'hasValue': True, 'messageType': 'BoughtInLastHourSocialProofBased'}, {'message': 'Second Row', 'qualifier': 'Premium close-up view', 'hasValue': True, 'messageType': 'SecondRowTicketAttributeBased'}]",[2026],,,,,,,,,
13392497058,153020449,322,122915,322,2,11,_,,,,False,False,4,,False,False,"[1, 2, 4]",407,Upper,4,True,"[{'listingNoteId': -1, 'listingNoteContentId': 3338094, 'formattedListingNoteContent': 'Clear view', 'listingNoteTypeId': 3, 'showToBuyer': True, 'hideInMock': False, 'siteAddedListingNote': False, 'aisleListingNoteWithSplit': False, 'listingNoteDescriptionContentId': 3338095, 'formattedListingNoteDescription': ""You'll have an unrestricted view of the show.""}]","[{'listingNoteBucketId': 27, 'formattedListingNoteContent': 'Clear view', 'displayOrder': 8, 'showsRawNoteText': True, 'sourceListingNoteId': -1}]",2113732,False,False,Row 11,False,1325093,"¥1,325,093","¥1,325,093","¥1,870,868",29.0,"¥545,775",10,Mobile Transfer ticket,3,1,USD,JPY,5785.0,USD,"https://img.vggcdn.net/img/vfsimage2/812551/407_122915/0.jpg?im=Resize=(500,271)&v=771",18 hours ago,6.8,False,False,False,False,0BFMjOrextg1xxh%2biXDoe6EKWFMu1dWruSxZQrHPBVw%3d,False,2026-07-18T19:21:37.2630000Z,False,False,False,False,False,False,0,False,False,False,False,False,0,False,False,0,13392497058,False,5CC17859-37F7-49EA-B72B-3C44A5FC697D,False,False,True,3,6.7542775845028515,0.7667625991,,,,,,,"[{'message': 'Popular Pick', 'qualifier': '163 tickets sold for this event', 'hasValue': True, 'messageType': 'BoughtInLastHourSocialProofBased'}]",[],Fan favorite,This section has the highest count of successful sales for this event over the past 7 days on our site,True,,,,,,
13392497046,153020449,322,122915,322,2,10,_,,,,False,False,4,,False,False,"[1, 2, 4]",407,Upper,4,True,"[{'listingNoteId': -1, 'listingNoteContentId': 3338094, 'formattedListingNoteContent': 'Clear view', 'listingNoteTypeId': 3, 'showToBuyer': True, 'hideInMock': False, 'siteAddedListingNote': False, 'aisleListingNoteWithSplit': False, 'listingNoteDescriptionContentId': 3338095, 'formattedListingNoteDescription': ""You'll have an unrestricted view of the show.""}]","[{'listingNoteBucketId': 27, 'formattedListingNoteContent': 'Clear view', 'displayOrder': 8, 'showsRawNoteText': True, 'sourceListingNoteId': -1}]",2113731,False,False,Row 10,False,1329869,"¥1,329,869","¥1,329,869","¥1,880,345",29.0,"¥550,476",10,Mobile Transfer ticket,3,1,USD,JPY,5785.0,USD,"https://img.vggcdn.net/img/vfsimage2/812551/407_122915/0.jpg?im=Resize=(500,271)&v=771",18 hours ago,6.8,False,False,False,False,iog64Md1bGtL958PR3%2bd1LnpUSdpqaA1Wzl1yjUPnTo%3d,False,2026-07-18T19:21:36.7900000Z,False,False,False,False,False,False,0,False,False,False,False,False,0,False,False,0,13392497046,False,270E8FFC-67EA-4E1D-AF52-D3109B7DA133,False,False,True,3,6.7637006296364905,0.7703825723,,,,,,,"[{'message': 'Popular Pick', 'qualifier': '163 tickets sold for this event', 'hasValue': True, 'messageType': 'BoughtInLastHourSocialProofBased'}]",[],Fan favorite,This section has the highest count of successful sales for this event over the past 7 days on our site,True,,,,,,
13393693648,153020449,326,122919,326,2,16,15_18,,,15,False,False,4,,False,False,"[1, 2, 3, 4]",407,Upper,4,True,"[{'listingNoteId': 2351, 'listingNoteContentId': 4249194, 'formattedListingNoteContent': 'This ticket cannot be transferred again after you receive it', 'listingNoteTypeId': 2, 'showToBuyer': True, 'hideInMock': False, 'siteAddedListingNote': False, 'aisleListingNoteWithSplit': False, 'listingNoteDescriptionContentId': 4249195, 'formattedListingNoteDescription': 'These tickets will be delivered via the FWC2026 Mobile Tickets app, which restricts subsequent transfer'}, {'listingNoteId': -1, 'listingNoteContentId': 3338094, 'formattedListingNoteContent': 'Clear view', 'listingNoteTypeId': 3, 'showToBuyer': True, 'hideInMock': False, 'siteAddedListingNote': False, 'aisleListingNoteWithSplit': False, 'listingNoteDescriptionContentId': 3338095, 'formattedListingNoteDescription': ""You'll have an unrestricted view of the show.""}]","[{'listingNoteBucketId': 0, 'formattedListingNoteContent': 'This ticket cannot be transferred again after you receive it', 'displayOrder': 30, 'showsRawNoteText': True, 'sourceListingNoteId': 2351}, {'listingNoteBucketId': 27, 'formattedListingNoteContent': 'Clear view', 'displayOrder': 8, 'showsRawNoteText': True, 'sourceListingNoteId': -1}]",2113825,False,False,Row 16,False,1332239,"¥1,332,239","¥1,332,239","¥2,662,916",50.0,"¥1,330,677",10,Mobile Transfer ticket,3,1,GBP,JPY,4300.0,GBP,"https://img.vggcdn.net/img/vfsimage2/812551/407_122919/0.jpg?im=Resize=(500,271)&v=771",14 hours ago,6.3,False,False,False,False,maVBLGgGss9sY%2fH%2bk8aFZXNfWUlXRdpuBTwy12IKz4Y%3d,False,2026-07-18T23:48:24.1970000Z,False,False,False,False,False,False,0,False,False,False,False,False,0,False,False,0,13393693648,False,745FC4FC-66C0-4B03-BF90-72542918FA82,False,False,True,3,6.273928284360583,0.7295696802,,,,,,,"[{'message': 'Popular Pick', 'qualifier': '163 tickets sold for this event', 'hasValue': True, 'messageType': 'BoughtInLastHourSocialProofBased'}]",[],Fan favorite,This section is in the top 10% of sections for this event when ranked based on a count of successful sales over the past 7 days on our site,True,,,,,,
13320337821,153020449,311,122904,311,2,22,_,,,,False,False,3,,False,False,"[1, 2, 3]",407,Upper,3,True,"[{'listingNoteId': -1, 'listingNoteContentId': 3338094, 'formattedListingNoteContent': 'Clear view', 'listingNoteTypeId': 3, 'showToBuyer': True, 'hideInMock': False, 'siteAddedListingNote': False, 'aisleListingNoteWithSplit': False, 'listingNoteDescriptionContentId': 3338095, 'formattedListingNoteDescription': ""You'll have an unrestricted view of the show.""}]","[{'listingNoteBucketId': 27, 'formattedListingNoteContent': 'Clear view', 'displayOrder': 8, 'showsRawNoteText': True, 'sourceListingNoteId': -1}]",703759,False,False,Row 22,False,1334942,"¥1,334,942","¥1,334,942",,,,10,Mobile Transfer ticket,3,1,BRL,JPY,25000.0,BRL,"https://img.vggcdn.net/img/vfsimage2/812551/407_122904/0.jpg?im=Resize=(500,271)&v=771",8 days ago,5.0,False,False,False,False,3K0W8%2beC%2bfrSBu7APHpjG5c5zeDKaRdJmLFrIpBT05k%3d,False,2026-07-10T23:26:31.1900000Z,False,False,False,False,False,False,0,False,False,False,False,False,0,False,False,0,13320337821,False,6023030B-C391-42D9-90E8-9D05AD4CD40D,False,False,True,2,4.9522149472008525,0.6334464713,,,,,,,"[{'message': 'Popular Pick', 'qualifier': '163 tickets sold for this event', 'hasValue': True, 'messageType': 'BoughtInLastHourSocialProofBased'}]",[],,,,,,,,,
13375328648,153020449,303,122896,303,2,12,_,,,,False,False,1,,False,False,[1],407,Upper,6,True,"[{'listingNoteId': -1, 'listingNoteContentId': 3338094, 'formattedListingNoteContent': 'Clear view', 'listingNoteTypeId': 3, 'showToBuyer': True, 'hideInMock': False, 'siteAddedListingNote': False, 'aisleListingNoteWithSplit': False, 'listingNoteDescriptionContentId': 3338095, 'formattedListingNoteDescription': ""You'll have an unrestricted view of the show.""}]","[{'listingNoteBucketId': 27, 'formattedListingNoteContent': 'Clear view', 'displayOrder': 8, 'showsRawNoteText': True, 'sourceListingNoteId': -1}]",2113621,False,False,Row 12,False,1338130,"¥1,338,130","¥1,338,130","¥2,460,908",46.0,"¥1,122,778",10,Mobile Transfer ticket,3,1,EUR,JPY,5000.0,EUR,"https://img.vggcdn.net/img/vfsimage2/812551/407_122896/0.jpg?im=Resize=(500,271)&v=771",2 days ago,6.6,False,False,False,False,Ko9w66Mq3F8VjzxHHK7PNARTGfGktlr1voUQWUOfDOQ%3d,False,2026-07-16T18:55:17.1300000Z,False,False,False,False,False,False,0,False,False,False,False,False,0,False,False,0,13375328648,False,8DB87D2B-D7BB-49C0-8083-08884158ADE4,False,False,True,3,6.620884546719216,0.7623165436,,,,,,,"[{'message': 'Popular Pick', 'qualifier': '163 tickets sold for this event', 'hasValue': True, 'messageType': 'BoughtInLastHourSocialProofBased'}]",[],,,,,,,,,
13375352152,153020449,328,122921,328,2,18,_,,,,False,False,2,,False,False,"[1, 2]",407,Upper,6,True,"[{'listingNoteId': -1, 'listingNoteContentId': 3338094, 'formattedListingNoteContent': 'Clear view', 'listingNoteTypeId': 3, 'showToBuyer': True, 'hideInMock': False, 'siteAddedListingNote': False, 'aisleListingNoteWithSplit': False, 'listingNoteDescriptionContentId': 3338095, 'formattedListingNoteDescription': ""You'll have an unrestricted view of the show.""}]","[{'listingNoteBucketId': 27, 'formattedListingNoteContent': 'Clear view', 'displayOrder': 8, 'showsRawNoteText': True, 'sourceListingNoteId': -1}]",2113869,False,False,Row 18,False,1338130,"¥1,338,130","¥1,338,130","¥2,460,908",46.0,"¥1,122,778",10,Mobile Transfer ticket,3,1,EUR,JPY,5000.0,EUR,"https://img.vggcdn.net/img/vfsimage2/812551/407_122921/0.jpg?im=Resize=(500,271)&v=771",2 days ago,6.5,False,False,False,False,Ko9w66Mq3F8VjzxHHK7PNARTGfGktlr1voUQWUOfDOQ%3d,False,2026-07-16T18:57:40.9300000Z,False,False,False,False,False,False,0,False,False,False,False,False,0,False,False,0,13375352152,False,84B0428A-70A4-4A15-B542-A6F2C3FF41B4,False,False,True,3,6.477123773025472,0.7498012202,,,,,,,"[{'message': 'Popular Pick', 'qualifier': '163 tickets sold for this event', 'hasValue': True, 'messageType': 'BoughtInLastHourSocialProofBased'}]",[],Fan favorite,This section is in the top 10% of sections for this event when ranked based on a count of successful sales over the past 7 days on our site,True,,,,,,
13375352284,153020449,328,122921,328,2,17,_,,,,False,False,1,,False,False,[1],407,Upper,6,True,"[{'listingNoteId': -1, 'listingNoteContentId': 3338094, 'formattedListingNoteContent': 'Clear view', 'listingNoteTypeId': 3, 'showToBuyer': True, 'hideInMock': False, 'siteAddedListingNote': False, 'aisleListingNoteWithSplit': False, 'listingNoteDescriptionContentId': 3338095, 'formattedListingNoteDescription': ""You'll have an unrestricted view of the show.""}]","[{'listingNoteBucketId': 27, 'formattedListingNoteContent': 'Clear view', 'displayOrder': 8, 'showsRawNoteText': True, 'sourceListingNoteId': -1}]",2113868,False,False,Row 17,False,1338130,"¥1,338,130","¥1,338,130","¥2,460,908",46.0,"¥1,122,778",10,Mobile Transfer ticket,3,1,EUR,JPY,5000.0,EUR,"https://img.vggcdn.net/img/vfsimage2/812551/407_122921/0.jpg?im=Resize=(500,271)&v=771",2 days ago,6.5,False,False,False,False,Ko9w66Mq3F8VjzxHHK7PNARTGfGktlr1voUQWUOfDOQ%3d,False,2026-07-16T18:57:41.1730000Z,False,False,False,False,False,False,0,False,False,False,False,False,0,False,False,0,13375352284,False,57B72201-46EA-479D-8029-4B4DA0F5B857,False,False,True,3,6.512077127254329,0.7528061779,,,,,,,"[{'message': 'Popular Pick', 'qualifier': '163 tickets sold for this event', 'hasValue': True, 'messageType': 'BoughtInLastHourSocialProofBased'}]",[],Fan favorite,This section is in the top 10% of sections for this event when ranked based on a count of successful sales over the past 7 days on our site,True,,,,,,
13375358480,153020449,347,122940,347,2,25,_,,,,False,False,1,,False,False,[1],407,Upper,6,True,"[{'listingNoteId': -1, 'listingNoteContentId': 3338094, 'formattedListingNoteContent': 'Clear view', 'listingNoteTypeId': 3, 'showToBuyer': True, 'hideInMock': False, 'siteAddedListingNote': False, 'aisleListingNoteWithSplit': False, 'listingNoteDescriptionContentId': 3338095, 'formattedListingNoteDescription': ""You'll have an unrestricted view of the show.""}]","[{'listingNoteBucketId': 27, 'formattedListingNoteContent': 'Clear view', 'displayOrder': 8, 'showsRawNoteText': True, 'sourceListingNoteId': -1}]",2113985,False,False,Row 25,False,1338130,"¥1,338,130","¥1,338,130","¥2,460,908",46.0,"¥1,122,778",10,Mobile Transfer ticket,3,1,EUR,JPY,5000.0,EUR,"https://img.vggcdn.net/img/vfsimage2/812551/407_122940/0.jpg?im=Resize=(500,271)&v=771",2 days ago,6.0,False,False,False,False,Ko9w66Mq3F8VjzxHHK7PNARTGfGktlr1voUQWUOfDOQ%3d,False,2026-07-16T18:58:16.2100000Z,False,False,False,False,False,False,0,False,False,False,False,False,0,False,False,0,13375358480,False,8FB39628-4F98-4C16-A111-CBC3F917AA36,False,False,True,3,6.007494429852547,0.7116350248,,,,,,,"[{'message': 'Popular Pick', 'qualifier': '163 tickets sold for this event', 'hasValue': True, 'messageType': 'BoughtInLastHourSocialProofBased'}]",[],,,,,,,,,
13396604281,153020449,302,122895,302,2,6,_,,,,False,False,4,,False,False,"[1, 2, 3, 4]",407,Upper,4,True,"[{'listingNoteId': 2026, 'listingNoteContentId': 3415844, 'formattedListingNoteContent': 'Second Row of Section', 'listingNoteTypeId': 6, 'showToBuyer': True, 'hideInMock': False, 'siteAddedListingNote': False, 'aisleListingNoteWithSplit': False, 'listingNoteDescriptionContentId': 3415844, 'formattedListingNoteDescription': 'Second Row of Section'}, {'listingNoteId': -1, 'listingNoteContentId': 3338094, 'formattedListingNoteContent': 'Clear view', 'listingNoteTypeId': 3, 'showToBuyer': True, 'hideInMock': False, 'siteAddedListingNote': False, 'aisleListingNoteWithSplit': False, 'listingNoteDescriptionContentId': 3338095, 'formattedListingNoteDescription': ""You'll have an unrestricted view of the show.""}]","[{'listingNoteBucketId': 14, 'formattedListingNoteContent': 'Second Row of Section', 'displayOrder': 14, 'showsRawNoteText': True, 'sourceListingNoteId': 2026}, {'listingNoteBucketId': 27, 'formattedListingNoteContent': 'Clear view', 'displayOrder': 8, 'showsRawNoteText': True, 'sourceListingNoteId': -1}]",2113615,False,False,Row 6,False,1340186,"¥1,340,186","¥1,340,186",,,,10,Mobile Transfer ticket,3,1,USD,JPY,4185.0,USD,"https://img.vggcdn.net/img/vfsimage2/812551/407_122895/0.jpg?im=Resize=(500,271)&v=771",an hour ago,7.1,False,False,False,False,CXhxOrXQjd7FDUT%2fPxU%2b0ZM0DFHUe3o3LKk%2btLzUoT0%3d,False,2026-07-19T12:10:41.3800000Z,False,False,False,False,False,False,0,False,False,False,False,False,0,False,False,0,13396604281,False,97AB6E80-07EE-465B-973C-98187B071E51,False,False,True,4,7.139391108719548,0.8148267811,Last tickets,True,,,,,"[{'message': 'Great Value', 'qualifier': 'Based on price, view, seat quality and more', 'hasValue': True, 'messageType': 'ValueBased'}, {'message': 'Popular Pick', 'qualifier': '163 tickets sold for this event', 'hasValue': True, 'messageType': 'BoughtInLastHourSocialProofBased'}, {'message': 'Second Row', 'qualifier': 'Premium close-up view', 'hasValue': True, 'messageType': 'SecondRowTicketAttributeBased'}]",[2026],,,,,,,,,
13395161683,153020449,307,122900,307,2,16,23_23,23,23,23,False,False,1,,False,False,[1],407,Upper,1,True,"[{'listingNoteId': -1, 'listingNoteContentId': 3338094, 'formattedListingNoteContent': 'Clear view', 'listingNoteTypeId': 3, 'showToBuyer': True, 'hideInMock': False, 'siteAddedListingNote': False, 'aisleListingNoteWithSplit': False, 'listingNoteDescriptionContentId': 3338095, 'formattedListingNoteDescription': ""You'll have an unrestricted view of the show.""}]","[{'listingNoteBucketId': 27, 'formattedListingNoteContent': 'Clear view', 'displayOrder': 8, 'showsRawNoteText': True, 'sourceListingNoteId': -1}]",703665,False,False,Row 16,False,1340646,"¥1,340,646","¥1,340,646",,,,10,Mobile Transfer ticket,3,1,USD,JPY,0.0,USD,"https://img.vggcdn.net/img/vfsimage2/812551/407_122900/0.jpg?im=Resize=(500,271)&v=771",8 hours ago,8.2,False,False,False,False,Sv0wsOW5bhSZBp%2bwtJVXJfLtM0uemP0vI%2byjXBKrkqI%3d,False,2026-07-19T05:40:22.4000000Z,False,False,False,False,False,False,0,False,False,False,False,False,0,False,False,0,13395161683,False,7B02FD11-92D4-4DBE-9049-E3053308E8F8,False,False,True,4,8.227682068743206,0.9594904744,,,,,,,"[{'message': 'Great Value', 'qualifier': 'Based on price, view, seat quality and more', 'hasValue': True, 'messageType': 'ValueBased'}, {'message': 'Popular Pick', 'qualifier': '163 tickets sold for this event', 'hasValue': True, 'messageType': 'BoughtInLastHourSocialProofBased'}]",[],,,,,,,,,
13386017046,153020449,344,122937,344,2,4,4_4,4,4,4,False,False,1,,False,False,[1],478,Loge,1,True,"[{'listingNoteId': -1, 'listingNoteContentId': 3338094, 'formattedListingNoteContent': 'Clear view', 'listingNoteTypeId': 3, 'showToBuyer': True, 'hideInMock': False, 'siteAddedListingNote': False, 'aisleListingNoteWithSplit': False, 'listingNoteDescriptionContentId': 3338095, 'formattedListingNoteDescription': ""You'll have an unrestricted view of the show.""}]","[{'listingNoteBucketId': 27, 'formattedListingNoteContent': 'Clear view', 'displayOrder': 8, 'showsRawNoteText': True, 'sourceListingNoteId': -1}]",1591268,False,False,Row 4,False,1351348,"¥1,351,348","¥1,351,348","¥2,274,781",41.0,"¥923,433",10,Mobile Transfer ticket,3,1,USD,JPY,,USD,"https://img.vggcdn.net/img/vfsimage2/812551/478_122937/0.jpg?im=Resize=(500,271)&v=771",yesterday,7.5,False,False,False,False,Upk%2b0f3WVKXtfhpSpLV5wUYIAwecUIw0EwZ8rjQ3mrg%3d,False,2026-07-17T20:26:41.2230000Z,False,False,False,False,False,False,0,False,False,False,False,False,0,False,False,0,13386017046,False,7F64D520-EDD9-45AA-9237-4F9D3E0908DD,False,False,True,4,7.4736584699851605,0.8614308766,,,,,,,"[{'message': 'Great Value', 'qualifier': 'Based on price, view, seat quality and more', 'hasValue': True, 'messageType': 'ValueBased'}, {'message': 'Popular Pick', 'qualifier': '163 tickets sold for this event', 'hasValue': True, 'messageType': 'BoughtInLastHourSocialProofBased'}]",[],,,,,,,,,
13321749600,153020449,315,122908,315,2,24,21_21,21,21,21,False,False,1,,False,False,[1],407,Upper,1,True,"[{'listingNoteId': -1, 'listingNoteContentId': 3338094, 'formattedListingNoteContent': 'Clear view', 'listingNoteTypeId': 3, 'showToBuyer': True, 'hideInMock': False, 'siteAddedListingNote': False, 'aisleListingNoteWithSplit': False, 'listingNoteDescriptionContentId': 3338095, 'formattedListingNoteDescription': ""You'll have an unrestricted view of the show.""}]","[{'listingNoteBucketId': 27, 'formattedListingNoteContent': 'Clear view', 'displayOrder': 8, 'showsRawNoteText': True, 'sourceListingNoteId': -1}]",703849,False,False,Row 24,False,1351348,"¥1,351,348","¥1,351,348",,,,10,Mobile Transfer ticket,3,1,USD,JPY,,USD,"https://img.vggcdn.net/img/vfsimage2/812551/407_122908/0.jpg?im=Resize=(500,271)&v=771",8 days ago,4.6,False,False,False,False,Upk%2b0f3WVKXtfhpSpLV5wUYIAwecUIw0EwZ8rjQ3mrg%3d,False,2026-07-11T01:47:19.8770000Z,False,False,False,False,False,False,0,False,False,False,False,False,0,False,False,0,13321749600,False,AC530405-8F9A-46A8-9B34-A35811811503,False,False,True,2,4.572183448834579,0.5982882089,Last ticket,True,,,,,"[{'message': 'Popular Pick', 'qualifier': '163 tickets sold for this event', 'hasValue': True, 'messageType': 'BoughtInLastHourSocialProofBased'}]",[],,,,,,,,,
13235196517,153020449,331,122924,331,2,22,27_27,,,27,False,False,1,,False,False,[1],407,Upper,1,True,"[{'listingNoteId': -1, 'listingNoteContentId': 3338094, 'formattedListingNoteContent': 'Clear view', 'listingNoteTypeId': 3, 'showToBuyer': True, 'hideInMock': False, 'siteAddedListingNote': False, 'aisleListingNoteWithSplit': False, 'listingNoteDescriptionContentId': 3338095, 'formattedListingNoteDescription': ""You'll have an unrestricted view of the show.""}]","[{'listingNoteBucketId': 27, 'formattedListingNoteContent': 'Clear view', 'displayOrder': 8, 'showsRawNoteText': True, 'sourceListingNoteId': -1}]",2113937,False,False,Row 22,False,1354182,"¥1,354,182","¥1,354,182","¥2,168,055",38.0,"¥813,873",10,Mobile Transfer ticket,3,1,EUR,JPY,2000.0,EUR,"https://img.vggcdn.net/img/vfsimage2/812551/407_122924/0.jpg?im=Resize=(500,271)&v=771",15 days ago,6.2,False,False,False,False,scdpLBY6%2fQNecYHyP0w%2fPxuJQPK8zGEtB30oePvZpc8%3d,False,2026-07-04T00:25:43.8300000Z,False,False,False,False,False,False,0,False,False,False,False,False,0,False,False,0,13235196517,False,7AA4FEFD-2169-4A7A-9332-B4404B39F343,False,False,True,3,6.197211854499696,0.7352945454,,,,,,,"[{'message': 'Popular Pick', 'qualifier': '163 tickets sold for this event', 'hasValue': True, 'messageType': 'BoughtInLastHourSocialProofBased'}]",[],,,,,,,,,
13397225740,153020449,345,122938,345,2,12,1_2,,,1,False,False,1,,False,False,[1],407,Upper,1,True,"[{'listingNoteId': -1, 'listingNoteContentId': 3338094, 'formattedListingNoteContent': 'Clear view', 'listingNoteTypeId': 3, 'showToBuyer': True, 'hideInMock': False, 'siteAddedListingNote': False, 'aisleListingNoteWithSplit': False, 'listingNoteDescriptionContentId': 3338095, 'formattedListingNoteDescription': ""You'll have an unrestricted view of the show.""}]","[{'listingNoteBucketId': 14, 'formattedListingNoteContent': 'Aisle seat', 'displayOrder': 14, 'showsRawNoteText': True, 'sourceListingNoteId': 2024}, {'listingNoteBucketId': 27, 'formattedListingNoteContent': 'Clear view', 'displayOrder': 8, 'showsRawNoteText': True, 'sourceListingNoteId': -1}]",704494,False,False,Row 12,False,1364993,"¥1,364,993","¥1,364,993",,,,10,Mobile Transfer ticket,3,1,USD,JPY,500.0,USD,"https://img.vggcdn.net/img/vfsimage2/812551/407_122938/0.jpg?im=Resize=(500,271)&v=771",31 minutes ago,8.2,False,False,False,False,UwA1rCG3pSGJB1zmasZyBj%2bJEpgAWJ%2fT%2fYXyapEdUUY%3d,False,2026-07-19T13:29:41.2400000Z,False,False,False,False,False,False,0,False,False,False,False,False,0,False,False,0,13397225740,False,D3675165-A7DD-4022-A887-425EF5E945D7,False,False,True,4,8.16274544911299,0.9667045007,Last ticket,True,,,,,"[{'message': 'Great Value', 'qualifier': 'Based on price, view, seat quality and more', 'hasValue': True, 'messageType': 'ValueBased'}, {'message': 'Popular Pick', 'qualifier': '163 tickets sold for this event', 'hasValue': True, 'messageType': 'BoughtInLastHourSocialProofBased'}, {'message': 'Aisle Seat', 'qualifier': 'Easy access to your seat', 'hasValue': True, 'messageType': 'AisleSeatTicketAttributeBased'}]",[2024],,,,,,,,,
13397266205,153020449,319,122912,319,2,8,_,,,,False,False,1,,False,False,[1],407,Upper,1,True,"[{'listingNoteId': -1, 'listingNoteContentId': 3338094, 'formattedListingNoteContent': 'Clear view', 'listingNoteTypeId': 3, 'showToBuyer': True, 'hideInMock': False, 'siteAddedListingNote': False, 'aisleListingNoteWithSplit': False, 'listingNoteDescriptionContentId': 3338095, 'formattedListingNoteDescription': ""You'll have an unrestricted view of the show.""}]","[{'listingNoteBucketId': 27, 'formattedListingNoteContent': 'Clear view', 'displayOrder': 8, 'showsRawNoteText': True, 'sourceListingNoteId': -1}]",703921,False,False,Row 8,False,1364993,"¥1,364,993","¥1,364,993",,,,10,Mobile Transfer ticket,3,1,USD,JPY,50.0,USD,"https://img.vggcdn.net/img/vfsimage2/812551/407_122912/0.jpg?im=Resize=(500,271)&v=771",27 minutes ago,7.5,False,False,False,False,qZ97yPUWzENar0VwjPFR1S81PMtPvZVbTwr2FaZkyPE%3d,False,2026-07-19T13:33:06.3270000Z,False,False,False,False,False,False,0,False,False,False,False,False,0,False,False,0,13397266205,False,FE3BBEF9-5C47-4CCA-B988-0E09983B1456,False,False,True,4,7.4594957070842325,0.8683491247,,,,,,,"[{'message': 'Great Value', 'qualifier': 'Based on price, view, seat quality and more', 'hasValue': True, 'messageType': 'ValueBased'}, {'message': 'Popular Pick', 'qualifier': '163 tickets sold for this event', 'hasValue': True, 'messageType': 'BoughtInLastHourSocialProofBased'}]",[],,,,,,,,,
13393862931,153020449,311,122904,311,2,15,_,,,,False,False,2,,False,False,"[1, 2]",407,Upper,2,True,"[{'listingNoteId': -1, 'listingNoteContentId': 3338094, 'formattedListingNoteContent': 'Clear view', 'listingNoteTypeId': 3, 'showToBuyer': True, 'hideInMock': False, 'siteAddedListingNote': False, 'aisleListingNoteWithSplit': False, 'listingNoteDescriptionContentId': 3338095, 'formattedListingNoteDescription': ""You'll have an unrestricted view of the show.""}]","[{'listingNoteBucketId': 27, 'formattedListingNoteContent': 'Clear view', 'displayOrder': 8, 'showsRawNoteText': True, 'sourceListingNoteId': -1}]",703752,False,False,Row 15,False,1365750,"¥1,365,750","¥1,365,750","¥1,740,270",22.0,"¥374,520",10,Mobile Transfer ticket,3,1,USD,JPY,8254.61,USD,"https://img.vggcdn.net/img/vfsimage2/812551/407_122904/0.jpg?im=Resize=(500,271)&v=771",13 hours ago,6.5,False,False,False,False,%2bc4R%2fa9irFyvpmIpEAJJT3nDHh1A%2bIANG1u99SmtUq4%3d,False,2026-07-19T00:34:58.9870000Z,False,False,False,False,False,False,0,False,False,False,False,False,0,False,False,0,13393862931,False,45BA3D9A-BDC3-42D2-8708-B03FDAD7CDB9,False,False,True,3,6.506551825350049,0.7678622537,,,,,,,"[{'message': 'Popular Pick', 'qualifier': '163 tickets sold for this event', 'hasValue': True, 'messageType': 'BoughtInLastHourSocialProofBased'}]",[],,,,,,,,,
13393942100,153020449,326,122919,326,2,7,_,,,,False,False,1,,False,False,[1],407,Upper,1,True,"[{'listingNoteId': 2027, 'listingNoteContentId': 3415845, 'formattedListingNoteContent': 'Third Row of Section', 'listingNoteTypeId': 6, 'showToBuyer': True, 'hideInMock': False, 'siteAddedListingNote': False, 'aisleListingNoteWithSplit': False, 'listingNoteDescriptionContentId': 3415845, 'formattedListingNoteDescription': 'Third Row of Section'}, {'listingNoteId': -1, 'listingNoteContentId': 3338094, 'formattedListingNoteContent': 'Clear view', 'listingNoteTypeId': 3, 'showToBuyer': True, 'hideInMock': False, 'siteAddedListingNote': False, 'aisleListingNoteWithSplit': False, 'listingNoteDescriptionContentId': 3338095, 'formattedListingNoteDescription': ""You'll have an unrestricted view of the show.""}]","[{'listingNoteBucketId': 14, 'formattedListingNoteContent': 'Third Row of Section', 'displayOrder': 14, 'showsRawNoteText': True, 'sourceListingNoteId': 2027}, {'listingNoteBucketId': 27, 'formattedListingNoteContent': 'Clear view', 'displayOrder': 8, 'showsRawNoteText': True, 'sourceListingNoteId': -1}]",2113838,False,False,Row 7,False,1372791,"¥1,372,791","¥1,372,791",,,,10,Mobile Transfer ticket,3,1,USD,JPY,5785.0,USD,"https://img.vggcdn.net/img/vfsimage2/812551/407_122919/0.jpg?im=Resize=(500,271)&v=771",13 hours ago,6.6,False,False,False,False,wQL8JxTZ0g%2bHLVAQC0RXH5xchs5xub9qb6lpomQXhYM%3d,False,2026-07-19T00:53:03.6600000Z,False,False,False,False,False,False,0,False,False,False,False,False,0,False,False,0,13393942100,False,3A276376-CBAF-4EC6-80E8-750A62908B39,False,False,True,3,6.570209009525492,0.7774937024,,,,,,,"[{'message': 'Popular Pick', 'qualifier': '163 tickets sold for this event', 'hasValue': True, 'messageType': 'BoughtInLastHourSocialProofBased'}, {'message': 'Third Row', 'qualifier': 'Excellent proximity to the action', 'hasValue': True, 'messageType': 'ThirdRowTicketAttributeBased'}]",[2027],Fan favorite,This section is in the top 10% of sections for this event when ranked based on a count of successful sales over the past 7 days on our site,True,,,,,,
13396600293,153020449,301,122894,301,2,7,_,,,,False,False,6,,False,False,"[1, 2, 3, 4, 5, 6]",407,Upper,6,True,"[{'listingNoteId': 2027, 'listingNoteContentId': 3415845, 'formattedListingNoteContent': 'Third Row of Section', 'listingNoteTypeId': 6, 'showToBuyer': True, 'hideInMock': False, 'siteAddedListingNote': False, 'aisleListingNoteWithSplit': False, 'listingNoteDescriptionContentId': 3415845, 'formattedListingNoteDescription': 'Third Row of Section'}, {'listingNoteId': -1, 'listingNoteContentId': 3338094, 'formattedListingNoteContent': 'Clear view', 'listingNoteTypeId': 3, 'showToBuyer': True, 'hideInMock': False, 'siteAddedListingNote': False, 'aisleListingNoteWithSplit': False, 'listingNoteDescriptionContentId': 3338095, 'formattedListingNoteDescription': ""You'll have an unrestricted view of the show.""}]","[{'listingNoteBucketId': 14, 'formattedListingNoteContent': 'Third Row of Section', 'displayOrder': 14, 'showsRawNoteText': True, 'sourceListingNoteId': 2027}, {'listingNoteBucketId': 27, 'formattedListingNoteContent': 'Clear view', 'displayOrder': 8, 'showsRawNoteText': True, 'sourceListingNoteId': -1}]",2113594,False,False,Row 7,False,1382214,"¥1,382,214","¥1,382,214",,,,10,Mobile Transfer ticket,3,1,USD,JPY,4875.32,USD,"https://img.vggcdn.net/img/vfsimage2/812551/407_122894/0.jpg?im=Resize=(500,271)&v=771",an hour ago,6.7,False,False,False,False,8HQUCs1WRdqd%2baUMuTpdW56OicMp7olzUmIl8zjCT4s%3d,False,2026-07-19T12:09:03.4370000Z,False,False,False,False,False,False,0,False,False,False,False,False,0,False,False,0,13396600293,False,4651C3C5-0C0E-4EF3-BD55-719DAD340663,False,False,True,3,6.716735534911232,0.7962998324,Last tickets,True,,,,,"[{'message': 'Popular Pick', 'qualifier': '163 tickets sold for this event', 'hasValue': True, 'messageType': 'BoughtInLastHourSocialProofBased'}, {'message': 'Third Row', 'qualifier': 'Excellent proximity to the action', 'hasValue': True, 'messageType': 'ThirdRowTicketAttributeBased'}]",[2027],,,,,,,,,
13397174836,153020449,314,122907,314,2,22,9_9,9,9,9,False,False,1,,False,False,[1],407,Upper,1,True,"[{'listingNoteId': -1, 'listingNoteContentId': 3338094, 'formattedListingNoteContent': 'Clear view', 'listingNoteTypeId': 3, 'showToBuyer': True, 'hideInMock': False, 'siteAddedListingNote': False, 'aisleListingNoteWithSplit': False, 'listingNoteDescriptionContentId': 3338095, 'formattedListingNoteDescription': ""You'll have an unrestricted view of the show.""}]","[{'listingNoteBucketId': 27, 'formattedListingNoteContent': 'Clear view', 'displayOrder': 8, 'showsRawNoteText': True, 'sourceListingNoteId': -1}]",703825,False,False,Row 22,False,1390335,"¥1,390,335","¥1,390,335",,,,10,Mobile Transfer ticket,3,1,USD,JPY,7380.0,USD,"https://img.vggcdn.net/img/vfsimage2/812551/407_122907/0.jpg?im=Resize=(500,271)&v=771",36 minutes ago,4.9,False,False,False,False,ht%2f3GwHGscTmcdaYchBWE%2f0jJJwmF%2bwUjh7TgUCs2p0%3d,False,2026-07-19T13:24:26.8230000Z,False,False,False,False,False,False,0,False,False,False,False,False,0,False,False,0,13397174836,False,41846A8F-746E-41A5-BBB1-F06EBD23903C,False,False,True,2,4.86324024961487,0.6488354146,,,,,,,"[{'message': 'Popular Pick', 'qualifier': '163 tickets sold for this event', 'hasValue': True, 'messageType': 'BoughtInLastHourSocialProofBased'}]",[],,,,,,,,,
13394062403,153020449,340,122933,340,2,20,_,,,,False,False,1,,False,False,[1],407,Upper,1,True,"[{'listingNoteId': -1, 'listingNoteContentId': 3338094, 'formattedListingNoteContent': 'Clear view', 'listingNoteTypeId': 3, 'showToBuyer': True, 'hideInMock': False, 'siteAddedListingNote': False, 'aisleListingNoteWithSplit': False, 'listingNoteDescriptionContentId': 3338095, 'formattedListingNoteDescription': ""You'll have an unrestricted view of the show.""}]","[{'listingNoteBucketId': 27, 'formattedListingNoteContent': 'Clear view', 'displayOrder': 8, 'showsRawNoteText': True, 'sourceListingNoteId': -1}]",704392,False,False,Row 20,False,1423669,"¥1,423,669","¥1,423,669",,,,10,Mobile Transfer ticket,3,1,USD,JPY,7380.0,USD,"https://img.vggcdn.net/img/vfsimage2/812551/407_122933/0.jpg?im=Resize=(500,271)&v=771",12 hours ago,6.9,False,False,False,False,ZEB0CrTd1E1SZzvh8ZX6ultiyUV7v8niNhb5b1I6pv0%3d,False,2026-07-19T01:31:44.3170000Z,False,False,False,False,False,False,0,False,False,False,False,False,0,False,False,0,13394062403,False,992713A3-8E06-4EDC-B982-DE9BAB25CA6B,False,False,True,3,6.907285817049765,0.8389602093,Last ticket,True,,,,,"[{'message': 'Popular Pick', 'qualifier': '163 tickets sold for this event', 'hasValue': True, 'messageType': 'BoughtInLastHourSocialProofBased'}]",[],,,,,,,,,
13226218584,153020449,331,122924,331,2,17,_,,,,False,False,1,,False,False,[1],407,Upper,4,True,"[{'listingNoteId': 74, 'listingNoteContentId': 1288630, 'formattedListingNoteContent': 'Over 18 Ticket', 'listingNoteTypeId': 2, 'showToBuyer': True, 'hideInMock': False, 'siteAddedListingNote': False, 'aisleListingNoteWithSplit': False, 'formattedListingNoteDescription': ''}, {'listingNoteId': -1, 'listingNoteContentId': 3338094, 'formattedListingNoteContent': 'Clear view', 'listingNoteTypeId': 3, 'showToBuyer': True, 'hideInMock': False, 'siteAddedListingNote': False, 'aisleListingNoteWithSplit': False, 'listingNoteDescriptionContentId': 3338095, 'formattedListingNoteDescription': ""You'll have an unrestricted view of the show.""}]","[{'listingNoteBucketId': 24, 'formattedListingNoteContent': 'Over 18 Ticket', 'displayOrder': 24, 'showsRawNoteText': True, 'sourceListingNoteId': 74}, {'listingNoteBucketId': 27, 'formattedListingNoteContent': 'Clear view', 'displayOrder': 8, 'showsRawNoteText': True, 'sourceListingNoteId': -1}]",2113932,False,False,Row 17,False,1449604,"¥1,449,604","¥1,449,604",,,,10,Mobile Transfer ticket,3,1,EUR,JPY,1772.0,EUR,"https://img.vggcdn.net/img/vfsimage2/812551/407_122924/0.jpg?im=Resize=(500,271)&v=771",16 days ago,5.8,False,False,False,False,W5OR48kMtmSN0cJqAbWnMw%2bb7LYTo8HR2VajW%2fhje%2f8%3d,False,2026-07-03T05:57:00.4270000Z,False,False,False,False,False,False,0,False,False,False,False,False,0,False,False,0,13226218584,False,56B76109-4A03-42AD-BCB8-C9C1BEF58B57,False,False,True,3,5.779702429886346,0.7523624922,,,,,,,"[{'message': 'Popular Pick', 'qualifier': '163 tickets sold for this event', 'hasValue': True, 'messageType': 'BoughtInLastHourSocialProofBased'}]",[],,,,,,,,,
13397267350,153020449,319,122912,319,2,7,_,,,,False,False,7,,False,False,"[1, 2, 3, 4, 5, 7]",407,Upper,7,True,"[{'listingNoteId': -1, 'listingNoteContentId': 3338094, 'formattedListingNoteContent': 'Clear view', 'listingNoteTypeId': 3, 'showToBuyer': True, 'hideInMock': False, 'siteAddedListingNote': False, 'aisleListingNoteWithSplit': False, 'listingNoteDescriptionContentId': 3338095, 'formattedListingNoteDescription': ""You'll have an unrestricted view of the show.""}]","[{'listingNoteBucketId': 27, 'formattedListingNoteContent': 'Clear view', 'displayOrder': 8, 'showsRawNoteText': True, 'sourceListingNoteId': -1}]",703920,False,False,Row 7,False,1462461,"¥1,462,461","¥1,462,461",,,,10,Mobile Transfer ticket,3,1,USD,JPY,400.0,USD,"https://img.vggcdn.net/img/vfsimage2/812551/407_122912/0.jpg?im=Resize=(500,271)&v=771",27 minutes ago,7.1,False,False,False,False,XQ1%2bOnwA50S5JCBDdmha9xHfuZQtehIIaD0RxaWwKvY%3d,False,2026-07-19T13:33:12.3000000Z,False,False,False,False,False,False,0,False,False,False,False,False,0,False,False,0,13397267350,False,586DAB4F-517D-4FBB-9B11-9DBBD32822F0,False,False,True,4,7.1040295204680515,0.8848677698,,,,,,,"[{'message': 'Great Value', 'qualifier': 'Based on price, view, seat quality and more', 'hasValue': True, 'messageType': 'ValueBased'}, {'message': 'Popular Pick', 'qualifier': '163 tickets sold for this event', 'hasValue': True, 'messageType': 'BoughtInLastHourSocialProofBased'}]",[],,,,,,,,,
13397218926,153020449,227B,1530788,227B,2,16,10_16,,,10,False,False,7,,False,False,"[1, 2, 3, 4, 5, 7]",471,Middle,7,True,"[{'listingNoteId': -1, 'listingNoteContentId': 3338094, 'formattedListingNoteContent': 'Clear view', 'listingNoteTypeId': 3, 'showToBuyer': True, 'hideInMock': False, 'siteAddedListingNote': False, 'aisleListingNoteWithSplit': False, 'listingNoteDescriptionContentId': 3338095, 'formattedListingNoteDescription': ""You'll have an unrestricted view of the show.""}]","[{'listingNoteBucketId': 27, 'formattedListingNoteContent': 'Clear view', 'displayOrder': 8, 'showsRawNoteText': True, 'sourceListingNoteId': -1}]",2113491,False,False,Row 16,False,1470958,"¥1,470,958","¥1,470,958",,,,10,Mobile Transfer ticket,3,1,USD,JPY,29520.0,USD,"https://img.vggcdn.net/img/vfsimage2/812551/471_1530788/0.jpg?im=Resize=(500,271)&v=771",31 minutes ago,8.0,False,False,False,False,fPbD3jh5rfSDpGozXIWTF%2fSl266tlSfKibnXWk4l9JQ%3d,False,2026-07-19T13:29:13.2930000Z,False,False,False,False,False,False,0,False,False,False,False,False,0,False,False,0,13397218926,False,D34EA9F7-F5B1-4500-9A54-5D870B020ABD,False,False,True,4,8.039473680538427,1.021493425,Last tickets,True,,,,,"[{'message': 'Great Value', 'qualifier': 'Based on price, view, seat quality and more', 'hasValue': True, 'messageType': 'ValueBased'}, {'message': 'Popular Pick', 'qualifier': '163 tickets sold for this event', 'hasValue': True, 'messageType': 'BoughtInLastHourSocialProofBased'}]",[],,,,,,,,,
13394647246,153020449,343,122936,343,2,7,2_2,,,2,False,False,1,,False,False,[1],407,Upper,1,True,"[{'listingNoteId': -1, 'listingNoteContentId': 3338094, 'formattedListingNoteContent': 'Clear view', 'listingNoteTypeId': 3, 'showToBuyer': True, 'hideInMock': False, 'siteAddedListingNote': False, 'aisleListingNoteWithSplit': False, 'listingNoteDescriptionContentId': 3338095, 'formattedListingNoteDescription': ""You'll have an unrestricted view of the show.""}]","[{'listingNoteBucketId': 27, 'formattedListingNoteContent': 'Clear view', 'displayOrder': 8, 'showsRawNoteText': True, 'sourceListingNoteId': -1}]",704445,False,False,Row 7,False,1475333,"¥1,475,333","¥1,475,333",,,,10,Mobile Transfer ticket,3,1,USD,JPY,0.0,USD,"https://img.vggcdn.net/img/vfsimage2/812551/407_122936/0.jpg?im=Resize=(500,271)&v=771",9 hours ago,6.9,False,False,False,False,z7P626TFSg3D%2bMHueHSM57rK9kK8cWe6DoQMircMkD0%3d,False,2026-07-19T04:11:28.0300000Z,False,False,False,False,False,False,0,False,False,False,False,False,0,False,False,0,13394647246,False,D2F89AB5-D1CB-414D-9982-A1B4844D4E0A,False,False,True,3,6.8630103582948605,0.8648162098,,,,,,,"[{'message': 'Popular Pick', 'qualifier': '163 tickets sold for this event', 'hasValue': True, 'messageType': 'BoughtInLastHourSocialProofBased'}]",[],,,,,,,,,
13393622811,153020449,318,122911,318,2,12,_,,,,False,False,1,,False,False,[1],407,Upper,1,True,"[{'listingNoteId': -1, 'listingNoteContentId': 3338094, 'formattedListingNoteContent': 'Clear view', 'listingNoteTypeId': 3, 'showToBuyer': True, 'hideInMock': False, 'siteAddedListingNote': False, 'aisleListingNoteWithSplit': False, 'listingNoteDescriptionContentId': 3338095, 'formattedListingNoteDescription': ""You'll have an unrestricted view of the show.""}]","[{'listingNoteBucketId': 27, 'formattedListingNoteContent': 'Clear view', 'displayOrder': 8, 'showsRawNoteText': True, 'sourceListingNoteId': -1}]",703903,False,False,Row 12,False,1481759,"¥1,481,759","¥1,481,759",,,,10,Mobile Transfer ticket,3,1,USD,JPY,7380.0,USD,"https://img.vggcdn.net/img/vfsimage2/812551/407_122911/0.jpg?im=Resize=(500,271)&v=771",14 hours ago,6.7,False,False,False,False,S%2fHdMS%2bnoy3v6yhNzi8RdAmTcQ3e2Z0zHzJFJ14Xe5A%3d,False,2026-07-18T23:31:25.0400000Z,False,False,False,False,False,False,0,False,False,False,False,False,0,False,False,0,13393622811,False,49C9C63A-8C5A-4B47-8C32-FD7AF97488C6,False,False,True,3,6.697824360242823,0.8517760202,Last ticket,True,,,,,"[{'message': 'Popular Pick', 'qualifier': '163 tickets sold for this event', 'hasValue': True, 'messageType': 'BoughtInLastHourSocialProofBased'}]",[],,,,,,,,,
13393868370,153020449,Supporters Club,2439116,Supporters Club,2,12,_,,,,False,False,1,,False,False,[1],1068,Hospitality,1,True,"[{'listingNoteId': 2344, 'listingNoteContentId': 4216766, 'formattedListingNoteContent': 'Includes Offsite Hospitality', 'listingNoteTypeId': 3, 'showToBuyer': True, 'hideInMock': False, 'siteAddedListingNote': False, 'aisleListingNoteWithSplit': False, 'formattedListingNoteDescription': ''}, {'listingNoteId': -1, 'listingNoteContentId': 3338094, 'formattedListingNoteContent': 'Clear view', 'listingNoteTypeId': 3, 'showToBuyer': True, 'hideInMock': False, 'siteAddedListingNote': False, 'aisleListingNoteWithSplit': False, 'listingNoteDescriptionContentId': 3338095, 'formattedListingNoteDescription': ""You'll have an unrestricted view of the show.""}]","[{'listingNoteBucketId': 0, 'formattedListingNoteContent': 'Includes Offsite Hospitality', 'displayOrder': 30, 'showsRawNoteText': True, 'sourceListingNoteId': 2344}, {'listingNoteBucketId': 27, 'formattedListingNoteContent': 'Clear view', 'displayOrder': 8, 'showsRawNoteText': True, 'sourceListingNoteId': -1}]",4837383,False,False,Row 12,True,1491701,"¥1,491,701","¥1,491,701","¥2,843,413",48.0,"¥1,351,712",10,Mobile Transfer ticket,3,1,USD,JPY,8000.0,USD,"https://img.vggcdn.net/img/vfsimage2/812551/1068_2439116/0.jpg?im=Resize=(500,271)&v=771",13 hours ago,9.6,False,False,False,False,LdqHBcV31Cv6V7CQpn46X9g7fswC4ebowXgEkhU2Pqc%3d,False,2026-07-19T00:36:55.7370000Z,False,False,False,False,False,False,0,False,False,False,False,False,0,False,False,0,13393868370,False,43D64E8E-0B46-4D27-9629-02E3A7860153,False,False,True,5,9.646133226677028,1.577970786,,,,,,,"[{'message': 'Amazing Value', 'qualifier': 'Based on price, view, seat quality and more', 'hasValue': True, 'messageType': 'ValueBased'}, {'message': 'Popular Pick', 'qualifier': '163 tickets sold for this event', 'hasValue': True, 'messageType': 'BoughtInLastHourSocialProofBased'}]",[],,,,,,,,,
13393961293,153020449,341,122934,341,2,19,_,,,,False,False,3,,False,False,"[1, 2, 3]",407,Upper,3,True,"[{'listingNoteId': -1, 'listingNoteContentId': 3338094, 'formattedListingNoteContent': 'Clear view', 'listingNoteTypeId': 3, 'showToBuyer': True, 'hideInMock': False, 'siteAddedListingNote': False, 'aisleListingNoteWithSplit': False, 'listingNoteDescriptionContentId': 3338095, 'formattedListingNoteDescription': ""You'll have an unrestricted view of the show.""}]","[{'listingNoteBucketId': 27, 'formattedListingNoteContent': 'Clear view', 'displayOrder': 8, 'showsRawNoteText': True, 'sourceListingNoteId': -1}]",704413,False,False,Row 19,False,1492633,"¥1,492,633","¥1,492,633",,,,10,Mobile Transfer ticket,3,1,USD,JPY,0.0,USD,"https://img.vggcdn.net/img/vfsimage2/812551/407_122934/0.jpg?im=Resize=(500,271)&v=771",13 hours ago,6.0,False,False,False,False,2ZGB8VhBPg7wt%2bZTaHEq2mdFm9vqMlUoazuRmVflo%2fA%3d,False,2026-07-19T00:59:57.7370000Z,False,False,False,False,False,False,0,False,False,False,False,False,0,False,False,0,13393961293,False,CE9ED012-8430-4980-838D-4887FFF0BED2,False,False,True,3,6.040999061056686,0.7967214221,,,,,,,"[{'message': 'Popular Pick', 'qualifier': '163 tickets sold for this event', 'hasValue': True, 'messageType': 'BoughtInLastHourSocialProofBased'}]",[],,,,,,,,,
13391384257,153020449,225A,1530785,225A,2,5,21_22,,,21,False,False,1,,False,False,[1],471,Middle,1,True,"[{'listingNoteId': -1, 'listingNoteContentId': 3338094, 'formattedListingNoteContent': 'Clear view', 'listingNoteTypeId': 3, 'showToBuyer': True, 'hideInMock': False, 'siteAddedListingNote': False, 'aisleListingNoteWithSplit': False, 'listingNoteDescriptionContentId': 3338095, 'formattedListingNoteDescription': ""You'll have an unrestricted view of the show.""}]","[{'listingNoteBucketId': 27, 'formattedListingNoteContent': 'Clear view', 'displayOrder': 8, 'showsRawNoteText': True, 'sourceListingNoteId': -1}]",1593618,False,False,Row 5,False,1526789,"¥1,526,789","¥1,526,789",,,,10,Mobile Transfer ticket,3,1,USD,JPY,20000.0,USD,"https://img.vggcdn.net/img/vfsimage2/812551/471_1530785/0.jpg?im=Resize=(500,271)&v=771",23 hours ago,8.8,False,False,False,False,ILJr5PKDzg9R8ae8X6fhd9PC6TXUoLZ7Qwu7ig%2fl7AM%3d,False,2026-07-18T14:57:13.3030000Z,False,False,False,False,False,False,0,False,False,False,False,False,0,False,False,0,13391384257,False,039FDC4F-A8E6-4AF9-85CA-5B17BBAF70F8,False,False,True,5,8.821098553134341,1.245533216,Last ticket,True,,,,,"[{'message': 'Amazing Value', 'qualifier': 'Based on price, view, seat quality and more', 'hasValue': True, 'messageType': 'ValueBased'}, {'message': 'Popular Pick', 'qualifier': '163 tickets sold for this event', 'hasValue': True, 'messageType': 'BoughtInLastHourSocialProofBased'}]",[],,,,,,,,,
13321826143,153020449,335,122928,335,2,19,2_2,2,2,2,False,False,1,,False,False,[1],407,Upper,1,True,"[{'listingNoteId': -1, 'listingNoteContentId': 3338094, 'formattedListingNoteContent': 'Clear view', 'listingNoteTypeId': 3, 'showToBuyer': True, 'hideInMock': False, 'siteAddedListingNote': False, 'aisleListingNoteWithSplit': False, 'listingNoteDescriptionContentId': 3338095, 'formattedListingNoteDescription': ""You'll have an unrestricted view of the show.""}]","[{'listingNoteBucketId': 27, 'formattedListingNoteContent': 'Clear view', 'displayOrder': 8, 'showsRawNoteText': True, 'sourceListingNoteId': -1}]",704284,False,False,Row 19,False,1526789,"¥1,526,789","¥1,526,789",,,,10,Mobile Transfer ticket,3,1,USD,JPY,,USD,"https://img.vggcdn.net/img/vfsimage2/812551/407_122928/0.jpg?im=Resize=(500,271)&v=771",8 days ago,5.8,False,False,False,False,ILJr5PKDzg9R8ae8X6fhd9PC6TXUoLZ7Qwu7ig%2fl7AM%3d,False,2026-07-11T01:53:37.2930000Z,False,False,False,False,False,False,0,False,False,False,False,False,0,False,False,0,13321826143,False,3F39EF45-0C70-44E4-8084-F785ACA6474E,False,False,True,3,5.78332008217889,0.7927376135,,,,,,,"[{'message': 'Popular Pick', 'qualifier': '163 tickets sold for this event', 'hasValue': True, 'messageType': 'BoughtInLastHourSocialProofBased'}]",[],,,,,,,,,
13388293246,153020449,316,122909,316,2,25,_,,,,False,False,1,,False,False,[1],407,Upper,1,True,"[{'listingNoteId': -1, 'listingNoteContentId': 3338094, 'formattedListingNoteContent': 'Clear view', 'listingNoteTypeId': 3, 'showToBuyer': True, 'hideInMock': False, 'siteAddedListingNote': False, 'aisleListingNoteWithSplit': False, 'listingNoteDescriptionContentId': 3338095, 'formattedListingNoteDescription': ""You'll have an unrestricted view of the show.""}]","[{'listingNoteBucketId': 27, 'formattedListingNoteContent': 'Clear view', 'displayOrder': 8, 'showsRawNoteText': True, 'sourceListingNoteId': -1}]",703872,False,False,Row 25,False,1527179,"¥1,527,179","¥1,527,179","¥2,369,499",36.0,"¥842,320",10,Mobile Transfer ticket,3,1,USD,JPY,7380.0,USD,"https://img.vggcdn.net/img/vfsimage2/812551/407_122909/0.jpg?im=Resize=(500,271)&v=771",yesterday,4.0,False,False,False,False,Wx%2fh%2fYeIhlKJtPe2B4Q%2bCIG%2f6f%2f%2fKxWQENe9%2bF5kWq4%3d,False,2026-07-18T02:52:13.8900000Z,False,False,False,False,False,False,0,False,False,False,False,False,0,False,False,0,13388293246,False,3081741C-2517-4469-B24A-B46D4034CE15,False,False,True,2,4.009971881660962,0.6152066481,Last ticket,True,,,,,"[{'message': 'Popular Pick', 'qualifier': '163 tickets sold for this event', 'hasValue': True, 'messageType': 'BoughtInLastHourSocialProofBased'}]",[],,,,,,,,,
13396604271,153020449,341,122934,341,2,14,_,,,,False,False,4,,False,False,"[1, 2, 3, 4]",407,Upper,4,True,"[{'listingNoteId': -1, 'listingNoteContentId': 3338094, 'formattedListingNoteContent': 'Clear view', 'listingNoteTypeId': 3, 'showToBuyer': True, 'hideInMock': False, 'siteAddedListingNote': False, 'aisleListingNoteWithSplit': False, 'listingNoteDescriptionContentId': 3338095, 'formattedListingNoteDescription': ""You'll have an unrestricted view of the show.""}]","[{'listingNoteBucketId': 27, 'formattedListingNoteContent': 'Clear view', 'displayOrder': 8, 'showsRawNoteText': True, 'sourceListingNoteId': -1}]",704408,False,False,Row 14,False,1528547,"¥1,528,547","¥1,528,547",,,,10,Mobile Transfer ticket,3,1,USD,JPY,8340.0,USD,"https://img.vggcdn.net/img/vfsimage2/812551/407_122934/0.jpg?im=Resize=(500,271)&v=771",an hour ago,6.5,False,False,False,False,4BgFHJhIHP%2bkAR%2fqQXXsgzV%2f5ARFuGRP9Sp5wTiXrOk%3d,False,2026-07-19T12:10:41.2270000Z,False,False,False,False,False,False,0,False,False,False,False,False,0,False,False,0,13396604271,False,53B60FA6-A1A9-40DF-B24B-12784AF401B2,False,False,True,3,6.478740154938885,0.85669167,,,,,,,"[{'message': 'Popular Pick', 'qualifier': '163 tickets sold for this event', 'hasValue': True, 'messageType': 'BoughtInLastHourSocialProofBased'}]",[],,,,,,,,,
13392524277,153020449,342,122935,342,2,22,22_22,22,22,22,False,False,1,,False,False,[1],407,Upper,1,True,"[{'listingNoteId': 111, 'listingNoteContentId': 1703554, 'formattedListingNoteContent': 'Event Organiser', 'listingNoteTypeId': 5, 'showToBuyer': True, 'hideInMock': False, 'siteAddedListingNote': False, 'aisleListingNoteWithSplit': False, 'listingNoteDescriptionContentId': 1703553, 'formattedListingNoteDescription': 'the seller is an organiser of the event or a person acting on behalf of an organiser of the event'}, {'listingNoteId': -1, 'listingNoteContentId': 3338094, 'formattedListingNoteContent': 'Clear view', 'listingNoteTypeId': 3, 'showToBuyer': True, 'hideInMock': False, 'siteAddedListingNote': False, 'aisleListingNoteWithSplit': False, 'listingNoteDescriptionContentId': 3338095, 'formattedListingNoteDescription': ""You'll have an unrestricted view of the show.""}]","[{'listingNoteBucketId': 0, 'formattedListingNoteContent': 'Event Organiser', 'displayOrder': 30, 'showsRawNoteText': True, 'sourceListingNoteId': 111}, {'listingNoteBucketId': 27, 'formattedListingNoteContent': 'Clear view', 'displayOrder': 8, 'showsRawNoteText': True, 'sourceListingNoteId': -1}]",704438,False,False,Row 22,False,1544158,"¥1,544,158","¥1,544,158",,,,10,Mobile Transfer ticket,3,1,USD,JPY,1000.0,USD,"https://img.vggcdn.net/img/vfsimage2/812551/407_122935/0.jpg?im=Resize=(500,271)&v=771",18 hours ago,5.0,False,False,False,False,CZLDP30MjGpMJ4IWtmE9FAE%2feXn6YOUGniFl4Vz1nzM%3d,False,2026-07-18T19:29:20.9070000Z,False,False,False,False,False,False,0,False,False,False,False,False,0,False,False,0,13392524277,False,818D08E9-428A-4E45-9215-084AEA8D35F2,False,False,True,2,4.95391760625805,0.7329905755,,,,,,,"[{'message': 'Popular Pick', 'qualifier': '163 tickets sold for this event', 'hasValue': True, 'messageType': 'BoughtInLastHourSocialProofBased'}]",[],,,,,,,,,
13229968819,153020449,Upper,1546670,Upper,3,,_,,,,False,False,4,,False,False,"[1, 2, 3, 4]",407,Upper,6,True,"[{'listingNoteId': -1, 'listingNoteContentId': 3338094, 'formattedListingNoteContent': 'Clear view', 'listingNoteTypeId': 3, 'showToBuyer': True, 'hideInMock': False, 'siteAddedListingNote': False, 'aisleListingNoteWithSplit': False, 'listingNoteDescriptionContentId': 3338095, 'formattedListingNoteDescription': ""You'll have an unrestricted view of the show.""}]","[{'listingNoteBucketId': 27, 'formattedListingNoteContent': 'Clear view', 'displayOrder': 8, 'showsRawNoteText': True, 'sourceListingNoteId': -1}]",1641237,False,False,Row,True,1552137,"¥1,552,137","¥1,552,137","¥3,076,033",50.0,"¥1,523,896",10,Mobile Transfer ticket,3,1,EUR,JPY,3000.0,EUR,"https://img.vggcdn.net/img/vfsimage2/812551/407_1546670/0.jpg?im=Resize=(500,271)&v=771",15 days ago,0.0,False,False,True,False,PM5zJiLLcC4xE%2fTGrO92Cg0fXXz976hQ5VBUetX1mO8%3d,False,2026-07-03T14:52:38.7330000Z,False,False,False,False,False,False,0,False,False,False,False,False,0,False,False,0,13229968819,False,878CE298-ECFC-4A8F-A44F-65D4AA308399,False,False,True,0,,,Last tickets,True,,,,,"[{'message': 'Popular Pick', 'qualifier': '163 tickets sold for this event', 'hasValue': True, 'messageType': 'BoughtInLastHourSocialProofBased'}]",[],,,,,,,,,
13395744980,153020449,335,122928,335,2,18,_,,,,False,False,2,,False,False,"[1, 2]",407,Upper,2,True,"[{'listingNoteId': -1, 'listingNoteContentId': 3338094, 'formattedListingNoteContent': 'Clear view', 'listingNoteTypeId': 3, 'showToBuyer': True, 'hideInMock': False, 'siteAddedListingNote': False, 'aisleListingNoteWithSplit': False, 'listingNoteDescriptionContentId': 3338095, 'formattedListingNoteDescription': ""You'll have an unrestricted view of the show.""}]","[{'listingNoteBucketId': 27, 'formattedListingNoteContent': 'Clear view', 'displayOrder': 8, 'showsRawNoteText': True, 'sourceListingNoteId': -1}]",704283,False,False,Row 18,False,1556507,"¥1,556,507","¥1,556,507",,,,10,Mobile Transfer ticket,3,1,EUR,JPY,10990.0,EUR,"https://img.vggcdn.net/img/vfsimage2/812551/407_122928/0.jpg?im=Resize=(500,271)&v=771",5 hours ago,5.7,False,False,False,False,RtsSXeriaSQAr4J%2fTSEcMNo7lX9ygu5NhbZDzB23htU%3d,False,2026-07-19T08:07:21.9270000Z,False,False,False,False,False,False,0,False,False,False,False,False,0,False,False,0,13395744980,False,E815301E-596E-4A17-9543-50C49C5B6674,False,False,True,3,5.669274132936378,0.7985362523,,,,,,,"[{'message': 'Popular Pick', 'qualifier': '163 tickets sold for this event', 'hasValue': True, 'messageType': 'BoughtInLastHourSocialProofBased'}]",[],,,,,,,,,
13396729568,153020449,6 S51,1538805,6 S51,2,,1_1,1,1,1,False,False,1,,False,False,[1],17328,Suite Level 6 West,1,True,"[{'listingNoteId': 2250, 'listingNoteContentId': 4167698, 'formattedListingNoteContent': 'Partial Suite (Shared)', 'listingNoteTypeId': 3, 'showToBuyer': True, 'hideInMock': False, 'siteAddedListingNote': False, 'aisleListingNoteWithSplit': False, 'listingNoteDescriptionContentId': 4167699, 'formattedListingNoteDescription': 'Partial Suite (Shared)'}, {'listingNoteId': -1, 'listingNoteContentId': 3338094, 'formattedListingNoteContent': 'Clear view', 'listingNoteTypeId': 3, 'showToBuyer': True, 'hideInMock': False, 'siteAddedListingNote': False, 'aisleListingNoteWithSplit': False, 'listingNoteDescriptionContentId': 3338095, 'formattedListingNoteDescription': ""You'll have an unrestricted view of the show.""}]","[{'listingNoteBucketId': 2, 'formattedListingNoteContent': 'Suite access', 'displayOrder': 2, 'showsRawNoteText': False}, {'listingNoteBucketId': 14, 'formattedListingNoteContent': 'Aisle seat', 'displayOrder': 14, 'showsRawNoteText': True, 'sourceListingNoteId': 2024}, {'listingNoteBucketId': 27, 'formattedListingNoteContent': 'Clear view', 'displayOrder': 8, 'showsRawNoteText': True, 'sourceListingNoteId': -1}]",1614189,False,False,Row,True,1558525,"¥1,558,525","¥1,558,525","¥2,050,081",24.0,"¥491,556",10,Mobile Transfer ticket,3,1,USD,JPY,0.0,USD,"https://img.vggcdn.net/img/vfsimage2/812551/17328_1538805/0.jpg?im=Resize=(500,271)&v=771",an hour ago,9.5,False,False,False,False,IZ0qcmE84GbkyUlzaQPkC1c%2bynQqZMR5EfNdwdn%2fcFo%3d,False,2026-07-19T12:35:13.2270000Z,False,False,False,False,False,False,0,False,False,False,False,False,0,False,False,0,13396729568,False,B779E199-889E-4A2A-AC83-83B20A4C6A09,False,False,True,5,9.521802456390867,1.577970786,,,,,,,"[{'message': 'Amazing Value', 'qualifier': 'Based on price, view, seat quality and more', 'hasValue': True, 'messageType': 'ValueBased'}, {'message': 'Hidden gem', 'qualifier': ""Fans haven't spotted this one yet"", 'hasValue': True, 'messageType': 'HiddenGem'}, {'message': 'Aisle Seat', 'qualifier': 'Easy access to your seat', 'hasValue': True, 'messageType': 'AisleSeatTicketAttributeBased'}]",[2024],,,,,,,,,
13396729570,153020449,6 S51,1538805,6 S51,2,BARST,17_17,17,17,17,False,False,1,,False,False,[1],17328,Suite Level 6 West,1,True,"[{'listingNoteId': 2250, 'listingNoteContentId': 4167698, 'formattedListingNoteContent': 'Partial Suite (Shared)', 'listingNoteTypeId': 3, 'showToBuyer': True, 'hideInMock': False, 'siteAddedListingNote': False, 'aisleListingNoteWithSplit': False, 'listingNoteDescriptionContentId': 4167699, 'formattedListingNoteDescription': 'Partial Suite (Shared)'}, {'listingNoteId': -1, 'listingNoteContentId': 3338094, 'formattedListingNoteContent': 'Clear view', 'listingNoteTypeId': 3, 'showToBuyer': True, 'hideInMock': False, 'siteAddedListingNote': False, 'aisleListingNoteWithSplit': False, 'listingNoteDescriptionContentId': 3338095, 'formattedListingNoteDescription': ""You'll have an unrestricted view of the show.""}]","[{'listingNoteBucketId': 2, 'formattedListingNoteContent': 'Suite access', 'displayOrder': 2, 'showsRawNoteText': False}, {'listingNoteBucketId': 27, 'formattedListingNoteContent': 'Clear view', 'displayOrder': 8, 'showsRawNoteText': True, 'sourceListingNoteId': -1}]",1614189,False,False,Row BARST,True,1558525,"¥1,558,525","¥1,558,525","¥2,147,704",27.0,"¥589,179",10,Mobile Transfer ticket,3,1,USD,JPY,0.0,USD,"https://img.vggcdn.net/img/vfsimage2/812551/17328_1538805/0.jpg?im=Resize=(500,271)&v=771",an hour ago,9.5,False,False,False,False,IZ0qcmE84GbkyUlzaQPkC1c%2bynQqZMR5EfNdwdn%2fcFo%3d,False,2026-07-19T12:35:13.2330000Z,False,False,False,False,False,False,0,False,False,False,False,False,0,False,False,0,13396729570,False,7D083A7C-722B-4B32-B847-A871356D19A2,False,False,True,5,9.521802456390867,1.577970786,,,,,,,"[{'message': 'Amazing Value', 'qualifier': 'Based on price, view, seat quality and more', 'hasValue': True, 'messageType': 'ValueBased'}, {'message': 'Hidden gem', 'qualifier': ""Fans haven't spotted this one yet"", 'hasValue': True, 'messageType': 'HiddenGem'}]",[],,,,Hidden gem,True,817fa2c0-3b35-4dea-8299-060dc97e6166,,,
13394497386,153020449,344,122937,344,2,17,_,,,,False,False,4,,False,False,"[1, 2, 4]",407,Upper,4,True,"[{'listingNoteId': -1, 'listingNoteContentId': 3338094, 'formattedListingNoteContent': 'Clear view', 'listingNoteTypeId': 3, 'showToBuyer': True, 'hideInMock': False, 'siteAddedListingNote': False, 'aisleListingNoteWithSplit': False, 'listingNoteDescriptionContentId': 3338095, 'formattedListingNoteDescription': ""You'll have an unrestricted view of the show.""}]","[{'listingNoteBucketId': 27, 'formattedListingNoteContent': 'Clear view', 'displayOrder': 8, 'showsRawNoteText': True, 'sourceListingNoteId': -1}]",704477,False,False,Row 17,False,1560037,"¥1,560,037","¥1,560,037",,,,10,Mobile Transfer ticket,3,1,USD,JPY,7900.0,USD,"https://img.vggcdn.net/img/vfsimage2/812551/407_122937/0.jpg?im=Resize=(500,271)&v=771",10 hours ago,4.9,False,False,False,False,kr45zvk3e8P%2b4Kpmvo1Zd%2fn%2bhw3mZylQ4gmHkZwNuQ8%3d,False,2026-07-19T03:32:36.8070000Z,False,False,False,False,False,False,0,False,False,False,False,False,0,False,False,0,13394497386,False,051812F4-7928-448A-BA13-6290ACD7F662,False,False,True,2,4.854220029408157,0.7266507738,,,,,,,"[{'message': 'Popular Pick', 'qualifier': '163 tickets sold for this event', 'hasValue': True, 'messageType': 'BoughtInLastHourSocialProofBased'}]",[],,,,,,,,,
13394239640,153020449,330,122923,330,2,,_,,,,False,False,2,,False,False,"[1, 2]",407,Upper,4,True,"[{'listingNoteId': -1, 'listingNoteContentId': 3338094, 'formattedListingNoteContent': 'Clear view', 'listingNoteTypeId': 3, 'showToBuyer': True, 'hideInMock': False, 'siteAddedListingNote': False, 'aisleListingNoteWithSplit': False, 'listingNoteDescriptionContentId': 3338095, 'formattedListingNoteDescription': ""You'll have an unrestricted view of the show.""}]","[{'listingNoteBucketId': 27, 'formattedListingNoteContent': 'Clear view', 'displayOrder': 8, 'showsRawNoteText': True, 'sourceListingNoteId': -1}]",108895,False,False,Row,True,1561078,"¥1,561,078","¥1,561,078",,,,10,Mobile Transfer ticket,3,1,EUR,JPY,3000.0,EUR,"https://img.vggcdn.net/img/vfsimage2/812551/407_122923/0.jpg?im=Resize=(500,271)&v=771",11 hours ago,4.7,False,False,False,False,ih5yLaB%2bbAWOZ3W4QSWECQj5E%2f1S%2fkdNZ4R6YyFGTC8%3d,False,2026-07-19T02:20:57.2100000Z,False,False,False,False,False,False,0,False,False,False,False,False,0,False,False,0,13394239640,False,59D83E35-09FA-4D1B-ACDF-FB45D06AA3F0,False,False,True,2,4.7407036309908746,0.7121564656,,,,,,,"[{'message': 'Popular Pick', 'qualifier': '163 tickets sold for this event', 'hasValue': True, 'messageType': 'BoughtInLastHourSocialProofBased'}]",[],,,,,,,,,
13394055662,153020449,336,122929,336,2,16,18_18,18,18,18,False,False,1,,False,False,[1],407,Upper,1,True,"[{'listingNoteId': -1, 'listingNoteContentId': 3338094, 'formattedListingNoteContent': 'Clear view', 'listingNoteTypeId': 3, 'showToBuyer': True, 'hideInMock': False, 'siteAddedListingNote': False, 'aisleListingNoteWithSplit': False, 'listingNoteDescriptionContentId': 3338095, 'formattedListingNoteDescription': ""You'll have an unrestricted view of the show.""}]","[{'listingNoteBucketId': 27, 'formattedListingNoteContent': 'Clear view', 'displayOrder': 8, 'showsRawNoteText': True, 'sourceListingNoteId': -1}]",704303,False,False,Row 16,False,1578545,"¥1,578,545","¥1,578,545",,,,10,Mobile Transfer ticket,3,1,USD,JPY,0.0,USD,"https://img.vggcdn.net/img/vfsimage2/812551/407_122929/0.jpg?im=Resize=(500,271)&v=771",12 hours ago,5.2,False,False,False,False,4safJH8ahPKJwHWN5hBPTW52xst0529hHs4ZckWgW%2fk%3d,False,2026-07-19T01:27:56.2800000Z,False,False,False,False,False,False,0,False,False,False,False,False,0,False,False,0,13394055662,False,5623CDA3-D335-441A-8383-C6D62BC7B4E4,False,False,True,3,5.172704821004147,0.7689460611,Last ticket,True,,,,,"[{'message': 'Popular Pick', 'qualifier': '163 tickets sold for this event', 'hasValue': True, 'messageType': 'BoughtInLastHourSocialProofBased'}]",[],,,,,,,,,
13396505991,153020449,304,122897,304,2,5,2_2,2,2,2,False,False,1,,False,False,[1],407,Upper,1,True,"[{'listingNoteId': 811, 'listingNoteContentId': 2446054, 'formattedListingNoteContent': 'Actual 1st row of the section', 'listingNoteTypeId': 3, 'showToBuyer': True, 'hideInMock': False, 'siteAddedListingNote': False, 'aisleListingNoteWithSplit': False, 'listingNoteDescriptionContentId': 2446055, 'formattedListingNoteDescription': 'Actual 1st row of the section'}, {'listingNoteId': -1, 'listingNoteContentId': 3338094, 'formattedListingNoteContent': 'Clear view', 'listingNoteTypeId': 3, 'showToBuyer': True, 'hideInMock': False, 'siteAddedListingNote': False, 'aisleListingNoteWithSplit': False, 'listingNoteDescriptionContentId': 3338095, 'formattedListingNoteDescription': ""You'll have an unrestricted view of the show.""}]","[{'listingNoteBucketId': 0, 'formattedListingNoteContent': 'Actual 1st row of the section', 'displayOrder': 30, 'showsRawNoteText': True, 'sourceListingNoteId': 811}, {'listingNoteBucketId': 27, 'formattedListingNoteContent': 'Clear view', 'displayOrder': 8, 'showsRawNoteText': True, 'sourceListingNoteId': -1}]",2113658,False,False,Row 5,False,1578720,"¥1,578,720","¥1,578,720",,,,10,Mobile Transfer ticket,3,1,USD,JPY,,USD,"https://img.vggcdn.net/img/vfsimage2/812551/407_122897/0.jpg?im=Resize=(500,271)&v=771",2 hours ago,5.5,False,False,False,False,%2bNhLNSdqeqqNUTlUPmx3HW5NKhKDHLxPuAri3biSdaU%3d,False,2026-07-19T11:49:28.8900000Z,False,False,False,False,False,False,0,False,False,False,False,False,0,False,False,0,13396505991,False,04BE1F19-28AF-4658-936B-263A6412502F,False,False,True,3,5.50159699374,0.7951665512,,,,,,,"[{'message': 'Popular Pick', 'qualifier': '163 tickets sold for this event', 'hasValue': True, 'messageType': 'BoughtInLastHourSocialProofBased'}, {'message': 'Front Row', 'qualifier': 'Best seats in the house', 'hasValue': True, 'messageType': 'FirstRowTicketAttributeBased'}]",[811],,,,,,,,,
13396879954,153020449,104,122784,104,2,43,_,,,,False,False,2,,False,False,"[1, 2]",594,Lower,2,True,"[{'listingNoteId': -1, 'listingNoteContentId': 3338094, 'formattedListingNoteContent': 'Clear view', 'listingNoteTypeId': 3, 'showToBuyer': True, 'hideInMock': False, 'siteAddedListingNote': False, 'aisleListingNoteWithSplit': False, 'listingNoteDescriptionContentId': 3338095, 'formattedListingNoteDescription': ""You'll have an unrestricted view of the show.""}]","[{'listingNoteBucketId': 27, 'formattedListingNoteContent': 'Clear view', 'displayOrder': 8, 'showsRawNoteText': True, 'sourceListingNoteId': -1}]",2112196,False,False,Row 43,False,1584617,"¥1,584,617","¥1,584,617",,,,10,Mobile Transfer ticket,3,1,USD,JPY,0.0,USD,"https://img.vggcdn.net/img/vfsimage2/812551/594_122784/0.jpg?im=Resize=(500,271)&v=771",an hour ago,7.5,False,False,False,False,SMKANSG%2feF2oGIFsjvODYshZnX7UKWfH%2ffO1SEHJ%2fA8%3d,False,2026-07-19T12:55:03.0630000Z,False,False,False,False,False,False,0,False,False,False,False,False,0,False,False,0,13396879954,False,DF5A6433-DA14-46DB-A40E-EFE1D87317A4,False,False,True,4,7.506393356433102,1.014912943,,,,,,,"[{'message': 'Great Value', 'qualifier': 'Based on price, view, seat quality and more', 'hasValue': True, 'messageType': 'ValueBased'}, {'message': 'Popular Pick', 'qualifier': '163 tickets sold for this event', 'hasValue': True, 'messageType': 'BoughtInLastHourSocialProofBased'}]",[],,,,,,,,,
13394136835,153020449,327,122920,327,2,,_,,,,False,False,1,,False,False,[1],407,Upper,1,True,"[{'listingNoteId': -1, 'listingNoteContentId': 3338094, 'formattedListingNoteContent': 'Clear view', 'listingNoteTypeId': 3, 'showToBuyer': True, 'hideInMock': False, 'siteAddedListingNote': False, 'aisleListingNoteWithSplit': False, 'listingNoteDescriptionContentId': 3338095, 'formattedListingNoteDescription': ""You'll have an unrestricted view of the show.""}]","[{'listingNoteBucketId': 27, 'formattedListingNoteContent': 'Clear view', 'displayOrder': 8, 'showsRawNoteText': True, 'sourceListingNoteId': -1}]",108892,False,False,Row,True,1592625,"¥1,592,625","¥1,592,625",,,,10,Mobile Transfer ticket,3,1,EUR,JPY,3450.0,EUR,"https://img.vggcdn.net/img/vfsimage2/812551/407_122920/0.jpg?im=Resize=(500,271)&v=771",12 hours ago,4.8,False,False,False,False,XIx11qEyOe2yXMHEv2nM%2bu%2f0bIH3se%2fyeATVUm2JpaA%3d,False,2026-07-19T01:53:40.9400000Z,False,False,False,False,False,False,0,False,False,False,False,False,0,False,False,0,13394136835,False,DFA27834-1D32-4574-A02F-35163229A9EB,False,False,True,2,4.756391881941485,0.728627025,Last ticket,True,,,,,"[{'message': 'Popular Pick', 'qualifier': '163 tickets sold for this event', 'hasValue': True, 'messageType': 'BoughtInLastHourSocialProofBased'}]",[],Fan favorite,This section is in the top 10% of sections for this event when ranked based on a count of successful sales over the past 7 days on our site,True,,,,,,
13393295027,153020449,330,122923,330,2,13,100_101,,,100,False,False,2,,False,False,"[1, 2]",407,Upper,2,True,"[{'listingNoteId': -1, 'listingNoteContentId': 3338094, 'formattedListingNoteContent': 'Clear view', 'listingNoteTypeId': 3, 'showToBuyer': True, 'hideInMock': False, 'siteAddedListingNote': False, 'aisleListingNoteWithSplit': False, 'listingNoteDescriptionContentId': 3338095, 'formattedListingNoteDescription': ""You'll have an unrestricted view of the show.""}]","[{'listingNoteBucketId': 27, 'formattedListingNoteContent': 'Clear view', 'displayOrder': 8, 'showsRawNoteText': True, 'sourceListingNoteId': -1}]",2113908,False,False,Row 13,False,1592838,"¥1,592,838","¥1,592,838",,,,10,Mobile Transfer ticket,3,1,AED,JPY,400.0,AED,"https://img.vggcdn.net/img/vfsimage2/812551/407_122923/0.jpg?im=Resize=(500,271)&v=771",15 hours ago,5.8,False,False,False,False,BF6Ub8mFT6LbcRzN62%2bqgo3GQ19l9ePw2pKHtlk3B38%3d,False,2026-07-18T22:37:00.6530000Z,False,False,False,False,False,False,0,False,False,False,False,False,0,False,False,0,13393295027,False,6E775139-5D51-4439-B45A-3821578BBA50,False,False,True,3,5.829283463436204,0.8303966184,,,,,,,"[{'message': 'Popular Pick', 'qualifier': '163 tickets sold for this event', 'hasValue': True, 'messageType': 'BoughtInLastHourSocialProofBased'}]",[],,,,,,,,,
13394485896,153020449,342,122935,342,2,15,_,,,,False,False,4,,False,False,"[1, 2, 3, 4]",407,Upper,4,True,"[{'listingNoteId': -1, 'listingNoteContentId': 3338094, 'formattedListingNoteContent': 'Clear view', 'listingNoteTypeId': 3, 'showToBuyer': True, 'hideInMock': False, 'siteAddedListingNote': False, 'aisleListingNoteWithSplit': False, 'listingNoteDescriptionContentId': 3338095, 'formattedListingNoteDescription': ""You'll have an unrestricted view of the show.""}]","[{'listingNoteBucketId': 27, 'formattedListingNoteContent': 'Clear view', 'displayOrder': 8, 'showsRawNoteText': True, 'sourceListingNoteId': -1}]",704431,False,False,Row 15,False,1594838,"¥1,594,838","¥1,594,838",,,,10,Mobile Transfer ticket,3,1,USD,JPY,0.0,USD,"https://img.vggcdn.net/img/vfsimage2/812551/407_122935/0.jpg?im=Resize=(500,271)&v=771",10 hours ago,5.5,False,False,False,False,8y%2bxyDVa4wPlKr8wvJ0M91wFHfK9uRnOjSsNM3HZglI%3d,False,2026-07-19T03:27:41.2970000Z,False,False,False,False,False,False,0,False,False,False,False,False,0,False,False,0,13394485896,False,A4815732-DCDD-4171-9ACD-D4B8483390B1,False,False,True,3,5.4583861068889785,0.7997160059,,,,,,,"[{'message': 'Popular Pick', 'qualifier': '163 tickets sold for this event', 'hasValue': True, 'messageType': 'BoughtInLastHourSocialProofBased'}]",[],,,,,,,,,
13393267849,153020449,341,122934,341,2,5,14_17,,,14,False,False,4,,False,False,"[1, 2, 4]",407,Upper,4,True,"[{'listingNoteId': -1, 'listingNoteContentId': 3338094, 'formattedListingNoteContent': 'Clear view', 'listingNoteTypeId': 3, 'showToBuyer': True, 'hideInMock': False, 'siteAddedListingNote': False, 'aisleListingNoteWithSplit': False, 'listingNoteDescriptionContentId': 3338095, 'formattedListingNoteDescription': ""You'll have an unrestricted view of the show.""}]","[{'listingNoteBucketId': 27, 'formattedListingNoteContent': 'Clear view', 'displayOrder': 8, 'showsRawNoteText': True, 'sourceListingNoteId': -1}]",704399,False,False,Row 5,False,1619562,"¥1,619,562","¥1,619,562","¥2,094,292",23.0,"¥474,730",10,Mobile Transfer ticket,3,1,USD,JPY,0.0,USD,"https://img.vggcdn.net/img/vfsimage2/812551/407_122934/0.jpg?im=Resize=(500,271)&v=771",15 hours ago,7.1,False,False,False,False,0aK7j1LrqeFEsig6UBZZTQJdkZpU2Z5URnf77f6tL%2b8%3d,False,2026-07-18T22:32:17.9230000Z,False,False,False,False,False,False,0,False,False,False,False,False,0,False,False,0,13393267849,False,E68711E7-CA38-4C9E-B09D-E3554AFD181D,False,False,True,4,7.0718150492844565,0.9756163799,,,,,,,"[{'message': 'Great Value', 'qualifier': 'Based on price, view, seat quality and more', 'hasValue': True, 'messageType': 'ValueBased'}, {'message': 'Popular Pick', 'qualifier': '163 tickets sold for this event', 'hasValue': True, 'messageType': 'BoughtInLastHourSocialProofBased'}]",[],,,,,,,,,
13388064315,153020449,314,122907,314,2,8,1_1,1,1,1,False,False,1,,False,False,[1],407,Upper,1,True,"[{'listingNoteId': 814, 'listingNoteContentId': 2446060, 'formattedListingNoteContent': 'Limited or Obstructed View (printed on ticket)', 'listingNoteTypeId': 1, 'showToBuyer': True, 'hideInMock': False, 'siteAddedListingNote': False, 'aisleListingNoteWithSplit': False, 'listingNoteDescriptionContentId': 2446061, 'formattedListingNoteDescription': 'Limited or Obstructed View (printed on ticket)'}]","[{'listingNoteBucketId': 21, 'formattedListingNoteContent': 'Limited view', 'displayOrder': 21, 'showsRawNoteText': False}]",703811,False,False,Row 8,False,1627003,"¥1,627,003","¥1,627,003","¥2,059,570",21.0,"¥432,567",10,Mobile Transfer ticket,3,1,EUR,JPY,7300.0,EUR,"https://img.vggcdn.net/img/vfsimage2/812551/407_122907/0.jpg?im=Resize=(500,271)&v=771",yesterday,8.0,False,False,False,False,LHqCmsOwLNF7pUD1sWUeTIfGTS7ceS2KkeYAviIVN2w%3d,False,2026-07-18T01:53:41.0600000Z,False,False,False,False,False,False,0,False,False,False,False,False,0,False,False,0,13388064315,False,60F03325-C32D-48CC-BCC9-EE98BC511233,False,False,True,4,7.954052116060844,1.114665508,,,,,,,"[{'message': 'Great Value', 'qualifier': 'Based on price, view, seat quality and more', 'hasValue': True, 'messageType': 'ValueBased'}, {'message': 'Popular Pick', 'qualifier': '163 tickets sold for this event', 'hasValue': True, 'messageType': 'BoughtInLastHourSocialProofBased'}]",[],,,,,,,,,
13388079601,153020449,Supporters Club,2439116,Supporters Club,2,11,_,,,,False,False,2,,False,False,"[1, 2]",1068,Hospitality,2,True,"[{'listingNoteId': 165, 'listingNoteContentId': 2444685, 'formattedListingNoteContent': 'Preferred Seating', 'listingNoteTypeId': 3, 'showToBuyer': True, 'hideInMock': False, 'siteAddedListingNote': False, 'aisleListingNoteWithSplit': False, 'listingNoteDescriptionContentId': 2444686, 'formattedListingNoteDescription': 'Preferred Seating'}, {'listingNoteId': -1, 'listingNoteContentId': 3338094, 'formattedListingNoteContent': 'Clear view', 'listingNoteTypeId': 3, 'showToBuyer': True, 'hideInMock': False, 'siteAddedListingNote': False, 'aisleListingNoteWithSplit': False, 'listingNoteDescriptionContentId': 3338095, 'formattedListingNoteDescription': ""You'll have an unrestricted view of the show.""}]","[{'listingNoteBucketId': 11, 'formattedListingNoteContent': 'Preferred Seating', 'displayOrder': 11, 'showsRawNoteText': True, 'sourceListingNoteId': 165}, {'listingNoteBucketId': 27, 'formattedListingNoteContent': 'Clear view', 'displayOrder': 8, 'showsRawNoteText': True, 'sourceListingNoteId': -1}]",4837383,False,False,Row 11,True,1652912,"¥1,652,912","¥1,652,912","¥2,274,684",27.0,"¥621,772",10,Mobile Transfer ticket,3,14,USD,JPY,8233.73,USD,"https://img.vggcdn.net/img/vfsimage2/812551/1068_2439116/0.jpg?im=Resize=(500,271)&v=771",yesterday,9.3,False,False,False,False,EbuHQE86w5yltK47SZgt%2ffOMjoK7t6TQOcnAM4Fc9tI%3d,False,2026-07-18T01:57:25.6000000Z,False,False,False,False,False,False,0,False,False,False,False,False,0,False,False,0,13388079601,False,9F1F6493-8991-4B61-8118-E9FBEF16C184,False,False,True,5,9.345904890861277,1.577970786,,,,,,,"[{'message': 'Amazing Value', 'qualifier': 'Based on price, view, seat quality and more', 'hasValue': True, 'messageType': 'ValueBased'}, {'message': 'Popular Pick', 'qualifier': '163 tickets sold for this event', 'hasValue': True, 'messageType': 'BoughtInLastHourSocialProofBased'}]",[],,,,,,,,,
13391083807,153020449,231A,1530792,231A,2,2,16_19,,,16,False,False,4,,False,False,"[1, 2, 4]",471,Middle,4,True,"[{'listingNoteId': 2026, 'listingNoteContentId': 3415844, 'formattedListingNoteContent': 'Second Row of Section', 'listingNoteTypeId': 6, 'showToBuyer': True, 'hideInMock': False, 'siteAddedListingNote': False, 'aisleListingNoteWithSplit': False, 'listingNoteDescriptionContentId': 3415844, 'formattedListingNoteDescription': 'Second Row of Section'}, {'listingNoteId': -1, 'listingNoteContentId': 3338094, 'formattedListingNoteContent': 'Clear view', 'listingNoteTypeId': 3, 'showToBuyer': True, 'hideInMock': False, 'siteAddedListingNote': False, 'aisleListingNoteWithSplit': False, 'listingNoteDescriptionContentId': 3338095, 'formattedListingNoteDescription': ""You'll have an unrestricted view of the show.""}]","[{'listingNoteBucketId': 14, 'formattedListingNoteContent': 'Second Row of Section', 'displayOrder': 14, 'showsRawNoteText': True, 'sourceListingNoteId': 2026}, {'listingNoteBucketId': 27, 'formattedListingNoteContent': 'Clear view', 'displayOrder': 8, 'showsRawNoteText': True, 'sourceListingNoteId': -1}]",1593666,False,False,Row 2,False,1657396,"¥1,657,396","¥1,657,396","¥2,812,105",41.0,"¥1,154,709",10,Mobile Transfer ticket,3,1,USD,JPY,10000.0,USD,"https://img.vggcdn.net/img/vfsimage2/812551/471_1530792/0.jpg?im=Resize=(500,271)&v=771",yesterday,8.8,False,False,False,False,6Ooyw2mDQ0iEGj%2ba2IebTTCzzh3fd8VsuQPf1n9XZJI%3d,False,2026-07-18T13:54:48.0930000Z,False,False,False,False,False,False,0,False,False,False,False,False,0,False,False,0,13391083807,False,91C4C157-5BA8-4366-B202-0C5C2FDA285B,False,False,True,5,8.765103575720596,1.331183615,Last tickets,True,,,,,"[{'message': 'Amazing Value', 'qualifier': 'Based on price, view, seat quality and more', 'hasValue': True, 'messageType': 'ValueBased'}, {'message': 'Popular Pick', 'qualifier': '163 tickets sold for this event', 'hasValue': True, 'messageType': 'BoughtInLastHourSocialProofBased'}, {'message': 'Second Row', 'qualifier': 'Premium close-up view', 'hasValue': True, 'messageType': 'SecondRowTicketAttributeBased'}]",[2026],,,,,,,,,
13397083038,153020449,103,122783,103,2,32,18_20,,,18,False,False,3,,False,False,"[1, 3]",594,Lower,3,True,"[{'listingNoteId': -1, 'listingNoteContentId': 3338094, 'formattedListingNoteContent': 'Clear view', 'listingNoteTypeId': 3, 'showToBuyer': True, 'hideInMock': False, 'siteAddedListingNote': False, 'aisleListingNoteWithSplit': False, 'listingNoteDescriptionContentId': 3338095, 'formattedListingNoteDescription': ""You'll have an unrestricted view of the show.""}]","[{'listingNoteBucketId': 27, 'formattedListingNoteContent': 'Clear view', 'displayOrder': 8, 'showsRawNoteText': True, 'sourceListingNoteId': -1}]",2112135,False,False,Row 32,False,1659053,"¥1,659,053","¥1,659,053",,,,10,Mobile Transfer ticket,3,1,USD,JPY,0.0,USD,"https://img.vggcdn.net/img/vfsimage2/812551/594_122783/0.jpg?im=Resize=(500,271)&v=771",47 minutes ago,7.6,False,False,False,False,7uW2%2fgwlwDN4CGPr%2b5bfKLi1mh39M9RPwh0HTHCwPOE%3d,False,2026-07-19T13:13:32.9600000Z,False,False,False,False,False,False,0,False,False,False,False,False,0,False,False,0,13397083038,False,95DE9E4C-34FB-4C1C-83CD-90CEEF29FCD0,False,False,True,4,7.556391348918939,1.070387178,,,,,,,"[{'message': 'Great Value', 'qualifier': 'Based on price, view, seat quality and more', 'hasValue': True, 'messageType': 'ValueBased'}, {'message': 'Popular Pick', 'qualifier': '163 tickets sold for this event', 'hasValue': True, 'messageType': 'BoughtInLastHourSocialProofBased'}]",[],Fan favorite,This section is in the top 10% of sections for this event when ranked based on a count of successful sales over the past 7 days on our site,True,,,,,,
13396712303,153020449,227A,1530787,227A,2,10,5_5,5,5,5,False,False,1,,False,False,[1],471,Middle,1,True,"[{'listingNoteId': -1, 'listingNoteContentId': 3338094, 'formattedListingNoteContent': 'Clear view', 'listingNoteTypeId': 3, 'showToBuyer': True, 'hideInMock': False, 'siteAddedListingNote': False, 'aisleListingNoteWithSplit': False, 'listingNoteDescriptionContentId': 3338095, 'formattedListingNoteDescription': ""You'll have an unrestricted view of the show.""}]","[{'listingNoteBucketId': 27, 'formattedListingNoteContent': 'Clear view', 'displayOrder': 8, 'showsRawNoteText': True, 'sourceListingNoteId': -1}]",1593624,False,False,Row 10,False,1667143,"¥1,667,143","¥1,667,143",,,,10,Mobile Transfer ticket,3,1,USD,JPY,,USD,"https://img.vggcdn.net/img/vfsimage2/812551/471_1530787/0.jpg?im=Resize=(500,271)&v=771",an hour ago,8.1,False,False,False,False,oLL2OxkHRIPD37ZnryBHRl%2fhfkXTqeL9mCQ5eYRyzxk%3d,False,2026-07-19T12:32:16.7570000Z,False,False,False,False,False,False,0,False,False,False,False,False,0,False,False,0,13396712303,False,DABFB979-13FB-41C5-A447-8076C363CA9B,False,False,True,4,8.071769804074702,1.163487061,Last ticket,True,,,,,"[{'message': 'Great Value', 'qualifier': 'Based on price, view, seat quality and more', 'hasValue': True, 'messageType': 'ValueBased'}, {'message': 'Popular Pick', 'qualifier': '163 tickets sold for this event', 'hasValue': True, 'messageType': 'BoughtInLastHourSocialProofBased'}]",[],,,,,,,,,
13396946192,153020449,228A,1530789,228A,2,3,_,,,,False,False,3,,False,False,"[1, 3]",471,Middle,3,True,"[{'listingNoteId': 2027, 'listingNoteContentId': 3415845, 'formattedListingNoteContent': 'Third Row of Section', 'listingNoteTypeId': 6, 'showToBuyer': True, 'hideInMock': False, 'siteAddedListingNote': False, 'aisleListingNoteWithSplit': False, 'listingNoteDescriptionContentId': 3415845, 'formattedListingNoteDescription': 'Third Row of Section'}, {'listingNoteId': -1, 'listingNoteContentId': 3338094, 'formattedListingNoteContent': 'Clear view', 'listingNoteTypeId': 3, 'showToBuyer': True, 'hideInMock': False, 'siteAddedListingNote': False, 'aisleListingNoteWithSplit': False, 'listingNoteDescriptionContentId': 3338095, 'formattedListingNoteDescription': ""You'll have an unrestricted view of the show.""}]","[{'listingNoteBucketId': 14, 'formattedListingNoteContent': 'Third Row of Section', 'displayOrder': 14, 'showsRawNoteText': True, 'sourceListingNoteId': 2027}, {'listingNoteBucketId': 27, 'formattedListingNoteContent': 'Clear view', 'displayOrder': 8, 'showsRawNoteText': True, 'sourceListingNoteId': -1}]",1593643,False,False,Row 3,False,1730090,"¥1,730,090","¥1,730,090",,,,10,Mobile Transfer ticket,3,1,USD,JPY,7380.0,USD,"https://img.vggcdn.net/img/vfsimage2/812551/471_1530789/0.jpg?im=Resize=(500,271)&v=771",an hour ago,8.5,False,False,False,False,iounKY3CNAyvU7nXPs%2bzOd99ZgE4iGmdoEAwNTBVBTE%3d,False,2026-07-19T13:00:39.4000000Z,False,False,False,False,False,False,0,False,False,False,False,False,0,False,False,0,13396946192,False,1AD301C8-F958-4C9C-AF0D-EBC038F45EEE,False,False,True,4,8.484826975908137,1.292034226,Last tickets,True,,,,,"[{'message': 'Great Value', 'qualifier': 'Based on price, view, seat quality and more', 'hasValue': True, 'messageType': 'ValueBased'}, {'message': 'Hidden gem', 'qualifier': ""Fans haven't spotted this one yet"", 'hasValue': True, 'messageType': 'HiddenGem'}, {'message': 'Third Row', 'qualifier': 'Excellent proximity to the action', 'hasValue': True, 'messageType': 'ThirdRowTicketAttributeBased'}]",[2027],,,,,,,,,
13394352363,153020449,305,122898,305,2,8,_,,,,False,False,2,,False,False,"[1, 2]",407,Upper,2,True,"[{'listingNoteId': -1, 'listingNoteContentId': 3338094, 'formattedListingNoteContent': 'Clear view', 'listingNoteTypeId': 3, 'showToBuyer': True, 'hideInMock': False, 'siteAddedListingNote': False, 'aisleListingNoteWithSplit': False, 'listingNoteDescriptionContentId': 3338095, 'formattedListingNoteDescription': ""You'll have an unrestricted view of the show.""}]","[{'listingNoteBucketId': 27, 'formattedListingNoteContent': 'Clear view', 'displayOrder': 8, 'showsRawNoteText': True, 'sourceListingNoteId': -1}]",2113683,False,False,Row 8,False,1733782,"¥1,733,782","¥1,733,782",,,,10,Mobile Transfer ticket,3,1,EUR,JPY,5575.0,EUR,"https://img.vggcdn.net/img/vfsimage2/812551/407_122898/0.jpg?im=Resize=(500,271)&v=771",11 hours ago,4.5,False,False,False,False,gYltSOwqVe%2fmfDxbsBM0Dy4qfcRJYYCxNYgzG6HSEVM%3d,False,2026-07-19T02:52:26.9000000Z,False,False,False,False,False,False,0,False,False,False,False,False,0,False,False,0,13394352363,False,D9402871-CD0E-450D-A1C9-46FEDDA051E1,False,False,True,2,4.508513756913658,0.7589851467,,,,,,,"[{'message': 'Popular Pick', 'qualifier': '163 tickets sold for this event', 'hasValue': True, 'messageType': 'BoughtInLastHourSocialProofBased'}]",[],,,,,,,,,
13387943647,153020449,124,122796,124,2,11,7_7,7,7,7,False,False,1,,False,False,[1],594,Lower,1,True,"[{'listingNoteId': -1, 'listingNoteContentId': 3338094, 'formattedListingNoteContent': 'Clear view', 'listingNoteTypeId': 3, 'showToBuyer': True, 'hideInMock': False, 'siteAddedListingNote': False, 'aisleListingNoteWithSplit': False, 'listingNoteDescriptionContentId': 3338095, 'formattedListingNoteDescription': ""You'll have an unrestricted view of the show.""}]","[{'listingNoteBucketId': 27, 'formattedListingNoteContent': 'Clear view', 'displayOrder': 8, 'showsRawNoteText': True, 'sourceListingNoteId': -1}]",2112718,False,False,Row 11,False,1735214,"¥1,735,214","¥1,735,214",,,,10,Mobile Transfer ticket,3,1,USD,JPY,10990.0,USD,"https://img.vggcdn.net/img/vfsimage2/812551/594_122796/0.jpg?im=Resize=(500,271)&v=771",yesterday,8.9,False,False,False,False,K0AxH4rxjSUCe76yUJWuHVoC5k3W0xg9FTpVOLyxJuY%3d,False,2026-07-18T01:27:53.5500000Z,False,False,False,False,False,False,0,False,False,False,False,False,0,False,False,0,13387943647,False,C61BB4BE-F942-4600-A470-0C18E11814DA,False,False,True,5,8.918842905414895,1.454807154,,,,,,,"[{'message': 'Amazing Value', 'qualifier': 'Based on price, view, seat quality and more', 'hasValue': True, 'messageType': 'ValueBased'}, {'message': 'Popular Pick', 'qualifier': '163 tickets sold for this event', 'hasValue': True, 'messageType': 'BoughtInLastHourSocialProofBased'}]",[],Fan favorite,This section is in the top 10% of sections for this event when ranked based on a count of successful sales over the past 7 days on our site,True,,,,,,
13392541367,153020449,101,122782,101,2,39,20_20,20,20,20,False,False,1,,False,False,[1],594,Lower,1,True,"[{'listingNoteId': 111, 'listingNoteContentId': 1703554, 'formattedListingNoteContent': 'Event Organiser', 'listingNoteTypeId': 5, 'showToBuyer': True, 'hideInMock': False, 'siteAddedListingNote': False, 'aisleListingNoteWithSplit': False, 'listingNoteDescriptionContentId': 1703553, 'formattedListingNoteDescription': 'the seller is an organiser of the event or a person acting on behalf of an organiser of the event'}, {'listingNoteId': -1, 'listingNoteContentId': 3338094, 'formattedListingNoteContent': 'Clear view', 'listingNoteTypeId': 3, 'showToBuyer': True, 'hideInMock': False, 'siteAddedListingNote': False, 'aisleListingNoteWithSplit': False, 'listingNoteDescriptionContentId': 3338095, 'formattedListingNoteDescription': ""You'll have an unrestricted view of the show.""}]","[{'listingNoteBucketId': 0, 'formattedListingNoteContent': 'Event Organiser', 'displayOrder': 30, 'showsRawNoteText': True, 'sourceListingNoteId': 111}, {'listingNoteBucketId': 27, 'formattedListingNoteContent': 'Clear view', 'displayOrder': 8, 'showsRawNoteText': True, 'sourceListingNoteId': -1}]",2112095,False,False,Row 39,False,1754688,"¥1,754,688","¥1,754,688","¥2,236,747",22.0,"¥482,059",10,Mobile Transfer ticket,3,1,USD,JPY,10000.0,USD,"https://img.vggcdn.net/img/vfsimage2/812551/594_122782/0.jpg?im=Resize=(500,271)&v=771",18 hours ago,6.8,False,False,False,False,c6NyoZcS%2bwdjwhWvDfjQvQG8LkxnEjY9g47Fep2PLgQ%3d,False,2026-07-18T19:35:09.9130000Z,False,False,False,False,False,False,0,False,False,False,False,False,0,False,False,0,13392541367,False,CE309999-1730-4737-A133-EB0CDF3E90BC,False,False,True,3,6.770293267556229,1.017167991,,,,,,,"[{'message': 'Popular Pick', 'qualifier': '163 tickets sold for this event', 'hasValue': True, 'messageType': 'BoughtInLastHourSocialProofBased'}]",[],Fan favorite,This section is in the top 10% of sections for this event when ranked based on a count of successful sales over the past 7 days on our site,True,,,,,,
13397475418,153020449,126,122797,126,2,1,15_15,15,15,15,False,False,1,,False,False,[1],594,Lower,1,True,"[{'listingNoteId': 2025, 'listingNoteContentId': 3415843, 'formattedListingNoteContent': 'Front Row of Section', 'listingNoteTypeId': 6, 'showToBuyer': True, 'hideInMock': False, 'siteAddedListingNote': False, 'aisleListingNoteWithSplit': False, 'listingNoteDescriptionContentId': 3415843, 'formattedListingNoteDescription': 'Front Row of Section'}, {'listingNoteId': -1, 'listingNoteContentId': 3338094, 'formattedListingNoteContent': 'Clear view', 'listingNoteTypeId': 3, 'showToBuyer': True, 'hideInMock': False, 'siteAddedListingNote': False, 'aisleListingNoteWithSplit': False, 'listingNoteDescriptionContentId': 3338095, 'formattedListingNoteDescription': ""You'll have an unrestricted view of the show.""}]","[{'listingNoteBucketId': 14, 'formattedListingNoteContent': 'Front Row of Section', 'displayOrder': 14, 'showsRawNoteText': True, 'sourceListingNoteId': 2025}, {'listingNoteBucketId': 27, 'formattedListingNoteContent': 'Clear view', 'displayOrder': 8, 'showsRawNoteText': True, 'sourceListingNoteId': -1}]",2112765,False,False,Row 1,False,1754864,"¥1,754,864","¥1,754,864",,,,10,Mobile Transfer ticket,3,1,USD,JPY,,USD,"https://img.vggcdn.net/img/vfsimage2/812551/594_122797/0.jpg?im=Resize=(500,271)&v=771",9 minutes ago,9.6,False,False,False,False,I4W4RcSUSJ3%2fmuvQEXJkuzE1BlPdJzXjYpMR%2fXqFll4%3d,False,2026-07-19T13:51:54.1530000Z,False,False,False,False,False,False,0,False,False,False,False,False,0,False,False,0,13397475418,False,1399D40C-DF3F-440D-B49F-BE3253350A8D,False,False,True,5,9.648372280235092,1.857932163,Last ticket,True,,,,,"[{'message': 'Amazing Value', 'qualifier': 'Based on price, view, seat quality and more', 'hasValue': True, 'messageType': 'ValueBased'}, {'message': 'Popular Pick', 'qualifier': '163 tickets sold for this event', 'hasValue': True, 'messageType': 'BoughtInLastHourSocialProofBased'}, {'message': 'Front Row', 'qualifier': 'Best seats in the house', 'hasValue': True, 'messageType': 'FirstRowTicketAttributeBased'}]",[2025],Fan favorite,This section is in the top 10% of sections for this event when ranked based on a count of successful sales over the past 7 days on our site,True,,,,,,
13364270996,153020449,347,122940,347,2,23,4_4,,,4,False,False,1,,False,False,[1],407,Upper,1,True,"[{'listingNoteId': -1, 'listingNoteContentId': 3338094, 'formattedListingNoteContent': 'Clear view', 'listingNoteTypeId': 3, 'showToBuyer': True, 'hideInMock': False, 'siteAddedListingNote': False, 'aisleListingNoteWithSplit': False, 'listingNoteDescriptionContentId': 3338095, 'formattedListingNoteDescription': ""You'll have an unrestricted view of the show.""}]","[{'listingNoteBucketId': 27, 'formattedListingNoteContent': 'Clear view', 'displayOrder': 8, 'showsRawNoteText': True, 'sourceListingNoteId': -1}]",2113983,False,False,Row 23,False,1764183,"¥1,764,183","¥1,764,183",,,,10,Mobile Transfer ticket,3,1,EUR,JPY,9500.0,EUR,"https://img.vggcdn.net/img/vfsimage2/812551/407_122940/0.jpg?im=Resize=(500,271)&v=771",3 days ago,4.1,False,False,False,False,etHI2wB3bx11eglg%2bQJdsF4ad34XG4KlT5ccZEesUyc%3d,False,2026-07-15T21:35:44.7570000Z,False,False,False,False,False,False,0,False,False,False,False,False,0,False,False,0,13364270996,False,F66EB731-A092-4543-A0E6-462C81373E5C,False,False,True,2,4.100958619124555,0.7212313989,,,,,,,"[{'message': 'Popular Pick', 'qualifier': '163 tickets sold for this event', 'hasValue': True, 'messageType': 'BoughtInLastHourSocialProofBased'}]",[],,,,,,,,,
13386736150,153020449,104,122784,104,2,26,_,,,,False,False,1,,False,False,[1],594,Lower,1,True,"[{'listingNoteId': -1, 'listingNoteContentId': 3338094, 'formattedListingNoteContent': 'Clear view', 'listingNoteTypeId': 3, 'showToBuyer': True, 'hideInMock': False, 'siteAddedListingNote': False, 'aisleListingNoteWithSplit': False, 'listingNoteDescriptionContentId': 3338095, 'formattedListingNoteDescription': ""You'll have an unrestricted view of the show.""}]","[{'listingNoteBucketId': 27, 'formattedListingNoteContent': 'Clear view', 'displayOrder': 8, 'showsRawNoteText': True, 'sourceListingNoteId': -1}]",2112177,False,False,Row 26,False,1772310,"¥1,772,310","¥1,772,310","¥2,558,037",31.0,"¥785,727",10,Mobile Transfer ticket,3,1,USD,JPY,9982.0,USD,"https://img.vggcdn.net/img/vfsimage2/812551/594_122784/0.jpg?im=Resize=(500,271)&v=771",yesterday,8.1,False,False,False,False,pEkKGG0pE8bPUnnvwozkLHIyxdrX6fj5t9C41%2by5NrU%3d,False,2026-07-17T22:29:09.0930000Z,False,False,False,False,False,False,0,False,False,False,False,False,0,False,False,0,13386736150,False,1F9A2C8B-315A-4B91-B97B-86928CD41EF0,False,False,True,4,8.060177017476661,1.234865981,,,,,,,"[{'message': 'Great Value', 'qualifier': 'Based on price, view, seat quality and more', 'hasValue': True, 'messageType': 'ValueBased'}, {'message': 'Popular Pick', 'qualifier': '163 tickets sold for this event', 'hasValue': True, 'messageType': 'BoughtInLastHourSocialProofBased'}]",[],,,,,,,,,
13375642950,153020449,Argentina Supporters,2449432,Argentina Supporters,3,,_,,,,False,False,2,,False,False,"[1, 2]",36868,Argentina Supporters,2,True,"[{'listingNoteId': -1, 'listingNoteContentId': 3338094, 'formattedListingNoteContent': 'Clear view', 'listingNoteTypeId': 3, 'showToBuyer': True, 'hideInMock': False, 'siteAddedListingNote': False, 'aisleListingNoteWithSplit': False, 'listingNoteDescriptionContentId': 3338095, 'formattedListingNoteDescription': ""You'll have an unrestricted view of the show.""}]","[{'listingNoteBucketId': 27, 'formattedListingNoteContent': 'Clear view', 'displayOrder': 8, 'showsRawNoteText': True, 'sourceListingNoteId': -1}]",4849984,False,False,Row,True,1784025,"¥1,784,025","¥1,784,025",,,,10,Mobile Transfer ticket,3,1,EUR,JPY,1000.0,EUR,"https://img.vggcdn.net/img/vfsimage2/812551/36868_2449432/0.jpg?im=Resize=(500,271)&v=771",2 days ago,0.0,False,False,True,False,uIJSGDmViAlb8gL%2biSFSLgZO3oMkUlG4ZXu6384XRVc%3d,False,2026-07-16T19:32:05.2900000Z,False,False,False,False,False,False,0,False,False,False,False,False,0,False,False,0,13375642950,False,BF56AED3-119A-44DF-B004-FDBA4340AC76,False,False,True,0,,,Last tickets,True,,,,,"[{'message': 'Popular Pick', 'qualifier': '163 tickets sold for this event', 'hasValue': True, 'messageType': 'BoughtInLastHourSocialProofBased'}]",[],,,,,,,,,
13397394646,153020449,108,122786,108,2,18,17_19,,,17,False,False,3,,False,False,"[1, 2, 3]",594,Lower,3,True,"[{'listingNoteId': 814, 'listingNoteContentId': 2446060, 'formattedListingNoteContent': 'Limited or Obstructed View (printed on ticket)', 'listingNoteTypeId': 1, 'showToBuyer': True, 'hideInMock': False, 'siteAddedListingNote': False, 'aisleListingNoteWithSplit': False, 'listingNoteDescriptionContentId': 2446061, 'formattedListingNoteDescription': 'Limited or Obstructed View (printed on ticket)'}]","[{'listingNoteBucketId': 21, 'formattedListingNoteContent': 'Limited view', 'displayOrder': 21, 'showsRawNoteText': False}]",2112261,False,False,Row 18,False,1798266,"¥1,798,266","¥1,798,266",,,,10,Mobile Transfer ticket,3,1,USD,JPY,16485.0,USD,"https://img.vggcdn.net/img/vfsimage2/812551/594_122786/0.jpg?im=Resize=(500,271)&v=771",16 minutes ago,8.8,False,False,False,False,oUn1LIKXZA4n0gMdS118tM67x2OVEYRzZ%2b%2fIoG3jJ9U%3d,False,2026-07-19T13:44:15.0200000Z,False,False,False,False,False,False,0,False,False,False,False,False,0,False,False,0,13397394646,False,F76EE57F-58E9-476E-B2FE-4820350B068D,False,False,True,5,8.840105668263865,1.474840002,,,,,,,"[{'message': 'Amazing Value', 'qualifier': 'Based on price, view, seat quality and more', 'hasValue': True, 'messageType': 'ValueBased'}, {'message': 'Popular Pick', 'qualifier': '163 tickets sold for this event', 'hasValue': True, 'messageType': 'BoughtInLastHourSocialProofBased'}]",[],,,,,,,,,
13390442972,153020449,149,122812,149,2,14,_,,,,False,False,1,,False,False,[1],594,Lower,1,True,"[{'listingNoteId': -1, 'listingNoteContentId': 3338094, 'formattedListingNoteContent': 'Clear view', 'listingNoteTypeId': 3, 'showToBuyer': True, 'hideInMock': False, 'siteAddedListingNote': False, 'aisleListingNoteWithSplit': False, 'listingNoteDescriptionContentId': 3338095, 'formattedListingNoteDescription': ""You'll have an unrestricted view of the show.""}]","[{'listingNoteBucketId': 27, 'formattedListingNoteContent': 'Clear view', 'displayOrder': 8, 'showsRawNoteText': True, 'sourceListingNoteId': -1}]",2113331,False,False,Row 14,False,1800966,"¥1,800,966","¥1,800,966","¥2,459,462",27.0,"¥658,496",10,Mobile Transfer ticket,3,1,USD,JPY,10990.0,USD,"https://img.vggcdn.net/img/vfsimage2/812551/594_122812/0.jpg?im=Resize=(500,271)&v=771",yesterday,8.7,False,False,False,False,kR24itrtWrRhBFqoJtmxBMPpIK2K44bUAD7L%2fjfRilM%3d,False,2026-07-18T12:17:54.7330000Z,False,False,False,False,False,False,0,False,False,False,False,False,0,False,False,0,13390442972,False,F8CFFA32-55A5-4528-9F4C-54E137F1B2A8,False,False,True,5,8.671833016402399,1.410860715,,,,,,,"[{'message': 'Amazing Value', 'qualifier': 'Based on price, view, seat quality and more', 'hasValue': True, 'messageType': 'ValueBased'}, {'message': 'Popular Pick', 'qualifier': '163 tickets sold for this event', 'hasValue': True, 'messageType': 'BoughtInLastHourSocialProofBased'}]",[],,,,,,,,,
13395231153,153020449,343,122936,343,2,2,_,,,,False,False,1,,False,False,[1],478,Loge,1,True,"[{'listingNoteId': 2026, 'listingNoteContentId': 3415844, 'formattedListingNoteContent': 'Second Row of Section', 'listingNoteTypeId': 6, 'showToBuyer': True, 'hideInMock': False, 'siteAddedListingNote': False, 'aisleListingNoteWithSplit': False, 'listingNoteDescriptionContentId': 3415844, 'formattedListingNoteDescription': 'Second Row of Section'}, {'listingNoteId': -1, 'listingNoteContentId': 3338094, 'formattedListingNoteContent': 'Clear view', 'listingNoteTypeId': 3, 'showToBuyer': True, 'hideInMock': False, 'siteAddedListingNote': False, 'aisleListingNoteWithSplit': False, 'listingNoteDescriptionContentId': 3338095, 'formattedListingNoteDescription': ""You'll have an unrestricted view of the show.""}]","[{'listingNoteBucketId': 14, 'formattedListingNoteContent': 'Second Row of Section', 'displayOrder': 14, 'showsRawNoteText': True, 'sourceListingNoteId': 2026}, {'listingNoteBucketId': 27, 'formattedListingNoteContent': 'Clear view', 'displayOrder': 8, 'showsRawNoteText': True, 'sourceListingNoteId': -1}]",1591253,False,False,Row 2,False,1815293,"¥1,815,293","¥1,815,293",,,,10,Mobile Transfer ticket,3,14,USD,JPY,7757.2,USD,"https://img.vggcdn.net/img/vfsimage2/812551/478_122936/0.jpg?im=Resize=(500,271)&v=771",8 hours ago,5.6,False,False,False,False,oLL2OxkHRIPD37ZnryBHRl%2fhfkXTqeL9mCQ5eYRyzxk%3d,False,2026-07-19T05:50:33.9370000Z,False,False,False,False,False,False,0,False,False,False,False,False,0,False,False,0,13395231153,False,968DCA7E-B1B4-4B89-BA8D-344E3ABF60F3,False,False,True,3,5.584389851926811,0.9231459322,,,,,,,"[{'message': 'Popular Pick', 'qualifier': '163 tickets sold for this event', 'hasValue': True, 'messageType': 'BoughtInLastHourSocialProofBased'}, {'message': 'Second Row', 'qualifier': 'Premium close-up view', 'hasValue': True, 'messageType': 'SecondRowTicketAttributeBased'}]",[2026],,,,,,,,,
13397394645,153020449,108,122786,108,2,17,1_1,,,1,False,False,1,,False,False,[1],594,Lower,1,True,"[{'listingNoteId': 814, 'listingNoteContentId': 2446060, 'formattedListingNoteContent': 'Limited or Obstructed View (printed on ticket)', 'listingNoteTypeId': 1, 'showToBuyer': True, 'hideInMock': False, 'siteAddedListingNote': False, 'aisleListingNoteWithSplit': False, 'listingNoteDescriptionContentId': 2446061, 'formattedListingNoteDescription': 'Limited or Obstructed View (printed on ticket)'}]","[{'listingNoteBucketId': 14, 'formattedListingNoteContent': 'Aisle seat', 'displayOrder': 14, 'showsRawNoteText': True, 'sourceListingNoteId': 2024}, {'listingNoteBucketId': 21, 'formattedListingNoteContent': 'Limited view', 'displayOrder': 21, 'showsRawNoteText': False}]",2112260,False,False,Row 17,False,1816336,"¥1,816,336","¥1,816,336",,,,10,Mobile Transfer ticket,3,1,USD,JPY,10990.0,USD,"https://img.vggcdn.net/img/vfsimage2/812551/594_122786/0.jpg?im=Resize=(500,271)&v=771",16 minutes ago,8.8,False,False,False,False,BG7KM6r0HAnRlA4ICfUYZIj9xa2aGt8dcs6b0tcDP60%3d,False,2026-07-19T13:44:15.0130000Z,False,False,False,False,False,False,0,False,False,False,False,False,0,False,False,0,13397394645,False,EEFDF0BA-E0AC-42AD-97D0-B3AD571742E1,False,False,True,5,8.835234056982326,1.487642753,,,,,,,"[{'message': 'Amazing Value', 'qualifier': 'Based on price, view, seat quality and more', 'hasValue': True, 'messageType': 'ValueBased'}, {'message': 'Popular Pick', 'qualifier': '163 tickets sold for this event', 'hasValue': True, 'messageType': 'BoughtInLastHourSocialProofBased'}, {'message': 'Aisle Seat', 'qualifier': 'Easy access to your seat', 'hasValue': True, 'messageType': 'AisleSeatTicketAttributeBased'}]",[2024],,,,,,,,,
13389647952,153020449,123,122795,123,2,40,_,,,,False,False,1,,False,False,[1],594,Lower,1,True,"[{'listingNoteId': -1, 'listingNoteContentId': 3338094, 'formattedListingNoteContent': 'Clear view', 'listingNoteTypeId': 3, 'showToBuyer': True, 'hideInMock': False, 'siteAddedListingNote': False, 'aisleListingNoteWithSplit': False, 'listingNoteDescriptionContentId': 3338095, 'formattedListingNoteDescription': ""You'll have an unrestricted view of the show.""}]","[{'listingNoteBucketId': 27, 'formattedListingNoteContent': 'Clear view', 'displayOrder': 8, 'showsRawNoteText': True, 'sourceListingNoteId': -1}]",2112702,False,False,Row 40,False,1828169,"¥1,828,169","¥1,828,169","¥3,250,797",44.0,"¥1,422,628",10,Mobile Transfer ticket,3,1,EUR,JPY,9000.0,EUR,"https://img.vggcdn.net/img/vfsimage2/812551/594_122795/0.jpg?im=Resize=(500,271)&v=771",yesterday,7.1,False,False,False,False,929VBzl05waJW93Gtd%2f3nAQjPpisSCGJXJv5fsUVAzo%3d,False,2026-07-18T07:59:39.8800000Z,False,False,False,False,False,False,0,False,False,False,False,False,0,False,False,0,13389647952,False,11566074-8B00-4A6D-A474-C35E3DBCBA3F,False,False,True,4,7.081406943706361,1.102775954,,,,,,,"[{'message': 'Great Value', 'qualifier': 'Based on price, view, seat quality and more', 'hasValue': True, 'messageType': 'ValueBased'}, {'message': 'Popular Pick', 'qualifier': '163 tickets sold for this event', 'hasValue': True, 'messageType': 'BoughtInLastHourSocialProofBased'}]",[],,,,,,,,,
13393133491,153020449,204,122837,204,2,10,17_17,17,17,17,False,False,1,,False,False,[1],471,Middle,1,True,"[{'listingNoteId': -1, 'listingNoteContentId': 3338094, 'formattedListingNoteContent': 'Clear view', 'listingNoteTypeId': 3, 'showToBuyer': True, 'hideInMock': False, 'siteAddedListingNote': False, 'aisleListingNoteWithSplit': False, 'listingNoteDescriptionContentId': 3338095, 'formattedListingNoteDescription': ""You'll have an unrestricted view of the show.""}]","[{'listingNoteBucketId': 27, 'formattedListingNoteContent': 'Clear view', 'displayOrder': 8, 'showsRawNoteText': True, 'sourceListingNoteId': -1}]",702762,False,False,Row 10,False,1830642,"¥1,830,642","¥1,830,642",,,,10,Mobile Transfer ticket,3,1,GBP,JPY,4999.0,GBP,"https://img.vggcdn.net/img/vfsimage2/812551/471_122837/0.jpg?im=Resize=(500,271)&v=771",15 hours ago,5.5,False,False,False,False,RcN0DmceGIRGw94Jh7CY%2frx6Z5za62eik3AspDWxSzA%3d,False,2026-07-18T22:07:45.3000000Z,False,False,False,False,False,False,0,False,False,False,False,False,0,False,False,0,13393133491,False,96849902-45FC-4568-ACD7-18A585DFABC4,False,False,True,3,5.50602773134083,0.9234547256,Last ticket,True,,,,,"[{'message': 'Popular Pick', 'qualifier': '163 tickets sold for this event', 'hasValue': True, 'messageType': 'BoughtInLastHourSocialProofBased'}]",[],Fan favorite,This section is in the top 10% of sections for this event when ranked based on a count of successful sales over the past 7 days on our site,True,,,,,,
13386032260,153020449,Supporters Club,2439116,Supporters Club,2,8,10_12,10,12,10,False,False,3,,False,False,"[1, 2, 3]",1068,Hospitality,3,True,"[{'listingNoteId': 2344, 'listingNoteContentId': 4216766, 'formattedListingNoteContent': 'Includes Offsite Hospitality', 'listingNoteTypeId': 3, 'showToBuyer': True, 'hideInMock': False, 'siteAddedListingNote': False, 'aisleListingNoteWithSplit': False, 'formattedListingNoteDescription': ''}, {'listingNoteId': -1, 'listingNoteContentId': 3338094, 'formattedListingNoteContent': 'Clear view', 'listingNoteTypeId': 3, 'showToBuyer': True, 'hideInMock': False, 'siteAddedListingNote': False, 'aisleListingNoteWithSplit': False, 'listingNoteDescriptionContentId': 3338095, 'formattedListingNoteDescription': ""You'll have an unrestricted view of the show.""}]","[{'listingNoteBucketId': 0, 'formattedListingNoteContent': 'Includes Offsite Hospitality', 'displayOrder': 30, 'showsRawNoteText': True, 'sourceListingNoteId': 2344}, {'listingNoteBucketId': 27, 'formattedListingNoteContent': 'Clear view', 'displayOrder': 8, 'showsRawNoteText': True, 'sourceListingNoteId': -1}]",4837383,False,False,Row 8,True,1835362,"¥1,835,362","¥1,835,362","¥2,819,740",35.0,"¥984,378",10,Mobile Transfer ticket,3,1,GBP,JPY,5000.0,GBP,"https://img.vggcdn.net/img/vfsimage2/812551/1068_2439116/0.jpg?im=Resize=(500,271)&v=771",yesterday,9.0,False,False,False,False,rNFHwSHviX6MPYRButsQuq%2bex8mqeucmuEkv13B9WIc%3d,False,2026-07-17T20:30:40.7370000Z,False,False,False,False,False,False,0,False,False,False,False,False,0,False,False,0,13386032260,False,8DF39655-93FA-43F5-8CF6-8E71F4FF2F1F,False,False,True,5,9.005343772216765,1.577970786,,,,,,,"[{'message': 'Amazing Value', 'qualifier': 'Based on price, view, seat quality and more', 'hasValue': True, 'messageType': 'ValueBased'}, {'message': 'Popular Pick', 'qualifier': '163 tickets sold for this event', 'hasValue': True, 'messageType': 'BoughtInLastHourSocialProofBased'}]",[],,,,,,,,,
13396867043,153020449,121,122794,121,2,18,_,,,,False,False,4,,False,False,"[1, 2, 3, 4]",594,Lower,4,True,"[{'listingNoteId': -1, 'listingNoteContentId': 3338094, 'formattedListingNoteContent': 'Clear view', 'listingNoteTypeId': 3, 'showToBuyer': True, 'hideInMock': False, 'siteAddedListingNote': False, 'aisleListingNoteWithSplit': False, 'listingNoteDescriptionContentId': 3338095, 'formattedListingNoteDescription': ""You'll have an unrestricted view of the show.""}]","[{'listingNoteBucketId': 27, 'formattedListingNoteContent': 'Clear view', 'displayOrder': 8, 'showsRawNoteText': True, 'sourceListingNoteId': -1}]",2112630,False,False,Row 18,False,1840128,"¥1,840,128","¥1,840,128",,,,10,Mobile Transfer ticket,3,1,USD,JPY,0.0,USD,"https://img.vggcdn.net/img/vfsimage2/812551/594_122794/0.jpg?im=Resize=(500,271)&v=771",an hour ago,8.3,False,False,False,False,uPALT5UyK2Kwk0Zx0C30%2bs4rxpUz%2b%2f1yQp9EkZWNK6o%3d,False,2026-07-19T12:53:41.7270000Z,False,False,False,False,False,False,0,False,False,False,False,False,0,False,False,0,13396867043,False,C094B833-3730-4758-9A39-A75B3CA1B9A9,False,False,True,4,8.26155458391011,1.325004255,,,,,,,"[{'message': 'Great Value', 'qualifier': 'Based on price, view, seat quality and more', 'hasValue': True, 'messageType': 'ValueBased'}, {'message': 'Popular Pick', 'qualifier': '163 tickets sold for this event', 'hasValue': True, 'messageType': 'BoughtInLastHourSocialProofBased'}]",[],,,,,,,,,
13395026079,153020449,146,122810,146,2,32,16_19,,,16,False,False,4,,False,False,"[1, 2, 4]",594,Lower,4,True,"[{'listingNoteId': -1, 'listingNoteContentId': 3338094, 'formattedListingNoteContent': 'Clear view', 'listingNoteTypeId': 3, 'showToBuyer': True, 'hideInMock': False, 'siteAddedListingNote': False, 'aisleListingNoteWithSplit': False, 'listingNoteDescriptionContentId': 3338095, 'formattedListingNoteDescription': ""You'll have an unrestricted view of the show.""}]","[{'listingNoteBucketId': 27, 'formattedListingNoteContent': 'Clear view', 'displayOrder': 8, 'showsRawNoteText': True, 'sourceListingNoteId': -1}]",2113255,False,False,Row 32,False,1847201,"¥1,847,201","¥1,847,201","¥2,411,897",23.0,"¥564,696",10,Mobile Transfer ticket,3,1,USD,JPY,11000.0,USD,"https://img.vggcdn.net/img/vfsimage2/812551/594_122810/0.jpg?im=Resize=(500,271)&v=771",8 hours ago,6.9,False,False,False,False,h8H5KAXILjOja%2bIELaZkGvnDrOnupfq8p50OOzEyQnc%3d,False,2026-07-19T05:12:07.6770000Z,False,False,False,False,False,False,0,False,False,False,False,False,0,False,False,0,13395026079,False,391E2B6C-27E0-434E-9239-45FFA180489E,False,False,True,3,6.886280591003981,1.086768645,,,,,,,"[{'message': 'Popular Pick', 'qualifier': '163 tickets sold for this event', 'hasValue': True, 'messageType': 'BoughtInLastHourSocialProofBased'}]",[],,,,,,,,,
13365543495,153020449,323,122916,323,2,11,_,,,,False,False,8,,False,False,"[1, 2, 3, 4, 5, 6, 7, 8]",407,Upper,8,True,"[{'listingNoteId': -1, 'listingNoteContentId': 3338094, 'formattedListingNoteContent': 'Clear view', 'listingNoteTypeId': 3, 'showToBuyer': True, 'hideInMock': False, 'siteAddedListingNote': False, 'aisleListingNoteWithSplit': False, 'listingNoteDescriptionContentId': 3338095, 'formattedListingNoteDescription': ""You'll have an unrestricted view of the show.""}]","[{'listingNoteBucketId': 27, 'formattedListingNoteContent': 'Clear view', 'displayOrder': 8, 'showsRawNoteText': True, 'sourceListingNoteId': -1}]",2113754,False,False,Row 11,False,1852331,"¥1,852,331","¥1,852,331",,,,10,Mobile Transfer ticket,3,1,USD,JPY,1000.0,USD,"https://img.vggcdn.net/img/vfsimage2/812551/407_122916/0.jpg?im=Resize=(500,271)&v=771",3 days ago,4.2,False,False,False,False,zvzIc4FZZlJXWa2HSWru4TxXLfKZu8Gz10Dg5lQx0mk%3d,False,2026-07-16T01:16:55.1130000Z,False,False,False,False,False,False,0,False,False,False,False,False,0,False,False,0,13365543495,False,275BC66B-6C77-47D2-BFFA-DA9CDD260FA6,False,False,True,2,4.248654407360988,0.7757899793,Last tickets,True,,,,,"[{'message': 'Popular Pick', 'qualifier': '163 tickets sold for this event', 'hasValue': True, 'messageType': 'BoughtInLastHourSocialProofBased'}]",[],,,,,,,,,
13387711652,153020449,109,122787,109,2,15,7_9,,,7,False,False,3,,False,False,"[1, 2, 3]",594,Lower,3,True,"[{'listingNoteId': 814, 'listingNoteContentId': 2446060, 'formattedListingNoteContent': 'Limited or Obstructed View (printed on ticket)', 'listingNoteTypeId': 1, 'showToBuyer': True, 'hideInMock': False, 'siteAddedListingNote': False, 'aisleListingNoteWithSplit': False, 'listingNoteDescriptionContentId': 2446061, 'formattedListingNoteDescription': 'Limited or Obstructed View (printed on ticket)'}]","[{'listingNoteBucketId': 21, 'formattedListingNoteContent': 'Limited view', 'displayOrder': 21, 'showsRawNoteText': False}]",2112292,False,False,Row 15,False,1866516,"¥1,866,516","¥1,866,516","¥3,251,870",43.0,"¥1,385,354",10,Mobile Transfer ticket,3,1,EUR,JPY,11000.0,EUR,"https://img.vggcdn.net/img/vfsimage2/812551/594_122787/0.jpg?im=Resize=(500,271)&v=771",yesterday,8.8,False,False,False,False,YxcNHlkp3GE%2bm%2fyX9fwkBxVIA44WjRj1AF%2b8%2bKz8nUw%3d,False,2026-07-18T00:36:56.8070000Z,False,False,False,False,False,False,0,False,False,False,False,False,0,False,False,0,13387711652,False,F9A36DEB-3DCF-489B-80B0-F3B6A947CFDD,False,False,True,5,8.781074358668244,1.506041195,,,,,,,"[{'message': 'Amazing Value', 'qualifier': 'Based on price, view, seat quality and more', 'hasValue': True, 'messageType': 'ValueBased'}, {'message': 'Popular Pick', 'qualifier': '163 tickets sold for this event', 'hasValue': True, 'messageType': 'BoughtInLastHourSocialProofBased'}]",[],,,,,,,,,
13397505846,153020449,124,122796,124,2,6,_,,,,False,False,1,,False,False,[1],594,Lower,1,True,"[{'listingNoteId': -1, 'listingNoteContentId': 3338094, 'formattedListingNoteContent': 'Clear view', 'listingNoteTypeId': 3, 'showToBuyer': True, 'hideInMock': False, 'siteAddedListingNote': False, 'aisleListingNoteWithSplit': False, 'listingNoteDescriptionContentId': 3338095, 'formattedListingNoteDescription': ""You'll have an unrestricted view of the show.""}]","[{'listingNoteBucketId': 27, 'formattedListingNoteContent': 'Clear view', 'displayOrder': 8, 'showsRawNoteText': True, 'sourceListingNoteId': -1}]",2112761,False,False,Row 6,False,1872604,"¥1,872,604","¥1,872,604",,,,10,Mobile Transfer ticket,3,1,USD,JPY,9800.0,USD,"https://img.vggcdn.net/img/vfsimage2/812551/594_122796/0.jpg?im=Resize=(500,271)&v=771",6 minutes ago,8.9,False,False,False,False,hNu678zX124aUgfh4HT5fUp3srkhI8kltCtaTd%2boQbw%3d,False,2026-07-19T13:54:21.8700000Z,False,False,False,False,False,False,0,False,False,False,False,False,0,False,False,0,13397505846,False,0530B752-EC1C-4BB4-A945-F66CB59E858F,False,False,True,5,8.850881928121145,1.54045121,,,,,,,"[{'message': 'Amazing Value', 'qualifier': 'Based on price, view, seat quality and more', 'hasValue': True, 'messageType': 'ValueBased'}, {'message': 'Popular Pick', 'qualifier': '163 tickets sold for this event', 'hasValue': True, 'messageType': 'BoughtInLastHourSocialProofBased'}]",[],Fan favorite,This section is in the top 10% of sections for this event when ranked based on a count of successful sales over the past 7 days on our site,True,,,,,,
13170596566,153020449,128,122798,128,2,27,_,,,,False,False,5,,False,False,"[1, 2, 3, 4, 5]",594,Lower,5,True,"[{'listingNoteId': -1, 'listingNoteContentId': 3338094, 'formattedListingNoteContent': 'Clear view', 'listingNoteTypeId': 3, 'showToBuyer': True, 'hideInMock': False, 'siteAddedListingNote': False, 'aisleListingNoteWithSplit': False, 'listingNoteDescriptionContentId': 3338095, 'formattedListingNoteDescription': ""You'll have an unrestricted view of the show.""}]","[{'listingNoteBucketId': 27, 'formattedListingNoteContent': 'Clear view', 'displayOrder': 8, 'showsRawNoteText': True, 'sourceListingNoteId': -1}]",2112832,False,False,Row 27,False,1874554,"¥1,874,554","¥1,874,554",,,,10,Mobile Transfer ticket,3,1,USD,JPY,0.0,USD,"https://img.vggcdn.net/img/vfsimage2/812551/594_122798/0.jpg?im=Resize=(500,271)&v=771",21 days ago,8.3,False,False,False,False,MqGBYbTLKF5gwUErIewJ2FgXYBrYPC5CbejM%2btNHl6M%3d,False,2026-06-28T05:26:15.9100000Z,False,False,False,False,False,False,0,False,False,False,False,False,0,False,False,0,13170596566,False,8FB65ED3-F9A3-472E-8799-7507F9F37A49,False,False,True,4,8.252878555730543,1.347906729,,,,,,,"[{'message': 'Great Value', 'qualifier': 'Based on price, view, seat quality and more', 'hasValue': True, 'messageType': 'ValueBased'}, {'message': 'Popular Pick', 'qualifier': '163 tickets sold for this event', 'hasValue': True, 'messageType': 'BoughtInLastHourSocialProofBased'}]",[],,,,,,,,,
13363725258,153020449,Category 1,1989399,Category 1,3,,_,,,,False,False,3,,False,False,"[1, 2, 3]",1245,Category 1,3,True,"[{'listingNoteId': -1, 'listingNoteContentId': 3338094, 'formattedListingNoteContent': 'Clear view', 'listingNoteTypeId': 3, 'showToBuyer': True, 'hideInMock': False, 'siteAddedListingNote': False, 'aisleListingNoteWithSplit': False, 'listingNoteDescriptionContentId': 3338095, 'formattedListingNoteDescription': ""You'll have an unrestricted view of the show.""}]","[{'listingNoteBucketId': 27, 'formattedListingNoteContent': 'Clear view', 'displayOrder': 8, 'showsRawNoteText': True, 'sourceListingNoteId': -1}]",3325458,False,False,Row,True,1881529,"¥1,881,529","¥1,881,529","¥3,033,994",38.0,"¥1,152,465",10,Mobile Transfer ticket,3,1,EUR,JPY,10000.0,EUR,"https://img.vggcdn.net/img/vfsimage2/812551/1245_1989399/0.jpg?im=Resize=(500,271)&v=771",3 days ago,7.7,False,False,True,False,kTBOOgjjx7XSYu7B8eVK2oQCF1QLWs0LC6q1Gn3UexI%3d,False,2026-07-15T20:04:34.3970000Z,False,False,False,False,False,False,0,False,False,False,False,False,0,False,False,0,13363725258,False,5FDBE919-645E-41A2-86FC-EFEEAD575658,False,False,True,4,7.686165128619838,1.2394394,Last tickets,True,,,,,"[{'message': 'Great Value', 'qualifier': 'Based on price, view, seat quality and more', 'hasValue': True, 'messageType': 'ValueBased'}, {'message': 'Popular Pick', 'qualifier': '163 tickets sold for this event', 'hasValue': True, 'messageType': 'BoughtInLastHourSocialProofBased'}]",[],,,,,,,,,
13393949864,153020449,335,122928,335,2,8,_,,,,False,False,1,,False,False,[1],407,Upper,1,True,"[{'listingNoteId': -1, 'listingNoteContentId': 3338094, 'formattedListingNoteContent': 'Clear view', 'listingNoteTypeId': 3, 'showToBuyer': True, 'hideInMock': False, 'siteAddedListingNote': False, 'aisleListingNoteWithSplit': False, 'listingNoteDescriptionContentId': 3338095, 'formattedListingNoteDescription': ""You'll have an unrestricted view of the show.""}]","[{'listingNoteBucketId': 27, 'formattedListingNoteContent': 'Clear view', 'displayOrder': 8, 'showsRawNoteText': True, 'sourceListingNoteId': -1}]",704273,False,False,Row 8,False,1887419,"¥1,887,419","¥1,887,419",,,,10,Mobile Transfer ticket,3,1,USD,JPY,7380.0,USD,"https://img.vggcdn.net/img/vfsimage2/812551/407_122928/0.jpg?im=Resize=(500,271)&v=771",13 hours ago,4.7,False,False,False,False,%2blBxrqh3g%2bhH4VtSKTXn66yi1r9gw9qzi4a6QhoyDjw%3d,False,2026-07-19T00:55:38.2830000Z,False,False,False,False,False,False,0,False,False,False,False,False,0,False,False,0,13393949864,False,18ADB235-BBFD-455B-8792-8C985DA34D3C,False,False,True,2,4.726421366214921,0.858848419,,,,,,,"[{'message': 'Popular Pick', 'qualifier': '163 tickets sold for this event', 'hasValue': True, 'messageType': 'BoughtInLastHourSocialProofBased'}]",[],,,,,,,,,
13397536939,153020449,129,122799,129,2,42,8_8,,,8,False,False,1,,False,False,[1],594,Lower,1,True,"[{'listingNoteId': 165, 'listingNoteContentId': 2444685, 'formattedListingNoteContent': 'Preferred Seating', 'listingNoteTypeId': 3, 'showToBuyer': True, 'hideInMock': False, 'siteAddedListingNote': False, 'aisleListingNoteWithSplit': False, 'listingNoteDescriptionContentId': 2444686, 'formattedListingNoteDescription': 'Preferred Seating'}, {'listingNoteId': -1, 'listingNoteContentId': 3338094, 'formattedListingNoteContent': 'Clear view', 'listingNoteTypeId': 3, 'showToBuyer': True, 'hideInMock': False, 'siteAddedListingNote': False, 'aisleListingNoteWithSplit': False, 'listingNoteDescriptionContentId': 3338095, 'formattedListingNoteDescription': ""You'll have an unrestricted view of the show.""}]","[{'listingNoteBucketId': 11, 'formattedListingNoteContent': 'Preferred Seating', 'displayOrder': 11, 'showsRawNoteText': True, 'sourceListingNoteId': 165}, {'listingNoteBucketId': 27, 'formattedListingNoteContent': 'Clear view', 'displayOrder': 8, 'showsRawNoteText': True, 'sourceListingNoteId': -1}]",2112896,False,False,Row 42,False,1891318,"¥1,891,318","¥1,891,318",,,,10,Mobile Transfer ticket,3,1,USD,JPY,15325.0,USD,"https://img.vggcdn.net/img/vfsimage2/812551/594_122799/0.jpg?im=Resize=(500,271)&v=771",3 minutes ago,5.7,False,False,False,False,I4W4RcSUSJ3%2fmuvQEXJkuzE1BlPdJzXjYpMR%2fXqFll4%3d,False,2026-07-19T13:57:19.0230000Z,False,False,False,False,False,False,0,False,False,False,False,False,0,False,False,0,13397536939,False,65B2E6C8-9FC0-461C-90D5-5B6054F45149,False,False,True,3,5.7492810132093295,0.9779906243,,,,,,,"[{'message': 'Popular Pick', 'qualifier': '163 tickets sold for this event', 'hasValue': True, 'messageType': 'BoughtInLastHourSocialProofBased'}]",[],,,,,,,,,
13397427913,153020449,108,122786,108,2,16,_,,,,False,False,4,,False,False,"[1, 2, 3, 4]",594,Lower,4,True,"[{'listingNoteId': 814, 'listingNoteContentId': 2446060, 'formattedListingNoteContent': 'Limited or Obstructed View (printed on ticket)', 'listingNoteTypeId': 1, 'showToBuyer': True, 'hideInMock': False, 'siteAddedListingNote': False, 'aisleListingNoteWithSplit': False, 'listingNoteDescriptionContentId': 2446061, 'formattedListingNoteDescription': 'Limited or Obstructed View (printed on ticket)'}]","[{'listingNoteBucketId': 21, 'formattedListingNoteContent': 'Limited view', 'displayOrder': 21, 'showsRawNoteText': False}]",2112259,False,False,Row 16,False,1891516,"¥1,891,516","¥1,891,516",,,,10,Mobile Transfer ticket,3,1,USD,JPY,10990.0,USD,"https://img.vggcdn.net/img/vfsimage2/812551/594_122786/0.jpg?im=Resize=(500,271)&v=771",13 minutes ago,8.7,False,False,False,False,0MvTagty%2fOribx2Ip4ku%2b75YBmBl5SjkX729nU4CMnU%3d,False,2026-07-19T13:47:21.8470000Z,False,False,False,False,False,False,0,False,False,False,False,False,0,False,False,0,13397427913,False,6BA62BE7-9D81-4DAC-BB66-57CCA045F07B,False,False,True,5,8.718719546442545,1.500553117,,,,,,,"[{'message': 'Amazing Value', 'qualifier': 'Based on price, view, seat quality and more', 'hasValue': True, 'messageType': 'ValueBased'}, {'message': 'Popular Pick', 'qualifier': '163 tickets sold for this event', 'hasValue': True, 'messageType': 'BoughtInLastHourSocialProofBased'}]",[],,,,,,,,,
13392576891,153020449,103,122783,103,2,25,26_26,26,26,26,False,False,1,,False,False,[1],594,Lower,1,True,"[{'listingNoteId': 111, 'listingNoteContentId': 1703554, 'formattedListingNoteContent': 'Event Organiser', 'listingNoteTypeId': 5, 'showToBuyer': True, 'hideInMock': False, 'siteAddedListingNote': False, 'aisleListingNoteWithSplit': False, 'listingNoteDescriptionContentId': 1703553, 'formattedListingNoteDescription': 'the seller is an organiser of the event or a person acting on behalf of an organiser of the event'}, {'listingNoteId': -1, 'listingNoteContentId': 3338094, 'formattedListingNoteContent': 'Clear view', 'listingNoteTypeId': 3, 'showToBuyer': True, 'hideInMock': False, 'siteAddedListingNote': False, 'aisleListingNoteWithSplit': False, 'listingNoteDescriptionContentId': 3338095, 'formattedListingNoteDescription': ""You'll have an unrestricted view of the show.""}]","[{'listingNoteBucketId': 0, 'formattedListingNoteContent': 'Event Organiser', 'displayOrder': 30, 'showsRawNoteText': True, 'sourceListingNoteId': 111}, {'listingNoteBucketId': 27, 'formattedListingNoteContent': 'Clear view', 'displayOrder': 8, 'showsRawNoteText': True, 'sourceListingNoteId': -1}]",2112127,False,False,Row 25,False,1930130,"¥1,930,130","¥1,930,130",,,,10,Mobile Transfer ticket,3,1,USD,JPY,10000.0,USD,"https://img.vggcdn.net/img/vfsimage2/812551/594_122783/0.jpg?im=Resize=(500,271)&v=771",18 hours ago,7.0,False,False,False,False,AGaVKSedLLEbBW9FXPAUxgmurO0RIk61PhwBp8WBRsw%3d,False,2026-07-18T19:40:17.6370000Z,False,False,False,False,False,False,0,False,False,False,False,False,0,False,False,0,13392576891,False,54096A74-CCF1-4F28-9DDD-B8ADFEB4BC47,False,False,True,4,7,1.151437035,,,,,,,"[{'message': 'Great Value', 'qualifier': 'Based on price, view, seat quality and more', 'hasValue': True, 'messageType': 'ValueBased'}, {'message': 'Popular Pick', 'qualifier': '163 tickets sold for this event', 'hasValue': True, 'messageType': 'BoughtInLastHourSocialProofBased'}]",[],Fan favorite,This section is in the top 10% of sections for this event when ranked based on a count of successful sales over the past 7 days on our site,True,,,,,,
13394120230,153020449,101,122782,101,2,14,8_8,8,8,8,False,False,1,,False,False,[1],594,Lower,1,True,"[{'listingNoteId': -1, 'listingNoteContentId': 3338094, 'formattedListingNoteContent': 'Clear view', 'listingNoteTypeId': 3, 'showToBuyer': True, 'hideInMock': False, 'siteAddedListingNote': False, 'aisleListingNoteWithSplit': False, 'listingNoteDescriptionContentId': 3338095, 'formattedListingNoteDescription': ""You'll have an unrestricted view of the show.""}]","[{'listingNoteBucketId': 27, 'formattedListingNoteContent': 'Clear view', 'displayOrder': 8, 'showsRawNoteText': True, 'sourceListingNoteId': -1}]",2112068,False,False,Row 14,False,1930305,"¥1,930,305","¥1,930,305","¥2,843,275",32.0,"¥912,970",10,Mobile Transfer ticket,3,1,USD,JPY,,USD,"https://img.vggcdn.net/img/vfsimage2/812551/594_122782/0.jpg?im=Resize=(500,271)&v=771",12 hours ago,8.5,False,False,False,False,%2blBxrqh3g%2bhH4VtSKTXn66yi1r9gw9qzi4a6QhoyDjw%3d,False,2026-07-19T01:48:19.2170000Z,False,False,False,False,False,False,0,False,False,False,False,False,0,False,False,0,13394120230,False,1A77D7BB-2F50-49E0-B00D-BB7A492EB0CB,False,False,True,5,8.5,1.446035113,,,,,,,"[{'message': 'Amazing Value', 'qualifier': 'Based on price, view, seat quality and more', 'hasValue': True, 'messageType': 'ValueBased'}, {'message': 'Popular Pick', 'qualifier': '163 tickets sold for this event', 'hasValue': True, 'messageType': 'BoughtInLastHourSocialProofBased'}]",[],Fan favorite,This section is in the top 10% of sections for this event when ranked based on a count of successful sales over the past 7 days on our site,True,,,,,,
13397361528,153020449,149,122812,149,2,10,13_13,13,13,13,False,False,1,,False,False,[1],594,Lower,1,True,"[{'listingNoteId': -1, 'listingNoteContentId': 3338094, 'formattedListingNoteContent': 'Clear view', 'listingNoteTypeId': 3, 'showToBuyer': True, 'hideInMock': False, 'siteAddedListingNote': False, 'aisleListingNoteWithSplit': False, 'listingNoteDescriptionContentId': 3338095, 'formattedListingNoteDescription': ""You'll have an unrestricted view of the show.""}]","[{'listingNoteBucketId': 27, 'formattedListingNoteContent': 'Clear view', 'displayOrder': 8, 'showsRawNoteText': True, 'sourceListingNoteId': -1}]",2113327,False,False,Row 10,False,1932021,"¥1,932,021","¥1,932,021",,,,10,Mobile Transfer ticket,3,1,USD,JPY,0.0,USD,"https://img.vggcdn.net/img/vfsimage2/812551/594_122812/0.jpg?im=Resize=(500,271)&v=771",19 minutes ago,8.6,False,False,False,False,Sd%2bKnGXy2hh3VPexAkn4eOGIG8sYgWkGNywQ2kvpA3w%3d,False,2026-07-19T13:42:06.6400000Z,False,False,False,False,False,False,0,False,False,False,False,False,0,False,False,0,13397361528,False,A9281044-EBA6-4795-9FBB-D4D965845E38,False,False,True,5,8.575264407371815,1.475604214,,,,,,,"[{'message': 'Amazing Value', 'qualifier': 'Based on price, view, seat quality and more', 'hasValue': True, 'messageType': 'ValueBased'}, {'message': 'Popular Pick', 'qualifier': '163 tickets sold for this event', 'hasValue': True, 'messageType': 'BoughtInLastHourSocialProofBased'}]",[],,,,,,,,,
13314250406,153020449,Category 4,2140587,Category 4,3,,_,,,,False,False,2,,False,False,"[1, 2]",1327,Category 4,2,True,"[{'listingNoteId': -1, 'listingNoteContentId': 3338094, 'formattedListingNoteContent': 'Clear view', 'listingNoteTypeId': 3, 'showToBuyer': True, 'hideInMock': False, 'siteAddedListingNote': False, 'aisleListingNoteWithSplit': False, 'listingNoteDescriptionContentId': 3338095, 'formattedListingNoteDescription': ""You'll have an unrestricted view of the show.""}]","[{'listingNoteBucketId': 27, 'formattedListingNoteContent': 'Clear view', 'displayOrder': 8, 'showsRawNoteText': True, 'sourceListingNoteId': -1}]",4264996,False,False,Row,True,1932235,"¥1,932,235","¥1,932,235",,,,10,Mobile Transfer ticket,3,1,USD,JPY,10000.0,USD,"https://img.vggcdn.net/img/vfsimage2/812551/1327_2140587/0.jpg?im=Resize=(500,271)&v=771",9 days ago,8.1,False,False,True,False,lU5kaknqcSF3N2X2UWfnmR9FK8O3ZEBN1DSGmIifaL0%3d,False,2026-07-10T12:22:05.0670000Z,False,False,False,False,False,False,0,False,False,False,False,False,0,False,False,0,13314250406,False,0DD4A935-452D-4FFD-BB56-474AD08FD551,False,False,True,4,8.134728908377967,1.362416107,Last tickets,True,,,,,"[{'message': 'Great Value', 'qualifier': 'Based on price, view, seat quality and more', 'hasValue': True, 'messageType': 'ValueBased'}, {'message': 'Popular Pick', 'qualifier': '163 tickets sold for this event', 'hasValue': True, 'messageType': 'BoughtInLastHourSocialProofBased'}]",[],,,,,,,,,
13395989358,153020449,123,122795,123,2,30,_,,,,False,False,1,,False,False,[1],594,Lower,1,True,"[{'listingNoteId': -1, 'listingNoteContentId': 3338094, 'formattedListingNoteContent': 'Clear view', 'listingNoteTypeId': 3, 'showToBuyer': True, 'hideInMock': False, 'siteAddedListingNote': False, 'aisleListingNoteWithSplit': False, 'listingNoteDescriptionContentId': 3338095, 'formattedListingNoteDescription': ""You'll have an unrestricted view of the show.""}]","[{'listingNoteBucketId': 27, 'formattedListingNoteContent': 'Clear view', 'displayOrder': 8, 'showsRawNoteText': True, 'sourceListingNoteId': -1}]",2112691,False,False,Row 30,False,1936744,"¥1,936,744","¥1,936,744",,,,10,Mobile Transfer ticket,3,1,EUR,JPY,9000.0,EUR,"https://img.vggcdn.net/img/vfsimage2/812551/594_122795/0.jpg?im=Resize=(500,271)&v=771",4 hours ago,7.3,False,False,False,False,RxdFtXLtiqyyryrr916CJYXg%2fdvHvJYMl25hED87Lmo%3d,False,2026-07-19T09:36:29.0400000Z,False,False,False,False,False,False,0,False,False,False,False,False,0,False,False,0,13395989358,False,709D7089-8A69-4284-B256-788F9F2E76C3,False,False,True,4,7.29615404335194,1.203745556,,,,,,,"[{'message': 'Great Value', 'qualifier': 'Based on price, view, seat quality and more', 'hasValue': True, 'messageType': 'ValueBased'}, {'message': 'Popular Pick', 'qualifier': '163 tickets sold for this event', 'hasValue': True, 'messageType': 'BoughtInLastHourSocialProofBased'}]",[],,,,,,,,,
13364358738,153020449,FIFA Pavilion,2216545,FIFA Pavilion,2,,_,,,,False,False,1,,False,False,[1],1068,Hospitality,1,True,"[{'listingNoteId': 263, 'listingNoteContentId': 2444900, 'formattedListingNoteContent': 'VIP Club', 'listingNoteTypeId': 3, 'showToBuyer': True, 'hideInMock': False, 'siteAddedListingNote': False, 'aisleListingNoteWithSplit': False, 'listingNoteDescriptionContentId': 2444901, 'formattedListingNoteDescription': 'VIP Club - Club opens 90 minutes prior to tipoff and offers access to a lounge area with televisions, plush seating and private restrooms as well as all-inclusive food, draft beer, and house wine'}, {'listingNoteId': 424, 'listingNoteContentId': 2445241, 'formattedListingNoteContent': 'Access to VIP Club', 'listingNoteTypeId': 3, 'showToBuyer': True, 'hideInMock': False, 'siteAddedListingNote': False, 'aisleListingNoteWithSplit': False, 'formattedListingNoteDescription': ''}, {'listingNoteId': 1028, 'listingNoteContentId': 2446497, 'formattedListingNoteContent': 'Includes unlimited food and drinks (beer, wine and liquor)', 'listingNoteTypeId': 3, 'showToBuyer': True, 'hideInMock': False, 'siteAddedListingNote': False, 'aisleListingNoteWithSplit': False, 'listingNoteDescriptionContentId': 2446498, 'formattedListingNoteDescription': 'Includes unlimited food and drinks (beer, wine and liquor)'}, {'listingNoteId': -1, 'listingNoteContentId': 3338094, 'formattedListingNoteContent': 'Clear view', 'listingNoteTypeId': 3, 'showToBuyer': True, 'hideInMock': False, 'siteAddedListingNote': False, 'aisleListingNoteWithSplit': False, 'listingNoteDescriptionContentId': 3338095, 'formattedListingNoteDescription': ""You'll have an unrestricted view of the show.""}]","[{'listingNoteBucketId': 1, 'formattedListingNoteContent': 'VIP packages', 'displayOrder': 1, 'showsRawNoteText': False}, {'listingNoteBucketId': 7, 'formattedListingNoteContent': 'Food & beverages', 'displayOrder': 7, 'showsRawNoteText': False}, {'listingNoteBucketId': 27, 'formattedListingNoteContent': 'Clear view', 'displayOrder': 8, 'showsRawNoteText': True, 'sourceListingNoteId': -1}]",4415942,False,False,Row,True,1940063,"¥1,940,063","¥1,940,063","¥3,184,465",39.0,"¥1,244,402",10,Mobile Transfer ticket,3,1,USD,JPY,20000.0,USD,"https://img.vggcdn.net/img/vfsimage2/812551/1068_2216545/0.jpg?im=Resize=(500,271)&v=771",3 days ago,8.1,False,False,False,False,8%2bFzuI%2fU9IBU9t9lfT0YsigybelXktLmKPq22oKV3t4%3d,False,2026-07-15T21:49:03.6170000Z,False,False,False,False,False,False,0,False,False,False,False,False,0,False,False,0,13364358738,False,63FAD753-1A67-43B7-AF9C-25726C51B851,False,False,True,4,8.109457459774779,1.362416107,,,,,,,"[{'message': 'Great Value', 'qualifier': 'Based on price, view, seat quality and more', 'hasValue': True, 'messageType': 'ValueBased'}, {'message': 'Popular Pick', 'qualifier': '163 tickets sold for this event', 'hasValue': True, 'messageType': 'BoughtInLastHourSocialProofBased'}]",[],,,,,,,,,
13384129659,153020449,342,122935,342,2,14,_,,,,False,False,4,,False,False,"[1, 2, 3, 4]",407,Upper,4,True,"[{'listingNoteId': -1, 'listingNoteContentId': 3338094, 'formattedListingNoteContent': 'Clear view', 'listingNoteTypeId': 3, 'showToBuyer': True, 'hideInMock': False, 'siteAddedListingNote': False, 'aisleListingNoteWithSplit': False, 'listingNoteDescriptionContentId': 3338095, 'formattedListingNoteDescription': ""You'll have an unrestricted view of the show.""}]","[{'listingNoteBucketId': 27, 'formattedListingNoteContent': 'Clear view', 'displayOrder': 8, 'showsRawNoteText': True, 'sourceListingNoteId': -1}]",704430,False,False,Row 14,False,1942333,"¥1,942,333","¥1,942,333","¥3,042,300",36.0,"¥1,099,967",10,Mobile Transfer ticket,3,1,USD,JPY,0.0,USD,"https://img.vggcdn.net/img/vfsimage2/812551/407_122935/0.jpg?im=Resize=(500,271)&v=771",yesterday,4.2,False,False,False,False,dvrqq%2ffFWpr88gprTKWXwIBs1cLa0Yuv8vPA%2btYrhrQ%3d,False,2026-07-17T16:37:34.2600000Z,False,False,False,False,False,False,0,False,False,False,False,False,0,False,False,0,13384129659,False,524F73B7-02F5-4DB9-94AF-A867991EF087,False,False,True,2,4.2196004327368435,0.8097118042,,,,,,,"[{'message': 'Popular Pick', 'qualifier': '163 tickets sold for this event', 'hasValue': True, 'messageType': 'BoughtInLastHourSocialProofBased'}]",[],,,,,,,,,
13386082537,153020449,103,122783,103,2,4,7_7,7,7,7,False,False,1,,False,False,[1],594,Lower,1,True,"[{'listingNoteId': -1, 'listingNoteContentId': 3338094, 'formattedListingNoteContent': 'Clear view', 'listingNoteTypeId': 3, 'showToBuyer': True, 'hideInMock': False, 'siteAddedListingNote': False, 'aisleListingNoteWithSplit': False, 'listingNoteDescriptionContentId': 3338095, 'formattedListingNoteDescription': ""You'll have an unrestricted view of the show.""}]","[{'listingNoteBucketId': 27, 'formattedListingNoteContent': 'Clear view', 'displayOrder': 8, 'showsRawNoteText': True, 'sourceListingNoteId': -1}]",2112143,False,False,Row 4,False,1965394,"¥1,965,394","¥1,965,394","¥3,222,369",39.0,"¥1,256,975",10,Mobile Transfer ticket,3,1,USD,JPY,,USD,"https://img.vggcdn.net/img/vfsimage2/812551/594_122783/0.jpg?im=Resize=(500,271)&v=771",yesterday,8.3,False,False,False,False,O9IaHd4cdVMIF8Mhmwn%2baTdQtw8X32U3pKyVtD1yv3E%3d,False,2026-07-17T20:37:38.5970000Z,False,False,False,False,False,False,0,False,False,False,False,False,0,False,False,0,13386082537,False,EC058B01-2FF2-4326-9C8A-96BE05AB7676,False,False,True,4,8.3274549626085,1.429990262,,,,,,,"[{'message': 'Great Value', 'qualifier': 'Based on price, view, seat quality and more', 'hasValue': True, 'messageType': 'ValueBased'}, {'message': 'Popular Pick', 'qualifier': '163 tickets sold for this event', 'hasValue': True, 'messageType': 'BoughtInLastHourSocialProofBased'}]",[],Fan favorite,This section is in the top 10% of sections for this event when ranked based on a count of successful sales over the past 7 days on our site,True,,,,,,
13364048140,153020449,149,122812,149,2,7,12_14,,,12,False,False,3,,False,False,"[1, 3]",594,Lower,3,True,"[{'listingNoteId': -1, 'listingNoteContentId': 3338094, 'formattedListingNoteContent': 'Clear view', 'listingNoteTypeId': 3, 'showToBuyer': True, 'hideInMock': False, 'siteAddedListingNote': False, 'aisleListingNoteWithSplit': False, 'listingNoteDescriptionContentId': 3338095, 'formattedListingNoteDescription': ""You'll have an unrestricted view of the show.""}]","[{'listingNoteBucketId': 27, 'formattedListingNoteContent': 'Clear view', 'displayOrder': 8, 'showsRawNoteText': True, 'sourceListingNoteId': -1}]",2113372,False,False,Row 7,False,1976225,"¥1,976,225","¥1,976,225","¥3,255,164",39.0,"¥1,278,939",10,Mobile Transfer ticket,3,1,USD,JPY,0.0,USD,"https://img.vggcdn.net/img/vfsimage2/812551/594_122812/0.jpg?im=Resize=(500,271)&v=771",3 days ago,8.6,False,False,False,False,nO7w%2bkDzSYngdYNsGO8n8VWDc7PzJ9c5C7X9cGiet4Y%3d,False,2026-07-15T20:58:41.9000000Z,False,False,False,False,False,False,0,False,False,False,False,False,0,False,False,0,13364048140,False,43A41FAA-67DE-4B36-BB55-9D9F10ABFEE7,False,False,True,5,8.617251017777699,1.526010398,,,,,,,"[{'message': 'Amazing Value', 'qualifier': 'Based on price, view, seat quality and more', 'hasValue': True, 'messageType': 'ValueBased'}, {'message': 'Popular Pick', 'qualifier': '163 tickets sold for this event', 'hasValue': True, 'messageType': 'BoughtInLastHourSocialProofBased'}]",[],,,,,,,,,
13387080696,153020449,128,122798,128,2,21,_,,,,False,False,1,,False,False,[1],594,Lower,1,True,"[{'listingNoteId': -1, 'listingNoteContentId': 3338094, 'formattedListingNoteContent': 'Clear view', 'listingNoteTypeId': 3, 'showToBuyer': True, 'hideInMock': False, 'siteAddedListingNote': False, 'aisleListingNoteWithSplit': False, 'listingNoteDescriptionContentId': 3338095, 'formattedListingNoteDescription': ""You'll have an unrestricted view of the show.""}]","[{'listingNoteBucketId': 27, 'formattedListingNoteContent': 'Clear view', 'displayOrder': 8, 'showsRawNoteText': True, 'sourceListingNoteId': -1}]",2112826,False,False,Row 21,False,2006972,"¥2,006,972","¥2,006,972",,,,10,Mobile Transfer ticket,3,1,EUR,JPY,10990.0,EUR,"https://img.vggcdn.net/img/vfsimage2/812551/594_122798/0.jpg?im=Resize=(500,271)&v=771",yesterday,8.2,False,False,False,False,jt%2fAdyrenik0PFgFmMZQpw9Oope7XY50riCwfn2fpsE%3d,False,2026-07-17T23:05:59.8100000Z,False,False,False,False,False,False,0,False,False,False,False,False,0,False,False,0,13387080696,False,5EB13B7F-30A4-493C-8681-6768E8917738,False,False,True,4,8.232128413810404,1.437252908,,,,,,,"[{'message': 'Great Value', 'qualifier': 'Based on price, view, seat quality and more', 'hasValue': True, 'messageType': 'ValueBased'}, {'message': 'Popular Pick', 'qualifier': '163 tickets sold for this event', 'hasValue': True, 'messageType': 'BoughtInLastHourSocialProofBased'}]",[],,,,,,,,,
13395067488,153020449,126,122797,126,2,37,_,,,,False,False,1,,False,False,[1],594,Lower,1,True,"[{'listingNoteId': -1, 'listingNoteContentId': 3338094, 'formattedListingNoteContent': 'Clear view', 'listingNoteTypeId': 3, 'showToBuyer': True, 'hideInMock': False, 'siteAddedListingNote': False, 'aisleListingNoteWithSplit': False, 'listingNoteDescriptionContentId': 3338095, 'formattedListingNoteDescription': ""You'll have an unrestricted view of the show.""}]","[{'listingNoteBucketId': 27, 'formattedListingNoteContent': 'Clear view', 'displayOrder': 8, 'showsRawNoteText': True, 'sourceListingNoteId': -1}]",2112795,False,False,Row 37,False,2006972,"¥2,006,972","¥2,006,972","¥2,595,532",23.0,"¥588,560",10,Mobile Transfer ticket,3,1,EUR,JPY,10990.0,EUR,"https://img.vggcdn.net/img/vfsimage2/812551/594_122797/0.jpg?im=Resize=(500,271)&v=771",8 hours ago,6.8,False,False,False,False,jt%2fAdyrenik0PFgFmMZQpw9Oope7XY50riCwfn2fpsE%3d,False,2026-07-19T05:22:25.5000000Z,False,False,False,False,False,False,0,False,False,False,False,False,0,False,False,0,13395067488,False,AB0C3075-8E02-4C7B-B04D-3560C4AB5315,False,False,True,3,6.807785681331477,1.168661515,,,,,,,"[{'message': 'Popular Pick', 'qualifier': '163 tickets sold for this event', 'hasValue': True, 'messageType': 'BoughtInLastHourSocialProofBased'}]",[],Fan favorite,This section is in the top 10% of sections for this event when ranked based on a count of successful sales over the past 7 days on our site,True,,,,,,
13375653128,153020449,Spain Supporters,2447956,Spain Supporters,3,,_,,,,False,False,2,,False,False,"[1, 2]",1666,Spain Supporters,2,True,"[{'listingNoteId': -1, 'listingNoteContentId': 3338094, 'formattedListingNoteContent': 'Clear view', 'listingNoteTypeId': 3, 'showToBuyer': True, 'hideInMock': False, 'siteAddedListingNote': False, 'aisleListingNoteWithSplit': False, 'listingNoteDescriptionContentId': 3338095, 'formattedListingNoteDescription': ""You'll have an unrestricted view of the show.""}]","[{'listingNoteBucketId': 27, 'formattedListingNoteContent': 'Clear view', 'displayOrder': 8, 'showsRawNoteText': True, 'sourceListingNoteId': -1}]",4847586,False,False,Row,True,2006972,"¥2,006,972","¥2,006,972",,,,10,Mobile Transfer ticket,3,1,EUR,JPY,1000.0,EUR,"https://img.vggcdn.net/img/vfsimage2/812551/1666_2447956/0.jpg?im=Resize=(500,271)&v=771",2 days ago,0.0,False,False,True,False,WvYVfuyXjJdwi%2bMGaNYpIHJhvPQ7NAc970KT8tPia0o%3d,False,2026-07-16T19:33:25.1370000Z,False,False,False,False,False,False,0,False,False,False,False,False,0,False,False,0,13375653128,False,F6398135-7D45-4C8B-AB03-86354DF3F93F,False,False,True,0,,,Last tickets,True,,,,,"[{'message': 'Popular Pick', 'qualifier': '163 tickets sold for this event', 'hasValue': True, 'messageType': 'BoughtInLastHourSocialProofBased'}]",[],,,,,,,,,
13394159685,153020449,225B,1530786,225B,2,17,28_28,,,28,False,False,1,,False,False,[1],471,Middle,1,True,"[{'listingNoteId': -1, 'listingNoteContentId': 3338094, 'formattedListingNoteContent': 'Clear view', 'listingNoteTypeId': 3, 'showToBuyer': True, 'hideInMock': False, 'siteAddedListingNote': False, 'aisleListingNoteWithSplit': False, 'listingNoteDescriptionContentId': 3338095, 'formattedListingNoteDescription': ""You'll have an unrestricted view of the show.""}]","[{'listingNoteBucketId': 27, 'formattedListingNoteContent': 'Clear view', 'displayOrder': 8, 'showsRawNoteText': True, 'sourceListingNoteId': -1}]",2113458,False,False,Row 17,False,2018026,"¥2,018,026","¥2,018,026",,,,10,Mobile Transfer ticket,3,1,USD,JPY,6415.0,USD,"https://img.vggcdn.net/img/vfsimage2/812551/471_1530786/0.jpg?im=Resize=(500,271)&v=771",11 hours ago,5.1,False,False,False,False,Ycizny2O%2bjt%2fp9DisOz8coBJhlJ%2f%2bEgn0HC8QZyJJsI%3d,False,2026-07-19T02:02:04.3400000Z,False,False,False,False,False,False,0,False,False,False,False,False,0,False,False,0,13394159685,False,51C0AEDB-1D8B-4DF3-B87E-0F38901AEB24,False,False,True,3,5.094548700841459,0.9754691368,Last ticket,True,,,,,"[{'message': 'Popular Pick', 'qualifier': '163 tickets sold for this event', 'hasValue': True, 'messageType': 'BoughtInLastHourSocialProofBased'}]",[],,,,,,,,,
13393809319,153020449,Category 2,1989400,Category 2,3,,_,,,,False,False,4,,False,False,"[1, 2]",1246,Category 2,2,True,"[{'listingNoteId': -1, 'listingNoteContentId': 3338094, 'formattedListingNoteContent': 'Clear view', 'listingNoteTypeId': 3, 'showToBuyer': True, 'hideInMock': False, 'siteAddedListingNote': False, 'aisleListingNoteWithSplit': False, 'listingNoteDescriptionContentId': 3338095, 'formattedListingNoteDescription': ""You'll have an unrestricted view of the show.""}]","[{'listingNoteBucketId': 27, 'formattedListingNoteContent': 'Clear view', 'displayOrder': 8, 'showsRawNoteText': True, 'sourceListingNoteId': -1}]",3325459,False,False,Row,True,2032250,"¥2,032,250","¥2,032,250",,,,10,Mobile Transfer ticket,3,1,GBP,JPY,5000.0,GBP,"https://img.vggcdn.net/img/vfsimage2/812551/1246_1989400/0.jpg?im=Resize=(500,271)&v=771",13 hours ago,7.9,False,False,True,False,jhjuytyYalzbbE2j9uNIUGoBBA0EmGDcXbaKDwWqWwY%3d,False,2026-07-19T00:14:29.8370000Z,False,False,False,False,False,False,0,False,False,False,False,False,0,False,False,0,13393809319,False,896C0135-A6C4-4073-972D-3351EFD6B678,False,False,True,4,7.872139740627496,1.374851954,Last tickets,True,,,,,"[{'message': 'Great Value', 'qualifier': 'Based on price, view, seat quality and more', 'hasValue': True, 'messageType': 'ValueBased'}, {'message': 'Popular Pick', 'qualifier': '163 tickets sold for this event', 'hasValue': True, 'messageType': 'BoughtInLastHourSocialProofBased'}]",[],,,,,,,,,
13395733703,153020449,117,122792,117,2,19,_,,,,False,False,1,,False,False,[1],594,Lower,1,True,"[{'listingNoteId': 814, 'listingNoteContentId': 2446060, 'formattedListingNoteContent': 'Limited or Obstructed View (printed on ticket)', 'listingNoteTypeId': 1, 'showToBuyer': True, 'hideInMock': False, 'siteAddedListingNote': False, 'aisleListingNoteWithSplit': False, 'listingNoteDescriptionContentId': 2446061, 'formattedListingNoteDescription': 'Limited or Obstructed View (printed on ticket)'}]","[{'listingNoteBucketId': 21, 'formattedListingNoteContent': 'Limited view', 'displayOrder': 21, 'showsRawNoteText': False}]",2112558,False,False,Row 19,False,2045096,"¥2,045,096","¥2,045,096","¥2,818,246",27.0,"¥773,150",10,Mobile Transfer ticket,3,1,EUR,JPY,10990.0,EUR,"https://img.vggcdn.net/img/vfsimage2/812551/594_122792/0.jpg?im=Resize=(500,271)&v=771",5 hours ago,8.8,False,False,False,False,M6cfibN%2bu37Ns0vMDR4n8J4%2fTmnz%2f9UITGEIK3INxqs%3d,False,2026-07-19T08:05:56.0200000Z,False,False,False,False,False,False,0,False,False,False,False,False,0,False,False,0,13395733703,False,980566AE-20B5-48D8-BFB9-2F8737EC4911,False,False,True,5,8.750804324898947,1.636267957,,,,,,,"[{'message': 'Amazing Value', 'qualifier': 'Based on price, view, seat quality and more', 'hasValue': True, 'messageType': 'ValueBased'}, {'message': 'Popular Pick', 'qualifier': '163 tickets sold for this event', 'hasValue': True, 'messageType': 'BoughtInLastHourSocialProofBased'}]",[],,,,,,,,,
13385268958,153020449,101,122782,101,2,4,13_13,,,13,False,False,1,,False,False,[1],594,Lower,1,True,"[{'listingNoteId': -1, 'listingNoteContentId': 3338094, 'formattedListingNoteContent': 'Clear view', 'listingNoteTypeId': 3, 'showToBuyer': True, 'hideInMock': False, 'siteAddedListingNote': False, 'aisleListingNoteWithSplit': False, 'listingNoteDescriptionContentId': 3338095, 'formattedListingNoteDescription': ""You'll have an unrestricted view of the show.""}]","[{'listingNoteBucketId': 27, 'formattedListingNoteContent': 'Clear view', 'displayOrder': 8, 'showsRawNoteText': True, 'sourceListingNoteId': -1}]",2112096,False,False,Row 4,False,2055808,"¥2,055,808","¥2,055,808","¥3,222,155",36.0,"¥1,166,347",10,Mobile Transfer ticket,3,1,USD,JPY,11270.0,USD,"https://img.vggcdn.net/img/vfsimage2/812551/594_122782/0.jpg?im=Resize=(500,271)&v=771",yesterday,8.8,False,False,False,False,qNOJskaeJ5V4PycZaKr2XpnpwMzCI%2fk44Pz3VkMNIeU%3d,False,2026-07-17T19:08:33.6070000Z,False,False,False,False,False,False,0,False,False,False,False,False,0,False,False,0,13385268958,False,EF0B807B-BF71-4BE6-A082-2874DB871098,False,False,True,5,8.784136327491039,1.659896764,,,,,,,"[{'message': 'Amazing Value', 'qualifier': 'Based on price, view, seat quality and more', 'hasValue': True, 'messageType': 'ValueBased'}, {'message': 'Popular Pick', 'qualifier': '163 tickets sold for this event', 'hasValue': True, 'messageType': 'BoughtInLastHourSocialProofBased'}]",[],Fan favorite,This section is in the top 10% of sections for this event when ranked based on a count of successful sales over the past 7 days on our site,True,,,,,,
13387977980,153020449,126,122797,126,2,32,_,,,,False,False,4,,False,False,"[1, 2, 3, 4]",594,Lower,4,True,"[{'listingNoteId': -1, 'listingNoteContentId': 3338094, 'formattedListingNoteContent': 'Clear view', 'listingNoteTypeId': 3, 'showToBuyer': True, 'hideInMock': False, 'siteAddedListingNote': False, 'aisleListingNoteWithSplit': False, 'listingNoteDescriptionContentId': 3338095, 'formattedListingNoteDescription': ""You'll have an unrestricted view of the show.""}]","[{'listingNoteBucketId': 27, 'formattedListingNoteContent': 'Clear view', 'displayOrder': 8, 'showsRawNoteText': True, 'sourceListingNoteId': -1}]",2112790,False,False,Row 32,False,2062709,"¥2,062,709","¥2,062,709","¥3,707,887",44.0,"¥1,645,178",10,Mobile Transfer ticket,3,1,EUR,JPY,10990.0,EUR,"https://img.vggcdn.net/img/vfsimage2/812551/594_122797/0.jpg?im=Resize=(500,271)&v=771",yesterday,7.1,False,False,False,False,WRQKwIIINFQvVJ0GedyJaIlbM5lkFzDQPgRjOK2wPNs%3d,False,2026-07-18T01:35:01.0630000Z,False,False,False,False,False,False,0,False,False,False,False,False,0,False,False,0,13387977980,False,E5911306-B5E9-43C2-9477-6BCB07A89296,False,False,True,4,7.099725367423378,1.247404249,,,,,,,"[{'message': 'Great Value', 'qualifier': 'Based on price, view, seat quality and more', 'hasValue': True, 'messageType': 'ValueBased'}, {'message': 'Popular Pick', 'qualifier': '163 tickets sold for this event', 'hasValue': True, 'messageType': 'BoughtInLastHourSocialProofBased'}]",[],Fan favorite,This section is in the top 10% of sections for this event when ranked based on a count of successful sales over the past 7 days on our site,True,,,,,,
13394475706,153020449,148,122811,148,2,24,_,,,,False,False,4,,False,False,"[1, 2, 3, 4]",594,Lower,4,True,"[{'listingNoteId': -1, 'listingNoteContentId': 3338094, 'formattedListingNoteContent': 'Clear view', 'listingNoteTypeId': 3, 'showToBuyer': True, 'hideInMock': False, 'siteAddedListingNote': False, 'aisleListingNoteWithSplit': False, 'listingNoteDescriptionContentId': 3338095, 'formattedListingNoteDescription': ""You'll have an unrestricted view of the show.""}]","[{'listingNoteBucketId': 27, 'formattedListingNoteContent': 'Clear view', 'displayOrder': 8, 'showsRawNoteText': True, 'sourceListingNoteId': -1}]",2113294,False,False,Row 24,False,2095639,"¥2,095,639","¥2,095,639",,,,10,Mobile Transfer ticket,3,1,USD,JPY,0.0,USD,"https://img.vggcdn.net/img/vfsimage2/812551/594_122811/0.jpg?im=Resize=(500,271)&v=771",10 hours ago,7.5,False,False,False,False,792dYRxklFD6IaQ%2fafeygw0b2vMnIbCwnefOuThanwk%3d,False,2026-07-19T03:24:44.0800000Z,False,False,False,False,False,False,0,False,False,False,False,False,0,False,False,0,13394475706,False,073BB4DF-51D9-4AF1-9110-511D09CD8C30,False,False,True,4,7.525240332314369,1.345994762,Last tickets,True,,,,,"[{'message': 'Great Value', 'qualifier': 'Based on price, view, seat quality and more', 'hasValue': True, 'messageType': 'ValueBased'}, {'message': 'Popular Pick', 'qualifier': '163 tickets sold for this event', 'hasValue': True, 'messageType': 'BoughtInLastHourSocialProofBased'}]",[],Fan favorite,This section is in the top 10% of sections for this event when ranked based on a count of successful sales over the past 7 days on our site,True,,,,,,
13397045365,153020449,124,122796,124,2,3,_,,,,False,False,2,,False,False,"[1, 2]",594,Lower,2,True,"[{'listingNoteId': 2027, 'listingNoteContentId': 3415845, 'formattedListingNoteContent': 'Third Row of Section', 'listingNoteTypeId': 6, 'showToBuyer': True, 'hideInMock': False, 'siteAddedListingNote': False, 'aisleListingNoteWithSplit': False, 'listingNoteDescriptionContentId': 3415845, 'formattedListingNoteDescription': 'Third Row of Section'}, {'listingNoteId': -1, 'listingNoteContentId': 3338094, 'formattedListingNoteContent': 'Clear view', 'listingNoteTypeId': 3, 'showToBuyer': True, 'hideInMock': False, 'siteAddedListingNote': False, 'aisleListingNoteWithSplit': False, 'listingNoteDescriptionContentId': 3338095, 'formattedListingNoteDescription': ""You'll have an unrestricted view of the show.""}]","[{'listingNoteBucketId': 14, 'formattedListingNoteContent': 'Third Row of Section', 'displayOrder': 14, 'showsRawNoteText': True, 'sourceListingNoteId': 2027}, {'listingNoteBucketId': 27, 'formattedListingNoteContent': 'Clear view', 'displayOrder': 8, 'showsRawNoteText': True, 'sourceListingNoteId': -1}]",2112738,False,False,Row 3,False,2142785,"¥2,142,785","¥2,142,785",,,,10,Mobile Transfer ticket,3,1,USD,JPY,10990.0,USD,"https://img.vggcdn.net/img/vfsimage2/812551/594_122796/0.jpg?im=Resize=(500,271)&v=771",51 minutes ago,8.5,False,False,False,False,Gv9svCQBUHerBBxx3ywX5Ap0FrAEgiU5LHoGtzOAKRU%3d,False,2026-07-19T13:09:52.9470000Z,False,False,False,False,False,False,0,False,False,False,False,False,0,False,False,0,13397045365,False,2C0D25F5-5531-4B81-9ABB-9898E4F33CB9,False,False,True,4,8.461878242598504,1.594108818,,,,,,,"[{'message': 'Great Value', 'qualifier': 'Based on price, view, seat quality and more', 'hasValue': True, 'messageType': 'ValueBased'}, {'message': 'Popular Pick', 'qualifier': '163 tickets sold for this event', 'hasValue': True, 'messageType': 'BoughtInLastHourSocialProofBased'}, {'message': 'Third Row', 'qualifier': 'Excellent proximity to the action', 'hasValue': True, 'messageType': 'ThirdRowTicketAttributeBased'}]",[2027],Fan favorite,This section is in the top 10% of sections for this event when ranked based on a count of successful sales over the past 7 days on our site,True,,,,,,
13395438975,153020449,324,122917,324,2,11,_,,,,False,False,7,,False,False,"[1, 2, 3, 4, 5, 6, 7]",407,Upper,7,True,"[{'listingNoteId': -1, 'listingNoteContentId': 3338094, 'formattedListingNoteContent': 'Clear view', 'listingNoteTypeId': 3, 'showToBuyer': True, 'hideInMock': False, 'siteAddedListingNote': False, 'aisleListingNoteWithSplit': False, 'listingNoteDescriptionContentId': 3338095, 'formattedListingNoteDescription': ""You'll have an unrestricted view of the show.""}]","[{'listingNoteBucketId': 27, 'formattedListingNoteContent': 'Clear view', 'displayOrder': 8, 'showsRawNoteText': True, 'sourceListingNoteId': -1}]",2113776,False,False,Row 11,False,2144734,"¥2,144,734","¥2,144,734",,,,10,Mobile Transfer ticket,3,1,USD,JPY,1000.0,USD,"https://img.vggcdn.net/img/vfsimage2/812551/407_122917/0.jpg?im=Resize=(500,271)&v=771",7 hours ago,3.4,False,False,False,False,ENBpSIttv%2bdW6R8N90oMDNnZRgkdk8B3FfK%2fCdJzZuM%3d,False,2026-07-19T06:12:29.8000000Z,False,False,False,False,False,False,0,False,False,False,False,False,0,False,False,0,13395438975,False,BAA61ACB-6BA0-4F10-9D7B-05843F8700DD,False,False,True,2,3.368099153599342,0.7833655,Last tickets,True,,,,,"[{'message': 'Popular Pick', 'qualifier': '163 tickets sold for this event', 'hasValue': True, 'messageType': 'BoughtInLastHourSocialProofBased'}]",[],,,,,,,,,
13387865185,153020449,126,122797,126,2,25,24_25,,,24,False,False,2,,False,False,"[1, 2]",594,Lower,2,True,"[{'listingNoteId': -1, 'listingNoteContentId': 3338094, 'formattedListingNoteContent': 'Clear view', 'listingNoteTypeId': 3, 'showToBuyer': True, 'hideInMock': False, 'siteAddedListingNote': False, 'aisleListingNoteWithSplit': False, 'listingNoteDescriptionContentId': 3338095, 'formattedListingNoteDescription': ""You'll have an unrestricted view of the show.""}]","[{'listingNoteBucketId': 27, 'formattedListingNoteContent': 'Clear view', 'displayOrder': 8, 'showsRawNoteText': True, 'sourceListingNoteId': -1}]",2112782,False,False,Row 25,False,2150226,"¥2,150,226","¥2,150,226",,,,10,Mobile Transfer ticket,3,1,GBP,JPY,8000.0,GBP,"https://img.vggcdn.net/img/vfsimage2/812551/594_122797/0.jpg?im=Resize=(500,271)&v=771",yesterday,7.4,False,False,False,False,QIJ8gC69%2bse3zgVZezL38IQcOdMBiIlQoueqHEGhMJc%3d,False,2026-07-18T01:12:55.8930000Z,False,False,False,False,False,False,0,False,False,False,False,False,0,False,False,0,13387865185,False,B1F70BC5-4D88-43C0-807F-EFFD7B23B03D,False,False,True,4,7.449483765190568,1.365965754,,,,,,,"[{'message': 'Great Value', 'qualifier': 'Based on price, view, seat quality and more', 'hasValue': True, 'messageType': 'ValueBased'}, {'message': 'Popular Pick', 'qualifier': '163 tickets sold for this event', 'hasValue': True, 'messageType': 'BoughtInLastHourSocialProofBased'}]",[],Fan favorite,This section is in the top 10% of sections for this event when ranked based on a count of successful sales over the past 7 days on our site,True,,,,,,
13377547900,153020449,126,122797,126,2,4,_,,,,False,False,1,,False,False,[1],594,Lower,1,True,"[{'listingNoteId': -1, 'listingNoteContentId': 3338094, 'formattedListingNoteContent': 'Clear view', 'listingNoteTypeId': 3, 'showToBuyer': True, 'hideInMock': False, 'siteAddedListingNote': False, 'aisleListingNoteWithSplit': False, 'listingNoteDescriptionContentId': 3338095, 'formattedListingNoteDescription': ""You'll have an unrestricted view of the show.""}]","[{'listingNoteBucketId': 27, 'formattedListingNoteContent': 'Clear view', 'displayOrder': 8, 'showsRawNoteText': True, 'sourceListingNoteId': -1}]",2112798,False,False,Row 4,False,2173772,"¥2,173,772","¥2,173,772",,,,10,Mobile Transfer ticket,3,1,SGD,JPY,19357.0,SGD,"https://img.vggcdn.net/img/vfsimage2/812551/594_122797/0.jpg?im=Resize=(500,271)&v=771",2 days ago,8.9,False,False,False,False,MB%2b%2bIvN9%2bkYREer0VnjcU6Pq11kmevmZSDsddoI%2bBxM%3d,False,2026-07-16T23:18:14.4900000Z,False,False,False,False,False,False,0,False,False,False,False,False,0,False,False,0,13377547900,False,A7D20BDA-0BD1-4145-97F4-8B8860D8AFE3,False,False,True,5,8.851693059148474,1.788343108,,,,,,,"[{'message': 'Amazing Value', 'qualifier': 'Based on price, view, seat quality and more', 'hasValue': True, 'messageType': 'ValueBased'}, {'message': 'Popular Pick', 'qualifier': '163 tickets sold for this event', 'hasValue': True, 'messageType': 'BoughtInLastHourSocialProofBased'}]",[],Fan favorite,This section is in the top 10% of sections for this event when ranked based on a count of successful sales over the past 7 days on our site,True,,,,,,
13367629926,153020449,Argentina Supporters Standard Tier,2449434,Argentina Supporters Standard Tier,2,,_,,,,False,False,1,,False,False,[1],36868,Argentina Supporters,1,True,"[{'listingNoteId': -1, 'listingNoteContentId': 3338094, 'formattedListingNoteContent': 'Clear view', 'listingNoteTypeId': 3, 'showToBuyer': True, 'hideInMock': False, 'siteAddedListingNote': False, 'aisleListingNoteWithSplit': False, 'listingNoteDescriptionContentId': 3338095, 'formattedListingNoteDescription': ""You'll have an unrestricted view of the show.""}]","[{'listingNoteBucketId': 27, 'formattedListingNoteContent': 'Clear view', 'displayOrder': 8, 'showsRawNoteText': True, 'sourceListingNoteId': -1}]",4849986,False,False,Row,True,2183721,"¥2,183,721","¥2,183,721","¥2,948,525",26.0,"¥764,804",10,Mobile Transfer ticket,3,1,USD,JPY,10000.0,USD,"https://img.vggcdn.net/img/vfsimage2/812551/36868_2449434/0.jpg?im=Resize=(500,271)&v=771",3 days ago,6.5,False,False,False,False,7Xh10zDwZtM%2bCDtazTlTgsO0TDRMyTs%2be99GAYz%2fT%2bQ%3d,False,2026-07-16T04:58:48.2770000Z,False,False,False,False,False,False,0,False,False,False,False,False,0,False,False,0,13367629926,False,42A83B07-AFA4-43FD-A016-08E3D5A6AD8B,False,False,True,3,6.5326936101016635,1.231148835,Last ticket,True,,,,,"[{'message': 'Popular Pick', 'qualifier': '163 tickets sold for this event', 'hasValue': True, 'messageType': 'BoughtInLastHourSocialProofBased'}]",[],,,,,,,,,
13252686644,153020449,Lower,1546666,Lower,3,,_,,,,False,False,4,,False,False,"[1, 2, 3, 4]",594,Lower,4,True,"[{'listingNoteId': -1, 'listingNoteContentId': 3338094, 'formattedListingNoteContent': 'Clear view', 'listingNoteTypeId': 3, 'showToBuyer': True, 'hideInMock': False, 'siteAddedListingNote': False, 'aisleListingNoteWithSplit': False, 'listingNoteDescriptionContentId': 3338095, 'formattedListingNoteDescription': ""You'll have an unrestricted view of the show.""}]","[{'listingNoteBucketId': 27, 'formattedListingNoteContent': 'Clear view', 'displayOrder': 8, 'showsRawNoteText': True, 'sourceListingNoteId': -1}]",1641233,False,False,Row,True,2183721,"¥2,183,721","¥2,183,721",,,,10,Mobile Transfer ticket,3,1,USD,JPY,10000.0,USD,"https://img.vggcdn.net/img/vfsimage2/812551/594_1546666/0.jpg?im=Resize=(500,271)&v=771",13 days ago,0.0,False,False,True,False,7Xh10zDwZtM%2bCDtazTlTgsO0TDRMyTs%2be99GAYz%2fT%2bQ%3d,False,2026-07-05T16:54:09.3230000Z,False,False,False,False,False,False,0,False,False,False,False,False,0,False,False,0,13252686644,False,30BC44B2-AD9A-4408-8FBC-473C7B82AB09,False,False,True,0,,,Last tickets,True,,,,,"[{'message': 'Popular Pick', 'qualifier': '163 tickets sold for this event', 'hasValue': True, 'messageType': 'BoughtInLastHourSocialProofBased'}]",[],,,,,,,,,
13395735565,153020449,118,122793,118,2,16,_,,,,False,False,2,,False,False,"[1, 2]",594,Lower,2,True,"[{'listingNoteId': 814, 'listingNoteContentId': 2446060, 'formattedListingNoteContent': 'Limited or Obstructed View (printed on ticket)', 'listingNoteTypeId': 1, 'showToBuyer': True, 'hideInMock': False, 'siteAddedListingNote': False, 'aisleListingNoteWithSplit': False, 'listingNoteDescriptionContentId': 2446061, 'formattedListingNoteDescription': 'Limited or Obstructed View (printed on ticket)'}]","[{'listingNoteBucketId': 21, 'formattedListingNoteContent': 'Limited view', 'displayOrder': 21, 'showsRawNoteText': False}]",2112592,False,False,Row 16,False,2205618,"¥2,205,618","¥2,205,618",,,,10,Mobile Transfer ticket,3,1,EUR,JPY,10990.0,EUR,"https://img.vggcdn.net/img/vfsimage2/812551/594_122793/0.jpg?im=Resize=(500,271)&v=771",5 hours ago,8.3,False,False,False,False,pg8Th2y%2fYALB2ugAvLy7bSUxMl6MPf1morK8NAVsXsg%3d,False,2026-07-19T08:06:27.8400000Z,False,False,False,False,False,False,0,False,False,False,False,False,0,False,False,0,13395735565,False,9EBA5EEE-E8D3-41A4-BCF7-A123C2A34660,False,False,True,4,8.287051656868746,1.593780325,Last tickets,True,,,,,"[{'message': 'Great Value', 'qualifier': 'Based on price, view, seat quality and more', 'hasValue': True, 'messageType': 'ValueBased'}, {'message': 'Popular Pick', 'qualifier': '163 tickets sold for this event', 'hasValue': True, 'messageType': 'BoughtInLastHourSocialProofBased'}]",[],,,,,,,,,
13350044210,153020449,207C,1530778,207C,2,14,8_8,8,8,8,False,False,1,,False,False,[1],471,Middle,1,True,"[{'listingNoteId': -1, 'listingNoteContentId': 3338094, 'formattedListingNoteContent': 'Clear view', 'listingNoteTypeId': 3, 'showToBuyer': True, 'hideInMock': False, 'siteAddedListingNote': False, 'aisleListingNoteWithSplit': False, 'listingNoteDescriptionContentId': 3338095, 'formattedListingNoteDescription': ""You'll have an unrestricted view of the show.""}]","[{'listingNoteBucketId': 27, 'formattedListingNoteContent': 'Clear view', 'displayOrder': 8, 'showsRawNoteText': True, 'sourceListingNoteId': -1}]",1593451,False,False,Row 14,False,2227971,"¥2,227,971","¥2,227,971",,,,10,Mobile Transfer ticket,3,1,USD,JPY,10990.0,USD,"https://img.vggcdn.net/img/vfsimage2/812551/471_1530778/0.jpg?im=Resize=(500,271)&v=771",4 days ago,2.4,False,False,False,False,ILFzjXElhDdaRPjqrdnoZ7jzkh74MOvwiCJAfRTkTPc%3d,False,2026-07-14T16:15:39.5500000Z,False,False,False,False,False,False,0,False,False,False,False,False,0,False,False,0,13350044210,False,3F3F5F71-3415-4EF2-845D-5EBC83961DAD,False,False,True,1,2.4086232047629457,0.6530657106,Last ticket,True,,,,,"[{'message': 'Popular Pick', 'qualifier': '163 tickets sold for this event', 'hasValue': True, 'messageType': 'BoughtInLastHourSocialProofBased'}]",[],,,,,,,,,
13397512956,153020449,FIFA Pavilion,2216545,FIFA Pavilion,2,131,_,,,,False,False,1,,False,False,[1],1068,Hospitality,1,True,"[{'listingNoteId': 2, 'listingNoteContentId': 1035272, 'formattedListingNoteContent': 'Ticket and meal package', 'listingNoteTypeId': 3, 'showToBuyer': True, 'hideInMock': False, 'siteAddedListingNote': False, 'aisleListingNoteWithSplit': False, 'listingNoteDescriptionContentId': 1277356, 'formattedListingNoteDescription': 'This package comes with a ticket to see your favorite performer along with a free meal!'}, {'listingNoteId': 1012, 'listingNoteContentId': 2446465, 'formattedListingNoteContent': 'Early Access', 'listingNoteTypeId': 4, 'showToBuyer': True, 'hideInMock': False, 'siteAddedListingNote': False, 'aisleListingNoteWithSplit': False, 'listingNoteDescriptionContentId': 2446466, 'formattedListingNoteDescription': 'Early Access'}, {'listingNoteId': 189, 'listingNoteContentId': 2444744, 'formattedListingNoteContent': 'Complimentary Food & Soft drinks', 'listingNoteTypeId': 3, 'showToBuyer': True, 'hideInMock': False, 'siteAddedListingNote': False, 'aisleListingNoteWithSplit': False, 'listingNoteDescriptionContentId': 3876389, 'formattedListingNoteDescription': 'Complimentary Food & Soft drinks'}, {'listingNoteId': -1, 'listingNoteContentId': 3338094, 'formattedListingNoteContent': 'Clear view', 'listingNoteTypeId': 3, 'showToBuyer': True, 'hideInMock': False, 'siteAddedListingNote': False, 'aisleListingNoteWithSplit': False, 'listingNoteDescriptionContentId': 3338095, 'formattedListingNoteDescription': ""You'll have an unrestricted view of the show.""}]","[{'listingNoteBucketId': 7, 'formattedListingNoteContent': 'Food & beverages', 'displayOrder': 7, 'showsRawNoteText': False}, {'listingNoteBucketId': 10, 'formattedListingNoteContent': 'Exclusive entry', 'displayOrder': 10, 'showsRawNoteText': False}, {'listingNoteBucketId': 27, 'formattedListingNoteContent': 'Clear view', 'displayOrder': 8, 'showsRawNoteText': True, 'sourceListingNoteId': -1}]",4415942,False,False,Row 131,True,2228614,"¥2,228,614","¥2,228,614",,,,10,Mobile Transfer ticket,3,1,GBP,JPY,5000.0,GBP,"https://img.vggcdn.net/img/vfsimage2/812551/1068_2216545/0.jpg?im=Resize=(500,271)&v=771",6 minutes ago,7.2,False,False,False,False,dq3S75xhQSBRXeGlSs1iiQBwHV3ccmf2WlRPAYWV8%2bI%3d,False,2026-07-19T13:54:58.8930000Z,False,False,False,False,False,False,0,False,False,False,False,False,0,False,False,0,13397512956,False,B504FC64-19A8-4B97-ACE4-488FBB793E76,False,False,True,4,7.178065164258073,1.362416107,,,,,,,"[{'message': 'Great Value', 'qualifier': 'Based on price, view, seat quality and more', 'hasValue': True, 'messageType': 'ValueBased'}, {'message': 'Popular Pick', 'qualifier': '163 tickets sold for this event', 'hasValue': True, 'messageType': 'BoughtInLastHourSocialProofBased'}]",[],,,,,,,,,
13342704913,153020449,146,122810,146,2,18,_,,,,False,False,4,,False,False,"[1, 2, 4]",594,Lower,4,True,"[{'listingNoteId': -1, 'listingNoteContentId': 3338094, 'formattedListingNoteContent': 'Clear view', 'listingNoteTypeId': 3, 'showToBuyer': True, 'hideInMock': False, 'siteAddedListingNote': False, 'aisleListingNoteWithSplit': False, 'listingNoteDescriptionContentId': 3338095, 'formattedListingNoteDescription': ""You'll have an unrestricted view of the show.""}]","[{'listingNoteBucketId': 27, 'formattedListingNoteContent': 'Clear view', 'displayOrder': 8, 'showsRawNoteText': True, 'sourceListingNoteId': -1}]",2113240,False,False,Row 18,False,2229611,"¥2,229,611","¥2,229,611",,,,10,Mobile Transfer ticket,3,1,EUR,JPY,8085.0,EUR,"https://img.vggcdn.net/img/vfsimage2/812551/594_122810/0.jpg?im=Resize=(500,271)&v=771",6 days ago,6.8,False,False,False,False,%2fiZVbWFzecUX7BYyFsODl7d54DR1RrqQZsAw248v2W0%3d,False,2026-07-13T08:12:52.8770000Z,False,False,False,False,False,False,0,False,False,False,False,False,0,False,False,0,13342704913,False,2CBAEA1C-C719-4768-A50B-4BD0790F7DA1,False,False,True,3,6.7600009716384655,1.290964734,,,,,,,"[{'message': 'Popular Pick', 'qualifier': '163 tickets sold for this event', 'hasValue': True, 'messageType': 'BoughtInLastHourSocialProofBased'}]",[],,,,,,,,,
13370322493,153020449,Spain Supporters Value Tier,2447959,Spain Supporters Value Tier,2,,_,,,,False,False,6,,False,False,"[1, 2, 3, 4, 5, 6]",1666,Spain Supporters,6,True,"[{'listingNoteId': -1, 'listingNoteContentId': 3338094, 'formattedListingNoteContent': 'Clear view', 'listingNoteTypeId': 3, 'showToBuyer': True, 'hideInMock': False, 'siteAddedListingNote': False, 'aisleListingNoteWithSplit': False, 'listingNoteDescriptionContentId': 3338095, 'formattedListingNoteDescription': ""You'll have an unrestricted view of the show.""}]","[{'listingNoteBucketId': 27, 'formattedListingNoteContent': 'Clear view', 'displayOrder': 8, 'showsRawNoteText': True, 'sourceListingNoteId': -1}]",4847589,False,False,Row,True,2229920,"¥2,229,920","¥2,229,920",,,,10,Mobile Transfer ticket,3,1,EUR,JPY,9000.0,EUR,"https://img.vggcdn.net/img/vfsimage2/812551/1666_2447959/0.jpg?im=Resize=(500,271)&v=771",3 days ago,7.0,False,False,False,False,R3Ot6TLQGRnNyQ0I%2bawptbpUuL7C2FIeDnOAA74O7Wc%3d,False,2026-07-16T09:58:21.7200000Z,False,False,False,False,False,False,0,False,False,False,False,False,0,False,False,0,13370322493,False,5590C4F7-3B29-4562-91B7-407AD771DCE9,False,False,True,3,6.975805210816674,1.325108567,Last tickets,True,,,,,"[{'message': 'Popular Pick', 'qualifier': '163 tickets sold for this event', 'hasValue': True, 'messageType': 'BoughtInLastHourSocialProofBased'}]",[],,,,,,,,,
13394029114,153020449,144,122809,144,2,21,_,,,,False,False,6,,False,False,"[1, 2, 3, 4, 6]",594,Lower,6,True,"[{'listingNoteId': -1, 'listingNoteContentId': 3338094, 'formattedListingNoteContent': 'Clear view', 'listingNoteTypeId': 3, 'showToBuyer': True, 'hideInMock': False, 'siteAddedListingNote': False, 'aisleListingNoteWithSplit': False, 'listingNoteDescriptionContentId': 3338095, 'formattedListingNoteDescription': ""You'll have an unrestricted view of the show.""}]","[{'listingNoteBucketId': 27, 'formattedListingNoteContent': 'Clear view', 'displayOrder': 8, 'showsRawNoteText': True, 'sourceListingNoteId': -1}]",2113213,False,False,Row 21,False,2437773,"¥2,437,773","¥2,437,773","¥3,261,844",25.0,"¥824,071",10,Mobile Transfer ticket,3,1,USD,JPY,0.0,USD,"https://img.vggcdn.net/img/vfsimage2/812551/594_122809/0.jpg?im=Resize=(500,271)&v=771",12 hours ago,6.5,False,False,False,False,OzSDnPcOx5X5%2fdsd%2bOvvC5IhHZyc3T9NU%2b9NDRgpN98%3d,False,2026-07-19T01:20:07.4600000Z,False,False,False,False,False,False,0,False,False,False,False,False,0,False,False,0,13394029114,False,C2D87200-9CBD-4547-93A6-9719B161BA85,False,False,True,3,6.548651196937071,1.377933829,,,,,,,"[{'message': 'Popular Pick', 'qualifier': '163 tickets sold for this event', 'hasValue': True, 'messageType': 'BoughtInLastHourSocialProofBased'}]",[],,,,,,,,,
13395860258,153020449,Middle,1546668,Middle,3,XX,_,,,,False,False,18,,False,False,"[1, 2, 3, 4]",471,Middle,4,True,"[{'listingNoteId': -1, 'listingNoteContentId': 3338094, 'formattedListingNoteContent': 'Clear view', 'listingNoteTypeId': 3, 'showToBuyer': True, 'hideInMock': False, 'siteAddedListingNote': False, 'aisleListingNoteWithSplit': False, 'listingNoteDescriptionContentId': 3338095, 'formattedListingNoteDescription': ""You'll have an unrestricted view of the show.""}]","[{'listingNoteBucketId': 27, 'formattedListingNoteContent': 'Clear view', 'displayOrder': 8, 'showsRawNoteText': True, 'sourceListingNoteId': -1}]",1641235,False,False,Row XX,True,2477614,"¥2,477,614","¥2,477,614",,,,10,Mobile Transfer ticket,3,1,EUR,JPY,5555.0,EUR,"https://img.vggcdn.net/img/vfsimage2/812551/471_1546668/0.jpg?im=Resize=(500,271)&v=771",5 hours ago,0.0,False,False,True,False,c7r5Qu8IM%2bzJqRf1zk4K8hmWoc0CC%2b2H0vXWubyltNk%3d,False,2026-07-19T08:49:39.9330000Z,False,False,False,False,False,False,0,False,False,False,False,False,0,False,False,0,13395860258,False,BE190969-47B7-4893-B51A-8DE583EC656E,False,False,True,0,,,Last tickets,True,,,,,"[{'message': 'Popular Pick', 'qualifier': '163 tickets sold for this event', 'hasValue': True, 'messageType': 'BoughtInLastHourSocialProofBased'}]",[],,,,,,,,,
13315759067,153020449,116,122791,116,2,12,15_15,,,15,False,False,1,,False,False,[1],594,Lower,1,True,"[{'listingNoteId': -1, 'listingNoteContentId': 3338094, 'formattedListingNoteContent': 'Clear view', 'listingNoteTypeId': 3, 'showToBuyer': True, 'hideInMock': False, 'siteAddedListingNote': False, 'aisleListingNoteWithSplit': False, 'listingNoteDescriptionContentId': 3338095, 'formattedListingNoteDescription': ""You'll have an unrestricted view of the show.""}]","[{'listingNoteBucketId': 27, 'formattedListingNoteContent': 'Clear view', 'displayOrder': 8, 'showsRawNoteText': True, 'sourceListingNoteId': -1}]",2112516,False,False,Row 12,False,2534604,"¥2,534,604","¥2,534,604",,,,10,Mobile Transfer ticket,3,1,USD,JPY,22750.0,USD,"https://img.vggcdn.net/img/vfsimage2/812551/594_122791/0.jpg?im=Resize=(500,271)&v=771",8 days ago,9.0,False,False,False,False,RXfJHCT5L%2bBrFimdpMqSm%2buPI5RusmbpHFIcv7vHXvQ%3d,False,2026-07-10T15:25:05.9170000Z,False,False,False,False,False,False,0,False,False,False,False,False,0,False,False,0,13315759067,False,68ECDFC1-73BE-47CD-A635-D5E034393F62,False,False,True,5,8.97237671096852,2.158139095,,,,,,,"[{'message': 'Amazing Value', 'qualifier': 'Based on price, view, seat quality and more', 'hasValue': True, 'messageType': 'ValueBased'}, {'message': 'Popular Pick', 'qualifier': '163 tickets sold for this event', 'hasValue': True, 'messageType': 'BoughtInLastHourSocialProofBased'}]",[],,,,,,,,,
13348807789,153020449,108,122786,108,2,13,_,,,,False,False,4,,False,False,"[1, 2, 3, 4]",594,Lower,4,True,"[{'listingNoteId': 2027, 'listingNoteContentId': 3415845, 'formattedListingNoteContent': 'Third Row of Section', 'listingNoteTypeId': 6, 'showToBuyer': True, 'hideInMock': False, 'siteAddedListingNote': False, 'aisleListingNoteWithSplit': False, 'listingNoteDescriptionContentId': 3415845, 'formattedListingNoteDescription': 'Third Row of Section'}, {'listingNoteId': -1, 'listingNoteContentId': 3338094, 'formattedListingNoteContent': 'Clear view', 'listingNoteTypeId': 3, 'showToBuyer': True, 'hideInMock': False, 'siteAddedListingNote': False, 'aisleListingNoteWithSplit': False, 'listingNoteDescriptionContentId': 3338095, 'formattedListingNoteDescription': ""You'll have an unrestricted view of the show.""}]","[{'listingNoteBucketId': 14, 'formattedListingNoteContent': 'Third Row of Section', 'displayOrder': 14, 'showsRawNoteText': True, 'sourceListingNoteId': 2027}, {'listingNoteBucketId': 27, 'formattedListingNoteContent': 'Clear view', 'displayOrder': 8, 'showsRawNoteText': True, 'sourceListingNoteId': -1}]",2112256,False,False,Row 13,False,2555560,"¥2,555,560","¥2,555,560","¥5,070,301",50.0,"¥2,514,741",10,Mobile Transfer ticket,3,1,USD,JPY,0.0,USD,"https://img.vggcdn.net/img/vfsimage2/812551/594_122786/0.jpg?im=Resize=(500,271)&v=771",4 days ago,7.1,False,False,False,False,6zj5SrgxdiSahutUcrNnX%2fprtYbF0wxZvx7CAQvBHAQ%3d,False,2026-07-14T14:41:08.2870000Z,False,False,False,False,False,False,0,False,False,False,False,False,0,False,False,0,13348807789,False,4C2E93D0-5473-44A1-AC96-2506EE937C2E,False,False,True,4,7.056138454653719,1.539938978,,,,,,,"[{'message': 'Great Value', 'qualifier': 'Based on price, view, seat quality and more', 'hasValue': True, 'messageType': 'ValueBased'}, {'message': 'Popular Pick', 'qualifier': '163 tickets sold for this event', 'hasValue': True, 'messageType': 'BoughtInLastHourSocialProofBased'}, {'message': 'Third Row', 'qualifier': 'Excellent proximity to the action', 'hasValue': True, 'messageType': 'ThirdRowTicketAttributeBased'}]",[2027],,,,,,,,,
13396722205,153020449,209,122842,209,2,8,_,,,,False,False,3,,False,False,"[1, 2, 3]",471,Middle,3,True,"[{'listingNoteId': -1, 'listingNoteContentId': 3338094, 'formattedListingNoteContent': 'Clear view', 'listingNoteTypeId': 3, 'showToBuyer': True, 'hideInMock': False, 'siteAddedListingNote': False, 'aisleListingNoteWithSplit': False, 'listingNoteDescriptionContentId': 3338095, 'formattedListingNoteDescription': ""You'll have an unrestricted view of the show.""}]","[{'listingNoteBucketId': 27, 'formattedListingNoteContent': 'Clear view', 'displayOrder': 8, 'showsRawNoteText': True, 'sourceListingNoteId': -1}]",702842,False,False,Row 8,False,2555560,"¥2,555,560","¥2,555,560",,,,10,Mobile Transfer ticket,3,1,USD,JPY,9000.0,USD,"https://img.vggcdn.net/img/vfsimage2/812551/471_122842/0.jpg?im=Resize=(500,271)&v=771",an hour ago,5.0,False,False,False,False,6zj5SrgxdiSahutUcrNnX%2fprtYbF0wxZvx7CAQvBHAQ%3d,False,2026-07-19T12:33:52.5030000Z,False,False,False,False,False,False,0,False,False,False,False,False,0,False,False,0,13396722205,False,2A707557-E00D-4C53-AD30-FA24C39E9022,False,False,True,2,4.958259776454355,1.213889241,Last tickets,True,,,,,"[{'message': 'Popular Pick', 'qualifier': '163 tickets sold for this event', 'hasValue': True, 'messageType': 'BoughtInLastHourSocialProofBased'}]",[],,,,,,,,,
13369851322,153020449,144,122809,144,2,13,13_14,,,13,False,False,2,,False,False,"[1, 2]",594,Lower,2,True,"[{'listingNoteId': -1, 'listingNoteContentId': 3338094, 'formattedListingNoteContent': 'Clear view', 'listingNoteTypeId': 3, 'showToBuyer': True, 'hideInMock': False, 'siteAddedListingNote': False, 'aisleListingNoteWithSplit': False, 'listingNoteDescriptionContentId': 3338095, 'formattedListingNoteDescription': ""You'll have an unrestricted view of the show.""}]","[{'listingNoteBucketId': 27, 'formattedListingNoteContent': 'Clear view', 'displayOrder': 8, 'showsRawNoteText': True, 'sourceListingNoteId': -1}]",2113205,False,False,Row 13,False,2675815,"¥2,675,815","¥2,675,815","¥3,699,322",28.0,"¥1,023,507",10,Mobile Transfer ticket,3,1,EUR,JPY,1000.0,EUR,"https://img.vggcdn.net/img/vfsimage2/812551/594_122809/0.jpg?im=Resize=(500,271)&v=771",3 days ago,6.7,False,False,False,False,bmoPJoUOfiJIUkrYMBYlWOwdj6fkGOan1wmB9N62CKM%3d,False,2026-07-16T08:25:35.6600000Z,False,False,False,False,False,False,0,False,False,False,False,False,0,False,False,0,13369851322,False,B0DDB276-DDFB-4830-8EC8-7BDAD3D613F8,False,False,True,3,6.706344337060633,1.540794125,,,,,,,"[{'message': 'Popular Pick', 'qualifier': '163 tickets sold for this event', 'hasValue': True, 'messageType': 'BoughtInLastHourSocialProofBased'}]",[],,,,,,,,,
13387832166,153020449,117,122792,117,2,15,21_21,21,21,21,False,False,1,,False,False,[1],594,Lower,1,True,"[{'listingNoteId': 814, 'listingNoteContentId': 2446060, 'formattedListingNoteContent': 'Limited or Obstructed View (printed on ticket)', 'listingNoteTypeId': 1, 'showToBuyer': True, 'hideInMock': False, 'siteAddedListingNote': False, 'aisleListingNoteWithSplit': False, 'listingNoteDescriptionContentId': 2446061, 'formattedListingNoteDescription': 'Limited or Obstructed View (printed on ticket)'}]","[{'listingNoteBucketId': 21, 'formattedListingNoteContent': 'Limited view', 'displayOrder': 21, 'showsRawNoteText': False}]",2112554,False,False,Row 15,False,2680344,"¥2,680,344","¥2,680,344",,,,10,Mobile Transfer ticket,3,1,EUR,JPY,11000.0,EUR,"https://img.vggcdn.net/img/vfsimage2/812551/594_122792/0.jpg?im=Resize=(500,271)&v=771",yesterday,7.6,False,False,False,False,W03Pv%2bRdhClI9%2f5R1UDHl%2b%2bEQKBZVfVE95xq74JVMWk%3d,False,2026-07-18T01:07:27.2570000Z,False,False,False,False,False,False,0,False,False,False,False,False,0,False,False,0,13387832166,False,CBF86873-51F6-4787-B71B-818FAD731F38,False,False,True,4,7.5935716271846445,1.741732796,,,,,,,"[{'message': 'Great Value', 'qualifier': 'Based on price, view, seat quality and more', 'hasValue': True, 'messageType': 'ValueBased'}, {'message': 'Popular Pick', 'qualifier': '163 tickets sold for this event', 'hasValue': True, 'messageType': 'BoughtInLastHourSocialProofBased'}]",[],,,,,,,,,
13082004275,153020449,121,122794,121,2,15,15_15,15,15,15,False,False,1,,False,False,[1],594,Lower,1,True,"[{'listingNoteId': -1, 'listingNoteContentId': 3338094, 'formattedListingNoteContent': 'Clear view', 'listingNoteTypeId': 3, 'showToBuyer': True, 'hideInMock': False, 'siteAddedListingNote': False, 'aisleListingNoteWithSplit': False, 'listingNoteDescriptionContentId': 3338095, 'formattedListingNoteDescription': ""You'll have an unrestricted view of the show.""}]","[{'listingNoteBucketId': 27, 'formattedListingNoteContent': 'Clear view', 'displayOrder': 8, 'showsRawNoteText': True, 'sourceListingNoteId': -1}]",2112627,False,False,Row 15,False,2719793,"¥2,719,793","¥2,719,793",,,,10,Mobile Transfer ticket,3,1,USD,JPY,,USD,"https://img.vggcdn.net/img/vfsimage2/812551/594_122794/0.jpg?im=Resize=(500,271)&v=771",29 days ago,5.5,False,False,False,False,rrCBgESVrS2yGkCbBuqquiRhu6EMny0mBs%2bkHJkLfgY%3d,False,2026-06-20T03:35:06.4300000Z,False,False,False,False,False,False,0,False,False,False,False,False,0,False,False,0,13082004275,False,5AFC36AE-41E3-4579-8808-2A7DEE6EA7EE,False,False,True,3,5.519209526506796,1.372853714,,,,,,,"[{'message': 'Popular Pick', 'qualifier': '163 tickets sold for this event', 'hasValue': True, 'messageType': 'BoughtInLastHourSocialProofBased'}]",[],,,,,,,,,
13395450880,153020449,223,122854,223,2,2,_,,,,False,False,1,,False,False,[1],471,Middle,1,True,"[{'listingNoteId': 2026, 'listingNoteContentId': 3415844, 'formattedListingNoteContent': 'Second Row of Section', 'listingNoteTypeId': 6, 'showToBuyer': True, 'hideInMock': False, 'siteAddedListingNote': False, 'aisleListingNoteWithSplit': False, 'listingNoteDescriptionContentId': 3415844, 'formattedListingNoteDescription': 'Second Row of Section'}, {'listingNoteId': -1, 'listingNoteContentId': 3338094, 'formattedListingNoteContent': 'Clear view', 'listingNoteTypeId': 3, 'showToBuyer': True, 'hideInMock': False, 'siteAddedListingNote': False, 'aisleListingNoteWithSplit': False, 'listingNoteDescriptionContentId': 3338095, 'formattedListingNoteDescription': ""You'll have an unrestricted view of the show.""}]","[{'listingNoteBucketId': 14, 'formattedListingNoteContent': 'Second Row of Section', 'displayOrder': 14, 'showsRawNoteText': True, 'sourceListingNoteId': 2026}, {'listingNoteBucketId': 27, 'formattedListingNoteContent': 'Clear view', 'displayOrder': 8, 'showsRawNoteText': True, 'sourceListingNoteId': -1}]",703021,False,False,Row 2,False,2729540,"¥2,729,540","¥2,729,540",,,,10,Mobile Transfer ticket,3,1,USD,JPY,1000.0,USD,"https://img.vggcdn.net/img/vfsimage2/812551/471_122854/0.jpg?im=Resize=(500,271)&v=771",7 hours ago,4.2,False,False,False,False,dox2LBM5ZrHShYT0Uhu0xxcAo%2bgVQzyrviEno0khaLE%3d,False,2026-07-19T06:16:12.6300000Z,False,False,False,False,False,False,0,False,False,False,False,False,0,False,False,0,13395450880,False,7C32903A-129B-4C63-8349-42A94E519F69,False,False,True,2,4.1583592148822,1.126326281,,,,,,,"[{'message': 'Popular Pick', 'qualifier': '163 tickets sold for this event', 'hasValue': True, 'messageType': 'BoughtInLastHourSocialProofBased'}, {'message': 'Second Row', 'qualifier': 'Premium close-up view', 'hasValue': True, 'messageType': 'SecondRowTicketAttributeBased'}]",[2026],,,,,,,,,
13395450881,153020449,223,122854,223,2,3,_,,,,False,False,1,,False,False,[1],471,Middle,1,True,"[{'listingNoteId': 2027, 'listingNoteContentId': 3415845, 'formattedListingNoteContent': 'Third Row of Section', 'listingNoteTypeId': 6, 'showToBuyer': True, 'hideInMock': False, 'siteAddedListingNote': False, 'aisleListingNoteWithSplit': False, 'listingNoteDescriptionContentId': 3415845, 'formattedListingNoteDescription': 'Third Row of Section'}, {'listingNoteId': -1, 'listingNoteContentId': 3338094, 'formattedListingNoteContent': 'Clear view', 'listingNoteTypeId': 3, 'showToBuyer': True, 'hideInMock': False, 'siteAddedListingNote': False, 'aisleListingNoteWithSplit': False, 'listingNoteDescriptionContentId': 3338095, 'formattedListingNoteDescription': ""You'll have an unrestricted view of the show.""}]","[{'listingNoteBucketId': 14, 'formattedListingNoteContent': 'Third Row of Section', 'displayOrder': 14, 'showsRawNoteText': True, 'sourceListingNoteId': 2027}, {'listingNoteBucketId': 27, 'formattedListingNoteContent': 'Clear view', 'displayOrder': 8, 'showsRawNoteText': True, 'sourceListingNoteId': -1}]",703022,False,False,Row 3,False,2729540,"¥2,729,540","¥2,729,540",,,,10,Mobile Transfer ticket,3,1,USD,JPY,1000.0,USD,"https://img.vggcdn.net/img/vfsimage2/812551/471_122854/0.jpg?im=Resize=(500,271)&v=771",7 hours ago,4.0,False,False,False,False,dox2LBM5ZrHShYT0Uhu0xxcAo%2bgVQzyrviEno0khaLE%3d,False,2026-07-19T06:16:12.6430000Z,False,False,False,False,False,False,0,False,False,False,False,False,0,False,False,0,13395450881,False,7085F5DC-C84B-4512-AC05-8CBC8E0690F9,False,False,True,2,3.9652506209460014,1.091724697,,,,,,,"[{'message': 'Popular Pick', 'qualifier': '163 tickets sold for this event', 'hasValue': True, 'messageType': 'BoughtInLastHourSocialProofBased'}, {'message': 'Third Row', 'qualifier': 'Excellent proximity to the action', 'hasValue': True, 'messageType': 'ThirdRowTicketAttributeBased'}]",[2027],,,,,,,,,
13392490498,153020449,115C,1530769,115C,2,4,3_3,,,3,False,False,1,,False,False,[1],594,Lower,1,True,"[{'listingNoteId': -1, 'listingNoteContentId': 3338094, 'formattedListingNoteContent': 'Clear view', 'listingNoteTypeId': 3, 'showToBuyer': True, 'hideInMock': False, 'siteAddedListingNote': False, 'aisleListingNoteWithSplit': False, 'listingNoteDescriptionContentId': 3338095, 'formattedListingNoteDescription': ""You'll have an unrestricted view of the show.""}]","[{'listingNoteBucketId': 27, 'formattedListingNoteContent': 'Clear view', 'displayOrder': 8, 'showsRawNoteText': True, 'sourceListingNoteId': -1}]",1641167,False,False,Row 4,False,2732269,"¥2,732,269","¥2,732,269",,,,10,Mobile Transfer ticket,3,1,USD,JPY,1490.0,USD,"https://img.vggcdn.net/img/vfsimage2/812551/594_1530769/0.jpg?im=Resize=(500,271)&v=771",18 hours ago,9.7,False,False,False,False,5fVbdWPXXliCHQ4Il9iOVAlxJ%2f7h0Hame%2btUEyeQuic%3d,False,2026-07-18T19:19:12.6630000Z,False,False,False,False,False,False,0,False,False,False,False,False,0,False,False,0,13392490498,False,FFAE1590-0CDC-47D5-AAB0-565FE3D87000,False,False,True,5,9.714965507083072,2.963876826,,,,,,,"[{'message': 'Amazing Value', 'qualifier': 'Based on price, view, seat quality and more', 'hasValue': True, 'messageType': 'ValueBased'}, {'message': 'Popular Pick', 'qualifier': '163 tickets sold for this event', 'hasValue': True, 'messageType': 'BoughtInLastHourSocialProofBased'}]",[],,,,,,,,,
13121144562,153020449,143,122808,143,2,10,6_,,,6,False,False,1,,False,False,[1],594,Lower,1,True,"[{'listingNoteId': -1, 'listingNoteContentId': 3338094, 'formattedListingNoteContent': 'Clear view', 'listingNoteTypeId': 3, 'showToBuyer': True, 'hideInMock': False, 'siteAddedListingNote': False, 'aisleListingNoteWithSplit': False, 'listingNoteDescriptionContentId': 3338095, 'formattedListingNoteDescription': ""You'll have an unrestricted view of the show.""}]","[{'listingNoteBucketId': 27, 'formattedListingNoteContent': 'Clear view', 'displayOrder': 8, 'showsRawNoteText': True, 'sourceListingNoteId': -1}]",2113169,False,False,Row 10,False,2787288,"¥2,787,288","¥2,787,288",,,,10,Mobile Transfer ticket,3,1,EUR,JPY,1000.0,EUR,"https://img.vggcdn.net/img/vfsimage2/812551/594_122808/0.jpg?im=Resize=(500,271)&v=771",25 days ago,8.1,False,False,False,False,m634BVmmVzB1yApA4VoaTAxaiQdeE75R8VA4mEdBpfs%3d,False,2026-06-23T18:15:21.6330000Z,False,False,False,False,False,False,0,False,False,False,False,False,0,False,False,0,13121144562,False,B9AE88EA-3A3D-4030-A358-7CA973B2CC5C,False,False,True,4,8.125740571360446,1.963630207,,,,,,,"[{'message': 'Great Value', 'qualifier': 'Based on price, view, seat quality and more', 'hasValue': True, 'messageType': 'ValueBased'}, {'message': 'Popular Pick', 'qualifier': '163 tickets sold for this event', 'hasValue': True, 'messageType': 'BoughtInLastHourSocialProofBased'}]",[],,,,,,,,,
13393677300,153020449,135,122803,135,2,29,5_5,5,5,5,False,False,1,,False,False,[1],594,Lower,1,True,"[{'listingNoteId': -1, 'listingNoteContentId': 3338094, 'formattedListingNoteContent': 'Clear view', 'listingNoteTypeId': 3, 'showToBuyer': True, 'hideInMock': False, 'siteAddedListingNote': False, 'aisleListingNoteWithSplit': False, 'listingNoteDescriptionContentId': 3338095, 'formattedListingNoteDescription': ""You'll have an unrestricted view of the show.""}]","[{'listingNoteBucketId': 27, 'formattedListingNoteContent': 'Clear view', 'displayOrder': 8, 'showsRawNoteText': True, 'sourceListingNoteId': -1}]",2113043,False,False,Row 29,False,2900813,"¥2,900,813","¥2,900,813",,,,10,Mobile Transfer ticket,3,1,EUR,JPY,11000.0,EUR,"https://img.vggcdn.net/img/vfsimage2/812551/594_122803/0.jpg?im=Resize=(500,271)&v=771",14 hours ago,6.1,False,False,False,False,GzFbzEH9867urtk0IjeJaWTkAkcTbfDcgog6w5TtLGA%3d,False,2026-07-18T23:44:28.9370000Z,False,False,False,False,False,False,0,False,False,False,False,False,0,False,False,0,13393677300,False,ECAC6623-3270-48E1-B0A8-F898CBC2F3C9,False,False,True,3,6.1206077887516335,1.561885738,Last ticket,True,,,,,"[{'message': 'Popular Pick', 'qualifier': '163 tickets sold for this event', 'hasValue': True, 'messageType': 'BoughtInLastHourSocialProofBased'}]",[],,,,,,,,,
13081692481,153020449,346,122939,346,2,18,24_24,,,24,False,False,1,,False,False,[1],407,Upper,1,True,"[{'listingNoteId': -1, 'listingNoteContentId': 3338094, 'formattedListingNoteContent': 'Clear view', 'listingNoteTypeId': 3, 'showToBuyer': True, 'hideInMock': False, 'siteAddedListingNote': False, 'aisleListingNoteWithSplit': False, 'listingNoteDescriptionContentId': 3338095, 'formattedListingNoteDescription': ""You'll have an unrestricted view of the show.""}]","[{'listingNoteBucketId': 27, 'formattedListingNoteContent': 'Clear view', 'displayOrder': 8, 'showsRawNoteText': True, 'sourceListingNoteId': -1}]",2113956,False,False,Row 18,False,2929975,"¥2,929,975","¥2,929,975","¥5,419,449",46.0,"¥2,489,474",10,Mobile Transfer ticket,3,1,EUR,JPY,1720.0,EUR,"https://img.vggcdn.net/img/vfsimage2/812551/407_122939/0.jpg?im=Resize=(500,271)&v=771",29 days ago,2.3,False,False,False,False,CAcRhqn9wLRHmAWJy549pLGSFPRltQfAz%2fUe6HXpcf0%3d,False,2026-06-20T02:50:38.9870000Z,False,False,False,False,False,False,0,False,False,False,False,False,0,False,False,0,13081692481,False,DAE292E9-1DA1-43E3-B378-A70E601E00B2,False,False,True,1,2.2969229977153818,0.7804819445,Last ticket,True,,,,,"[{'message': 'Popular Pick', 'qualifier': '163 tickets sold for this event', 'hasValue': True, 'messageType': 'BoughtInLastHourSocialProofBased'}]",[],,,,,,,,,
13387557960,153020449,210,122843,210,2,12,100_,,,100,False,False,2,,False,False,"[1, 2]",471,Middle,2,True,"[{'listingNoteId': -1, 'listingNoteContentId': 3338094, 'formattedListingNoteContent': 'Clear view', 'listingNoteTypeId': 3, 'showToBuyer': True, 'hideInMock': False, 'siteAddedListingNote': False, 'aisleListingNoteWithSplit': False, 'listingNoteDescriptionContentId': 3338095, 'formattedListingNoteDescription': ""You'll have an unrestricted view of the show.""}]","[{'listingNoteBucketId': 27, 'formattedListingNoteContent': 'Clear view', 'displayOrder': 8, 'showsRawNoteText': True, 'sourceListingNoteId': -1}]",702858,False,False,Row 12,False,3088358,"¥3,088,358","¥3,088,358",,,,10,Mobile Transfer ticket,3,1,AED,JPY,400.0,AED,"https://img.vggcdn.net/img/vfsimage2/812551/471_122843/0.jpg?im=Resize=(500,271)&v=771",yesterday,4.1,False,False,False,False,dNsAHoWzIC2T48TSyZkdlYANXNeWtl2alak%2fWIikY%2bg%3d,False,2026-07-18T00:06:56.1000000Z,False,False,False,False,False,False,0,False,False,False,False,False,0,False,False,0,13387557960,False,1BFD067A-3C61-4BA6-A9DD-083F8C65675A,False,False,True,2,4.107204635986189,1.263804131,Last tickets,True,,,,,"[{'message': 'Popular Pick', 'qualifier': '163 tickets sold for this event', 'hasValue': True, 'messageType': 'BoughtInLastHourSocialProofBased'}]",[],,,,,,,,,
13367629921,153020449,Spain Supporters Standard Tier,2447958,Spain Supporters Standard Tier,2,,_,,,,False,False,2,,False,False,"[1, 2]",1666,Spain Supporters,2,True,"[{'listingNoteId': -1, 'listingNoteContentId': 3338094, 'formattedListingNoteContent': 'Clear view', 'listingNoteTypeId': 3, 'showToBuyer': True, 'hideInMock': False, 'siteAddedListingNote': False, 'aisleListingNoteWithSplit': False, 'listingNoteDescriptionContentId': 3338095, 'formattedListingNoteDescription': ""You'll have an unrestricted view of the show.""}]","[{'listingNoteBucketId': 27, 'formattedListingNoteContent': 'Clear view', 'displayOrder': 8, 'showsRawNoteText': True, 'sourceListingNoteId': -1}]",4847588,False,False,Row,True,3119410,"¥3,119,410","¥3,119,410",,,,10,Mobile Transfer ticket,3,1,USD,JPY,10000.0,USD,"https://img.vggcdn.net/img/vfsimage2/812551/1666_2447958/0.jpg?im=Resize=(500,271)&v=771",3 days ago,4.0,False,False,False,False,igjMyzQP1%2bbqxfI%2b5AH3VhvvTkEJSdl4rwm2TVEgpHI%3d,False,2026-07-16T04:58:48.2230000Z,False,False,False,False,False,False,0,False,False,False,False,False,0,False,False,0,13367629921,False,0EC0A9EF-2D3A-43EB-B569-E881DC4FCE9D,False,False,True,2,4.013826907137824,1.25740229,Last tickets,True,,,,,"[{'message': 'Popular Pick', 'qualifier': '163 tickets sold for this event', 'hasValue': True, 'messageType': 'BoughtInLastHourSocialProofBased'}]",[],,,,,,,,,
13388153094,153020449,5 S23,1538844,5 S23,2,3,1_2,,,1,False,False,2,,False,False,"[1, 2]",17325,Suite Level 5 East,2,True,"[{'listingNoteId': -1, 'listingNoteContentId': 3338094, 'formattedListingNoteContent': 'Clear view', 'listingNoteTypeId': 3, 'showToBuyer': True, 'hideInMock': False, 'siteAddedListingNote': False, 'aisleListingNoteWithSplit': False, 'listingNoteDescriptionContentId': 3338095, 'formattedListingNoteDescription': ""You'll have an unrestricted view of the show.""}]","[{'listingNoteBucketId': 14, 'formattedListingNoteContent': 'Aisle seat', 'displayOrder': 14, 'showsRawNoteText': True, 'sourceListingNoteId': 2024}, {'listingNoteBucketId': 27, 'formattedListingNoteContent': 'Clear view', 'displayOrder': 8, 'showsRawNoteText': True, 'sourceListingNoteId': -1}]",1614228,False,False,Row 3,True,3158397,"¥3,158,397","¥3,158,397",,,,10,Mobile Transfer ticket,3,1,USD,JPY,8500.0,USD,"https://img.vggcdn.net/img/vfsimage2/812551/17325_1538844/0.jpg?im=Resize=(500,271)&v=771",yesterday,10.0,False,False,False,False,LwoNpL0fwWm%2bqxvtOVX5Xm9eqYksECgwbU%2fkF4BlJdw%3d,False,2026-07-18T02:14:39.5970000Z,False,True,False,False,False,False,0,False,False,False,False,False,0,False,False,0,13388153094,False,89C6B9E5-B066-41CB-84F3-3C9E45634C3E,False,False,True,5,10,3.82885906,,,,,,,"[{'message': 'Amazing Value', 'qualifier': 'Based on price, view, seat quality and more', 'hasValue': True, 'messageType': 'ValueBased'}, {'message': 'Popular Pick', 'qualifier': '163 tickets sold for this event', 'hasValue': True, 'messageType': 'BoughtInLastHourSocialProofBased'}, {'message': 'Aisle Seat', 'qualifier': 'Easy access to your seat', 'hasValue': True, 'messageType': 'AisleSeatTicketAttributeBased'}]",[2024],,,,,,,Best deal,True,6aa8a73f-b069-4147-a316-ffc9e9280c2b
13392420232,153020449,332,122925,332,2,16,2_2,2,2,2,False,False,1,,False,False,[1],407,Upper,1,True,"[{'listingNoteId': -1, 'listingNoteContentId': 3338094, 'formattedListingNoteContent': 'Clear view', 'listingNoteTypeId': 3, 'showToBuyer': True, 'hideInMock': False, 'siteAddedListingNote': False, 'aisleListingNoteWithSplit': False, 'listingNoteDescriptionContentId': 3338095, 'formattedListingNoteDescription': ""You'll have an unrestricted view of the show.""}]","[{'listingNoteBucketId': 27, 'formattedListingNoteContent': 'Clear view', 'displayOrder': 8, 'showsRawNoteText': True, 'sourceListingNoteId': -1}]",704215,False,False,Row 16,False,3237346,"¥3,237,346","¥3,237,346",,,,10,Mobile Transfer ticket,3,1,USD,JPY,,USD,"https://img.vggcdn.net/img/vfsimage2/812551/407_122925/0.jpg?im=Resize=(500,271)&v=771",19 hours ago,2.4,False,False,False,False,8Cko3Ow148wIzqIFQbDPhWQB27zUFUMgjBOxK8%2fNvFY%3d,False,2026-07-18T19:00:17.8600000Z,False,False,False,False,False,False,0,False,False,False,False,False,0,False,False,0,13392420232,False,FA78A60B-D165-492E-BB52-36A155781CFB,False,False,True,1,2.373944882102074,0.9202951426,Last ticket,True,,,,,"[{'message': 'Popular Pick', 'qualifier': '163 tickets sold for this event', 'hasValue': True, 'messageType': 'BoughtInLastHourSocialProofBased'}]",[],Fan favorite,This section is in the top 10% of sections for this event when ranked based on a count of successful sales over the past 7 days on our site,True,,,,,,
13393422628,153020449,235,122862,235,2,11,_,,,,False,False,1,,False,False,[1],471,Middle,1,True,"[{'listingNoteId': 263, 'listingNoteContentId': 2444900, 'formattedListingNoteContent': 'VIP Club', 'listingNoteTypeId': 3, 'showToBuyer': True, 'hideInMock': False, 'siteAddedListingNote': False, 'aisleListingNoteWithSplit': False, 'listingNoteDescriptionContentId': 2444901, 'formattedListingNoteDescription': 'VIP Club - Club opens 90 minutes prior to tipoff and offers access to a lounge area with televisions, plush seating and private restrooms as well as all-inclusive food, draft beer, and house wine'}, {'listingNoteId': 424, 'listingNoteContentId': 2445241, 'formattedListingNoteContent': 'Access to VIP Club', 'listingNoteTypeId': 3, 'showToBuyer': True, 'hideInMock': False, 'siteAddedListingNote': False, 'aisleListingNoteWithSplit': False, 'formattedListingNoteDescription': ''}, {'listingNoteId': 1367, 'listingNoteContentId': 2447255, 'formattedListingNoteContent': 'Includes club access', 'listingNoteTypeId': 3, 'showToBuyer': True, 'hideInMock': False, 'siteAddedListingNote': False, 'aisleListingNoteWithSplit': False, 'listingNoteDescriptionContentId': 2447256, 'formattedListingNoteDescription': 'Includes club access'}, {'listingNoteId': -1, 'listingNoteContentId': 3338094, 'formattedListingNoteContent': 'Clear view', 'listingNoteTypeId': 3, 'showToBuyer': True, 'hideInMock': False, 'siteAddedListingNote': False, 'aisleListingNoteWithSplit': False, 'listingNoteDescriptionContentId': 3338095, 'formattedListingNoteDescription': ""You'll have an unrestricted view of the show.""}]","[{'listingNoteBucketId': 1, 'formattedListingNoteContent': 'VIP packages', 'displayOrder': 1, 'showsRawNoteText': False}, {'listingNoteBucketId': 4, 'formattedListingNoteContent': 'Club access', 'displayOrder': 4, 'showsRawNoteText': False}, {'listingNoteBucketId': 27, 'formattedListingNoteContent': 'Clear view', 'displayOrder': 8, 'showsRawNoteText': True, 'sourceListingNoteId': -1}]",703282,False,False,Row 11,False,3270992,"¥3,270,992","¥3,270,992",,,,10,Mobile Transfer ticket,3,1,USD,JPY,10900.0,USD,"https://img.vggcdn.net/img/vfsimage2/812551/471_122862/0.jpg?im=Resize=(500,271)&v=771",15 hours ago,5.0,False,False,False,False,pEyGgZuvus5NXfsehm%2fwGoTUqBQs0YpQpG7pjdwX3p4%3d,False,2026-07-18T22:56:27.5700000Z,False,False,False,False,False,False,0,False,False,False,False,False,0,False,False,0,13393422628,False,E87ED134-E5AF-4931-A2E1-D0AC64D29FE9,False,False,True,2,4.957559071960207,1.553572513,,,,,,,"[{'message': 'Popular Pick', 'qualifier': '163 tickets sold for this event', 'hasValue': True, 'messageType': 'BoughtInLastHourSocialProofBased'}]",[],,,,,,,,,
13394284217,153020449,235,122862,235,2,12,_,,,,False,False,3,,False,False,"[1, 3]",471,Middle,3,True,"[{'listingNoteId': 263, 'listingNoteContentId': 2444900, 'formattedListingNoteContent': 'VIP Club', 'listingNoteTypeId': 3, 'showToBuyer': True, 'hideInMock': False, 'siteAddedListingNote': False, 'aisleListingNoteWithSplit': False, 'listingNoteDescriptionContentId': 2444901, 'formattedListingNoteDescription': 'VIP Club - Club opens 90 minutes prior to tipoff and offers access to a lounge area with televisions, plush seating and private restrooms as well as all-inclusive food, draft beer, and house wine'}, {'listingNoteId': 424, 'listingNoteContentId': 2445241, 'formattedListingNoteContent': 'Access to VIP Club', 'listingNoteTypeId': 3, 'showToBuyer': True, 'hideInMock': False, 'siteAddedListingNote': False, 'aisleListingNoteWithSplit': False, 'formattedListingNoteDescription': ''}, {'listingNoteId': 1367, 'listingNoteContentId': 2447255, 'formattedListingNoteContent': 'Includes club access', 'listingNoteTypeId': 3, 'showToBuyer': True, 'hideInMock': False, 'siteAddedListingNote': False, 'aisleListingNoteWithSplit': False, 'listingNoteDescriptionContentId': 2447256, 'formattedListingNoteDescription': 'Includes club access'}, {'listingNoteId': -1, 'listingNoteContentId': 3338094, 'formattedListingNoteContent': 'Clear view', 'listingNoteTypeId': 3, 'showToBuyer': True, 'hideInMock': False, 'siteAddedListingNote': False, 'aisleListingNoteWithSplit': False, 'listingNoteDescriptionContentId': 3338095, 'formattedListingNoteDescription': ""You'll have an unrestricted view of the show.""}]","[{'listingNoteBucketId': 1, 'formattedListingNoteContent': 'VIP packages', 'displayOrder': 1, 'showsRawNoteText': False}, {'listingNoteBucketId': 4, 'formattedListingNoteContent': 'Club access', 'displayOrder': 4, 'showsRawNoteText': False}, {'listingNoteBucketId': 27, 'formattedListingNoteContent': 'Clear view', 'displayOrder': 8, 'showsRawNoteText': True, 'sourceListingNoteId': -1}]",703283,False,False,Row 12,False,3270992,"¥3,270,992","¥3,270,992",,,,10,Mobile Transfer ticket,3,1,USD,JPY,0.0,USD,"https://img.vggcdn.net/img/vfsimage2/812551/471_122862/0.jpg?im=Resize=(500,271)&v=771",11 hours ago,4.9,False,False,False,False,pEyGgZuvus5NXfsehm%2fwGoTUqBQs0YpQpG7pjdwX3p4%3d,False,2026-07-19T02:34:43.3570000Z,False,False,False,False,False,False,0,False,False,False,False,False,0,False,False,0,13394284217,False,DB717334-1BDF-40E7-84FF-4519A1D5FD58,False,False,True,2,4.871540170845129,1.528731356,,,,,,,"[{'message': 'Popular Pick', 'qualifier': '163 tickets sold for this event', 'hasValue': True, 'messageType': 'BoughtInLastHourSocialProofBased'}]",[],,,,,,,,,
13385548354,153020449,115C,1530769,115C,2,3,9_9,9,9,9,False,False,1,,False,False,[1],594,Lower,1,True,"[{'listingNoteId': 2027, 'listingNoteContentId': 3415845, 'formattedListingNoteContent': 'Third Row of Section', 'listingNoteTypeId': 6, 'showToBuyer': True, 'hideInMock': False, 'siteAddedListingNote': False, 'aisleListingNoteWithSplit': False, 'listingNoteDescriptionContentId': 3415845, 'formattedListingNoteDescription': 'Third Row of Section'}, {'listingNoteId': -1, 'listingNoteContentId': 3338094, 'formattedListingNoteContent': 'Clear view', 'listingNoteTypeId': 3, 'showToBuyer': True, 'hideInMock': False, 'siteAddedListingNote': False, 'aisleListingNoteWithSplit': False, 'listingNoteDescriptionContentId': 3338095, 'formattedListingNoteDescription': ""You'll have an unrestricted view of the show.""}]","[{'listingNoteBucketId': 14, 'formattedListingNoteContent': 'Third Row of Section', 'displayOrder': 14, 'showsRawNoteText': True, 'sourceListingNoteId': 2027}, {'listingNoteBucketId': 27, 'formattedListingNoteContent': 'Clear view', 'displayOrder': 8, 'showsRawNoteText': True, 'sourceListingNoteId': -1}]",1641166,False,False,Row 3,False,3296801,"¥3,296,801","¥3,296,801",,,,10,Mobile Transfer ticket,3,1,USD,JPY,,USD,"https://img.vggcdn.net/img/vfsimage2/812551/594_1530769/0.jpg?im=Resize=(500,271)&v=771",yesterday,9.8,False,False,False,False,OnkGne4W4d0Bry4mIrBBYHwLph72ICw3bjTyObT5JQQ%3d,False,2026-07-17T19:38:06.2870000Z,False,False,False,False,False,False,0,False,False,False,False,False,0,False,False,0,13385548354,False,BAC9A954-7C49-4CF9-A390-195E79A339A4,False,False,True,5,9.831932547622184,3.73766285,,,,,,,"[{'message': 'Amazing Value', 'qualifier': 'Based on price, view, seat quality and more', 'hasValue': True, 'messageType': 'ValueBased'}, {'message': 'Popular Pick', 'qualifier': '163 tickets sold for this event', 'hasValue': True, 'messageType': 'BoughtInLastHourSocialProofBased'}, {'message': 'Third Row', 'qualifier': 'Excellent proximity to the action', 'hasValue': True, 'messageType': 'ThirdRowTicketAttributeBased'}]",[2027],,,,,,,,,
13389989743,153020449,144,122809,144,2,12,_,,,,False,False,6,,False,False,"[1, 2, 3, 4, 6]",594,Lower,6,True,"[{'listingNoteId': -1, 'listingNoteContentId': 3338094, 'formattedListingNoteContent': 'Clear view', 'listingNoteTypeId': 3, 'showToBuyer': True, 'hideInMock': False, 'siteAddedListingNote': False, 'aisleListingNoteWithSplit': False, 'listingNoteDescriptionContentId': 3338095, 'formattedListingNoteDescription': ""You'll have an unrestricted view of the show.""}]","[{'listingNoteBucketId': 27, 'formattedListingNoteContent': 'Clear view', 'displayOrder': 8, 'showsRawNoteText': True, 'sourceListingNoteId': -1}]",2113204,False,False,Row 12,False,3344657,"¥3,344,657","¥3,344,657",,,,10,Mobile Transfer ticket,3,1,EUR,JPY,9000.0,EUR,"https://img.vggcdn.net/img/vfsimage2/812551/594_122809/0.jpg?im=Resize=(500,271)&v=771",yesterday,4.9,False,False,False,False,iEQsewRDfGt0AtN5BqhnGlsgUVEW%2fJq%2bXHcAwW5LBLw%3d,False,2026-07-18T10:16:17.2800000Z,False,False,False,False,False,False,0,False,False,False,False,False,0,False,False,0,13389989743,False,C4FA7AE8-0104-4D9F-AD10-0C872FA69FCD,False,False,True,2,4.8687983883494255,1.562368156,,,,,,,"[{'message': 'Popular Pick', 'qualifier': '163 tickets sold for this event', 'hasValue': True, 'messageType': 'BoughtInLastHourSocialProofBased'}]",[],,,,,,,,,
13392827541,153020449,116,122791,116,2,7,6_6,6,6,6,False,False,1,,False,False,[1],594,Lower,1,True,"[{'listingNoteId': 811, 'listingNoteContentId': 2446054, 'formattedListingNoteContent': 'Actual 1st row of the section', 'listingNoteTypeId': 3, 'showToBuyer': True, 'hideInMock': False, 'siteAddedListingNote': False, 'aisleListingNoteWithSplit': False, 'listingNoteDescriptionContentId': 2446055, 'formattedListingNoteDescription': 'Actual 1st row of the section'}, {'listingNoteId': -1, 'listingNoteContentId': 3338094, 'formattedListingNoteContent': 'Clear view', 'listingNoteTypeId': 3, 'showToBuyer': True, 'hideInMock': False, 'siteAddedListingNote': False, 'aisleListingNoteWithSplit': False, 'listingNoteDescriptionContentId': 3338095, 'formattedListingNoteDescription': ""You'll have an unrestricted view of the show.""}]","[{'listingNoteBucketId': 0, 'formattedListingNoteContent': 'Actual 1st row of the section', 'displayOrder': 30, 'showsRawNoteText': True, 'sourceListingNoteId': 811}, {'listingNoteBucketId': 27, 'formattedListingNoteContent': 'Clear view', 'displayOrder': 8, 'showsRawNoteText': True, 'sourceListingNoteId': -1}]",2112545,False,False,Row 7,False,3509105,"¥3,509,105","¥3,509,105","¥6,317,855",44.0,"¥2,808,750",10,Mobile Transfer ticket,3,1,USD,JPY,0.0,USD,"https://img.vggcdn.net/img/vfsimage2/812551/594_122791/0.jpg?im=Resize=(500,271)&v=771",17 hours ago,7.9,False,False,False,False,gCLrHa0oqGJJLaeluD6Sqk5EH1G6%2fX%2bWk70b8l5dujk%3d,False,2026-07-18T20:45:31.3270000Z,False,False,False,False,False,False,0,False,False,False,False,False,0,False,False,0,13392827541,False,E8305931-3D40-45B3-8021-60C8E4AD2C7B,False,False,True,4,7.868351692158623,2.372807389,,,,,,,"[{'message': 'Great Value', 'qualifier': 'Based on price, view, seat quality and more', 'hasValue': True, 'messageType': 'ValueBased'}, {'message': 'Popular Pick', 'qualifier': '163 tickets sold for this event', 'hasValue': True, 'messageType': 'BoughtInLastHourSocialProofBased'}, {'message': 'Front Row', 'qualifier': 'Best seats in the house', 'hasValue': True, 'messageType': 'FirstRowTicketAttributeBased'}]",[811],,,,,,,,,
13388232352,153020449,5 S23,1538844,5 S23,2,2,5_6,,,5,False,False,2,,False,False,"[1, 2]",17325,Suite Level 5 East,2,True,"[{'listingNoteId': 174, 'listingNoteContentId': 2444704, 'formattedListingNoteContent': 'VIP Club Access w/ private entrance & restrooms', 'listingNoteTypeId': 3, 'showToBuyer': True, 'hideInMock': False, 'siteAddedListingNote': False, 'aisleListingNoteWithSplit': False, 'listingNoteDescriptionContentId': 2444705, 'formattedListingNoteDescription': 'Tickets grant access to VIP private entrance, VIP club access and VIP private restrooms.'}, {'listingNoteId': 175, 'listingNoteContentId': 2444706, 'formattedListingNoteContent': 'Unlimited Food and Drinks', 'listingNoteTypeId': 3, 'showToBuyer': True, 'hideInMock': False, 'siteAddedListingNote': False, 'aisleListingNoteWithSplit': False, 'listingNoteDescriptionContentId': 2444707, 'formattedListingNoteDescription': 'Includes unlimited food and drinks (beer, wine and soft drinks)'}, {'listingNoteId': 189, 'listingNoteContentId': 2444744, 'formattedListingNoteContent': 'Complimentary Food & Soft drinks', 'listingNoteTypeId': 3, 'showToBuyer': True, 'hideInMock': False, 'siteAddedListingNote': False, 'aisleListingNoteWithSplit': False, 'listingNoteDescriptionContentId': 3876389, 'formattedListingNoteDescription': 'Complimentary Food & Soft drinks'}, {'listingNoteId': 212, 'listingNoteContentId': 2444793, 'formattedListingNoteContent': 'VIP Club access - air conditioned w/ private entrance', 'listingNoteTypeId': 3, 'showToBuyer': True, 'hideInMock': False, 'siteAddedListingNote': False, 'aisleListingNoteWithSplit': False, 'listingNoteDescriptionContentId': 4231704, 'formattedListingNoteDescription': 'VIP – Includes access to private entrance and air-conditioned VIP Club.'}, {'listingNoteId': -1, 'listingNoteContentId': 3338094, 'formattedListingNoteContent': 'Clear view', 'listingNoteTypeId': 3, 'showToBuyer': True, 'hideInMock': False, 'siteAddedListingNote': False, 'aisleListingNoteWithSplit': False, 'listingNoteDescriptionContentId': 3338095, 'formattedListingNoteDescription': ""You'll have an unrestricted view of the show.""}]","[{'listingNoteBucketId': 1, 'formattedListingNoteContent': 'VIP packages', 'displayOrder': 1, 'showsRawNoteText': False}, {'listingNoteBucketId': 7, 'formattedListingNoteContent': 'Food & beverages', 'displayOrder': 7, 'showsRawNoteText': False}, {'listingNoteBucketId': 27, 'formattedListingNoteContent': 'Clear view', 'displayOrder': 8, 'showsRawNoteText': True, 'sourceListingNoteId': -1}]",1614228,False,False,Row 2,True,3509280,"¥3,509,280","¥3,509,280",,,,10,Mobile Transfer ticket,3,1,USD,JPY,15000.0,USD,"https://img.vggcdn.net/img/vfsimage2/812551/17325_1538844/0.jpg?im=Resize=(500,271)&v=771",yesterday,9.7,False,False,False,False,dRfipKUsX2%2bN%2b1O%2bZwQjJ3ra9moY6P38gpE%2bk%2fOZ1kM%3d,False,2026-07-18T02:37:07.1300000Z,False,False,False,False,False,False,0,False,False,False,False,False,0,False,False,0,13388232352,False,96495A79-8806-488C-994D-F26D92E29BB8,False,False,True,5,9.730515461526204,3.82885906,,,,,,,"[{'message': 'Amazing Value', 'qualifier': 'Based on price, view, seat quality and more', 'hasValue': True, 'messageType': 'ValueBased'}, {'message': 'Popular Pick', 'qualifier': '163 tickets sold for this event', 'hasValue': True, 'messageType': 'BoughtInLastHourSocialProofBased'}, {'message': 'VIP', 'qualifier': 'Premium access and amenities', 'hasValue': True, 'messageType': 'VipTicketAttributeBased'}]",[174],,,,,,,,,
13374673023,153020449,109,122787,109,2,9,22_22,22,22,22,False,False,1,,False,False,[1],594,Lower,1,True,"[{'listingNoteId': 10, 'listingNoteContentId': 1036546, 'formattedListingNoteContent': 'Aisle seat', 'listingNoteTypeId': 3, 'showToBuyer': True, 'hideInMock': False, 'siteAddedListingNote': False, 'aisleListingNoteWithSplit': False, 'listingNoteDescriptionContentId': 4177929, 'formattedListingNoteDescription': 'Aisle seat'}, {'listingNoteId': 165, 'listingNoteContentId': 2444685, 'formattedListingNoteContent': 'Preferred Seating', 'listingNoteTypeId': 3, 'showToBuyer': True, 'hideInMock': False, 'siteAddedListingNote': False, 'aisleListingNoteWithSplit': False, 'listingNoteDescriptionContentId': 2444686, 'formattedListingNoteDescription': 'Preferred Seating'}, {'listingNoteId': 1001, 'listingNoteContentId': 2446443, 'formattedListingNoteContent': 'Actual 3rd row of section', 'listingNoteTypeId': 3, 'showToBuyer': True, 'hideInMock': False, 'siteAddedListingNote': False, 'aisleListingNoteWithSplit': False, 'listingNoteDescriptionContentId': 2446444, 'formattedListingNoteDescription': 'Actual 3rd row of section'}, {'listingNoteId': -1, 'listingNoteContentId': 3338094, 'formattedListingNoteContent': 'Clear view', 'listingNoteTypeId': 3, 'showToBuyer': True, 'hideInMock': False, 'siteAddedListingNote': False, 'aisleListingNoteWithSplit': False, 'listingNoteDescriptionContentId': 3338095, 'formattedListingNoteDescription': ""You'll have an unrestricted view of the show.""}]","[{'listingNoteBucketId': 11, 'formattedListingNoteContent': 'Preferred Seating', 'displayOrder': 11, 'showsRawNoteText': True, 'sourceListingNoteId': 165}, {'listingNoteBucketId': 14, 'formattedListingNoteContent': 'Aisle seat', 'displayOrder': 14, 'showsRawNoteText': True, 'sourceListingNoteId': 10}, {'listingNoteBucketId': 14, 'formattedListingNoteContent': 'Actual 3rd row of section', 'displayOrder': 14, 'showsRawNoteText': True, 'sourceListingNoteId': 1001}, {'listingNoteBucketId': 27, 'formattedListingNoteContent': 'Clear view', 'displayOrder': 8, 'showsRawNoteText': True, 'sourceListingNoteId': -1}]",2112322,False,False,Row 9,False,3509280,"¥3,509,280","¥3,509,280","¥4,927,976",29.0,"¥1,418,696",10,Mobile Transfer ticket,3,1,USD,JPY,,USD,"https://img.vggcdn.net/img/vfsimage2/812551/594_122787/0.jpg?im=Resize=(500,271)&v=771",2 days ago,4.9,False,False,False,False,dRfipKUsX2%2bN%2b1O%2bZwQjJ3ra9moY6P38gpE%2bk%2fOZ1kM%3d,False,2026-07-16T17:44:09.5400000Z,False,False,False,False,False,False,0,False,False,False,False,False,0,False,False,0,13374673023,False,AE9E4E0A-8C17-4F75-B685-8A0EE43E1861,False,False,True,2,4.858021392882596,1.636002085,,,,,,,"[{'message': 'Popular Pick', 'qualifier': '163 tickets sold for this event', 'hasValue': True, 'messageType': 'BoughtInLastHourSocialProofBased'}, {'message': 'Aisle Seat', 'qualifier': 'Easy access to your seat', 'hasValue': True, 'messageType': 'AisleSeatTicketAttributeBased'}]",[10],,,,,,,,,
13373727429,153020449,5 S37,1538858,5 S37,2,1,_,,,,False,False,2,,False,False,"[1, 2]",17325,Suite Level 5 East,2,True,"[{'listingNoteId': 11, 'listingNoteContentId': 1038686, 'formattedListingNoteContent': 'Includes VIP pass', 'listingNoteTypeId': 3, 'showToBuyer': True, 'hideInMock': False, 'siteAddedListingNote': False, 'aisleListingNoteWithSplit': False, 'listingNoteDescriptionContentId': 1277351, 'formattedListingNoteDescription': ""A VIP pass gives you great privileges that other ticket holders don't have!""}, {'listingNoteId': 93, 'listingNoteContentId': 1580908, 'formattedListingNoteContent': 'Access to VIP Lounge', 'listingNoteTypeId': 3, 'showToBuyer': True, 'hideInMock': False, 'siteAddedListingNote': False, 'aisleListingNoteWithSplit': False, 'listingNoteDescriptionContentId': 1580909, 'formattedListingNoteDescription': 'Included with the ticket is access to the VIP lounge in the venue.'}, {'listingNoteId': 175, 'listingNoteContentId': 2444706, 'formattedListingNoteContent': 'Unlimited Food and Drinks', 'listingNoteTypeId': 3, 'showToBuyer': True, 'hideInMock': False, 'siteAddedListingNote': False, 'aisleListingNoteWithSplit': False, 'listingNoteDescriptionContentId': 2444707, 'formattedListingNoteDescription': 'Includes unlimited food and drinks (beer, wine and soft drinks)'}, {'listingNoteId': 505, 'listingNoteContentId': 2445404, 'formattedListingNoteContent': 'Premium Seating', 'listingNoteTypeId': 4, 'showToBuyer': True, 'hideInMock': False, 'siteAddedListingNote': False, 'aisleListingNoteWithSplit': False, 'listingNoteDescriptionContentId': 4211339, 'formattedListingNoteDescription': 'Premium Seating'}, {'listingNoteId': 2061, 'listingNoteContentId': 3878124, 'formattedListingNoteContent': 'Premium open bar', 'listingNoteTypeId': 3, 'showToBuyer': True, 'hideInMock': False, 'siteAddedListingNote': False, 'aisleListingNoteWithSplit': False, 'listingNoteDescriptionContentId': 3878125, 'formattedListingNoteDescription': 'Premium open bar'}, {'listingNoteId': 2250, 'listingNoteContentId': 4167698, 'formattedListingNoteContent': 'Partial Suite (Shared)', 'listingNoteTypeId': 3, 'showToBuyer': True, 'hideInMock': False, 'siteAddedListingNote': False, 'aisleListingNoteWithSplit': False, 'listingNoteDescriptionContentId': 4167699, 'formattedListingNoteDescription': 'Partial Suite (Shared)'}, {'listingNoteId': 2267, 'listingNoteContentId': 4177538, 'formattedListingNoteContent': 'VIP Suite', 'listingNoteTypeId': 3, 'showToBuyer': True, 'hideInMock': False, 'siteAddedListingNote': False, 'aisleListingNoteWithSplit': False, 'listingNoteDescriptionContentId': 4177539, 'formattedListingNoteDescription': 'VIP Suite'}, {'listingNoteId': -1, 'listingNoteContentId': 3338094, 'formattedListingNoteContent': 'Clear view', 'listingNoteTypeId': 3, 'showToBuyer': True, 'hideInMock': False, 'siteAddedListingNote': False, 'aisleListingNoteWithSplit': False, 'listingNoteDescriptionContentId': 3338095, 'formattedListingNoteDescription': ""You'll have an unrestricted view of the show.""}]","[{'listingNoteBucketId': 1, 'formattedListingNoteContent': 'VIP packages', 'displayOrder': 1, 'showsRawNoteText': False}, {'listingNoteBucketId': 2, 'formattedListingNoteContent': 'Suite access', 'displayOrder': 2, 'showsRawNoteText': False}, {'listingNoteBucketId': 4, 'formattedListingNoteContent': 'Club access', 'displayOrder': 4, 'showsRawNoteText': False}, {'listingNoteBucketId': 7, 'formattedListingNoteContent': 'Food & beverages', 'displayOrder': 7, 'showsRawNoteText': False}, {'listingNoteBucketId': 8, 'formattedListingNoteContent': 'Food & beverage options', 'displayOrder': 8, 'showsRawNoteText': False}, {'listingNoteBucketId': 15, 'formattedListingNoteContent': 'Premium Seating', 'displayOrder': 15, 'showsRawNoteText': True, 'sourceListingNoteId': 505}, {'listingNoteBucketId': 0, 'formattedListingNoteContent': 'VIP Suite', 'displayOrder': 30, 'showsRawNoteText': True, 'sourceListingNoteId': 2267}, {'listingNoteBucketId': 27, 'formattedListingNoteContent': 'Clear view', 'displayOrder': 8, 'showsRawNoteText': True, 'sourceListingNoteId': -1}]",1614242,False,False,Row 1,True,3612292,"¥3,612,292","¥3,612,292",,,,10,Mobile Transfer ticket,3,1,MXN,JPY,400000.0,MXN,"https://img.vggcdn.net/img/vfsimage2/812551/17325_1538858/0.jpg?im=Resize=(500,271)&v=771",2 days ago,5.7,False,False,False,False,zbIuQDplATznyMh5F9XVFBBbfjt79cJVkBYOPJw4IXU%3d,False,2026-07-16T16:06:45.6670000Z,False,False,False,False,False,False,0,False,False,False,False,False,0,False,False,0,13373727429,False,E5236AB6-42D3-4259-8074-F1739EFE435D,False,False,True,3,5.682181779694202,1.854322937,Last tickets,True,,,,,"[{'message': 'Popular Pick', 'qualifier': '163 tickets sold for this event', 'hasValue': True, 'messageType': 'BoughtInLastHourSocialProofBased'}]",[],,,,,,,,,
13394571732,153020449,142,122807,142,2,29,25_26,25,26,25,False,False,2,,False,False,"[1, 2]",594,Lower,2,True,"[{'listingNoteId': -1, 'listingNoteContentId': 3338094, 'formattedListingNoteContent': 'Clear view', 'listingNoteTypeId': 3, 'showToBuyer': True, 'hideInMock': False, 'siteAddedListingNote': False, 'aisleListingNoteWithSplit': False, 'listingNoteDescriptionContentId': 3338095, 'formattedListingNoteDescription': ""You'll have an unrestricted view of the show.""}]","[{'listingNoteBucketId': 27, 'formattedListingNoteContent': 'Clear view', 'displayOrder': 8, 'showsRawNoteText': True, 'sourceListingNoteId': -1}]",2113155,False,False,Row 29,False,3629948,"¥3,629,948","¥3,629,948",,,,10,Mobile Transfer ticket,3,1,USD,JPY,29000.0,USD,"https://img.vggcdn.net/img/vfsimage2/812551/594_122807/0.jpg?im=Resize=(500,271)&v=771",10 hours ago,4.4,False,False,False,False,F4fPdgjsLXTANOgM3WDeHK83MMmrEN4XpIKoRSSeje0%3d,False,2026-07-19T03:48:51.2900000Z,False,False,False,False,False,False,0,False,False,False,False,False,0,False,False,0,13394571732,False,BFEABC39-BB33-423B-861A-583CF0C1D19A,False,False,True,2,4.419257146822051,1.564946777,Last tickets,True,,,,,"[{'message': 'Popular Pick', 'qualifier': '163 tickets sold for this event', 'hasValue': True, 'messageType': 'BoughtInLastHourSocialProofBased'}]",[],,,,,,,,,
13382675160,153020449,143,122808,143,2,9,_,,,,False,False,8,,False,False,"[1, 2, 3, 4, 6, 8]",594,Lower,8,True,"[{'listingNoteId': -1, 'listingNoteContentId': 3338094, 'formattedListingNoteContent': 'Clear view', 'listingNoteTypeId': 3, 'showToBuyer': True, 'hideInMock': False, 'siteAddedListingNote': False, 'aisleListingNoteWithSplit': False, 'listingNoteDescriptionContentId': 3338095, 'formattedListingNoteDescription': ""You'll have an unrestricted view of the show.""}]","[{'listingNoteBucketId': 27, 'formattedListingNoteContent': 'Clear view', 'displayOrder': 8, 'showsRawNoteText': True, 'sourceListingNoteId': -1}]",2113201,False,False,Row 9,False,3723693,"¥3,723,693","¥3,723,693",,,,10,Mobile Transfer ticket,3,1,EUR,JPY,10000.0,EUR,"https://img.vggcdn.net/img/vfsimage2/812551/594_122808/0.jpg?im=Resize=(500,271)&v=771",2 days ago,6.1,False,False,False,False,F4fPdgjsLXTANOgM3WDeHK83MMmrEN4XpIKoRSSeje0%3d,False,2026-07-17T12:36:49.3570000Z,False,False,False,False,False,False,0,False,False,False,False,False,0,False,False,0,13382675160,False,BB63F729-A55D-479E-A4DF-86B0898FD032,False,False,True,3,6.127525466459232,2.005563094,,,,,,,"[{'message': 'Popular Pick', 'qualifier': '163 tickets sold for this event', 'hasValue': True, 'messageType': 'BoughtInLastHourSocialProofBased'}]",[],,,,,,,,,
13394276221,153020449,212,122845,212,2,6,_,,,,False,False,3,,False,False,"[1, 2, 3]",471,Middle,3,True,"[{'listingNoteId': 175, 'listingNoteContentId': 2444706, 'formattedListingNoteContent': 'Unlimited Food and Drinks', 'listingNoteTypeId': 3, 'showToBuyer': True, 'hideInMock': False, 'siteAddedListingNote': False, 'aisleListingNoteWithSplit': False, 'listingNoteDescriptionContentId': 2444707, 'formattedListingNoteDescription': 'Includes unlimited food and drinks (beer, wine and soft drinks)'}, {'listingNoteId': 1028, 'listingNoteContentId': 2446497, 'formattedListingNoteContent': 'Includes unlimited food and drinks (beer, wine and liquor)', 'listingNoteTypeId': 3, 'showToBuyer': True, 'hideInMock': False, 'siteAddedListingNote': False, 'aisleListingNoteWithSplit': False, 'listingNoteDescriptionContentId': 2446498, 'formattedListingNoteDescription': 'Includes unlimited food and drinks (beer, wine and liquor)'}, {'listingNoteId': 1021, 'listingNoteContentId': 2446483, 'formattedListingNoteContent': 'Includes unlimited food and drinks (beer and soft drinks)', 'listingNoteTypeId': 3, 'showToBuyer': True, 'hideInMock': False, 'siteAddedListingNote': False, 'aisleListingNoteWithSplit': False, 'listingNoteDescriptionContentId': 2446484, 'formattedListingNoteDescription': 'Includes unlimited food and drinks (beer and soft drinks)'}, {'listingNoteId': -1, 'listingNoteContentId': 3338094, 'formattedListingNoteContent': 'Clear view', 'listingNoteTypeId': 3, 'showToBuyer': True, 'hideInMock': False, 'siteAddedListingNote': False, 'aisleListingNoteWithSplit': False, 'listingNoteDescriptionContentId': 3338095, 'formattedListingNoteDescription': ""You'll have an unrestricted view of the show.""}]","[{'listingNoteBucketId': 7, 'formattedListingNoteContent': 'Food & beverages', 'displayOrder': 7, 'showsRawNoteText': False}, {'listingNoteBucketId': 27, 'formattedListingNoteContent': 'Clear view', 'displayOrder': 8, 'showsRawNoteText': True, 'sourceListingNoteId': -1}]",702878,False,False,Row 6,False,3967183,"¥3,967,183","¥3,967,183","¥5,993,114",34.0,"¥2,025,931",10,Mobile Transfer ticket,3,1,USD,JPY,0.0,USD,"https://img.vggcdn.net/img/vfsimage2/812551/471_122845/0.jpg?im=Resize=(500,271)&v=771",11 hours ago,5.9,False,False,False,False,xHV08RJCLy5Pyg589%2f4ENWqe6CJDJF7J0SPqgI3eqFo%3d,False,2026-07-19T02:32:23.5230000Z,False,False,False,False,False,False,0,False,False,False,False,False,0,False,False,0,13394276221,False,A567CC4C-19BF-4814-941C-D6D1278AE2D1,False,False,True,3,5.890467376128553,2.082189803,Last tickets,True,,,,,"[{'message': 'Popular Pick', 'qualifier': '163 tickets sold for this event', 'hasValue': True, 'messageType': 'BoughtInLastHourSocialProofBased'}]",[],,,,,,,,,
13346680337,153020449,112,122789,112,2,22,_,,,,False,False,5,,False,False,"[1, 2, 3, 4, 5]",594,Lower,5,True,"[{'listingNoteId': -1, 'listingNoteContentId': 3338094, 'formattedListingNoteContent': 'Clear view', 'listingNoteTypeId': 3, 'showToBuyer': True, 'hideInMock': False, 'siteAddedListingNote': False, 'aisleListingNoteWithSplit': False, 'listingNoteDescriptionContentId': 3338095, 'formattedListingNoteDescription': ""You'll have an unrestricted view of the show.""}]","[{'listingNoteBucketId': 27, 'formattedListingNoteContent': 'Clear view', 'displayOrder': 8, 'showsRawNoteText': True, 'sourceListingNoteId': -1}]",2112412,False,False,Row 22,False,4143210,"¥4,143,210","¥4,143,210",,,,10,Mobile Transfer ticket,3,1,USD,JPY,0.0,USD,"https://img.vggcdn.net/img/vfsimage2/812551/594_122789/0.jpg?im=Resize=(500,271)&v=771",5 days ago,5.1,False,False,False,False,jjBpS%2f1CHJbv1TWMEcmpvtRGjPsbYcbYuvbGv7fgp7U%3d,False,2026-07-14T02:26:25.1270000Z,False,False,False,False,False,False,0,False,False,False,False,False,0,False,False,0,13346680337,False,F919A624-AEAD-4EBC-AE05-0985A54A6F2E,False,False,True,3,5.124748064072936,2.008979178,Last tickets,True,,,,,"[{'message': 'Popular Pick', 'qualifier': '163 tickets sold for this event', 'hasValue': True, 'messageType': 'BoughtInLastHourSocialProofBased'}]",[],,,,,,,,,
13375745056,153020449,235,122862,235,2,8,_,,,,False,False,3,,False,False,"[1, 2, 3]",471,Middle,3,True,"[{'listingNoteId': 263, 'listingNoteContentId': 2444900, 'formattedListingNoteContent': 'VIP Club', 'listingNoteTypeId': 3, 'showToBuyer': True, 'hideInMock': False, 'siteAddedListingNote': False, 'aisleListingNoteWithSplit': False, 'listingNoteDescriptionContentId': 2444901, 'formattedListingNoteDescription': 'VIP Club - Club opens 90 minutes prior to tipoff and offers access to a lounge area with televisions, plush seating and private restrooms as well as all-inclusive food, draft beer, and house wine'}, {'listingNoteId': 424, 'listingNoteContentId': 2445241, 'formattedListingNoteContent': 'Access to VIP Club', 'listingNoteTypeId': 3, 'showToBuyer': True, 'hideInMock': False, 'siteAddedListingNote': False, 'aisleListingNoteWithSplit': False, 'formattedListingNoteDescription': ''}, {'listingNoteId': 1367, 'listingNoteContentId': 2447255, 'formattedListingNoteContent': 'Includes club access', 'listingNoteTypeId': 3, 'showToBuyer': True, 'hideInMock': False, 'siteAddedListingNote': False, 'aisleListingNoteWithSplit': False, 'listingNoteDescriptionContentId': 2447256, 'formattedListingNoteDescription': 'Includes club access'}, {'listingNoteId': -1, 'listingNoteContentId': 3338094, 'formattedListingNoteContent': 'Clear view', 'listingNoteTypeId': 3, 'showToBuyer': True, 'hideInMock': False, 'siteAddedListingNote': False, 'aisleListingNoteWithSplit': False, 'listingNoteDescriptionContentId': 3338095, 'formattedListingNoteDescription': ""You'll have an unrestricted view of the show.""}]","[{'listingNoteBucketId': 1, 'formattedListingNoteContent': 'VIP packages', 'displayOrder': 1, 'showsRawNoteText': False}, {'listingNoteBucketId': 4, 'formattedListingNoteContent': 'Club access', 'displayOrder': 4, 'showsRawNoteText': False}, {'listingNoteBucketId': 27, 'formattedListingNoteContent': 'Clear view', 'displayOrder': 8, 'showsRawNoteText': True, 'sourceListingNoteId': -1}]",703279,False,False,Row 8,False,4190832,"¥4,190,832","¥4,190,832","¥6,591,071",36.0,"¥2,400,239",10,Mobile Transfer ticket,3,1,USD,JPY,27850.0,USD,"https://img.vggcdn.net/img/vfsimage2/812551/471_122862/0.jpg?im=Resize=(500,271)&v=771",2 days ago,3.8,False,False,False,False,wNx2uhgPskatHyK72ee3bbTM9BPJew%2bdsSVg4kZEPU0%3d,False,2026-07-16T19:44:14.6730000Z,False,False,False,False,False,False,0,False,False,False,False,False,0,False,False,0,13375745056,False,5BF182C6-05B7-46B1-8C33-F40F6B308CB9,False,False,True,2,3.7886367123361833,1.630477694,,,,,,,"[{'message': 'Popular Pick', 'qualifier': '163 tickets sold for this event', 'hasValue': True, 'messageType': 'BoughtInLastHourSocialProofBased'}]",[],,,,,,,,,
13384010222,153020449,140,122806,140,2,20,_,,,,False,False,3,,False,False,"[1, 3]",594,Lower,3,True,"[{'listingNoteId': -1, 'listingNoteContentId': 3338094, 'formattedListingNoteContent': 'Clear view', 'listingNoteTypeId': 3, 'showToBuyer': True, 'hideInMock': False, 'siteAddedListingNote': False, 'aisleListingNoteWithSplit': False, 'listingNoteDescriptionContentId': 3338095, 'formattedListingNoteDescription': ""You'll have an unrestricted view of the show.""}]","[{'listingNoteBucketId': 27, 'formattedListingNoteContent': 'Clear view', 'displayOrder': 8, 'showsRawNoteText': True, 'sourceListingNoteId': -1}]",2113118,False,False,Row 20,False,4241847,"¥4,241,847","¥4,241,847",,,,10,Mobile Transfer ticket,3,1,USD,JPY,0.0,USD,"https://img.vggcdn.net/img/vfsimage2/812551/594_122806/0.jpg?im=Resize=(500,271)&v=771",yesterday,5.9,False,False,False,False,MsWJGKklkYTZZlItFCzA0NXmIJyelQvM1QUCNKrRKjA%3d,False,2026-07-17T16:25:35.9130000Z,False,False,False,False,False,False,0,False,False,False,False,False,0,False,False,0,13384010222,False,9ABDB209-60BA-4326-A8D8-8CF85C2FE259,False,False,True,3,5.9479911618735235,2.240237246,,,,,,,"[{'message': 'Popular Pick', 'qualifier': '163 tickets sold for this event', 'hasValue': True, 'messageType': 'BoughtInLastHourSocialProofBased'}]",[],,,,,,,,,
11312140648,153020449,114,122790,114,2,20,_,,,,False,False,4,,False,False,"[1, 2, 3, 4]",594,Lower,4,True,"[{'listingNoteId': -1, 'listingNoteContentId': 3338094, 'formattedListingNoteContent': 'Clear view', 'listingNoteTypeId': 3, 'showToBuyer': True, 'hideInMock': False, 'siteAddedListingNote': False, 'aisleListingNoteWithSplit': False, 'listingNoteDescriptionContentId': 3338095, 'formattedListingNoteDescription': ""You'll have an unrestricted view of the show.""}]","[{'listingNoteBucketId': 27, 'formattedListingNoteContent': 'Clear view', 'displayOrder': 8, 'showsRawNoteText': True, 'sourceListingNoteId': -1}]",2112461,False,False,Row 20,False,4362122,"¥4,362,122","¥4,362,122",,,,10,Mobile Transfer ticket,3,1,USD,JPY,3800.0,USD,"https://img.vggcdn.net/img/vfsimage2/812551/594_122790/0.jpg?im=Resize=(500,271)&v=771",201 days ago,7.0,False,False,False,False,IeCgVo%2bMAE2VQyR77ABosoN%2fY3K0Y6GYuN4dgvPaskE%3d,False,2025-12-30T11:02:26.8600000Z,False,False,False,False,False,False,0,False,False,False,False,False,0,False,False,0,11312140648,False,5751762E-2609-4BB8-8ED8-FAAC89EEDA2E,False,False,True,3,6.988211799666335,2.596328464,Last tickets,True,,,,,"[{'message': 'Popular Pick', 'qualifier': '163 tickets sold for this event', 'hasValue': True, 'messageType': 'BoughtInLastHourSocialProofBased'}]",[],,,,,,,,,
13379712171,153020449,235,122862,235,2,4,_,,,,False,False,1,,False,False,[1],471,Middle,1,True,"[{'listingNoteId': 263, 'listingNoteContentId': 2444900, 'formattedListingNoteContent': 'VIP Club', 'listingNoteTypeId': 3, 'showToBuyer': True, 'hideInMock': False, 'siteAddedListingNote': False, 'aisleListingNoteWithSplit': False, 'listingNoteDescriptionContentId': 2444901, 'formattedListingNoteDescription': 'VIP Club - Club opens 90 minutes prior to tipoff and offers access to a lounge area with televisions, plush seating and private restrooms as well as all-inclusive food, draft beer, and house wine'}, {'listingNoteId': 424, 'listingNoteContentId': 2445241, 'formattedListingNoteContent': 'Access to VIP Club', 'listingNoteTypeId': 3, 'showToBuyer': True, 'hideInMock': False, 'siteAddedListingNote': False, 'aisleListingNoteWithSplit': False, 'formattedListingNoteDescription': ''}, {'listingNoteId': 1367, 'listingNoteContentId': 2447255, 'formattedListingNoteContent': 'Includes club access', 'listingNoteTypeId': 3, 'showToBuyer': True, 'hideInMock': False, 'siteAddedListingNote': False, 'aisleListingNoteWithSplit': False, 'listingNoteDescriptionContentId': 2447256, 'formattedListingNoteDescription': 'Includes club access'}, {'listingNoteId': -1, 'listingNoteContentId': 3338094, 'formattedListingNoteContent': 'Clear view', 'listingNoteTypeId': 3, 'showToBuyer': True, 'hideInMock': False, 'siteAddedListingNote': False, 'aisleListingNoteWithSplit': False, 'listingNoteDescriptionContentId': 3338095, 'formattedListingNoteDescription': ""You'll have an unrestricted view of the show.""}]","[{'listingNoteBucketId': 1, 'formattedListingNoteContent': 'VIP packages', 'displayOrder': 1, 'showsRawNoteText': False}, {'listingNoteBucketId': 4, 'formattedListingNoteContent': 'Club access', 'displayOrder': 4, 'showsRawNoteText': False}, {'listingNoteBucketId': 27, 'formattedListingNoteContent': 'Clear view', 'displayOrder': 8, 'showsRawNoteText': True, 'sourceListingNoteId': -1}]",703275,False,False,Row 4,False,4395241,"¥4,395,241","¥4,395,241",,,,10,Mobile Transfer ticket,3,1,USD,JPY,10900.0,USD,"https://img.vggcdn.net/img/vfsimage2/812551/471_122862/0.jpg?im=Resize=(500,271)&v=771",2 days ago,3.9,False,False,False,False,WlCn1Lx0gFqN4iFGM8CVPJWF5%2fDMkRqvmd5B8KtgUuU%3d,False,2026-07-17T03:59:21.4370000Z,False,False,False,False,False,False,0,False,False,False,False,False,0,False,False,0,13379712171,False,95B43129-6D22-4598-8E31-95E846E583E9,False,False,True,2,3.8956774505048317,1.738813636,,,,,,,"[{'message': 'Popular Pick', 'qualifier': '163 tickets sold for this event', 'hasValue': True, 'messageType': 'BoughtInLastHourSocialProofBased'}]",[],,,,,,,,,
13334390402,153020449,129,122799,129,2,31,_,,,,False,False,1,,False,False,[1],594,Lower,1,True,"[{'listingNoteId': 174, 'listingNoteContentId': 2444704, 'formattedListingNoteContent': 'VIP Club Access w/ private entrance & restrooms', 'listingNoteTypeId': 3, 'showToBuyer': True, 'hideInMock': False, 'siteAddedListingNote': False, 'aisleListingNoteWithSplit': False, 'listingNoteDescriptionContentId': 2444705, 'formattedListingNoteDescription': 'Tickets grant access to VIP private entrance, VIP club access and VIP private restrooms.'}, {'listingNoteId': 1025, 'listingNoteContentId': 2446491, 'formattedListingNoteContent': 'Includes unlimited food and soft drinks', 'listingNoteTypeId': 3, 'showToBuyer': True, 'hideInMock': False, 'siteAddedListingNote': False, 'aisleListingNoteWithSplit': False, 'listingNoteDescriptionContentId': 2446492, 'formattedListingNoteDescription': 'Includes unlimited food and soft drinks'}, {'listingNoteId': 1028, 'listingNoteContentId': 2446497, 'formattedListingNoteContent': 'Includes unlimited food and drinks (beer, wine and liquor)', 'listingNoteTypeId': 3, 'showToBuyer': True, 'hideInMock': False, 'siteAddedListingNote': False, 'aisleListingNoteWithSplit': False, 'listingNoteDescriptionContentId': 2446498, 'formattedListingNoteDescription': 'Includes unlimited food and drinks (beer, wine and liquor)'}, {'listingNoteId': 2246, 'listingNoteContentId': 4165609, 'formattedListingNoteContent': 'VIP Experience', 'listingNoteTypeId': 3, 'showToBuyer': True, 'hideInMock': False, 'siteAddedListingNote': False, 'aisleListingNoteWithSplit': False, 'listingNoteDescriptionContentId': 4165611, 'formattedListingNoteDescription': 'VIP Experience'}, {'listingNoteId': 2247, 'listingNoteContentId': 4165768, 'formattedListingNoteContent': 'Includes food, beer and wine', 'listingNoteTypeId': 3, 'showToBuyer': True, 'hideInMock': False, 'siteAddedListingNote': False, 'aisleListingNoteWithSplit': False, 'listingNoteDescriptionContentId': 4165769, 'formattedListingNoteDescription': 'Includes food, beer and wine'}, {'listingNoteId': 2254, 'listingNoteContentId': 4170837, 'formattedListingNoteContent': 'Includes food, beer, wine, and non-alcoholic beverages', 'listingNoteTypeId': 3, 'showToBuyer': True, 'hideInMock': False, 'siteAddedListingNote': False, 'aisleListingNoteWithSplit': False, 'listingNoteDescriptionContentId': 4170838, 'formattedListingNoteDescription': 'Includes food, beer, wine, and non-alcoholic beverages'}, {'listingNoteId': 2356, 'listingNoteContentId': 4257844, 'formattedListingNoteContent': 'All-Inclusive Food', 'listingNoteTypeId': 3, 'showToBuyer': True, 'hideInMock': False, 'siteAddedListingNote': False, 'aisleListingNoteWithSplit': False, 'formattedListingNoteDescription': ''}, {'listingNoteId': 2363, 'listingNoteContentId': 4281452, 'formattedListingNoteContent': 'Access to Premium Lounge', 'listingNoteTypeId': 3, 'showToBuyer': True, 'hideInMock': False, 'siteAddedListingNote': False, 'aisleListingNoteWithSplit': False, 'formattedListingNoteDescription': ''}, {'listingNoteId': 1021, 'listingNoteContentId': 2446483, 'formattedListingNoteContent': 'Includes unlimited food and drinks (beer and soft drinks)', 'listingNoteTypeId': 3, 'showToBuyer': True, 'hideInMock': False, 'siteAddedListingNote': False, 'aisleListingNoteWithSplit': False, 'listingNoteDescriptionContentId': 2446484, 'formattedListingNoteDescription': 'Includes unlimited food and drinks (beer and soft drinks)'}, {'listingNoteId': -1, 'listingNoteContentId': 3338094, 'formattedListingNoteContent': 'Clear view', 'listingNoteTypeId': 3, 'showToBuyer': True, 'hideInMock': False, 'siteAddedListingNote': False, 'aisleListingNoteWithSplit': False, 'listingNoteDescriptionContentId': 3338095, 'formattedListingNoteDescription': ""You'll have an unrestricted view of the show.""}]","[{'listingNoteBucketId': 1, 'formattedListingNoteContent': 'VIP packages', 'displayOrder': 1, 'showsRawNoteText': False}, {'listingNoteBucketId': 7, 'formattedListingNoteContent': 'Food & beverages', 'displayOrder': 7, 'showsRawNoteText': False}, {'listingNoteBucketId': 0, 'formattedListingNoteContent': 'Includes food, beer, wine, and non-alcoholic beverages', 'displayOrder': 30, 'showsRawNoteText': True, 'sourceListingNoteId': 2254}, {'listingNoteBucketId': 0, 'formattedListingNoteContent': 'All-Inclusive Food', 'displayOrder': 30, 'showsRawNoteText': True, 'sourceListingNoteId': 2356}, {'listingNoteBucketId': 0, 'formattedListingNoteContent': 'Access to Premium Lounge', 'displayOrder': 30, 'showsRawNoteText': True, 'sourceListingNoteId': 2363}, {'listingNoteBucketId': 27, 'formattedListingNoteContent': 'Clear view', 'displayOrder': 8, 'showsRawNoteText': True, 'sourceListingNoteId': -1}]",2112884,False,False,Row 31,False,4561930,"¥4,561,930","¥4,561,930",,,,10,Mobile Transfer ticket,3,1,USD,JPY,,USD,"https://img.vggcdn.net/img/vfsimage2/812551/594_122799/0.jpg?im=Resize=(500,271)&v=771",7 days ago,2.2,False,False,False,False,fKg%2bE%2bqRomOS8soo5WJSqsPRxBo%2fUZZsQiAT9Js9NkI%3d,False,2026-07-12T04:55:54.9300000Z,False,False,False,False,False,False,0,False,False,False,False,False,0,False,False,0,13334390402,False,6948FD16-C393-4EFA-9D54-3B0CB85E17BB,False,False,True,1,2.236298277467079,1.157901689,,,,,,,"[{'message': 'Popular Pick', 'qualifier': '163 tickets sold for this event', 'hasValue': True, 'messageType': 'BoughtInLastHourSocialProofBased'}, {'message': 'VIP', 'qualifier': 'Premium access and amenities', 'hasValue': True, 'messageType': 'VipTicketAttributeBased'}]",[174],,,,,,,,,
13397247690,153020449,205A,1530775,205A,2,2,14_16,,,14,False,False,3,,False,False,"[1, 3]",471,Middle,3,True,"[{'listingNoteId': 2026, 'listingNoteContentId': 3415844, 'formattedListingNoteContent': 'Second Row of Section', 'listingNoteTypeId': 6, 'showToBuyer': True, 'hideInMock': False, 'siteAddedListingNote': False, 'aisleListingNoteWithSplit': False, 'listingNoteDescriptionContentId': 3415844, 'formattedListingNoteDescription': 'Second Row of Section'}, {'listingNoteId': -1, 'listingNoteContentId': 3338094, 'formattedListingNoteContent': 'Clear view', 'listingNoteTypeId': 3, 'showToBuyer': True, 'hideInMock': False, 'siteAddedListingNote': False, 'aisleListingNoteWithSplit': False, 'listingNoteDescriptionContentId': 3338095, 'formattedListingNoteDescription': ""You'll have an unrestricted view of the show.""}]","[{'listingNoteBucketId': 14, 'formattedListingNoteContent': 'Second Row of Section', 'displayOrder': 14, 'showsRawNoteText': True, 'sourceListingNoteId': 2026}, {'listingNoteBucketId': 27, 'formattedListingNoteContent': 'Clear view', 'displayOrder': 8, 'showsRawNoteText': True, 'sourceListingNoteId': -1}]",1593533,False,False,Row 2,False,4576460,"¥4,576,460","¥4,576,460",,,,10,Mobile Transfer ticket,3,1,USD,JPY,7380.0,USD,"https://img.vggcdn.net/img/vfsimage2/812551/471_1530775/0.jpg?im=Resize=(500,271)&v=771",30 minutes ago,2.3,False,False,False,False,OKjni6HSsyGu1JCGGwgqAMeQFyv1mZauGxdr4CiOxXM%3d,False,2026-07-19T13:31:18.6070000Z,False,False,False,False,False,False,0,False,False,False,False,False,0,False,False,0,13397247690,False,BA85E61F-6B41-4AFA-ADC6-554000550E5E,False,False,True,1,2.272240962388011,1.195032793,Last tickets,True,,,,,"[{'message': 'Popular Pick', 'qualifier': '163 tickets sold for this event', 'hasValue': True, 'messageType': 'BoughtInLastHourSocialProofBased'}, {'message': 'Second Row', 'qualifier': 'Premium close-up view', 'hasValue': True, 'messageType': 'SecondRowTicketAttributeBased'}]",[2026],,,,,,,,,
13396831784,153020449,235,122862,235,2,1,_,,,,False,False,1,,False,False,[1],471,Middle,1,True,"[{'listingNoteId': 263, 'listingNoteContentId': 2444900, 'formattedListingNoteContent': 'VIP Club', 'listingNoteTypeId': 3, 'showToBuyer': True, 'hideInMock': False, 'siteAddedListingNote': False, 'aisleListingNoteWithSplit': False, 'listingNoteDescriptionContentId': 2444901, 'formattedListingNoteDescription': 'VIP Club - Club opens 90 minutes prior to tipoff and offers access to a lounge area with televisions, plush seating and private restrooms as well as all-inclusive food, draft beer, and house wine'}, {'listingNoteId': 424, 'listingNoteContentId': 2445241, 'formattedListingNoteContent': 'Access to VIP Club', 'listingNoteTypeId': 3, 'showToBuyer': True, 'hideInMock': False, 'siteAddedListingNote': False, 'aisleListingNoteWithSplit': False, 'formattedListingNoteDescription': ''}, {'listingNoteId': 1367, 'listingNoteContentId': 2447255, 'formattedListingNoteContent': 'Includes club access', 'listingNoteTypeId': 3, 'showToBuyer': True, 'hideInMock': False, 'siteAddedListingNote': False, 'aisleListingNoteWithSplit': False, 'listingNoteDescriptionContentId': 2447256, 'formattedListingNoteDescription': 'Includes club access'}, {'listingNoteId': 2025, 'listingNoteContentId': 3415843, 'formattedListingNoteContent': 'Front Row of Section', 'listingNoteTypeId': 6, 'showToBuyer': True, 'hideInMock': False, 'siteAddedListingNote': False, 'aisleListingNoteWithSplit': False, 'listingNoteDescriptionContentId': 3415843, 'formattedListingNoteDescription': 'Front Row of Section'}, {'listingNoteId': -1, 'listingNoteContentId': 3338094, 'formattedListingNoteContent': 'Clear view', 'listingNoteTypeId': 3, 'showToBuyer': True, 'hideInMock': False, 'siteAddedListingNote': False, 'aisleListingNoteWithSplit': False, 'listingNoteDescriptionContentId': 3338095, 'formattedListingNoteDescription': ""You'll have an unrestricted view of the show.""}]","[{'listingNoteBucketId': 1, 'formattedListingNoteContent': 'VIP packages', 'displayOrder': 1, 'showsRawNoteText': False}, {'listingNoteBucketId': 4, 'formattedListingNoteContent': 'Club access', 'displayOrder': 4, 'showsRawNoteText': False}, {'listingNoteBucketId': 14, 'formattedListingNoteContent': 'Front Row of Section', 'displayOrder': 14, 'showsRawNoteText': True, 'sourceListingNoteId': 2025}, {'listingNoteBucketId': 27, 'formattedListingNoteContent': 'Clear view', 'displayOrder': 8, 'showsRawNoteText': True, 'sourceListingNoteId': -1}]",703272,False,False,Row 1,False,4599650,"¥4,599,650","¥4,599,650",,,,10,Mobile Transfer ticket,3,1,USD,JPY,0.0,USD,"https://img.vggcdn.net/img/vfsimage2/812551/471_122862/0.jpg?im=Resize=(500,271)&v=771",an hour ago,3.9,False,False,False,False,PbJfvCRPS%2b7jXn7FMpXpvCRk0asSsOoSItA3ZTZomaU%3d,False,2026-07-19T12:48:40.5100000Z,False,False,False,False,False,False,0,False,False,False,False,False,0,False,False,0,13396831784,False,5F37711A-7E24-494D-B884-00FE2C80FF84,False,False,True,2,3.912943352876906,1.824645729,,,,,,,"[{'message': 'Popular Pick', 'qualifier': '163 tickets sold for this event', 'hasValue': True, 'messageType': 'BoughtInLastHourSocialProofBased'}, {'message': 'Front Row', 'qualifier': 'Best seats in the house', 'hasValue': True, 'messageType': 'FirstRowTicketAttributeBased'}]",[2025],,,,,,,,,
13394284215,153020449,236,122863,236,2,2,_,,,,False,False,4,,False,False,"[1, 2, 3, 4]",471,Middle,4,True,"[{'listingNoteId': 263, 'listingNoteContentId': 2444900, 'formattedListingNoteContent': 'VIP Club', 'listingNoteTypeId': 3, 'showToBuyer': True, 'hideInMock': False, 'siteAddedListingNote': False, 'aisleListingNoteWithSplit': False, 'listingNoteDescriptionContentId': 2444901, 'formattedListingNoteDescription': 'VIP Club - Club opens 90 minutes prior to tipoff and offers access to a lounge area with televisions, plush seating and private restrooms as well as all-inclusive food, draft beer, and house wine'}, {'listingNoteId': 424, 'listingNoteContentId': 2445241, 'formattedListingNoteContent': 'Access to VIP Club', 'listingNoteTypeId': 3, 'showToBuyer': True, 'hideInMock': False, 'siteAddedListingNote': False, 'aisleListingNoteWithSplit': False, 'formattedListingNoteDescription': ''}, {'listingNoteId': 1367, 'listingNoteContentId': 2447255, 'formattedListingNoteContent': 'Includes club access', 'listingNoteTypeId': 3, 'showToBuyer': True, 'hideInMock': False, 'siteAddedListingNote': False, 'aisleListingNoteWithSplit': False, 'listingNoteDescriptionContentId': 2447256, 'formattedListingNoteDescription': 'Includes club access'}, {'listingNoteId': 2026, 'listingNoteContentId': 3415844, 'formattedListingNoteContent': 'Second Row of Section', 'listingNoteTypeId': 6, 'showToBuyer': True, 'hideInMock': False, 'siteAddedListingNote': False, 'aisleListingNoteWithSplit': False, 'listingNoteDescriptionContentId': 3415844, 'formattedListingNoteDescription': 'Second Row of Section'}, {'listingNoteId': -1, 'listingNoteContentId': 3338094, 'formattedListingNoteContent': 'Clear view', 'listingNoteTypeId': 3, 'showToBuyer': True, 'hideInMock': False, 'siteAddedListingNote': False, 'aisleListingNoteWithSplit': False, 'listingNoteDescriptionContentId': 3338095, 'formattedListingNoteDescription': ""You'll have an unrestricted view of the show.""}]","[{'listingNoteBucketId': 1, 'formattedListingNoteContent': 'VIP packages', 'displayOrder': 1, 'showsRawNoteText': False}, {'listingNoteBucketId': 4, 'formattedListingNoteContent': 'Club access', 'displayOrder': 4, 'showsRawNoteText': False}, {'listingNoteBucketId': 14, 'formattedListingNoteContent': 'Second Row of Section', 'displayOrder': 14, 'showsRawNoteText': True, 'sourceListingNoteId': 2026}, {'listingNoteBucketId': 27, 'formattedListingNoteContent': 'Clear view', 'displayOrder': 8, 'showsRawNoteText': True, 'sourceListingNoteId': -1}]",703287,False,False,Row 2,False,4599650,"¥4,599,650","¥4,599,650",,,,10,Mobile Transfer ticket,3,1,USD,JPY,0.0,USD,"https://img.vggcdn.net/img/vfsimage2/812551/471_122863/0.jpg?im=Resize=(500,271)&v=771",11 hours ago,3.6,False,False,False,False,PbJfvCRPS%2b7jXn7FMpXpvCRk0asSsOoSItA3ZTZomaU%3d,False,2026-07-19T02:34:43.3300000Z,False,False,False,False,False,False,0,False,False,False,False,False,0,False,False,0,13394284215,False,A0E562E7-A337-40C1-BB8D-013EB09CA4C1,False,False,True,2,3.617691277448279,1.743432048,Last tickets,True,,,,,"[{'message': 'Popular Pick', 'qualifier': '163 tickets sold for this event', 'hasValue': True, 'messageType': 'BoughtInLastHourSocialProofBased'}, {'message': 'Second Row', 'qualifier': 'Premium close-up view', 'hasValue': True, 'messageType': 'SecondRowTicketAttributeBased'}]",[2026],,,,,,,,,
13397566132,153020449,110,122788,110,2,15,_,,,,False,False,2,,False,False,"[1, 2]",594,Lower,2,True,"[{'listingNoteId': 11, 'listingNoteContentId': 1038686, 'formattedListingNoteContent': 'Includes VIP pass', 'listingNoteTypeId': 3, 'showToBuyer': True, 'hideInMock': False, 'siteAddedListingNote': False, 'aisleListingNoteWithSplit': False, 'listingNoteDescriptionContentId': 1277351, 'formattedListingNoteDescription': ""A VIP pass gives you great privileges that other ticket holders don't have!""}, {'listingNoteId': 263, 'listingNoteContentId': 2444900, 'formattedListingNoteContent': 'VIP Club', 'listingNoteTypeId': 3, 'showToBuyer': True, 'hideInMock': False, 'siteAddedListingNote': False, 'aisleListingNoteWithSplit': False, 'listingNoteDescriptionContentId': 2444901, 'formattedListingNoteDescription': 'VIP Club - Club opens 90 minutes prior to tipoff and offers access to a lounge area with televisions, plush seating and private restrooms as well as all-inclusive food, draft beer, and house wine'}, {'listingNoteId': 2351, 'listingNoteContentId': 4249194, 'formattedListingNoteContent': 'This ticket cannot be transferred again after you receive it', 'listingNoteTypeId': 2, 'showToBuyer': True, 'hideInMock': False, 'siteAddedListingNote': False, 'aisleListingNoteWithSplit': False, 'listingNoteDescriptionContentId': 4249195, 'formattedListingNoteDescription': 'These tickets will be delivered via the FWC2026 Mobile Tickets app, which restricts subsequent transfer'}, {'listingNoteId': -1, 'listingNoteContentId': 3338094, 'formattedListingNoteContent': 'Clear view', 'listingNoteTypeId': 3, 'showToBuyer': True, 'hideInMock': False, 'siteAddedListingNote': False, 'aisleListingNoteWithSplit': False, 'listingNoteDescriptionContentId': 3338095, 'formattedListingNoteDescription': ""You'll have an unrestricted view of the show.""}]","[{'listingNoteBucketId': 1, 'formattedListingNoteContent': 'VIP packages', 'displayOrder': 1, 'showsRawNoteText': False}, {'listingNoteBucketId': 0, 'formattedListingNoteContent': 'This ticket cannot be transferred again after you receive it', 'displayOrder': 30, 'showsRawNoteText': True, 'sourceListingNoteId': 2351}, {'listingNoteBucketId': 27, 'formattedListingNoteContent': 'Clear view', 'displayOrder': 8, 'showsRawNoteText': True, 'sourceListingNoteId': -1}]",2112329,False,False,Row 15,False,4899715,"¥4,899,715","¥4,899,715",,,,10,Mobile Transfer ticket,3,1,EUR,JPY,10000.0,EUR,"https://img.vggcdn.net/img/vfsimage2/812551/594_122788/0.jpg?im=Resize=(500,271)&v=771",a minute ago,3.7,False,False,False,False,IeCgVo%2bMAE2VQyR77ABosoN%2fY3K0Y6GYuN4dgvPaskE%3d,False,2026-07-19T14:00:18.5500000Z,False,False,False,False,False,False,0,False,False,False,False,False,0,False,False,0,13397566132,False,AA537386-A5FE-491B-BF74-2785B95FE31D,False,False,True,2,3.7020544829200626,1.881101789,Last tickets,True,,,,,"[{'message': 'Popular Pick', 'qualifier': '163 tickets sold for this event', 'hasValue': True, 'messageType': 'BoughtInLastHourSocialProofBased'}]",[],,,,,,,,,
13392140335,153020449,111C,1530767,111C,2,3,_,,,,False,False,3,,False,False,"[1, 2, 3]",594,Lower,3,True,"[{'listingNoteId': 2027, 'listingNoteContentId': 3415845, 'formattedListingNoteContent': 'Third Row of Section', 'listingNoteTypeId': 6, 'showToBuyer': True, 'hideInMock': False, 'siteAddedListingNote': False, 'aisleListingNoteWithSplit': False, 'listingNoteDescriptionContentId': 3415845, 'formattedListingNoteDescription': 'Third Row of Section'}, {'listingNoteId': -1, 'listingNoteContentId': 3338094, 'formattedListingNoteContent': 'Clear view', 'listingNoteTypeId': 3, 'showToBuyer': True, 'hideInMock': False, 'siteAddedListingNote': False, 'aisleListingNoteWithSplit': False, 'listingNoteDescriptionContentId': 3338095, 'formattedListingNoteDescription': ""You'll have an unrestricted view of the show.""}]","[{'listingNoteBucketId': 14, 'formattedListingNoteContent': 'Third Row of Section', 'displayOrder': 14, 'showsRawNoteText': True, 'sourceListingNoteId': 2027}, {'listingNoteBucketId': 27, 'formattedListingNoteContent': 'Clear view', 'displayOrder': 8, 'showsRawNoteText': True, 'sourceListingNoteId': -1}]",1641151,False,False,Row 3,False,5417287,"¥5,417,287","¥5,417,287",,,,10,Mobile Transfer ticket,3,1,USD,JPY,0.0,USD,"https://img.vggcdn.net/img/vfsimage2/812551/594_1530767/0.jpg?im=Resize=(500,271)&v=771",19 hours ago,4.8,False,False,False,False,UKnjTZwxcVZcr%2b7tg6CwxzzPZad4wqUgn2w2Q73%2fkv4%3d,False,2026-07-18T18:02:58.6270000Z,False,False,False,False,False,False,0,False,False,False,False,False,0,False,False,0,13392140335,False,A9805B5A-DD09-4091-B681-4687A6A662DA,False,False,True,2,4.76772883803053,2.484026787,Last tickets,True,,,,,"[{'message': 'Popular Pick', 'qualifier': '163 tickets sold for this event', 'hasValue': True, 'messageType': 'BoughtInLastHourSocialProofBased'}, {'message': 'Third Row', 'qualifier': 'Excellent proximity to the action', 'hasValue': True, 'messageType': 'ThirdRowTicketAttributeBased'}]",[2027],,,,,,,,,
13394485892,153020449,140,122806,140,2,17,_,,,,False,False,4,,False,False,"[1, 2, 3, 4]",594,Lower,4,True,"[{'listingNoteId': -1, 'listingNoteContentId': 3338094, 'formattedListingNoteContent': 'Clear view', 'listingNoteTypeId': 3, 'showToBuyer': True, 'hideInMock': False, 'siteAddedListingNote': False, 'aisleListingNoteWithSplit': False, 'listingNoteDescriptionContentId': 3338095, 'formattedListingNoteDescription': ""You'll have an unrestricted view of the show.""}]","[{'listingNoteBucketId': 27, 'formattedListingNoteContent': 'Clear view', 'displayOrder': 8, 'showsRawNoteText': True, 'sourceListingNoteId': -1}]",2113115,False,False,Row 17,False,5723900,"¥5,723,900","¥5,723,900",,,,10,Mobile Transfer ticket,3,1,USD,JPY,22590.0,USD,"https://img.vggcdn.net/img/vfsimage2/812551/594_122806/0.jpg?im=Resize=(500,271)&v=771",10 hours ago,4.3,False,False,False,False,7cXJ1l8X6pL6EVH7OUznQ4Uv6axH%2f529gn9B3oTEpSo%3d,False,2026-07-19T03:27:41.2900000Z,False,False,False,False,False,False,0,False,False,False,False,False,0,False,False,0,13394485892,False,D1881AB2-9810-459F-8C3C-449D078D6D22,False,False,True,2,4.294531267629278,2.41613071,,,,,,,"[{'message': 'Popular Pick', 'qualifier': '163 tickets sold for this event', 'hasValue': True, 'messageType': 'BoughtInLastHourSocialProofBased'}]",[],,,,,,,,,
13397151819,153020449,139,122805,139,2,24,11_11,,,11,False,False,1,,False,False,[1],594,Lower,1,True,"[{'listingNoteId': 32, 'listingNoteContentId': 1064695, 'formattedListingNoteContent': 'Includes parking', 'listingNoteTypeId': 3, 'showToBuyer': True, 'hideInMock': False, 'siteAddedListingNote': False, 'aisleListingNoteWithSplit': False, 'listingNoteDescriptionContentId': 1277359, 'formattedListingNoteDescription': 'You will be able to park your car or motorcycle for free, as this is part of the package.'}, {'listingNoteId': -1, 'listingNoteContentId': 3338094, 'formattedListingNoteContent': 'Clear view', 'listingNoteTypeId': 3, 'showToBuyer': True, 'hideInMock': False, 'siteAddedListingNote': False, 'aisleListingNoteWithSplit': False, 'listingNoteDescriptionContentId': 3338095, 'formattedListingNoteDescription': ""You'll have an unrestricted view of the show.""}]","[{'listingNoteBucketId': 19, 'formattedListingNoteContent': 'Includes parking', 'displayOrder': 19, 'showsRawNoteText': True, 'sourceListingNoteId': 32}, {'listingNoteBucketId': 27, 'formattedListingNoteContent': 'Clear view', 'displayOrder': 8, 'showsRawNoteText': True, 'sourceListingNoteId': -1}]",2113096,False,False,Row 24,False,6238373,"¥6,238,373","¥6,238,373",,,,10,Mobile Transfer ticket,3,1,USD,JPY,5750.0,USD,"https://img.vggcdn.net/img/vfsimage2/812551/594_122805/0.jpg?im=Resize=(500,271)&v=771",40 minutes ago,2.9,False,False,False,False,PLkZ3VC6oZUGoC1qQEkB7x1WaSFcYT7qVkXyXTYMoGY%3d,False,2026-07-19T13:21:17.3900000Z,False,False,False,False,False,False,0,False,False,False,False,False,0,False,False,0,13397151819,False,E29D01C8-A4C7-4A9C-962E-8495845BD02F,False,False,True,2,2.8677630087649133,2.124453498,Last ticket,True,,,,,"[{'message': 'Popular Pick', 'qualifier': '163 tickets sold for this event', 'hasValue': True, 'messageType': 'BoughtInLastHourSocialProofBased'}]",[],,,,,,,,,
13039179808,153020449,129,122799,129,2,19,20_20,20,20,20,False,False,1,,False,False,[1],594,Lower,1,True,"[{'listingNoteId': 2344, 'listingNoteContentId': 4216766, 'formattedListingNoteContent': 'Includes Offsite Hospitality', 'listingNoteTypeId': 3, 'showToBuyer': True, 'hideInMock': False, 'siteAddedListingNote': False, 'aisleListingNoteWithSplit': False, 'formattedListingNoteDescription': ''}, {'listingNoteId': 1028, 'listingNoteContentId': 2446497, 'formattedListingNoteContent': 'Includes unlimited food and drinks (beer, wine and liquor)', 'listingNoteTypeId': 3, 'showToBuyer': True, 'hideInMock': False, 'siteAddedListingNote': False, 'aisleListingNoteWithSplit': False, 'listingNoteDescriptionContentId': 2446498, 'formattedListingNoteDescription': 'Includes unlimited food and drinks (beer, wine and liquor)'}, {'listingNoteId': 11, 'listingNoteContentId': 1038686, 'formattedListingNoteContent': 'Includes VIP pass', 'listingNoteTypeId': 3, 'showToBuyer': True, 'hideInMock': False, 'siteAddedListingNote': False, 'aisleListingNoteWithSplit': False, 'listingNoteDescriptionContentId': 1277351, 'formattedListingNoteDescription': ""A VIP pass gives you great privileges that other ticket holders don't have!""}, {'listingNoteId': 165, 'listingNoteContentId': 2444685, 'formattedListingNoteContent': 'Preferred Seating', 'listingNoteTypeId': 3, 'showToBuyer': True, 'hideInMock': False, 'siteAddedListingNote': False, 'aisleListingNoteWithSplit': False, 'listingNoteDescriptionContentId': 2444686, 'formattedListingNoteDescription': 'Preferred Seating'}, {'listingNoteId': 2249, 'listingNoteContentId': 4167477, 'formattedListingNoteContent': 'Reserved Seating', 'listingNoteTypeId': 3, 'showToBuyer': True, 'hideInMock': False, 'siteAddedListingNote': False, 'aisleListingNoteWithSplit': False, 'listingNoteDescriptionContentId': 4167478, 'formattedListingNoteDescription': 'Reserved Seating'}, {'listingNoteId': 1723, 'listingNoteContentId': 2731488, 'formattedListingNoteContent': 'Members Only', 'listingNoteTypeId': 2, 'showToBuyer': True, 'hideInMock': False, 'siteAddedListingNote': False, 'aisleListingNoteWithSplit': False, 'listingNoteDescriptionContentId': 2731489, 'formattedListingNoteDescription': 'You need to be a member to buy a ticket in this section.'}, {'listingNoteId': 102, 'listingNoteContentId': 1670084, 'formattedListingNoteContent': 'Resale not allowed', 'listingNoteTypeId': 2, 'showToBuyer': True, 'hideInMock': False, 'siteAddedListingNote': False, 'aisleListingNoteWithSplit': False, 'listingNoteDescriptionContentId': 1670085, 'formattedListingNoteDescription': 'Resale of these tickets is not allowed by the event organiser, and anyone found to be reselling these tickets risks being turned away from the event.'}, {'listingNoteId': 2351, 'listingNoteContentId': 4249194, 'formattedListingNoteContent': 'This ticket cannot be transferred again after you receive it', 'listingNoteTypeId': 2, 'showToBuyer': True, 'hideInMock': False, 'siteAddedListingNote': False, 'aisleListingNoteWithSplit': False, 'listingNoteDescriptionContentId': 4249195, 'formattedListingNoteDescription': 'These tickets will be delivered via the FWC2026 Mobile Tickets app, which restricts subsequent transfer'}, {'listingNoteId': -1, 'listingNoteContentId': 3338094, 'formattedListingNoteContent': 'Clear view', 'listingNoteTypeId': 3, 'showToBuyer': True, 'hideInMock': False, 'siteAddedListingNote': False, 'aisleListingNoteWithSplit': False, 'listingNoteDescriptionContentId': 3338095, 'formattedListingNoteDescription': ""You'll have an unrestricted view of the show.""}]","[{'listingNoteBucketId': 1, 'formattedListingNoteContent': 'VIP packages', 'displayOrder': 1, 'showsRawNoteText': False}, {'listingNoteBucketId': 7, 'formattedListingNoteContent': 'Food & beverages', 'displayOrder': 7, 'showsRawNoteText': False}, {'listingNoteBucketId': 11, 'formattedListingNoteContent': 'Preferred Seating', 'displayOrder': 11, 'showsRawNoteText': True, 'sourceListingNoteId': 165}, {'listingNoteBucketId': 11, 'formattedListingNoteContent': 'Reserved Seating', 'displayOrder': 11, 'showsRawNoteText': True, 'sourceListingNoteId': 2249}, {'listingNoteBucketId': 25, 'formattedListingNoteContent': 'Members Only', 'displayOrder': 25, 'showsRawNoteText': True, 'sourceListingNoteId': 1723}, {'listingNoteBucketId': 25, 'formattedListingNoteContent': 'Resale not allowed', 'displayOrder': 25, 'showsRawNoteText': True, 'sourceListingNoteId': 102}, {'listingNoteBucketId': 0, 'formattedListingNoteContent': 'Includes Offsite Hospitality', 'displayOrder': 30, 'showsRawNoteText': True, 'sourceListingNoteId': 2344}, {'listingNoteBucketId': 0, 'formattedListingNoteContent': 'This ticket cannot be transferred again after you receive it', 'displayOrder': 30, 'showsRawNoteText': True, 'sourceListingNoteId': 2351}, {'listingNoteBucketId': 27, 'formattedListingNoteContent': 'Clear view', 'displayOrder': 8, 'showsRawNoteText': True, 'sourceListingNoteId': -1}]",2112871,False,False,Row 19,False,7018114,"¥7,018,114","¥7,018,114",,,,10,Mobile Transfer ticket,3,1,USD,JPY,,USD,"https://img.vggcdn.net/img/vfsimage2/812551/594_122799/0.jpg?im=Resize=(500,271)&v=771",33 days ago,1.9,False,False,False,False,6kntfuF5aGGxtY09sPnqFDbr6tIeJje5rwBG9Ik0FSo%3d,False,2026-06-15T23:17:01.4300000Z,False,False,False,False,False,False,0,False,False,False,False,False,0,False,False,0,13039179808,False,8B686747-25EF-4923-9331-126FABEC7B61,False,False,True,1,1.8720556727429396,1.387804584,,,,,,,"[{'message': 'Popular Pick', 'qualifier': '163 tickets sold for this event', 'hasValue': True, 'messageType': 'BoughtInLastHourSocialProofBased'}]",[],,,,,,,,,
13360117497,153020449,Spain Supporters Premium Tier,2447957,Spain Supporters Premium Tier,2,,_,,,,False,False,4,,False,False,"[1, 2, 3, 4]",1666,Spain Supporters,4,True,"[{'listingNoteId': -1, 'listingNoteContentId': 3338094, 'formattedListingNoteContent': 'Clear view', 'listingNoteTypeId': 3, 'showToBuyer': True, 'hideInMock': False, 'siteAddedListingNote': False, 'aisleListingNoteWithSplit': False, 'listingNoteDescriptionContentId': 3338095, 'formattedListingNoteDescription': ""You'll have an unrestricted view of the show.""}]","[{'listingNoteBucketId': 27, 'formattedListingNoteContent': 'Clear view', 'displayOrder': 8, 'showsRawNoteText': True, 'sourceListingNoteId': -1}]",4847587,False,False,Row,True,7803604,"¥7,803,604","¥7,803,604",,,,10,Mobile Transfer ticket,3,1,EUR,JPY,25.0,EUR,"https://img.vggcdn.net/img/vfsimage2/812551/1666_2447957/0.jpg?im=Resize=(500,271)&v=771",4 days ago,1.6,False,False,False,False,bQohbdDYJTCxSNURM3ERLHZYXKnum0SCgIJHo1%2bE3cQ%3d,False,2026-07-15T12:25:17.1600000Z,False,False,False,False,False,False,0,False,False,False,False,False,0,False,False,0,13360117497,False,9193EF71-6E14-486E-BC8E-159F87E1EAC3,False,False,True,1,1.6007960284809597,1.325108567,Last tickets,True,,,,,"[{'message': 'Popular Pick', 'qualifier': '163 tickets sold for this event', 'hasValue': True, 'messageType': 'BoughtInLastHourSocialProofBased'}]",[],,,,,,,,,
13369997536,153020449,113,122944,113,2,,_,,,,False,False,1,,False,False,[1],594,Lower,1,True,"[{'listingNoteId': 111, 'listingNoteContentId': 1703554, 'formattedListingNoteContent': 'Event Organiser', 'listingNoteTypeId': 5, 'showToBuyer': True, 'hideInMock': False, 'siteAddedListingNote': False, 'aisleListingNoteWithSplit': False, 'listingNoteDescriptionContentId': 1703553, 'formattedListingNoteDescription': 'the seller is an organiser of the event or a person acting on behalf of an organiser of the event'}, {'listingNoteId': -1, 'listingNoteContentId': 3338094, 'formattedListingNoteContent': 'Clear view', 'listingNoteTypeId': 3, 'showToBuyer': True, 'hideInMock': False, 'siteAddedListingNote': False, 'aisleListingNoteWithSplit': False, 'listingNoteDescriptionContentId': 3338095, 'formattedListingNoteDescription': ""You'll have an unrestricted view of the show.""}]","[{'listingNoteBucketId': 0, 'formattedListingNoteContent': 'Event Organiser', 'displayOrder': 30, 'showsRawNoteText': True, 'sourceListingNoteId': 111}, {'listingNoteBucketId': 27, 'formattedListingNoteContent': 'Clear view', 'displayOrder': 8, 'showsRawNoteText': True, 'sourceListingNoteId': -1}]",108747,False,False,Row,True,11147815,"¥11,147,815","¥11,147,815",,,,10,Mobile Transfer ticket,3,1,EUR,JPY,10000.0,EUR,"https://img.vggcdn.net/img/vfsimage2/812551/594_122944/0.jpg?im=Resize=(500,271)&v=771",3 days ago,2.4,False,False,False,False,YxkmZK9JF79Spkd4PaSd7hRCozLgpUKgZ2SbM3EdEfw%3d,False,2026-07-16T09:26:36.0230000Z,False,False,False,False,False,False,0,False,False,False,False,False,0,False,False,0,13369997536,False,370B5134-CDD2-4F4A-A3A6-D911D3D81F7E,False,False,True,1,2.3961511345862023,3.231938413,Last ticket,True,,,,,"[{'message': 'Popular Pick', 'qualifier': '163 tickets sold for this event', 'hasValue': True, 'messageType': 'BoughtInLastHourSocialProofBased'}]",[],,,,,,,,,
