id,eventId,section,sectionId,sectionMapName,sectionType,row,seat,seatFrom,seatTo,seatFromInternal,hasSeatDetails,hasSeatDetailsExpansion,availableTickets,formattedFees,showRecentlySold,showPartnershipLogo,availableQuantities,ticketClass,ticketClassName,maxQuantity,hasListingNotes,listingNotes,listingNoteBuckets,rowId,isUsersListing,isPreUploaded,rowContent,isSpeculativeRow,rawPrice,price,formattedTotalPrice,ticketTypeId,ticketTypeName,ticketTypeGroupId,listingTypeId,listingCurrencyCode,buyerCurrencyCode,faceValue,faceValueCurrencyCode,vfsUrl,formattedActiveSince,formattedDealScore,isSeatedTogether,showVfsInListing,hideSeatAndRowInfo,isUnmappedSection,aipHash,isMLBVerified,createdDateTime,showCheapestTag,showBestDealTag,showBestDealInSectionTag,showFanFavoriteTag,showBestViewTag,showTopChoiceTag,topChoiceBucket,isMostAffordable,isZoneTicketClass,isSponsored,isSponsoredSecondary,isMirrorListing,crossSellSource,isCheapestListing,isFavorite,aggregateFavorites,listingId,canBeRelisted,listingImpressionId,isBetterValueListing,hasRowLevelVfs,isDealScoreEligibleForDisplay,inventoryListingScore.starRating,inventoryListingScore.dealScore,inventoryListingScore.seatQualityScore,bestPriceTagMessage.message,bestPriceTagMessage.disclaimer,bestPriceTagMessage.hasValue,bestPriceTagMessage.featureTrackingKey,listingHighlightData.highlightSiteMessagesWithType,listingHighlightData.listingNoteIdsReplacedByHighlight,bestSellingInSectionMessage.message,bestSellingInSectionMessage.disclaimer,bestSellingInSectionMessage.hasValue,lastTicketInSectionMessage.message,lastTicketInSectionMessage.hasValue,strikeThroughPrice,strikeThroughDiscountPercent,strikeThroughAmountOff,bestDealTagMessage.message,bestDealTagMessage.hasValue,bestDealTagMessage.featureTrackingKey,hiddenGemMessage.message,hiddenGemMessage.hasValue,hiddenGemMessage.featureTrackingKey,bestViewTagMessage.message,bestViewTagMessage.disclaimer,bestViewTagMessage.hasValue,bestViewTagMessage.featureTrackingKey
13387808472,153020449,327,122920,327,2,19,24_24,24,24,24,False,False,1,,False,False,[1],407,Upper,1,True,"[{'listingNoteId': -1, 'listingNoteContentId': 3338094, 'formattedListingNoteContent': 'Clear view', 'listingNoteTypeId': 3, 'showToBuyer': True, 'hideInMock': False, 'siteAddedListingNote': False, 'aisleListingNoteWithSplit': False, 'listingNoteDescriptionContentId': 3338095, 'formattedListingNoteDescription': ""You'll have an unrestricted view of the show.""}]","[{'listingNoteBucketId': 27, 'formattedListingNoteContent': 'Clear view', 'displayOrder': 8, 'showsRawNoteText': True, 'sourceListingNoteId': -1}]",2113850,False,False,Row 19,False,1544428,"¥1,544,428","¥1,544,428",10,Mobile Transfer ticket,3,1,USD,JPY,1000.0,USD,"https://img.vggcdn.net/img/vfsimage2/812551/407_122920/0.jpg?im=Resize=(500,271)&v=771",16 hours ago,7,False,False,False,False,Wx%2fh%2fYeIhlKJtPe2B4Q%2bCIG%2f6f%2f%2fKxWQENe9%2bF5kWq4%3d,False,2026-07-18T00:57:33.0300000Z,True,False,False,False,False,False,0,False,False,False,False,False,0,True,False,0,13387808472,False,A7D201E3-7726-4DCD-829C-003B1D0B0851,False,False,True,4,7.183314697166307,0.7703844537,Best price,Lowest priced listing for the selected quantity for this event on our site.,True,6aa8a73f-b069-4147-a316-ffc9e9280c2b,"[{'message': 'Great Value', 'qualifier': 'Based on price, view, seat quality and more', 'hasValue': True, 'messageType': 'ValueBased'}, {'message': 'Popular Pick', 'qualifier': '50 tickets sold for this event', 'hasValue': True, 'messageType': 'BoughtInLastHourSocialProofBased'}]",[],,,,,,,,,,,,,,,,,,
13388100640,153020449,349,122942,349,2,17,13_13,13,13,13,False,False,1,,False,False,[1],407,Upper,1,True,"[{'listingNoteId': -1, 'listingNoteContentId': 3338094, 'formattedListingNoteContent': 'Clear view', 'listingNoteTypeId': 3, 'showToBuyer': True, 'hideInMock': False, 'siteAddedListingNote': False, 'aisleListingNoteWithSplit': False, 'listingNoteDescriptionContentId': 3338095, 'formattedListingNoteDescription': ""You'll have an unrestricted view of the show.""}]","[{'listingNoteBucketId': 27, 'formattedListingNoteContent': 'Clear view', 'displayOrder': 8, 'showsRawNoteText': True, 'sourceListingNoteId': -1}]",2114021,False,False,Row 17,False,1593555,"¥1,593,555","¥1,593,555",10,Mobile Transfer ticket,3,1,USD,JPY,,USD,"https://img.vggcdn.net/img/vfsimage2/812551/407_122942/0.jpg?im=Resize=(500,271)&v=771",15 hours ago,7,False,False,False,False,Mr0MNi8V1Zg77eq10DD0SmypbppCtndW9ARbzebli8w%3d,False,2026-07-18T02:03:33.4600000Z,False,False,False,False,False,False,0,False,False,False,False,False,0,False,False,0,13388100640,False,FC9FB517-664D-4B47-955B-56FC966ACE65,False,False,True,3,6.846686642885966,0.7592844362,,,,,"[{'message': 'Popular Pick', 'qualifier': '50 tickets sold for this event', 'hasValue': True, 'messageType': 'BoughtInLastHourSocialProofBased'}]",[],Fan favorite,This section is in the top 10% of sections for this event when ranked based on a count of successful sales over the past 7 days on our site,True,Last ticket,True,,,,,,,,,,,,,
13391938511,153020449,348,122941,348,2,24,_,,,,False,False,2,,False,False,"[1, 2]",407,Upper,2,True,"[{'listingNoteId': -1, 'listingNoteContentId': 3338094, 'formattedListingNoteContent': 'Clear view', 'listingNoteTypeId': 3, 'showToBuyer': True, 'hideInMock': False, 'siteAddedListingNote': False, 'aisleListingNoteWithSplit': False, 'listingNoteDescriptionContentId': 3338095, 'formattedListingNoteDescription': ""You'll have an unrestricted view of the show.""}]","[{'listingNoteBucketId': 27, 'formattedListingNoteContent': 'Clear view', 'displayOrder': 8, 'showsRawNoteText': True, 'sourceListingNoteId': -1}]",2114006,False,False,Row 24,False,1606422,"¥1,606,422","¥1,606,422",10,Mobile Transfer ticket,3,1,USD,JPY,2790.0,USD,"https://img.vggcdn.net/img/vfsimage2/812551/407_122941/0.jpg?im=Resize=(500,271)&v=771",3 minutes ago,6,False,False,False,False,n0K7xWx%2fib2IFCZFZx9tYBzUtPeGXd5x5I5FoPUGarc%3d,False,2026-07-18T17:10:34.9030000Z,False,False,False,False,False,False,0,False,False,False,False,False,0,False,False,0,13391938511,False,AD3E98CF-5DD1-4DC9-AE45-BC84C561A767,False,False,True,3,6.449015567130198,0.7287039177,,,,,"[{'message': 'Popular Pick', 'qualifier': '50 tickets sold for this event', 'hasValue': True, 'messageType': 'BoughtInLastHourSocialProofBased'}]",[],,,,,,,,,,,,,,,,,,
13391897530,153020449,321,122914,321,2,17,_,,,,False,False,1,,False,False,[1],407,Upper,1,True,"[{'listingNoteId': -1, 'listingNoteContentId': 3338094, 'formattedListingNoteContent': 'Clear view', 'listingNoteTypeId': 3, 'showToBuyer': True, 'hideInMock': False, 'siteAddedListingNote': False, 'aisleListingNoteWithSplit': False, 'listingNoteDescriptionContentId': 3338095, 'formattedListingNoteDescription': ""You'll have an unrestricted view of the show.""}]","[{'listingNoteBucketId': 27, 'formattedListingNoteContent': 'Clear view', 'displayOrder': 8, 'showsRawNoteText': True, 'sourceListingNoteId': -1}]",2113716,False,False,Row 17,False,1625527,"¥1,625,527","¥1,625,527",10,Mobile Transfer ticket,3,1,USD,JPY,2600.0,USD,"https://img.vggcdn.net/img/vfsimage2/812551/407_122914/0.jpg?im=Resize=(500,271)&v=771",8 minutes ago,6,False,False,False,False,6MDVGI%2bEP7IzFvNIGNlulbMVhHrDub0LTdYgTY9OwJI%3d,False,2026-07-18T17:05:32.8970000Z,False,False,False,False,False,False,0,False,False,False,False,False,0,False,False,0,13391897530,False,EB17C8E7-ED31-47D9-AF78-7CBAA1E0D2E8,False,False,True,3,6.238320798229029,0.7190986817,,,,,"[{'message': 'Popular Pick', 'qualifier': '50 tickets sold for this event', 'hasValue': True, 'messageType': 'BoughtInLastHourSocialProofBased'}]",[],Fan favorite,This section is in the top 10% of sections for this event when ranked based on a count of successful sales over the past 7 days on our site,True,Last ticket,True,,,,,,,,,,,,,
13391570992,153020449,327,122920,327,2,18,_,,,,False,False,1,,False,False,[1],407,Upper,1,True,"[{'listingNoteId': -1, 'listingNoteContentId': 3338094, 'formattedListingNoteContent': 'Clear view', 'listingNoteTypeId': 3, 'showToBuyer': True, 'hideInMock': False, 'siteAddedListingNote': False, 'aisleListingNoteWithSplit': False, 'listingNoteDescriptionContentId': 3338095, 'formattedListingNoteDescription': ""You'll have an unrestricted view of the show.""}]","[{'listingNoteBucketId': 27, 'formattedListingNoteContent': 'Clear view', 'displayOrder': 8, 'showsRawNoteText': True, 'sourceListingNoteId': -1}]",2113849,False,False,Row 18,False,1635079,"¥1,635,079","¥1,635,079",10,Mobile Transfer ticket,3,1,USD,JPY,6000.0,USD,"https://img.vggcdn.net/img/vfsimage2/812551/407_122920/0.jpg?im=Resize=(500,271)&v=771",an hour ago,7,False,False,False,False,xsHvFm2x74XdKkwfzTXW6M9bbM1Idd0OD1Q1LroysWc%3d,False,2026-07-18T15:44:48.5430000Z,False,False,False,False,False,False,0,False,False,False,False,False,0,False,False,0,13391570992,False,CF6D6BC8-EF81-4C0D-9139-80FCADEC0BF2,False,False,True,3,6.8069024605883826,0.7751677852,,,,,"[{'message': 'Popular Pick', 'qualifier': '50 tickets sold for this event', 'hasValue': True, 'messageType': 'BoughtInLastHourSocialProofBased'}]",[],,,,,,,,,,,,,,,,,,
13387899722,153020449,307,122900,307,2,16,_,,,,False,False,1,,False,False,[1],407,Upper,1,True,"[{'listingNoteId': -1, 'listingNoteContentId': 3338094, 'formattedListingNoteContent': 'Clear view', 'listingNoteTypeId': 3, 'showToBuyer': True, 'hideInMock': False, 'siteAddedListingNote': False, 'aisleListingNoteWithSplit': False, 'listingNoteDescriptionContentId': 3338095, 'formattedListingNoteDescription': ""You'll have an unrestricted view of the show.""}]","[{'listingNoteBucketId': 27, 'formattedListingNoteContent': 'Clear view', 'displayOrder': 8, 'showsRawNoteText': True, 'sourceListingNoteId': -1}]",703665,False,False,Row 16,False,1650226,"¥1,650,226","¥1,650,226",10,Mobile Transfer ticket,3,14,USD,JPY,0.0,USD,"https://img.vggcdn.net/img/vfsimage2/812551/407_122900/0.jpg?im=Resize=(500,271)&v=771",15 hours ago,8,False,False,False,False,ggX7%2bKjWvE%2fEx4VcPLf6pg4MaMq84bImHP74FtJcNjU%3d,False,2026-07-18T01:19:56.0030000Z,False,False,False,False,False,False,0,False,False,False,False,False,0,False,False,0,13387899722,False,01CC7F23-E3C2-4308-AE51-556847833BC0,False,False,True,4,8.163703986250765,0.9594904744,,,,,"[{'message': 'Great Value', 'qualifier': 'Based on price, view, seat quality and more', 'hasValue': True, 'messageType': 'ValueBased'}, {'message': 'Popular Pick', 'qualifier': '50 tickets sold for this event', 'hasValue': True, 'messageType': 'BoughtInLastHourSocialProofBased'}]",[],,,,,,"¥2,365,817",30.0,"¥715,591",,,,,,,,,,
13386324506,153020449,310,122903,310,2,20,_,,,,False,False,4,,False,False,"[1, 2, 3, 4]",407,Upper,4,True,"[{'listingNoteId': -1, 'listingNoteContentId': 3338094, 'formattedListingNoteContent': 'Clear view', 'listingNoteTypeId': 3, 'showToBuyer': True, 'hideInMock': False, 'siteAddedListingNote': False, 'aisleListingNoteWithSplit': False, 'listingNoteDescriptionContentId': 3338095, 'formattedListingNoteDescription': ""You'll have an unrestricted view of the show.""}]","[{'listingNoteBucketId': 27, 'formattedListingNoteContent': 'Clear view', 'displayOrder': 8, 'showsRawNoteText': True, 'sourceListingNoteId': -1}]",703735,False,False,Row 20,False,1650779,"¥1,650,779","¥1,650,779",10,Mobile Transfer ticket,3,1,EUR,JPY,1222.0,EUR,"https://img.vggcdn.net/img/vfsimage2/812551/407_122903/0.jpg?im=Resize=(500,271)&v=771",19 hours ago,6,False,False,False,False,e%2brR7xGXvLO48wUuZ6CIK%2bSS7TUElpeSqvkTbnvyFRM%3d,False,2026-07-17T21:20:55.5370000Z,False,False,False,False,False,False,0,False,False,False,False,False,0,False,False,0,13386324506,False,C6786F97-D572-43C7-A975-469930028CF3,False,False,True,3,5.911143879231584,0.7032113034,,,,,"[{'message': 'Popular Pick', 'qualifier': '50 tickets sold for this event', 'hasValue': True, 'messageType': 'BoughtInLastHourSocialProofBased'}]",[],,,,Last tickets,True,"¥2,180,766",24.0,"¥529,987",,,,,,,,,,
13318315128,153020449,311,122904,311,2,21,_,,,,False,False,4,,False,False,"[1, 2, 3, 4]",407,Upper,4,True,"[{'listingNoteId': -1, 'listingNoteContentId': 3338094, 'formattedListingNoteContent': 'Clear view', 'listingNoteTypeId': 3, 'showToBuyer': True, 'hideInMock': False, 'siteAddedListingNote': False, 'aisleListingNoteWithSplit': False, 'listingNoteDescriptionContentId': 3338095, 'formattedListingNoteDescription': ""You'll have an unrestricted view of the show.""}]","[{'listingNoteBucketId': 27, 'formattedListingNoteContent': 'Clear view', 'displayOrder': 8, 'showsRawNoteText': True, 'sourceListingNoteId': -1}]",703758,False,False,Row 21,False,1650779,"¥1,650,779","¥1,650,779",10,Mobile Transfer ticket,3,1,EUR,JPY,1222.0,EUR,"https://img.vggcdn.net/img/vfsimage2/812551/407_122904/0.jpg?im=Resize=(500,271)&v=771",7 days ago,5,False,False,False,False,e%2brR7xGXvLO48wUuZ6CIK%2bSS7TUElpeSqvkTbnvyFRM%3d,False,2026-07-10T19:24:07.4600000Z,False,False,False,False,False,False,0,False,False,False,False,False,0,False,False,0,13318315128,False,2147632D-139F-4B48-9BC9-8772D0E3693A,False,False,True,3,5.2072615599656435,0.6512872162,,,,,"[{'message': 'Popular Pick', 'qualifier': '50 tickets sold for this event', 'hasValue': True, 'messageType': 'BoughtInLastHourSocialProofBased'}]",[],,,,,,,,,,,,,,,,,,
13383703396,153020449,320,122913,320,2,25,23_24,,,23,False,False,2,,False,False,"[1, 2]",407,Upper,2,True,"[{'listingNoteId': -1, 'listingNoteContentId': 3338094, 'formattedListingNoteContent': 'Clear view', 'listingNoteTypeId': 3, 'showToBuyer': True, 'hideInMock': False, 'siteAddedListingNote': False, 'aisleListingNoteWithSplit': False, 'listingNoteDescriptionContentId': 3338095, 'formattedListingNoteDescription': ""You'll have an unrestricted view of the show.""}]","[{'listingNoteBucketId': 27, 'formattedListingNoteContent': 'Clear view', 'displayOrder': 8, 'showsRawNoteText': True, 'sourceListingNoteId': -1}]",703960,False,False,Row 25,False,1653433,"¥1,653,433","¥1,653,433",10,Mobile Transfer ticket,3,1,USD,JPY,0.01,USD,"https://img.vggcdn.net/img/vfsimage2/812551/407_122913/0.jpg?im=Resize=(500,271)&v=771",yesterday,10,False,False,False,False,UAM5LmgaqXZLr8UKfSgBeO0S2BnP0SES5frdDQ2ButU%3d,False,2026-07-17T15:42:32.5800000Z,False,True,False,False,False,False,0,False,False,False,False,False,0,False,False,0,13383703396,False,128F8D08-B612-4549-9E7A-F5BDDF83A588,False,False,True,5,10,1.728582708,,,,,"[{'message': 'Amazing Value', 'qualifier': 'Based on price, view, seat quality and more', 'hasValue': True, 'messageType': 'ValueBased'}, {'message': 'Popular Pick', 'qualifier': '50 tickets sold for this event', 'hasValue': True, 'messageType': 'BoughtInLastHourSocialProofBased'}]",[],Fan favorite,This section is in the top 10% of sections for this event when ranked based on a count of successful sales over the past 7 days on our site,True,,,,,,Best deal,True,6aa8a73f-b069-4147-a316-ffc9e9280c2b,,,,,,,
13311688135,153020449,306,122899,306,2,24,_,,,,False,False,3,,False,False,"[1, 2, 3]",407,Upper,3,True,"[{'listingNoteId': -1, 'listingNoteContentId': 3338094, 'formattedListingNoteContent': 'Clear view', 'listingNoteTypeId': 3, 'showToBuyer': True, 'hideInMock': False, 'siteAddedListingNote': False, 'aisleListingNoteWithSplit': False, 'listingNoteDescriptionContentId': 3338095, 'formattedListingNoteDescription': ""You'll have an unrestricted view of the show.""}]","[{'listingNoteBucketId': 27, 'formattedListingNoteContent': 'Clear view', 'displayOrder': 8, 'showsRawNoteText': True, 'sourceListingNoteId': -1}]",2113699,False,False,Row 24,False,1663738,"¥1,663,738","¥1,663,738",10,Mobile Transfer ticket,3,1,USD,JPY,2790.0,USD,"https://img.vggcdn.net/img/vfsimage2/812551/407_122899/0.jpg?im=Resize=(500,271)&v=771",8 days ago,6,False,False,False,False,DKxKtmeyXt8lvJjm8O3K3UUs%2bBzAvzFwaP%2fLGBq9vug%3d,False,2026-07-10T07:01:59.7500000Z,False,False,False,False,False,False,0,False,False,False,False,False,0,False,False,0,13311688135,False,4343F9D0-8F8B-4F8C-A5A0-54E7AF271FDB,False,False,True,3,6.099779731530786,0.7242058546,,,,,"[{'message': 'Popular Pick', 'qualifier': '50 tickets sold for this event', 'hasValue': True, 'messageType': 'BoughtInLastHourSocialProofBased'}]",[],Fan favorite,This section is in the top 10% of sections for this event when ranked based on a count of successful sales over the past 7 days on our site,True,Last tickets,True,,,,,,,,,,,,,
13358903655,153020449,Category 3,1989401,Category 3,3,,_,,,,False,False,4,,False,False,"[1, 2, 4]",1247,Category 3,4,True,"[{'listingNoteId': 2309, 'listingNoteContentId': 4186652, 'formattedListingNoteContent': 'Spain Supporters Seats', 'listingNoteTypeId': 4, 'showToBuyer': True, 'hideInMock': False, 'siteAddedListingNote': False, 'aisleListingNoteWithSplit': False, 'listingNoteDescriptionContentId': 4186653, 'formattedListingNoteDescription': 'Spain Supporters Seats'}, {'listingNoteId': -1, 'listingNoteContentId': 3338094, 'formattedListingNoteContent': 'Clear view', 'listingNoteTypeId': 3, 'showToBuyer': True, 'hideInMock': False, 'siteAddedListingNote': False, 'aisleListingNoteWithSplit': False, 'listingNoteDescriptionContentId': 3338095, 'formattedListingNoteDescription': ""You'll have an unrestricted view of the show.""}]","[{'listingNoteBucketId': 0, 'formattedListingNoteContent': 'Spain Supporters Seats', 'displayOrder': 30, 'showsRawNoteText': True, 'sourceListingNoteId': 2309}, {'listingNoteBucketId': 27, 'formattedListingNoteContent': 'Clear view', 'displayOrder': 8, 'showsRawNoteText': True, 'sourceListingNoteId': -1}]",3325460,False,False,Row,True,1673081,"¥1,673,081","¥1,673,081",10,Mobile Transfer ticket,3,1,EUR,JPY,1000.0,EUR,"https://img.vggcdn.net/img/vfsimage2/812551/1247_1989401/0.jpg?im=Resize=(500,271)&v=771",3 days ago,9,False,False,True,False,wVsjAi3OQ4gsPUZUNhOMm3x%2b5inYcNTShVWVi34Mdsg%3d,False,2026-07-15T09:14:18.7130000Z,False,False,False,False,False,False,0,False,False,False,False,False,0,False,False,0,13358903655,False,B9C274DC-30FA-4BD8-ACE9-CE401B20E82E,False,False,True,5,9.15700383632258,1.25740229,,,,,"[{'message': 'Amazing Value', 'qualifier': 'Based on price, view, seat quality and more', 'hasValue': True, 'messageType': 'ValueBased'}, {'message': 'Popular Pick', 'qualifier': '50 tickets sold for this event', 'hasValue': True, 'messageType': 'BoughtInLastHourSocialProofBased'}]",[],,,,Last tickets,True,"¥2,220,456",25.0,"¥547,375",,,,,,,,,,
13311781111,153020449,322,122915,322,2,21,_,,,,False,False,4,,False,False,"[1, 2, 3, 4]",407,Upper,4,True,"[{'listingNoteId': -1, 'listingNoteContentId': 3338094, 'formattedListingNoteContent': 'Clear view', 'listingNoteTypeId': 3, 'showToBuyer': True, 'hideInMock': False, 'siteAddedListingNote': False, 'aisleListingNoteWithSplit': False, 'listingNoteDescriptionContentId': 3338095, 'formattedListingNoteDescription': ""You'll have an unrestricted view of the show.""}]","[{'listingNoteBucketId': 27, 'formattedListingNoteContent': 'Clear view', 'displayOrder': 8, 'showsRawNoteText': True, 'sourceListingNoteId': -1}]",2113742,False,False,Row 21,False,1682841,"¥1,682,841","¥1,682,841",10,Mobile Transfer ticket,3,1,USD,JPY,5785.0,USD,"https://img.vggcdn.net/img/vfsimage2/812551/407_122915/0.jpg?im=Resize=(500,271)&v=771",8 days ago,6,False,False,False,False,FtvQVpukP2h8AJ2K53XkhAQ00vxEIbqR%2bo5HE8WlggM%3d,False,2026-07-10T07:19:52.5470000Z,False,False,False,False,False,False,0,False,False,False,False,False,0,False,False,0,13311781111,False,B951B999-EBBC-4297-899A-0B5CCA27F5ED,False,False,True,3,6.090784680312701,0.7314782792,,,,,"[{'message': 'Popular Pick', 'qualifier': '50 tickets sold for this event', 'hasValue': True, 'messageType': 'BoughtInLastHourSocialProofBased'}]",[],Fan favorite,This section has the highest count of successful sales for this event over the past 7 days on our site,True,,,,,,,,,,,,,,,
13389800298,153020449,307,122900,307,2,15,_,,,,False,False,3,,False,False,"[1, 2, 3]",407,Upper,3,True,"[{'listingNoteId': -1, 'listingNoteContentId': 3338094, 'formattedListingNoteContent': 'Clear view', 'listingNoteTypeId': 3, 'showToBuyer': True, 'hideInMock': False, 'siteAddedListingNote': False, 'aisleListingNoteWithSplit': False, 'listingNoteDescriptionContentId': 3338095, 'formattedListingNoteDescription': ""You'll have an unrestricted view of the show.""}]","[{'listingNoteBucketId': 27, 'formattedListingNoteContent': 'Clear view', 'displayOrder': 8, 'showsRawNoteText': True, 'sourceListingNoteId': -1}]",703664,False,False,Row 15,False,1689049,"¥1,689,049","¥1,689,049",10,Mobile Transfer ticket,3,1,EUR,JPY,5000.0,EUR,"https://img.vggcdn.net/img/vfsimage2/812551/407_122900/0.jpg?im=Resize=(500,271)&v=771",8 hours ago,8,False,False,False,False,5qZ3ezp%2bQAy5CbQh%2bDPluZ98BrKWQjKGrU1PFCBIjv4%3d,False,2026-07-18T09:06:10.3370000Z,False,False,False,False,False,False,0,False,False,False,False,False,0,False,False,0,13389800298,False,9731A050-6C1B-42E9-9304-E59DF946ECA2,False,False,True,4,8.031367633838485,0.9605973662,,,,,"[{'message': 'Great Value', 'qualifier': 'Based on price, view, seat quality and more', 'hasValue': True, 'messageType': 'ValueBased'}, {'message': 'Popular Pick', 'qualifier': '50 tickets sold for this event', 'hasValue': True, 'messageType': 'BoughtInLastHourSocialProofBased'}]",[],,,,,,,,,,,,,,,,,,
13311688126,153020449,304,122897,304,2,23,_,,,,False,False,8,,False,False,"[1, 2, 3, 4, 5, 6, 7, 8]",407,Upper,8,True,"[{'listingNoteId': -1, 'listingNoteContentId': 3338094, 'formattedListingNoteContent': 'Clear view', 'listingNoteTypeId': 3, 'showToBuyer': True, 'hideInMock': False, 'siteAddedListingNote': False, 'aisleListingNoteWithSplit': False, 'listingNoteDescriptionContentId': 3338095, 'formattedListingNoteDescription': ""You'll have an unrestricted view of the show.""}]","[{'listingNoteBucketId': 27, 'formattedListingNoteContent': 'Clear view', 'displayOrder': 8, 'showsRawNoteText': True, 'sourceListingNoteId': -1}]",2113654,False,False,Row 23,False,1701946,"¥1,701,946","¥1,701,946",10,Mobile Transfer ticket,3,1,USD,JPY,2790.0,USD,"https://img.vggcdn.net/img/vfsimage2/812551/407_122897/0.jpg?im=Resize=(500,271)&v=771",8 days ago,6,False,False,False,False,Dg7eopT5pnB8qRLQ4%2bJvaTMxY7%2f3GjA1tVSrwCVR5SY%3d,False,2026-07-10T07:01:59.6470000Z,False,False,False,False,False,False,0,False,False,False,False,False,0,False,False,0,13311688126,False,0CA9ABE1-802C-4F44-8C7E-FD193FBBB3EE,False,False,True,3,5.864750008278007,0.7208835704,,,,,"[{'message': 'Popular Pick', 'qualifier': '50 tickets sold for this event', 'hasValue': True, 'messageType': 'BoughtInLastHourSocialProofBased'}]",[],,,,Last tickets,True,,,,,,,,,,,,,
13391052996,153020449,328,122921,328,2,26,16_16,16,16,16,False,False,1,,False,False,[1],407,Upper,1,True,"[{'listingNoteId': -1, 'listingNoteContentId': 3338094, 'formattedListingNoteContent': 'Clear view', 'listingNoteTypeId': 3, 'showToBuyer': True, 'hideInMock': False, 'siteAddedListingNote': False, 'aisleListingNoteWithSplit': False, 'listingNoteDescriptionContentId': 3338095, 'formattedListingNoteDescription': ""You'll have an unrestricted view of the show.""}]","[{'listingNoteBucketId': 27, 'formattedListingNoteContent': 'Clear view', 'displayOrder': 8, 'showsRawNoteText': True, 'sourceListingNoteId': -1}]",2113877,False,False,Row 26,False,1702336,"¥1,702,336","¥1,702,336",10,Mobile Transfer ticket,3,1,USD,JPY,,USD,"https://img.vggcdn.net/img/vfsimage2/812551/407_122921/0.jpg?im=Resize=(500,271)&v=771",3 hours ago,6,False,False,False,False,8%2bxI8D0GCs2nR2u0tpLc0hl9WWYhMgLdKYogSjzdvTI%3d,False,2026-07-18T13:49:42.1730000Z,False,False,False,False,False,False,0,False,False,False,False,False,0,False,False,0,13391052996,False,1C12375A-8A2B-4EB2-8614-0E015FC2689F,False,False,True,3,5.9273566276917,0.7261878374,,,,,"[{'message': 'Popular Pick', 'qualifier': '50 tickets sold for this event', 'hasValue': True, 'messageType': 'BoughtInLastHourSocialProofBased'}]",[],Fan favorite,This section is in the top 10% of sections for this event when ranked based on a count of successful sales over the past 7 days on our site,True,,,,,,,,,,,,,,,
13345545577,153020449,325,122918,325,2,25,_,,,,False,False,4,,False,False,"[1, 2, 4]",407,Upper,4,True,"[{'listingNoteId': -1, 'listingNoteContentId': 3338094, 'formattedListingNoteContent': 'Clear view', 'listingNoteTypeId': 3, 'showToBuyer': True, 'hideInMock': False, 'siteAddedListingNote': False, 'aisleListingNoteWithSplit': False, 'listingNoteDescriptionContentId': 3338095, 'formattedListingNoteDescription': ""You'll have an unrestricted view of the show.""}]","[{'listingNoteBucketId': 27, 'formattedListingNoteContent': 'Clear view', 'displayOrder': 8, 'showsRawNoteText': True, 'sourceListingNoteId': -1}]",2113812,False,False,Row 25,False,1704645,"¥1,704,645","¥1,704,645",10,Mobile Transfer ticket,3,1,GBP,JPY,3000.0,GBP,"https://img.vggcdn.net/img/vfsimage2/812551/407_122918/0.jpg?im=Resize=(500,271)&v=771",4 days ago,6,False,False,False,False,Rs47K6F3p4ePnzUpE4FmsHZgWvyy9Q%2b0n9lx%2fgj%2fQbM%3d,False,2026-07-13T21:22:58.8800000Z,False,False,False,False,False,False,0,False,False,False,False,False,0,False,False,0,13345545577,False,D62AB5BD-0947-4CCF-AECE-2A2252CEBB28,False,False,True,3,6.339606757297614,0.7629807491,,,,,"[{'message': 'Popular Pick', 'qualifier': '50 tickets sold for this event', 'hasValue': True, 'messageType': 'BoughtInLastHourSocialProofBased'}]",[],,,,Last tickets,True,,,,,,,,,,,,,
13389648182,153020449,345,122938,345,2,22,24_27,,,24,False,False,4,,False,False,"[1, 2, 4]",407,Upper,4,True,"[{'listingNoteId': -1, 'listingNoteContentId': 3338094, 'formattedListingNoteContent': 'Clear view', 'listingNoteTypeId': 3, 'showToBuyer': True, 'hideInMock': False, 'siteAddedListingNote': False, 'aisleListingNoteWithSplit': False, 'listingNoteDescriptionContentId': 3338095, 'formattedListingNoteDescription': ""You'll have an unrestricted view of the show.""}]","[{'listingNoteBucketId': 27, 'formattedListingNoteContent': 'Clear view', 'displayOrder': 8, 'showsRawNoteText': True, 'sourceListingNoteId': -1}]",704504,False,False,Row 22,False,1706534,"¥1,706,534","¥1,706,534",10,Mobile Transfer ticket,3,1,EUR,JPY,2900.0,EUR,"https://img.vggcdn.net/img/vfsimage2/812551/407_122938/0.jpg?im=Resize=(500,271)&v=771",9 hours ago,8,False,False,False,False,LdqHBcV31Cv6V7CQpn46X9g7fswC4ebowXgEkhU2Pqc%3d,False,2026-07-18T08:00:23.5830000Z,False,False,False,False,False,False,0,False,False,False,False,False,0,False,False,0,13389648182,False,2042A094-2CA5-44FC-9626-5760CA61F35F,False,False,True,4,7.618826852849489,0.9086135573,,,,,"[{'message': 'Great Value', 'qualifier': 'Based on price, view, seat quality and more', 'hasValue': True, 'messageType': 'ValueBased'}, {'message': 'Popular Pick', 'qualifier': '50 tickets sold for this event', 'hasValue': True, 'messageType': 'BoughtInLastHourSocialProofBased'}]",[],,,,Last tickets,True,"¥2,168,636",21.0,"¥462,102",,,,,,,,,,
13388397354,153020449,322,122915,322,2,16,_,,,,False,False,1,,False,False,[1],407,Upper,1,True,"[{'listingNoteId': -1, 'listingNoteContentId': 3338094, 'formattedListingNoteContent': 'Clear view', 'listingNoteTypeId': 3, 'showToBuyer': True, 'hideInMock': False, 'siteAddedListingNote': False, 'aisleListingNoteWithSplit': False, 'listingNoteDescriptionContentId': 3338095, 'formattedListingNoteDescription': ""You'll have an unrestricted view of the show.""}]","[{'listingNoteBucketId': 27, 'formattedListingNoteContent': 'Clear view', 'displayOrder': 8, 'showsRawNoteText': True, 'sourceListingNoteId': -1}]",2113737,False,False,Row 16,False,1711924,"¥1,711,924","¥1,711,924",10,Mobile Transfer ticket,3,1,USD,JPY,5785.0,USD,"https://img.vggcdn.net/img/vfsimage2/812551/407_122915/0.jpg?im=Resize=(500,271)&v=771",13 hours ago,6,False,False,False,False,tMIRoKNdzE1%2fauPz1DFRc292tK%2fmj1Q5Gp0iyoe%2bSno%3d,False,2026-07-18T03:25:19.1600000Z,False,False,False,False,False,False,0,False,False,False,False,False,0,False,False,0,13388397354,False,E9B1D1D3-9586-4E56-A87B-3208E22A6588,False,False,True,3,6.145941743169276,0.7489143308,,,,,"[{'message': 'Popular Pick', 'qualifier': '50 tickets sold for this event', 'hasValue': True, 'messageType': 'BoughtInLastHourSocialProofBased'}]",[],Fan favorite,This section has the highest count of successful sales for this event over the past 7 days on our site,True,,,,,,,,,,,,,,,
13388397355,153020449,330,122923,330,2,17,_,,,,False,False,3,,False,False,"[1, 3]",407,Upper,3,True,"[{'listingNoteId': -1, 'listingNoteContentId': 3338094, 'formattedListingNoteContent': 'Clear view', 'listingNoteTypeId': 3, 'showToBuyer': True, 'hideInMock': False, 'siteAddedListingNote': False, 'aisleListingNoteWithSplit': False, 'listingNoteDescriptionContentId': 3338095, 'formattedListingNoteDescription': ""You'll have an unrestricted view of the show.""}]","[{'listingNoteBucketId': 27, 'formattedListingNoteContent': 'Clear view', 'displayOrder': 8, 'showsRawNoteText': True, 'sourceListingNoteId': -1}]",2113912,False,False,Row 17,False,1717207,"¥1,717,207","¥1,717,207",10,Mobile Transfer ticket,3,1,USD,JPY,5785.0,USD,"https://img.vggcdn.net/img/vfsimage2/812551/407_122923/0.jpg?im=Resize=(500,271)&v=771",13 hours ago,7,False,False,False,False,jCsaa7W3JxKJeKuWdOsEPqc%2bkTMtNpnG%2fyzDFusjTNM%3d,False,2026-07-18T03:25:19.1630000Z,False,False,False,False,False,False,0,False,False,False,False,False,0,False,False,0,13388397355,False,D39692FF-1791-44A1-9066-A4696C762CF2,False,False,True,3,6.638919215098831,0.7971018778,,,,,"[{'message': 'Popular Pick', 'qualifier': '50 tickets sold for this event', 'hasValue': True, 'messageType': 'BoughtInLastHourSocialProofBased'}]",[],,,,,,,,,,,,,,,,,,
13391322652,153020449,312,122905,312,2,20,17_17,17,17,17,False,False,1,,False,False,[1],407,Upper,1,True,"[{'listingNoteId': -1, 'listingNoteContentId': 3338094, 'formattedListingNoteContent': 'Clear view', 'listingNoteTypeId': 3, 'showToBuyer': True, 'hideInMock': False, 'siteAddedListingNote': False, 'aisleListingNoteWithSplit': False, 'listingNoteDescriptionContentId': 3338095, 'formattedListingNoteDescription': ""You'll have an unrestricted view of the show.""}]","[{'listingNoteBucketId': 27, 'formattedListingNoteContent': 'Clear view', 'displayOrder': 8, 'showsRawNoteText': True, 'sourceListingNoteId': -1}]",703779,False,False,Row 20,False,1725145,"¥1,725,145","¥1,725,145",10,Mobile Transfer ticket,3,1,USD,JPY,,USD,"https://img.vggcdn.net/img/vfsimage2/812551/407_122905/0.jpg?im=Resize=(500,271)&v=771",2 hours ago,5,False,False,False,False,JCdnncRwu%2bvz7vFCfs0WVz0wcGUr6K3LWqpToMpwwAk%3d,False,2026-07-18T14:44:35.5900000Z,False,False,False,False,False,False,0,False,False,False,False,False,0,False,False,0,13391322652,False,3B1160F5-813D-4C51-ABBA-865E8CED822A,False,False,True,3,5,0.6656472391,,,,,"[{'message': 'Popular Pick', 'qualifier': '50 tickets sold for this event', 'hasValue': True, 'messageType': 'BoughtInLastHourSocialProofBased'}]",[],,,,,,,,,,,,,,,,,,
13388397347,153020449,347,122940,347,2,17,_,,,,False,False,3,,False,False,"[1, 3]",407,Upper,3,True,"[{'listingNoteId': -1, 'listingNoteContentId': 3338094, 'formattedListingNoteContent': 'Clear view', 'listingNoteTypeId': 3, 'showToBuyer': True, 'hideInMock': False, 'siteAddedListingNote': False, 'aisleListingNoteWithSplit': False, 'listingNoteDescriptionContentId': 3338095, 'formattedListingNoteDescription': ""You'll have an unrestricted view of the show.""}]","[{'listingNoteBucketId': 27, 'formattedListingNoteContent': 'Clear view', 'displayOrder': 8, 'showsRawNoteText': True, 'sourceListingNoteId': -1}]",2113977,False,False,Row 17,False,1726759,"¥1,726,759","¥1,726,759",10,Mobile Transfer ticket,3,1,USD,JPY,5785.0,USD,"https://img.vggcdn.net/img/vfsimage2/812551/407_122940/0.jpg?im=Resize=(500,271)&v=771",13 hours ago,6,False,False,False,False,jn3LSEZ9hLUBRPs5UpfKPksEtQvoLBzdb5WuchAtAuY%3d,False,2026-07-18T03:25:19.0800000Z,False,False,False,False,False,False,0,False,False,False,False,False,0,False,False,0,13388397347,False,91B4EFBD-21A1-4487-BE37-D708592BE5C0,False,False,True,3,6.093209351783405,0.7507841208,,,,,"[{'message': 'Popular Pick', 'qualifier': '52 tickets sold for this event', 'hasValue': True, 'messageType': 'BoughtInLastHourSocialProofBased'}]",[],,,,,,,,,,,,,,,,,,
13313292931,153020449,328,122921,328,2,21,_,,,,False,False,2,,False,False,"[1, 2]",407,Upper,2,True,"[{'listingNoteId': -1, 'listingNoteContentId': 3338094, 'formattedListingNoteContent': 'Clear view', 'listingNoteTypeId': 3, 'showToBuyer': True, 'hideInMock': False, 'siteAddedListingNote': False, 'aisleListingNoteWithSplit': False, 'listingNoteDescriptionContentId': 3338095, 'formattedListingNoteDescription': ""You'll have an unrestricted view of the show.""}]","[{'listingNoteBucketId': 27, 'formattedListingNoteContent': 'Clear view', 'displayOrder': 8, 'showsRawNoteText': True, 'sourceListingNoteId': -1}]",2113872,False,False,Row 21,False,1730714,"¥1,730,714","¥1,730,714",10,Mobile Transfer ticket,3,1,SGD,JPY,7600.0,SGD,"https://img.vggcdn.net/img/vfsimage2/812551/407_122921/0.jpg?im=Resize=(500,271)&v=771",8 days ago,6,False,False,False,False,l596aev%2bO9uVsGwfHsoqBxPQcgI0YTJG25ykI6B1ZX4%3d,False,2026-07-10T10:40:09.1900000Z,False,False,False,False,False,False,0,False,False,False,False,False,0,False,False,0,13313292931,False,877D82CB-52CB-47EA-8B7F-715B303A0941,False,False,True,3,5.957727232016186,0.7408578652,,,,,"[{'message': 'Popular Pick', 'qualifier': '52 tickets sold for this event', 'hasValue': True, 'messageType': 'BoughtInLastHourSocialProofBased'}]",[],Fan favorite,This section is in the top 10% of sections for this event when ranked based on a count of successful sales over the past 7 days on our site,True,,,,,,,,,,,,,,,
13387428449,153020449,Category 2,1989400,Category 2,3,,_,,,,False,False,2,,False,False,"[1, 2]",1246,Category 2,2,True,"[{'listingNoteId': -1, 'listingNoteContentId': 3338094, 'formattedListingNoteContent': 'Clear view', 'listingNoteTypeId': 3, 'showToBuyer': True, 'hideInMock': False, 'siteAddedListingNote': False, 'aisleListingNoteWithSplit': False, 'listingNoteDescriptionContentId': 3338095, 'formattedListingNoteDescription': ""You'll have an unrestricted view of the show.""}]","[{'listingNoteBucketId': 27, 'formattedListingNoteContent': 'Clear view', 'displayOrder': 8, 'showsRawNoteText': True, 'sourceListingNoteId': -1}]",3325459,False,False,Row,True,1739987,"¥1,739,987","¥1,739,987",10,Mobile Transfer ticket,3,1,EUR,JPY,1222.0,EUR,"https://img.vggcdn.net/img/vfsimage2/812551/1246_1989400/0.jpg?im=Resize=(500,271)&v=771",17 hours ago,9,False,False,True,False,TuWIyx1M2kinNOMLYZ3XQTBqHOcu5OsmPB%2fuJBOYjKU%3d,False,2026-07-17T23:38:47.7670000Z,False,False,False,False,False,False,0,False,False,False,False,False,0,False,False,0,13387428449,False,5679C7D5-FB12-49D6-92A0-D8581F002757,False,False,True,5,9.303470624162166,1.374851954,,,,,"[{'message': 'Amazing Value', 'qualifier': 'Based on price, view, seat quality and more', 'hasValue': True, 'messageType': 'ValueBased'}, {'message': 'Popular Pick', 'qualifier': '52 tickets sold for this event', 'hasValue': True, 'messageType': 'BoughtInLastHourSocialProofBased'}]",[],,,,Last tickets,True,,,,,,,,,,,,,
12927493504,153020449,346,122939,346,2,20,10_13,,,10,False,False,4,,False,False,"[1, 2, 3, 4]",407,Upper,4,True,"[{'listingNoteId': -1, 'listingNoteContentId': 3338094, 'formattedListingNoteContent': 'Clear view', 'listingNoteTypeId': 3, 'showToBuyer': True, 'hideInMock': False, 'siteAddedListingNote': False, 'aisleListingNoteWithSplit': False, 'listingNoteDescriptionContentId': 3338095, 'formattedListingNoteDescription': ""You'll have an unrestricted view of the show.""}]","[{'listingNoteBucketId': 27, 'formattedListingNoteContent': 'Clear view', 'displayOrder': 8, 'showsRawNoteText': True, 'sourceListingNoteId': -1}]",2113958,False,False,Row 20,False,1744711,"¥1,744,711","¥1,744,711",10,Mobile Transfer ticket,3,1,USD,JPY,3500.0,USD,"https://img.vggcdn.net/img/vfsimage2/812551/407_122939/0.jpg?im=Resize=(500,271)&v=771",44 days ago,6,False,False,False,False,vf25l%2biKI7aSwS4pVvhzqHbU1sfdvzAhsgiGV6SX0Bk%3d,False,2026-06-04T09:19:58.6800000Z,False,False,False,False,False,False,0,False,False,False,False,False,0,False,False,0,12927493504,False,5E35FD91-2239-4C6C-AFB5-10B8EA50F28E,False,False,True,3,6.243655460398246,0.7720696725,,,,,"[{'message': 'Popular Pick', 'qualifier': '52 tickets sold for this event', 'hasValue': True, 'messageType': 'BoughtInLastHourSocialProofBased'}]",[],,,,,,"¥2,960,267",41.0,"¥1,215,556",,,,,,,,,,
13375494296,153020449,322,122915,322,2,7,_,,,,False,False,4,,False,False,"[1, 2, 4]",407,Upper,4,True,"[{'listingNoteId': 2027, 'listingNoteContentId': 3415845, 'formattedListingNoteContent': 'Third Row of Section', 'listingNoteTypeId': 6, 'showToBuyer': True, 'hideInMock': False, 'siteAddedListingNote': False, 'aisleListingNoteWithSplit': False, 'listingNoteDescriptionContentId': 3415845, 'formattedListingNoteDescription': 'Third Row of Section'}, {'listingNoteId': -1, 'listingNoteContentId': 3338094, 'formattedListingNoteContent': 'Clear view', 'listingNoteTypeId': 3, 'showToBuyer': True, 'hideInMock': False, 'siteAddedListingNote': False, 'aisleListingNoteWithSplit': False, 'listingNoteDescriptionContentId': 3338095, 'formattedListingNoteDescription': ""You'll have an unrestricted view of the show.""}]","[{'listingNoteBucketId': 14, 'formattedListingNoteContent': 'Third Row of Section', 'displayOrder': 14, 'showsRawNoteText': True, 'sourceListingNoteId': 2027}, {'listingNoteBucketId': 27, 'formattedListingNoteContent': 'Clear view', 'displayOrder': 8, 'showsRawNoteText': True, 'sourceListingNoteId': -1}]",2113750,False,False,Row 7,False,1745481,"¥1,745,481","¥1,745,481",10,Mobile Transfer ticket,3,1,USD,JPY,5785.0,USD,"https://img.vggcdn.net/img/vfsimage2/812551/407_122915/0.jpg?im=Resize=(500,271)&v=771",yesterday,6,False,False,False,False,9%2bIsd2ES%2fGYzmTyc7pMxSJG9rgx4XIA2gCW%2fYHtiEms%3d,False,2026-07-16T19:16:44.1500000Z,False,False,False,False,False,False,0,False,False,False,False,False,0,False,False,0,13375494296,False,51DE56D9-4CE5-4779-835A-E22E8CF336F7,False,False,True,3,6.340477516228945,0.781344551,,,,,"[{'message': 'Popular Pick', 'qualifier': '52 tickets sold for this event', 'hasValue': True, 'messageType': 'BoughtInLastHourSocialProofBased'}, {'message': 'Third Row', 'qualifier': 'Excellent proximity to the action', 'hasValue': True, 'messageType': 'ThirdRowTicketAttributeBased'}]",[2027],Fan favorite,This section has the highest count of successful sales for this event over the past 7 days on our site,True,,,,,,,,,,,,,,,
13384975965,153020449,324,122917,324,2,25,_,,,,False,False,1,,False,False,[1],407,Upper,1,True,"[{'listingNoteId': -1, 'listingNoteContentId': 3338094, 'formattedListingNoteContent': 'Clear view', 'listingNoteTypeId': 3, 'showToBuyer': True, 'hideInMock': False, 'siteAddedListingNote': False, 'aisleListingNoteWithSplit': False, 'listingNoteDescriptionContentId': 3338095, 'formattedListingNoteDescription': ""You'll have an unrestricted view of the show.""}]","[{'listingNoteBucketId': 27, 'formattedListingNoteContent': 'Clear view', 'displayOrder': 8, 'showsRawNoteText': True, 'sourceListingNoteId': -1}]",2113790,False,False,Row 25,False,1754796,"¥1,754,796","¥1,754,796",10,Mobile Transfer ticket,3,1,USD,JPY,10350.0,USD,"https://img.vggcdn.net/img/vfsimage2/812551/407_122917/0.jpg?im=Resize=(500,271)&v=771",22 hours ago,6,False,False,False,False,c6NyoZcS%2bwdjwhWvDfjQvQG8LkxnEjY9g47Fep2PLgQ%3d,False,2026-07-17T18:22:44.0330000Z,False,False,False,False,False,False,0,False,False,False,False,False,0,False,False,0,13384975965,False,2390B259-F1CA-4933-B1C0-D9926827F925,False,False,True,3,5.665894289269685,0.7269352183,,,,,"[{'message': 'Popular Pick', 'qualifier': '52 tickets sold for this event', 'hasValue': True, 'messageType': 'BoughtInLastHourSocialProofBased'}]",[],,,,Last ticket,True,,,,,,,,,,,,,
13379190428,153020449,303,122896,303,2,,_,,,,False,False,10,,False,False,"[1, 2, 3, 4, 5, 6, 7, 8, 9, 10]",407,Upper,10,True,"[{'listingNoteId': -1, 'listingNoteContentId': 3338094, 'formattedListingNoteContent': 'Clear view', 'listingNoteTypeId': 3, 'showToBuyer': True, 'hideInMock': False, 'siteAddedListingNote': False, 'aisleListingNoteWithSplit': False, 'listingNoteDescriptionContentId': 3338095, 'formattedListingNoteDescription': ""You'll have an unrestricted view of the show.""}]","[{'listingNoteBucketId': 27, 'formattedListingNoteContent': 'Clear view', 'displayOrder': 8, 'showsRawNoteText': True, 'sourceListingNoteId': -1}]",108868,False,False,Row,True,1754971,"¥1,754,971","¥1,754,971",10,Mobile Transfer ticket,3,1,USD,JPY,4116.0,USD,"https://img.vggcdn.net/img/vfsimage2/812551/407_122896/0.jpg?im=Resize=(500,271)&v=771",yesterday,5,False,False,False,False,JUzn6VSnQHguuojOyW0dkg8I0DJ8porgr32%2fQ9ytf4U%3d,False,2026-07-17T02:40:03.3400000Z,False,False,False,False,False,False,0,False,False,False,False,False,0,False,False,0,13379190428,False,6FA5353A-ADF1-4D9E-9C27-D7286C709C2A,False,False,True,3,5.491370215489607,0.7132467024,,,,,"[{'message': 'Popular Pick', 'qualifier': '52 tickets sold for this event', 'hasValue': True, 'messageType': 'BoughtInLastHourSocialProofBased'}]",[],,,,,,"¥2,483,405",29.0,"¥728,434",,,,,,,,,,
13391815223,153020449,319,122912,319,2,21,7_7,7,7,7,False,False,1,,False,False,[1],407,Upper,1,True,"[{'listingNoteId': -1, 'listingNoteContentId': 3338094, 'formattedListingNoteContent': 'Clear view', 'listingNoteTypeId': 3, 'showToBuyer': True, 'hideInMock': False, 'siteAddedListingNote': False, 'aisleListingNoteWithSplit': False, 'listingNoteDescriptionContentId': 3338095, 'formattedListingNoteDescription': ""You'll have an unrestricted view of the show.""}]","[{'listingNoteBucketId': 27, 'formattedListingNoteContent': 'Clear view', 'displayOrder': 8, 'showsRawNoteText': True, 'sourceListingNoteId': -1}]",703934,False,False,Row 21,False,1754971,"¥1,754,971","¥1,754,971",10,Mobile Transfer ticket,3,1,USD,JPY,,USD,"https://img.vggcdn.net/img/vfsimage2/812551/407_122912/0.jpg?im=Resize=(500,271)&v=771",31 minutes ago,5,False,False,False,False,I4W4RcSUSJ3%2fmuvQEXJkuzE1BlPdJzXjYpMR%2fXqFll4%3d,False,2026-07-18T16:43:06.6730000Z,False,False,False,False,False,False,0,False,False,False,False,False,0,False,False,0,13391815223,False,B8644F38-FE16-499A-B288-8EC658189C80,False,False,True,3,5.016226447573011,0.6782923648,,,,,"[{'message': 'Popular Pick', 'qualifier': '52 tickets sold for this event', 'hasValue': True, 'messageType': 'BoughtInLastHourSocialProofBased'}]",[],,,,,,,,,,,,,,,,,,
13391863361,153020449,227A,1530787,227A,2,10,_,,,,False,False,3,,False,False,"[1, 3]",471,Middle,3,True,"[{'listingNoteId': -1, 'listingNoteContentId': 3338094, 'formattedListingNoteContent': 'Clear view', 'listingNoteTypeId': 3, 'showToBuyer': True, 'hideInMock': False, 'siteAddedListingNote': False, 'aisleListingNoteWithSplit': False, 'listingNoteDescriptionContentId': 3338095, 'formattedListingNoteDescription': ""You'll have an unrestricted view of the show.""}]","[{'listingNoteBucketId': 27, 'formattedListingNoteContent': 'Clear view', 'displayOrder': 8, 'showsRawNoteText': True, 'sourceListingNoteId': -1}]",1593624,False,False,Row 10,False,1758091,"¥1,758,091","¥1,758,091",10,Mobile Transfer ticket,3,1,USD,JPY,7380.0,USD,"https://img.vggcdn.net/img/vfsimage2/812551/471_1530787/0.jpg?im=Resize=(500,271)&v=771",19 minutes ago,9,False,False,False,False,OcbGc1QBwz04YUbtgY5ofhuCjfm8ts2cNozU2brUzj4%3d,False,2026-07-18T16:54:45.6870000Z,False,False,False,False,False,False,0,False,False,False,False,False,0,False,False,0,13391863361,False,A2B98564-AC91-4CA4-9C9B-A66767B9A2A7,False,False,True,5,8.750257933745802,1.163487061,,,,,"[{'message': 'Amazing Value', 'qualifier': 'Based on price, view, seat quality and more', 'hasValue': True, 'messageType': 'ValueBased'}, {'message': 'Popular Pick', 'qualifier': '52 tickets sold for this event', 'hasValue': True, 'messageType': 'BoughtInLastHourSocialProofBased'}]",[],,,,,,,,,,,,,,,,,,
13391023694,153020449,309,122902,309,2,23,22_22,,,22,False,False,1,,False,False,[1],407,Upper,1,True,"[{'listingNoteId': -1, 'listingNoteContentId': 3338094, 'formattedListingNoteContent': 'Clear view', 'listingNoteTypeId': 3, 'showToBuyer': True, 'hideInMock': False, 'siteAddedListingNote': False, 'aisleListingNoteWithSplit': False, 'listingNoteDescriptionContentId': 3338095, 'formattedListingNoteDescription': ""You'll have an unrestricted view of the show.""}]","[{'listingNoteBucketId': 27, 'formattedListingNoteContent': 'Clear view', 'displayOrder': 8, 'showsRawNoteText': True, 'sourceListingNoteId': -1}]",703716,False,False,Row 23,False,1767008,"¥1,767,008","¥1,767,008",10,Mobile Transfer ticket,3,14,USD,JPY,0.0,USD,"https://img.vggcdn.net/img/vfsimage2/812551/407_122902/0.jpg?im=Resize=(500,271)&v=771",3 hours ago,5,False,False,False,False,3qCE6rDUAhI2ToEm8ObAfassfV4lIwSINZNeK%2b%2fLHLQ%3d,False,2026-07-18T13:41:13.3700000Z,False,False,False,False,False,False,0,False,False,False,False,False,0,False,False,0,13391023694,False,13C72B4C-9818-46E4-986C-5DA0AC89422B,False,False,True,2,4.8510283504596785,0.6649817772,,,,,"[{'message': 'Popular Pick', 'qualifier': '52 tickets sold for this event', 'hasValue': True, 'messageType': 'BoughtInLastHourSocialProofBased'}]",[],,,,Last ticket,True,,,,,,,,,,,,,
13388124329,153020449,204,122837,204,2,12,_,,,,False,False,1,,False,False,[1],471,Middle,1,True,"[{'listingNoteId': -1, 'listingNoteContentId': 3338094, 'formattedListingNoteContent': 'Clear view', 'listingNoteTypeId': 3, 'showToBuyer': True, 'hideInMock': False, 'siteAddedListingNote': False, 'aisleListingNoteWithSplit': False, 'listingNoteDescriptionContentId': 3338095, 'formattedListingNoteDescription': ""You'll have an unrestricted view of the show.""}]","[{'listingNoteBucketId': 27, 'formattedListingNoteContent': 'Clear view', 'displayOrder': 8, 'showsRawNoteText': True, 'sourceListingNoteId': -1}]",702764,False,False,Row 12,False,1783038,"¥1,783,038","¥1,783,038",10,Mobile Transfer ticket,3,1,GBP,JPY,7500.0,GBP,"https://img.vggcdn.net/img/vfsimage2/812551/471_122837/0.jpg?im=Resize=(500,271)&v=771",15 hours ago,7,False,False,False,False,8NWLi1CrP72Q%2fDY7FpxMPfGmNcarCzXZuvPFyosydfc%3d,False,2026-07-18T02:07:57.0800000Z,False,False,False,False,False,False,0,False,False,False,False,False,0,False,False,0,13388124329,False,4932C229-3DD6-4B24-86F0-11C087DAB415,False,False,True,4,7,0.8664249367,,,,,"[{'message': 'Great Value', 'qualifier': 'Based on price, view, seat quality and more', 'hasValue': True, 'messageType': 'ValueBased'}, {'message': 'Popular Pick', 'qualifier': '50 tickets sold for this event', 'hasValue': True, 'messageType': 'BoughtInLastHourSocialProofBased'}]",[],,,,,,"¥2,467,683",28.0,"¥684,645",,,,,,,,,,
13388379847,153020449,333,122926,333,2,26,15_15,15,15,15,False,False,1,,False,False,[1],407,Upper,1,True,"[{'listingNoteId': -1, 'listingNoteContentId': 3338094, 'formattedListingNoteContent': 'Clear view', 'listingNoteTypeId': 3, 'showToBuyer': True, 'hideInMock': False, 'siteAddedListingNote': False, 'aisleListingNoteWithSplit': False, 'listingNoteDescriptionContentId': 3338095, 'formattedListingNoteDescription': ""You'll have an unrestricted view of the show.""}]","[{'listingNoteBucketId': 27, 'formattedListingNoteContent': 'Clear view', 'displayOrder': 8, 'showsRawNoteText': True, 'sourceListingNoteId': -1}]",704247,False,False,Row 26,False,1784272,"¥1,784,272","¥1,784,272",10,Mobile Transfer ticket,3,1,USD,JPY,0.0,USD,"https://img.vggcdn.net/img/vfsimage2/812551/407_122926/0.jpg?im=Resize=(500,271)&v=771",13 hours ago,5,False,False,False,False,9YkePRFEYtr4fnwaF2BZXPo0jwE4u%2b4uA%2bpLuQz%2bPv4%3d,False,2026-07-18T03:18:00.1200000Z,False,False,False,False,False,False,0,False,False,False,False,False,0,False,False,0,13388379847,False,02A6B902-9753-4369-BB5B-3BF06C2543D6,False,False,True,2,4.762668169416554,0.6618378068,,,,,"[{'message': 'Popular Pick', 'qualifier': '50 tickets sold for this event', 'hasValue': True, 'messageType': 'BoughtInLastHourSocialProofBased'}]",[],Fan favorite,This section is in the top 10% of sections for this event when ranked based on a count of successful sales over the past 7 days on our site,True,Last ticket,True,,,,,,,,,,,,,
13229968819,153020449,Upper,1546670,Upper,3,,_,,,,False,False,6,,False,False,"[1, 2, 3, 4, 5, 6]",407,Upper,6,True,"[{'listingNoteId': -1, 'listingNoteContentId': 3338094, 'formattedListingNoteContent': 'Clear view', 'listingNoteTypeId': 3, 'showToBuyer': True, 'hideInMock': False, 'siteAddedListingNote': False, 'aisleListingNoteWithSplit': False, 'listingNoteDescriptionContentId': 3338095, 'formattedListingNoteDescription': ""You'll have an unrestricted view of the show.""}]","[{'listingNoteBucketId': 27, 'formattedListingNoteContent': 'Clear view', 'displayOrder': 8, 'showsRawNoteText': True, 'sourceListingNoteId': -1}]",1641237,False,False,Row,True,1784475,"¥1,784,475","¥1,784,475",10,Mobile Transfer ticket,3,1,EUR,JPY,3000.0,EUR,"https://img.vggcdn.net/img/vfsimage2/812551/407_1546670/0.jpg?im=Resize=(500,271)&v=771",15 days ago,0,False,False,True,True,Mr0MNi8V1Zg77eq10DD0SmypbppCtndW9ARbzebli8w%3d,False,2026-07-03T14:52:38.7330000Z,False,False,False,False,False,False,0,False,False,False,False,False,0,False,False,0,13229968819,False,B65D71E7-6C28-45B7-8071-49E0809CCE4B,False,False,True,0,,,,,,,"[{'message': 'Popular Pick', 'qualifier': '50 tickets sold for this event', 'hasValue': True, 'messageType': 'BoughtInLastHourSocialProofBased'}]",[],,,,Last tickets,True,"¥3,076,927",42.0,"¥1,292,452",,,,,,,,,,
12986596098,153020449,350,122943,350,2,,_,,,,False,False,4,,False,False,"[1, 2, 4]",407,Upper,4,True,"[{'listingNoteId': -1, 'listingNoteContentId': 3338094, 'formattedListingNoteContent': 'Clear view', 'listingNoteTypeId': 3, 'showToBuyer': True, 'hideInMock': False, 'siteAddedListingNote': False, 'aisleListingNoteWithSplit': False, 'listingNoteDescriptionContentId': 3338095, 'formattedListingNoteDescription': ""You'll have an unrestricted view of the show.""}]","[{'listingNoteBucketId': 27, 'formattedListingNoteContent': 'Clear view', 'displayOrder': 8, 'showsRawNoteText': True, 'sourceListingNoteId': -1}]",108915,False,False,Row,True,1784590,"¥1,784,590","¥1,784,590",10,Mobile Transfer ticket,3,1,EUR,JPY,1000.0,EUR,"https://img.vggcdn.net/img/vfsimage2/812551/407_122943/0.jpg?im=Resize=(500,271)&v=771",38 days ago,5,False,False,False,False,uIJSGDmViAlb8gL%2biSFSLgZO3oMkUlG4ZXu6384XRVc%3d,False,2026-06-10T05:30:58.2500000Z,False,False,False,False,False,False,0,False,False,False,False,False,0,False,False,0,12986596098,False,770A9D85-2B5C-4477-911A-8C0F616E34C5,False,False,True,3,5.408641004332095,0.7188377771,,,,,"[{'message': 'Popular Pick', 'qualifier': '50 tickets sold for this event', 'hasValue': True, 'messageType': 'BoughtInLastHourSocialProofBased'}]",[],,,,,,,,,,,,,,,,,,
13091707010,153020449,320,122913,320,2,18,18_18,18,18,18,False,False,1,,False,False,[1],407,Upper,1,True,"[{'listingNoteId': -1, 'listingNoteContentId': 3338094, 'formattedListingNoteContent': 'Clear view', 'listingNoteTypeId': 3, 'showToBuyer': True, 'hideInMock': False, 'siteAddedListingNote': False, 'aisleListingNoteWithSplit': False, 'listingNoteDescriptionContentId': 3338095, 'formattedListingNoteDescription': ""You'll have an unrestricted view of the show.""}]","[{'listingNoteBucketId': 27, 'formattedListingNoteContent': 'Clear view', 'displayOrder': 8, 'showsRawNoteText': True, 'sourceListingNoteId': -1}]",703953,False,False,Row 18,False,1784804,"¥1,784,804","¥1,784,804",10,Mobile Transfer ticket,3,1,EUR,JPY,5000.0,EUR,"https://img.vggcdn.net/img/vfsimage2/812551/407_122913/0.jpg?im=Resize=(500,271)&v=771",27 days ago,8,False,False,False,False,kAPiCYOLGxaV2myef1ghbZPc0D3WstTpnBdW43RyGZI%3d,False,2026-06-21T01:36:19.4300000Z,False,False,False,False,False,False,0,False,False,False,False,False,0,False,False,0,13091707010,False,E36D2FCC-DE15-4414-B612-25A39200CC27,False,False,True,4,7.649288922612871,0.9547966838,,,,,"[{'message': 'Great Value', 'qualifier': 'Based on price, view, seat quality and more', 'hasValue': True, 'messageType': 'ValueBased'}, {'message': 'Popular Pick', 'qualifier': '50 tickets sold for this event', 'hasValue': True, 'messageType': 'BoughtInLastHourSocialProofBased'}]",[],Fan favorite,This section is in the top 10% of sections for this event when ranked based on a count of successful sales over the past 7 days on our site,True,,,"¥3,578,220",50.0,"¥1,793,416",,,,,,,,,,
13388777392,153020449,348,122941,348,2,16,1268622113_1268622113,,,1268622113,False,False,1,,False,False,[1],407,Upper,1,True,"[{'listingNoteId': -1, 'listingNoteContentId': 3338094, 'formattedListingNoteContent': 'Clear view', 'listingNoteTypeId': 3, 'showToBuyer': True, 'hideInMock': False, 'siteAddedListingNote': False, 'aisleListingNoteWithSplit': False, 'listingNoteDescriptionContentId': 3338095, 'formattedListingNoteDescription': ""You'll have an unrestricted view of the show.""}]","[{'listingNoteBucketId': 27, 'formattedListingNoteContent': 'Clear view', 'displayOrder': 8, 'showsRawNoteText': True, 'sourceListingNoteId': -1}]",2113998,False,False,Row 16,False,1813456,"¥1,813,456","¥1,813,456",10,Mobile Transfer ticket,3,1,USD,JPY,5785.0,USD,"https://img.vggcdn.net/img/vfsimage2/812551/407_122941/0.jpg?im=Resize=(500,271)&v=771",12 hours ago,6,False,False,False,False,aWlXEwVYAIrgHca8JIlyaUPI74c1%2fzXs1U39ywFslys%3d,False,2026-07-18T04:38:21.9430000Z,False,False,False,False,False,False,0,False,False,False,False,False,0,False,False,0,13388777392,False,36838EC1-E7DE-46DD-A6A5-7BF17FD47FDF,False,False,True,3,5.720727177142991,0.7558231346,,,,,"[{'message': 'Popular Pick', 'qualifier': '50 tickets sold for this event', 'hasValue': True, 'messageType': 'BoughtInLastHourSocialProofBased'}]",[],,,,,,,,,,,,,,,,,,
13391834868,153020449,330,122923,330,2,16,_,,,,False,False,4,,False,False,"[1, 2, 4]",407,Upper,4,True,"[{'listingNoteId': -1, 'listingNoteContentId': 3338094, 'formattedListingNoteContent': 'Clear view', 'listingNoteTypeId': 3, 'showToBuyer': True, 'hideInMock': False, 'siteAddedListingNote': False, 'aisleListingNoteWithSplit': False, 'listingNoteDescriptionContentId': 3338095, 'formattedListingNoteDescription': ""You'll have an unrestricted view of the show.""}]","[{'listingNoteBucketId': 27, 'formattedListingNoteContent': 'Clear view', 'displayOrder': 8, 'showsRawNoteText': True, 'sourceListingNoteId': -1}]",2113911,False,False,Row 16,False,1822283,"¥1,822,283","¥1,822,283",10,Mobile Transfer ticket,3,1,USD,JPY,5785.0,USD,"https://img.vggcdn.net/img/vfsimage2/812551/407_122923/0.jpg?im=Resize=(500,271)&v=771",27 minutes ago,6,False,False,False,False,wLGBjA0Y8v230dxvzxEYTp8TtJVtLV8zyW31tPJHj4o%3d,False,2026-07-18T16:46:42.9770000Z,False,False,False,False,False,False,0,False,False,False,False,False,0,False,False,0,13391834868,False,16A10B5E-BE39-431E-910E-B1AF78DFAA2E,False,False,True,3,6.232035743014549,0.8053004093,,,,,"[{'message': 'Popular Pick', 'qualifier': '50 tickets sold for this event', 'hasValue': True, 'messageType': 'BoughtInLastHourSocialProofBased'}]",[],,,,,,,,,,,,,,,,,,
13386454579,153020449,350,122943,350,2,16,_,,,,False,False,4,,False,False,"[1, 2, 4]",407,Upper,4,True,"[{'listingNoteId': -1, 'listingNoteContentId': 3338094, 'formattedListingNoteContent': 'Clear view', 'listingNoteTypeId': 3, 'showToBuyer': True, 'hideInMock': False, 'siteAddedListingNote': False, 'aisleListingNoteWithSplit': False, 'listingNoteDescriptionContentId': 3338095, 'formattedListingNoteDescription': ""You'll have an unrestricted view of the show.""}]","[{'listingNoteBucketId': 27, 'formattedListingNoteContent': 'Clear view', 'displayOrder': 8, 'showsRawNoteText': True, 'sourceListingNoteId': -1}]",2114042,False,False,Row 16,False,1831836,"¥1,831,836","¥1,831,836",10,Mobile Transfer ticket,3,1,USD,JPY,5785.0,USD,"https://img.vggcdn.net/img/vfsimage2/812551/407_122943/0.jpg?im=Resize=(500,271)&v=771",19 hours ago,6,False,False,False,False,0SvpxqzHW5PoUpXEYEVIN1nFhKwjVy0tKAybSg%2bHOho%3d,False,2026-07-17T21:46:02.5200000Z,False,False,False,False,False,False,0,False,False,False,False,False,0,False,False,0,13386454579,False,C86431C9-F035-4776-8DE4-D99D5F1D7FF2,False,False,True,3,5.629583284398944,0.7558231346,,,,,"[{'message': 'Popular Pick', 'qualifier': '50 tickets sold for this event', 'hasValue': True, 'messageType': 'BoughtInLastHourSocialProofBased'}]",[],,,,,,,,,,,,,,,,,,
13391893780,153020449,203A,1530773,203A,2,4,_,,,,False,False,1,,False,False,[1],471,Middle,1,True,"[{'listingNoteId': -1, 'listingNoteContentId': 3338094, 'formattedListingNoteContent': 'Clear view', 'listingNoteTypeId': 3, 'showToBuyer': True, 'hideInMock': False, 'siteAddedListingNote': False, 'aisleListingNoteWithSplit': False, 'listingNoteDescriptionContentId': 3338095, 'formattedListingNoteDescription': ""You'll have an unrestricted view of the show.""}]","[{'listingNoteBucketId': 27, 'formattedListingNoteContent': 'Clear view', 'displayOrder': 8, 'showsRawNoteText': True, 'sourceListingNoteId': -1}]",1593523,False,False,Row 4,False,1835475,"¥1,835,475","¥1,835,475",10,Mobile Transfer ticket,3,1,GBP,JPY,5000.0,GBP,"https://img.vggcdn.net/img/vfsimage2/812551/471_1530773/0.jpg?im=Resize=(500,271)&v=771",9 minutes ago,8,False,False,False,False,rNFHwSHviX6MPYRButsQuq%2bex8mqeucmuEkv13B9WIc%3d,False,2026-07-18T17:05:09.3730000Z,False,False,False,False,False,False,0,False,False,False,False,False,0,False,False,0,13391893780,False,7E41B7FC-3642-440E-8C42-88A35201106E,False,False,True,4,8.364053568590878,1.104611135,,,,,"[{'message': 'Great Value', 'qualifier': 'Based on price, view, seat quality and more', 'hasValue': True, 'messageType': 'ValueBased'}, {'message': 'Popular Pick', 'qualifier': '50 tickets sold for this event', 'hasValue': True, 'messageType': 'BoughtInLastHourSocialProofBased'}]",[],,,,Last ticket,True,,,,,,,,,,,,,
13391893765,153020449,Supporters Club,2439116,Supporters Club,2,6,_,,,,False,False,1,,False,False,[1],1068,Hospitality,1,True,"[{'listingNoteId': 1025, 'listingNoteContentId': 2446491, 'formattedListingNoteContent': 'Includes unlimited food and soft drinks', 'listingNoteTypeId': 3, 'showToBuyer': True, 'hideInMock': False, 'siteAddedListingNote': False, 'aisleListingNoteWithSplit': False, 'listingNoteDescriptionContentId': 2446492, 'formattedListingNoteDescription': 'Includes unlimited food and soft drinks'}, {'listingNoteId': 2344, 'listingNoteContentId': 4216766, 'formattedListingNoteContent': 'Includes Offsite Hospitality', 'listingNoteTypeId': 3, 'showToBuyer': True, 'hideInMock': False, 'siteAddedListingNote': False, 'aisleListingNoteWithSplit': False, 'formattedListingNoteDescription': ''}, {'listingNoteId': -1, 'listingNoteContentId': 3338094, 'formattedListingNoteContent': 'Clear view', 'listingNoteTypeId': 3, 'showToBuyer': True, 'hideInMock': False, 'siteAddedListingNote': False, 'aisleListingNoteWithSplit': False, 'listingNoteDescriptionContentId': 3338095, 'formattedListingNoteDescription': ""You'll have an unrestricted view of the show.""}]","[{'listingNoteBucketId': 7, 'formattedListingNoteContent': 'Food & beverages', 'displayOrder': 7, 'showsRawNoteText': False}, {'listingNoteBucketId': 0, 'formattedListingNoteContent': 'Includes Offsite Hospitality', 'displayOrder': 30, 'showsRawNoteText': True, 'sourceListingNoteId': 2344}, {'listingNoteBucketId': 27, 'formattedListingNoteContent': 'Clear view', 'displayOrder': 8, 'showsRawNoteText': True, 'sourceListingNoteId': -1}]",4837383,False,False,Row 6,True,1835737,"¥1,835,737","¥1,835,737",10,Mobile Transfer ticket,3,1,GBP,JPY,2000.0,GBP,"https://img.vggcdn.net/img/vfsimage2/812551/1068_2439116/0.jpg?im=Resize=(500,271)&v=771",9 minutes ago,10,False,False,False,False,xdaTx7bsezhm9dJhOA0xbByfKoH33YjLduCb1Vijn%2f0%3d,False,2026-07-18T17:05:09.3300000Z,False,False,False,False,False,False,0,False,False,False,False,False,0,False,False,0,13391893765,False,BEFE2578-BC82-4CA2-8045-35CA6708DCFE,False,False,True,5,9.533820830373479,1.577970786,,,,,"[{'message': 'Amazing Value', 'qualifier': 'Based on price, view, seat quality and more', 'hasValue': True, 'messageType': 'ValueBased'}, {'message': 'Popular Pick', 'qualifier': '50 tickets sold for this event', 'hasValue': True, 'messageType': 'BoughtInLastHourSocialProofBased'}]",[],,,,Last ticket,True,,,,,,,,,,,,,
13311781074,153020449,305,122898,305,2,17,_,,,,False,False,7,,False,False,"[1, 2, 3, 4, 5, 6, 7]",407,Upper,7,True,"[{'listingNoteId': -1, 'listingNoteContentId': 3338094, 'formattedListingNoteContent': 'Clear view', 'listingNoteTypeId': 3, 'showToBuyer': True, 'hideInMock': False, 'siteAddedListingNote': False, 'aisleListingNoteWithSplit': False, 'listingNoteDescriptionContentId': 3338095, 'formattedListingNoteDescription': ""You'll have an unrestricted view of the show.""}]","[{'listingNoteBucketId': 27, 'formattedListingNoteContent': 'Clear view', 'displayOrder': 8, 'showsRawNoteText': True, 'sourceListingNoteId': -1}]",2113670,False,False,Row 17,False,1841411,"¥1,841,411","¥1,841,411",10,Mobile Transfer ticket,3,1,USD,JPY,5785.0,USD,"https://img.vggcdn.net/img/vfsimage2/812551/407_122898/0.jpg?im=Resize=(500,271)&v=771",8 days ago,5,False,False,False,False,9iY3%2f6sT2CwQazoiS%2bx3uyqda9Zzx8ly5bL6b%2bVZTL0%3d,False,2026-07-10T07:19:52.1000000Z,False,False,False,False,False,False,0,False,False,False,False,False,0,False,False,0,13311781074,False,64BF61BE-5502-4800-9735-E7CA68BDDFD4,False,False,True,3,5.1044089948864855,0.7182422299,,,,,"[{'message': 'Popular Pick', 'qualifier': '50 tickets sold for this event', 'hasValue': True, 'messageType': 'BoughtInLastHourSocialProofBased'}]",[],Fan favorite,This section is in the top 10% of sections for this event when ranked based on a count of successful sales over the past 7 days on our site,True,Last tickets,True,,,,,,,,,,,,,
13391414116,153020449,341,122934,341,2,18,_,,,,False,False,3,,False,False,"[1, 3]",407,Upper,3,True,"[{'listingNoteId': -1, 'listingNoteContentId': 3338094, 'formattedListingNoteContent': 'Clear view', 'listingNoteTypeId': 3, 'showToBuyer': True, 'hideInMock': False, 'siteAddedListingNote': False, 'aisleListingNoteWithSplit': False, 'listingNoteDescriptionContentId': 3338095, 'formattedListingNoteDescription': ""You'll have an unrestricted view of the show.""}]","[{'listingNoteBucketId': 27, 'formattedListingNoteContent': 'Clear view', 'displayOrder': 8, 'showsRawNoteText': True, 'sourceListingNoteId': -1}]",704412,False,False,Row 18,False,1845973,"¥1,845,973","¥1,845,973",10,Mobile Transfer ticket,3,1,USD,JPY,8340.0,USD,"https://img.vggcdn.net/img/vfsimage2/812551/407_122934/0.jpg?im=Resize=(500,271)&v=771",2 hours ago,6,False,False,False,False,nnknMRpg601YFIaXydNkAdVemcOjaOg7Jpw%2biyqtMd0%3d,False,2026-07-18T15:04:24.6500000Z,False,False,False,False,False,False,0,False,False,False,False,False,0,False,False,0,13391414116,False,3E408865-C3DB-4EF9-ACFB-FE06E010C81B,False,False,True,3,6.154578474826534,0.8083873733,,,,,"[{'message': 'Popular Pick', 'qualifier': '50 tickets sold for this event', 'hasValue': True, 'messageType': 'BoughtInLastHourSocialProofBased'}]",[],,,,Last tickets,True,,,,,,,,,,,,,
13320321546,153020449,319,122912,319,2,16,_,,,,False,False,1,,False,False,[1],407,Upper,1,True,"[{'listingNoteId': -1, 'listingNoteContentId': 3338094, 'formattedListingNoteContent': 'Clear view', 'listingNoteTypeId': 3, 'showToBuyer': True, 'hideInMock': False, 'siteAddedListingNote': False, 'aisleListingNoteWithSplit': False, 'listingNoteDescriptionContentId': 3338095, 'formattedListingNoteDescription': ""You'll have an unrestricted view of the show.""}]","[{'listingNoteBucketId': 27, 'formattedListingNoteContent': 'Clear view', 'displayOrder': 8, 'showsRawNoteText': True, 'sourceListingNoteId': -1}]",703929,False,False,Row 16,False,1848071,"¥1,848,071","¥1,848,071",10,Mobile Transfer ticket,3,1,BRL,JPY,25000.0,BRL,"https://img.vggcdn.net/img/vfsimage2/812551/407_122912/0.jpg?im=Resize=(500,271)&v=771",7 days ago,5,False,False,False,False,frEAMJS8YE6C1fFlmQAsk32fWVctVxWyoERK%2bg760BA%3d,False,2026-07-10T23:24:58.3000000Z,False,False,False,False,False,False,0,False,False,False,False,False,0,False,False,0,13320321546,False,BA7FF134-7B23-45B8-A88F-186D72D35F56,False,False,True,3,5.43152229584026,0.7462495401,,,,,"[{'message': 'Popular Pick', 'qualifier': '50 tickets sold for this event', 'hasValue': True, 'messageType': 'BoughtInLastHourSocialProofBased'}]",[],,,,,,"¥2,587,712",29.0,"¥739,641",,,,,,,,,,
13377987090,153020449,332,122925,332,2,,_,,,,False,False,2,,False,False,"[1, 2]",407,Upper,2,True,"[{'listingNoteId': -1, 'listingNoteContentId': 3338094, 'formattedListingNoteContent': 'Clear view', 'listingNoteTypeId': 3, 'showToBuyer': True, 'hideInMock': False, 'siteAddedListingNote': False, 'aisleListingNoteWithSplit': False, 'listingNoteDescriptionContentId': 3338095, 'formattedListingNoteDescription': ""You'll have an unrestricted view of the show.""}]","[{'listingNoteBucketId': 27, 'formattedListingNoteContent': 'Clear view', 'displayOrder': 8, 'showsRawNoteText': True, 'sourceListingNoteId': -1}]",108897,False,False,Row,True,1852445,"¥1,852,445","¥1,852,445",10,Mobile Transfer ticket,3,1,USD,JPY,10000.0,USD,"https://img.vggcdn.net/img/vfsimage2/812551/407_122925/0.jpg?im=Resize=(500,271)&v=771",yesterday,7,False,False,False,False,zvzIc4FZZlJXWa2HSWru4TxXLfKZu8Gz10Dg5lQx0mk%3d,False,2026-07-17T00:14:48.3330000Z,False,False,False,False,False,False,0,False,False,False,False,False,0,False,False,0,13377987090,False,77D0F958-6342-4FAC-AE30-1A6D26A54C4A,False,False,True,3,6.593079579273448,0.8550388372,,,,,"[{'message': 'Popular Pick', 'qualifier': '50 tickets sold for this event', 'hasValue': True, 'messageType': 'BoughtInLastHourSocialProofBased'}]",[],Fan favorite,This section is in the top 10% of sections for this event when ranked based on a count of successful sales over the past 7 days on our site,True,Last tickets,True,"¥2,527,527",27.0,"¥675,082",,,,,,,,,,
13377987089,153020449,329,122922,329,2,,_,,,,False,False,2,,False,False,"[1, 2]",407,Upper,2,True,"[{'listingNoteId': -1, 'listingNoteContentId': 3338094, 'formattedListingNoteContent': 'Clear view', 'listingNoteTypeId': 3, 'showToBuyer': True, 'hideInMock': False, 'siteAddedListingNote': False, 'aisleListingNoteWithSplit': False, 'listingNoteDescriptionContentId': 3338095, 'formattedListingNoteDescription': ""You'll have an unrestricted view of the show.""}]","[{'listingNoteBucketId': 27, 'formattedListingNoteContent': 'Clear view', 'displayOrder': 8, 'showsRawNoteText': True, 'sourceListingNoteId': -1}]",108894,False,False,Row,True,1852445,"¥1,852,445","¥1,852,445",10,Mobile Transfer ticket,3,1,USD,JPY,10000.0,USD,"https://img.vggcdn.net/img/vfsimage2/812551/407_122922/0.jpg?im=Resize=(500,271)&v=771",yesterday,5,False,False,False,False,zvzIc4FZZlJXWa2HSWru4TxXLfKZu8Gz10Dg5lQx0mk%3d,False,2026-07-17T00:14:48.3330000Z,False,False,False,False,False,False,0,False,False,False,False,False,0,False,False,0,13377987089,False,CC05D86F-38B4-4F6A-A30F-144EB90ED6A1,False,False,True,2,4.994272451260347,0.7140072954,,,,,"[{'message': 'Popular Pick', 'qualifier': '50 tickets sold for this event', 'hasValue': True, 'messageType': 'BoughtInLastHourSocialProofBased'}]",[],,,,,,"¥2,738,155",32.0,"¥885,710",,,,,,,,,,
13388792730,153020449,350,122943,350,2,14,_,,,,False,False,4,,False,False,"[1, 2, 4]",407,Upper,4,True,"[{'listingNoteId': -1, 'listingNoteContentId': 3338094, 'formattedListingNoteContent': 'Clear view', 'listingNoteTypeId': 3, 'showToBuyer': True, 'hideInMock': False, 'siteAddedListingNote': False, 'aisleListingNoteWithSplit': False, 'listingNoteDescriptionContentId': 3338095, 'formattedListingNoteDescription': ""You'll have an unrestricted view of the show.""}]","[{'listingNoteBucketId': 27, 'formattedListingNoteContent': 'Clear view', 'displayOrder': 8, 'showsRawNoteText': True, 'sourceListingNoteId': -1}]",2114040,False,False,Row 14,False,1860493,"¥1,860,493","¥1,860,493",10,Mobile Transfer ticket,3,1,USD,JPY,5785.0,USD,"https://img.vggcdn.net/img/vfsimage2/812551/407_122943/0.jpg?im=Resize=(500,271)&v=771",12 hours ago,6,False,False,False,False,JR7Z5GMxFFJPwj7Zde8S5VQ0SnnEoMa39Rq51%2fl324w%3d,False,2026-07-18T04:40:44.7970000Z,False,False,False,False,False,False,0,False,False,False,False,False,0,False,False,0,13388792730,False,06743472-AE77-48CB-A627-B584A51AC1AA,False,False,True,3,5.571193731121367,0.7627462919,,,,,"[{'message': 'Popular Pick', 'qualifier': '50 tickets sold for this event', 'hasValue': True, 'messageType': 'BoughtInLastHourSocialProofBased'}]",[],,,,,,,,,,,,,,,,,,
13388064315,153020449,314,122907,314,2,8,1_1,1,1,1,False,False,1,,False,False,[1],407,Upper,1,True,"[{'listingNoteId': 814, 'listingNoteContentId': 2446060, 'formattedListingNoteContent': 'Limited or Obstructed View (printed on ticket)', 'listingNoteTypeId': 1, 'showToBuyer': True, 'hideInMock': False, 'siteAddedListingNote': False, 'aisleListingNoteWithSplit': False, 'listingNoteDescriptionContentId': 2446061, 'formattedListingNoteDescription': 'Limited or Obstructed View (printed on ticket)'}]","[{'listingNoteBucketId': 21, 'formattedListingNoteContent': 'Limited view', 'displayOrder': 21, 'showsRawNoteText': False}]",703811,False,False,Row 8,False,1862758,"¥1,862,758","¥1,862,758",10,Mobile Transfer ticket,3,1,EUR,JPY,7300.0,EUR,"https://img.vggcdn.net/img/vfsimage2/812551/407_122907/0.jpg?im=Resize=(500,271)&v=771",15 hours ago,8,False,False,False,False,oLL2OxkHRIPD37ZnryBHRl%2fhfkXTqeL9mCQ5eYRyzxk%3d,False,2026-07-18T01:53:41.0600000Z,False,False,False,False,False,False,0,False,False,False,False,False,0,False,False,0,13388064315,False,482214A5-8B9A-4580-8788-D4E33157A689,False,False,True,4,8.331371229805146,1.114665508,,,,,"[{'message': 'Great Value', 'qualifier': 'Based on price, view, seat quality and more', 'hasValue': True, 'messageType': 'ValueBased'}, {'message': 'Popular Pick', 'qualifier': '50 tickets sold for this event', 'hasValue': True, 'messageType': 'BoughtInLastHourSocialProofBased'}]",[],,,,Last ticket,True,,,,,,,,,,,,,
13391897553,153020449,227A,1530787,227A,2,9,_,,,,False,False,1,,False,False,[1],471,Middle,1,True,"[{'listingNoteId': -1, 'listingNoteContentId': 3338094, 'formattedListingNoteContent': 'Clear view', 'listingNoteTypeId': 3, 'showToBuyer': True, 'hideInMock': False, 'siteAddedListingNote': False, 'aisleListingNoteWithSplit': False, 'listingNoteDescriptionContentId': 3338095, 'formattedListingNoteDescription': ""You'll have an unrestricted view of the show.""}]","[{'listingNoteBucketId': 27, 'formattedListingNoteContent': 'Clear view', 'displayOrder': 8, 'showsRawNoteText': True, 'sourceListingNoteId': -1}]",1593637,False,False,Row 9,False,1883247,"¥1,883,247","¥1,883,247",10,Mobile Transfer ticket,3,1,USD,JPY,6000.0,USD,"https://img.vggcdn.net/img/vfsimage2/812551/471_1530787/0.jpg?im=Resize=(500,271)&v=771",8 minutes ago,9,False,False,False,False,adJW6kQww4s1oyzW5U6VKw8kcjm0TYLdez9in7el8lA%3d,False,2026-07-18T17:05:33.0200000Z,False,False,False,False,False,False,0,False,False,False,False,False,0,False,False,0,13391897553,False,242F351E-525A-46B0-A1DA-D1996F885E58,False,False,True,5,8.61726708306885,1.199491418,,,,,"[{'message': 'Amazing Value', 'qualifier': 'Based on price, view, seat quality and more', 'hasValue': True, 'messageType': 'ValueBased'}, {'message': 'Popular Pick', 'qualifier': '50 tickets sold for this event', 'hasValue': True, 'messageType': 'BoughtInLastHourSocialProofBased'}]",[],,,,,,,,,,,,,,,,,,
13375328648,153020449,303,122896,303,2,12,_,,,,False,False,1,,False,False,[1],407,Upper,6,True,"[{'listingNoteId': -1, 'listingNoteContentId': 3338094, 'formattedListingNoteContent': 'Clear view', 'listingNoteTypeId': 3, 'showToBuyer': True, 'hideInMock': False, 'siteAddedListingNote': False, 'aisleListingNoteWithSplit': False, 'listingNoteDescriptionContentId': 3338095, 'formattedListingNoteDescription': ""You'll have an unrestricted view of the show.""}]","[{'listingNoteBucketId': 27, 'formattedListingNoteContent': 'Clear view', 'displayOrder': 8, 'showsRawNoteText': True, 'sourceListingNoteId': -1}]",2113621,False,False,Row 12,False,1889591,"¥1,889,591","¥1,889,591",10,Mobile Transfer ticket,3,1,EUR,JPY,5000.0,EUR,"https://img.vggcdn.net/img/vfsimage2/812551/407_122896/0.jpg?im=Resize=(500,271)&v=771",yesterday,5,False,False,False,False,MHN96f3H4tDmPaH1GUTq%2bGvShLKlkl6Wqif8blL1MqU%3d,False,2026-07-16T18:55:17.1300000Z,False,False,False,False,False,False,0,False,False,False,False,False,0,False,False,0,13375328648,False,0F2A574B-4BBE-415B-8801-D1A523BFA4C5,False,False,True,3,5.422960974152519,0.7623165436,,,,,"[{'message': 'Popular Pick', 'qualifier': '50 tickets sold for this event', 'hasValue': True, 'messageType': 'BoughtInLastHourSocialProofBased'}]",[],,,,,,"¥2,461,516",23.0,"¥571,925",,,,,,,,,,
13375352057,153020449,328,122921,328,2,16,_,,,,False,False,2,,False,False,"[1, 2]",407,Upper,6,True,"[{'listingNoteId': -1, 'listingNoteContentId': 3338094, 'formattedListingNoteContent': 'Clear view', 'listingNoteTypeId': 3, 'showToBuyer': True, 'hideInMock': False, 'siteAddedListingNote': False, 'aisleListingNoteWithSplit': False, 'listingNoteDescriptionContentId': 3338095, 'formattedListingNoteDescription': ""You'll have an unrestricted view of the show.""}]","[{'listingNoteBucketId': 27, 'formattedListingNoteContent': 'Clear view', 'displayOrder': 8, 'showsRawNoteText': True, 'sourceListingNoteId': -1}]",2113867,False,False,Row 16,False,1889591,"¥1,889,591","¥1,889,591",10,Mobile Transfer ticket,3,1,EUR,JPY,5000.0,EUR,"https://img.vggcdn.net/img/vfsimage2/812551/407_122921/0.jpg?im=Resize=(500,271)&v=771",yesterday,5,False,False,False,False,MHN96f3H4tDmPaH1GUTq%2bGvShLKlkl6Wqif8blL1MqU%3d,False,2026-07-16T18:57:40.7130000Z,False,False,False,False,False,False,0,False,False,False,False,False,0,False,False,0,13375352057,False,FED0F769-C5C7-4284-86E0-5DE767558E30,False,False,True,3,5.343160804530587,0.7558231346,,,,,"[{'message': 'Popular Pick', 'qualifier': '50 tickets sold for this event', 'hasValue': True, 'messageType': 'BoughtInLastHourSocialProofBased'}]",[],Fan favorite,This section is in the top 10% of sections for this event when ranked based on a count of successful sales over the past 7 days on our site,True,,,"¥2,461,516",23.0,"¥571,925",,,,,,,,,,
13375352152,153020449,328,122921,328,2,18,_,,,,False,False,2,,False,False,"[1, 2]",407,Upper,6,True,"[{'listingNoteId': -1, 'listingNoteContentId': 3338094, 'formattedListingNoteContent': 'Clear view', 'listingNoteTypeId': 3, 'showToBuyer': True, 'hideInMock': False, 'siteAddedListingNote': False, 'aisleListingNoteWithSplit': False, 'listingNoteDescriptionContentId': 3338095, 'formattedListingNoteDescription': ""You'll have an unrestricted view of the show.""}]","[{'listingNoteBucketId': 27, 'formattedListingNoteContent': 'Clear view', 'displayOrder': 8, 'showsRawNoteText': True, 'sourceListingNoteId': -1}]",2113869,False,False,Row 18,False,1889591,"¥1,889,591","¥1,889,591",10,Mobile Transfer ticket,3,1,EUR,JPY,5000.0,EUR,"https://img.vggcdn.net/img/vfsimage2/812551/407_122921/0.jpg?im=Resize=(500,271)&v=771",yesterday,5,False,False,False,False,MHN96f3H4tDmPaH1GUTq%2bGvShLKlkl6Wqif8blL1MqU%3d,False,2026-07-16T18:57:40.9300000Z,False,False,False,False,False,False,0,False,False,False,False,False,0,False,False,0,13375352152,False,B2CE0A47-26E7-419B-B2DF-E216F2F23301,False,False,True,3,5.267919756590141,0.7498012202,,,,,"[{'message': 'Popular Pick', 'qualifier': '50 tickets sold for this event', 'hasValue': True, 'messageType': 'BoughtInLastHourSocialProofBased'}]",[],Fan favorite,This section is in the top 10% of sections for this event when ranked based on a count of successful sales over the past 7 days on our site,True,,,"¥2,461,516",23.0,"¥571,925",,,,,,,,,,
13375352284,153020449,328,122921,328,2,17,_,,,,False,False,1,,False,False,[1],407,Upper,6,True,"[{'listingNoteId': -1, 'listingNoteContentId': 3338094, 'formattedListingNoteContent': 'Clear view', 'listingNoteTypeId': 3, 'showToBuyer': True, 'hideInMock': False, 'siteAddedListingNote': False, 'aisleListingNoteWithSplit': False, 'listingNoteDescriptionContentId': 3338095, 'formattedListingNoteDescription': ""You'll have an unrestricted view of the show.""}]","[{'listingNoteBucketId': 27, 'formattedListingNoteContent': 'Clear view', 'displayOrder': 8, 'showsRawNoteText': True, 'sourceListingNoteId': -1}]",2113868,False,False,Row 17,False,1889591,"¥1,889,591","¥1,889,591",10,Mobile Transfer ticket,3,1,EUR,JPY,5000.0,EUR,"https://img.vggcdn.net/img/vfsimage2/812551/407_122921/0.jpg?im=Resize=(500,271)&v=771",yesterday,5,False,False,False,False,MHN96f3H4tDmPaH1GUTq%2bGvShLKlkl6Wqif8blL1MqU%3d,False,2026-07-16T18:57:41.1730000Z,False,False,False,False,False,False,0,False,False,False,False,False,0,False,False,0,13375352284,False,AA26D613-C8DE-4207-960A-93F4D76FDEB4,False,False,True,3,5.305615787699963,0.7528061779,,,,,"[{'message': 'Popular Pick', 'qualifier': '50 tickets sold for this event', 'hasValue': True, 'messageType': 'BoughtInLastHourSocialProofBased'}]",[],Fan favorite,This section is in the top 10% of sections for this event when ranked based on a count of successful sales over the past 7 days on our site,True,,,"¥2,461,516",23.0,"¥571,925",,,,,,,,,,
13391654229,153020449,301,122894,301,2,8,6_7,,,6,False,False,2,,False,False,"[1, 2]",407,Upper,2,True,"[{'listingNoteId': -1, 'listingNoteContentId': 3338094, 'formattedListingNoteContent': 'Clear view', 'listingNoteTypeId': 3, 'showToBuyer': True, 'hideInMock': False, 'siteAddedListingNote': False, 'aisleListingNoteWithSplit': False, 'listingNoteDescriptionContentId': 3338095, 'formattedListingNoteDescription': ""You'll have an unrestricted view of the show.""}]","[{'listingNoteBucketId': 27, 'formattedListingNoteContent': 'Clear view', 'displayOrder': 8, 'showsRawNoteText': True, 'sourceListingNoteId': -1}]",2113595,False,False,Row 8,False,1898810,"¥1,898,810","¥1,898,810",10,Mobile Transfer ticket,3,14,USD,JPY,0.0,USD,"https://img.vggcdn.net/img/vfsimage2/812551/407_122894/0.jpg?im=Resize=(500,271)&v=771",an hour ago,6,False,False,False,False,Zd9OA%2fSjv5CuZWngA1OTc3jRUHton9Y4%2fk9nnW7mRwI%3d,False,2026-07-18T16:02:44.9700000Z,False,False,False,False,False,False,0,False,False,False,False,False,0,False,False,0,13391654229,False,771EC458-18D2-4874-BCDA-E0B7CC9303C5,False,False,True,3,5.714894567593061,0.7908930164,,,,,"[{'message': 'Popular Pick', 'qualifier': '50 tickets sold for this event', 'hasValue': True, 'messageType': 'BoughtInLastHourSocialProofBased'}]",[],,,,,,,,,,,,,,,,,,
13373771975,153020449,311,122904,311,2,8,_,,,,False,False,3,,False,False,"[1, 2, 3]",407,Upper,3,True,"[{'listingNoteId': -1, 'listingNoteContentId': 3338094, 'formattedListingNoteContent': 'Clear view', 'listingNoteTypeId': 3, 'showToBuyer': True, 'hideInMock': False, 'siteAddedListingNote': False, 'aisleListingNoteWithSplit': False, 'listingNoteDescriptionContentId': 3338095, 'formattedListingNoteDescription': ""You'll have an unrestricted view of the show.""}]","[{'listingNoteBucketId': 27, 'formattedListingNoteContent': 'Clear view', 'displayOrder': 8, 'showsRawNoteText': True, 'sourceListingNoteId': -1}]",703745,False,False,Row 8,False,1906002,"¥1,906,002","¥1,906,002",10,Mobile Transfer ticket,3,1,GBP,JPY,1111.0,GBP,"https://img.vggcdn.net/img/vfsimage2/812551/407_122904/0.jpg?im=Resize=(500,271)&v=771",2 days ago,7,False,False,False,False,EKNiaapqLAxIiYQVKCYCxrchiCwx2NRq2ysdwg5vua0%3d,False,2026-07-16T16:11:41.9300000Z,False,False,False,False,False,False,0,False,False,False,False,False,0,False,False,0,13373771975,False,782D8A08-ACEF-48A1-B6E1-05EC98CFC99A,False,False,True,4,7.006238269278527,0.9270082586,,,,,"[{'message': 'Great Value', 'qualifier': 'Based on price, view, seat quality and more', 'hasValue': True, 'messageType': 'ValueBased'}, {'message': 'Popular Pick', 'qualifier': '50 tickets sold for this event', 'hasValue': True, 'messageType': 'BoughtInLastHourSocialProofBased'}]",[],,,,,,,,,,,,,,,,,,
13391882998,153020449,204,122837,204,2,11,12_15,,,12,False,False,4,,False,False,"[1, 2, 4]",471,Middle,4,True,"[{'listingNoteId': -1, 'listingNoteContentId': 3338094, 'formattedListingNoteContent': 'Clear view', 'listingNoteTypeId': 3, 'showToBuyer': True, 'hideInMock': False, 'siteAddedListingNote': False, 'aisleListingNoteWithSplit': False, 'listingNoteDescriptionContentId': 3338095, 'formattedListingNoteDescription': ""You'll have an unrestricted view of the show.""}]","[{'listingNoteBucketId': 27, 'formattedListingNoteContent': 'Clear view', 'displayOrder': 8, 'showsRawNoteText': True, 'sourceListingNoteId': -1}]",702763,False,False,Row 11,False,1910687,"¥1,910,687","¥1,910,687",10,Mobile Transfer ticket,3,1,USD,JPY,7380.0,USD,"https://img.vggcdn.net/img/vfsimage2/812551/471_122837/0.jpg?im=Resize=(500,271)&v=771",10 minutes ago,7,False,False,False,False,1cACgVTZuANGD5Je26kxoFbvNWPQlOpm0UvVwNtEE%2fg%3d,False,2026-07-18T17:03:16.5470000Z,False,False,False,False,False,False,0,False,False,False,False,False,0,False,False,0,13391882998,False,1ACAEC52-3048-48AD-B689-C641740E3A2C,False,False,True,3,6.707336735914707,0.8945174088,,,,,"[{'message': 'Popular Pick', 'qualifier': '50 tickets sold for this event', 'hasValue': True, 'messageType': 'BoughtInLastHourSocialProofBased'}]",[],,,,,,,,,,,,,,,,,,
13391380505,153020449,205A,1530775,205A,2,2,1_,,,1,False,False,1,,False,False,[1],471,Middle,1,True,"[{'listingNoteId': 2026, 'listingNoteContentId': 3415844, 'formattedListingNoteContent': 'Second Row of Section', 'listingNoteTypeId': 6, 'showToBuyer': True, 'hideInMock': False, 'siteAddedListingNote': False, 'aisleListingNoteWithSplit': False, 'listingNoteDescriptionContentId': 3415844, 'formattedListingNoteDescription': 'Second Row of Section'}, {'listingNoteId': -1, 'listingNoteContentId': 3338094, 'formattedListingNoteContent': 'Clear view', 'listingNoteTypeId': 3, 'showToBuyer': True, 'hideInMock': False, 'siteAddedListingNote': False, 'aisleListingNoteWithSplit': False, 'listingNoteDescriptionContentId': 3338095, 'formattedListingNoteDescription': ""You'll have an unrestricted view of the show.""}]","[{'listingNoteBucketId': 14, 'formattedListingNoteContent': 'Second Row of Section', 'displayOrder': 14, 'showsRawNoteText': True, 'sourceListingNoteId': 2026}, {'listingNoteBucketId': 27, 'formattedListingNoteContent': 'Clear view', 'displayOrder': 8, 'showsRawNoteText': True, 'sourceListingNoteId': -1}]",1593533,False,False,Row 2,False,1912879,"¥1,912,879","¥1,912,879",10,Mobile Transfer ticket,3,1,USD,JPY,20000.0,USD,"https://img.vggcdn.net/img/vfsimage2/812551/471_1530775/0.jpg?im=Resize=(500,271)&v=771",2 hours ago,9,False,False,False,False,3scDIbuGN4spcZyZMBDaj73edUixs9A2ovfeOtIcc5s%3d,False,2026-07-18T14:56:36.3970000Z,False,False,False,False,False,False,0,False,False,False,False,False,0,False,False,0,13391380505,False,BC2C5E61-A77B-4C1A-902E-F5B3B98FBBDE,False,False,True,5,8.548170796482674,1.195032793,,,,,"[{'message': 'Amazing Value', 'qualifier': 'Based on price, view, seat quality and more', 'hasValue': True, 'messageType': 'ValueBased'}, {'message': 'Hidden gem', 'qualifier': ""Fans haven't spotted this one yet"", 'hasValue': True, 'messageType': 'HiddenGem'}, {'message': 'Second Row', 'qualifier': 'Premium close-up view', 'hasValue': True, 'messageType': 'SecondRowTicketAttributeBased'}]",[2026],,,,,,"¥3,791,272",50.0,"¥1,878,393",,,,Hidden gem,True,817fa2c0-3b35-4dea-8299-060dc97e6166,,,,
13391788749,153020449,204,122837,204,2,11,_,,,,False,False,4,,False,False,"[1, 2, 3, 4]",471,Middle,4,True,"[{'listingNoteId': -1, 'listingNoteContentId': 3338094, 'formattedListingNoteContent': 'Clear view', 'listingNoteTypeId': 3, 'showToBuyer': True, 'hideInMock': False, 'siteAddedListingNote': False, 'aisleListingNoteWithSplit': False, 'listingNoteDescriptionContentId': 3338095, 'formattedListingNoteDescription': ""You'll have an unrestricted view of the show.""}]","[{'listingNoteBucketId': 27, 'formattedListingNoteContent': 'Clear view', 'displayOrder': 8, 'showsRawNoteText': True, 'sourceListingNoteId': -1}]",702763,False,False,Row 11,False,1920482,"¥1,920,482","¥1,920,482",10,Mobile Transfer ticket,3,1,USD,JPY,7380.0,USD,"https://img.vggcdn.net/img/vfsimage2/812551/471_122837/0.jpg?im=Resize=(500,271)&v=771",37 minutes ago,7,False,False,False,False,6nQuJxgmVS%2bT67SLseMuEsjkWnC1mWM65L2W2Wv%2bl2E%3d,False,2026-07-18T16:36:28.2400000Z,False,False,False,False,False,False,0,False,False,False,False,False,0,False,False,0,13391788749,False,B3165327-0679-47C3-89E0-D8F18EA96D3F,False,False,True,3,6.666296467750728,0.8945174088,,,,,"[{'message': 'Popular Pick', 'qualifier': '50 tickets sold for this event', 'hasValue': True, 'messageType': 'BoughtInLastHourSocialProofBased'}]",[],,,,,,,,,,,,,,,,,,
13354336531,153020449,313,122906,313,2,24,_,,,,False,False,3,,False,False,"[1, 3]",407,Upper,3,True,"[{'listingNoteId': -1, 'listingNoteContentId': 3338094, 'formattedListingNoteContent': 'Clear view', 'listingNoteTypeId': 3, 'showToBuyer': True, 'hideInMock': False, 'siteAddedListingNote': False, 'aisleListingNoteWithSplit': False, 'listingNoteDescriptionContentId': 3338095, 'formattedListingNoteDescription': ""You'll have an unrestricted view of the show.""}]","[{'listingNoteBucketId': 27, 'formattedListingNoteContent': 'Clear view', 'displayOrder': 8, 'showsRawNoteText': True, 'sourceListingNoteId': -1}]",703805,False,False,Row 24,False,1924111,"¥1,924,111","¥1,924,111",10,Mobile Transfer ticket,3,1,USD,JPY,7380.0,USD,"https://img.vggcdn.net/img/vfsimage2/812551/407_122906/0.jpg?im=Resize=(500,271)&v=771",3 days ago,4,False,False,False,False,SVRLnwg2w2wV6zFZ7LYn6Cy9e6U96xI7R0q024GgsdY%3d,False,2026-07-15T00:36:36.5130000Z,False,False,False,False,False,False,0,False,False,False,False,False,0,False,False,0,13354336531,False,3A4343F1-8532-4681-BA80-7DC0AF56525F,False,False,True,2,4.038795307555217,0.6385939064,,,,,"[{'message': 'Popular Pick', 'qualifier': '50 tickets sold for this event', 'hasValue': True, 'messageType': 'BoughtInLastHourSocialProofBased'}]",[],,,,Last tickets,True,,,,,,,,,,,,,
13387921172,153020449,227A,1530787,227A,2,9,_,,,,False,False,1,,False,False,[1],471,Middle,1,True,"[{'listingNoteId': -1, 'listingNoteContentId': 3338094, 'formattedListingNoteContent': 'Clear view', 'listingNoteTypeId': 3, 'showToBuyer': True, 'hideInMock': False, 'siteAddedListingNote': False, 'aisleListingNoteWithSplit': False, 'listingNoteDescriptionContentId': 3338095, 'formattedListingNoteDescription': ""You'll have an unrestricted view of the show.""}]","[{'listingNoteBucketId': 27, 'formattedListingNoteContent': 'Clear view', 'displayOrder': 8, 'showsRawNoteText': True, 'sourceListingNoteId': -1}]",1593637,False,False,Row 9,False,1930034,"¥1,930,034","¥1,930,034",10,Mobile Transfer ticket,3,1,USD,JPY,7380.0,USD,"https://img.vggcdn.net/img/vfsimage2/812551/471_1530787/0.jpg?im=Resize=(500,271)&v=771",15 hours ago,9,False,False,False,False,WX6wqDUfEHzdyZqv9cpwh2DTUwApTwf%2fvlhR76Etar4%3d,False,2026-07-18T01:23:34.2070000Z,False,False,False,False,False,False,0,False,False,False,False,False,0,False,False,0,13387921172,False,5F90EAFB-2C25-4534-A075-CF526EC19A16,False,False,True,5,8.529340125484707,1.199491418,,,,,"[{'message': 'Amazing Value', 'qualifier': 'Based on price, view, seat quality and more', 'hasValue': True, 'messageType': 'ValueBased'}, {'message': 'Popular Pick', 'qualifier': '50 tickets sold for this event', 'hasValue': True, 'messageType': 'BoughtInLastHourSocialProofBased'}]",[],,,,,,,,,,,,,,,,,,
13354228968,153020449,336,122929,336,2,13,_,,,,False,False,1,,False,False,[1],407,Upper,1,True,"[{'listingNoteId': -1, 'listingNoteContentId': 3338094, 'formattedListingNoteContent': 'Clear view', 'listingNoteTypeId': 3, 'showToBuyer': True, 'hideInMock': False, 'siteAddedListingNote': False, 'aisleListingNoteWithSplit': False, 'listingNoteDescriptionContentId': 3338095, 'formattedListingNoteDescription': ""You'll have an unrestricted view of the show.""}]","[{'listingNoteBucketId': 27, 'formattedListingNoteContent': 'Clear view', 'displayOrder': 8, 'showsRawNoteText': True, 'sourceListingNoteId': -1}]",704300,False,False,Row 13,False,1930424,"¥1,930,424","¥1,930,424",10,Mobile Transfer ticket,3,1,USD,JPY,4000.0,USD,"https://img.vggcdn.net/img/vfsimage2/812551/407_122929/0.jpg?im=Resize=(500,271)&v=771",3 days ago,6,False,False,False,False,%2blBxrqh3g%2bhH4VtSKTXn66yi1r9gw9qzi4a6QhoyDjw%3d,False,2026-07-15T00:20:55.5700000Z,False,False,False,False,False,False,0,False,False,False,False,False,0,False,False,0,13354228968,False,CDABBB39-8D24-486E-B2AC-A10C1BC18792,False,False,True,3,5.660107257827388,0.799197106,,,,,"[{'message': 'Popular Pick', 'qualifier': '50 tickets sold for this event', 'hasValue': True, 'messageType': 'BoughtInLastHourSocialProofBased'}]",[],,,,,,,,,,,,,,,,,,
13387500802,153020449,331,122924,331,2,24,28_28,28,28,28,False,False,1,,False,False,[1],407,Upper,1,True,"[{'listingNoteId': -1, 'listingNoteContentId': 3338094, 'formattedListingNoteContent': 'Clear view', 'listingNoteTypeId': 3, 'showToBuyer': True, 'hideInMock': False, 'siteAddedListingNote': False, 'aisleListingNoteWithSplit': False, 'listingNoteDescriptionContentId': 3338095, 'formattedListingNoteDescription': ""You'll have an unrestricted view of the show.""}]","[{'listingNoteBucketId': 27, 'formattedListingNoteContent': 'Clear view', 'displayOrder': 8, 'showsRawNoteText': True, 'sourceListingNoteId': -1}]",2113939,False,False,Row 24,False,1930424,"¥1,930,424","¥1,930,424",10,Mobile Transfer ticket,3,1,USD,JPY,0.0,USD,"https://img.vggcdn.net/img/vfsimage2/812551/407_122924/0.jpg?im=Resize=(500,271)&v=771",17 hours ago,5,False,False,False,False,%2blBxrqh3g%2bhH4VtSKTXn66yi1r9gw9qzi4a6QhoyDjw%3d,False,2026-07-17T23:52:41.3300000Z,False,False,False,False,False,False,0,False,False,False,False,False,0,False,False,0,13387500802,False,2A9D07EB-FFEA-4523-A642-91A855FD7F36,False,False,True,2,4.868340608179978,0.7285758278,,,,,"[{'message': 'Popular Pick', 'qualifier': '50 tickets sold for this event', 'hasValue': True, 'messageType': 'BoughtInLastHourSocialProofBased'}]",[],,,,,,,,,,,,,,,,,,
13314250406,153020449,Category 4,2140587,Category 4,3,,_,,,,False,False,2,,False,False,"[1, 2]",1327,Category 4,2,True,"[{'listingNoteId': -1, 'listingNoteContentId': 3338094, 'formattedListingNoteContent': 'Clear view', 'listingNoteTypeId': 3, 'showToBuyer': True, 'hideInMock': False, 'siteAddedListingNote': False, 'aisleListingNoteWithSplit': False, 'listingNoteDescriptionContentId': 3338095, 'formattedListingNoteDescription': ""You'll have an unrestricted view of the show.""}]","[{'listingNoteBucketId': 27, 'formattedListingNoteContent': 'Clear view', 'displayOrder': 8, 'showsRawNoteText': True, 'sourceListingNoteId': -1}]",4264996,False,False,Row,True,1932354,"¥1,932,354","¥1,932,354",10,Mobile Transfer ticket,3,1,USD,JPY,10000.0,USD,"https://img.vggcdn.net/img/vfsimage2/812551/1327_2140587/0.jpg?im=Resize=(500,271)&v=771",8 days ago,9,False,False,True,False,lU5kaknqcSF3N2X2UWfnmR9FK8O3ZEBN1DSGmIifaL0%3d,False,2026-07-10T12:22:05.0670000Z,False,False,False,False,False,False,0,False,False,False,False,False,0,False,False,0,13314250406,False,CF1ADD38-2EB6-40AF-8F1C-0B3D76FD96CD,False,False,True,5,8.959150993709077,1.362416107,,,,,"[{'message': 'Amazing Value', 'qualifier': 'Based on price, view, seat quality and more', 'hasValue': True, 'messageType': 'ValueBased'}, {'message': 'Popular Pick', 'qualifier': '50 tickets sold for this event', 'hasValue': True, 'messageType': 'BoughtInLastHourSocialProofBased'}]",[],,,,Last tickets,True,,,,,,,,,,,,,
13347769336,153020449,344,122937,344,2,4,_,,,,False,False,3,,False,False,"[1, 3]",478,Loge,3,True,"[{'listingNoteId': -1, 'listingNoteContentId': 3338094, 'formattedListingNoteContent': 'Clear view', 'listingNoteTypeId': 3, 'showToBuyer': True, 'hideInMock': False, 'siteAddedListingNote': False, 'aisleListingNoteWithSplit': False, 'listingNoteDescriptionContentId': 3338095, 'formattedListingNoteDescription': ""You'll have an unrestricted view of the show.""}]","[{'listingNoteBucketId': 27, 'formattedListingNoteContent': 'Clear view', 'displayOrder': 8, 'showsRawNoteText': True, 'sourceListingNoteId': -1}]",1591268,False,False,Row 4,False,1940611,"¥1,940,611","¥1,940,611",10,Mobile Transfer ticket,3,1,GBP,JPY,3000.0,GBP,"https://img.vggcdn.net/img/vfsimage2/812551/478_122937/0.jpg?im=Resize=(500,271)&v=771",4 days ago,6,False,False,False,False,e%2brR7xGXvLO48wUuZ6CIK%2bSS7TUElpeSqvkTbnvyFRM%3d,False,2026-07-14T09:41:47.8100000Z,False,False,False,False,False,False,0,False,False,False,False,False,0,False,False,0,13347769336,False,56BDB61C-BFB5-4068-9251-3E510D9BD592,False,False,True,3,6.269698679228988,0.8614308766,,,,,"[{'message': 'Popular Pick', 'qualifier': '50 tickets sold for this event', 'hasValue': True, 'messageType': 'BoughtInLastHourSocialProofBased'}]",[],,,,,,,,,,,,,,,,,,
13390553220,153020449,342,122935,342,2,15,_,,,,False,False,4,,False,False,"[1, 2, 3, 4]",407,Upper,4,True,"[{'listingNoteId': -1, 'listingNoteContentId': 3338094, 'formattedListingNoteContent': 'Clear view', 'listingNoteTypeId': 3, 'showToBuyer': True, 'hideInMock': False, 'siteAddedListingNote': False, 'aisleListingNoteWithSplit': False, 'listingNoteDescriptionContentId': 3338095, 'formattedListingNoteDescription': ""You'll have an unrestricted view of the show.""}]","[{'listingNoteBucketId': 27, 'formattedListingNoteContent': 'Clear view', 'displayOrder': 8, 'showsRawNoteText': True, 'sourceListingNoteId': -1}]",704431,False,False,Row 15,False,1942452,"¥1,942,452","¥1,942,452",10,Mobile Transfer ticket,3,1,USD,JPY,0.0,USD,"https://img.vggcdn.net/img/vfsimage2/812551/407_122935/0.jpg?im=Resize=(500,271)&v=771",4 hours ago,6,False,False,False,False,dvrqq%2ffFWpr88gprTKWXwIBs1cLa0Yuv8vPA%2btYrhrQ%3d,False,2026-07-18T12:36:11.0330000Z,False,False,False,False,False,False,0,False,False,False,False,False,0,False,False,0,13390553220,False,B2C6E834-6B5B-4763-A7D7-5D880F04F331,False,False,True,3,5.60960261381386,0.7997160059,,,,,"[{'message': 'Popular Pick', 'qualifier': '50 tickets sold for this event', 'hasValue': True, 'messageType': 'BoughtInLastHourSocialProofBased'}]",[],,,,,,,,,,,,,,,,,,
13391574357,153020449,225A,1530785,225A,2,9,_,,,,False,False,3,,False,False,"[1, 2, 3]",471,Middle,4,True,"[{'listingNoteId': -1, 'listingNoteContentId': 3338094, 'formattedListingNoteContent': 'Clear view', 'listingNoteTypeId': 3, 'showToBuyer': True, 'hideInMock': False, 'siteAddedListingNote': False, 'aisleListingNoteWithSplit': False, 'listingNoteDescriptionContentId': 3338095, 'formattedListingNoteDescription': ""You'll have an unrestricted view of the show.""}]","[{'listingNoteBucketId': 27, 'formattedListingNoteContent': 'Clear view', 'displayOrder': 8, 'showsRawNoteText': True, 'sourceListingNoteId': -1}]",1593622,False,False,Row 9,False,1947968,"¥1,947,968","¥1,947,968",10,Mobile Transfer ticket,3,1,USD,JPY,7380.0,USD,"https://img.vggcdn.net/img/vfsimage2/812551/471_1530785/0.jpg?im=Resize=(500,271)&v=771",an hour ago,8,False,False,False,False,JsmoCIi7aLwqZfjPdQR8b3tSO91xDRAI%2bV6J7VP1C1w%3d,False,2026-07-18T15:45:54.2170000Z,False,False,False,False,False,False,0,False,False,False,False,False,0,False,False,0,13391574357,False,498C35D6-2A45-4A10-8026-D239EC5CBE2F,False,False,True,4,7.748820407451622,1.058476426,,,,,"[{'message': 'Great Value', 'qualifier': 'Based on price, view, seat quality and more', 'hasValue': True, 'messageType': 'ValueBased'}, {'message': 'Popular Pick', 'qualifier': '50 tickets sold for this event', 'hasValue': True, 'messageType': 'BoughtInLastHourSocialProofBased'}]",[],,,,,,,,,,,,,,,,,,
13391882999,153020449,227A,1530787,227A,2,7,19_22,,,19,False,False,4,,False,False,"[1, 2, 4]",471,Middle,4,True,"[{'listingNoteId': -1, 'listingNoteContentId': 3338094, 'formattedListingNoteContent': 'Clear view', 'listingNoteTypeId': 3, 'showToBuyer': True, 'hideInMock': False, 'siteAddedListingNote': False, 'aisleListingNoteWithSplit': False, 'listingNoteDescriptionContentId': 3338095, 'formattedListingNoteDescription': ""You'll have an unrestricted view of the show.""}]","[{'listingNoteBucketId': 27, 'formattedListingNoteContent': 'Clear view', 'displayOrder': 8, 'showsRawNoteText': True, 'sourceListingNoteId': -1}]",1593635,False,False,Row 7,False,1949088,"¥1,949,088","¥1,949,088",10,Mobile Transfer ticket,3,1,USD,JPY,7380.0,USD,"https://img.vggcdn.net/img/vfsimage2/812551/471_1530787/0.jpg?im=Resize=(500,271)&v=771",11 minutes ago,9,False,False,False,False,w427W9c%2fosYwpSh2DPLeNnOytE%2fEhNqc0wCEJji5JJY%3d,False,2026-07-18T17:03:16.5470000Z,False,False,False,False,False,False,0,False,False,False,False,False,0,False,False,0,13391882999,False,FAC57E3F-4C2F-4C7B-B12F-3FFDD6A4C131,False,False,True,5,8.709604076520282,1.274702231,,,,,"[{'message': 'Amazing Value', 'qualifier': 'Based on price, view, seat quality and more', 'hasValue': True, 'messageType': 'ValueBased'}, {'message': 'Popular Pick', 'qualifier': '50 tickets sold for this event', 'hasValue': True, 'messageType': 'BoughtInLastHourSocialProofBased'}]",[],,,,,,,,,,,,,,,,,,
13391426367,153020449,225A,1530785,225A,2,6,7_7,,,7,False,False,1,,False,False,[1],471,Middle,1,True,"[{'listingNoteId': -1, 'listingNoteContentId': 3338094, 'formattedListingNoteContent': 'Clear view', 'listingNoteTypeId': 3, 'showToBuyer': True, 'hideInMock': False, 'siteAddedListingNote': False, 'aisleListingNoteWithSplit': False, 'listingNoteDescriptionContentId': 3338095, 'formattedListingNoteDescription': ""You'll have an unrestricted view of the show.""}]","[{'listingNoteBucketId': 27, 'formattedListingNoteContent': 'Clear view', 'displayOrder': 8, 'showsRawNoteText': True, 'sourceListingNoteId': -1}]",1593619,False,False,Row 6,False,1949088,"¥1,949,088","¥1,949,088",10,Mobile Transfer ticket,3,1,USD,JPY,7380.0,USD,"https://img.vggcdn.net/img/vfsimage2/812551/471_1530785/0.jpg?im=Resize=(500,271)&v=771",2 hours ago,8,False,False,False,False,w427W9c%2fosYwpSh2DPLeNnOytE%2fEhNqc0wCEJji5JJY%3d,False,2026-07-18T15:07:16.9000000Z,False,False,False,False,False,False,0,False,False,False,False,False,0,False,False,0,13391426367,False,DEB98D69-E0FD-4026-A94D-B24E930240D0,False,False,True,4,8.47401522642382,1.195993346,,,,,"[{'message': 'Great Value', 'qualifier': 'Based on price, view, seat quality and more', 'hasValue': True, 'messageType': 'ValueBased'}, {'message': 'Popular Pick', 'qualifier': '50 tickets sold for this event', 'hasValue': True, 'messageType': 'BoughtInLastHourSocialProofBased'}]",[],,,,,,,,,,,,,,,,,,
13391506176,153020449,227A,1530787,227A,2,9,_,,,,False,False,2,,False,False,"[1, 2]",471,Middle,2,True,"[{'listingNoteId': -1, 'listingNoteContentId': 3338094, 'formattedListingNoteContent': 'Clear view', 'listingNoteTypeId': 3, 'showToBuyer': True, 'hideInMock': False, 'siteAddedListingNote': False, 'aisleListingNoteWithSplit': False, 'listingNoteDescriptionContentId': 3338095, 'formattedListingNoteDescription': ""You'll have an unrestricted view of the show.""}]","[{'listingNoteBucketId': 27, 'formattedListingNoteContent': 'Clear view', 'displayOrder': 8, 'showsRawNoteText': True, 'sourceListingNoteId': -1}]",1593637,False,False,Row 9,False,1949139,"¥1,949,139","¥1,949,139",10,Mobile Transfer ticket,3,1,USD,JPY,7380.0,USD,"https://img.vggcdn.net/img/vfsimage2/812551/471_1530787/0.jpg?im=Resize=(500,271)&v=771",an hour ago,8,False,False,False,False,01SoK3NxLBhcojuOunjOn8%2f9%2fHbKG8sS9qez%2f48bCz8%3d,False,2026-07-18T15:30:34.6630000Z,False,False,False,False,False,False,0,False,False,False,False,False,0,False,False,0,13391506176,False,7FCE663E-E8A3-4978-A6AD-57D7F3760C8A,False,False,True,4,8.490230777973588,1.199491418,,,,,"[{'message': 'Great Value', 'qualifier': 'Based on price, view, seat quality and more', 'hasValue': True, 'messageType': 'ValueBased'}, {'message': 'Popular Pick', 'qualifier': '50 tickets sold for this event', 'hasValue': True, 'messageType': 'BoughtInLastHourSocialProofBased'}]",[],,,,,,,,,,,,,,,,,,
13387921176,153020449,204,122837,204,2,11,_,,,,False,False,1,,False,False,[1],471,Middle,1,True,"[{'listingNoteId': -1, 'listingNoteContentId': 3338094, 'formattedListingNoteContent': 'Clear view', 'listingNoteTypeId': 3, 'showToBuyer': True, 'hideInMock': False, 'siteAddedListingNote': False, 'aisleListingNoteWithSplit': False, 'listingNoteDescriptionContentId': 3338095, 'formattedListingNoteDescription': ""You'll have an unrestricted view of the show.""}]","[{'listingNoteBucketId': 27, 'formattedListingNoteContent': 'Clear view', 'displayOrder': 8, 'showsRawNoteText': True, 'sourceListingNoteId': -1}]",702763,False,False,Row 11,False,1949139,"¥1,949,139","¥1,949,139",10,Mobile Transfer ticket,3,1,USD,JPY,7380.0,USD,"https://img.vggcdn.net/img/vfsimage2/812551/471_122837/0.jpg?im=Resize=(500,271)&v=771",15 hours ago,7,False,False,False,False,01SoK3NxLBhcojuOunjOn8%2f9%2fHbKG8sS9qez%2f48bCz8%3d,False,2026-07-18T01:23:34.2130000Z,False,False,False,False,False,False,0,False,False,False,False,False,0,False,False,0,13387921176,False,D5271A12-C16D-4159-8532-56E776F4381E,False,False,True,3,6.546217731653695,0.8945174088,,,,,"[{'message': 'Popular Pick', 'qualifier': '50 tickets sold for this event', 'hasValue': True, 'messageType': 'BoughtInLastHourSocialProofBased'}]",[],,,,,,,,,,,,,,,,,,
13384778618,153020449,Category 1,1989399,Category 1,3,,_,,,,False,False,1,,False,False,[1],1245,Category 1,1,True,"[{'listingNoteId': -1, 'listingNoteContentId': 3338094, 'formattedListingNoteContent': 'Clear view', 'listingNoteTypeId': 3, 'showToBuyer': True, 'hideInMock': False, 'siteAddedListingNote': False, 'aisleListingNoteWithSplit': False, 'listingNoteDescriptionContentId': 3338095, 'formattedListingNoteDescription': ""You'll have an unrestricted view of the show.""}]","[{'listingNoteBucketId': 27, 'formattedListingNoteContent': 'Clear view', 'displayOrder': 8, 'showsRawNoteText': True, 'sourceListingNoteId': -1}]",3325458,False,False,Row,True,1949919,"¥1,949,919","¥1,949,919",10,Mobile Transfer ticket,3,1,USD,JPY,17500.0,USD,"https://img.vggcdn.net/img/vfsimage2/812551/1245_1989399/0.jpg?im=Resize=(500,271)&v=771",23 hours ago,9,False,False,True,False,I4W4RcSUSJ3%2fmuvQEXJkuzE1BlPdJzXjYpMR%2fXqFll4%3d,False,2026-07-17T17:52:11.3830000Z,False,False,False,False,False,False,0,False,False,False,False,False,0,False,False,0,13384778618,False,C4DF2C3E-1A37-416A-AE61-0853BE610CFD,False,False,True,5,8.610052068529603,1.2394394,,,,,"[{'message': 'Amazing Value', 'qualifier': 'Based on price, view, seat quality and more', 'hasValue': True, 'messageType': 'ValueBased'}, {'message': 'Popular Pick', 'qualifier': '50 tickets sold for this event', 'hasValue': True, 'messageType': 'BoughtInLastHourSocialProofBased'}]",[],,,,Last ticket,True,,,,,,,,,,,,,
13303451317,153020449,228B,1530790,228B,2,13,17_18,,,17,False,False,2,,False,False,"[1, 2]",471,Middle,2,True,"[{'listingNoteId': -1, 'listingNoteContentId': 3338094, 'formattedListingNoteContent': 'Clear view', 'listingNoteTypeId': 3, 'showToBuyer': True, 'hideInMock': False, 'siteAddedListingNote': False, 'aisleListingNoteWithSplit': False, 'listingNoteDescriptionContentId': 3338095, 'formattedListingNoteDescription': ""You'll have an unrestricted view of the show.""}]","[{'listingNoteBucketId': 27, 'formattedListingNoteContent': 'Clear view', 'displayOrder': 8, 'showsRawNoteText': True, 'sourceListingNoteId': -1}]",2113506,False,False,Row 13,False,1949919,"¥1,949,919","¥1,949,919",10,Mobile Transfer ticket,3,1,USD,JPY,500.0,USD,"https://img.vggcdn.net/img/vfsimage2/812551/471_1530790/0.jpg?im=Resize=(500,271)&v=771",9 days ago,7,False,False,False,False,vtAw%2f2ZGLzuy77Aks00Fo%2fMoKOns%2bBbw5bZXBOBUceQ%3d,False,2026-07-09T15:50:51.4970000Z,False,False,False,False,False,False,0,False,False,False,False,False,0,False,False,0,13303451317,False,E0EC804B-20DE-4A9F-B383-5832F87A22AC,False,False,True,3,6.748256651975809,0.9175794981,,,,,"[{'message': 'Popular Pick', 'qualifier': '50 tickets sold for this event', 'hasValue': True, 'messageType': 'BoughtInLastHourSocialProofBased'}]",[],,,,,,"¥2,541,627",23.0,"¥591,708",,,,,,,,,,
13387391134,153020449,328,122921,328,2,13,6_9,6,9,6,False,False,4,,False,False,[1],407,Upper,1,True,"[{'listingNoteId': -1, 'listingNoteContentId': 3338094, 'formattedListingNoteContent': 'Clear view', 'listingNoteTypeId': 3, 'showToBuyer': True, 'hideInMock': False, 'siteAddedListingNote': False, 'aisleListingNoteWithSplit': False, 'listingNoteDescriptionContentId': 3338095, 'formattedListingNoteDescription': ""You'll have an unrestricted view of the show.""}]","[{'listingNoteBucketId': 27, 'formattedListingNoteContent': 'Clear view', 'displayOrder': 8, 'showsRawNoteText': True, 'sourceListingNoteId': -1}]",2113864,False,False,Row 13,False,1949919,"¥1,949,919","¥1,949,919",16,Mobile Transfer ticket,3,1,USD,JPY,15000.0,USD,"https://img.vggcdn.net/img/vfsimage2/812551/407_122921/0.jpg?im=Resize=(500,271)&v=771",17 hours ago,5,False,False,False,False,I4W4RcSUSJ3%2fmuvQEXJkuzE1BlPdJzXjYpMR%2fXqFll4%3d,False,2026-07-17T23:34:20.2230000Z,False,False,False,False,False,False,0,False,False,False,False,False,0,False,False,0,13387391134,False,75C5052A-E3B3-4456-9F04-4BC2356D4258,False,False,True,3,5.159300564995436,0.7649464792,,,,,"[{'message': 'Popular Pick', 'qualifier': '50 tickets sold for this event', 'hasValue': True, 'messageType': 'BoughtInLastHourSocialProofBased'}]",[],Fan favorite,This section is in the top 10% of sections for this event when ranked based on a count of successful sales over the past 7 days on our site,True,,,,,,,,,,,,,,,
13320346425,153020449,316,122909,316,2,16,_,,,,False,False,4,,False,False,"[1, 2, 3, 4]",407,Upper,4,True,"[{'listingNoteId': -1, 'listingNoteContentId': 3338094, 'formattedListingNoteContent': 'Clear view', 'listingNoteTypeId': 3, 'showToBuyer': True, 'hideInMock': False, 'siteAddedListingNote': False, 'aisleListingNoteWithSplit': False, 'listingNoteDescriptionContentId': 3338095, 'formattedListingNoteDescription': ""You'll have an unrestricted view of the show.""}]","[{'listingNoteBucketId': 27, 'formattedListingNoteContent': 'Clear view', 'displayOrder': 8, 'showsRawNoteText': True, 'sourceListingNoteId': -1}]",703863,False,False,Row 16,False,1950717,"¥1,950,717","¥1,950,717",10,Mobile Transfer ticket,3,1,BRL,JPY,25000.0,BRL,"https://img.vggcdn.net/img/vfsimage2/812551/407_122909/0.jpg?im=Resize=(500,271)&v=771",7 days ago,5,False,False,False,False,B0Sh7%2fYVVsnjiLT7j%2fmlNZTXHb0fcc%2bRciufyZNXpl4%3d,False,2026-07-10T23:27:40.6300000Z,False,False,False,False,False,False,0,False,False,False,False,False,0,False,False,0,13320346425,False,F4EFC350-EF94-485D-9BF9-226C482EE25E,False,False,True,3,5.021615661897865,0.7543860162,,,,,"[{'message': 'Popular Pick', 'qualifier': '50 tickets sold for this event', 'hasValue': True, 'messageType': 'BoughtInLastHourSocialProofBased'}]",[],,,,,,"¥2,587,689",25.0,"¥636,972",,,,,,,,,,
13235196517,153020449,331,122924,331,2,22,27_27,,,27,False,False,1,,False,False,[1],407,Upper,1,True,"[{'listingNoteId': -1, 'listingNoteContentId': 3338094, 'formattedListingNoteContent': 'Clear view', 'listingNoteTypeId': 3, 'showToBuyer': True, 'hideInMock': False, 'siteAddedListingNote': False, 'aisleListingNoteWithSplit': False, 'listingNoteDescriptionContentId': 3338095, 'formattedListingNoteDescription': ""You'll have an unrestricted view of the show.""}]","[{'listingNoteBucketId': 27, 'formattedListingNoteContent': 'Clear view', 'displayOrder': 8, 'showsRawNoteText': True, 'sourceListingNoteId': -1}]",2113937,False,False,Row 22,False,1963005,"¥1,963,005","¥1,963,005",10,Mobile Transfer ticket,3,1,EUR,JPY,2000.0,EUR,"https://img.vggcdn.net/img/vfsimage2/812551/407_122924/0.jpg?im=Resize=(500,271)&v=771",14 days ago,5,False,False,False,False,I4W4RcSUSJ3%2fmuvQEXJkuzE1BlPdJzXjYpMR%2fXqFll4%3d,False,2026-07-04T00:25:43.8300000Z,False,False,False,False,False,False,0,False,False,False,False,False,0,False,False,0,13235196517,False,3676BF81-3D6B-4F7E-B953-0F40BC1F9F5B,False,False,True,2,4.822441528985065,0.7352945454,,,,,"[{'message': 'Popular Pick', 'qualifier': '50 tickets sold for this event', 'hasValue': True, 'messageType': 'BoughtInLastHourSocialProofBased'}]",[],,,,,,,,,,,,,,,,,,
13385101871,153020449,221A,1530781,221A,2,11,_,,,,False,False,3,,False,False,"[1, 3]",471,Middle,3,True,"[{'listingNoteId': -1, 'listingNoteContentId': 3338094, 'formattedListingNoteContent': 'Clear view', 'listingNoteTypeId': 3, 'showToBuyer': True, 'hideInMock': False, 'siteAddedListingNote': False, 'aisleListingNoteWithSplit': False, 'listingNoteDescriptionContentId': 3338095, 'formattedListingNoteDescription': ""You'll have an unrestricted view of the show.""}]","[{'listingNoteBucketId': 27, 'formattedListingNoteContent': 'Clear view', 'displayOrder': 8, 'showsRawNoteText': True, 'sourceListingNoteId': -1}]",1593585,False,False,Row 11,False,1966829,"¥1,966,829","¥1,966,829",10,Mobile Transfer ticket,3,1,GBP,JPY,8000.0,GBP,"https://img.vggcdn.net/img/vfsimage2/812551/471_1530781/0.jpg?im=Resize=(500,271)&v=771",22 hours ago,7,False,False,False,False,EOgc7oLj2cnN5OwI%2fjx8dUqeL3XXUU%2be6uLXpQbXE5A%3d,False,2026-07-17T18:43:25.3670000Z,False,False,False,False,False,False,0,False,False,False,False,False,0,False,False,0,13385101871,False,3258F7FE-6DF1-44AC-A03B-20DAA74C9849,False,False,True,3,6.566040171041033,0.9048350685,,,,,"[{'message': 'Popular Pick', 'qualifier': '50 tickets sold for this event', 'hasValue': True, 'messageType': 'BoughtInLastHourSocialProofBased'}]",[],,,,Last tickets,True,"¥3,113,200",37.0,"¥1,146,371",,,,,,,,,,
13391895104,153020449,227A,1530787,227A,2,6,14_17,,,14,False,False,4,,False,False,"[1, 2, 4]",471,Middle,4,True,"[{'listingNoteId': -1, 'listingNoteContentId': 3338094, 'formattedListingNoteContent': 'Clear view', 'listingNoteTypeId': 3, 'showToBuyer': True, 'hideInMock': False, 'siteAddedListingNote': False, 'aisleListingNoteWithSplit': False, 'listingNoteDescriptionContentId': 3338095, 'formattedListingNoteDescription': ""You'll have an unrestricted view of the show.""}]","[{'listingNoteBucketId': 27, 'formattedListingNoteContent': 'Clear view', 'displayOrder': 8, 'showsRawNoteText': True, 'sourceListingNoteId': -1}]",1593634,False,False,Row 6,False,1987488,"¥1,987,488","¥1,987,488",10,Mobile Transfer ticket,3,1,USD,JPY,7380.0,USD,"https://img.vggcdn.net/img/vfsimage2/812551/471_1530787/0.jpg?im=Resize=(500,271)&v=771",9 minutes ago,9,False,False,False,False,LsX7SqablwgAEI6x2MSynm%2fIn6ONXao6GIv4v7ZDIqY%3d,False,2026-07-18T17:05:15.6970000Z,False,False,False,False,False,False,0,False,False,False,False,False,0,False,False,0,13391895104,False,CC1C0F60-A777-4101-8A4C-6E64B8029C97,False,False,True,5,8.746714225984853,1.313971662,,,,,"[{'message': 'Amazing Value', 'qualifier': 'Based on price, view, seat quality and more', 'hasValue': True, 'messageType': 'ValueBased'}, {'message': 'Popular Pick', 'qualifier': '50 tickets sold for this event', 'hasValue': True, 'messageType': 'BoughtInLastHourSocialProofBased'}]",[],,,,,,,,,,,,,,,,,,
13391200412,153020449,225A,1530785,225A,2,5,_,,,,False,False,4,,False,False,"[1, 2, 4]",471,Middle,4,True,"[{'listingNoteId': -1, 'listingNoteContentId': 3338094, 'formattedListingNoteContent': 'Clear view', 'listingNoteTypeId': 3, 'showToBuyer': True, 'hideInMock': False, 'siteAddedListingNote': False, 'aisleListingNoteWithSplit': False, 'listingNoteDescriptionContentId': 3338095, 'formattedListingNoteDescription': ""You'll have an unrestricted view of the show.""}]","[{'listingNoteBucketId': 27, 'formattedListingNoteContent': 'Clear view', 'displayOrder': 8, 'showsRawNoteText': True, 'sourceListingNoteId': -1}]",1593618,False,False,Row 5,False,2003823,"¥2,003,823","¥2,003,823",10,Mobile Transfer ticket,3,1,USD,JPY,7380.0,USD,"https://img.vggcdn.net/img/vfsimage2/812551/471_1530785/0.jpg?im=Resize=(500,271)&v=771",2 hours ago,9,False,False,False,False,qyoh5NH13EQX7TJPe4wzXPL9nhcu00djyilO5XTFS%2bM%3d,False,2026-07-18T14:20:43.4670000Z,False,False,False,False,False,False,0,False,False,False,False,False,0,False,False,0,13391200412,False,F7344528-5B02-4628-A53B-DF330003F43F,False,False,True,5,8.529839090259154,1.245533216,,,,,"[{'message': 'Amazing Value', 'qualifier': 'Based on price, view, seat quality and more', 'hasValue': True, 'messageType': 'ValueBased'}, {'message': 'Popular Pick', 'qualifier': '50 tickets sold for this event', 'hasValue': True, 'messageType': 'BoughtInLastHourSocialProofBased'}]",[],,,,,,,,,,,,,,,,,,
13388375267,153020449,204,122837,204,2,8,_,,,,False,False,4,,False,False,"[1, 2, 4]",471,Middle,4,True,"[{'listingNoteId': -1, 'listingNoteContentId': 3338094, 'formattedListingNoteContent': 'Clear view', 'listingNoteTypeId': 3, 'showToBuyer': True, 'hideInMock': False, 'siteAddedListingNote': False, 'aisleListingNoteWithSplit': False, 'listingNoteDescriptionContentId': 3338095, 'formattedListingNoteDescription': ""You'll have an unrestricted view of the show.""}]","[{'listingNoteBucketId': 27, 'formattedListingNoteContent': 'Clear view', 'displayOrder': 8, 'showsRawNoteText': True, 'sourceListingNoteId': -1}]",702760,False,False,Row 8,False,2006262,"¥2,006,262","¥2,006,262",10,Mobile Transfer ticket,3,1,USD,JPY,7380.0,USD,"https://img.vggcdn.net/img/vfsimage2/812551/471_122837/0.jpg?im=Resize=(500,271)&v=771",13 hours ago,7,False,False,False,False,GlEvH3EHf1ehVTgPTLfGjgVqVF6yKKUfMAjj5h2%2bVok%3d,False,2026-07-18T03:16:31.8770000Z,False,False,False,False,False,False,0,False,False,False,False,False,0,False,False,0,13388375267,False,C4341F06-117B-468B-9504-FA17471038DB,False,False,True,4,7.065109694288027,0.983966288,,,,,"[{'message': 'Great Value', 'qualifier': 'Based on price, view, seat quality and more', 'hasValue': True, 'messageType': 'ValueBased'}, {'message': 'Popular Pick', 'qualifier': '50 tickets sold for this event', 'hasValue': True, 'messageType': 'BoughtInLastHourSocialProofBased'}]",[],,,,,,,,,,,,,,,,,,
13375653128,153020449,Spain Supporters,2447956,Spain Supporters,3,,_,,,,False,False,2,,False,False,"[1, 2]",1666,Spain Supporters,2,True,"[{'listingNoteId': -1, 'listingNoteContentId': 3338094, 'formattedListingNoteContent': 'Clear view', 'listingNoteTypeId': 3, 'showToBuyer': True, 'hideInMock': False, 'siteAddedListingNote': False, 'aisleListingNoteWithSplit': False, 'listingNoteDescriptionContentId': 3338095, 'formattedListingNoteDescription': ""You'll have an unrestricted view of the show.""}]","[{'listingNoteBucketId': 27, 'formattedListingNoteContent': 'Clear view', 'displayOrder': 8, 'showsRawNoteText': True, 'sourceListingNoteId': -1}]",4847586,False,False,Row,True,2007608,"¥2,007,608","¥2,007,608",10,Mobile Transfer ticket,3,1,EUR,JPY,1000.0,EUR,"https://img.vggcdn.net/img/vfsimage2/812551/1666_2447956/0.jpg?im=Resize=(500,271)&v=771",yesterday,0,False,False,True,True,WvYVfuyXjJdwi%2bMGaNYpIHJhvPQ7NAc970KT8tPia0o%3d,False,2026-07-16T19:33:25.1370000Z,False,False,False,False,False,False,0,False,False,False,False,False,0,False,False,0,13375653128,False,1292107B-30D1-458F-A9C9-D1F716197C74,False,False,True,0,,,,,,,"[{'message': 'Popular Pick', 'qualifier': '50 tickets sold for this event', 'hasValue': True, 'messageType': 'BoughtInLastHourSocialProofBased'}]",[],,,,Last tickets,True,,,,,,,,,,,,,
13391200416,153020449,227A,1530787,227A,2,5,_,,,,False,False,4,,False,False,"[1, 2, 4]",471,Middle,4,True,"[{'listingNoteId': -1, 'listingNoteContentId': 3338094, 'formattedListingNoteContent': 'Clear view', 'listingNoteTypeId': 3, 'showToBuyer': True, 'hideInMock': False, 'siteAddedListingNote': False, 'aisleListingNoteWithSplit': False, 'listingNoteDescriptionContentId': 3338095, 'formattedListingNoteDescription': ""You'll have an unrestricted view of the show.""}]","[{'listingNoteBucketId': 27, 'formattedListingNoteContent': 'Clear view', 'displayOrder': 8, 'showsRawNoteText': True, 'sourceListingNoteId': -1}]",1593633,False,False,Row 5,False,2013376,"¥2,013,376","¥2,013,376",10,Mobile Transfer ticket,3,1,USD,JPY,7380.0,USD,"https://img.vggcdn.net/img/vfsimage2/812551/471_1530787/0.jpg?im=Resize=(500,271)&v=771",2 hours ago,9,False,False,False,False,9mQkVCnXyPp2r%2fDE%2bSUI%2bYtBXmK2asd7VOrvyUyjVOs%3d,False,2026-07-18T14:20:43.5000000Z,False,False,False,False,False,False,0,False,False,False,False,False,0,False,False,0,13391200416,False,2FD97DC4-015F-448D-BDCA-C8F0DB7393C1,False,False,True,5,8.80536786295662,1.354393971,,,,,"[{'message': 'Amazing Value', 'qualifier': 'Based on price, view, seat quality and more', 'hasValue': True, 'messageType': 'ValueBased'}, {'message': 'Popular Pick', 'qualifier': '50 tickets sold for this event', 'hasValue': True, 'messageType': 'BoughtInLastHourSocialProofBased'}]",[],,,,,,,,,,,,,,,,,,
13388009537,153020449,204,122837,204,2,7,_,,,,False,False,1,,False,False,[1],471,Middle,1,True,"[{'listingNoteId': -1, 'listingNoteContentId': 3338094, 'formattedListingNoteContent': 'Clear view', 'listingNoteTypeId': 3, 'showToBuyer': True, 'hideInMock': False, 'siteAddedListingNote': False, 'aisleListingNoteWithSplit': False, 'listingNoteDescriptionContentId': 3338095, 'formattedListingNoteDescription': ""You'll have an unrestricted view of the show.""}]","[{'listingNoteBucketId': 27, 'formattedListingNoteContent': 'Clear view', 'displayOrder': 8, 'showsRawNoteText': True, 'sourceListingNoteId': -1}]",702759,False,False,Row 7,False,2016006,"¥2,016,006","¥2,016,006",10,Mobile Transfer ticket,3,1,USD,JPY,10550.0,USD,"https://img.vggcdn.net/img/vfsimage2/812551/471_122837/0.jpg?im=Resize=(500,271)&v=771",15 hours ago,7,False,False,False,False,nVwA6vJUW4bBToEXXeSQFQ%2bIwe7k1nYDfWkR4JBeKOY%3d,False,2026-07-18T01:42:00.1730000Z,False,False,False,False,False,False,0,False,False,False,False,False,0,False,False,0,13388009537,False,6B79E665-5D30-44BC-BA28-0E2E49BBA76A,False,False,True,4,7.250657951179996,1.015593664,,,,,"[{'message': 'Great Value', 'qualifier': 'Based on price, view, seat quality and more', 'hasValue': True, 'messageType': 'ValueBased'}, {'message': 'Popular Pick', 'qualifier': '50 tickets sold for this event', 'hasValue': True, 'messageType': 'BoughtInLastHourSocialProofBased'}]",[],,,,,,,,,,,,,,,,,,
13388955631,153020449,319,122912,319,2,1,3_3,,,3,False,False,1,,False,False,[1],478,Loge,1,True,"[{'listingNoteId': 2025, 'listingNoteContentId': 3415843, 'formattedListingNoteContent': 'Front Row of Section', 'listingNoteTypeId': 6, 'showToBuyer': True, 'hideInMock': False, 'siteAddedListingNote': False, 'aisleListingNoteWithSplit': False, 'listingNoteDescriptionContentId': 3415843, 'formattedListingNoteDescription': 'Front Row of Section'}, {'listingNoteId': -1, 'listingNoteContentId': 3338094, 'formattedListingNoteContent': 'Clear view', 'listingNoteTypeId': 3, 'showToBuyer': True, 'hideInMock': False, 'siteAddedListingNote': False, 'aisleListingNoteWithSplit': False, 'listingNoteDescriptionContentId': 3338095, 'formattedListingNoteDescription': ""You'll have an unrestricted view of the show.""}]","[{'listingNoteBucketId': 14, 'formattedListingNoteContent': 'Front Row of Section', 'displayOrder': 14, 'showsRawNoteText': True, 'sourceListingNoteId': 2025}, {'listingNoteBucketId': 27, 'formattedListingNoteContent': 'Clear view', 'displayOrder': 8, 'showsRawNoteText': True, 'sourceListingNoteId': -1}]",1591109,False,False,Row 1,False,2025883,"¥2,025,883","¥2,025,883",10,Mobile Transfer ticket,3,14,USD,JPY,0.0,USD,"https://img.vggcdn.net/img/vfsimage2/812551/478_122912/0.jpg?im=Resize=(500,271)&v=771",12 hours ago,7,False,False,False,False,gK99ZNOhlbqpOlB266WyHE7tUMY0Mue1owAx4Wghnrw%3d,False,2026-07-18T05:03:44.6170000Z,False,False,False,False,False,False,0,False,False,False,False,False,0,False,False,0,13388955631,False,45B52725-B007-4031-8682-D6EDB5A670A6,False,False,True,4,7.042382055522859,0.9903846434,,,,,"[{'message': 'Great Value', 'qualifier': 'Based on price, view, seat quality and more', 'hasValue': True, 'messageType': 'ValueBased'}, {'message': 'Popular Pick', 'qualifier': '50 tickets sold for this event', 'hasValue': True, 'messageType': 'BoughtInLastHourSocialProofBased'}, {'message': 'Front Row', 'qualifier': 'Best seats in the house', 'hasValue': True, 'messageType': 'FirstRowTicketAttributeBased'}]",[2025],,,,,,,,,,,,,,,,,,
13390264338,153020449,301,122894,301,2,7,_,,,,False,False,6,,False,False,"[1, 2, 3, 4, 6]",407,Upper,6,True,"[{'listingNoteId': 2027, 'listingNoteContentId': 3415845, 'formattedListingNoteContent': 'Third Row of Section', 'listingNoteTypeId': 6, 'showToBuyer': True, 'hideInMock': False, 'siteAddedListingNote': False, 'aisleListingNoteWithSplit': False, 'listingNoteDescriptionContentId': 3415845, 'formattedListingNoteDescription': 'Third Row of Section'}, {'listingNoteId': -1, 'listingNoteContentId': 3338094, 'formattedListingNoteContent': 'Clear view', 'listingNoteTypeId': 3, 'showToBuyer': True, 'hideInMock': False, 'siteAddedListingNote': False, 'aisleListingNoteWithSplit': False, 'listingNoteDescriptionContentId': 3338095, 'formattedListingNoteDescription': ""You'll have an unrestricted view of the show.""}]","[{'listingNoteBucketId': 14, 'formattedListingNoteContent': 'Third Row of Section', 'displayOrder': 14, 'showsRawNoteText': True, 'sourceListingNoteId': 2027}, {'listingNoteBucketId': 27, 'formattedListingNoteContent': 'Clear view', 'displayOrder': 8, 'showsRawNoteText': True, 'sourceListingNoteId': -1}]",2113594,False,False,Row 7,False,2029379,"¥2,029,379","¥2,029,379",10,Mobile Transfer ticket,3,1,USD,JPY,4875.32,USD,"https://img.vggcdn.net/img/vfsimage2/812551/407_122894/0.jpg?im=Resize=(500,271)&v=771",5 hours ago,5,False,False,False,False,3B6iQYASaIZIYDa%2bYh51HzWjwKjXAipOuYbn9a1xmCQ%3d,False,2026-07-18T11:50:09.8930000Z,False,False,False,False,False,False,0,False,False,False,False,False,0,False,False,0,13390264338,False,BB0E95BA-A4CB-4D58-BCBD-5032B45485A8,False,False,True,3,5.161389826726646,0.7962998324,,,,,"[{'message': 'Popular Pick', 'qualifier': '50 tickets sold for this event', 'hasValue': True, 'messageType': 'BoughtInLastHourSocialProofBased'}, {'message': 'Third Row', 'qualifier': 'Excellent proximity to the action', 'hasValue': True, 'messageType': 'ThirdRowTicketAttributeBased'}]",[2027],,,,,,,,,,,,,,,,,,
13303441840,153020449,228B,1530790,228B,2,8,22_23,,,22,False,False,2,,False,False,"[1, 2]",471,Middle,2,True,"[{'listingNoteId': -1, 'listingNoteContentId': 3338094, 'formattedListingNoteContent': 'Clear view', 'listingNoteTypeId': 3, 'showToBuyer': True, 'hideInMock': False, 'siteAddedListingNote': False, 'aisleListingNoteWithSplit': False, 'listingNoteDescriptionContentId': 3338095, 'formattedListingNoteDescription': ""You'll have an unrestricted view of the show.""}]","[{'listingNoteBucketId': 27, 'formattedListingNoteContent': 'Clear view', 'displayOrder': 8, 'showsRawNoteText': True, 'sourceListingNoteId': -1}]",2113518,False,False,Row 8,False,2047392,"¥2,047,392","¥2,047,392",10,Mobile Transfer ticket,3,1,USD,JPY,500.0,USD,"https://img.vggcdn.net/img/vfsimage2/812551/471_1530790/0.jpg?im=Resize=(500,271)&v=771",9 days ago,7,False,False,False,False,wDbt%2bnd4ClNebwuur8qebbx90n1Tf7fHTQ%2fK%2bUPLPBI%3d,False,2026-07-09T15:50:11.5470000Z,False,False,False,False,False,False,0,False,False,False,False,False,0,False,False,0,13303441840,False,8548A397-B6FF-4593-9291-939DD0CE5FEB,False,False,True,3,6.979316186974672,0.9922490341,,,,,"[{'message': 'Popular Pick', 'qualifier': '50 tickets sold for this event', 'hasValue': True, 'messageType': 'BoughtInLastHourSocialProofBased'}]",[],,,,,,,,,,,,,,,,,,
13354336552,153020449,316,122909,316,2,11,_,,,,False,False,4,,False,False,"[1, 2, 4]",407,Upper,4,True,"[{'listingNoteId': -1, 'listingNoteContentId': 3338094, 'formattedListingNoteContent': 'Clear view', 'listingNoteTypeId': 3, 'showToBuyer': True, 'hideInMock': False, 'siteAddedListingNote': False, 'aisleListingNoteWithSplit': False, 'listingNoteDescriptionContentId': 3338095, 'formattedListingNoteDescription': ""You'll have an unrestricted view of the show.""}]","[{'listingNoteBucketId': 27, 'formattedListingNoteContent': 'Clear view', 'displayOrder': 8, 'showsRawNoteText': True, 'sourceListingNoteId': -1}]",703858,False,False,Row 11,False,2066013,"¥2,066,013","¥2,066,013",10,Mobile Transfer ticket,3,1,USD,JPY,7380.0,USD,"https://img.vggcdn.net/img/vfsimage2/812551/407_122909/0.jpg?im=Resize=(500,271)&v=771",3 days ago,6,False,False,False,False,J9AnvQIZAfy8sEtvVw1nyDZJeo0Op0fr4eh1JAM7o0Y%3d,False,2026-07-15T00:36:36.5770000Z,False,False,False,False,False,False,0,False,False,False,False,False,0,False,False,0,13354336552,False,6111AC4A-D4E3-4F64-93F9-512AEBB21039,False,False,True,3,5.5344999429870665,0.8436374913,,,,,"[{'message': 'Popular Pick', 'qualifier': '50 tickets sold for this event', 'hasValue': True, 'messageType': 'BoughtInLastHourSocialProofBased'}]",[],,,,,,,,,,,,,,,,,,
13391847431,153020449,126,122797,126,2,28,_,,,,False,False,3,,False,False,"[1, 3]",594,Lower,3,True,"[{'listingNoteId': -1, 'listingNoteContentId': 3338094, 'formattedListingNoteContent': 'Clear view', 'listingNoteTypeId': 3, 'showToBuyer': True, 'hideInMock': False, 'siteAddedListingNote': False, 'aisleListingNoteWithSplit': False, 'listingNoteDescriptionContentId': 3338095, 'formattedListingNoteDescription': ""You'll have an unrestricted view of the show.""}]","[{'listingNoteBucketId': 27, 'formattedListingNoteContent': 'Clear view', 'displayOrder': 8, 'showsRawNoteText': True, 'sourceListingNoteId': -1}]",2112785,False,False,Row 28,False,2074467,"¥2,074,467","¥2,074,467",10,Mobile Transfer ticket,3,1,USD,JPY,10990.0,USD,"https://img.vggcdn.net/img/vfsimage2/812551/594_122797/0.jpg?im=Resize=(500,271)&v=771",24 minutes ago,9,False,False,False,False,cYgxT8UqjcqDJO0fGp19Ngas58vxACNs9xfmXWf72yY%3d,False,2026-07-18T16:49:35.2230000Z,False,False,False,False,False,False,0,False,False,False,False,False,0,False,False,0,13391847431,False,02C17136-A790-4E4E-A819-BB243B714F4F,False,False,True,5,8.597359740584709,1.313921268,,,,,"[{'message': 'Amazing Value', 'qualifier': 'Based on price, view, seat quality and more', 'hasValue': True, 'messageType': 'ValueBased'}, {'message': 'Popular Pick', 'qualifier': '50 tickets sold for this event', 'hasValue': True, 'messageType': 'BoughtInLastHourSocialProofBased'}]",[],,,,,,,,,,,,,,,,,,
13391210503,153020449,315,122908,315,2,3,14_14,14,14,14,False,False,1,,False,False,[1],478,Loge,1,True,"[{'listingNoteId': 2027, 'listingNoteContentId': 3415845, 'formattedListingNoteContent': 'Third Row of Section', 'listingNoteTypeId': 6, 'showToBuyer': True, 'hideInMock': False, 'siteAddedListingNote': False, 'aisleListingNoteWithSplit': False, 'listingNoteDescriptionContentId': 3415845, 'formattedListingNoteDescription': 'Third Row of Section'}, {'listingNoteId': -1, 'listingNoteContentId': 3338094, 'formattedListingNoteContent': 'Clear view', 'listingNoteTypeId': 3, 'showToBuyer': True, 'hideInMock': False, 'siteAddedListingNote': False, 'aisleListingNoteWithSplit': False, 'listingNoteDescriptionContentId': 3338095, 'formattedListingNoteDescription': ""You'll have an unrestricted view of the show.""}]","[{'listingNoteBucketId': 14, 'formattedListingNoteContent': 'Third Row of Section', 'displayOrder': 14, 'showsRawNoteText': True, 'sourceListingNoteId': 2027}, {'listingNoteBucketId': 27, 'formattedListingNoteContent': 'Clear view', 'displayOrder': 8, 'showsRawNoteText': True, 'sourceListingNoteId': -1}]",1591059,False,False,Row 3,False,2077102,"¥2,077,102","¥2,077,102",10,Mobile Transfer ticket,3,1,USD,JPY,,USD,"https://img.vggcdn.net/img/vfsimage2/812551/478_122908/0.jpg?im=Resize=(500,271)&v=771",2 hours ago,8,False,False,False,False,djZ96qoxmIViuvgMcpRca7qH3FWCjdIy5uJKLGfC7Xg%3d,False,2026-07-18T14:23:07.1370000Z,False,False,False,False,False,False,0,False,False,False,False,False,0,False,False,0,13391210503,False,14F558F3-F713-4163-90B1-1CD76D4E475B,False,False,True,4,7.682887588249129,1.117035356,,,,,"[{'message': 'Great Value', 'qualifier': 'Based on price, view, seat quality and more', 'hasValue': True, 'messageType': 'ValueBased'}, {'message': 'Popular Pick', 'qualifier': '50 tickets sold for this event', 'hasValue': True, 'messageType': 'BoughtInLastHourSocialProofBased'}, {'message': 'Third Row', 'qualifier': 'Excellent proximity to the action', 'hasValue': True, 'messageType': 'ThirdRowTicketAttributeBased'}]",[2027],,,,,,"¥3,032,978",32.0,"¥955,876",,,,,,,,,,
13391748319,153020449,312,122905,312,2,4,_,,,,False,False,3,,False,False,"[1, 3]",478,Loge,3,True,"[{'listingNoteId': -1, 'listingNoteContentId': 3338094, 'formattedListingNoteContent': 'Clear view', 'listingNoteTypeId': 3, 'showToBuyer': True, 'hideInMock': False, 'siteAddedListingNote': False, 'aisleListingNoteWithSplit': False, 'listingNoteDescriptionContentId': 3338095, 'formattedListingNoteDescription': ""You'll have an unrestricted view of the show.""}]","[{'listingNoteBucketId': 27, 'formattedListingNoteContent': 'Clear view', 'displayOrder': 8, 'showsRawNoteText': True, 'sourceListingNoteId': -1}]",1591047,False,False,Row 4,False,2101977,"¥2,101,977","¥2,101,977",10,Mobile Transfer ticket,3,1,USD,JPY,7380.0,USD,"https://img.vggcdn.net/img/vfsimage2/812551/478_122905/0.jpg?im=Resize=(500,271)&v=771",49 minutes ago,8,False,False,False,False,%2blBxrqh3g%2bhH4VtSKTXn66yi1r9gw9qzi4a6QhoyDjw%3d,False,2026-07-18T16:25:09.1730000Z,False,False,False,False,False,False,0,False,False,False,False,False,0,False,False,0,13391748319,False,BE8717D4-8EB7-49A6-8BA5-AEE6AE3F2B4E,False,False,True,4,7.823104226013607,1.155732767,,,,,"[{'message': 'Great Value', 'qualifier': 'Based on price, view, seat quality and more', 'hasValue': True, 'messageType': 'ValueBased'}, {'message': 'Popular Pick', 'qualifier': '50 tickets sold for this event', 'hasValue': True, 'messageType': 'BoughtInLastHourSocialProofBased'}]",[],,,,,,,,,,,,,,,,,,
13387139253,153020449,319,122912,319,2,14,9_9,9,9,9,False,False,1,,False,False,[1],407,Upper,1,True,"[{'listingNoteId': -1, 'listingNoteContentId': 3338094, 'formattedListingNoteContent': 'Clear view', 'listingNoteTypeId': 3, 'showToBuyer': True, 'hideInMock': False, 'siteAddedListingNote': False, 'aisleListingNoteWithSplit': False, 'listingNoteDescriptionContentId': 3338095, 'formattedListingNoteDescription': ""You'll have an unrestricted view of the show.""}]","[{'listingNoteBucketId': 27, 'formattedListingNoteContent': 'Clear view', 'displayOrder': 8, 'showsRawNoteText': True, 'sourceListingNoteId': -1}]",703927,False,False,Row 14,False,2105876,"¥2,105,876","¥2,105,876",10,Mobile Transfer ticket,3,1,USD,JPY,0.0,USD,"https://img.vggcdn.net/img/vfsimage2/812551/407_122912/0.jpg?im=Resize=(500,271)&v=771",18 hours ago,5,False,False,False,False,fZiiHeeKS4DnlHbFNnyiLmWFXe4OlUp%2fR7eUEvSK6cQ%3d,False,2026-07-17T23:11:03.1370000Z,False,False,False,False,False,False,0,False,False,False,False,False,0,False,False,0,13387139253,False,C44E90BC-BED6-4570-AF3A-7D0753D95429,False,False,True,2,4.71510271794733,0.7751677852,,,,,"[{'message': 'Popular Pick', 'qualifier': '52 tickets sold for this event', 'hasValue': True, 'messageType': 'BoughtInLastHourSocialProofBased'}]",[],,,,,,,,,,,,,,,,,,
13391644519,153020449,124,122796,124,2,40,19_19,,,19,False,False,1,,False,False,[1],594,Lower,1,True,"[{'listingNoteId': -1, 'listingNoteContentId': 3338094, 'formattedListingNoteContent': 'Clear view', 'listingNoteTypeId': 3, 'showToBuyer': True, 'hideInMock': False, 'siteAddedListingNote': False, 'aisleListingNoteWithSplit': False, 'listingNoteDescriptionContentId': 3338095, 'formattedListingNoteDescription': ""You'll have an unrestricted view of the show.""}]","[{'listingNoteBucketId': 27, 'formattedListingNoteContent': 'Clear view', 'displayOrder': 8, 'showsRawNoteText': True, 'sourceListingNoteId': -1}]",2112750,False,False,Row 40,False,2130791,"¥2,130,791","¥2,130,791",10,Mobile Transfer ticket,3,1,USD,JPY,0.0,USD,"https://img.vggcdn.net/img/vfsimage2/812551/594_122796/0.jpg?im=Resize=(500,271)&v=771",an hour ago,7,False,False,False,False,aHt4FnvMjVLtiNhbAEpHjnFcMBDTzYrng49XZ9bxq8U%3d,False,2026-07-18T15:59:37.1200000Z,False,False,False,False,False,False,0,False,False,False,False,False,0,False,False,0,13391644519,False,E65C2C90-9CDE-4ED4-A384-E85D15E005A6,False,False,True,4,7.03074579102063,1.039963115,,,,,"[{'message': 'Great Value', 'qualifier': 'Based on price, view, seat quality and more', 'hasValue': True, 'messageType': 'ValueBased'}, {'message': 'Popular Pick', 'qualifier': '52 tickets sold for this event', 'hasValue': True, 'messageType': 'BoughtInLastHourSocialProofBased'}]",[],,,,,,,,,,,,,,,,,,
13354520864,153020449,347,122940,347,2,16,5_7,,,5,False,False,3,,False,False,"[1, 2, 3]",407,Upper,3,True,"[{'listingNoteId': -1, 'listingNoteContentId': 3338094, 'formattedListingNoteContent': 'Clear view', 'listingNoteTypeId': 3, 'showToBuyer': True, 'hideInMock': False, 'siteAddedListingNote': False, 'aisleListingNoteWithSplit': False, 'listingNoteDescriptionContentId': 3338095, 'formattedListingNoteDescription': ""You'll have an unrestricted view of the show.""}]","[{'listingNoteBucketId': 27, 'formattedListingNoteContent': 'Clear view', 'displayOrder': 8, 'showsRawNoteText': True, 'sourceListingNoteId': -1}]",2113976,False,False,Row 16,False,2157935,"¥2,157,935","¥2,157,935",10,Mobile Transfer ticket,3,1,EUR,JPY,5059.0,EUR,"https://img.vggcdn.net/img/vfsimage2/812551/407_122940/0.jpg?im=Resize=(500,271)&v=771",3 days ago,4,False,False,False,False,PKB1Vpvak4jBcC%2boMr7S1Ss%2bwfd9r8vBN3ErjH1YiCo%3d,False,2026-07-15T00:57:58.7930000Z,False,False,False,False,False,False,0,False,False,False,False,False,0,False,False,0,13354520864,False,2FA3C012-486B-4E64-9948-662470D8446D,False,False,True,2,4.399161935638472,0.7558231346,,,,,"[{'message': 'Popular Pick', 'qualifier': '52 tickets sold for this event', 'hasValue': True, 'messageType': 'BoughtInLastHourSocialProofBased'}]",[],,,,,,,,,,,,,,,,,,
13321902226,153020449,344,122937,344,2,3,13_13,13,13,13,False,False,1,,False,False,[1],478,Loge,1,True,"[{'listingNoteId': -1, 'listingNoteContentId': 3338094, 'formattedListingNoteContent': 'Clear view', 'listingNoteTypeId': 3, 'showToBuyer': True, 'hideInMock': False, 'siteAddedListingNote': False, 'aisleListingNoteWithSplit': False, 'listingNoteDescriptionContentId': 3338095, 'formattedListingNoteDescription': ""You'll have an unrestricted view of the show.""}]","[{'listingNoteBucketId': 27, 'formattedListingNoteContent': 'Clear view', 'displayOrder': 8, 'showsRawNoteText': True, 'sourceListingNoteId': -1}]",1591267,False,False,Row 3,False,2193603,"¥2,193,603","¥2,193,603",10,Mobile Transfer ticket,3,1,USD,JPY,,USD,"https://img.vggcdn.net/img/vfsimage2/812551/478_122937/0.jpg?im=Resize=(500,271)&v=771",7 days ago,5,False,False,False,False,4N42p1%2bgbaCRcTPNVVj6L%2bMpgxIjLJC%2fiQOR8RMheJo%3d,False,2026-07-11T01:59:46.4600000Z,False,False,False,False,False,False,0,False,False,False,False,False,0,False,False,0,13321902226,False,41403228-AC0C-4005-A558-282741ABD9EF,False,False,True,3,5.292585970017486,0.8727423851,,,,,"[{'message': 'Popular Pick', 'qualifier': '52 tickets sold for this event', 'hasValue': True, 'messageType': 'BoughtInLastHourSocialProofBased'}]",[],,,,,,"¥3,222,513",32.0,"¥1,028,910",,,,,,,,,,
13379271339,153020449,108,122786,108,2,25,_,,,,False,False,4,,False,False,"[1, 2, 4]",594,Lower,4,True,"[{'listingNoteId': -1, 'listingNoteContentId': 3338094, 'formattedListingNoteContent': 'Clear view', 'listingNoteTypeId': 3, 'showToBuyer': True, 'hideInMock': False, 'siteAddedListingNote': False, 'aisleListingNoteWithSplit': False, 'listingNoteDescriptionContentId': 3338095, 'formattedListingNoteDescription': ""You'll have an unrestricted view of the show.""}]","[{'listingNoteBucketId': 27, 'formattedListingNoteContent': 'Clear view', 'displayOrder': 8, 'showsRawNoteText': True, 'sourceListingNoteId': -1}]",2112268,False,False,Row 25,False,2202647,"¥2,202,647","¥2,202,647",10,Mobile Transfer ticket,3,1,EUR,JPY,1222.0,EUR,"https://img.vggcdn.net/img/vfsimage2/812551/594_122786/0.jpg?im=Resize=(500,271)&v=771",yesterday,9,False,False,False,False,N5XoKwPr1nihYqpeSag8XU%2bnGcuE8DA7V4IewjrPGE4%3d,False,2026-07-17T02:50:05.8930000Z,False,False,False,False,False,False,0,False,False,False,False,False,0,False,False,0,13379271339,False,87738DAD-D472-47D2-95D9-921147E10DD0,False,False,True,5,8.579504144590091,1.388159528,,,,,"[{'message': 'Amazing Value', 'qualifier': 'Based on price, view, seat quality and more', 'hasValue': True, 'messageType': 'ValueBased'}, {'message': 'Popular Pick', 'qualifier': '52 tickets sold for this event', 'hasValue': True, 'messageType': 'BoughtInLastHourSocialProofBased'}]",[],,,,,,"¥4,336,870",49.0,"¥2,134,223",,,,,,,,,,
13364211724,153020449,318,122911,318,2,5,16_16,16,16,16,False,False,1,,False,False,[1],407,Upper,1,True,"[{'listingNoteId': -1, 'listingNoteContentId': 3338094, 'formattedListingNoteContent': 'Clear view', 'listingNoteTypeId': 3, 'showToBuyer': True, 'hideInMock': False, 'siteAddedListingNote': False, 'aisleListingNoteWithSplit': False, 'listingNoteDescriptionContentId': 3338095, 'formattedListingNoteDescription': ""You'll have an unrestricted view of the show.""}]","[{'listingNoteBucketId': 27, 'formattedListingNoteContent': 'Clear view', 'displayOrder': 8, 'showsRawNoteText': True, 'sourceListingNoteId': -1}]",703896,False,False,Row 5,False,2228108,"¥2,228,108","¥2,228,108",10,Mobile Transfer ticket,3,1,USD,JPY,,USD,"https://img.vggcdn.net/img/vfsimage2/812551/407_122911/0.jpg?im=Resize=(500,271)&v=771",2 days ago,6,False,False,False,False,ILFzjXElhDdaRPjqrdnoZ7jzkh74MOvwiCJAfRTkTPc%3d,False,2026-07-15T21:27:47.2830000Z,False,False,False,False,False,False,0,False,False,False,False,False,0,False,False,0,13364211724,False,A3BE06CF-6767-497D-B288-6B81FDCEED0B,False,False,True,3,6.048038278922268,0.9637732843,,,,,"[{'message': 'Popular Pick', 'qualifier': '52 tickets sold for this event', 'hasValue': True, 'messageType': 'BoughtInLastHourSocialProofBased'}]",[],,,,Last ticket,True,,,,,,,,,,,,,
13375642950,153020449,Argentina Supporters,2449432,Argentina Supporters,3,,_,,,,False,False,2,,False,False,"[1, 2]",36868,Argentina Supporters,2,True,"[{'listingNoteId': -1, 'listingNoteContentId': 3338094, 'formattedListingNoteContent': 'Clear view', 'listingNoteTypeId': 3, 'showToBuyer': True, 'hideInMock': False, 'siteAddedListingNote': False, 'aisleListingNoteWithSplit': False, 'listingNoteDescriptionContentId': 3338095, 'formattedListingNoteDescription': ""You'll have an unrestricted view of the show.""}]","[{'listingNoteBucketId': 27, 'formattedListingNoteContent': 'Clear view', 'displayOrder': 8, 'showsRawNoteText': True, 'sourceListingNoteId': -1}]",4849984,False,False,Row,True,2230626,"¥2,230,626","¥2,230,626",10,Mobile Transfer ticket,3,1,EUR,JPY,1000.0,EUR,"https://img.vggcdn.net/img/vfsimage2/812551/36868_2449432/0.jpg?im=Resize=(500,271)&v=771",yesterday,0,False,False,True,True,R3Ot6TLQGRnNyQ0I%2bawptbpUuL7C2FIeDnOAA74O7Wc%3d,False,2026-07-16T19:32:05.2900000Z,False,False,False,False,False,False,0,False,False,False,False,False,0,False,False,0,13375642950,False,3FB2DF7F-5F71-4F38-A83C-B4B26509ED6D,False,False,True,0,,,,,,,"[{'message': 'Popular Pick', 'qualifier': '52 tickets sold for this event', 'hasValue': True, 'messageType': 'BoughtInLastHourSocialProofBased'}]",[],,,,Last tickets,True,,,,,,,,,,,,,
13365113405,153020449,149,122812,149,2,9,12_12,,,12,False,False,1,,False,False,[1],594,Lower,1,True,"[{'listingNoteId': -1, 'listingNoteContentId': 3338094, 'formattedListingNoteContent': 'Clear view', 'listingNoteTypeId': 3, 'showToBuyer': True, 'hideInMock': False, 'siteAddedListingNote': False, 'aisleListingNoteWithSplit': False, 'listingNoteDescriptionContentId': 3338095, 'formattedListingNoteDescription': ""You'll have an unrestricted view of the show.""}]","[{'listingNoteBucketId': 27, 'formattedListingNoteContent': 'Clear view', 'displayOrder': 8, 'showsRawNoteText': True, 'sourceListingNoteId': -1}]",2113374,False,False,Row 9,False,2232017,"¥2,232,017","¥2,232,017",10,Mobile Transfer ticket,3,1,USD,JPY,0.01,USD,"https://img.vggcdn.net/img/vfsimage2/812551/594_122812/0.jpg?im=Resize=(500,271)&v=771",2 days ago,9,False,False,False,False,ygBliUckI%2fDYa8GfqEj9jAqELmDokr8I9Im0S%2byt%2fqQ%3d,False,2026-07-15T23:49:53.4970000Z,False,False,False,False,False,False,0,False,False,False,False,False,0,False,False,0,13365113405,False,EFEAB93A-AA06-4FB9-9F86-ED937079E2FC,False,False,True,5,8.784535081758325,1.492227076,,,,,"[{'message': 'Amazing Value', 'qualifier': 'Based on price, view, seat quality and more', 'hasValue': True, 'messageType': 'ValueBased'}, {'message': 'Popular Pick', 'qualifier': '52 tickets sold for this event', 'hasValue': True, 'messageType': 'BoughtInLastHourSocialProofBased'}]",[],,,,,,"¥3,013,788",26.0,"¥781,771",,,,,,,,,,
13391863364,153020449,101,122782,101,2,15,_,,,,False,False,4,,False,False,"[1, 2, 4]",594,Lower,4,True,"[{'listingNoteId': -1, 'listingNoteContentId': 3338094, 'formattedListingNoteContent': 'Clear view', 'listingNoteTypeId': 3, 'showToBuyer': True, 'hideInMock': False, 'siteAddedListingNote': False, 'aisleListingNoteWithSplit': False, 'listingNoteDescriptionContentId': 3338095, 'formattedListingNoteDescription': ""You'll have an unrestricted view of the show.""}]","[{'listingNoteBucketId': 27, 'formattedListingNoteContent': 'Clear view', 'displayOrder': 8, 'showsRawNoteText': True, 'sourceListingNoteId': -1}]",2112069,False,False,Row 15,False,2233609,"¥2,233,609","¥2,233,609",10,Mobile Transfer ticket,3,1,USD,JPY,10990.0,USD,"https://img.vggcdn.net/img/vfsimage2/812551/594_122782/0.jpg?im=Resize=(500,271)&v=771",19 minutes ago,9,False,False,False,False,Jq%2bVDUcdk0mVz80C5thebGZy1u2e64korvtRVRBq5Ys%3d,False,2026-07-18T16:54:45.7030000Z,False,False,False,False,False,False,0,False,False,False,False,False,0,False,False,0,13391863364,False,BA55DF28-3167-4FA4-9DCD-C0D6A15381D1,False,False,True,5,8.62574394935766,1.426116576,,,,,"[{'message': 'Amazing Value', 'qualifier': 'Based on price, view, seat quality and more', 'hasValue': True, 'messageType': 'ValueBased'}, {'message': 'Popular Pick', 'qualifier': '52 tickets sold for this event', 'hasValue': True, 'messageType': 'BoughtInLastHourSocialProofBased'}]",[],,,,,,,,,,,,,,,,,,
13391765679,153020449,101,122782,101,2,14,_,,,,False,False,4,,False,False,"[1, 2, 4]",594,Lower,4,True,"[{'listingNoteId': -1, 'listingNoteContentId': 3338094, 'formattedListingNoteContent': 'Clear view', 'listingNoteTypeId': 3, 'showToBuyer': True, 'hideInMock': False, 'siteAddedListingNote': False, 'aisleListingNoteWithSplit': False, 'listingNoteDescriptionContentId': 3338095, 'formattedListingNoteDescription': ""You'll have an unrestricted view of the show.""}]","[{'listingNoteBucketId': 27, 'formattedListingNoteContent': 'Clear view', 'displayOrder': 8, 'showsRawNoteText': True, 'sourceListingNoteId': -1}]",2112068,False,False,Row 14,False,2236475,"¥2,236,475","¥2,236,475",10,Mobile Transfer ticket,3,1,USD,JPY,10990.0,USD,"https://img.vggcdn.net/img/vfsimage2/812551/594_122782/0.jpg?im=Resize=(500,271)&v=771",43 minutes ago,9,False,False,False,False,CfZCJi9aHelKg1coOnMR2%2blelSbam%2bOYmhOx7CKRVmg%3d,False,2026-07-18T16:30:37.6500000Z,False,False,False,False,False,False,0,False,False,False,False,False,0,False,False,0,13391765679,False,4195C50D-531C-41C0-A88D-74D39FF81D02,False,False,True,5,8.669899560326794,1.446035113,,,,,"[{'message': 'Amazing Value', 'qualifier': 'Based on price, view, seat quality and more', 'hasValue': True, 'messageType': 'ValueBased'}, {'message': 'Popular Pick', 'qualifier': '52 tickets sold for this event', 'hasValue': True, 'messageType': 'BoughtInLastHourSocialProofBased'}]",[],,,,,,,,,,,,,,,,,,
13391765725,153020449,124,122796,124,2,11,_,,,,False,False,4,,False,False,"[1, 2, 4]",594,Lower,4,True,"[{'listingNoteId': -1, 'listingNoteContentId': 3338094, 'formattedListingNoteContent': 'Clear view', 'listingNoteTypeId': 3, 'showToBuyer': True, 'hideInMock': False, 'siteAddedListingNote': False, 'aisleListingNoteWithSplit': False, 'listingNoteDescriptionContentId': 3338095, 'formattedListingNoteDescription': ""You'll have an unrestricted view of the show.""}]","[{'listingNoteBucketId': 27, 'formattedListingNoteContent': 'Clear view', 'displayOrder': 8, 'showsRawNoteText': True, 'sourceListingNoteId': -1}]",2112718,False,False,Row 11,False,2242206,"¥2,242,206","¥2,242,206",10,Mobile Transfer ticket,3,1,USD,JPY,10990.0,USD,"https://img.vggcdn.net/img/vfsimage2/812551/594_122796/0.jpg?im=Resize=(500,271)&v=771",43 minutes ago,9,False,False,False,False,GiOeFXeLYzBa0Be337kssVmVQL6momYRG2E%2b51rlcxU%3d,False,2026-07-18T16:30:38.1800000Z,False,False,False,False,False,False,0,False,False,False,False,False,0,False,False,0,13391765725,False,252A0C83-E9B6-4AF2-A60D-D04EF1A85AD6,False,False,True,5,8.682037000711757,1.454807154,,,,,"[{'message': 'Amazing Value', 'qualifier': 'Based on price, view, seat quality and more', 'hasValue': True, 'messageType': 'ValueBased'}, {'message': 'Popular Pick', 'qualifier': '50 tickets sold for this event', 'hasValue': True, 'messageType': 'BoughtInLastHourSocialProofBased'}]",[],,,,,,,,,,,,,,,,,,
13388041481,153020449,108,122786,108,2,17,3_4,,,3,False,False,2,,False,False,"[1, 2]",594,Lower,2,True,"[{'listingNoteId': 814, 'listingNoteContentId': 2446060, 'formattedListingNoteContent': 'Limited or Obstructed View (printed on ticket)', 'listingNoteTypeId': 1, 'showToBuyer': True, 'hideInMock': False, 'siteAddedListingNote': False, 'aisleListingNoteWithSplit': False, 'listingNoteDescriptionContentId': 2446061, 'formattedListingNoteDescription': 'Limited or Obstructed View (printed on ticket)'}]","[{'listingNoteBucketId': 21, 'formattedListingNoteContent': 'Limited view', 'displayOrder': 21, 'showsRawNoteText': False}]",2112260,False,False,Row 17,False,2242339,"¥2,242,339","¥2,242,339",10,Mobile Transfer ticket,3,1,USD,JPY,5750.0,USD,"https://img.vggcdn.net/img/vfsimage2/812551/594_122786/0.jpg?im=Resize=(500,271)&v=771",15 hours ago,9,False,False,False,False,B9X88KJ%2fZY%2fDD4V%2bfHQNoqSmMFcgfqLr2o2mAE%2b1nFc%3d,False,2026-07-18T01:47:13.3900000Z,False,False,False,False,False,False,0,False,False,False,False,False,0,False,False,0,13388041481,False,3DFFC528-95D1-424F-93AD-541C2DD396A5,False,False,True,5,8.758505214254374,1.487642753,,,,,"[{'message': 'Amazing Value', 'qualifier': 'Based on price, view, seat quality and more', 'hasValue': True, 'messageType': 'ValueBased'}, {'message': 'Popular Pick', 'qualifier': '50 tickets sold for this event', 'hasValue': True, 'messageType': 'BoughtInLastHourSocialProofBased'}]",[],,,,,,"¥3,145,337",29.0,"¥902,998",,,,,,,,,,
13387907722,153020449,118,122793,118,2,19,15_16,,,15,False,False,2,,False,False,"[1, 2]",594,Lower,2,True,"[{'listingNoteId': -1, 'listingNoteContentId': 3338094, 'formattedListingNoteContent': 'Clear view', 'listingNoteTypeId': 3, 'showToBuyer': True, 'hideInMock': False, 'siteAddedListingNote': False, 'aisleListingNoteWithSplit': False, 'listingNoteDescriptionContentId': 3338095, 'formattedListingNoteDescription': ""You'll have an unrestricted view of the show.""}]","[{'listingNoteBucketId': 27, 'formattedListingNoteContent': 'Clear view', 'displayOrder': 8, 'showsRawNoteText': True, 'sourceListingNoteId': -1}]",2112595,False,False,Row 19,False,2246238,"¥2,246,238","¥2,246,238",10,Mobile Transfer ticket,3,1,USD,JPY,10990.0,USD,"https://img.vggcdn.net/img/vfsimage2/812551/594_122793/0.jpg?im=Resize=(500,271)&v=771",15 hours ago,9,False,False,False,False,fZiiHeeKS4DnlHbFNnyiLmWFXe4OlUp%2fR7eUEvSK6cQ%3d,False,2026-07-18T01:21:16.6300000Z,False,False,False,False,False,False,0,False,False,False,False,False,0,False,False,0,13387907722,False,FE85D113-35F7-4692-80F3-72C2D0EBD22C,False,False,True,5,8.863223931433353,1.537628256,,,,,"[{'message': 'Amazing Value', 'qualifier': 'Based on price, view, seat quality and more', 'hasValue': True, 'messageType': 'ValueBased'}, {'message': 'Popular Pick', 'qualifier': '50 tickets sold for this event', 'hasValue': True, 'messageType': 'BoughtInLastHourSocialProofBased'}]",[],,,,,,"¥2,890,021",22.0,"¥643,783",,,,,,,,,,
13391863362,153020449,126,122797,126,2,27,_,,,,False,False,4,,False,False,"[1, 2, 4]",594,Lower,4,True,"[{'listingNoteId': -1, 'listingNoteContentId': 3338094, 'formattedListingNoteContent': 'Clear view', 'listingNoteTypeId': 3, 'showToBuyer': True, 'hideInMock': False, 'siteAddedListingNote': False, 'aisleListingNoteWithSplit': False, 'listingNoteDescriptionContentId': 3338095, 'formattedListingNoteDescription': ""You'll have an unrestricted view of the show.""}]","[{'listingNoteBucketId': 27, 'formattedListingNoteContent': 'Clear view', 'displayOrder': 8, 'showsRawNoteText': True, 'sourceListingNoteId': -1}]",2112784,False,False,Row 27,False,2259885,"¥2,259,885","¥2,259,885",10,Mobile Transfer ticket,3,1,USD,JPY,10990.0,USD,"https://img.vggcdn.net/img/vfsimage2/812551/594_122797/0.jpg?im=Resize=(500,271)&v=771",19 minutes ago,8,False,False,False,False,i4C%2baKNdT7lLXngqp3zb2kudvm25zfXY8sK4NUN%2bZTc%3d,False,2026-07-18T16:54:45.6900000Z,False,False,False,False,False,False,0,False,False,False,False,False,0,False,False,0,13391863362,False,9E7E6645-F8D7-426F-8954-A045A599E59A,False,False,True,4,8.239314400737383,1.331059867,,,,,"[{'message': 'Great Value', 'qualifier': 'Based on price, view, seat quality and more', 'hasValue': True, 'messageType': 'ValueBased'}, {'message': 'Popular Pick', 'qualifier': '50 tickets sold for this event', 'hasValue': True, 'messageType': 'BoughtInLastHourSocialProofBased'}]",[],,,,,,,,,,,,,,,,,,
13382821612,153020449,128,122798,128,2,28,_,,,,False,False,1,,False,False,[1],594,Lower,1,True,"[{'listingNoteId': 165, 'listingNoteContentId': 2444685, 'formattedListingNoteContent': 'Preferred Seating', 'listingNoteTypeId': 3, 'showToBuyer': True, 'hideInMock': False, 'siteAddedListingNote': False, 'aisleListingNoteWithSplit': False, 'listingNoteDescriptionContentId': 2444686, 'formattedListingNoteDescription': 'Preferred Seating'}, {'listingNoteId': -1, 'listingNoteContentId': 3338094, 'formattedListingNoteContent': 'Clear view', 'listingNoteTypeId': 3, 'showToBuyer': True, 'hideInMock': False, 'siteAddedListingNote': False, 'aisleListingNoteWithSplit': False, 'listingNoteDescriptionContentId': 3338095, 'formattedListingNoteDescription': ""You'll have an unrestricted view of the show.""}]","[{'listingNoteBucketId': 11, 'formattedListingNoteContent': 'Preferred Seating', 'displayOrder': 11, 'showsRawNoteText': True, 'sourceListingNoteId': 165}, {'listingNoteBucketId': 27, 'formattedListingNoteContent': 'Clear view', 'displayOrder': 8, 'showsRawNoteText': True, 'sourceListingNoteId': -1}]",2112833,False,False,Row 28,False,2267293,"¥2,267,293","¥2,267,293",10,Mobile Transfer ticket,3,1,USD,JPY,0.0,USD,"https://img.vggcdn.net/img/vfsimage2/812551/594_122798/0.jpg?im=Resize=(500,271)&v=771",yesterday,8,False,False,False,False,SoL2z%2bPtc%2fMR%2b9tLgP0%2bqUGVT9DEtlm%2fY%2fB4rit0SVU%3d,False,2026-07-17T13:14:29.4930000Z,False,False,False,False,False,False,0,False,False,False,False,False,0,False,False,0,13382821612,False,F3AEB364-1F33-45D6-903F-0846DB5D2902,False,False,True,4,8.23108617923094,1.333546366,,,,,"[{'message': 'Great Value', 'qualifier': 'Based on price, view, seat quality and more', 'hasValue': True, 'messageType': 'ValueBased'}, {'message': 'Popular Pick', 'qualifier': '50 tickets sold for this event', 'hasValue': True, 'messageType': 'BoughtInLastHourSocialProofBased'}]",[],,,,,,,,,,,,,,,,,,
13384822875,153020449,121,122794,121,2,36,26_26,26,26,26,False,False,1,,False,False,[1],594,Lower,1,True,"[{'listingNoteId': -1, 'listingNoteContentId': 3338094, 'formattedListingNoteContent': 'Clear view', 'listingNoteTypeId': 3, 'showToBuyer': True, 'hideInMock': False, 'siteAddedListingNote': False, 'aisleListingNoteWithSplit': False, 'listingNoteDescriptionContentId': 3338095, 'formattedListingNoteDescription': ""You'll have an unrestricted view of the show.""}]","[{'listingNoteBucketId': 27, 'formattedListingNoteContent': 'Clear view', 'displayOrder': 8, 'showsRawNoteText': True, 'sourceListingNoteId': -1}]",2112649,False,False,Row 36,False,2268657,"¥2,268,657","¥2,268,657",10,Mobile Transfer ticket,3,1,USD,JPY,,USD,"https://img.vggcdn.net/img/vfsimage2/812551/594_122794/0.jpg?im=Resize=(500,271)&v=771",23 hours ago,7,False,False,False,False,ILFzjXElhDdaRPjqrdnoZ7jzkh74MOvwiCJAfRTkTPc%3d,False,2026-07-17T17:59:42.0370000Z,False,False,False,False,False,False,0,False,False,False,False,False,0,False,False,0,13384822875,False,7976D322-E4F0-4193-9BAF-F90CC9F7B1E1,False,False,True,3,6.758257881952716,1.068945931,,,,,"[{'message': 'Popular Pick', 'qualifier': '50 tickets sold for this event', 'hasValue': True, 'messageType': 'BoughtInLastHourSocialProofBased'}]",[],,,,,,,,,,,,,,,,,,
13276563142,153020449,329,122922,329,2,26,30_30,30,30,30,False,False,1,,False,False,[1],407,Upper,1,True,"[{'listingNoteId': -1, 'listingNoteContentId': 3338094, 'formattedListingNoteContent': 'Clear view', 'listingNoteTypeId': 3, 'showToBuyer': True, 'hideInMock': False, 'siteAddedListingNote': False, 'aisleListingNoteWithSplit': False, 'listingNoteDescriptionContentId': 3338095, 'formattedListingNoteDescription': ""You'll have an unrestricted view of the show.""}]","[{'listingNoteBucketId': 27, 'formattedListingNoteContent': 'Clear view', 'displayOrder': 8, 'showsRawNoteText': True, 'sourceListingNoteId': -1}]",2113899,False,False,Row 26,False,2268657,"¥2,268,657","¥2,268,657",10,Mobile Transfer ticket,3,1,USD,JPY,,USD,"https://img.vggcdn.net/img/vfsimage2/812551/407_122922/0.jpg?im=Resize=(500,271)&v=771",10 days ago,4,False,False,False,False,ILFzjXElhDdaRPjqrdnoZ7jzkh74MOvwiCJAfRTkTPc%3d,False,2026-07-07T21:16:45.1600000Z,False,False,False,False,False,False,0,False,False,False,False,False,0,False,False,0,13276563142,False,8D0A6C97-E54D-46CF-9266-864021563FCC,False,False,True,2,3.7128470485298797,0.7188976532,,,,,"[{'message': 'Popular Pick', 'qualifier': '50 tickets sold for this event', 'hasValue': True, 'messageType': 'BoughtInLastHourSocialProofBased'}]",[],,,,,,,,,,,,,,,,,,
13388297533,153020449,126,122797,126,2,26,_,,,,False,False,4,,False,False,"[1, 2, 4]",594,Lower,4,True,"[{'listingNoteId': -1, 'listingNoteContentId': 3338094, 'formattedListingNoteContent': 'Clear view', 'listingNoteTypeId': 3, 'showToBuyer': True, 'hideInMock': False, 'siteAddedListingNote': False, 'aisleListingNoteWithSplit': False, 'listingNoteDescriptionContentId': 3338095, 'formattedListingNoteDescription': ""You'll have an unrestricted view of the show.""}]","[{'listingNoteBucketId': 27, 'formattedListingNoteContent': 'Clear view', 'displayOrder': 8, 'showsRawNoteText': True, 'sourceListingNoteId': -1}]",2112783,False,False,Row 26,False,2269632,"¥2,269,632","¥2,269,632",10,Mobile Transfer ticket,3,1,USD,JPY,10990.0,USD,"https://img.vggcdn.net/img/vfsimage2/812551/594_122797/0.jpg?im=Resize=(500,271)&v=771",14 hours ago,8,False,False,False,False,igcXDdgJS%2bPJzSPU9oKQJtSQg2r%2fZSy7Nsgo2wDDBuY%3d,False,2026-07-18T02:54:37.5670000Z,False,False,False,False,False,False,0,False,False,False,False,False,0,False,False,0,13388297533,False,40925FD4-BD94-4261-9F2D-DEB7A78E3D5B,False,False,True,4,8.289615503017329,1.348407182,,,,,"[{'message': 'Great Value', 'qualifier': 'Based on price, view, seat quality and more', 'hasValue': True, 'messageType': 'ValueBased'}, {'message': 'Popular Pick', 'qualifier': '50 tickets sold for this event', 'hasValue': True, 'messageType': 'BoughtInLastHourSocialProofBased'}]",[],,,,,,,,,,,,,,,,,,
13387903270,153020449,118,122793,118,2,14,4_4,4,4,4,False,False,1,,False,False,[1],594,Lower,1,True,"[{'listingNoteId': 814, 'listingNoteContentId': 2446060, 'formattedListingNoteContent': 'Limited or Obstructed View (printed on ticket)', 'listingNoteTypeId': 1, 'showToBuyer': True, 'hideInMock': False, 'siteAddedListingNote': False, 'aisleListingNoteWithSplit': False, 'listingNoteDescriptionContentId': 2446061, 'formattedListingNoteDescription': 'Limited or Obstructed View (printed on ticket)'}]","[{'listingNoteBucketId': 21, 'formattedListingNoteContent': 'Limited view', 'displayOrder': 21, 'showsRawNoteText': False}]",2112590,False,False,Row 14,False,2272556,"¥2,272,556","¥2,272,556",10,Mobile Transfer ticket,3,1,USD,JPY,0.0,USD,"https://img.vggcdn.net/img/vfsimage2/812551/594_122793/0.jpg?im=Resize=(500,271)&v=771",15 hours ago,9,False,False,False,False,Wd9rEjmlbvoKio4w9i1m1G%2bGZtTV5UX8VKDl%2b2Jf9Ik%3d,False,2026-07-18T01:20:39.6100000Z,False,False,False,False,False,False,0,False,False,False,False,False,0,False,False,0,13387903270,False,1FB10EB1-8F75-45BD-B9F6-2163688A2694,False,False,True,5,9.017813022098267,1.63228883,,,,,"[{'message': 'Amazing Value', 'qualifier': 'Based on price, view, seat quality and more', 'hasValue': True, 'messageType': 'ValueBased'}, {'message': 'Popular Pick', 'qualifier': '50 tickets sold for this event', 'hasValue': True, 'messageType': 'BoughtInLastHourSocialProofBased'}]",[],,,,,,"¥3,980,731",43.0,"¥1,708,175",,,,,,,,,,
13285866325,153020449,323,122916,323,2,5,19_19,19,19,19,False,False,1,,False,False,[1],407,Upper,1,True,"[{'listingNoteId': 811, 'listingNoteContentId': 2446054, 'formattedListingNoteContent': 'Actual 1st row of the section', 'listingNoteTypeId': 3, 'showToBuyer': True, 'hideInMock': False, 'siteAddedListingNote': False, 'aisleListingNoteWithSplit': False, 'listingNoteDescriptionContentId': 2446055, 'formattedListingNoteDescription': 'Actual 1st row of the section'}, {'listingNoteId': -1, 'listingNoteContentId': 3338094, 'formattedListingNoteContent': 'Clear view', 'listingNoteTypeId': 3, 'showToBuyer': True, 'hideInMock': False, 'siteAddedListingNote': False, 'aisleListingNoteWithSplit': False, 'listingNoteDescriptionContentId': 3338095, 'formattedListingNoteDescription': ""You'll have an unrestricted view of the show.""}]","[{'listingNoteBucketId': 0, 'formattedListingNoteContent': 'Actual 1st row of the section', 'displayOrder': 30, 'showsRawNoteText': True, 'sourceListingNoteId': 811}, {'listingNoteBucketId': 27, 'formattedListingNoteContent': 'Clear view', 'displayOrder': 8, 'showsRawNoteText': True, 'sourceListingNoteId': -1}]",2113770,False,False,Row 5,False,2281153,"¥2,281,153","¥2,281,153",10,Mobile Transfer ticket,3,1,USD,JPY,,USD,"https://img.vggcdn.net/img/vfsimage2/812551/407_122916/0.jpg?im=Resize=(500,271)&v=771",10 days ago,4,False,False,False,False,87dPHZm%2baJOkesQSkmhNg3KyKaQn3Fqud5h7dPC67FM%3d,False,2026-07-08T14:20:34.4970000Z,False,False,False,False,False,False,0,False,False,False,False,False,0,False,False,0,13285866325,False,3FF7D938-7DF3-4820-8D0D-E38856A7D0F0,False,False,True,2,4.410991169639704,0.8004422494,,,,,"[{'message': 'Popular Pick', 'qualifier': '50 tickets sold for this event', 'hasValue': True, 'messageType': 'BoughtInLastHourSocialProofBased'}, {'message': 'Front Row', 'qualifier': 'Best seats in the house', 'hasValue': True, 'messageType': 'FirstRowTicketAttributeBased'}]",[811],,,,Last ticket,True,,,,,,,,,,,,,
13371549949,153020449,103,122783,103,2,42,26_26,26,26,26,False,False,1,,False,False,[1],594,Lower,1,True,"[{'listingNoteId': -1, 'listingNoteContentId': 3338094, 'formattedListingNoteContent': 'Clear view', 'listingNoteTypeId': 3, 'showToBuyer': True, 'hideInMock': False, 'siteAddedListingNote': False, 'aisleListingNoteWithSplit': False, 'listingNoteDescriptionContentId': 3338095, 'formattedListingNoteDescription': ""You'll have an unrestricted view of the show.""}]","[{'listingNoteBucketId': 27, 'formattedListingNoteContent': 'Clear view', 'displayOrder': 8, 'showsRawNoteText': True, 'sourceListingNoteId': -1}]",2112146,False,False,Row 42,False,2297899,"¥2,297,899","¥2,297,899",10,Mobile Transfer ticket,3,1,USD,JPY,43960.0,USD,"https://img.vggcdn.net/img/vfsimage2/812551/594_122783/0.jpg?im=Resize=(500,271)&v=771",2 days ago,6,False,False,False,False,lsJ%2fwRSPOBxfn5NX8E1DeO%2ffcNQoN8EfpS3nzezqBJY%3d,False,2026-07-16T12:05:13.9130000Z,False,False,False,False,False,False,0,False,False,False,False,False,0,False,False,0,13371549949,False,0E8C680C-A1DC-4BBF-B015-BECEE0BF4EBA,False,False,True,3,5.77552368090624,0.9636554046,,,,,"[{'message': 'Popular Pick', 'qualifier': '50 tickets sold for this event', 'hasValue': True, 'messageType': 'BoughtInLastHourSocialProofBased'}]",[],Fan favorite,This section is in the top 10% of sections for this event when ranked based on a count of successful sales over the past 7 days on our site,True,,,,,,,,,,,,,,,
13383685186,153020449,104,122784,104,2,22,19_19,19,19,19,False,False,1,,False,False,[1],594,Lower,1,True,"[{'listingNoteId': -1, 'listingNoteContentId': 3338094, 'formattedListingNoteContent': 'Clear view', 'listingNoteTypeId': 3, 'showToBuyer': True, 'hideInMock': False, 'siteAddedListingNote': False, 'aisleListingNoteWithSplit': False, 'listingNoteDescriptionContentId': 3338095, 'formattedListingNoteDescription': ""You'll have an unrestricted view of the show.""}]","[{'listingNoteBucketId': 27, 'formattedListingNoteContent': 'Clear view', 'displayOrder': 8, 'showsRawNoteText': True, 'sourceListingNoteId': -1}]",2112173,False,False,Row 22,False,2298874,"¥2,298,874","¥2,298,874",10,Mobile Transfer ticket,3,1,USD,JPY,,USD,"https://img.vggcdn.net/img/vfsimage2/812551/594_122784/0.jpg?im=Resize=(500,271)&v=771",yesterday,8,False,False,False,False,vwnRWULrZ6y8P%2fram2maD8pEuvdsXeSBSZvnzfnaXtw%3d,False,2026-07-17T15:39:16.9800000Z,False,False,False,False,False,False,0,False,False,False,False,False,0,False,False,0,13383685186,False,7DBEB614-6585-4A59-AE87-85083B92B53F,False,False,True,4,7.962449371446101,1.292788402,,,,,"[{'message': 'Great Value', 'qualifier': 'Based on price, view, seat quality and more', 'hasValue': True, 'messageType': 'ValueBased'}, {'message': 'Popular Pick', 'qualifier': '50 tickets sold for this event', 'hasValue': True, 'messageType': 'BoughtInLastHourSocialProofBased'}]",[],Fan favorite,This section is in the top 10% of sections for this event when ranked based on a count of successful sales over the past 7 days on our site,True,Last ticket,True,,,,,,,,,,,,,
13391758120,153020449,124,122796,124,2,9,19_21,,,19,False,False,3,,False,False,"[1, 3]",594,Lower,3,True,"[{'listingNoteId': -1, 'listingNoteContentId': 3338094, 'formattedListingNoteContent': 'Clear view', 'listingNoteTypeId': 3, 'showToBuyer': True, 'hideInMock': False, 'siteAddedListingNote': False, 'aisleListingNoteWithSplit': False, 'listingNoteDescriptionContentId': 3338095, 'formattedListingNoteDescription': ""You'll have an unrestricted view of the show.""}]","[{'listingNoteBucketId': 27, 'formattedListingNoteContent': 'Clear view', 'displayOrder': 8, 'showsRawNoteText': True, 'sourceListingNoteId': -1}]",2112764,False,False,Row 9,False,2303533,"¥2,303,533","¥2,303,533",10,Mobile Transfer ticket,3,1,USD,JPY,10990.0,USD,"https://img.vggcdn.net/img/vfsimage2/812551/594_122796/0.jpg?im=Resize=(500,271)&v=771",46 minutes ago,9,False,False,False,False,J%2bZF5ah1HhHTPzMgm%2bVcEl3YowX5gGW4w2MzuReXLfA%3d,False,2026-07-18T16:28:19.5030000Z,False,False,False,False,False,False,0,False,False,False,False,False,0,False,False,0,13391758120,False,3AD92AE4-1320-45DB-A242-15EAFA1FA13A,False,False,True,5,8.6678096763259,1.488509206,,,,,"[{'message': 'Amazing Value', 'qualifier': 'Based on price, view, seat quality and more', 'hasValue': True, 'messageType': 'ValueBased'}, {'message': 'Popular Pick', 'qualifier': '50 tickets sold for this event', 'hasValue': True, 'messageType': 'BoughtInLastHourSocialProofBased'}]",[],,,,,,,,,,,,,,,,,,
13391871614,153020449,124,122796,124,2,8,15_18,,,15,False,False,4,,False,False,"[1, 2, 3, 4]",594,Lower,4,True,"[{'listingNoteId': -1, 'listingNoteContentId': 3338094, 'formattedListingNoteContent': 'Clear view', 'listingNoteTypeId': 3, 'showToBuyer': True, 'hideInMock': False, 'siteAddedListingNote': False, 'aisleListingNoteWithSplit': False, 'listingNoteDescriptionContentId': 3338095, 'formattedListingNoteDescription': ""You'll have an unrestricted view of the show.""}]","[{'listingNoteBucketId': 27, 'formattedListingNoteContent': 'Clear view', 'displayOrder': 8, 'showsRawNoteText': True, 'sourceListingNoteId': -1}]",2112763,False,False,Row 8,False,2303533,"¥2,303,533","¥2,303,533",10,Mobile Transfer ticket,3,1,USD,JPY,10990.0,USD,"https://img.vggcdn.net/img/vfsimage2/812551/594_122796/0.jpg?im=Resize=(500,271)&v=771",17 minutes ago,9,False,False,False,False,J%2bZF5ah1HhHTPzMgm%2bVcEl3YowX5gGW4w2MzuReXLfA%3d,False,2026-07-18T16:57:17.6900000Z,False,False,False,False,False,False,0,False,False,False,False,False,0,False,False,0,13391871614,False,7947AC21-A736-444A-929D-614C841BDF30,False,False,True,5,8.707484123980969,1.505636007,,,,,"[{'message': 'Amazing Value', 'qualifier': 'Based on price, view, seat quality and more', 'hasValue': True, 'messageType': 'ValueBased'}, {'message': 'Popular Pick', 'qualifier': '50 tickets sold for this event', 'hasValue': True, 'messageType': 'BoughtInLastHourSocialProofBased'}]",[],,,,,,,,,,,,,,,,,,
13388059882,153020449,109,122787,109,2,27,_,,,,False,False,1,,False,False,[1],594,Lower,1,True,"[{'listingNoteId': -1, 'listingNoteContentId': 3338094, 'formattedListingNoteContent': 'Clear view', 'listingNoteTypeId': 3, 'showToBuyer': True, 'hideInMock': False, 'siteAddedListingNote': False, 'aisleListingNoteWithSplit': False, 'listingNoteDescriptionContentId': 3338095, 'formattedListingNoteDescription': ""You'll have an unrestricted view of the show.""}]","[{'listingNoteBucketId': 27, 'formattedListingNoteContent': 'Clear view', 'displayOrder': 8, 'showsRawNoteText': True, 'sourceListingNoteId': -1}]",2112305,False,False,Row 27,False,2329578,"¥2,329,578","¥2,329,578",10,Mobile Transfer ticket,3,1,USD,JPY,14500.0,USD,"https://img.vggcdn.net/img/vfsimage2/812551/594_122787/0.jpg?im=Resize=(500,271)&v=771",15 hours ago,8,False,False,False,False,3%2bhMx7RadT58AC2PPB8Go7C6BExCEhxX2P601s2ytfQ%3d,False,2026-07-18T01:52:32.0070000Z,False,False,False,False,False,False,0,False,False,False,False,False,0,False,False,0,13388059882,False,ADDAABB5-EE15-4AF3-88A9-A2868BCB2AFA,False,False,True,4,7.789834583344116,1.274130508,,,,,"[{'message': 'Great Value', 'qualifier': 'Based on price, view, seat quality and more', 'hasValue': True, 'messageType': 'ValueBased'}, {'message': 'Popular Pick', 'qualifier': '50 tickets sold for this event', 'hasValue': True, 'messageType': 'BoughtInLastHourSocialProofBased'}]",[],,,,,,,,,,,,,,,,,,
13365488418,153020449,146,122810,146,2,34,18_18,18,18,18,False,False,1,,False,False,[1],594,Lower,1,True,"[{'listingNoteId': -1, 'listingNoteContentId': 3338094, 'formattedListingNoteContent': 'Clear view', 'listingNoteTypeId': 3, 'showToBuyer': True, 'hideInMock': False, 'siteAddedListingNote': False, 'aisleListingNoteWithSplit': False, 'listingNoteDescriptionContentId': 3338095, 'formattedListingNoteDescription': ""You'll have an unrestricted view of the show.""}]","[{'listingNoteBucketId': 27, 'formattedListingNoteContent': 'Clear view', 'displayOrder': 8, 'showsRawNoteText': True, 'sourceListingNoteId': -1}]",2113257,False,False,Row 34,False,2351510,"¥2,351,510","¥2,351,510",10,Mobile Transfer ticket,3,1,USD,JPY,12000.0,USD,"https://img.vggcdn.net/img/vfsimage2/812551/594_122810/0.jpg?im=Resize=(500,271)&v=771",2 days ago,6,False,False,False,False,XTsnrY95mjR%2fIuE0VqVdCHJQAbsKymHR%2bdPc6rh572c%3d,False,2026-07-16T01:01:42.1270000Z,False,False,False,False,False,False,0,False,False,False,False,False,0,False,False,0,13365488418,False,6A415B50-5946-46EA-A3E2-2515F5AEFA0E,False,False,True,3,6.399270218742712,1.060140837,,,,,"[{'message': 'Popular Pick', 'qualifier': '50 tickets sold for this event', 'hasValue': True, 'messageType': 'BoughtInLastHourSocialProofBased'}]",[],,,,,,,,,,,,,,,,,,
13391666205,153020449,128,122798,128,2,14,17_17,17,17,17,False,False,1,,False,False,[1],594,Lower,1,True,"[{'listingNoteId': -1, 'listingNoteContentId': 3338094, 'formattedListingNoteContent': 'Clear view', 'listingNoteTypeId': 3, 'showToBuyer': True, 'hideInMock': False, 'siteAddedListingNote': False, 'aisleListingNoteWithSplit': False, 'listingNoteDescriptionContentId': 3338095, 'formattedListingNoteDescription': ""You'll have an unrestricted view of the show.""}]","[{'listingNoteBucketId': 27, 'formattedListingNoteContent': 'Clear view', 'displayOrder': 8, 'showsRawNoteText': True, 'sourceListingNoteId': -1}]",2112817,False,False,Row 14,False,2369055,"¥2,369,055","¥2,369,055",10,Mobile Transfer ticket,3,1,USD,JPY,0.0,USD,"https://img.vggcdn.net/img/vfsimage2/812551/594_122798/0.jpg?im=Resize=(500,271)&v=771",an hour ago,9,False,False,False,False,3%2bhMx7RadT58AC2PPB8Go7C6BExCEhxX2P601s2ytfQ%3d,False,2026-07-18T16:05:47.6800000Z,False,False,False,False,False,False,0,False,False,False,False,False,0,False,False,0,13391666205,False,CE456816-585B-48E0-93A7-A2EB6E6CE3E7,False,False,True,5,8.70806471677358,1.548731065,,,,,"[{'message': 'Amazing Value', 'qualifier': 'Based on price, view, seat quality and more', 'hasValue': True, 'messageType': 'ValueBased'}, {'message': 'Popular Pick', 'qualifier': '50 tickets sold for this event', 'hasValue': True, 'messageType': 'BoughtInLastHourSocialProofBased'}]",[],,,,,,,,,,,,,,,,,,
13388278154,153020449,123,122795,123,2,39,_,,,,False,False,4,,False,False,"[1, 2, 4]",594,Lower,4,True,"[{'listingNoteId': -1, 'listingNoteContentId': 3338094, 'formattedListingNoteContent': 'Clear view', 'listingNoteTypeId': 3, 'showToBuyer': True, 'hideInMock': False, 'siteAddedListingNote': False, 'aisleListingNoteWithSplit': False, 'listingNoteDescriptionContentId': 3338095, 'formattedListingNoteDescription': ""You'll have an unrestricted view of the show.""}]","[{'listingNoteBucketId': 27, 'formattedListingNoteContent': 'Clear view', 'displayOrder': 8, 'showsRawNoteText': True, 'sourceListingNoteId': -1}]",2112700,False,False,Row 39,False,2388548,"¥2,388,548","¥2,388,548",10,Mobile Transfer ticket,3,1,USD,JPY,12499.99,USD,"https://img.vggcdn.net/img/vfsimage2/812551/594_122795/0.jpg?im=Resize=(500,271)&v=771",14 hours ago,7,False,False,False,False,oxdNd2i7YRhJjxsI1GcVH9Og5jnw1xp6MSEe0bEdVOc%3d,False,2026-07-18T02:47:46.3600000Z,False,False,False,False,False,False,0,False,False,False,False,False,0,False,False,0,13388278154,False,795BEF25-3A17-4667-B40D-5D9C58A8C635,False,False,True,3,6.665744866017385,1.112506548,,,,,"[{'message': 'Popular Pick', 'qualifier': '50 tickets sold for this event', 'hasValue': True, 'messageType': 'BoughtInLastHourSocialProofBased'}]",[],,,,,,,,,,,,,,,,,,
13384790123,153020449,131,122800,131,2,28,29_,,,29,False,False,1,,False,False,[1],594,Lower,1,True,"[{'listingNoteId': -1, 'listingNoteContentId': 3338094, 'formattedListingNoteContent': 'Clear view', 'listingNoteTypeId': 3, 'showToBuyer': True, 'hideInMock': False, 'siteAddedListingNote': False, 'aisleListingNoteWithSplit': False, 'listingNoteDescriptionContentId': 3338095, 'formattedListingNoteDescription': ""You'll have an unrestricted view of the show.""}]","[{'listingNoteBucketId': 27, 'formattedListingNoteContent': 'Clear view', 'displayOrder': 8, 'showsRawNoteText': True, 'sourceListingNoteId': -1}]",2112926,False,False,Row 28,False,2391752,"¥2,391,752","¥2,391,752",10,Mobile Transfer ticket,3,1,BRL,JPY,1500.0,BRL,"https://img.vggcdn.net/img/vfsimage2/812551/594_122800/0.jpg?im=Resize=(500,271)&v=771",23 hours ago,7,False,False,False,False,jEjLP%2fI1z36pw3xGp0slTx3SdKT%2f8hWmF8VI0%2frEsQE%3d,False,2026-07-17T17:53:40.7570000Z,False,False,False,False,False,False,0,False,False,False,False,False,0,False,False,0,13384790123,False,330426BD-0F75-4A68-AC14-5F5C1BA4CFC4,False,False,True,4,7.481384519218936,1.247029714,,,,,"[{'message': 'Great Value', 'qualifier': 'Based on price, view, seat quality and more', 'hasValue': True, 'messageType': 'ValueBased'}, {'message': 'Popular Pick', 'qualifier': '50 tickets sold for this event', 'hasValue': True, 'messageType': 'BoughtInLastHourSocialProofBased'}]",[],,,,,,"¥3,393,467",30.0,"¥1,001,715",,,,,,,,,,
13389404561,153020449,148,122811,148,2,12,19_19,19,19,19,False,False,1,,False,False,[1],594,Lower,1,True,"[{'listingNoteId': -1, 'listingNoteContentId': 3338094, 'formattedListingNoteContent': 'Clear view', 'listingNoteTypeId': 3, 'showToBuyer': True, 'hideInMock': False, 'siteAddedListingNote': False, 'aisleListingNoteWithSplit': False, 'listingNoteDescriptionContentId': 3338095, 'formattedListingNoteDescription': ""You'll have an unrestricted view of the show.""}]","[{'listingNoteBucketId': 27, 'formattedListingNoteContent': 'Clear view', 'displayOrder': 8, 'showsRawNoteText': True, 'sourceListingNoteId': -1}]",2113281,False,False,Row 12,False,2404146,"¥2,404,146","¥2,404,146",10,Mobile Transfer ticket,3,1,USD,JPY,0.0,USD,"https://img.vggcdn.net/img/vfsimage2/812551/594_122811/0.jpg?im=Resize=(500,271)&v=771",10 hours ago,9,False,False,False,False,fqTTJ3goeW%2bFUJfEeHWNvxkOPOFHFFXZzChkSZCiseg%3d,False,2026-07-18T06:21:24.0130000Z,False,False,False,False,False,False,0,False,False,False,False,False,0,False,False,0,13389404561,False,36FF9FF1-9A62-4EBB-8346-6E9CE459DDAC,False,False,True,5,8.814016440491056,1.621507828,,,,,"[{'message': 'Amazing Value', 'qualifier': 'Based on price, view, seat quality and more', 'hasValue': True, 'messageType': 'ValueBased'}, {'message': 'Popular Pick', 'qualifier': '50 tickets sold for this event', 'hasValue': True, 'messageType': 'BoughtInLastHourSocialProofBased'}]",[],Fan favorite,This section is in the top 10% of sections for this event when ranked based on a count of successful sales over the past 7 days on our site,True,Last ticket,True,,,,,,,,,,,,,
13388042516,153020449,109,122787,109,2,18,5_5,,,5,False,False,1,,False,False,[1],594,Lower,1,True,"[{'listingNoteId': 814, 'listingNoteContentId': 2446060, 'formattedListingNoteContent': 'Limited or Obstructed View (printed on ticket)', 'listingNoteTypeId': 1, 'showToBuyer': True, 'hideInMock': False, 'siteAddedListingNote': False, 'aisleListingNoteWithSplit': False, 'listingNoteDescriptionContentId': 2446061, 'formattedListingNoteDescription': 'Limited or Obstructed View (printed on ticket)'}]","[{'listingNoteBucketId': 21, 'formattedListingNoteContent': 'Limited view', 'displayOrder': 21, 'showsRawNoteText': False}]",2112295,False,False,Row 18,False,2437287,"¥2,437,287","¥2,437,287",10,Mobile Transfer ticket,3,1,USD,JPY,5750.0,USD,"https://img.vggcdn.net/img/vfsimage2/812551/594_122787/0.jpg?im=Resize=(500,271)&v=771",15 hours ago,8,False,False,False,False,ADtgNn3o%2fwJ44gpyi3oHvK7%2bWPREZEyIUTQ%2fevc3wt0%3d,False,2026-07-18T01:47:16.4800000Z,False,False,False,False,False,False,0,False,False,False,False,False,0,False,False,0,13388042516,False,7A58A34B-37DC-4C0C-B408-42DFE3C97869,False,False,True,4,8.27623537444513,1.44469559,,,,,"[{'message': 'Great Value', 'qualifier': 'Based on price, view, seat quality and more', 'hasValue': True, 'messageType': 'ValueBased'}, {'message': 'Popular Pick', 'qualifier': '50 tickets sold for this event', 'hasValue': True, 'messageType': 'BoughtInLastHourSocialProofBased'}]",[],,,,,,"¥3,145,301",23.0,"¥708,014",,,,,,,,,,
13391238646,153020449,124,122796,124,2,7,_,,,,False,False,4,,False,False,"[1, 2, 4]",594,Lower,4,True,"[{'listingNoteId': -1, 'listingNoteContentId': 3338094, 'formattedListingNoteContent': 'Clear view', 'listingNoteTypeId': 3, 'showToBuyer': True, 'hideInMock': False, 'siteAddedListingNote': False, 'aisleListingNoteWithSplit': False, 'listingNoteDescriptionContentId': 3338095, 'formattedListingNoteDescription': ""You'll have an unrestricted view of the show.""}]","[{'listingNoteBucketId': 27, 'formattedListingNoteContent': 'Clear view', 'displayOrder': 8, 'showsRawNoteText': True, 'sourceListingNoteId': -1}]",2112762,False,False,Row 7,False,2453314,"¥2,453,314","¥2,453,314",10,Mobile Transfer ticket,3,1,USD,JPY,10990.0,USD,"https://img.vggcdn.net/img/vfsimage2/812551/594_122796/0.jpg?im=Resize=(500,271)&v=771",2 hours ago,9,False,False,False,False,sCdx3LDTP0mLoYBg1SFA3rrxbibjdM%2fmgcagt9ErVSA%3d,False,2026-07-18T14:29:41.5200000Z,False,False,False,False,False,False,0,False,False,False,False,False,0,False,False,0,13391238646,False,C93335D2-09D5-4AD2-878D-AA2317024519,False,False,True,5,8.52498206735007,1.522949332,,,,,"[{'message': 'Amazing Value', 'qualifier': 'Based on price, view, seat quality and more', 'hasValue': True, 'messageType': 'ValueBased'}, {'message': 'Popular Pick', 'qualifier': '50 tickets sold for this event', 'hasValue': True, 'messageType': 'BoughtInLastHourSocialProofBased'}]",[],,,,,,,,,,,,,,,,,,
13384129659,153020449,342,122935,342,2,14,_,,,,False,False,4,,False,False,"[1, 2, 3, 4]",407,Upper,4,True,"[{'listingNoteId': -1, 'listingNoteContentId': 3338094, 'formattedListingNoteContent': 'Clear view', 'listingNoteTypeId': 3, 'showToBuyer': True, 'hideInMock': False, 'siteAddedListingNote': False, 'aisleListingNoteWithSplit': False, 'listingNoteDescriptionContentId': 3338095, 'formattedListingNoteDescription': ""You'll have an unrestricted view of the show.""}]","[{'listingNoteBucketId': 27, 'formattedListingNoteContent': 'Clear view', 'displayOrder': 8, 'showsRawNoteText': True, 'sourceListingNoteId': -1}]",704430,False,False,Row 14,False,2453506,"¥2,453,506","¥2,453,506",10,Mobile Transfer ticket,3,1,USD,JPY,0.0,USD,"https://img.vggcdn.net/img/vfsimage2/812551/407_122935/0.jpg?im=Resize=(500,271)&v=771",yesterday,4,False,False,False,False,l0hW5%2fxakWJth%2fnyuSEZgWwfKqhWWnSF7J%2bAQSok0Jc%3d,False,2026-07-17T16:37:34.2600000Z,False,False,False,False,False,False,0,False,False,False,False,False,0,False,False,0,13384129659,False,9D6522EA-CB8E-4FC2-BDDF-722540D612B1,False,False,True,2,3.9995256472917364,0.8097118042,,,,,"[{'message': 'Popular Pick', 'qualifier': '50 tickets sold for this event', 'hasValue': True, 'messageType': 'BoughtInLastHourSocialProofBased'}]",[],,,,,,,,,,,,,,,,,,
13388306367,153020449,124,122796,124,2,5,_,,,,False,False,4,,False,False,"[1, 2, 4]",594,Lower,4,True,"[{'listingNoteId': -1, 'listingNoteContentId': 3338094, 'formattedListingNoteContent': 'Clear view', 'listingNoteTypeId': 3, 'showToBuyer': True, 'hideInMock': False, 'siteAddedListingNote': False, 'aisleListingNoteWithSplit': False, 'listingNoteDescriptionContentId': 3338095, 'formattedListingNoteDescription': ""You'll have an unrestricted view of the show.""}]","[{'listingNoteBucketId': 27, 'formattedListingNoteContent': 'Clear view', 'displayOrder': 8, 'showsRawNoteText': True, 'sourceListingNoteId': -1}]",2112760,False,False,Row 5,False,2455225,"¥2,455,225","¥2,455,225",10,Mobile Transfer ticket,3,1,USD,JPY,10990.0,USD,"https://img.vggcdn.net/img/vfsimage2/812551/594_122796/0.jpg?im=Resize=(500,271)&v=771",14 hours ago,9,False,False,False,False,JaJlwLNwuTb%2fhZ9r0XazCq7OZy5dsxG6FaGIOUlv6SI%3d,False,2026-07-18T02:57:39.3470000Z,False,False,False,False,False,False,0,False,False,False,False,False,0,False,False,0,13388306367,False,D830EB47-85A2-48B6-947D-AE629385A396,False,False,True,5,8.60422510507046,1.558143697,,,,,"[{'message': 'Amazing Value', 'qualifier': 'Based on price, view, seat quality and more', 'hasValue': True, 'messageType': 'ValueBased'}, {'message': 'Popular Pick', 'qualifier': '50 tickets sold for this event', 'hasValue': True, 'messageType': 'BoughtInLastHourSocialProofBased'}]",[],,,,,,,,,,,,,,,,,,
13391104048,153020449,123,122795,123,2,31,_,,,,False,False,1,,False,False,[1],594,Lower,1,True,"[{'listingNoteId': -1, 'listingNoteContentId': 3338094, 'formattedListingNoteContent': 'Clear view', 'listingNoteTypeId': 3, 'showToBuyer': True, 'hideInMock': False, 'siteAddedListingNote': False, 'aisleListingNoteWithSplit': False, 'listingNoteDescriptionContentId': 3338095, 'formattedListingNoteDescription': ""You'll have an unrestricted view of the show.""}]","[{'listingNoteBucketId': 27, 'formattedListingNoteContent': 'Clear view', 'displayOrder': 8, 'showsRawNoteText': True, 'sourceListingNoteId': -1}]",2112692,False,False,Row 31,False,2456781,"¥2,456,781","¥2,456,781",10,Mobile Transfer ticket,3,1,USD,JPY,11499.99,USD,"https://img.vggcdn.net/img/vfsimage2/812551/594_122795/0.jpg?im=Resize=(500,271)&v=771",3 hours ago,7,False,False,False,False,znoI0DxTdK%2f1tXVrCHX3vGqhWWpJ9M6OgDn3YCFDu1Y%3d,False,2026-07-18T13:59:12.5170000Z,False,False,False,False,False,False,0,False,False,False,False,False,0,False,False,0,13391104048,False,C5ED7FFB-48D5-454A-8944-5FDB49661D53,False,False,True,3,6.9960063069125225,1.193274178,,,,,"[{'message': 'Popular Pick', 'qualifier': '50 tickets sold for this event', 'hasValue': True, 'messageType': 'BoughtInLastHourSocialProofBased'}]",[],,,,,,,,,,,,,,,,,,
13388153094,153020449,336,122929,336,2,1,20_26,,,20,False,False,7,,False,False,"[1, 2, 3, 4, 5, 6, 7]",478,Loge,7,True,"[{'listingNoteId': 2025, 'listingNoteContentId': 3415843, 'formattedListingNoteContent': 'Front Row of Section', 'listingNoteTypeId': 6, 'showToBuyer': True, 'hideInMock': False, 'siteAddedListingNote': False, 'aisleListingNoteWithSplit': False, 'listingNoteDescriptionContentId': 3415843, 'formattedListingNoteDescription': 'Front Row of Section'}, {'listingNoteId': -1, 'listingNoteContentId': 3338094, 'formattedListingNoteContent': 'Clear view', 'listingNoteTypeId': 3, 'showToBuyer': True, 'hideInMock': False, 'siteAddedListingNote': False, 'aisleListingNoteWithSplit': False, 'listingNoteDescriptionContentId': 3338095, 'formattedListingNoteDescription': ""You'll have an unrestricted view of the show.""}]","[{'listingNoteBucketId': 14, 'formattedListingNoteContent': 'Front Row of Section', 'displayOrder': 14, 'showsRawNoteText': True, 'sourceListingNoteId': 2025}, {'listingNoteBucketId': 27, 'formattedListingNoteContent': 'Clear view', 'displayOrder': 8, 'showsRawNoteText': True, 'sourceListingNoteId': -1}]",1591187,False,False,Row 1,False,2456781,"¥2,456,781","¥2,456,781",10,Mobile Transfer ticket,3,1,USD,JPY,8500.0,USD,"https://img.vggcdn.net/img/vfsimage2/812551/478_122929/0.jpg?im=Resize=(500,271)&v=771",14 hours ago,5,False,False,False,False,Czdw6%2fg0Q6%2bd9BFZLzKWN4V2RY4NdEifUA9aD7c93eg%3d,False,2026-07-18T02:14:39.5970000Z,False,False,False,False,False,False,0,False,False,False,False,False,0,False,False,0,13388153094,False,E1F161AF-19B7-4E52-8078-C598CA366AE0,False,False,True,2,4.901458578380138,0.9323844348,,,,,"[{'message': 'Popular Pick', 'qualifier': '50 tickets sold for this event', 'hasValue': True, 'messageType': 'BoughtInLastHourSocialProofBased'}, {'message': 'Front Row', 'qualifier': 'Best seats in the house', 'hasValue': True, 'messageType': 'FirstRowTicketAttributeBased'}]",[2025],,,,,,"¥3,791,133",35.0,"¥1,334,352",,,,,,,,,,
13390549329,153020449,326,122919,326,2,22,17_17,17,17,17,False,False,1,,False,False,[1],407,Upper,1,True,"[{'listingNoteId': -1, 'listingNoteContentId': 3338094, 'formattedListingNoteContent': 'Clear view', 'listingNoteTypeId': 3, 'showToBuyer': True, 'hideInMock': False, 'siteAddedListingNote': False, 'aisleListingNoteWithSplit': False, 'listingNoteDescriptionContentId': 3338095, 'formattedListingNoteDescription': ""You'll have an unrestricted view of the show.""}]","[{'listingNoteBucketId': 27, 'formattedListingNoteContent': 'Clear view', 'displayOrder': 8, 'showsRawNoteText': True, 'sourceListingNoteId': -1}]",2113831,False,False,Row 22,False,2456781,"¥2,456,781","¥2,456,781",10,Mobile Transfer ticket,3,1,USD,JPY,0.0,USD,"https://img.vggcdn.net/img/vfsimage2/812551/407_122919/0.jpg?im=Resize=(500,271)&v=771",4 hours ago,3,False,False,False,False,Czdw6%2fg0Q6%2bd9BFZLzKWN4V2RY4NdEifUA9aD7c93eg%3d,False,2026-07-18T12:35:03.1500000Z,False,False,False,False,False,False,0,False,False,False,False,False,0,False,False,0,13390549329,False,50397605-2BC5-45F5-922B-803A423CFD69,False,False,True,2,2.896045464177216,0.6992300141,,,,,"[{'message': 'Popular Pick', 'qualifier': '50 tickets sold for this event', 'hasValue': True, 'messageType': 'BoughtInLastHourSocialProofBased'}]",[],,,,Last ticket,True,,,,,,,,,,,,,
13388306368,153020449,124,122796,124,2,4,_,,,,False,False,4,,False,False,"[1, 2, 4]",594,Lower,4,True,"[{'listingNoteId': -1, 'listingNoteContentId': 3338094, 'formattedListingNoteContent': 'Clear view', 'listingNoteTypeId': 3, 'showToBuyer': True, 'hideInMock': False, 'siteAddedListingNote': False, 'aisleListingNoteWithSplit': False, 'listingNoteDescriptionContentId': 3338095, 'formattedListingNoteDescription': ""You'll have an unrestricted view of the show.""}]","[{'listingNoteBucketId': 27, 'formattedListingNoteContent': 'Clear view', 'displayOrder': 8, 'showsRawNoteText': True, 'sourceListingNoteId': -1}]",2112749,False,False,Row 4,False,2474330,"¥2,474,330","¥2,474,330",10,Mobile Transfer ticket,3,1,USD,JPY,10990.0,USD,"https://img.vggcdn.net/img/vfsimage2/812551/594_122796/0.jpg?im=Resize=(500,271)&v=771",14 hours ago,9,False,False,False,False,2cZMSwFKN%2f6SP87swHhDrls6sus0J%2bnoD7K3URNHhGA%3d,False,2026-07-18T02:57:39.3530000Z,False,False,False,False,False,False,0,False,False,False,False,False,0,False,False,0,13388306368,False,BE4DE85E-CF0E-4A55-9B65-741B5301D94B,False,False,True,5,8.617200928921585,1.576028866,,,,,"[{'message': 'Amazing Value', 'qualifier': 'Based on price, view, seat quality and more', 'hasValue': True, 'messageType': 'ValueBased'}, {'message': 'Popular Pick', 'qualifier': '50 tickets sold for this event', 'hasValue': True, 'messageType': 'BoughtInLastHourSocialProofBased'}]",[],,,,,,,,,,,,,,,,,,
13391550221,153020449,108,122786,108,2,14,_,,,,False,False,1,,False,False,[1],594,Lower,2,True,"[{'listingNoteId': 823, 'listingNoteContentId': 2446078, 'formattedListingNoteContent': 'Limited rear view (printed on ticket)', 'listingNoteTypeId': 1, 'showToBuyer': True, 'hideInMock': False, 'siteAddedListingNote': False, 'aisleListingNoteWithSplit': False, 'listingNoteDescriptionContentId': 2446079, 'formattedListingNoteDescription': 'Limited rear view (printed on ticket)'}]","[{'listingNoteBucketId': 21, 'formattedListingNoteContent': 'Limited view', 'displayOrder': 21, 'showsRawNoteText': False}]",2112257,False,False,Row 14,False,2476276,"¥2,476,276","¥2,476,276",10,Mobile Transfer ticket,3,1,USD,JPY,10990.0,USD,"https://img.vggcdn.net/img/vfsimage2/812551/594_122786/0.jpg?im=Resize=(500,271)&v=771",an hour ago,9,False,False,False,False,KnjRocwDsVlCK11HKTVsNUlDxgbDrf1JQ0R208bMMws%3d,False,2026-07-18T15:41:11.6800000Z,False,False,False,False,False,False,0,False,False,False,False,False,0,False,False,0,13391550221,False,5B48A09F-ECBC-4546-AFA0-6EF65A031734,False,False,True,5,8.5,1.526700314,,,,,"[{'message': 'Amazing Value', 'qualifier': 'Based on price, view, seat quality and more', 'hasValue': True, 'messageType': 'ValueBased'}, {'message': 'Popular Pick', 'qualifier': '50 tickets sold for this event', 'hasValue': True, 'messageType': 'BoughtInLastHourSocialProofBased'}]",[],,,,,,,,,,,,,,,,,,
13391550185,153020449,108,122786,108,2,8,_,,,,False,False,2,,False,False,"[1, 2]",594,Lower,2,True,"[{'listingNoteId': 823, 'listingNoteContentId': 2446078, 'formattedListingNoteContent': 'Limited rear view (printed on ticket)', 'listingNoteTypeId': 1, 'showToBuyer': True, 'hideInMock': False, 'siteAddedListingNote': False, 'aisleListingNoteWithSplit': False, 'listingNoteDescriptionContentId': 2446079, 'formattedListingNoteDescription': 'Limited rear view (printed on ticket)'}]","[{'listingNoteBucketId': 21, 'formattedListingNoteContent': 'Limited view', 'displayOrder': 21, 'showsRawNoteText': False}]",108739,False,False,Row 8,True,2476276,"¥2,476,276","¥2,476,276",10,Mobile Transfer ticket,3,1,USD,JPY,10990.0,USD,"https://img.vggcdn.net/img/vfsimage2/812551/594_122786/0.jpg?im=Resize=(500,271)&v=771",an hour ago,7,False,False,False,False,KnjRocwDsVlCK11HKTVsNUlDxgbDrf1JQ0R208bMMws%3d,False,2026-07-18T15:41:09.4570000Z,False,False,False,False,False,False,0,False,False,False,False,False,0,False,False,0,13391550185,False,26873331-765D-401C-9791-C94EF88507CE,False,False,True,4,7.209561203881328,1.240055629,,,,,"[{'message': 'Great Value', 'qualifier': 'Based on price, view, seat quality and more', 'hasValue': True, 'messageType': 'ValueBased'}, {'message': 'Popular Pick', 'qualifier': '50 tickets sold for this event', 'hasValue': True, 'messageType': 'BoughtInLastHourSocialProofBased'}]",[],,,,,,,,,,,,,,,,,,
13387928582,153020449,108,122786,108,2,16,_,,,,False,False,4,,False,False,"[1, 2, 3, 4]",594,Lower,4,True,"[{'listingNoteId': 814, 'listingNoteContentId': 2446060, 'formattedListingNoteContent': 'Limited or Obstructed View (printed on ticket)', 'listingNoteTypeId': 1, 'showToBuyer': True, 'hideInMock': False, 'siteAddedListingNote': False, 'aisleListingNoteWithSplit': False, 'listingNoteDescriptionContentId': 2446061, 'formattedListingNoteDescription': 'Limited or Obstructed View (printed on ticket)'}]","[{'listingNoteBucketId': 21, 'formattedListingNoteContent': 'Limited view', 'displayOrder': 21, 'showsRawNoteText': False}]",2112259,False,False,Row 16,False,2522284,"¥2,522,284","¥2,522,284",10,Mobile Transfer ticket,3,1,USD,JPY,10990.0,USD,"https://img.vggcdn.net/img/vfsimage2/812551/594_122786/0.jpg?im=Resize=(500,271)&v=771",15 hours ago,8,False,False,False,False,RGYp4zDlmKB1hkjmFJziEBXzk24tOmCZ2dlEx1q4pWU%3d,False,2026-07-18T01:24:36.4000000Z,False,False,False,False,False,False,0,False,False,False,False,False,0,False,False,0,13387928582,False,BF7A52F7-51DF-454E-B843-2FF79C3E1E0D,False,False,True,4,8.297392480639811,1.500553117,,,,,"[{'message': 'Great Value', 'qualifier': 'Based on price, view, seat quality and more', 'hasValue': True, 'messageType': 'ValueBased'}, {'message': 'Popular Pick', 'qualifier': '50 tickets sold for this event', 'hasValue': True, 'messageType': 'BoughtInLastHourSocialProofBased'}]",[],,,,,,,,,,,,,,,,,,
13390769183,153020449,103,122783,103,2,23,1_1,1,1,1,False,False,1,,False,False,[1],594,Lower,1,True,"[{'listingNoteId': -1, 'listingNoteContentId': 3338094, 'formattedListingNoteContent': 'Clear view', 'listingNoteTypeId': 3, 'showToBuyer': True, 'hideInMock': False, 'siteAddedListingNote': False, 'aisleListingNoteWithSplit': False, 'listingNoteDescriptionContentId': 3338095, 'formattedListingNoteDescription': ""You'll have an unrestricted view of the show.""}]","[{'listingNoteBucketId': 14, 'formattedListingNoteContent': 'Aisle seat', 'displayOrder': 14, 'showsRawNoteText': True, 'sourceListingNoteId': 2024}, {'listingNoteBucketId': 27, 'formattedListingNoteContent': 'Clear view', 'displayOrder': 8, 'showsRawNoteText': True, 'sourceListingNoteId': -1}]",2112125,False,False,Row 23,False,2526377,"¥2,526,377","¥2,526,377",10,Mobile Transfer ticket,3,1,USD,JPY,11995.0,USD,"https://img.vggcdn.net/img/vfsimage2/812551/594_122783/0.jpg?im=Resize=(500,271)&v=771",4 hours ago,7,False,False,False,False,CUxOuX7wt1rM1aFQYDTP0W5TmuJteqa4ngngyquDlas%3d,False,2026-07-18T12:57:26.6300000Z,False,False,False,False,False,False,0,False,False,False,False,False,0,False,False,0,13390769183,False,F537D019-FD30-4531-9138-FBFEECD39E4F,False,False,True,3,6.658199036421303,1.175612478,,,,,"[{'message': 'Popular Pick', 'qualifier': '50 tickets sold for this event', 'hasValue': True, 'messageType': 'BoughtInLastHourSocialProofBased'}, {'message': 'Aisle Seat', 'qualifier': 'Easy access to your seat', 'hasValue': True, 'messageType': 'AisleSeatTicketAttributeBased'}]",[2024],Fan favorite,This section is in the top 10% of sections for this event when ranked based on a count of successful sales over the past 7 days on our site,True,,,,,,,,,,,,,,,
13391550198,153020449,109,122787,109,2,17,_,,,,False,False,2,,False,False,"[1, 2]",594,Lower,2,True,"[{'listingNoteId': 823, 'listingNoteContentId': 2446078, 'formattedListingNoteContent': 'Limited rear view (printed on ticket)', 'listingNoteTypeId': 1, 'showToBuyer': True, 'hideInMock': False, 'siteAddedListingNote': False, 'aisleListingNoteWithSplit': False, 'listingNoteDescriptionContentId': 2446079, 'formattedListingNoteDescription': 'Limited rear view (printed on ticket)'}]","[{'listingNoteBucketId': 21, 'formattedListingNoteContent': 'Limited view', 'displayOrder': 21, 'showsRawNoteText': False}]",2112294,False,False,Row 17,False,2534762,"¥2,534,762","¥2,534,762",10,Mobile Transfer ticket,3,1,USD,JPY,10990.0,USD,"https://img.vggcdn.net/img/vfsimage2/812551/594_122787/0.jpg?im=Resize=(500,271)&v=771",an hour ago,8,False,False,False,False,IatFF96DXV5uZEvXr7uBkwqX0qan7awAZYRXJb6Rnso%3d,False,2026-07-18T15:41:10.2070000Z,False,False,False,False,False,False,0,False,False,False,False,False,0,False,False,0,13391550198,False,29CD7619-D152-4F73-9284-679EFF6E20AC,False,False,True,4,8.12716483231971,1.464883945,,,,,"[{'message': 'Great Value', 'qualifier': 'Based on price, view, seat quality and more', 'hasValue': True, 'messageType': 'ValueBased'}, {'message': 'Popular Pick', 'qualifier': '50 tickets sold for this event', 'hasValue': True, 'messageType': 'BoughtInLastHourSocialProofBased'}]",[],,,,,,,,,,,,,,,,,,
13383672256,153020449,207C,1530778,207C,2,14,5_5,5,5,5,False,False,1,,False,False,[1],471,Middle,1,True,"[{'listingNoteId': -1, 'listingNoteContentId': 3338094, 'formattedListingNoteContent': 'Clear view', 'listingNoteTypeId': 3, 'showToBuyer': True, 'hideInMock': False, 'siteAddedListingNote': False, 'aisleListingNoteWithSplit': False, 'listingNoteDescriptionContentId': 3338095, 'formattedListingNoteDescription': ""You'll have an unrestricted view of the show.""}]","[{'listingNoteBucketId': 27, 'formattedListingNoteContent': 'Clear view', 'displayOrder': 8, 'showsRawNoteText': True, 'sourceListingNoteId': -1}]",1593451,False,False,Row 14,False,2544508,"¥2,544,508","¥2,544,508",10,Mobile Transfer ticket,3,1,USD,JPY,10990.0,USD,"https://img.vggcdn.net/img/vfsimage2/812551/471_1530778/0.jpg?im=Resize=(500,271)&v=771",yesterday,2,False,False,False,False,tbLkoTf7Snujyg4h9CS1tssZgIjrydTYIKg6IOGpQT8%3d,False,2026-07-17T15:37:46.7030000Z,False,False,False,False,False,False,0,False,False,False,False,False,0,False,False,0,13383672256,False,23B1C1DC-EE2C-481D-88D5-E4F6787D6C97,False,False,True,1,2.4436534909730696,0.6530657106,,,,,"[{'message': 'Popular Pick', 'qualifier': '50 tickets sold for this event', 'hasValue': True, 'messageType': 'BoughtInLastHourSocialProofBased'}]",[],,,,Last ticket,True,,,,,,,,,,,,,
13389892129,153020449,Lower,1546666,Lower,3,,_,,,,False,False,10,,False,False,"[1, 2, 3, 4]",594,Lower,4,True,"[{'listingNoteId': -1, 'listingNoteContentId': 3338094, 'formattedListingNoteContent': 'Clear view', 'listingNoteTypeId': 3, 'showToBuyer': True, 'hideInMock': False, 'siteAddedListingNote': False, 'aisleListingNoteWithSplit': False, 'listingNoteDescriptionContentId': 3338095, 'formattedListingNoteDescription': ""You'll have an unrestricted view of the show.""}]","[{'listingNoteBucketId': 27, 'formattedListingNoteContent': 'Clear view', 'displayOrder': 8, 'showsRawNoteText': True, 'sourceListingNoteId': -1}]",1641233,False,False,Row,True,2565153,"¥2,565,153","¥2,565,153",10,Mobile Transfer ticket,3,1,EUR,JPY,10990.0,EUR,"https://img.vggcdn.net/img/vfsimage2/812551/594_1546666/0.jpg?im=Resize=(500,271)&v=771",7 hours ago,0,False,False,True,True,TQxZlisxx%2f8306nacjvnL4pZIZU0kSkM4j%2b22a%2fzrnA%3d,False,2026-07-18T09:49:31.1170000Z,False,False,False,False,False,False,0,False,False,False,False,False,0,False,False,0,13389892129,False,D97B8EA8-4D2C-4BF5-A40D-91C206F4F955,False,False,True,0,,,,,,,"[{'message': 'Popular Pick', 'qualifier': '50 tickets sold for this event', 'hasValue': True, 'messageType': 'BoughtInLastHourSocialProofBased'}]",[],,,,Last tickets,True,,,,,,,,,,,,,
13364247604,153020449,247A,1530799,247A,2,2,9_9,9,9,9,False,False,1,,False,False,[1],471,Middle,1,True,"[{'listingNoteId': 2026, 'listingNoteContentId': 3415844, 'formattedListingNoteContent': 'Second Row of Section', 'listingNoteTypeId': 6, 'showToBuyer': True, 'hideInMock': False, 'siteAddedListingNote': False, 'aisleListingNoteWithSplit': False, 'listingNoteDescriptionContentId': 3415844, 'formattedListingNoteDescription': 'Second Row of Section'}, {'listingNoteId': -1, 'listingNoteContentId': 3338094, 'formattedListingNoteContent': 'Clear view', 'listingNoteTypeId': 3, 'showToBuyer': True, 'hideInMock': False, 'siteAddedListingNote': False, 'aisleListingNoteWithSplit': False, 'listingNoteDescriptionContentId': 3338095, 'formattedListingNoteDescription': ""You'll have an unrestricted view of the show.""}]","[{'listingNoteBucketId': 14, 'formattedListingNoteContent': 'Second Row of Section', 'displayOrder': 14, 'showsRawNoteText': True, 'sourceListingNoteId': 2026}, {'listingNoteBucketId': 27, 'formattedListingNoteContent': 'Clear view', 'displayOrder': 8, 'showsRawNoteText': True, 'sourceListingNoteId': -1}]",1593720,False,False,Row 2,False,2571158,"¥2,571,158","¥2,571,158",10,Mobile Transfer ticket,3,1,ILS,JPY,22052.0,ILS,"https://img.vggcdn.net/img/vfsimage2/812551/471_1530799/0.jpg?im=Resize=(500,271)&v=771",2 days ago,7,False,False,False,False,EeCO6SW4rQ%2bTuamvdBC%2bGtN0PdGYVqGLOI7IlJSLLOE%3d,False,2026-07-15T21:32:34.9470000Z,False,False,False,False,False,False,0,False,False,False,False,False,0,False,False,0,13364247604,False,C11DB7D4-32A9-4A04-8F8F-38E7846D477A,False,False,True,3,6.625650534461522,1.191637948,,,,,"[{'message': 'Popular Pick', 'qualifier': '50 tickets sold for this event', 'hasValue': True, 'messageType': 'BoughtInLastHourSocialProofBased'}, {'message': 'Second Row', 'qualifier': 'Premium close-up view', 'hasValue': True, 'messageType': 'SecondRowTicketAttributeBased'}]",[2026],,,,Last ticket,True,"¥3,432,677",25.0,"¥861,519",,,,,,,,,,
13390825163,153020449,FIFA Pavilion,2216545,FIFA Pavilion,2,22,_,,,,False,False,1,,False,False,[1],1068,Hospitality,1,True,"[{'listingNoteId': 2, 'listingNoteContentId': 1035272, 'formattedListingNoteContent': 'Ticket and meal package', 'listingNoteTypeId': 3, 'showToBuyer': True, 'hideInMock': False, 'siteAddedListingNote': False, 'aisleListingNoteWithSplit': False, 'listingNoteDescriptionContentId': 1277356, 'formattedListingNoteDescription': 'This package comes with a ticket to see your favorite performer along with a free meal!'}, {'listingNoteId': 189, 'listingNoteContentId': 2444744, 'formattedListingNoteContent': 'Complimentary Food & Soft drinks', 'listingNoteTypeId': 3, 'showToBuyer': True, 'hideInMock': False, 'siteAddedListingNote': False, 'aisleListingNoteWithSplit': False, 'listingNoteDescriptionContentId': 3876389, 'formattedListingNoteDescription': 'Complimentary Food & Soft drinks'}, {'listingNoteId': -1, 'listingNoteContentId': 3338094, 'formattedListingNoteContent': 'Clear view', 'listingNoteTypeId': 3, 'showToBuyer': True, 'hideInMock': False, 'siteAddedListingNote': False, 'aisleListingNoteWithSplit': False, 'listingNoteDescriptionContentId': 3338095, 'formattedListingNoteDescription': ""You'll have an unrestricted view of the show.""}]","[{'listingNoteBucketId': 7, 'formattedListingNoteContent': 'Food & beverages', 'displayOrder': 7, 'showsRawNoteText': False}, {'listingNoteBucketId': 27, 'formattedListingNoteContent': 'Clear view', 'displayOrder': 8, 'showsRawNoteText': True, 'sourceListingNoteId': -1}]",4415942,False,False,Row 22,True,2622290,"¥2,622,290","¥2,622,290",10,Mobile Transfer ticket,3,1,GBP,JPY,9000.0,GBP,"https://img.vggcdn.net/img/vfsimage2/812551/1068_2216545/0.jpg?im=Resize=(500,271)&v=771",4 hours ago,7,False,False,False,False,6YnfzRINp2Zr269ode%2bNCcZk2PT0ws70Dc%2fbtkVDTGw%3d,False,2026-07-18T13:06:41.2770000Z,False,False,False,False,False,False,0,False,False,False,False,False,0,False,False,0,13390825163,False,4A0B5C38-DDCB-498D-9C8A-6B0E180CCE9C,False,False,True,4,7.457946498742719,1.362416107,,,,,"[{'message': 'Great Value', 'qualifier': 'Based on price, view, seat quality and more', 'hasValue': True, 'messageType': 'ValueBased'}, {'message': 'Popular Pick', 'qualifier': '50 tickets sold for this event', 'hasValue': True, 'messageType': 'BoughtInLastHourSocialProofBased'}]",[],,,,Last ticket,True,,,,,,,,,,,,,
13388002113,153020449,124,122796,124,2,3,17_20,,,17,False,False,4,,False,False,"[1, 2, 3, 4]",594,Lower,4,True,"[{'listingNoteId': 2027, 'listingNoteContentId': 3415845, 'formattedListingNoteContent': 'Third Row of Section', 'listingNoteTypeId': 6, 'showToBuyer': True, 'hideInMock': False, 'siteAddedListingNote': False, 'aisleListingNoteWithSplit': False, 'listingNoteDescriptionContentId': 3415845, 'formattedListingNoteDescription': 'Third Row of Section'}, {'listingNoteId': -1, 'listingNoteContentId': 3338094, 'formattedListingNoteContent': 'Clear view', 'listingNoteTypeId': 3, 'showToBuyer': True, 'hideInMock': False, 'siteAddedListingNote': False, 'aisleListingNoteWithSplit': False, 'listingNoteDescriptionContentId': 3338095, 'formattedListingNoteDescription': ""You'll have an unrestricted view of the show.""}]","[{'listingNoteBucketId': 14, 'formattedListingNoteContent': 'Third Row of Section', 'displayOrder': 14, 'showsRawNoteText': True, 'sourceListingNoteId': 2027}, {'listingNoteBucketId': 27, 'formattedListingNoteContent': 'Clear view', 'displayOrder': 8, 'showsRawNoteText': True, 'sourceListingNoteId': -1}]",2112738,False,False,Row 3,False,2632234,"¥2,632,234","¥2,632,234",10,Mobile Transfer ticket,3,1,USD,JPY,500.0,USD,"https://img.vggcdn.net/img/vfsimage2/812551/594_122796/0.jpg?im=Resize=(500,271)&v=771",15 hours ago,8,False,False,False,False,FdusHTWDu%2f5BoHmECPNY8UetNy%2bm35pEHwx7oy5gflo%3d,False,2026-07-18T01:39:40.4930000Z,False,False,False,False,False,False,0,False,False,False,False,False,0,False,False,0,13388002113,False,E72C3EC7-A6A5-4B79-89A4-48EB9E6410F4,False,False,True,4,8.399513626355262,1.594108818,,,,,"[{'message': 'Great Value', 'qualifier': 'Based on price, view, seat quality and more', 'hasValue': True, 'messageType': 'ValueBased'}, {'message': 'Popular Pick', 'qualifier': '50 tickets sold for this event', 'hasValue': True, 'messageType': 'BoughtInLastHourSocialProofBased'}, {'message': 'Third Row', 'qualifier': 'Excellent proximity to the action', 'hasValue': True, 'messageType': 'ThirdRowTicketAttributeBased'}]",[2027],,,,,,"¥3,812,278",31.0,"¥1,180,044",,,,,,,,,,
13391083807,153020449,231A,1530792,231A,2,2,16_19,,,16,False,False,4,,False,False,"[1, 2, 4]",471,Middle,4,True,"[{'listingNoteId': 2026, 'listingNoteContentId': 3415844, 'formattedListingNoteContent': 'Second Row of Section', 'listingNoteTypeId': 6, 'showToBuyer': True, 'hideInMock': False, 'siteAddedListingNote': False, 'aisleListingNoteWithSplit': False, 'listingNoteDescriptionContentId': 3415844, 'formattedListingNoteDescription': 'Second Row of Section'}, {'listingNoteId': -1, 'listingNoteContentId': 3338094, 'formattedListingNoteContent': 'Clear view', 'listingNoteTypeId': 3, 'showToBuyer': True, 'hideInMock': False, 'siteAddedListingNote': False, 'aisleListingNoteWithSplit': False, 'listingNoteDescriptionContentId': 3338095, 'formattedListingNoteDescription': ""You'll have an unrestricted view of the show.""}]","[{'listingNoteBucketId': 14, 'formattedListingNoteContent': 'Second Row of Section', 'displayOrder': 14, 'showsRawNoteText': True, 'sourceListingNoteId': 2026}, {'listingNoteBucketId': 27, 'formattedListingNoteContent': 'Clear view', 'displayOrder': 8, 'showsRawNoteText': True, 'sourceListingNoteId': -1}]",1593666,False,False,Row 2,False,2632234,"¥2,632,234","¥2,632,234",10,Mobile Transfer ticket,3,1,USD,JPY,10000.0,USD,"https://img.vggcdn.net/img/vfsimage2/812551/471_1530792/0.jpg?im=Resize=(500,271)&v=771",3 hours ago,7,False,False,False,False,J6JR8OBaehhDB1kEU8m3nOjseNSqjvKH0g%2flMe1kwQY%3d,False,2026-07-18T13:54:48.0930000Z,False,False,False,False,False,False,0,False,False,False,False,False,0,False,False,0,13391083807,False,1C910EB1-4B29-4BC3-AEE9-A14DD1511A7C,False,False,True,4,7.276767620687864,1.331183615,,,,,"[{'message': 'Great Value', 'qualifier': 'Based on price, view, seat quality and more', 'hasValue': True, 'messageType': 'ValueBased'}, {'message': 'Popular Pick', 'qualifier': '50 tickets sold for this event', 'hasValue': True, 'messageType': 'BoughtInLastHourSocialProofBased'}, {'message': 'Second Row', 'qualifier': 'Premium close-up view', 'hasValue': True, 'messageType': 'SecondRowTicketAttributeBased'}]",[2026],,,,Last tickets,True,,,,,,,,,,,,,
13388308250,153020449,124,122796,124,2,2,_,,,,False,False,4,,False,False,"[1, 2, 4]",594,Lower,4,True,"[{'listingNoteId': 810, 'listingNoteContentId': 2446052, 'formattedListingNoteContent': 'Actual 2nd row of section', 'listingNoteTypeId': 3, 'showToBuyer': True, 'hideInMock': False, 'siteAddedListingNote': False, 'aisleListingNoteWithSplit': False, 'listingNoteDescriptionContentId': 2446053, 'formattedListingNoteDescription': 'Actual 2nd row of section'}, {'listingNoteId': -1, 'listingNoteContentId': 3338094, 'formattedListingNoteContent': 'Clear view', 'listingNoteTypeId': 3, 'showToBuyer': True, 'hideInMock': False, 'siteAddedListingNote': False, 'aisleListingNoteWithSplit': False, 'listingNoteDescriptionContentId': 3338095, 'formattedListingNoteDescription': ""You'll have an unrestricted view of the show.""}]","[{'listingNoteBucketId': 14, 'formattedListingNoteContent': 'Actual 2nd row of section', 'displayOrder': 14, 'showsRawNoteText': True, 'sourceListingNoteId': 810}, {'listingNoteBucketId': 27, 'formattedListingNoteContent': 'Clear view', 'displayOrder': 8, 'showsRawNoteText': True, 'sourceListingNoteId': -1}]",2112727,False,False,Row 2,False,2729707,"¥2,729,707","¥2,729,707",10,Mobile Transfer ticket,3,1,USD,JPY,10990.0,USD,"https://img.vggcdn.net/img/vfsimage2/812551/594_122796/0.jpg?im=Resize=(500,271)&v=771",14 hours ago,8,False,False,False,False,lj3ZcnOLNqHQ6DciPzlN2ukuEfs%2bSDDj4YCcI2N3MP8%3d,False,2026-07-18T02:58:06.1930000Z,False,False,False,False,False,False,0,False,False,False,False,False,0,False,False,0,13388308250,False,0E3D0DBA-0A6D-4046-B467-1F3B194781B6,False,False,True,4,8.255800185119641,1.612385673,,,,,"[{'message': 'Great Value', 'qualifier': 'Based on price, view, seat quality and more', 'hasValue': True, 'messageType': 'ValueBased'}, {'message': 'Popular Pick', 'qualifier': '52 tickets sold for this event', 'hasValue': True, 'messageType': 'BoughtInLastHourSocialProofBased'}, {'message': 'Second Row', 'qualifier': 'Premium close-up view', 'hasValue': True, 'messageType': 'SecondRowTicketAttributeBased'}]",[810],,,,,,,,,,,,,,,,,,
13367629926,153020449,Argentina Supporters Standard Tier,2449434,Argentina Supporters Standard Tier,2,,_,,,,False,False,2,,False,False,"[1, 2]",36868,Argentina Supporters,2,True,"[{'listingNoteId': -1, 'listingNoteContentId': 3338094, 'formattedListingNoteContent': 'Clear view', 'listingNoteTypeId': 3, 'showToBuyer': True, 'hideInMock': False, 'siteAddedListingNote': False, 'aisleListingNoteWithSplit': False, 'listingNoteDescriptionContentId': 3338095, 'formattedListingNoteDescription': ""You'll have an unrestricted view of the show.""}]","[{'listingNoteBucketId': 27, 'formattedListingNoteContent': 'Clear view', 'displayOrder': 8, 'showsRawNoteText': True, 'sourceListingNoteId': -1}]",4849986,False,False,Row,True,2729707,"¥2,729,707","¥2,729,707",10,Mobile Transfer ticket,3,1,USD,JPY,10000.0,USD,"https://img.vggcdn.net/img/vfsimage2/812551/36868_2449434/0.jpg?im=Resize=(500,271)&v=771",2 days ago,6,False,False,False,False,dox2LBM5ZrHShYT0Uhu0xxcAo%2bgVQzyrviEno0khaLE%3d,False,2026-07-16T04:58:48.2770000Z,False,False,False,False,False,False,0,False,False,False,False,False,0,False,False,0,13367629926,False,D094B839-56DE-4F7E-A3DA-B6E6FE150929,False,False,True,3,6.402450392808937,1.231148835,,,,,"[{'message': 'Popular Pick', 'qualifier': '52 tickets sold for this event', 'hasValue': True, 'messageType': 'BoughtInLastHourSocialProofBased'}]",[],,,,Last tickets,True,,,,,,,,,,,,,
13386082537,153020449,103,122783,103,2,4,7_7,7,7,7,False,False,1,,False,False,[1],594,Lower,1,True,"[{'listingNoteId': -1, 'listingNoteContentId': 3338094, 'formattedListingNoteContent': 'Clear view', 'listingNoteTypeId': 3, 'showToBuyer': True, 'hideInMock': False, 'siteAddedListingNote': False, 'aisleListingNoteWithSplit': False, 'listingNoteDescriptionContentId': 3338095, 'formattedListingNoteDescription': ""You'll have an unrestricted view of the show.""}]","[{'listingNoteBucketId': 27, 'formattedListingNoteContent': 'Clear view', 'displayOrder': 8, 'showsRawNoteText': True, 'sourceListingNoteId': -1}]",2112143,False,False,Row 4,False,2737505,"¥2,737,505","¥2,737,505",10,Mobile Transfer ticket,3,1,USD,JPY,,USD,"https://img.vggcdn.net/img/vfsimage2/812551/594_122783/0.jpg?im=Resize=(500,271)&v=771",20 hours ago,7,False,False,False,False,M%2fKYVcpRGPWXyLvswE09NXAl7sDUIuPTK0pUOl7H85A%3d,False,2026-07-17T20:37:38.5970000Z,False,False,False,False,False,False,0,False,False,False,False,False,0,False,False,0,13386082537,False,4247FD66-B498-49A0-8CF1-6402F7220E50,False,False,True,4,7.493644192211267,1.429990262,,,,,"[{'message': 'Great Value', 'qualifier': 'Based on price, view, seat quality and more', 'hasValue': True, 'messageType': 'ValueBased'}, {'message': 'Popular Pick', 'qualifier': '52 tickets sold for this event', 'hasValue': True, 'messageType': 'BoughtInLastHourSocialProofBased'}]",[],Fan favorite,This section is in the top 10% of sections for this event when ranked based on a count of successful sales over the past 7 days on our site,True,,,,,,,,,,,,,,,
13381624002,153020449,133,122801,133,2,,_,,,,False,False,3,,False,False,"[1, 3]",594,Lower,3,True,"[{'listingNoteId': -1, 'listingNoteContentId': 3338094, 'formattedListingNoteContent': 'Clear view', 'listingNoteTypeId': 3, 'showToBuyer': True, 'hideInMock': False, 'siteAddedListingNote': False, 'aisleListingNoteWithSplit': False, 'listingNoteDescriptionContentId': 3338095, 'formattedListingNoteDescription': ""You'll have an unrestricted view of the show.""}]","[{'listingNoteBucketId': 27, 'formattedListingNoteContent': 'Clear view', 'displayOrder': 8, 'showsRawNoteText': True, 'sourceListingNoteId': -1}]",108763,False,False,Row,True,2765870,"¥2,765,870","¥2,765,870",10,Mobile Transfer ticket,3,1,EUR,JPY,5570.0,EUR,"https://img.vggcdn.net/img/vfsimage2/812551/594_122801/0.jpg?im=Resize=(500,271)&v=771",yesterday,5,False,False,False,False,sX2qklGHNgegUISlaGP5AYAnK%2byy233fXlbq0zuKGqY%3d,False,2026-07-17T08:52:50.4630000Z,False,False,False,False,False,False,0,False,False,False,False,False,0,False,False,0,13381624002,False,5E7A201B-EFA2-40FD-88FF-EEBBCAB44292,False,False,True,3,5.419895774948959,1.115548226,,,,,"[{'message': 'Popular Pick', 'qualifier': '52 tickets sold for this event', 'hasValue': True, 'messageType': 'BoughtInLastHourSocialProofBased'}]",[],,,,Last tickets,True,,,,,,,,,,,,,
13388264807,153020449,205A,1530775,205A,2,1,_,,,,False,False,3,,False,False,"[1, 3]",471,Middle,3,True,"[{'listingNoteId': 2025, 'listingNoteContentId': 3415843, 'formattedListingNoteContent': 'Front Row of Section', 'listingNoteTypeId': 6, 'showToBuyer': True, 'hideInMock': False, 'siteAddedListingNote': False, 'aisleListingNoteWithSplit': False, 'listingNoteDescriptionContentId': 3415843, 'formattedListingNoteDescription': 'Front Row of Section'}, {'listingNoteId': -1, 'listingNoteContentId': 3338094, 'formattedListingNoteContent': 'Clear view', 'listingNoteTypeId': 3, 'showToBuyer': True, 'hideInMock': False, 'siteAddedListingNote': False, 'aisleListingNoteWithSplit': False, 'listingNoteDescriptionContentId': 3338095, 'formattedListingNoteDescription': ""You'll have an unrestricted view of the show.""}]","[{'listingNoteBucketId': 14, 'formattedListingNoteContent': 'Front Row of Section', 'displayOrder': 14, 'showsRawNoteText': True, 'sourceListingNoteId': 2025}, {'listingNoteBucketId': 27, 'formattedListingNoteContent': 'Clear view', 'displayOrder': 8, 'showsRawNoteText': True, 'sourceListingNoteId': -1}]",1593529,False,False,Row 1,False,2770646,"¥2,770,646","¥2,770,646",10,Mobile Transfer ticket,3,1,USD,JPY,7380.0,USD,"https://img.vggcdn.net/img/vfsimage2/812551/471_1530775/0.jpg?im=Resize=(500,271)&v=771",14 hours ago,6,False,False,False,False,tbLkoTf7Snujyg4h9CS1tssZgIjrydTYIKg6IOGpQT8%3d,False,2026-07-18T02:44:12.4870000Z,False,False,False,False,False,False,0,False,False,False,False,False,0,False,False,0,13388264807,False,427292C6-3DA3-474A-A7A7-D27C580B5E17,False,False,True,3,6.364236147439114,1.24389544,,,,,"[{'message': 'Popular Pick', 'qualifier': '52 tickets sold for this event', 'hasValue': True, 'messageType': 'BoughtInLastHourSocialProofBased'}, {'message': 'Front Row', 'qualifier': 'Best seats in the house', 'hasValue': True, 'messageType': 'FirstRowTicketAttributeBased'}]",[2025],,,,,,,,,,,,,,,,,,
13386082810,153020449,131,122800,131,2,22,_,,,,False,False,1,,False,False,[1],594,Lower,1,True,"[{'listingNoteId': 2, 'listingNoteContentId': 1035272, 'formattedListingNoteContent': 'Ticket and meal package', 'listingNoteTypeId': 3, 'showToBuyer': True, 'hideInMock': False, 'siteAddedListingNote': False, 'aisleListingNoteWithSplit': False, 'listingNoteDescriptionContentId': 1277356, 'formattedListingNoteDescription': 'This package comes with a ticket to see your favorite performer along with a free meal!'}, {'listingNoteId': 189, 'listingNoteContentId': 2444744, 'formattedListingNoteContent': 'Complimentary Food & Soft drinks', 'listingNoteTypeId': 3, 'showToBuyer': True, 'hideInMock': False, 'siteAddedListingNote': False, 'aisleListingNoteWithSplit': False, 'listingNoteDescriptionContentId': 3876389, 'formattedListingNoteDescription': 'Complimentary Food & Soft drinks'}, {'listingNoteId': -1, 'listingNoteContentId': 3338094, 'formattedListingNoteContent': 'Clear view', 'listingNoteTypeId': 3, 'showToBuyer': True, 'hideInMock': False, 'siteAddedListingNote': False, 'aisleListingNoteWithSplit': False, 'listingNoteDescriptionContentId': 3338095, 'formattedListingNoteDescription': ""You'll have an unrestricted view of the show.""}]","[{'listingNoteBucketId': 7, 'formattedListingNoteContent': 'Food & beverages', 'displayOrder': 7, 'showsRawNoteText': False}, {'listingNoteBucketId': 27, 'formattedListingNoteContent': 'Clear view', 'displayOrder': 8, 'showsRawNoteText': True, 'sourceListingNoteId': -1}]",2112920,False,False,Row 22,False,2884212,"¥2,884,212","¥2,884,212",10,Mobile Transfer ticket,3,1,GBP,JPY,9000.0,GBP,"https://img.vggcdn.net/img/vfsimage2/812551/594_122800/0.jpg?im=Resize=(500,271)&v=771",20 hours ago,7,False,False,False,False,xd0p6bXfaqFq4ZQs9OPPgfg9zTC7IRv0pYaXI6OQ8TQ%3d,False,2026-07-17T20:37:40.2030000Z,False,False,False,False,False,False,0,False,False,False,False,False,0,False,False,0,13386082810,False,7EF98C99-3954-40C1-9610-97D7CC0DA7CD,False,False,True,3,6.60813615655479,1.333864034,,,,,"[{'message': 'Popular Pick', 'qualifier': '52 tickets sold for this event', 'hasValue': True, 'messageType': 'BoughtInLastHourSocialProofBased'}]",[],,,,,,"¥4,229,744",32.0,"¥1,345,532",,,,,,,,,,
13387634159,153020449,210,122843,210,2,12,5_7,,,5,False,False,3,,False,False,"[1, 2, 3]",471,Middle,3,True,"[{'listingNoteId': -1, 'listingNoteContentId': 3338094, 'formattedListingNoteContent': 'Clear view', 'listingNoteTypeId': 3, 'showToBuyer': True, 'hideInMock': False, 'siteAddedListingNote': False, 'aisleListingNoteWithSplit': False, 'listingNoteDescriptionContentId': 3338095, 'formattedListingNoteDescription': ""You'll have an unrestricted view of the show.""}]","[{'listingNoteBucketId': 27, 'formattedListingNoteContent': 'Clear view', 'displayOrder': 8, 'showsRawNoteText': True, 'sourceListingNoteId': -1}]",702858,False,False,Row 12,False,2893704,"¥2,893,704","¥2,893,704",10,Mobile Transfer ticket,3,1,GBP,JPY,8500.0,GBP,"https://img.vggcdn.net/img/vfsimage2/812551/471_122843/0.jpg?im=Resize=(500,271)&v=771",16 hours ago,6,False,False,False,False,JM5T4xJtnNBWLDnXDeZYW5%2bFSTXLu3inTk3A4PeBS44%3d,False,2026-07-18T00:18:37.0930000Z,False,False,False,False,False,False,0,False,False,False,False,False,0,False,False,0,13387634159,False,C1C19F74-DD15-4CBA-892D-ADA7A1349866,False,False,True,3,6.130767956088217,1.263804131,,,,,"[{'message': 'Popular Pick', 'qualifier': '52 tickets sold for this event', 'hasValue': True, 'messageType': 'BoughtInLastHourSocialProofBased'}]",[],,,,Last tickets,True,,,,,,,,,,,,,
13387866389,153020449,142,122807,142,2,33,21_21,21,21,21,False,False,1,,False,False,[1],594,Lower,1,True,"[{'listingNoteId': 814, 'listingNoteContentId': 2446060, 'formattedListingNoteContent': 'Limited or Obstructed View (printed on ticket)', 'listingNoteTypeId': 1, 'showToBuyer': True, 'hideInMock': False, 'siteAddedListingNote': False, 'aisleListingNoteWithSplit': False, 'listingNoteDescriptionContentId': 2446061, 'formattedListingNoteDescription': 'Limited or Obstructed View (printed on ticket)'}]","[{'listingNoteBucketId': 21, 'formattedListingNoteContent': 'Limited view', 'displayOrder': 21, 'showsRawNoteText': False}]",2113160,False,False,Row 33,False,2895412,"¥2,895,412","¥2,895,412",10,Mobile Transfer ticket,3,1,USD,JPY,10000.0,USD,"https://img.vggcdn.net/img/vfsimage2/812551/594_122807/0.jpg?im=Resize=(500,271)&v=771",16 hours ago,7,False,False,False,False,gsQpD0w7qNKgcSb3DD1b6LYknJjupHPgWCzN399QLVw%3d,False,2026-07-18T01:13:10.2930000Z,False,False,False,False,False,False,0,False,False,False,False,False,0,False,False,0,13387866389,False,8A82218E-1EF6-401C-841F-F1AF49126209,False,False,True,4,7.186923919786331,1.445226969,,,,,"[{'message': 'Great Value', 'qualifier': 'Based on price, view, seat quality and more', 'hasValue': True, 'messageType': 'ValueBased'}, {'message': 'Popular Pick', 'qualifier': '52 tickets sold for this event', 'hasValue': True, 'messageType': 'BoughtInLastHourSocialProofBased'}]",[],,,,,,"¥4,549,269",36.0,"¥1,653,857",,,,,,,,,,
13315732316,153020449,343,122936,343,2,15,_,,,,False,False,1,,False,False,[1],407,Upper,1,True,"[{'listingNoteId': 138, 'listingNoteContentId': 2444629, 'formattedListingNoteContent': 'Paperless Tickets', 'listingNoteTypeId': 4, 'showToBuyer': True, 'hideInMock': False, 'siteAddedListingNote': False, 'aisleListingNoteWithSplit': False, 'listingNoteDescriptionContentId': 2444630, 'formattedListingNoteDescription': 'Paperless Tickets. Instructions for entry will be included in order confirmation email.'}, {'listingNoteId': 1013, 'listingNoteContentId': 2446467, 'formattedListingNoteContent': 'Food and Beverages Available for Purchase', 'listingNoteTypeId': 4, 'showToBuyer': True, 'hideInMock': False, 'siteAddedListingNote': False, 'aisleListingNoteWithSplit': False, 'listingNoteDescriptionContentId': 2446468, 'formattedListingNoteDescription': 'Food and Beverages Available for Purchase'}, {'listingNoteId': -1, 'listingNoteContentId': 3338094, 'formattedListingNoteContent': 'Clear view', 'listingNoteTypeId': 3, 'showToBuyer': True, 'hideInMock': False, 'siteAddedListingNote': False, 'aisleListingNoteWithSplit': False, 'listingNoteDescriptionContentId': 3338095, 'formattedListingNoteDescription': ""You'll have an unrestricted view of the show.""}]","[{'listingNoteBucketId': 8, 'formattedListingNoteContent': 'Food & beverage options', 'displayOrder': 8, 'showsRawNoteText': False}, {'listingNoteBucketId': 0, 'formattedListingNoteContent': 'Paperless Tickets', 'displayOrder': 30, 'showsRawNoteText': True, 'sourceListingNoteId': 138}, {'listingNoteBucketId': 27, 'formattedListingNoteContent': 'Clear view', 'displayOrder': 8, 'showsRawNoteText': True, 'sourceListingNoteId': -1}]",704453,False,False,Row 15,False,2906291,"¥2,906,291","¥2,906,291",10,Mobile Transfer ticket,3,1,USD,JPY,50.0,USD,"https://img.vggcdn.net/img/vfsimage2/812551/407_122936/0.jpg?im=Resize=(500,271)&v=771",8 days ago,2,False,False,False,False,kFXsDYbQQebC1r3%2fgKsJ8915dRrP79nW7YEKLbajSHA%3d,False,2026-07-10T15:20:09.2330000Z,False,False,False,False,False,False,0,False,False,False,False,False,0,False,False,0,13315732316,False,53F1C9D3-6E32-4042-86A0-E8A893703F92,False,False,True,1,2.4900249862637476,0.7786786296,,,,,"[{'message': 'Popular Pick', 'qualifier': '52 tickets sold for this event', 'hasValue': True, 'messageType': 'BoughtInLastHourSocialProofBased'}]",[],,,,Last ticket,True,,,,,,,,,,,,,
13387832166,153020449,117,122792,117,2,15,21_21,21,21,21,False,False,1,,False,False,[1],594,Lower,1,True,"[{'listingNoteId': 814, 'listingNoteContentId': 2446060, 'formattedListingNoteContent': 'Limited or Obstructed View (printed on ticket)', 'listingNoteTypeId': 1, 'showToBuyer': True, 'hideInMock': False, 'siteAddedListingNote': False, 'aisleListingNoteWithSplit': False, 'listingNoteDescriptionContentId': 2446061, 'formattedListingNoteDescription': 'Limited or Obstructed View (printed on ticket)'}]","[{'listingNoteBucketId': 21, 'formattedListingNoteContent': 'Limited view', 'displayOrder': 21, 'showsRawNoteText': False}]",2112554,False,False,Row 15,False,2908592,"¥2,908,592","¥2,908,592",10,Mobile Transfer ticket,3,1,EUR,JPY,11000.0,EUR,"https://img.vggcdn.net/img/vfsimage2/812551/594_122792/0.jpg?im=Resize=(500,271)&v=771",16 hours ago,8,False,False,False,False,kbHUNRrmdTWC996Kl%2bGjHn%2fQsA8wgD4YzBcyzuKKonc%3d,False,2026-07-18T01:07:27.2570000Z,False,False,False,False,False,False,0,False,False,False,False,False,0,False,False,0,13387832166,False,1E054535-80BF-4A01-94D7-3471EE17C534,False,False,True,4,8.334990112893957,1.741732796,,,,,"[{'message': 'Great Value', 'qualifier': 'Based on price, view, seat quality and more', 'hasValue': True, 'messageType': 'ValueBased'}, {'message': 'Popular Pick', 'qualifier': '52 tickets sold for this event', 'hasValue': True, 'messageType': 'BoughtInLastHourSocialProofBased'}]",[],,,,Last ticket,True,,,,,,,,,,,,,
13388308251,153020449,124,122796,124,2,1,_,,,,False,False,5,,False,False,"[1, 2, 3, 4, 5]",594,Lower,5,True,"[{'listingNoteId': 811, 'listingNoteContentId': 2446054, 'formattedListingNoteContent': 'Actual 1st row of the section', 'listingNoteTypeId': 3, 'showToBuyer': True, 'hideInMock': False, 'siteAddedListingNote': False, 'aisleListingNoteWithSplit': False, 'listingNoteDescriptionContentId': 2446055, 'formattedListingNoteDescription': 'Actual 1st row of the section'}, {'listingNoteId': -1, 'listingNoteContentId': 3338094, 'formattedListingNoteContent': 'Clear view', 'listingNoteTypeId': 3, 'showToBuyer': True, 'hideInMock': False, 'siteAddedListingNote': False, 'aisleListingNoteWithSplit': False, 'listingNoteDescriptionContentId': 3338095, 'formattedListingNoteDescription': ""You'll have an unrestricted view of the show.""}]","[{'listingNoteBucketId': 0, 'formattedListingNoteContent': 'Actual 1st row of the section', 'displayOrder': 30, 'showsRawNoteText': True, 'sourceListingNoteId': 811}, {'listingNoteBucketId': 27, 'formattedListingNoteContent': 'Clear view', 'displayOrder': 8, 'showsRawNoteText': True, 'sourceListingNoteId': -1}]",2112716,False,False,Row 1,False,2924655,"¥2,924,655","¥2,924,655",10,Mobile Transfer ticket,3,1,USD,JPY,10990.0,USD,"https://img.vggcdn.net/img/vfsimage2/812551/594_122796/0.jpg?im=Resize=(500,271)&v=771",14 hours ago,8,False,False,False,False,FfTf0rikawSWQ1ytfDI3OicS218ZoXX%2fYxsZBbac178%3d,False,2026-07-18T02:58:06.2000000Z,False,False,False,False,False,False,0,False,False,False,False,False,0,False,False,0,13388308251,False,4FC85C1F-1DE2-48E9-9515-70021EF8743E,False,False,True,4,7.910246720973476,1.630861575,,,,,"[{'message': 'Great Value', 'qualifier': 'Based on price, view, seat quality and more', 'hasValue': True, 'messageType': 'ValueBased'}, {'message': 'Popular Pick', 'qualifier': '50 tickets sold for this event', 'hasValue': True, 'messageType': 'BoughtInLastHourSocialProofBased'}, {'message': 'Front Row', 'qualifier': 'Best seats in the house', 'hasValue': True, 'messageType': 'FirstRowTicketAttributeBased'}]",[811],,,,,,,,,,,,,,,,,,
13388308290,153020449,232C,1530794,232C,2,14,_,,,,False,False,4,,False,False,"[1, 2, 3, 4]",471,Middle,4,True,"[{'listingNoteId': -1, 'listingNoteContentId': 3338094, 'formattedListingNoteContent': 'Clear view', 'listingNoteTypeId': 3, 'showToBuyer': True, 'hideInMock': False, 'siteAddedListingNote': False, 'aisleListingNoteWithSplit': False, 'listingNoteDescriptionContentId': 3338095, 'formattedListingNoteDescription': ""You'll have an unrestricted view of the show.""}]","[{'listingNoteBucketId': 27, 'formattedListingNoteContent': 'Clear view', 'displayOrder': 8, 'showsRawNoteText': True, 'sourceListingNoteId': -1}]",1593479,False,False,Row 14,False,2924655,"¥2,924,655","¥2,924,655",10,Mobile Transfer ticket,3,1,USD,JPY,10990.0,USD,"https://img.vggcdn.net/img/vfsimage2/812551/471_1530794/0.jpg?im=Resize=(500,271)&v=771",14 hours ago,3,False,False,False,False,FfTf0rikawSWQ1ytfDI3OicS218ZoXX%2fYxsZBbac178%3d,False,2026-07-18T02:58:06.5730000Z,False,False,False,False,False,False,0,False,False,False,False,False,0,False,False,0,13388308290,False,2C305A89-07B7-479F-BB4B-1EF906A38F6E,False,False,True,2,3.378296370892527,0.885675885,,,,,"[{'message': 'Popular Pick', 'qualifier': '50 tickets sold for this event', 'hasValue': True, 'messageType': 'BoughtInLastHourSocialProofBased'}]",[],,,,Last tickets,True,"¥3,977,005",26.0,"¥1,052,350",,,,,,,,,,
13387192807,153020449,350,122943,350,2,6,13_14,13,14,13,False,False,2,,False,False,"[1, 2]",407,Upper,2,True,"[{'listingNoteId': 2026, 'listingNoteContentId': 3415844, 'formattedListingNoteContent': 'Second Row of Section', 'listingNoteTypeId': 6, 'showToBuyer': True, 'hideInMock': False, 'siteAddedListingNote': False, 'aisleListingNoteWithSplit': False, 'listingNoteDescriptionContentId': 3415844, 'formattedListingNoteDescription': 'Second Row of Section'}, {'listingNoteId': -1, 'listingNoteContentId': 3338094, 'formattedListingNoteContent': 'Clear view', 'listingNoteTypeId': 3, 'showToBuyer': True, 'hideInMock': False, 'siteAddedListingNote': False, 'aisleListingNoteWithSplit': False, 'listingNoteDescriptionContentId': 3338095, 'formattedListingNoteDescription': ""You'll have an unrestricted view of the show.""}]","[{'listingNoteBucketId': 14, 'formattedListingNoteContent': 'Second Row of Section', 'displayOrder': 14, 'showsRawNoteText': True, 'sourceListingNoteId': 2026}, {'listingNoteBucketId': 27, 'formattedListingNoteContent': 'Clear view', 'displayOrder': 8, 'showsRawNoteText': True, 'sourceListingNoteId': -1}]",2114054,False,False,Row 6,False,2924655,"¥2,924,655","¥2,924,655",16,Mobile Transfer ticket,3,1,USD,JPY,26085.0,USD,"https://img.vggcdn.net/img/vfsimage2/812551/407_122943/0.jpg?im=Resize=(500,271)&v=771",17 hours ago,2,False,False,False,False,CAcRhqn9wLRHmAWJy549pLGSFPRltQfAz%2fUe6HXpcf0%3d,False,2026-07-17T23:15:08.9900000Z,False,False,False,False,False,False,0,False,False,False,False,False,0,False,False,0,13387192807,False,9BAF419C-9A49-409F-9615-B959F62D63AC,False,False,True,1,2.49,0.7910693256,,,,,"[{'message': 'Popular Pick', 'qualifier': '50 tickets sold for this event', 'hasValue': True, 'messageType': 'BoughtInLastHourSocialProofBased'}, {'message': 'Second Row', 'qualifier': 'Premium close-up view', 'hasValue': True, 'messageType': 'SecondRowTicketAttributeBased'}]",[2026],,,,,,,,,,,,,,,,,,
13387639834,153020449,115C,1530769,115C,2,29,_,,,,False,False,1,,False,False,[1],594,Lower,1,True,"[{'listingNoteId': 814, 'listingNoteContentId': 2446060, 'formattedListingNoteContent': 'Limited or Obstructed View (printed on ticket)', 'listingNoteTypeId': 1, 'showToBuyer': True, 'hideInMock': False, 'siteAddedListingNote': False, 'aisleListingNoteWithSplit': False, 'listingNoteDescriptionContentId': 2446061, 'formattedListingNoteDescription': 'Limited or Obstructed View (printed on ticket)'}]","[{'listingNoteBucketId': 21, 'formattedListingNoteContent': 'Limited view', 'displayOrder': 21, 'showsRawNoteText': False}]",1590958,False,False,Row 29,False,2924859,"¥2,924,859","¥2,924,859",10,Mobile Transfer ticket,3,1,USD,JPY,10990.0,USD,"https://img.vggcdn.net/img/vfsimage2/812551/594_1530769/0.jpg?im=Resize=(500,271)&v=771",16 hours ago,9,False,False,False,False,JXqc2yHNW6SCaIZq1d0SiPUEOJKwoZei0deNPpzhDNE%3d,False,2026-07-18T00:19:45.9200000Z,False,False,False,False,False,False,0,False,False,False,False,False,0,False,False,0,13387639834,False,037C6E32-FE6E-41CF-AC97-905810E0CFA8,False,False,True,5,9.087522585820114,2.148637979,,,,,"[{'message': 'Amazing Value', 'qualifier': 'Based on price, view, seat quality and more', 'hasValue': True, 'messageType': 'ValueBased'}, {'message': 'Popular Pick', 'qualifier': '50 tickets sold for this event', 'hasValue': True, 'messageType': 'BoughtInLastHourSocialProofBased'}]",[],,,,,,"¥3,713,147",21.0,"¥788,288",,,,,,,,,,
13081692481,153020449,346,122939,346,2,18,24_24,,,24,False,False,1,,False,False,[1],407,Upper,1,True,"[{'listingNoteId': -1, 'listingNoteContentId': 3338094, 'formattedListingNoteContent': 'Clear view', 'listingNoteTypeId': 3, 'showToBuyer': True, 'hideInMock': False, 'siteAddedListingNote': False, 'aisleListingNoteWithSplit': False, 'listingNoteDescriptionContentId': 3338095, 'formattedListingNoteDescription': ""You'll have an unrestricted view of the show.""}]","[{'listingNoteBucketId': 27, 'formattedListingNoteContent': 'Clear view', 'displayOrder': 8, 'showsRawNoteText': True, 'sourceListingNoteId': -1}]",2113956,False,False,Row 18,False,2930903,"¥2,930,903","¥2,930,903",10,Mobile Transfer ticket,3,1,EUR,JPY,1720.0,EUR,"https://img.vggcdn.net/img/vfsimage2/812551/407_122939/0.jpg?im=Resize=(500,271)&v=771",28 days ago,2,False,False,False,False,CAcRhqn9wLRHmAWJy549pLGSFPRltQfAz%2fUe6HXpcf0%3d,False,2026-06-20T02:50:38.9870000Z,False,False,False,False,False,False,0,False,False,False,False,False,0,False,False,0,13081692481,False,999426A0-A8F4-4FBA-9D6D-6098961C9AFD,False,False,True,1,2.48353838555958,0.7804819445,,,,,"[{'message': 'Popular Pick', 'qualifier': '50 tickets sold for this event', 'hasValue': True, 'messageType': 'BoughtInLastHourSocialProofBased'}]",[],,,,,,"¥5,421,167",46.0,"¥2,490,264",,,,,,,,,,
13082004275,153020449,121,122794,121,2,15,15_15,15,15,15,False,False,1,,False,False,[1],594,Lower,1,True,"[{'listingNoteId': -1, 'listingNoteContentId': 3338094, 'formattedListingNoteContent': 'Clear view', 'listingNoteTypeId': 3, 'showToBuyer': True, 'hideInMock': False, 'siteAddedListingNote': False, 'aisleListingNoteWithSplit': False, 'listingNoteDescriptionContentId': 3338095, 'formattedListingNoteDescription': ""You'll have an unrestricted view of the show.""}]","[{'listingNoteBucketId': 27, 'formattedListingNoteContent': 'Clear view', 'displayOrder': 8, 'showsRawNoteText': True, 'sourceListingNoteId': -1}]",2112627,False,False,Row 15,False,2983139,"¥2,983,139","¥2,983,139",10,Mobile Transfer ticket,3,1,USD,JPY,,USD,"https://img.vggcdn.net/img/vfsimage2/812551/594_122794/0.jpg?im=Resize=(500,271)&v=771",28 days ago,7,False,False,False,False,snpqjewS6OkFMWOaTKFs5u86xX1cV9JS%2fkL%2fA0A68pQ%3d,False,2026-06-20T03:35:06.4300000Z,False,False,False,False,False,False,0,False,False,False,False,False,0,False,False,0,13082004275,False,01B4B336-53B4-408A-8B48-B5511FB36291,False,False,True,3,6.568189578050468,1.372853714,,,,,"[{'message': 'Popular Pick', 'qualifier': '50 tickets sold for this event', 'hasValue': True, 'messageType': 'BoughtInLastHourSocialProofBased'}]",[],,,,,,,,,,,,,,,,,,
13387928587,153020449,135,122803,135,2,33,_,,,,False,False,1,,False,False,[1],594,Lower,1,True,"[{'listingNoteId': 814, 'listingNoteContentId': 2446060, 'formattedListingNoteContent': 'Limited or Obstructed View (printed on ticket)', 'listingNoteTypeId': 1, 'showToBuyer': True, 'hideInMock': False, 'siteAddedListingNote': False, 'aisleListingNoteWithSplit': False, 'listingNoteDescriptionContentId': 2446061, 'formattedListingNoteDescription': 'Limited or Obstructed View (printed on ticket)'}]","[{'listingNoteBucketId': 21, 'formattedListingNoteContent': 'Limited view', 'displayOrder': 21, 'showsRawNoteText': False}]",2113048,False,False,Row 33,False,2999904,"¥2,999,904","¥2,999,904",10,Mobile Transfer ticket,3,1,USD,JPY,10990.0,USD,"https://img.vggcdn.net/img/vfsimage2/812551/594_122803/0.jpg?im=Resize=(500,271)&v=771",15 hours ago,7,False,False,False,False,OUvUz%2bOYxSpwtlxQgXvNAhVop495wAcWzbF%2fv%2bIf82Y%3d,False,2026-07-18T01:24:36.4230000Z,False,False,False,False,False,False,0,False,False,False,False,False,0,False,False,0,13387928587,False,2131A584-232E-46CB-ACDE-A3FD031A98E8,False,False,True,3,6.884263488845997,1.436318915,,,,,"[{'message': 'Popular Pick', 'qualifier': '50 tickets sold for this event', 'hasValue': True, 'messageType': 'BoughtInLastHourSocialProofBased'}]",[],,,,Last ticket,True,,,,,,,,,,,,,
13387711652,153020449,109,122787,109,2,15,7_9,,,7,False,False,3,,False,False,"[1, 3]",594,Lower,3,True,"[{'listingNoteId': 814, 'listingNoteContentId': 2446060, 'formattedListingNoteContent': 'Limited or Obstructed View (printed on ticket)', 'listingNoteTypeId': 1, 'showToBuyer': True, 'hideInMock': False, 'siteAddedListingNote': False, 'aisleListingNoteWithSplit': False, 'listingNoteDescriptionContentId': 2446061, 'formattedListingNoteDescription': 'Limited or Obstructed View (printed on ticket)'}]","[{'listingNoteBucketId': 21, 'formattedListingNoteContent': 'Limited view', 'displayOrder': 21, 'showsRawNoteText': False}]",2112292,False,False,Row 15,False,3011189,"¥3,011,189","¥3,011,189",10,Mobile Transfer ticket,3,1,EUR,JPY,11000.0,EUR,"https://img.vggcdn.net/img/vfsimage2/812551/594_122787/0.jpg?im=Resize=(500,271)&v=771",16 hours ago,7,False,False,False,False,CAcRhqn9wLRHmAWJy549pLGSFPRltQfAz%2fUe6HXpcf0%3d,False,2026-07-18T00:36:56.8070000Z,False,False,False,False,False,False,0,False,False,False,False,False,0,False,False,0,13387711652,False,BB2588C2-4EE5-4BA3-A56A-4B4CAF5FA3CC,False,False,True,4,7.200732408006983,1.506041195,,,,,"[{'message': 'Great Value', 'qualifier': 'Based on price, view, seat quality and more', 'hasValue': True, 'messageType': 'ValueBased'}, {'message': 'Popular Pick', 'qualifier': '50 tickets sold for this event', 'hasValue': True, 'messageType': 'BoughtInLastHourSocialProofBased'}]",[],,,,,,,,,,,,,,,,,,
13391319620,153020449,144,122809,144,2,19,_,,,,False,False,3,,False,False,"[1, 3]",594,Lower,3,True,"[{'listingNoteId': -1, 'listingNoteContentId': 3338094, 'formattedListingNoteContent': 'Clear view', 'listingNoteTypeId': 3, 'showToBuyer': True, 'hideInMock': False, 'siteAddedListingNote': False, 'aisleListingNoteWithSplit': False, 'listingNoteDescriptionContentId': 3338095, 'formattedListingNoteDescription': ""You'll have an unrestricted view of the show.""}]","[{'listingNoteBucketId': 27, 'formattedListingNoteContent': 'Clear view', 'displayOrder': 8, 'showsRawNoteText': True, 'sourceListingNoteId': -1}]",2113211,False,False,Row 19,False,3057027,"¥3,057,027","¥3,057,027",10,Mobile Transfer ticket,3,1,USD,JPY,0.01,USD,"https://img.vggcdn.net/img/vfsimage2/812551/594_122809/0.jpg?im=Resize=(500,271)&v=771",2 hours ago,7,False,False,False,False,HzrOidosOT0jVaubTTh3MV1fSaePUhwyoYWGbcJ5c%2bE%3d,False,2026-07-18T14:43:54.7300000Z,False,False,False,False,False,False,0,False,False,False,False,False,0,False,False,0,13391319620,False,73C63DAB-6432-4F9C-A7E0-39106B42BC8E,False,False,True,3,6.626878373946879,1.41707551,,,,,"[{'message': 'Popular Pick', 'qualifier': '50 tickets sold for this event', 'hasValue': True, 'messageType': 'BoughtInLastHourSocialProofBased'}]",[],,,,,,,,,,,,,,,,,,
13359200064,153020449,146,122810,146,2,32,16_19,,,16,False,False,4,,False,False,"[1, 2, 3, 4]",594,Lower,4,True,"[{'listingNoteId': -1, 'listingNoteContentId': 3338094, 'formattedListingNoteContent': 'Clear view', 'listingNoteTypeId': 3, 'showToBuyer': True, 'hideInMock': False, 'siteAddedListingNote': False, 'aisleListingNoteWithSplit': False, 'listingNoteDescriptionContentId': 3338095, 'formattedListingNoteDescription': ""You'll have an unrestricted view of the show.""}]","[{'listingNoteBucketId': 27, 'formattedListingNoteContent': 'Clear view', 'displayOrder': 8, 'showsRawNoteText': True, 'sourceListingNoteId': -1}]",2113255,False,False,Row 32,False,3078559,"¥3,078,559","¥3,078,559",10,Mobile Transfer ticket,3,1,USD,JPY,11000.0,USD,"https://img.vggcdn.net/img/vfsimage2/812551/594_122810/0.jpg?im=Resize=(500,271)&v=771",3 days ago,4,False,False,False,False,aJI9W0W2w5no0%2fQcgON%2bi3Pufdnr36kQ7FyaXozwiB8%3d,False,2026-07-15T09:59:36.6000000Z,False,False,False,False,False,False,0,False,False,False,False,False,0,False,False,0,13359200064,False,8A1D68F3-F41A-4B3B-9C34-2576AB82A4D5,False,False,True,2,4.449697894139451,1.086768645,,,,,"[{'message': 'Popular Pick', 'qualifier': '50 tickets sold for this event', 'hasValue': True, 'messageType': 'BoughtInLastHourSocialProofBased'}]",[],,,,,,,,,,,,,,,,,,
13384002935,153020449,111A,1530766,111A,2,35,3_3,,,3,False,False,1,,False,False,[1],594,Lower,1,True,"[{'listingNoteId': -1, 'listingNoteContentId': 3338094, 'formattedListingNoteContent': 'Clear view', 'listingNoteTypeId': 3, 'showToBuyer': True, 'hideInMock': False, 'siteAddedListingNote': False, 'aisleListingNoteWithSplit': False, 'listingNoteDescriptionContentId': 3338095, 'formattedListingNoteDescription': ""You'll have an unrestricted view of the show.""}]","[{'listingNoteBucketId': 27, 'formattedListingNoteContent': 'Clear view', 'displayOrder': 8, 'showsRawNoteText': True, 'sourceListingNoteId': -1}]",2112388,False,False,Row 35,False,3117361,"¥3,117,361","¥3,117,361",10,Mobile Transfer ticket,3,14,USD,JPY,0.0,USD,"https://img.vggcdn.net/img/vfsimage2/812551/594_1530766/0.jpg?im=Resize=(500,271)&v=771",yesterday,6,False,False,False,False,yZE876LExSDbL2ZaCkI5BN6gRN5D9lHN9eSFH3wdUi0%3d,False,2026-07-17T16:24:55.3570000Z,False,False,False,False,False,False,0,False,False,False,False,False,0,False,False,0,13384002935,False,C6CAAA65-6B1D-4D2F-8708-28B441FDE3EB,False,False,True,3,5.749665850100305,1.303602585,,,,,"[{'message': 'Popular Pick', 'qualifier': '52 tickets sold for this event', 'hasValue': True, 'messageType': 'BoughtInLastHourSocialProofBased'}]",[],,,,,,"¥4,069,668",23.0,"¥952,307",,,,,,,,,,
13367629921,153020449,Spain Supporters Standard Tier,2447958,Spain Supporters Standard Tier,2,,_,,,,False,False,2,,False,False,"[1, 2]",1666,Spain Supporters,2,True,"[{'listingNoteId': -1, 'listingNoteContentId': 3338094, 'formattedListingNoteContent': 'Clear view', 'listingNoteTypeId': 3, 'showToBuyer': True, 'hideInMock': False, 'siteAddedListingNote': False, 'aisleListingNoteWithSplit': False, 'listingNoteDescriptionContentId': 3338095, 'formattedListingNoteDescription': ""You'll have an unrestricted view of the show.""}]","[{'listingNoteBucketId': 27, 'formattedListingNoteContent': 'Clear view', 'displayOrder': 8, 'showsRawNoteText': True, 'sourceListingNoteId': -1}]",4847588,False,False,Row,True,3119602,"¥3,119,602","¥3,119,602",10,Mobile Transfer ticket,3,1,USD,JPY,10000.0,USD,"https://img.vggcdn.net/img/vfsimage2/812551/1666_2447958/0.jpg?im=Resize=(500,271)&v=771",2 days ago,5,False,False,False,False,igjMyzQP1%2bbqxfI%2b5AH3VhvvTkEJSdl4rwm2TVEgpHI%3d,False,2026-07-16T04:58:48.2230000Z,False,False,False,False,False,False,0,False,False,False,False,False,0,False,False,0,13367629921,False,C78A0996-A5FD-4EDB-B606-B45918CA2B2D,False,False,True,3,5.413702887243442,1.25740229,,,,,"[{'message': 'Popular Pick', 'qualifier': '52 tickets sold for this event', 'hasValue': True, 'messageType': 'BoughtInLastHourSocialProofBased'}]",[],,,,Last tickets,True,,,,,,,,,,,,,
13384673124,153020449,144,122809,144,2,10,4_4,,,4,False,False,1,,False,False,[1],594,Lower,1,True,"[{'listingNoteId': -1, 'listingNoteContentId': 3338094, 'formattedListingNoteContent': 'Clear view', 'listingNoteTypeId': 3, 'showToBuyer': True, 'hideInMock': False, 'siteAddedListingNote': False, 'aisleListingNoteWithSplit': False, 'listingNoteDescriptionContentId': 3338095, 'formattedListingNoteDescription': ""You'll have an unrestricted view of the show.""}]","[{'listingNoteBucketId': 27, 'formattedListingNoteContent': 'Clear view', 'displayOrder': 8, 'showsRawNoteText': True, 'sourceListingNoteId': -1}]",2113202,False,False,Row 10,False,3136271,"¥3,136,271","¥3,136,271",10,Mobile Transfer ticket,3,14,USD,JPY,0.0,USD,"https://img.vggcdn.net/img/vfsimage2/812551/594_122809/0.jpg?im=Resize=(500,271)&v=771",23 hours ago,7,False,False,False,False,QWklocWkyx5JtYoejur8X18I%2bI8q12eoEcm5O9S8c1I%3d,False,2026-07-17T17:37:18.5630000Z,False,False,False,False,False,False,0,False,False,False,False,False,0,False,False,0,13384673124,False,7F68FBA6-39B6-4266-9A1D-544E389F4AEB,False,False,True,4,7.362520184686001,1.606366535,,,,,"[{'message': 'Great Value', 'qualifier': 'Based on price, view, seat quality and more', 'hasValue': True, 'messageType': 'ValueBased'}, {'message': 'Popular Pick', 'qualifier': '52 tickets sold for this event', 'hasValue': True, 'messageType': 'BoughtInLastHourSocialProofBased'}]",[],,,,,,,,,,,,,,,,,,
13388207453,153020449,217,122849,217,2,10,21_24,21,24,21,False,False,4,,False,False,"[1, 2, 4]",471,Middle,4,True,"[{'listingNoteId': -1, 'listingNoteContentId': 3338094, 'formattedListingNoteContent': 'Clear view', 'listingNoteTypeId': 3, 'showToBuyer': True, 'hideInMock': False, 'siteAddedListingNote': False, 'aisleListingNoteWithSplit': False, 'listingNoteDescriptionContentId': 3338095, 'formattedListingNoteDescription': ""You'll have an unrestricted view of the show.""}]","[{'listingNoteBucketId': 27, 'formattedListingNoteContent': 'Clear view', 'displayOrder': 8, 'showsRawNoteText': True, 'sourceListingNoteId': -1}]",702934,False,False,Row 10,False,3147213,"¥3,147,213","¥3,147,213",10,Mobile Transfer ticket,3,1,USD,JPY,10990.0,USD,"https://img.vggcdn.net/img/vfsimage2/812551/471_122849/0.jpg?im=Resize=(500,271)&v=771",14 hours ago,6,False,False,False,False,0I2fDow914dWzdKntzULFhEfL8FnTH7OXzMyXXsd68A%3d,False,2026-07-18T02:31:26.5570000Z,False,False,False,False,False,False,0,False,False,False,False,False,0,False,False,0,13388207453,False,88E45F51-992D-414E-8328-D5B44E0740D4,False,False,True,3,6.49871913497247,1.436120465,,,,,"[{'message': 'Popular Pick', 'qualifier': '52 tickets sold for this event', 'hasValue': True, 'messageType': 'BoughtInLastHourSocialProofBased'}]",[],,,,,,,,,,,,,,,,,,
13388207226,153020449,217,122849,217,2,11,21_24,21,24,21,False,False,4,,False,False,"[1, 2, 4]",471,Middle,4,True,"[{'listingNoteId': -1, 'listingNoteContentId': 3338094, 'formattedListingNoteContent': 'Clear view', 'listingNoteTypeId': 3, 'showToBuyer': True, 'hideInMock': False, 'siteAddedListingNote': False, 'aisleListingNoteWithSplit': False, 'listingNoteDescriptionContentId': 3338095, 'formattedListingNoteDescription': ""You'll have an unrestricted view of the show.""}]","[{'listingNoteBucketId': 27, 'formattedListingNoteContent': 'Clear view', 'displayOrder': 8, 'showsRawNoteText': True, 'sourceListingNoteId': -1}]",702935,False,False,Row 11,False,3147213,"¥3,147,213","¥3,147,213",10,Mobile Transfer ticket,3,1,USD,JPY,10990.0,USD,"https://img.vggcdn.net/img/vfsimage2/812551/471_122849/0.jpg?im=Resize=(500,271)&v=771",14 hours ago,6,False,False,False,False,0I2fDow914dWzdKntzULFhEfL8FnTH7OXzMyXXsd68A%3d,False,2026-07-18T02:31:09.9230000Z,False,False,False,False,False,False,0,False,False,False,False,False,0,False,False,0,13388207226,False,9F8F1A36-EEA9-4744-93AA-A30201828076,False,False,True,3,6.274156194610935,1.397897973,,,,,"[{'message': 'Popular Pick', 'qualifier': '52 tickets sold for this event', 'hasValue': True, 'messageType': 'BoughtInLastHourSocialProofBased'}]",[],,,,,,,,,,,,,,,,,,
13364048140,153020449,149,122812,149,2,7,12_14,,,12,False,False,3,,False,False,"[1, 3]",594,Lower,3,True,"[{'listingNoteId': -1, 'listingNoteContentId': 3338094, 'formattedListingNoteContent': 'Clear view', 'listingNoteTypeId': 3, 'showToBuyer': True, 'hideInMock': False, 'siteAddedListingNote': False, 'aisleListingNoteWithSplit': False, 'listingNoteDescriptionContentId': 3338095, 'formattedListingNoteDescription': ""You'll have an unrestricted view of the show.""}]","[{'listingNoteBucketId': 27, 'formattedListingNoteContent': 'Clear view', 'displayOrder': 8, 'showsRawNoteText': True, 'sourceListingNoteId': -1}]",2113372,False,False,Row 7,False,3205495,"¥3,205,495","¥3,205,495",10,Mobile Transfer ticket,3,1,USD,JPY,0.0,USD,"https://img.vggcdn.net/img/vfsimage2/812551/594_122812/0.jpg?im=Resize=(500,271)&v=771",2 days ago,7,False,False,False,False,aQJNqYksFe0behQBoDD%2fsFU07hbUQShYAtPHldLaZI0%3d,False,2026-07-15T20:58:41.9000000Z,False,False,False,False,False,False,0,False,False,False,False,False,0,False,False,0,13364048140,False,A83C5F37-BFD5-4E48-8191-BC3669F2018E,False,False,True,3,6.839342238328862,1.526010398,,,,,"[{'message': 'Popular Pick', 'qualifier': '52 tickets sold for this event', 'hasValue': True, 'messageType': 'BoughtInLastHourSocialProofBased'}]",[],,,,,,,,,,,,,,,,,,
13226218584,153020449,331,122924,331,2,17,_,,,,False,False,1,,False,False,[1],407,Upper,4,True,"[{'listingNoteId': 74, 'listingNoteContentId': 1288630, 'formattedListingNoteContent': 'Over 18 Ticket', 'listingNoteTypeId': 2, 'showToBuyer': True, 'hideInMock': False, 'siteAddedListingNote': False, 'aisleListingNoteWithSplit': False, 'formattedListingNoteDescription': ''}, {'listingNoteId': -1, 'listingNoteContentId': 3338094, 'formattedListingNoteContent': 'Clear view', 'listingNoteTypeId': 3, 'showToBuyer': True, 'hideInMock': False, 'siteAddedListingNote': False, 'aisleListingNoteWithSplit': False, 'listingNoteDescriptionContentId': 3338095, 'formattedListingNoteDescription': ""You'll have an unrestricted view of the show.""}]","[{'listingNoteBucketId': 24, 'formattedListingNoteContent': 'Over 18 Ticket', 'displayOrder': 24, 'showsRawNoteText': True, 'sourceListingNoteId': 74}, {'listingNoteBucketId': 27, 'formattedListingNoteContent': 'Clear view', 'displayOrder': 8, 'showsRawNoteText': True, 'sourceListingNoteId': -1}]",2113932,False,False,Row 17,False,3234207,"¥3,234,207","¥3,234,207",10,Mobile Transfer ticket,3,1,EUR,JPY,1772.0,EUR,"https://img.vggcdn.net/img/vfsimage2/812551/407_122924/0.jpg?im=Resize=(500,271)&v=771",15 days ago,2,False,False,False,False,mnJ%2b9WismGZF3ifcAqm2BgJkkuulOoua9ZXDybiG7rs%3d,False,2026-07-03T05:57:00.4270000Z,False,False,False,False,False,False,0,False,False,False,False,False,0,False,False,0,13226218584,False,1E6D8F19-E80B-47E6-95F3-63F2436B97FD,False,False,True,1,2.329688607446217,0.7523624922,,,,,"[{'message': 'Popular Pick', 'qualifier': '52 tickets sold for this event', 'hasValue': True, 'messageType': 'BoughtInLastHourSocialProofBased'}]",[],,,,,,,,,,,,,,,,,,
13386258853,153020449,143,122808,143,2,19,_,,,,False,False,3,,False,False,"[1, 3]",594,Lower,3,True,"[{'listingNoteId': -1, 'listingNoteContentId': 3338094, 'formattedListingNoteContent': 'Clear view', 'listingNoteTypeId': 3, 'showToBuyer': True, 'hideInMock': False, 'siteAddedListingNote': False, 'aisleListingNoteWithSplit': False, 'listingNoteDescriptionContentId': 3338095, 'formattedListingNoteDescription': ""You'll have an unrestricted view of the show.""}]","[{'listingNoteBucketId': 27, 'formattedListingNoteContent': 'Clear view', 'displayOrder': 8, 'showsRawNoteText': True, 'sourceListingNoteId': -1}]",2113178,False,False,Row 19,False,3248075,"¥3,248,075","¥3,248,075",10,Mobile Transfer ticket,3,1,USD,JPY,13086.0,USD,"https://img.vggcdn.net/img/vfsimage2/812551/594_122808/0.jpg?im=Resize=(500,271)&v=771",20 hours ago,7,False,False,False,False,Usgig36IsH02tuCEJb591agZuCjv8Vx61ApbywI0tPA%3d,False,2026-07-17T21:07:11.7000000Z,False,False,False,False,False,False,0,False,False,False,False,False,0,False,False,0,13386258853,False,378FBDAC-BB38-449B-856C-134D39863E33,False,False,True,4,7.188729464461665,1.621708929,,,,,"[{'message': 'Great Value', 'qualifier': 'Based on price, view, seat quality and more', 'hasValue': True, 'messageType': 'ValueBased'}, {'message': 'Popular Pick', 'qualifier': '52 tickets sold for this event', 'hasValue': True, 'messageType': 'BoughtInLastHourSocialProofBased'}]",[],,,,Last tickets,True,"¥4,169,923",22.0,"¥921,848",,,,,,,,,,
13315774554,153020449,209,122842,209,2,4,_,,,,False,False,1,,False,False,[1],471,Middle,1,True,"[{'listingNoteId': 165, 'listingNoteContentId': 2444685, 'formattedListingNoteContent': 'Preferred Seating', 'listingNoteTypeId': 3, 'showToBuyer': True, 'hideInMock': False, 'siteAddedListingNote': False, 'aisleListingNoteWithSplit': False, 'listingNoteDescriptionContentId': 2444686, 'formattedListingNoteDescription': 'Preferred Seating'}, {'listingNoteId': -1, 'listingNoteContentId': 3338094, 'formattedListingNoteContent': 'Clear view', 'listingNoteTypeId': 3, 'showToBuyer': True, 'hideInMock': False, 'siteAddedListingNote': False, 'aisleListingNoteWithSplit': False, 'listingNoteDescriptionContentId': 3338095, 'formattedListingNoteDescription': ""You'll have an unrestricted view of the show.""}]","[{'listingNoteBucketId': 11, 'formattedListingNoteContent': 'Preferred Seating', 'displayOrder': 11, 'showsRawNoteText': True, 'sourceListingNoteId': 165}, {'listingNoteBucketId': 27, 'formattedListingNoteContent': 'Clear view', 'displayOrder': 8, 'showsRawNoteText': True, 'sourceListingNoteId': -1}]",702838,False,False,Row 4,False,3400716,"¥3,400,716","¥3,400,716",10,Mobile Transfer ticket,3,1,USD,JPY,0.0,USD,"https://img.vggcdn.net/img/vfsimage2/812551/471_122842/0.jpg?im=Resize=(500,271)&v=771",8 days ago,5,False,False,False,False,tLbDPRitY4vBiaYUO9BLTOOHOqCoEaGDVrnIH36IAp4%3d,False,2026-07-10T15:26:53.5530000Z,False,False,False,False,False,False,0,False,False,False,False,False,0,False,False,0,13315774554,False,9D74EA39-62E9-46BC-9300-704658F0ECC1,False,False,True,3,5.346227904696906,1.360849678,,,,,"[{'message': 'Popular Pick', 'qualifier': '52 tickets sold for this event', 'hasValue': True, 'messageType': 'BoughtInLastHourSocialProofBased'}]",[],,,,Last ticket,True,"¥4,833,519",30.0,"¥1,432,803",,,,,,,,,,
13391928888,153020449,144,122809,144,2,9,12_12,12,12,12,False,False,1,,False,False,[1],594,Lower,1,True,"[{'listingNoteId': 811, 'listingNoteContentId': 2446054, 'formattedListingNoteContent': 'Actual 1st row of the section', 'listingNoteTypeId': 3, 'showToBuyer': True, 'hideInMock': False, 'siteAddedListingNote': False, 'aisleListingNoteWithSplit': False, 'listingNoteDescriptionContentId': 2446055, 'formattedListingNoteDescription': 'Actual 1st row of the section'}, {'listingNoteId': 2271, 'listingNoteContentId': 4178214, 'formattedListingNoteContent': 'Premium Front Row', 'listingNoteTypeId': 3, 'showToBuyer': True, 'hideInMock': False, 'siteAddedListingNote': False, 'aisleListingNoteWithSplit': False, 'formattedListingNoteDescription': ''}, {'listingNoteId': -1, 'listingNoteContentId': 3338094, 'formattedListingNoteContent': 'Clear view', 'listingNoteTypeId': 3, 'showToBuyer': True, 'hideInMock': False, 'siteAddedListingNote': False, 'aisleListingNoteWithSplit': False, 'listingNoteDescriptionContentId': 3338095, 'formattedListingNoteDescription': ""You'll have an unrestricted view of the show.""}]","[{'listingNoteBucketId': 0, 'formattedListingNoteContent': 'Actual 1st row of the section', 'displayOrder': 30, 'showsRawNoteText': True, 'sourceListingNoteId': 811}, {'listingNoteBucketId': 0, 'formattedListingNoteContent': 'Premium Front Row', 'displayOrder': 30, 'showsRawNoteText': True, 'sourceListingNoteId': 2271}, {'listingNoteBucketId': 27, 'formattedListingNoteContent': 'Clear view', 'displayOrder': 8, 'showsRawNoteText': True, 'sourceListingNoteId': -1}]",2113231,False,False,Row 9,False,3421770,"¥3,421,770","¥3,421,770",10,Mobile Transfer ticket,3,1,USD,JPY,,USD,"https://img.vggcdn.net/img/vfsimage2/812551/594_122809/0.jpg?im=Resize=(500,271)&v=771",5 minutes ago,7,False,False,False,False,2XnxpArT7HUn9%2fRhgm0kSUufUoJ6GCfauz680LPYI0c%3d,False,2026-07-18T17:09:02.4630000Z,False,False,False,False,False,False,0,False,False,False,False,False,0,False,False,0,13391928888,False,D129556F-BEFA-424C-A7D5-03DE2FD64AD8,False,False,True,3,6.83844150520795,1.628798313,,,,,"[{'message': 'Popular Pick', 'qualifier': '52 tickets sold for this event', 'hasValue': True, 'messageType': 'BoughtInLastHourSocialProofBased'}, {'message': 'Front Row', 'qualifier': 'Best seats in the house', 'hasValue': True, 'messageType': 'FirstRowTicketAttributeBased'}]",[811],,,,,,,,,,,,,,,,,,
13382813688,153020449,115A,1530768,115A,2,,12_,,,12,False,False,1,,False,False,[1],594,Lower,1,True,"[{'listingNoteId': -1, 'listingNoteContentId': 3338094, 'formattedListingNoteContent': 'Clear view', 'listingNoteTypeId': 3, 'showToBuyer': True, 'hideInMock': False, 'siteAddedListingNote': False, 'aisleListingNoteWithSplit': False, 'listingNoteDescriptionContentId': 3338095, 'formattedListingNoteDescription': ""You'll have an unrestricted view of the show.""}]","[{'listingNoteBucketId': 27, 'formattedListingNoteContent': 'Clear view', 'displayOrder': 8, 'showsRawNoteText': True, 'sourceListingNoteId': -1}]",1582952,False,False,Row,True,3513500,"¥3,513,500","¥3,513,500",10,Mobile Transfer ticket,3,1,AUD,JPY,18000.0,AUD,"https://img.vggcdn.net/img/vfsimage2/812551/594_1530768/0.jpg?im=Resize=(500,271)&v=771",yesterday,4,False,False,False,False,piW3IbjFdEyUpmyJmeg%2bDJJW8cPZfvDGEITb2fUebAY%3d,False,2026-07-17T13:12:28.9230000Z,False,False,False,False,False,False,0,False,False,False,False,False,0,False,False,0,13382813688,False,1D2DA127-4E7C-4152-BB40-C0D344DF1A91,False,False,True,2,4.452524354603112,1.240872413,,,,,"[{'message': 'Popular Pick', 'qualifier': '52 tickets sold for this event', 'hasValue': True, 'messageType': 'BoughtInLastHourSocialProofBased'}]",[],,,,,,"¥4,892,090",28.0,"¥1,378,590",,,,,,,,,,
13351097261,153020449,134,122802,134,2,8,20_20,20,20,20,False,False,1,,False,False,[1],594,Lower,1,True,"[{'listingNoteId': -1, 'listingNoteContentId': 3338094, 'formattedListingNoteContent': 'Clear view', 'listingNoteTypeId': 3, 'showToBuyer': True, 'hideInMock': False, 'siteAddedListingNote': False, 'aisleListingNoteWithSplit': False, 'listingNoteDescriptionContentId': 3338095, 'formattedListingNoteDescription': ""You'll have an unrestricted view of the show.""}]","[{'listingNoteBucketId': 27, 'formattedListingNoteContent': 'Clear view', 'displayOrder': 8, 'showsRawNoteText': True, 'sourceListingNoteId': -1}]",2113020,False,False,Row 8,False,3629662,"¥3,629,662","¥3,629,662",10,Mobile Transfer ticket,3,1,USD,JPY,,USD,"https://img.vggcdn.net/img/vfsimage2/812551/594_122802/0.jpg?im=Resize=(500,271)&v=771",4 days ago,7,False,False,False,False,pYKeerTDfc7ZL5%2fTAIFPoi7YXa2bNFMqJSaCtQSCgIc%3d,False,2026-07-14T16:50:38.1100000Z,False,False,False,False,False,False,0,False,False,False,False,False,0,False,False,0,13351097261,False,780A5629-8558-406B-AAD4-1D7F0ABC1D98,False,False,True,4,7.461447555286282,1.886883891,,,,,"[{'message': 'Great Value', 'qualifier': 'Based on price, view, seat quality and more', 'hasValue': True, 'messageType': 'ValueBased'}, {'message': 'Popular Pick', 'qualifier': '52 tickets sold for this event', 'hasValue': True, 'messageType': 'BoughtInLastHourSocialProofBased'}]",[],,,,Last ticket,True,,,,,,,,,,,,,
13386086959,153020449,235,122862,235,2,9,_,,,,False,False,2,,False,False,"[1, 2]",471,Middle,2,True,"[{'listingNoteId': 263, 'listingNoteContentId': 2444900, 'formattedListingNoteContent': 'VIP Club', 'listingNoteTypeId': 3, 'showToBuyer': True, 'hideInMock': False, 'siteAddedListingNote': False, 'aisleListingNoteWithSplit': False, 'listingNoteDescriptionContentId': 2444901, 'formattedListingNoteDescription': 'VIP Club - Club opens 90 minutes prior to tipoff and offers access to a lounge area with televisions, plush seating and private restrooms as well as all-inclusive food, draft beer, and house wine'}, {'listingNoteId': 424, 'listingNoteContentId': 2445241, 'formattedListingNoteContent': 'Access to VIP Club', 'listingNoteTypeId': 3, 'showToBuyer': True, 'hideInMock': False, 'siteAddedListingNote': False, 'aisleListingNoteWithSplit': False, 'formattedListingNoteDescription': ''}, {'listingNoteId': 1367, 'listingNoteContentId': 2447255, 'formattedListingNoteContent': 'Includes club access', 'listingNoteTypeId': 3, 'showToBuyer': True, 'hideInMock': False, 'siteAddedListingNote': False, 'aisleListingNoteWithSplit': False, 'listingNoteDescriptionContentId': 2447256, 'formattedListingNoteDescription': 'Includes club access'}, {'listingNoteId': -1, 'listingNoteContentId': 3338094, 'formattedListingNoteContent': 'Clear view', 'listingNoteTypeId': 3, 'showToBuyer': True, 'hideInMock': False, 'siteAddedListingNote': False, 'aisleListingNoteWithSplit': False, 'listingNoteDescriptionContentId': 3338095, 'formattedListingNoteDescription': ""You'll have an unrestricted view of the show.""}]","[{'listingNoteBucketId': 1, 'formattedListingNoteContent': 'VIP packages', 'displayOrder': 1, 'showsRawNoteText': False}, {'listingNoteBucketId': 4, 'formattedListingNoteContent': 'Club access', 'displayOrder': 4, 'showsRawNoteText': False}, {'listingNoteBucketId': 27, 'formattedListingNoteContent': 'Clear view', 'displayOrder': 8, 'showsRawNoteText': True, 'sourceListingNoteId': -1}]",703280,False,False,Row 9,False,3680036,"¥3,680,036","¥3,680,036",10,Mobile Transfer ticket,3,1,USD,JPY,10900.0,USD,"https://img.vggcdn.net/img/vfsimage2/812551/471_122862/0.jpg?im=Resize=(500,271)&v=771",20 hours ago,6,False,False,False,False,Q1hD4HinDxyRKaczYWS0vYntC7byDgfsUDE5bojOSTU%3d,False,2026-07-17T20:38:02.3370000Z,False,False,False,False,False,False,0,False,False,False,False,False,0,False,False,0,13386086959,False,E58BA867-0A91-40F0-89C8-3BC4F569FC58,False,False,True,3,6.115567842281221,1.604439423,,,,,"[{'message': 'Popular Pick', 'qualifier': '52 tickets sold for this event', 'hasValue': True, 'messageType': 'BoughtInLastHourSocialProofBased'}]",[],,,,,,"¥6,388,730",42.0,"¥2,708,694",,,,,,,,,,
13252686648,153020449,Middle,1546668,Middle,3,,_,,,,False,False,2,,False,False,"[1, 2]",471,Middle,2,True,"[{'listingNoteId': -1, 'listingNoteContentId': 3338094, 'formattedListingNoteContent': 'Clear view', 'listingNoteTypeId': 3, 'showToBuyer': True, 'hideInMock': False, 'siteAddedListingNote': False, 'aisleListingNoteWithSplit': False, 'listingNoteDescriptionContentId': 3338095, 'formattedListingNoteDescription': ""You'll have an unrestricted view of the show.""}]","[{'listingNoteBucketId': 27, 'formattedListingNoteContent': 'Clear view', 'displayOrder': 8, 'showsRawNoteText': True, 'sourceListingNoteId': -1}]",1641235,False,False,Row,True,3683019,"¥3,683,019","¥3,683,019",10,Mobile Transfer ticket,3,1,USD,JPY,10000.0,USD,"https://img.vggcdn.net/img/vfsimage2/812551/471_1546668/0.jpg?im=Resize=(500,271)&v=771",13 days ago,0,False,False,True,True,UXZDBIEZv6bvTXAYhxF46zdJhD8xr%2b6lO6TYGkhsiUQ%3d,False,2026-07-05T16:54:09.3370000Z,False,False,False,False,False,False,0,False,False,False,False,False,0,False,False,0,13252686648,False,BE4CB95E-5AE6-4A1A-872B-EE32FCE83F15,False,False,True,0,,,,,,,"[{'message': 'Popular Pick', 'qualifier': '52 tickets sold for this event', 'hasValue': True, 'messageType': 'BoughtInLastHourSocialProofBased'}]",[],,,,Last tickets,True,"¥6,318,280",42.0,"¥2,635,261",,,,,,,,,,
13382102329,153020449,116,122791,116,2,10,10_10,,,10,False,False,1,,False,False,[1],594,Lower,1,True,"[{'listingNoteId': -1, 'listingNoteContentId': 3338094, 'formattedListingNoteContent': 'Clear view', 'listingNoteTypeId': 3, 'showToBuyer': True, 'hideInMock': False, 'siteAddedListingNote': False, 'aisleListingNoteWithSplit': False, 'listingNoteDescriptionContentId': 3338095, 'formattedListingNoteDescription': ""You'll have an unrestricted view of the show.""}]","[{'listingNoteBucketId': 27, 'formattedListingNoteContent': 'Clear view', 'displayOrder': 8, 'showsRawNoteText': True, 'sourceListingNoteId': -1}]",2112514,False,False,Row 10,False,3734771,"¥3,734,771","¥3,734,771",10,Mobile Transfer ticket,3,1,EUR,JPY,10900.0,EUR,"https://img.vggcdn.net/img/vfsimage2/812551/594_122791/0.jpg?im=Resize=(500,271)&v=771",yesterday,8,False,False,False,False,%2bcccquQ%2bEZKiJOp7FftZxqk67wUPEDhm9m%2fUSvzW9BQ%3d,False,2026-07-17T10:45:14.1300000Z,False,False,False,False,False,False,0,False,False,False,False,False,0,False,False,0,13382102329,False,036FFA18-639A-43FD-AC7A-99A2292155BF,False,False,True,4,8.348132881433559,2.241669012,,,,,"[{'message': 'Great Value', 'qualifier': 'Based on price, view, seat quality and more', 'hasValue': True, 'messageType': 'ValueBased'}, {'message': 'Popular Pick', 'qualifier': '52 tickets sold for this event', 'hasValue': True, 'messageType': 'BoughtInLastHourSocialProofBased'}]",[],,,,Last ticket,True,,,,,,,,,,,,,
13377547900,153020449,126,122797,126,2,4,_,,,,False,False,1,,False,False,[1],594,Lower,1,True,"[{'listingNoteId': -1, 'listingNoteContentId': 3338094, 'formattedListingNoteContent': 'Clear view', 'listingNoteTypeId': 3, 'showToBuyer': True, 'hideInMock': False, 'siteAddedListingNote': False, 'aisleListingNoteWithSplit': False, 'listingNoteDescriptionContentId': 3338095, 'formattedListingNoteDescription': ""You'll have an unrestricted view of the show.""}]","[{'listingNoteBucketId': 27, 'formattedListingNoteContent': 'Clear view', 'displayOrder': 8, 'showsRawNoteText': True, 'sourceListingNoteId': -1}]",2112798,False,False,Row 4,False,3775026,"¥3,775,026","¥3,775,026",10,Mobile Transfer ticket,3,1,SGD,JPY,19357.0,SGD,"https://img.vggcdn.net/img/vfsimage2/812551/594_122797/0.jpg?im=Resize=(500,271)&v=771",yesterday,7,False,False,False,False,tn4qoi8hVNnHODjYV7mFBNfIPxEBTqBi8q9rYHuz%2fCo%3d,False,2026-07-16T23:18:14.4900000Z,False,False,False,False,False,False,0,False,False,False,False,False,0,False,False,0,13377547900,False,DB12C7EA-D647-4532-BC9E-15008BF1B14F,False,False,True,3,6.800445059337818,1.788343108,,,,,"[{'message': 'Popular Pick', 'qualifier': '52 tickets sold for this event', 'hasValue': True, 'messageType': 'BoughtInLastHourSocialProofBased'}]",[],,,,,,,,,,,,,,,,,,
13374673023,153020449,109,122787,109,2,9,22_22,22,22,22,False,False,1,,False,False,[1],594,Lower,1,True,"[{'listingNoteId': 10, 'listingNoteContentId': 1036546, 'formattedListingNoteContent': 'Aisle seat', 'listingNoteTypeId': 3, 'showToBuyer': True, 'hideInMock': False, 'siteAddedListingNote': False, 'aisleListingNoteWithSplit': False, 'listingNoteDescriptionContentId': 4177929, 'formattedListingNoteDescription': 'Aisle seat'}, {'listingNoteId': 165, 'listingNoteContentId': 2444685, 'formattedListingNoteContent': 'Preferred Seating', 'listingNoteTypeId': 3, 'showToBuyer': True, 'hideInMock': False, 'siteAddedListingNote': False, 'aisleListingNoteWithSplit': False, 'listingNoteDescriptionContentId': 2444686, 'formattedListingNoteDescription': 'Preferred Seating'}, {'listingNoteId': 1001, 'listingNoteContentId': 2446443, 'formattedListingNoteContent': 'Actual 3rd row of section', 'listingNoteTypeId': 3, 'showToBuyer': True, 'hideInMock': False, 'siteAddedListingNote': False, 'aisleListingNoteWithSplit': False, 'listingNoteDescriptionContentId': 2446444, 'formattedListingNoteDescription': 'Actual 3rd row of section'}, {'listingNoteId': -1, 'listingNoteContentId': 3338094, 'formattedListingNoteContent': 'Clear view', 'listingNoteTypeId': 3, 'showToBuyer': True, 'hideInMock': False, 'siteAddedListingNote': False, 'aisleListingNoteWithSplit': False, 'listingNoteDescriptionContentId': 3338095, 'formattedListingNoteDescription': ""You'll have an unrestricted view of the show.""}]","[{'listingNoteBucketId': 11, 'formattedListingNoteContent': 'Preferred Seating', 'displayOrder': 11, 'showsRawNoteText': True, 'sourceListingNoteId': 165}, {'listingNoteBucketId': 14, 'formattedListingNoteContent': 'Aisle seat', 'displayOrder': 14, 'showsRawNoteText': True, 'sourceListingNoteId': 10}, {'listingNoteBucketId': 14, 'formattedListingNoteContent': 'Actual 3rd row of section', 'displayOrder': 14, 'showsRawNoteText': True, 'sourceListingNoteId': 1001}, {'listingNoteBucketId': 27, 'formattedListingNoteContent': 'Clear view', 'displayOrder': 8, 'showsRawNoteText': True, 'sourceListingNoteId': -1}]",2112322,False,False,Row 9,False,3860401,"¥3,860,401","¥3,860,401",10,Mobile Transfer ticket,3,1,USD,JPY,,USD,"https://img.vggcdn.net/img/vfsimage2/812551/594_122787/0.jpg?im=Resize=(500,271)&v=771",yesterday,6,False,False,False,False,uF3KQhXHUruz3SdpJMXHsvD4wKnaQT0qAibWn5AqX3o%3d,False,2026-07-16T17:44:09.5400000Z,False,False,False,False,False,False,0,False,False,False,False,False,0,False,False,0,13374673023,False,2FA756E8-9B09-415E-A36A-93F71165D619,False,False,True,3,5.868176802449245,1.636002085,,,,,"[{'message': 'Popular Pick', 'qualifier': '52 tickets sold for this event', 'hasValue': True, 'messageType': 'BoughtInLastHourSocialProofBased'}, {'message': 'Aisle Seat', 'qualifier': 'Easy access to your seat', 'hasValue': True, 'messageType': 'AisleSeatTicketAttributeBased'}]",[10],,,,,,"¥4,928,239",22.0,"¥1,067,838",,,,,,,,,,
13386449651,153020449,228A,1530789,228A,2,7,3_3,3,3,3,False,False,1,,False,False,[1],471,Middle,1,True,"[{'listingNoteId': -1, 'listingNoteContentId': 3338094, 'formattedListingNoteContent': 'Clear view', 'listingNoteTypeId': 3, 'showToBuyer': True, 'hideInMock': False, 'siteAddedListingNote': False, 'aisleListingNoteWithSplit': False, 'listingNoteDescriptionContentId': 3338095, 'formattedListingNoteDescription': ""You'll have an unrestricted view of the show.""}]","[{'listingNoteBucketId': 27, 'formattedListingNoteContent': 'Clear view', 'displayOrder': 8, 'showsRawNoteText': True, 'sourceListingNoteId': -1}]",1593647,False,False,Row 7,False,3948127,"¥3,948,127","¥3,948,127",10,Mobile Transfer ticket,3,1,USD,JPY,0.0,USD,"https://img.vggcdn.net/img/vfsimage2/812551/471_1530789/0.jpg?im=Resize=(500,271)&v=771",19 hours ago,3,False,False,False,False,K1t79e%2f8%2bgufIC%2f1XqwgQPDlwNgOs%2bBBlxVgxqrrKoU%3d,False,2026-07-17T21:44:54.7870000Z,False,False,False,False,False,False,0,False,False,False,False,False,0,False,False,0,13386449651,False,D483A916-0DE9-42D9-BF5D-0C60B2216F41,False,False,True,2,2.7709775625165896,1.106506671,,,,,"[{'message': 'Popular Pick', 'qualifier': '52 tickets sold for this event', 'hasValue': True, 'messageType': 'BoughtInLastHourSocialProofBased'}]",[],,,,Last ticket,True,,,,,,,,,,,,,
13388050955,153020449,101,122782,101,2,2,17_17,,,17,False,False,1,,False,False,[1],594,Lower,1,True,"[{'listingNoteId': 2026, 'listingNoteContentId': 3415844, 'formattedListingNoteContent': 'Second Row of Section', 'listingNoteTypeId': 6, 'showToBuyer': True, 'hideInMock': False, 'siteAddedListingNote': False, 'aisleListingNoteWithSplit': False, 'listingNoteDescriptionContentId': 3415844, 'formattedListingNoteDescription': 'Second Row of Section'}, {'listingNoteId': -1, 'listingNoteContentId': 3338094, 'formattedListingNoteContent': 'Clear view', 'listingNoteTypeId': 3, 'showToBuyer': True, 'hideInMock': False, 'siteAddedListingNote': False, 'aisleListingNoteWithSplit': False, 'listingNoteDescriptionContentId': 3338095, 'formattedListingNoteDescription': ""You'll have an unrestricted view of the show.""}]","[{'listingNoteBucketId': 14, 'formattedListingNoteContent': 'Second Row of Section', 'displayOrder': 14, 'showsRawNoteText': True, 'sourceListingNoteId': 2026}, {'listingNoteBucketId': 27, 'formattedListingNoteContent': 'Clear view', 'displayOrder': 8, 'showsRawNoteText': True, 'sourceListingNoteId': -1}]",2112074,False,False,Row 2,False,4057852,"¥4,057,852","¥4,057,852",10,Mobile Transfer ticket,3,1,USD,JPY,0.0,USD,"https://img.vggcdn.net/img/vfsimage2/812551/594_122782/0.jpg?im=Resize=(500,271)&v=771",15 hours ago,6,False,False,False,False,oNQdjJ2iSisVRWfR3zHLRj0vtlovygwGb5fZdBdM6RA%3d,False,2026-07-18T01:49:15.2000000Z,False,False,False,False,False,False,0,False,False,False,False,False,0,False,False,0,13388050955,False,767A1447-9B69-47C2-976F-015630512530,False,False,True,3,5.797499968321899,1.706054045,,,,,"[{'message': 'Popular Pick', 'qualifier': '52 tickets sold for this event', 'hasValue': True, 'messageType': 'BoughtInLastHourSocialProofBased'}, {'message': 'Second Row', 'qualifier': 'Premium close-up view', 'hasValue': True, 'messageType': 'SecondRowTicketAttributeBased'}]",[2026],,,,,,,,,,,,,,,,,,
12998151102,153020449,320,122913,320,2,8,5_6,5,6,5,False,False,2,,False,False,"[1, 2]",407,Upper,2,True,"[{'listingNoteId': -1, 'listingNoteContentId': 3338094, 'formattedListingNoteContent': 'Clear view', 'listingNoteTypeId': 3, 'showToBuyer': True, 'hideInMock': False, 'siteAddedListingNote': False, 'aisleListingNoteWithSplit': False, 'listingNoteDescriptionContentId': 3338095, 'formattedListingNoteDescription': ""You'll have an unrestricted view of the show.""}]","[{'listingNoteBucketId': 27, 'formattedListingNoteContent': 'Clear view', 'displayOrder': 8, 'showsRawNoteText': True, 'sourceListingNoteId': -1}]",703943,False,False,Row 8,False,4121819,"¥4,121,819","¥4,121,819",10,Mobile Transfer ticket,3,1,EUR,JPY,5500.0,EUR,"https://img.vggcdn.net/img/vfsimage2/812551/407_122913/0.jpg?im=Resize=(500,271)&v=771",37 days ago,2,False,False,False,False,6d2FoeRbjENB2BRCirXvMK3XgfRvy3z2J38FdpZdlK4%3d,False,2026-06-11T13:41:26.4070000Z,False,False,False,False,False,False,0,False,False,False,False,False,0,False,False,0,12998151102,False,266498DD-5ED0-48E2-ACCE-3D7E74B3FD2A,False,False,True,1,2.2670988611957816,0.9119621003,,,,,"[{'message': 'Popular Pick', 'qualifier': '52 tickets sold for this event', 'hasValue': True, 'messageType': 'BoughtInLastHourSocialProofBased'}]",[],Fan favorite,This section is in the top 10% of sections for this event when ranked based on a count of successful sales over the past 7 days on our site,True,,,,,,,,,,,,,,,
13334390402,153020449,129,122799,129,2,31,_,,,,False,False,1,,False,False,[1],594,Lower,1,True,"[{'listingNoteId': 174, 'listingNoteContentId': 2444704, 'formattedListingNoteContent': 'VIP Club Access w/ private entrance & restrooms', 'listingNoteTypeId': 3, 'showToBuyer': True, 'hideInMock': False, 'siteAddedListingNote': False, 'aisleListingNoteWithSplit': False, 'listingNoteDescriptionContentId': 2444705, 'formattedListingNoteDescription': 'Tickets grant access to VIP private entrance, VIP club access and VIP private restrooms.'}, {'listingNoteId': 1025, 'listingNoteContentId': 2446491, 'formattedListingNoteContent': 'Includes unlimited food and soft drinks', 'listingNoteTypeId': 3, 'showToBuyer': True, 'hideInMock': False, 'siteAddedListingNote': False, 'aisleListingNoteWithSplit': False, 'listingNoteDescriptionContentId': 2446492, 'formattedListingNoteDescription': 'Includes unlimited food and soft drinks'}, {'listingNoteId': 1028, 'listingNoteContentId': 2446497, 'formattedListingNoteContent': 'Includes unlimited food and drinks (beer, wine and liquor)', 'listingNoteTypeId': 3, 'showToBuyer': True, 'hideInMock': False, 'siteAddedListingNote': False, 'aisleListingNoteWithSplit': False, 'listingNoteDescriptionContentId': 2446498, 'formattedListingNoteDescription': 'Includes unlimited food and drinks (beer, wine and liquor)'}, {'listingNoteId': 2246, 'listingNoteContentId': 4165609, 'formattedListingNoteContent': 'VIP Experience', 'listingNoteTypeId': 3, 'showToBuyer': True, 'hideInMock': False, 'siteAddedListingNote': False, 'aisleListingNoteWithSplit': False, 'listingNoteDescriptionContentId': 4165611, 'formattedListingNoteDescription': 'VIP Experience'}, {'listingNoteId': 2247, 'listingNoteContentId': 4165768, 'formattedListingNoteContent': 'Includes food, beer and wine', 'listingNoteTypeId': 3, 'showToBuyer': True, 'hideInMock': False, 'siteAddedListingNote': False, 'aisleListingNoteWithSplit': False, 'listingNoteDescriptionContentId': 4165769, 'formattedListingNoteDescription': 'Includes food, beer and wine'}, {'listingNoteId': 2254, 'listingNoteContentId': 4170837, 'formattedListingNoteContent': 'Includes food, beer, wine, and non-alcoholic beverages', 'listingNoteTypeId': 3, 'showToBuyer': True, 'hideInMock': False, 'siteAddedListingNote': False, 'aisleListingNoteWithSplit': False, 'listingNoteDescriptionContentId': 4170838, 'formattedListingNoteDescription': 'Includes food, beer, wine, and non-alcoholic beverages'}, {'listingNoteId': 2356, 'listingNoteContentId': 4257844, 'formattedListingNoteContent': 'All-Inclusive Food', 'listingNoteTypeId': 3, 'showToBuyer': True, 'hideInMock': False, 'siteAddedListingNote': False, 'aisleListingNoteWithSplit': False, 'formattedListingNoteDescription': ''}, {'listingNoteId': 2363, 'listingNoteContentId': 4281452, 'formattedListingNoteContent': 'Access to Premium Lounge', 'listingNoteTypeId': 3, 'showToBuyer': True, 'hideInMock': False, 'siteAddedListingNote': False, 'aisleListingNoteWithSplit': False, 'formattedListingNoteDescription': ''}, {'listingNoteId': 1021, 'listingNoteContentId': 2446483, 'formattedListingNoteContent': 'Includes unlimited food and drinks (beer and soft drinks)', 'listingNoteTypeId': 3, 'showToBuyer': True, 'hideInMock': False, 'siteAddedListingNote': False, 'aisleListingNoteWithSplit': False, 'listingNoteDescriptionContentId': 2446484, 'formattedListingNoteDescription': 'Includes unlimited food and drinks (beer and soft drinks)'}, {'listingNoteId': -1, 'listingNoteContentId': 3338094, 'formattedListingNoteContent': 'Clear view', 'listingNoteTypeId': 3, 'showToBuyer': True, 'hideInMock': False, 'siteAddedListingNote': False, 'aisleListingNoteWithSplit': False, 'listingNoteDescriptionContentId': 3338095, 'formattedListingNoteDescription': ""You'll have an unrestricted view of the show.""}]","[{'listingNoteBucketId': 1, 'formattedListingNoteContent': 'VIP packages', 'displayOrder': 1, 'showsRawNoteText': False}, {'listingNoteBucketId': 7, 'formattedListingNoteContent': 'Food & beverages', 'displayOrder': 7, 'showsRawNoteText': False}, {'listingNoteBucketId': 0, 'formattedListingNoteContent': 'Includes food, beer, wine, and non-alcoholic beverages', 'displayOrder': 30, 'showsRawNoteText': True, 'sourceListingNoteId': 2254}, {'listingNoteBucketId': 0, 'formattedListingNoteContent': 'All-Inclusive Food', 'displayOrder': 30, 'showsRawNoteText': True, 'sourceListingNoteId': 2356}, {'listingNoteBucketId': 0, 'formattedListingNoteContent': 'Access to Premium Lounge', 'displayOrder': 30, 'showsRawNoteText': True, 'sourceListingNoteId': 2363}, {'listingNoteBucketId': 27, 'formattedListingNoteContent': 'Clear view', 'displayOrder': 8, 'showsRawNoteText': True, 'sourceListingNoteId': -1}]",2112884,False,False,Row 31,False,4562211,"¥4,562,211","¥4,562,211",10,Mobile Transfer ticket,3,1,USD,JPY,,USD,"https://img.vggcdn.net/img/vfsimage2/812551/594_122799/0.jpg?im=Resize=(500,271)&v=771",6 days ago,2,False,False,False,False,fKg%2bE%2bqRomOS8soo5WJSqsPRxBo%2fUZZsQiAT9Js9NkI%3d,False,2026-07-12T04:55:54.9300000Z,False,False,False,False,False,False,0,False,False,False,False,False,0,False,False,0,13334390402,False,9D70F576-0B10-435F-BCD9-A33EDE3AC9FB,False,False,True,1,2.431165095089547,1.157901689,,,,,"[{'message': 'Popular Pick', 'qualifier': '50 tickets sold for this event', 'hasValue': True, 'messageType': 'BoughtInLastHourSocialProofBased'}, {'message': 'VIP', 'qualifier': 'Premium access and amenities', 'hasValue': True, 'messageType': 'VipTicketAttributeBased'}]",[174],,,,,,,,,,,,,,,,,,
13382726477,153020449,142,122807,142,2,21,1_6,,,1,False,False,6,,False,False,"[1, 2, 3, 4, 6]",594,Lower,6,True,"[{'listingNoteId': -1, 'listingNoteContentId': 3338094, 'formattedListingNoteContent': 'Clear view', 'listingNoteTypeId': 3, 'showToBuyer': True, 'hideInMock': False, 'siteAddedListingNote': False, 'aisleListingNoteWithSplit': False, 'listingNoteDescriptionContentId': 3338095, 'formattedListingNoteDescription': ""You'll have an unrestricted view of the show.""}]","[{'listingNoteBucketId': 14, 'formattedListingNoteContent': 'Aisle seat', 'displayOrder': 14, 'showsRawNoteText': True, 'sourceListingNoteId': 2024}, {'listingNoteBucketId': 27, 'formattedListingNoteContent': 'Clear view', 'displayOrder': 8, 'showsRawNoteText': True, 'sourceListingNoteId': -1}]",2113147,False,False,Row 21,False,4906566,"¥4,906,566","¥4,906,566",10,Mobile Transfer ticket,3,1,USD,JPY,20000.0,USD,"https://img.vggcdn.net/img/vfsimage2/812551/594_122807/0.jpg?im=Resize=(500,271)&v=771",yesterday,5,False,False,False,False,Z4%2fktPK33UiZ0ZJ03wO9%2bNQx9p6E1yXy8Gzt61OQoQ8%3d,False,2026-07-17T12:50:16.0400000Z,False,False,False,False,False,False,0,False,False,False,False,False,0,False,False,0,13382726477,False,470CB776-33BF-416B-B581-427D08EDD200,False,False,True,2,4.805041895042789,1.832898782,,,,,"[{'message': 'Popular Pick', 'qualifier': '50 tickets sold for this event', 'hasValue': True, 'messageType': 'BoughtInLastHourSocialProofBased'}, {'message': 'Aisle Seat', 'qualifier': 'Easy access to your seat', 'hasValue': True, 'messageType': 'AisleSeatTicketAttributeBased'}]",[2024],,,,,,,,,,,,,,,,,,
13294504662,153020449,236,122863,236,2,3,_,,,,False,False,1,,False,False,[1],471,Middle,1,True,"[{'listingNoteId': 263, 'listingNoteContentId': 2444900, 'formattedListingNoteContent': 'VIP Club', 'listingNoteTypeId': 3, 'showToBuyer': True, 'hideInMock': False, 'siteAddedListingNote': False, 'aisleListingNoteWithSplit': False, 'listingNoteDescriptionContentId': 2444901, 'formattedListingNoteDescription': 'VIP Club - Club opens 90 minutes prior to tipoff and offers access to a lounge area with televisions, plush seating and private restrooms as well as all-inclusive food, draft beer, and house wine'}, {'listingNoteId': 424, 'listingNoteContentId': 2445241, 'formattedListingNoteContent': 'Access to VIP Club', 'listingNoteTypeId': 3, 'showToBuyer': True, 'hideInMock': False, 'siteAddedListingNote': False, 'aisleListingNoteWithSplit': False, 'formattedListingNoteDescription': ''}, {'listingNoteId': 1367, 'listingNoteContentId': 2447255, 'formattedListingNoteContent': 'Includes club access', 'listingNoteTypeId': 3, 'showToBuyer': True, 'hideInMock': False, 'siteAddedListingNote': False, 'aisleListingNoteWithSplit': False, 'listingNoteDescriptionContentId': 2447256, 'formattedListingNoteDescription': 'Includes club access'}, {'listingNoteId': 2027, 'listingNoteContentId': 3415845, 'formattedListingNoteContent': 'Third Row of Section', 'listingNoteTypeId': 6, 'showToBuyer': True, 'hideInMock': False, 'siteAddedListingNote': False, 'aisleListingNoteWithSplit': False, 'listingNoteDescriptionContentId': 3415845, 'formattedListingNoteDescription': 'Third Row of Section'}, {'listingNoteId': -1, 'listingNoteContentId': 3338094, 'formattedListingNoteContent': 'Clear view', 'listingNoteTypeId': 3, 'showToBuyer': True, 'hideInMock': False, 'siteAddedListingNote': False, 'aisleListingNoteWithSplit': False, 'listingNoteDescriptionContentId': 3338095, 'formattedListingNoteDescription': ""You'll have an unrestricted view of the show.""}]","[{'listingNoteBucketId': 1, 'formattedListingNoteContent': 'VIP packages', 'displayOrder': 1, 'showsRawNoteText': False}, {'listingNoteBucketId': 4, 'formattedListingNoteContent': 'Club access', 'displayOrder': 4, 'showsRawNoteText': False}, {'listingNoteBucketId': 14, 'formattedListingNoteContent': 'Third Row of Section', 'displayOrder': 14, 'showsRawNoteText': True, 'sourceListingNoteId': 2027}, {'listingNoteBucketId': 27, 'formattedListingNoteContent': 'Clear view', 'displayOrder': 8, 'showsRawNoteText': True, 'sourceListingNoteId': -1}]",703288,False,False,Row 3,False,4906566,"¥4,906,566","¥4,906,566",10,Mobile Transfer ticket,3,1,USD,JPY,27850.0,USD,"https://img.vggcdn.net/img/vfsimage2/812551/471_122863/0.jpg?im=Resize=(500,271)&v=771",9 days ago,4,False,False,False,False,Z4%2fktPK33UiZ0ZJ03wO9%2bNQx9p6E1yXy8Gzt61OQoQ8%3d,False,2026-07-09T02:34:24.4830000Z,False,False,False,False,False,False,0,False,False,False,False,False,0,False,False,0,13294504662,False,D2593DB9-A907-4B14-BBA5-9812FE7237C6,False,False,True,2,4.38259964928996,1.714380036,,,,,"[{'message': 'Popular Pick', 'qualifier': '50 tickets sold for this event', 'hasValue': True, 'messageType': 'BoughtInLastHourSocialProofBased'}, {'message': 'Third Row', 'qualifier': 'Excellent proximity to the action', 'hasValue': True, 'messageType': 'ThirdRowTicketAttributeBased'}]",[2027],,,,Last ticket,True,"¥8,518,121",42.0,"¥3,611,555",,,,,,,,,,
13386424562,153020449,115A,1530768,115A,2,8,_,,,,False,False,3,,False,False,"[1, 3]",594,Lower,3,True,"[{'listingNoteId': -1, 'listingNoteContentId': 3338094, 'formattedListingNoteContent': 'Clear view', 'listingNoteTypeId': 3, 'showToBuyer': True, 'hideInMock': False, 'siteAddedListingNote': False, 'aisleListingNoteWithSplit': False, 'listingNoteDescriptionContentId': 3338095, 'formattedListingNoteDescription': ""You'll have an unrestricted view of the show.""}]","[{'listingNoteBucketId': 27, 'formattedListingNoteContent': 'Clear view', 'displayOrder': 8, 'showsRawNoteText': True, 'sourceListingNoteId': -1}]",2112509,False,False,Row 8,False,5162093,"¥5,162,093","¥5,162,093",10,Mobile Transfer ticket,3,1,USD,JPY,0.0,USD,"https://img.vggcdn.net/img/vfsimage2/812551/594_1530768/0.jpg?im=Resize=(500,271)&v=771",19 hours ago,7,False,False,False,False,dWfS2EiwV6n%2bN4QUdUMt%2fPu1CvTTMY7yXZy%2fA4W8m6Y%3d,False,2026-07-17T21:40:15.1800000Z,False,False,False,False,False,False,0,False,False,False,False,False,0,False,False,0,13386424562,False,69CA28DA-6D9F-4124-8A16-0E84408F4A07,False,False,True,3,6.671487368624246,2.406291563,,,,,"[{'message': 'Popular Pick', 'qualifier': '50 tickets sold for this event', 'hasValue': True, 'messageType': 'BoughtInLastHourSocialProofBased'}]",[],,,,,,,,,,,,,,,,,,
13389356320,153020449,111C,1530767,111C,2,2,9_9,9,9,9,False,False,1,,False,False,[1],594,Lower,1,True,"[{'listingNoteId': 2026, 'listingNoteContentId': 3415844, 'formattedListingNoteContent': 'Second Row of Section', 'listingNoteTypeId': 6, 'showToBuyer': True, 'hideInMock': False, 'siteAddedListingNote': False, 'aisleListingNoteWithSplit': False, 'listingNoteDescriptionContentId': 3415844, 'formattedListingNoteDescription': 'Second Row of Section'}, {'listingNoteId': -1, 'listingNoteContentId': 3338094, 'formattedListingNoteContent': 'Clear view', 'listingNoteTypeId': 3, 'showToBuyer': True, 'hideInMock': False, 'siteAddedListingNote': False, 'aisleListingNoteWithSplit': False, 'listingNoteDescriptionContentId': 3338095, 'formattedListingNoteDescription': ""You'll have an unrestricted view of the show.""}]","[{'listingNoteBucketId': 14, 'formattedListingNoteContent': 'Second Row of Section', 'displayOrder': 14, 'showsRawNoteText': True, 'sourceListingNoteId': 2026}, {'listingNoteBucketId': 27, 'formattedListingNoteContent': 'Clear view', 'displayOrder': 8, 'showsRawNoteText': True, 'sourceListingNoteId': -1}]",1641150,False,False,Row 2,False,5264021,"¥5,264,021","¥5,264,021",10,Mobile Transfer ticket,3,1,USD,JPY,0.0,USD,"https://img.vggcdn.net/img/vfsimage2/812551/594_1530767/0.jpg?im=Resize=(500,271)&v=771",11 hours ago,7,False,False,False,False,NbTEMUkZTJYPdCvp%2b13VJedMcK8cthJ2v%2fGht%2bOYb98%3d,False,2026-07-18T06:08:20.4030000Z,False,False,False,False,False,False,0,False,False,False,False,False,0,False,False,0,13389356320,False,A0DFCD98-721F-43D0-824C-1535E6C34F5A,False,False,True,3,6.922775523921194,2.532975633,,,,,"[{'message': 'Popular Pick', 'qualifier': '50 tickets sold for this event', 'hasValue': True, 'messageType': 'BoughtInLastHourSocialProofBased'}, {'message': 'Second Row', 'qualifier': 'Premium close-up view', 'hasValue': True, 'messageType': 'SecondRowTicketAttributeBased'}]",[2026],,,,Last ticket,True,"¥6,675,721",21.0,"¥1,411,700",,,,,,,,,,
13379712171,153020449,235,122862,235,2,4,_,,,,False,False,1,,False,False,[1],471,Middle,1,True,"[{'listingNoteId': 263, 'listingNoteContentId': 2444900, 'formattedListingNoteContent': 'VIP Club', 'listingNoteTypeId': 3, 'showToBuyer': True, 'hideInMock': False, 'siteAddedListingNote': False, 'aisleListingNoteWithSplit': False, 'listingNoteDescriptionContentId': 2444901, 'formattedListingNoteDescription': 'VIP Club - Club opens 90 minutes prior to tipoff and offers access to a lounge area with televisions, plush seating and private restrooms as well as all-inclusive food, draft beer, and house wine'}, {'listingNoteId': 424, 'listingNoteContentId': 2445241, 'formattedListingNoteContent': 'Access to VIP Club', 'listingNoteTypeId': 3, 'showToBuyer': True, 'hideInMock': False, 'siteAddedListingNote': False, 'aisleListingNoteWithSplit': False, 'formattedListingNoteDescription': ''}, {'listingNoteId': 1367, 'listingNoteContentId': 2447255, 'formattedListingNoteContent': 'Includes club access', 'listingNoteTypeId': 3, 'showToBuyer': True, 'hideInMock': False, 'siteAddedListingNote': False, 'aisleListingNoteWithSplit': False, 'listingNoteDescriptionContentId': 2447256, 'formattedListingNoteDescription': 'Includes club access'}, {'listingNoteId': -1, 'listingNoteContentId': 3338094, 'formattedListingNoteContent': 'Clear view', 'listingNoteTypeId': 3, 'showToBuyer': True, 'hideInMock': False, 'siteAddedListingNote': False, 'aisleListingNoteWithSplit': False, 'listingNoteDescriptionContentId': 3338095, 'formattedListingNoteDescription': ""You'll have an unrestricted view of the show.""}]","[{'listingNoteBucketId': 1, 'formattedListingNoteContent': 'VIP packages', 'displayOrder': 1, 'showsRawNoteText': False}, {'listingNoteBucketId': 4, 'formattedListingNoteContent': 'Club access', 'displayOrder': 4, 'showsRawNoteText': False}, {'listingNoteBucketId': 27, 'formattedListingNoteContent': 'Clear view', 'displayOrder': 8, 'showsRawNoteText': True, 'sourceListingNoteId': -1}]",703275,False,False,Row 4,False,5315409,"¥5,315,409","¥5,315,409",10,Mobile Transfer ticket,3,1,USD,JPY,10900.0,USD,"https://img.vggcdn.net/img/vfsimage2/812551/471_122862/0.jpg?im=Resize=(500,271)&v=771",yesterday,4,False,False,False,False,df%2fAp44nVVUIqj0kDUO97B18XX83r%2fDiBrO4pHkADaY%3d,False,2026-07-17T03:59:21.4370000Z,False,False,False,False,False,False,0,False,False,False,False,False,0,False,False,0,13379712171,False,58576D0E-B88D-44B4-92F8-4BCB878FA67C,False,False,True,2,3.9376271950893007,1.738813636,,,,,"[{'message': 'Popular Pick', 'qualifier': '50 tickets sold for this event', 'hasValue': True, 'messageType': 'BoughtInLastHourSocialProofBased'}]",[],,,,,,"¥9,633,542",45.0,"¥4,318,133",,,,,,,,,,
13302234910,153020449,110,122788,110,2,,_,,,,False,False,2,,False,False,"[1, 2]",594,Lower,4,True,"[{'listingNoteId': -1, 'listingNoteContentId': 3338094, 'formattedListingNoteContent': 'Clear view', 'listingNoteTypeId': 3, 'showToBuyer': True, 'hideInMock': False, 'siteAddedListingNote': False, 'aisleListingNoteWithSplit': False, 'listingNoteDescriptionContentId': 3338095, 'formattedListingNoteDescription': ""You'll have an unrestricted view of the show.""}]","[{'listingNoteBucketId': 27, 'formattedListingNoteContent': 'Clear view', 'displayOrder': 8, 'showsRawNoteText': True, 'sourceListingNoteId': -1}]",108742,False,False,Row,True,5352879,"¥5,352,879","¥5,352,879",10,Mobile Transfer ticket,3,1,EUR,JPY,3000.0,EUR,"https://img.vggcdn.net/img/vfsimage2/812551/594_122788/0.jpg?im=Resize=(500,271)&v=771",9 days ago,2,False,False,False,False,aoJm%2f5g3Brvf1jBdpgLPNnZ17CWgKsiFW%2bI1c05esmA%3d,False,2026-07-09T13:45:24.3770000Z,False,False,False,False,False,False,0,False,False,False,False,False,0,False,False,0,13302234910,False,C781FE5A-1433-49AF-AE8C-A3B183CB5598,False,False,True,1,2.3536977683015103,1.270356317,,,,,"[{'message': 'Popular Pick', 'qualifier': '50 tickets sold for this event', 'hasValue': True, 'messageType': 'BoughtInLastHourSocialProofBased'}]",[],,,,Last tickets,True,"¥6,891,496",22.0,"¥1,538,617",,,,,,,,,,
13374816877,153020449,140,122806,140,2,25,_,,,,False,False,3,,False,False,"[1, 2, 3]",594,Lower,3,True,"[{'listingNoteId': -1, 'listingNoteContentId': 3338094, 'formattedListingNoteContent': 'Clear view', 'listingNoteTypeId': 3, 'showToBuyer': True, 'hideInMock': False, 'siteAddedListingNote': False, 'aisleListingNoteWithSplit': False, 'listingNoteDescriptionContentId': 3338095, 'formattedListingNoteDescription': ""You'll have an unrestricted view of the show.""}]","[{'listingNoteBucketId': 27, 'formattedListingNoteContent': 'Clear view', 'displayOrder': 8, 'showsRawNoteText': True, 'sourceListingNoteId': -1}]",2113123,False,False,Row 25,False,5519830,"¥5,519,830","¥5,519,830",10,Mobile Transfer ticket,3,1,USD,JPY,0.0,USD,"https://img.vggcdn.net/img/vfsimage2/812551/594_122806/0.jpg?im=Resize=(500,271)&v=771",yesterday,5,False,False,False,False,9zl2J9Ao2CEmg%2bafaL7WE2z4rcTluwE3De5gkhcWEW8%3d,False,2026-07-16T17:59:51.4630000Z,False,False,False,False,False,False,0,False,False,False,False,False,0,False,False,0,13374816877,False,CFFB149C-15D7-4C85-8D11-7B97A27966FF,False,False,True,2,4.5321080909232565,1.973848653,,,,,"[{'message': 'Popular Pick', 'qualifier': '50 tickets sold for this event', 'hasValue': True, 'messageType': 'BoughtInLastHourSocialProofBased'}]",[],,,,,,,,,,,,,,,,,,
13391684757,153020449,5 S37,1538858,5 S37,2,2,_,,,,False,False,6,,False,False,"[1, 2, 3, 4, 5, 6]",17325,Suite Level 5 East,6,True,"[{'listingNoteId': 11, 'listingNoteContentId': 1038686, 'formattedListingNoteContent': 'Includes VIP pass', 'listingNoteTypeId': 3, 'showToBuyer': True, 'hideInMock': False, 'siteAddedListingNote': False, 'aisleListingNoteWithSplit': False, 'listingNoteDescriptionContentId': 1277351, 'formattedListingNoteDescription': ""A VIP pass gives you great privileges that other ticket holders don't have!""}, {'listingNoteId': 93, 'listingNoteContentId': 1580908, 'formattedListingNoteContent': 'Access to VIP Lounge', 'listingNoteTypeId': 3, 'showToBuyer': True, 'hideInMock': False, 'siteAddedListingNote': False, 'aisleListingNoteWithSplit': False, 'listingNoteDescriptionContentId': 1580909, 'formattedListingNoteDescription': 'Included with the ticket is access to the VIP lounge in the venue.'}, {'listingNoteId': 175, 'listingNoteContentId': 2444706, 'formattedListingNoteContent': 'Unlimited Food and Drinks', 'listingNoteTypeId': 3, 'showToBuyer': True, 'hideInMock': False, 'siteAddedListingNote': False, 'aisleListingNoteWithSplit': False, 'listingNoteDescriptionContentId': 2444707, 'formattedListingNoteDescription': 'Includes unlimited food and drinks (beer, wine and soft drinks)'}, {'listingNoteId': 505, 'listingNoteContentId': 2445404, 'formattedListingNoteContent': 'Premium Seating', 'listingNoteTypeId': 4, 'showToBuyer': True, 'hideInMock': False, 'siteAddedListingNote': False, 'aisleListingNoteWithSplit': False, 'listingNoteDescriptionContentId': 4211339, 'formattedListingNoteDescription': 'Premium Seating'}, {'listingNoteId': 2061, 'listingNoteContentId': 3878124, 'formattedListingNoteContent': 'Premium open bar', 'listingNoteTypeId': 3, 'showToBuyer': True, 'hideInMock': False, 'siteAddedListingNote': False, 'aisleListingNoteWithSplit': False, 'listingNoteDescriptionContentId': 3878125, 'formattedListingNoteDescription': 'Premium open bar'}, {'listingNoteId': 2250, 'listingNoteContentId': 4167698, 'formattedListingNoteContent': 'Partial Suite (Shared)', 'listingNoteTypeId': 3, 'showToBuyer': True, 'hideInMock': False, 'siteAddedListingNote': False, 'aisleListingNoteWithSplit': False, 'listingNoteDescriptionContentId': 4167699, 'formattedListingNoteDescription': 'Partial Suite (Shared)'}, {'listingNoteId': 2267, 'listingNoteContentId': 4177538, 'formattedListingNoteContent': 'VIP Suite', 'listingNoteTypeId': 3, 'showToBuyer': True, 'hideInMock': False, 'siteAddedListingNote': False, 'aisleListingNoteWithSplit': False, 'listingNoteDescriptionContentId': 4177539, 'formattedListingNoteDescription': 'VIP Suite'}, {'listingNoteId': -1, 'listingNoteContentId': 3338094, 'formattedListingNoteContent': 'Clear view', 'listingNoteTypeId': 3, 'showToBuyer': True, 'hideInMock': False, 'siteAddedListingNote': False, 'aisleListingNoteWithSplit': False, 'listingNoteDescriptionContentId': 3338095, 'formattedListingNoteDescription': ""You'll have an unrestricted view of the show.""}]","[{'listingNoteBucketId': 1, 'formattedListingNoteContent': 'VIP packages', 'displayOrder': 1, 'showsRawNoteText': False}, {'listingNoteBucketId': 2, 'formattedListingNoteContent': 'Suite access', 'displayOrder': 2, 'showsRawNoteText': False}, {'listingNoteBucketId': 4, 'formattedListingNoteContent': 'Club access', 'displayOrder': 4, 'showsRawNoteText': False}, {'listingNoteBucketId': 7, 'formattedListingNoteContent': 'Food & beverages', 'displayOrder': 7, 'showsRawNoteText': False}, {'listingNoteBucketId': 8, 'formattedListingNoteContent': 'Food & beverage options', 'displayOrder': 8, 'showsRawNoteText': False}, {'listingNoteBucketId': 15, 'formattedListingNoteContent': 'Premium Seating', 'displayOrder': 15, 'showsRawNoteText': True, 'sourceListingNoteId': 505}, {'listingNoteBucketId': 0, 'formattedListingNoteContent': 'VIP Suite', 'displayOrder': 30, 'showsRawNoteText': True, 'sourceListingNoteId': 2267}, {'listingNoteBucketId': 27, 'formattedListingNoteContent': 'Clear view', 'displayOrder': 8, 'showsRawNoteText': True, 'sourceListingNoteId': -1}]",1614242,False,False,Row 2,True,5557696,"¥5,557,696","¥5,557,696",10,Mobile Transfer ticket,3,1,MXN,JPY,400000.0,MXN,"https://img.vggcdn.net/img/vfsimage2/812551/17325_1538858/0.jpg?im=Resize=(500,271)&v=771",an hour ago,4,False,False,False,False,Vt2dY2WHA7m9Wy9aN1TppVFOORdPX9Yw6X0eJoh3GSY%3d,False,2026-07-18T16:09:53.7470000Z,False,False,False,False,False,False,0,False,False,False,False,False,0,False,False,0,13391684757,False,1A274BD0-6AE7-4BAF-99B8-C1AE247B4970,False,False,True,2,4.074018041736747,1.854322937,,,,,"[{'message': 'Popular Pick', 'qualifier': '50 tickets sold for this event', 'hasValue': True, 'messageType': 'BoughtInLastHourSocialProofBased'}]",[],,,,,,,,,,,,,,,,,,
13385013255,153020449,6 S51,1538805,6 S51,2,,1_1,1,1,1,False,False,1,,False,False,[1],17328,Suite Level 6 West,1,True,"[{'listingNoteId': 2250, 'listingNoteContentId': 4167698, 'formattedListingNoteContent': 'Partial Suite (Shared)', 'listingNoteTypeId': 3, 'showToBuyer': True, 'hideInMock': False, 'siteAddedListingNote': False, 'aisleListingNoteWithSplit': False, 'listingNoteDescriptionContentId': 4167699, 'formattedListingNoteDescription': 'Partial Suite (Shared)'}, {'listingNoteId': -1, 'listingNoteContentId': 3338094, 'formattedListingNoteContent': 'Clear view', 'listingNoteTypeId': 3, 'showToBuyer': True, 'hideInMock': False, 'siteAddedListingNote': False, 'aisleListingNoteWithSplit': False, 'listingNoteDescriptionContentId': 3338095, 'formattedListingNoteDescription': ""You'll have an unrestricted view of the show.""}]","[{'listingNoteBucketId': 2, 'formattedListingNoteContent': 'Suite access', 'displayOrder': 2, 'showsRawNoteText': False}, {'listingNoteBucketId': 14, 'formattedListingNoteContent': 'Aisle seat', 'displayOrder': 14, 'showsRawNoteText': True, 'sourceListingNoteId': 2024}, {'listingNoteBucketId': 27, 'formattedListingNoteContent': 'Clear view', 'displayOrder': 8, 'showsRawNoteText': True, 'sourceListingNoteId': -1}]",1614189,False,False,Row,True,5648827,"¥5,648,827","¥5,648,827",10,Mobile Transfer ticket,3,1,USD,JPY,0.0,USD,"https://img.vggcdn.net/img/vfsimage2/812551/17328_1538805/0.jpg?im=Resize=(500,271)&v=771",22 hours ago,3,False,False,False,False,FEB1as%2bQjAwh45czj%2bTeVSUmMcjpxzZO37bGVMb2qS4%3d,False,2026-07-17T18:28:20.0100000Z,False,False,False,False,False,False,0,False,False,False,False,False,0,False,False,0,13385013255,False,08529F2A-F427-47C3-8207-B330A90EBC68,False,False,True,2,2.743983263267808,1.577970786,,,,,"[{'message': 'Popular Pick', 'qualifier': '50 tickets sold for this event', 'hasValue': True, 'messageType': 'BoughtInLastHourSocialProofBased'}, {'message': 'Aisle Seat', 'qualifier': 'Easy access to your seat', 'hasValue': True, 'messageType': 'AisleSeatTicketAttributeBased'}]",[2024],,,,,,,,,,,,,,,,,,
13373727429,153020449,5 S37,1538858,5 S37,2,1,_,,,,False,False,4,,False,False,"[1, 2, 3, 4]",17325,Suite Level 5 East,4,True,"[{'listingNoteId': 11, 'listingNoteContentId': 1038686, 'formattedListingNoteContent': 'Includes VIP pass', 'listingNoteTypeId': 3, 'showToBuyer': True, 'hideInMock': False, 'siteAddedListingNote': False, 'aisleListingNoteWithSplit': False, 'listingNoteDescriptionContentId': 1277351, 'formattedListingNoteDescription': ""A VIP pass gives you great privileges that other ticket holders don't have!""}, {'listingNoteId': 93, 'listingNoteContentId': 1580908, 'formattedListingNoteContent': 'Access to VIP Lounge', 'listingNoteTypeId': 3, 'showToBuyer': True, 'hideInMock': False, 'siteAddedListingNote': False, 'aisleListingNoteWithSplit': False, 'listingNoteDescriptionContentId': 1580909, 'formattedListingNoteDescription': 'Included with the ticket is access to the VIP lounge in the venue.'}, {'listingNoteId': 175, 'listingNoteContentId': 2444706, 'formattedListingNoteContent': 'Unlimited Food and Drinks', 'listingNoteTypeId': 3, 'showToBuyer': True, 'hideInMock': False, 'siteAddedListingNote': False, 'aisleListingNoteWithSplit': False, 'listingNoteDescriptionContentId': 2444707, 'formattedListingNoteDescription': 'Includes unlimited food and drinks (beer, wine and soft drinks)'}, {'listingNoteId': 505, 'listingNoteContentId': 2445404, 'formattedListingNoteContent': 'Premium Seating', 'listingNoteTypeId': 4, 'showToBuyer': True, 'hideInMock': False, 'siteAddedListingNote': False, 'aisleListingNoteWithSplit': False, 'listingNoteDescriptionContentId': 4211339, 'formattedListingNoteDescription': 'Premium Seating'}, {'listingNoteId': 2061, 'listingNoteContentId': 3878124, 'formattedListingNoteContent': 'Premium open bar', 'listingNoteTypeId': 3, 'showToBuyer': True, 'hideInMock': False, 'siteAddedListingNote': False, 'aisleListingNoteWithSplit': False, 'listingNoteDescriptionContentId': 3878125, 'formattedListingNoteDescription': 'Premium open bar'}, {'listingNoteId': 2250, 'listingNoteContentId': 4167698, 'formattedListingNoteContent': 'Partial Suite (Shared)', 'listingNoteTypeId': 3, 'showToBuyer': True, 'hideInMock': False, 'siteAddedListingNote': False, 'aisleListingNoteWithSplit': False, 'listingNoteDescriptionContentId': 4167699, 'formattedListingNoteDescription': 'Partial Suite (Shared)'}, {'listingNoteId': 2267, 'listingNoteContentId': 4177538, 'formattedListingNoteContent': 'VIP Suite', 'listingNoteTypeId': 3, 'showToBuyer': True, 'hideInMock': False, 'siteAddedListingNote': False, 'aisleListingNoteWithSplit': False, 'listingNoteDescriptionContentId': 4177539, 'formattedListingNoteDescription': 'VIP Suite'}, {'listingNoteId': -1, 'listingNoteContentId': 3338094, 'formattedListingNoteContent': 'Clear view', 'listingNoteTypeId': 3, 'showToBuyer': True, 'hideInMock': False, 'siteAddedListingNote': False, 'aisleListingNoteWithSplit': False, 'listingNoteDescriptionContentId': 3338095, 'formattedListingNoteDescription': ""You'll have an unrestricted view of the show.""}]","[{'listingNoteBucketId': 1, 'formattedListingNoteContent': 'VIP packages', 'displayOrder': 1, 'showsRawNoteText': False}, {'listingNoteBucketId': 2, 'formattedListingNoteContent': 'Suite access', 'displayOrder': 2, 'showsRawNoteText': False}, {'listingNoteBucketId': 4, 'formattedListingNoteContent': 'Club access', 'displayOrder': 4, 'showsRawNoteText': False}, {'listingNoteBucketId': 7, 'formattedListingNoteContent': 'Food & beverages', 'displayOrder': 7, 'showsRawNoteText': False}, {'listingNoteBucketId': 8, 'formattedListingNoteContent': 'Food & beverage options', 'displayOrder': 8, 'showsRawNoteText': False}, {'listingNoteBucketId': 15, 'formattedListingNoteContent': 'Premium Seating', 'displayOrder': 15, 'showsRawNoteText': True, 'sourceListingNoteId': 505}, {'listingNoteBucketId': 0, 'formattedListingNoteContent': 'VIP Suite', 'displayOrder': 30, 'showsRawNoteText': True, 'sourceListingNoteId': 2267}, {'listingNoteBucketId': 27, 'formattedListingNoteContent': 'Clear view', 'displayOrder': 8, 'showsRawNoteText': True, 'sourceListingNoteId': -1}]",1614242,False,False,Row 1,True,5835559,"¥5,835,559","¥5,835,559",10,Mobile Transfer ticket,3,1,MXN,JPY,400000.0,MXN,"https://img.vggcdn.net/img/vfsimage2/812551/17325_1538858/0.jpg?im=Resize=(500,271)&v=771",2 days ago,4,False,False,False,False,M7KwJ4faeW%2bTMgOcxi1JjkX6H5%2f6b2SO3Ey6JF%2bujY8%3d,False,2026-07-16T16:06:45.6670000Z,False,False,False,False,False,False,0,False,False,False,False,False,0,False,False,0,13373727429,False,ECFE06EC-C16A-4841-AB93-6323FA037DD4,False,False,True,2,3.7319344325422263,1.854322937,,,,,"[{'message': 'Popular Pick', 'qualifier': '52 tickets sold for this event', 'hasValue': True, 'messageType': 'BoughtInLastHourSocialProofBased'}]",[],,,,,,"¥11,001,943",47.0,"¥5,166,384",,,,,,,,,,
13385013414,153020449,6 S51,1538805,6 S51,2,BARST,14_17,14,17,14,False,False,4,,False,False,"[1, 2, 3, 4]",17328,Suite Level 6 West,4,True,"[{'listingNoteId': 2250, 'listingNoteContentId': 4167698, 'formattedListingNoteContent': 'Partial Suite (Shared)', 'listingNoteTypeId': 3, 'showToBuyer': True, 'hideInMock': False, 'siteAddedListingNote': False, 'aisleListingNoteWithSplit': False, 'listingNoteDescriptionContentId': 4167699, 'formattedListingNoteDescription': 'Partial Suite (Shared)'}, {'listingNoteId': -1, 'listingNoteContentId': 3338094, 'formattedListingNoteContent': 'Clear view', 'listingNoteTypeId': 3, 'showToBuyer': True, 'hideInMock': False, 'siteAddedListingNote': False, 'aisleListingNoteWithSplit': False, 'listingNoteDescriptionContentId': 3338095, 'formattedListingNoteDescription': ""You'll have an unrestricted view of the show.""}]","[{'listingNoteBucketId': 2, 'formattedListingNoteContent': 'Suite access', 'displayOrder': 2, 'showsRawNoteText': False}, {'listingNoteBucketId': 27, 'formattedListingNoteContent': 'Clear view', 'displayOrder': 8, 'showsRawNoteText': True, 'sourceListingNoteId': -1}]",1614189,False,False,Row BARST,True,5843599,"¥5,843,599","¥5,843,599",10,Mobile Transfer ticket,3,1,USD,JPY,0.0,USD,"https://img.vggcdn.net/img/vfsimage2/812551/17328_1538805/0.jpg?im=Resize=(500,271)&v=771",22 hours ago,2,False,False,False,False,jWbLrMSQgCdyWQLvOYnw0dLp9X2%2fid6BJZnIjmMEp%2bw%3d,False,2026-07-17T18:28:21.0670000Z,False,False,False,False,False,False,0,False,False,False,False,False,0,False,False,0,13385013414,False,E84DF21B-43C2-48CF-BE88-185C05155A51,False,False,True,1,2.498180476178046,1.577970786,,,,,"[{'message': 'Popular Pick', 'qualifier': '52 tickets sold for this event', 'hasValue': True, 'messageType': 'BoughtInLastHourSocialProofBased'}]",[],,,,,,"¥11,518,487",49.0,"¥5,674,888",,,,,,,,,,
13384010222,153020449,140,122806,140,2,20,_,,,,False,False,3,,False,False,"[1, 3]",594,Lower,3,True,"[{'listingNoteId': -1, 'listingNoteContentId': 3338094, 'formattedListingNoteContent': 'Clear view', 'listingNoteTypeId': 3, 'showToBuyer': True, 'hideInMock': False, 'siteAddedListingNote': False, 'aisleListingNoteWithSplit': False, 'listingNoteDescriptionContentId': 3338095, 'formattedListingNoteDescription': ""You'll have an unrestricted view of the show.""}]","[{'listingNoteBucketId': 27, 'formattedListingNoteContent': 'Clear view', 'displayOrder': 8, 'showsRawNoteText': True, 'sourceListingNoteId': -1}]",2113118,False,False,Row 20,False,5919043,"¥5,919,043","¥5,919,043",10,Mobile Transfer ticket,3,1,USD,JPY,0.0,USD,"https://img.vggcdn.net/img/vfsimage2/812551/594_122806/0.jpg?im=Resize=(500,271)&v=771",yesterday,5,False,False,False,False,RY7GwBPk%2fPWtMUNbSnxZ1gFfcrEctMJ0Bron%2fmo%2bTLo%3d,False,2026-07-17T16:25:35.9130000Z,False,False,False,False,False,False,0,False,False,False,False,False,0,False,False,0,13384010222,False,412540A8-B9CD-4FD4-973B-1C355584554D,False,False,True,2,4.884368595910264,2.240237246,,,,,"[{'message': 'Popular Pick', 'qualifier': '52 tickets sold for this event', 'hasValue': True, 'messageType': 'BoughtInLastHourSocialProofBased'}]",[],,,,,,"¥9,382,339",37.0,"¥3,463,296",,,,,,,,,,
13388320899,153020449,212,122845,212,2,6,_,,,,False,False,4,,False,False,"[1, 2, 4]",471,Middle,4,True,"[{'listingNoteId': 175, 'listingNoteContentId': 2444706, 'formattedListingNoteContent': 'Unlimited Food and Drinks', 'listingNoteTypeId': 3, 'showToBuyer': True, 'hideInMock': False, 'siteAddedListingNote': False, 'aisleListingNoteWithSplit': False, 'listingNoteDescriptionContentId': 2444707, 'formattedListingNoteDescription': 'Includes unlimited food and drinks (beer, wine and soft drinks)'}, {'listingNoteId': 1028, 'listingNoteContentId': 2446497, 'formattedListingNoteContent': 'Includes unlimited food and drinks (beer, wine and liquor)', 'listingNoteTypeId': 3, 'showToBuyer': True, 'hideInMock': False, 'siteAddedListingNote': False, 'aisleListingNoteWithSplit': False, 'listingNoteDescriptionContentId': 2446498, 'formattedListingNoteDescription': 'Includes unlimited food and drinks (beer, wine and liquor)'}, {'listingNoteId': 1021, 'listingNoteContentId': 2446483, 'formattedListingNoteContent': 'Includes unlimited food and drinks (beer and soft drinks)', 'listingNoteTypeId': 3, 'showToBuyer': True, 'hideInMock': False, 'siteAddedListingNote': False, 'aisleListingNoteWithSplit': False, 'listingNoteDescriptionContentId': 2446484, 'formattedListingNoteDescription': 'Includes unlimited food and drinks (beer and soft drinks)'}, {'listingNoteId': -1, 'listingNoteContentId': 3338094, 'formattedListingNoteContent': 'Clear view', 'listingNoteTypeId': 3, 'showToBuyer': True, 'hideInMock': False, 'siteAddedListingNote': False, 'aisleListingNoteWithSplit': False, 'listingNoteDescriptionContentId': 3338095, 'formattedListingNoteDescription': ""You'll have an unrestricted view of the show.""}]","[{'listingNoteBucketId': 7, 'formattedListingNoteContent': 'Food & beverages', 'displayOrder': 7, 'showsRawNoteText': False}, {'listingNoteBucketId': 27, 'formattedListingNoteContent': 'Clear view', 'displayOrder': 8, 'showsRawNoteText': True, 'sourceListingNoteId': -1}]",702878,False,False,Row 6,False,6045369,"¥6,045,369","¥6,045,369",10,Mobile Transfer ticket,3,1,USD,JPY,0.0,USD,"https://img.vggcdn.net/img/vfsimage2/812551/471_122845/0.jpg?im=Resize=(500,271)&v=771",14 hours ago,4,False,False,False,False,tj3Y56%2fLrWrfOgeW0CUo83%2bxW677RGqr%2fPNX8fcK3Xg%3d,False,2026-07-18T03:03:20.3630000Z,False,False,False,False,False,False,0,False,False,False,False,False,0,False,False,0,13388320899,False,7EE2E786-4F47-485D-82F8-535439EC686B,False,False,True,2,4.288061941601097,2.082189803,,,,,"[{'message': 'Popular Pick', 'qualifier': '52 tickets sold for this event', 'hasValue': True, 'messageType': 'BoughtInLastHourSocialProofBased'}]",[],,,,Last tickets,True,,,,,,,,,,,,,
13389988375,153020449,Spain Supporters Value Tier,2447959,Spain Supporters Value Tier,2,,_,,,,False,False,6,,False,False,"[1, 2, 3, 4, 5, 6]",1666,Spain Supporters,6,True,"[{'listingNoteId': -1, 'listingNoteContentId': 3338094, 'formattedListingNoteContent': 'Clear view', 'listingNoteTypeId': 3, 'showToBuyer': True, 'hideInMock': False, 'siteAddedListingNote': False, 'aisleListingNoteWithSplit': False, 'listingNoteDescriptionContentId': 3338095, 'formattedListingNoteDescription': ""You'll have an unrestricted view of the show.""}]","[{'listingNoteBucketId': 27, 'formattedListingNoteContent': 'Clear view', 'displayOrder': 8, 'showsRawNoteText': True, 'sourceListingNoteId': -1}]",4847589,False,False,Row,True,6244951,"¥6,244,951","¥6,244,951",10,Mobile Transfer ticket,3,1,EUR,JPY,9000.0,EUR,"https://img.vggcdn.net/img/vfsimage2/812551/1666_2447959/0.jpg?im=Resize=(500,271)&v=771",6 hours ago,2,False,False,False,False,XDMSwBSTEgLTBj%2bYZXkFAqKZOfpZHNLVceMh4gEvURw%3d,False,2026-07-18T10:15:27.9000000Z,False,False,False,False,False,False,0,False,False,False,False,False,0,False,False,0,13389988375,False,A925632F-69FE-42D9-AF9D-97F7FBD84889,False,False,True,1,2.212403184881407,1.325108567,,,,,"[{'message': 'Popular Pick', 'qualifier': '52 tickets sold for this event', 'hasValue': True, 'messageType': 'BoughtInLastHourSocialProofBased'}]",[],,,,Last tickets,True,,,,,,,,,,,,,
13388091339,153020449,111A,1530766,111A,2,7,3_3,3,3,3,False,False,1,,False,False,[1],594,Lower,1,True,"[{'listingNoteId': 165, 'listingNoteContentId': 2444685, 'formattedListingNoteContent': 'Preferred Seating', 'listingNoteTypeId': 3, 'showToBuyer': True, 'hideInMock': False, 'siteAddedListingNote': False, 'aisleListingNoteWithSplit': False, 'listingNoteDescriptionContentId': 2444686, 'formattedListingNoteDescription': 'Preferred Seating'}, {'listingNoteId': 811, 'listingNoteContentId': 2446054, 'formattedListingNoteContent': 'Actual 1st row of the section', 'listingNoteTypeId': 3, 'showToBuyer': True, 'hideInMock': False, 'siteAddedListingNote': False, 'aisleListingNoteWithSplit': False, 'listingNoteDescriptionContentId': 2446055, 'formattedListingNoteDescription': 'Actual 1st row of the section'}, {'listingNoteId': 2271, 'listingNoteContentId': 4178214, 'formattedListingNoteContent': 'Premium Front Row', 'listingNoteTypeId': 3, 'showToBuyer': True, 'hideInMock': False, 'siteAddedListingNote': False, 'aisleListingNoteWithSplit': False, 'formattedListingNoteDescription': ''}, {'listingNoteId': -1, 'listingNoteContentId': 3338094, 'formattedListingNoteContent': 'Clear view', 'listingNoteTypeId': 3, 'showToBuyer': True, 'hideInMock': False, 'siteAddedListingNote': False, 'aisleListingNoteWithSplit': False, 'listingNoteDescriptionContentId': 3338095, 'formattedListingNoteDescription': ""You'll have an unrestricted view of the show.""}]","[{'listingNoteBucketId': 11, 'formattedListingNoteContent': 'Preferred Seating', 'displayOrder': 11, 'showsRawNoteText': True, 'sourceListingNoteId': 165}, {'listingNoteBucketId': 0, 'formattedListingNoteContent': 'Actual 1st row of the section', 'displayOrder': 30, 'showsRawNoteText': True, 'sourceListingNoteId': 811}, {'listingNoteBucketId': 0, 'formattedListingNoteContent': 'Premium Front Row', 'displayOrder': 30, 'showsRawNoteText': True, 'sourceListingNoteId': 2271}, {'listingNoteBucketId': 27, 'formattedListingNoteContent': 'Clear view', 'displayOrder': 8, 'showsRawNoteText': True, 'sourceListingNoteId': -1}]",2112394,False,False,Row 7,False,6436043,"¥6,436,043","¥6,436,043",10,Mobile Transfer ticket,3,1,USD,JPY,0.0,USD,"https://img.vggcdn.net/img/vfsimage2/812551/594_1530766/0.jpg?im=Resize=(500,271)&v=771",15 hours ago,5,False,False,False,False,ER0nX2%2bfrSdF1iBzNF%2b1lXc9uLQ7pLHkfdslL7LglJ0%3d,False,2026-07-18T02:00:15.7470000Z,False,False,False,False,False,False,0,False,False,False,False,False,0,False,False,0,13388091339,False,307E3886-D91B-4484-B12E-27B428654309,False,False,True,2,4.515842511367039,2.295656544,,,,,"[{'message': 'Popular Pick', 'qualifier': '52 tickets sold for this event', 'hasValue': True, 'messageType': 'BoughtInLastHourSocialProofBased'}, {'message': 'Front Row', 'qualifier': 'Best seats in the house', 'hasValue': True, 'messageType': 'FirstRowTicketAttributeBased'}]",[811],,,,,,,,,,,,,,,,,,
13385548354,153020449,115C,1530769,115C,2,3,9_9,9,9,9,False,False,1,,False,False,[1],594,Lower,1,True,"[{'listingNoteId': 2027, 'listingNoteContentId': 3415845, 'formattedListingNoteContent': 'Third Row of Section', 'listingNoteTypeId': 6, 'showToBuyer': True, 'hideInMock': False, 'siteAddedListingNote': False, 'aisleListingNoteWithSplit': False, 'listingNoteDescriptionContentId': 3415845, 'formattedListingNoteDescription': 'Third Row of Section'}, {'listingNoteId': -1, 'listingNoteContentId': 3338094, 'formattedListingNoteContent': 'Clear view', 'listingNoteTypeId': 3, 'showToBuyer': True, 'hideInMock': False, 'siteAddedListingNote': False, 'aisleListingNoteWithSplit': False, 'listingNoteDescriptionContentId': 3338095, 'formattedListingNoteDescription': ""You'll have an unrestricted view of the show.""}]","[{'listingNoteBucketId': 14, 'formattedListingNoteContent': 'Third Row of Section', 'displayOrder': 14, 'showsRawNoteText': True, 'sourceListingNoteId': 2027}, {'listingNoteBucketId': 27, 'formattedListingNoteContent': 'Clear view', 'displayOrder': 8, 'showsRawNoteText': True, 'sourceListingNoteId': -1}]",1641166,False,False,Row 3,False,6593561,"¥6,593,561","¥6,593,561",10,Mobile Transfer ticket,3,1,USD,JPY,,USD,"https://img.vggcdn.net/img/vfsimage2/812551/594_1530769/0.jpg?im=Resize=(500,271)&v=771",21 hours ago,8,False,False,False,False,qrhwp4Ghk39t4NJ005MhWbnEt%2fli9mnXKdaomenjJk0%3d,False,2026-07-17T19:38:06.2870000Z,False,False,False,False,True,False,0,False,False,False,False,False,0,False,False,0,13385548354,False,9FD7909B-CC3B-4262-90F7-2B2FEF60FD61,False,False,True,4,8.010365449374337,3.73766285,,,,,"[{'message': 'Great Value', 'qualifier': 'Based on price, view, seat quality and more', 'hasValue': True, 'messageType': 'ValueBased'}, {'message': 'Popular Pick', 'qualifier': '52 tickets sold for this event', 'hasValue': True, 'messageType': 'BoughtInLastHourSocialProofBased'}, {'message': 'Third Row', 'qualifier': 'Excellent proximity to the action', 'hasValue': True, 'messageType': 'ThirdRowTicketAttributeBased'}]",[2027],,,,,,"¥10,990,545",40.0,"¥4,396,984",,,,,,,Best view,Best view listing for the selected quantity for this event on our site.,True,6aa8a73f-b069-4147-a316-ffc9e9280c2b
13039179808,153020449,129,122799,129,2,19,20_20,20,20,20,False,False,1,,False,False,[1],594,Lower,1,True,"[{'listingNoteId': 2344, 'listingNoteContentId': 4216766, 'formattedListingNoteContent': 'Includes Offsite Hospitality', 'listingNoteTypeId': 3, 'showToBuyer': True, 'hideInMock': False, 'siteAddedListingNote': False, 'aisleListingNoteWithSplit': False, 'formattedListingNoteDescription': ''}, {'listingNoteId': 1028, 'listingNoteContentId': 2446497, 'formattedListingNoteContent': 'Includes unlimited food and drinks (beer, wine and liquor)', 'listingNoteTypeId': 3, 'showToBuyer': True, 'hideInMock': False, 'siteAddedListingNote': False, 'aisleListingNoteWithSplit': False, 'listingNoteDescriptionContentId': 2446498, 'formattedListingNoteDescription': 'Includes unlimited food and drinks (beer, wine and liquor)'}, {'listingNoteId': 11, 'listingNoteContentId': 1038686, 'formattedListingNoteContent': 'Includes VIP pass', 'listingNoteTypeId': 3, 'showToBuyer': True, 'hideInMock': False, 'siteAddedListingNote': False, 'aisleListingNoteWithSplit': False, 'listingNoteDescriptionContentId': 1277351, 'formattedListingNoteDescription': ""A VIP pass gives you great privileges that other ticket holders don't have!""}, {'listingNoteId': 165, 'listingNoteContentId': 2444685, 'formattedListingNoteContent': 'Preferred Seating', 'listingNoteTypeId': 3, 'showToBuyer': True, 'hideInMock': False, 'siteAddedListingNote': False, 'aisleListingNoteWithSplit': False, 'listingNoteDescriptionContentId': 2444686, 'formattedListingNoteDescription': 'Preferred Seating'}, {'listingNoteId': 2249, 'listingNoteContentId': 4167477, 'formattedListingNoteContent': 'Reserved Seating', 'listingNoteTypeId': 3, 'showToBuyer': True, 'hideInMock': False, 'siteAddedListingNote': False, 'aisleListingNoteWithSplit': False, 'listingNoteDescriptionContentId': 4167478, 'formattedListingNoteDescription': 'Reserved Seating'}, {'listingNoteId': 1723, 'listingNoteContentId': 2731488, 'formattedListingNoteContent': 'Members Only', 'listingNoteTypeId': 2, 'showToBuyer': True, 'hideInMock': False, 'siteAddedListingNote': False, 'aisleListingNoteWithSplit': False, 'listingNoteDescriptionContentId': 2731489, 'formattedListingNoteDescription': 'You need to be a member to buy a ticket in this section.'}, {'listingNoteId': 102, 'listingNoteContentId': 1670084, 'formattedListingNoteContent': 'Resale not allowed', 'listingNoteTypeId': 2, 'showToBuyer': True, 'hideInMock': False, 'siteAddedListingNote': False, 'aisleListingNoteWithSplit': False, 'listingNoteDescriptionContentId': 1670085, 'formattedListingNoteDescription': 'Resale of these tickets is not allowed by the event organiser, and anyone found to be reselling these tickets risks being turned away from the event.'}, {'listingNoteId': 2351, 'listingNoteContentId': 4249194, 'formattedListingNoteContent': 'This ticket cannot be transferred again after you receive it', 'listingNoteTypeId': 2, 'showToBuyer': True, 'hideInMock': False, 'siteAddedListingNote': False, 'aisleListingNoteWithSplit': False, 'listingNoteDescriptionContentId': 4249195, 'formattedListingNoteDescription': 'These tickets will be delivered via the FWC2026 Mobile Tickets app, which restricts subsequent transfer'}, {'listingNoteId': -1, 'listingNoteContentId': 3338094, 'formattedListingNoteContent': 'Clear view', 'listingNoteTypeId': 3, 'showToBuyer': True, 'hideInMock': False, 'siteAddedListingNote': False, 'aisleListingNoteWithSplit': False, 'listingNoteDescriptionContentId': 3338095, 'formattedListingNoteDescription': ""You'll have an unrestricted view of the show.""}]","[{'listingNoteBucketId': 1, 'formattedListingNoteContent': 'VIP packages', 'displayOrder': 1, 'showsRawNoteText': False}, {'listingNoteBucketId': 7, 'formattedListingNoteContent': 'Food & beverages', 'displayOrder': 7, 'showsRawNoteText': False}, {'listingNoteBucketId': 11, 'formattedListingNoteContent': 'Preferred Seating', 'displayOrder': 11, 'showsRawNoteText': True, 'sourceListingNoteId': 165}, {'listingNoteBucketId': 11, 'formattedListingNoteContent': 'Reserved Seating', 'displayOrder': 11, 'showsRawNoteText': True, 'sourceListingNoteId': 2249}, {'listingNoteBucketId': 25, 'formattedListingNoteContent': 'Members Only', 'displayOrder': 25, 'showsRawNoteText': True, 'sourceListingNoteId': 1723}, {'listingNoteBucketId': 25, 'formattedListingNoteContent': 'Resale not allowed', 'displayOrder': 25, 'showsRawNoteText': True, 'sourceListingNoteId': 102}, {'listingNoteBucketId': 0, 'formattedListingNoteContent': 'Includes Offsite Hospitality', 'displayOrder': 30, 'showsRawNoteText': True, 'sourceListingNoteId': 2344}, {'listingNoteBucketId': 0, 'formattedListingNoteContent': 'This ticket cannot be transferred again after you receive it', 'displayOrder': 30, 'showsRawNoteText': True, 'sourceListingNoteId': 2351}, {'listingNoteBucketId': 27, 'formattedListingNoteContent': 'Clear view', 'displayOrder': 8, 'showsRawNoteText': True, 'sourceListingNoteId': -1}]",2112871,False,False,Row 19,False,7018545,"¥7,018,545","¥7,018,545",10,Mobile Transfer ticket,3,1,USD,JPY,,USD,"https://img.vggcdn.net/img/vfsimage2/812551/594_122799/0.jpg?im=Resize=(500,271)&v=771",32 days ago,2,False,False,False,False,6kntfuF5aGGxtY09sPnqFDbr6tIeJje5rwBG9Ik0FSo%3d,False,2026-06-15T23:17:01.4300000Z,False,False,False,False,False,False,0,False,False,False,False,False,0,False,False,0,13039179808,False,1925AF2C-A398-41A9-B411-65B8F49E15CA,False,False,True,1,2.1148698946944133,1.387804584,,,,,"[{'message': 'Popular Pick', 'qualifier': '52 tickets sold for this event', 'hasValue': True, 'messageType': 'BoughtInLastHourSocialProofBased'}]",[],,,,,,,,,,,,,,,,,,
13346680337,153020449,112,122789,112,2,22,_,,,,False,False,5,,False,False,"[1, 2, 3, 4, 5]",594,Lower,5,True,"[{'listingNoteId': -1, 'listingNoteContentId': 3338094, 'formattedListingNoteContent': 'Clear view', 'listingNoteTypeId': 3, 'showToBuyer': True, 'hideInMock': False, 'siteAddedListingNote': False, 'aisleListingNoteWithSplit': False, 'listingNoteDescriptionContentId': 3338095, 'formattedListingNoteDescription': ""You'll have an unrestricted view of the show.""}]","[{'listingNoteBucketId': 27, 'formattedListingNoteContent': 'Clear view', 'displayOrder': 8, 'showsRawNoteText': True, 'sourceListingNoteId': -1}]",2112412,False,False,Row 22,False,7102763,"¥7,102,763","¥7,102,763",10,Mobile Transfer ticket,3,1,USD,JPY,0.0,USD,"https://img.vggcdn.net/img/vfsimage2/812551/594_122789/0.jpg?im=Resize=(500,271)&v=771",4 days ago,3,False,False,False,False,JOwTr%2bXmR49xtKwYHkxRxoHW0ietnOtWJ1GogsKw3hg%3d,False,2026-07-14T02:26:25.1270000Z,False,False,False,False,False,False,0,False,False,False,False,False,0,False,False,0,13346680337,False,3F58A8C5-E291-40C8-848D-7FC17AD1579A,False,False,True,2,2.8449688572712724,2.008979178,,,,,"[{'message': 'Popular Pick', 'qualifier': '52 tickets sold for this event', 'hasValue': True, 'messageType': 'BoughtInLastHourSocialProofBased'}]",[],,,,Last tickets,True,"¥10,424,727",32.0,"¥3,321,964",,,,,,,,,,
13360117497,153020449,Spain Supporters Premium Tier,2447957,Spain Supporters Premium Tier,2,,_,,,,False,False,4,,False,False,"[1, 2, 3, 4]",1666,Spain Supporters,4,True,"[{'listingNoteId': -1, 'listingNoteContentId': 3338094, 'formattedListingNoteContent': 'Clear view', 'listingNoteTypeId': 3, 'showToBuyer': True, 'hideInMock': False, 'siteAddedListingNote': False, 'aisleListingNoteWithSplit': False, 'listingNoteDescriptionContentId': 3338095, 'formattedListingNoteDescription': ""You'll have an unrestricted view of the show.""}]","[{'listingNoteBucketId': 27, 'formattedListingNoteContent': 'Clear view', 'displayOrder': 8, 'showsRawNoteText': True, 'sourceListingNoteId': -1}]",4847587,False,False,Row,True,7806077,"¥7,806,077","¥7,806,077",10,Mobile Transfer ticket,3,1,EUR,JPY,25.0,EUR,"https://img.vggcdn.net/img/vfsimage2/812551/1666_2447957/0.jpg?im=Resize=(500,271)&v=771",3 days ago,2,False,False,False,False,bQohbdDYJTCxSNURM3ERLHZYXKnum0SCgIJHo1%2bE3cQ%3d,False,2026-07-15T12:25:17.1600000Z,False,False,False,False,False,False,0,False,False,False,False,False,0,False,False,0,13360117497,False,7A8E547A-29F4-4B36-A58B-249D80CF04CA,False,False,True,1,1.8788922736587341,1.325108567,,,,,"[{'message': 'Popular Pick', 'qualifier': '52 tickets sold for this event', 'hasValue': True, 'messageType': 'BoughtInLastHourSocialProofBased'}]",[],,,,Last tickets,True,,,,,,,,,,,,,
13369997536,153020449,113,122944,113,2,,_,,,,False,False,1,,False,False,[1],594,Lower,1,True,"[{'listingNoteId': 111, 'listingNoteContentId': 1703554, 'formattedListingNoteContent': 'Event Organiser', 'listingNoteTypeId': 5, 'showToBuyer': True, 'hideInMock': False, 'siteAddedListingNote': False, 'aisleListingNoteWithSplit': False, 'listingNoteDescriptionContentId': 1703553, 'formattedListingNoteDescription': 'the seller is an organiser of the event or a person acting on behalf of an organiser of the event'}, {'listingNoteId': -1, 'listingNoteContentId': 3338094, 'formattedListingNoteContent': 'Clear view', 'listingNoteTypeId': 3, 'showToBuyer': True, 'hideInMock': False, 'siteAddedListingNote': False, 'aisleListingNoteWithSplit': False, 'listingNoteDescriptionContentId': 3338095, 'formattedListingNoteDescription': ""You'll have an unrestricted view of the show.""}]","[{'listingNoteBucketId': 0, 'formattedListingNoteContent': 'Event Organiser', 'displayOrder': 30, 'showsRawNoteText': True, 'sourceListingNoteId': 111}, {'listingNoteBucketId': 27, 'formattedListingNoteContent': 'Clear view', 'displayOrder': 8, 'showsRawNoteText': True, 'sourceListingNoteId': -1}]",108747,False,False,Row,True,11151347,"¥11,151,347","¥11,151,347",10,Mobile Transfer ticket,3,1,EUR,JPY,10000.0,EUR,"https://img.vggcdn.net/img/vfsimage2/812551/594_122944/0.jpg?im=Resize=(500,271)&v=771",2 days ago,3,False,False,False,False,YxkmZK9JF79Spkd4PaSd7hRCozLgpUKgZ2SbM3EdEfw%3d,False,2026-07-16T09:26:36.0230000Z,False,False,False,False,False,False,0,False,False,False,False,False,0,False,False,0,13369997536,False,495D26C1-ADC9-48FC-8267-A4FF304DAB25,False,False,True,2,3.039164804253446,3.231938413,,,,,"[{'message': 'Popular Pick', 'qualifier': '52 tickets sold for this event', 'hasValue': True, 'messageType': 'BoughtInLastHourSocialProofBased'}]",[],,,,Last ticket,True,,,,,,,,,,,,,
