id,eventId,section,sectionId,sectionMapName,sectionType,row,seat,seatFrom,seatTo,seatFromInternal,hasSeatDetails,hasSeatDetailsExpansion,availableTickets,formattedFees,showRecentlySold,showPartnershipLogo,availableQuantities,ticketClass,ticketClassName,maxQuantity,hasListingNotes,listingNotes,listingNoteBuckets,rowId,isUsersListing,isPreUploaded,rowContent,isSpeculativeRow,rawPrice,price,formattedTotalPrice,ticketTypeId,ticketTypeName,ticketTypeGroupId,listingTypeId,listingCurrencyCode,buyerCurrencyCode,faceValue,faceValueCurrencyCode,vfsUrl,formattedActiveSince,formattedDealScore,isSeatedTogether,showVfsInListing,hideSeatAndRowInfo,isUnmappedSection,aipHash,isMLBVerified,createdDateTime,showCheapestTag,showBestDealTag,showBestDealInSectionTag,showFanFavoriteTag,showBestViewTag,showTopChoiceTag,topChoiceBucket,isMostAffordable,winningMerchTags,suppressedMerchTags,isZoneTicketClass,isSponsored,isSponsoredSecondary,isMirrorListing,crossSellSource,isCheapestListing,isFavorite,aggregateFavorites,listingId,canBeRelisted,listingImpressionId,isBetterValueListing,hasRowLevelVfs,isDealScoreEligibleForDisplay,inventoryListingScore.starRating,inventoryListingScore.dealScore,inventoryListingScore.seatQualityScore,bestSellingInSectionMessage.message,bestSellingInSectionMessage.disclaimer,bestSellingInSectionMessage.hasValue,bestPriceTagMessage.message,bestPriceTagMessage.disclaimer,bestPriceTagMessage.hasValue,bestPriceTagMessage.featureTrackingKey,listingHighlightData.highlightSiteMessagesWithType,listingHighlightData.listingNoteIdsReplacedByHighlight,lastTicketInSectionMessage.message,lastTicketInSectionMessage.hasValue,strikeThroughPrice,strikeThroughDiscountPercent,strikeThroughAmountOff,bestDealTagMessage.message,bestDealTagMessage.hasValue,bestDealTagMessage.featureTrackingKey,bestViewTagMessage.message,bestViewTagMessage.disclaimer,bestViewTagMessage.hasValue,bestViewTagMessage.featureTrackingKey
13388942315,153020449,306,122899,306,2,16,13_13,13,13,13,False,False,1,,False,False,[1],407,Upper,1,True,"[{'listingNoteId': -1, 'listingNoteContentId': 3338094, 'formattedListingNoteContent': 'Clear view', 'listingNoteTypeId': 3, 'showToBuyer': True, 'hideInMock': False, 'siteAddedListingNote': False, 'aisleListingNoteWithSplit': False, 'listingNoteDescriptionContentId': 3338095, 'formattedListingNoteDescription': ""You'll have an unrestricted view of the show.""}]","[{'listingNoteBucketId': 27, 'formattedListingNoteContent': 'Clear view', 'displayOrder': 8, 'showsRawNoteText': True, 'sourceListingNoteId': -1}]",2113691,False,False,Row 16,False,1560219,"¥1,560,219","¥1,560,219",10,Mobile Transfer ticket,3,1,USD,JPY,5785.0,USD,"https://img.vggcdn.net/img/vfsimage2/812551/407_122899/0.jpg?im=Resize=(500,271)&v=771",an hour ago,7,False,False,False,False,e6in5UWdIlRx5Bf%2bUHoKdkr5NgUuUGCEtLuYZ20zSg0%3d,False,2026-07-18T05:01:09.1530000Z,True,False,False,True,False,False,0,False,[2],[6],False,False,False,False,0,True,False,0,13388942315,False,4B93543C-8291-45AC-8A31-F414958A2CFF,False,False,True,4,7.137146218455079,0.7558231346,Fan favorite,This section is in the top 10% of sections for this event when ranked based on a count of successful sales over the past 7 days on our site,True,Best price,Lowest priced listing for the selected quantity for this event on our site.,True,6aa8a73f-b069-4147-a316-ffc9e9280c2b,"[{'message': 'Great Value', 'qualifier': 'Based on price, view, seat quality and more', 'hasValue': True, 'messageType': 'ValueBased'}, {'message': 'Popular Pick', 'qualifier': '15 tickets sold for this event', 'hasValue': True, 'messageType': 'BoughtInLastHourSocialProofBased'}]",[],,,,,,,,,,,,
13388142372,153020449,327,122920,327,2,19,4_4,4,4,4,False,False,1,,False,False,[1],407,Upper,1,True,"[{'listingNoteId': -1, 'listingNoteContentId': 3338094, 'formattedListingNoteContent': 'Clear view', 'listingNoteTypeId': 3, 'showToBuyer': True, 'hideInMock': False, 'siteAddedListingNote': False, 'aisleListingNoteWithSplit': False, 'listingNoteDescriptionContentId': 3338095, 'formattedListingNoteDescription': ""You'll have an unrestricted view of the show.""}]","[{'listingNoteBucketId': 27, 'formattedListingNoteContent': 'Clear view', 'displayOrder': 8, 'showsRawNoteText': True, 'sourceListingNoteId': -1}]",2113850,False,False,Row 19,False,1579519,"¥1,579,519","¥1,579,519",10,Mobile Transfer ticket,3,1,USD,JPY,0.0,USD,"https://img.vggcdn.net/img/vfsimage2/812551/407_122920/0.jpg?im=Resize=(500,271)&v=771",3 hours ago,7,False,False,False,False,etHI2wB3bx11eglg%2bQJdsF4ad34XG4KlT5ccZEesUyc%3d,False,2026-07-18T02:10:54.0000000Z,False,False,False,False,False,False,0,False,,,False,False,False,False,0,False,False,0,13388142372,False,C7A7452F-E205-4A57-BB43-DDADC7AAE450,False,False,True,4,7.1964496697624085,0.7703844537,,,,,,,,"[{'message': 'Great Value', 'qualifier': 'Based on price, view, seat quality and more', 'hasValue': True, 'messageType': 'ValueBased'}, {'message': 'Popular Pick', 'qualifier': '15 tickets sold for this event', 'hasValue': True, 'messageType': 'BoughtInLastHourSocialProofBased'}]",[],,,,,,,,,,,,
13388924717,153020449,319,122912,319,2,18,15_15,15,15,15,False,False,1,,False,False,[1],407,Upper,1,True,"[{'listingNoteId': -1, 'listingNoteContentId': 3338094, 'formattedListingNoteContent': 'Clear view', 'listingNoteTypeId': 3, 'showToBuyer': True, 'hideInMock': False, 'siteAddedListingNote': False, 'aisleListingNoteWithSplit': False, 'listingNoteDescriptionContentId': 3338095, 'formattedListingNoteDescription': ""You'll have an unrestricted view of the show.""}]","[{'listingNoteBucketId': 27, 'formattedListingNoteContent': 'Clear view', 'displayOrder': 8, 'showsRawNoteText': True, 'sourceListingNoteId': -1}]",703931,False,False,Row 18,False,1596187,"¥1,596,187","¥1,596,187",10,Mobile Transfer ticket,3,1,USD,JPY,,USD,"https://img.vggcdn.net/img/vfsimage2/812551/407_122912/0.jpg?im=Resize=(500,271)&v=771",an hour ago,7,False,False,False,False,c%2bWcekBJvRtCDDs5%2fsgiQ0eMWcH4AiiWCIhVEXJ36Fk%3d,False,2026-07-18T04:57:28.0300000Z,False,False,False,False,False,False,0,False,,,False,False,False,False,0,False,False,0,13388924717,False,5B2A2449-80F0-4193-833D-7147D7132BA3,False,False,True,3,6.547198479508803,0.7183404696,,,,,,,,"[{'message': 'Popular Pick', 'qualifier': '15 tickets sold for this event', 'hasValue': True, 'messageType': 'BoughtInLastHourSocialProofBased'}]",[],,,,,,,,,,,,
13389275415,153020449,324,122917,324,2,25,18_18,,,18,False,False,1,,False,False,[1],407,Upper,1,True,"[{'listingNoteId': -1, 'listingNoteContentId': 3338094, 'formattedListingNoteContent': 'Clear view', 'listingNoteTypeId': 3, 'showToBuyer': True, 'hideInMock': False, 'siteAddedListingNote': False, 'aisleListingNoteWithSplit': False, 'listingNoteDescriptionContentId': 3338095, 'formattedListingNoteDescription': ""You'll have an unrestricted view of the show.""}]","[{'listingNoteBucketId': 27, 'formattedListingNoteContent': 'Clear view', 'displayOrder': 8, 'showsRawNoteText': True, 'sourceListingNoteId': -1}]",2113790,False,False,Row 25,False,1596346,"¥1,596,346","¥1,596,346",10,Mobile Transfer ticket,3,1,USD,JPY,4000.0,USD,"https://img.vggcdn.net/img/vfsimage2/812551/407_122917/0.jpg?im=Resize=(500,271)&v=771",8 minutes ago,7,False,False,False,False,uSAN43uU9I5sgxmPgGDPnq4w320L55IRC%2bIQ%2fmROA9o%3d,False,2026-07-18T05:54:39.1330000Z,False,False,False,False,False,False,0,False,[7],,False,False,False,False,0,False,False,0,13389275415,False,318FD683-858B-487B-BDA9-2B1DD953048B,False,False,True,3,6.642510906322797,0.7269352183,,,,,,,,"[{'message': 'Popular Pick', 'qualifier': '15 tickets sold for this event', 'hasValue': True, 'messageType': 'BoughtInLastHourSocialProofBased'}]",[],Last ticket,True,,,,,,,,,,
13387139253,153020449,319,122912,319,2,14,9_9,9,9,9,False,False,1,,False,False,[1],407,Upper,1,True,"[{'listingNoteId': -1, 'listingNoteContentId': 3338094, 'formattedListingNoteContent': 'Clear view', 'listingNoteTypeId': 3, 'showToBuyer': True, 'hideInMock': False, 'siteAddedListingNote': False, 'aisleListingNoteWithSplit': False, 'listingNoteDescriptionContentId': 3338095, 'formattedListingNoteDescription': ""You'll have an unrestricted view of the show.""}]","[{'listingNoteBucketId': 27, 'formattedListingNoteContent': 'Clear view', 'displayOrder': 8, 'showsRawNoteText': True, 'sourceListingNoteId': -1}]",703927,False,False,Row 14,False,1597064,"¥1,597,064","¥1,597,064",10,Mobile Transfer ticket,3,1,USD,JPY,0.0,USD,"https://img.vggcdn.net/img/vfsimage2/812551/407_122912/0.jpg?im=Resize=(500,271)&v=771",6 hours ago,7,False,False,False,False,hcWr0E0G0kk3aYdx3lrbuyX6hSTk5roSZ0ZorHll5vI%3d,False,2026-07-17T23:11:03.1370000Z,False,False,False,False,False,False,0,False,,,False,False,False,False,0,False,False,0,13387139253,False,37441EEA-BC82-4C22-A0D7-2A1DB2F0908B,False,False,True,4,7.154006857730573,0.7751677852,,,,,,,,"[{'message': 'Great Value', 'qualifier': 'Based on price, view, seat quality and more', 'hasValue': True, 'messageType': 'ValueBased'}, {'message': 'Popular Pick', 'qualifier': '15 tickets sold for this event', 'hasValue': True, 'messageType': 'BoughtInLastHourSocialProofBased'}]",[],,,,,,,,,,,,
13388100640,153020449,349,122942,349,2,17,13_13,13,13,13,False,False,1,,False,False,[1],407,Upper,1,True,"[{'listingNoteId': -1, 'listingNoteContentId': 3338094, 'formattedListingNoteContent': 'Clear view', 'listingNoteTypeId': 3, 'showToBuyer': True, 'hideInMock': False, 'siteAddedListingNote': False, 'aisleListingNoteWithSplit': False, 'listingNoteDescriptionContentId': 3338095, 'formattedListingNoteDescription': ""You'll have an unrestricted view of the show.""}]","[{'listingNoteBucketId': 27, 'formattedListingNoteContent': 'Clear view', 'displayOrder': 8, 'showsRawNoteText': True, 'sourceListingNoteId': -1}]",2114021,False,False,Row 17,False,1597064,"¥1,597,064","¥1,597,064",10,Mobile Transfer ticket,3,1,USD,JPY,,USD,"https://img.vggcdn.net/img/vfsimage2/812551/407_122942/0.jpg?im=Resize=(500,271)&v=771",3 hours ago,7,False,False,False,False,hcWr0E0G0kk3aYdx3lrbuyX6hSTk5roSZ0ZorHll5vI%3d,False,2026-07-18T02:03:33.4600000Z,False,False,False,True,False,False,0,False,[6],,False,False,False,False,0,False,False,0,13388100640,False,D4B2DCCA-AE43-4B22-B790-3E123D52255C,False,False,True,3,6.981364666240583,0.7592844362,Fan favorite,This section is in the top 10% of sections for this event when ranked based on a count of successful sales over the past 7 days on our site,True,,,,,"[{'message': 'Popular Pick', 'qualifier': '15 tickets sold for this event', 'hasValue': True, 'messageType': 'BoughtInLastHourSocialProofBased'}]",[],,,,,,,,,,,,
13387500802,153020449,331,122924,331,2,24,28_28,28,28,28,False,False,1,,False,False,[1],407,Upper,1,True,"[{'listingNoteId': -1, 'listingNoteContentId': 3338094, 'formattedListingNoteContent': 'Clear view', 'listingNoteTypeId': 3, 'showToBuyer': True, 'hideInMock': False, 'siteAddedListingNote': False, 'aisleListingNoteWithSplit': False, 'listingNoteDescriptionContentId': 3338095, 'formattedListingNoteDescription': ""You'll have an unrestricted view of the show.""}]","[{'listingNoteBucketId': 27, 'formattedListingNoteContent': 'Clear view', 'displayOrder': 8, 'showsRawNoteText': True, 'sourceListingNoteId': -1}]",2113939,False,False,Row 24,False,1597064,"¥1,597,064","¥1,597,064",10,Mobile Transfer ticket,3,1,USD,JPY,0.0,USD,"https://img.vggcdn.net/img/vfsimage2/812551/407_122924/0.jpg?im=Resize=(500,271)&v=771",6 hours ago,7,False,False,False,False,hcWr0E0G0kk3aYdx3lrbuyX6hSTk5roSZ0ZorHll5vI%3d,False,2026-07-17T23:52:41.3300000Z,False,False,False,False,False,False,0,False,,,False,False,False,False,0,False,False,0,13387500802,False,B8A29E94-0CE8-4E0B-A1F5-F911F484FBC6,False,False,True,3,6.656998584179901,0.7285758278,,,,,,,,"[{'message': 'Popular Pick', 'qualifier': '15 tickets sold for this event', 'hasValue': True, 'messageType': 'BoughtInLastHourSocialProofBased'}]",[],,,"¥2,018,730",21.0,"¥421,666",,,,,,,
13384737142,153020449,311,122904,311,2,24,2_2,2,2,2,False,False,1,,False,False,[1],407,Upper,1,True,"[{'listingNoteId': -1, 'listingNoteContentId': 3338094, 'formattedListingNoteContent': 'Clear view', 'listingNoteTypeId': 3, 'showToBuyer': True, 'hideInMock': False, 'siteAddedListingNote': False, 'aisleListingNoteWithSplit': False, 'listingNoteDescriptionContentId': 3338095, 'formattedListingNoteDescription': ""You'll have an unrestricted view of the show.""}]","[{'listingNoteBucketId': 27, 'formattedListingNoteContent': 'Clear view', 'displayOrder': 8, 'showsRawNoteText': True, 'sourceListingNoteId': -1}]",703761,False,False,Row 24,False,1597064,"¥1,597,064","¥1,597,064",10,Mobile Transfer ticket,3,1,USD,JPY,,USD,"https://img.vggcdn.net/img/vfsimage2/812551/407_122904/0.jpg?im=Resize=(500,271)&v=771",12 hours ago,5,False,False,False,False,hcWr0E0G0kk3aYdx3lrbuyX6hSTk5roSZ0ZorHll5vI%3d,False,2026-07-17T17:46:30.9170000Z,False,False,False,False,False,False,0,False,,,False,False,False,False,0,False,False,0,13384737142,False,8C01EE01-234D-4A35-BFD5-300D7C58C2C9,False,False,True,2,4.950243481433535,0.5990306855,,,,,,,,"[{'message': 'Popular Pick', 'qualifier': '15 tickets sold for this event', 'hasValue': True, 'messageType': 'BoughtInLastHourSocialProofBased'}]",[],,,,,,,,,,,,
13359542655,153020449,307,122900,307,2,21,_,,,,False,False,2,,False,False,"[1, 2]",407,Upper,2,True,"[{'listingNoteId': -1, 'listingNoteContentId': 3338094, 'formattedListingNoteContent': 'Clear view', 'listingNoteTypeId': 3, 'showToBuyer': True, 'hideInMock': False, 'siteAddedListingNote': False, 'aisleListingNoteWithSplit': False, 'listingNoteDescriptionContentId': 3338095, 'formattedListingNoteDescription': ""You'll have an unrestricted view of the show.""}]","[{'listingNoteBucketId': 27, 'formattedListingNoteContent': 'Clear view', 'displayOrder': 8, 'showsRawNoteText': True, 'sourceListingNoteId': -1}]",703670,False,False,Row 21,False,1606176,"¥1,606,176","¥1,606,176",10,Mobile Transfer ticket,3,1,EUR,JPY,5000.0,EUR,"https://img.vggcdn.net/img/vfsimage2/812551/407_122900/0.jpg?im=Resize=(500,271)&v=771",2 days ago,9,False,False,False,False,2%2bSUbCwunDlnJVgt5bQkDoFhzEApUP4cCxdR1tO%2bNz4%3d,False,2026-07-15T11:10:48.5970000Z,False,False,False,False,False,False,0,False,,,False,False,False,False,0,False,False,0,13359542655,False,0B345743-019F-4314-BC97-A274C9D922A0,False,False,True,5,8.663650057881155,0.9539744087,,,,,,,,"[{'message': 'Amazing Value', 'qualifier': 'Based on price, view, seat quality and more', 'hasValue': True, 'messageType': 'ValueBased'}, {'message': 'Popular Pick', 'qualifier': '15 tickets sold for this event', 'hasValue': True, 'messageType': 'BoughtInLastHourSocialProofBased'}]",[],,,,,,,,,,,,
13346407517,153020449,303,122896,303,2,25,_,,,,False,False,2,,False,False,"[1, 2]",407,Upper,2,True,"[{'listingNoteId': -1, 'listingNoteContentId': 3338094, 'formattedListingNoteContent': 'Clear view', 'listingNoteTypeId': 3, 'showToBuyer': True, 'hideInMock': False, 'siteAddedListingNote': False, 'aisleListingNoteWithSplit': False, 'listingNoteDescriptionContentId': 3338095, 'formattedListingNoteDescription': ""You'll have an unrestricted view of the show.""}]","[{'listingNoteBucketId': 27, 'formattedListingNoteContent': 'Clear view', 'displayOrder': 8, 'showsRawNoteText': True, 'sourceListingNoteId': -1}]",2113634,False,False,Row 25,False,1606176,"¥1,606,176","¥1,606,176",10,Mobile Transfer ticket,3,1,EUR,JPY,3350.0,EUR,"https://img.vggcdn.net/img/vfsimage2/812551/407_122896/0.jpg?im=Resize=(500,271)&v=771",4 days ago,7,False,False,False,False,2%2bSUbCwunDlnJVgt5bQkDoFhzEApUP4cCxdR1tO%2bNz4%3d,False,2026-07-14T00:59:39.5300000Z,False,False,False,False,False,False,0,False,,,False,False,False,False,0,False,False,0,13346407517,False,A9EE9E17-11B7-4AED-BF38-79E8D567A901,False,False,True,3,6.510672194231529,0.7196045196,,,,,,,,"[{'message': 'Popular Pick', 'qualifier': '15 tickets sold for this event', 'hasValue': True, 'messageType': 'BoughtInLastHourSocialProofBased'}]",[],,,,,,,,,,,,
13359582655,153020449,322,122915,322,2,24,_,,,,False,False,1,,False,False,[1],407,Upper,1,True,"[{'listingNoteId': -1, 'listingNoteContentId': 3338094, 'formattedListingNoteContent': 'Clear view', 'listingNoteTypeId': 3, 'showToBuyer': True, 'hideInMock': False, 'siteAddedListingNote': False, 'aisleListingNoteWithSplit': False, 'listingNoteDescriptionContentId': 3338095, 'formattedListingNoteDescription': ""You'll have an unrestricted view of the show.""}]","[{'listingNoteBucketId': 27, 'formattedListingNoteContent': 'Clear view', 'displayOrder': 8, 'showsRawNoteText': True, 'sourceListingNoteId': -1}]",2113745,False,False,Row 24,False,1606176,"¥1,606,176","¥1,606,176",10,Mobile Transfer ticket,3,1,EUR,JPY,5000.0,EUR,"https://img.vggcdn.net/img/vfsimage2/812551/407_122915/0.jpg?im=Resize=(500,271)&v=771",2 days ago,7,False,False,False,False,2%2bSUbCwunDlnJVgt5bQkDoFhzEApUP4cCxdR1tO%2bNz4%3d,False,2026-07-15T11:15:19.8870000Z,False,False,False,True,False,False,0,False,[6],,False,False,False,False,0,False,False,0,13359582655,False,23132715-1FE0-452E-99AE-AB8E77652571,False,False,True,3,6.528857547070071,0.7212105425,Fan favorite,This section has the highest count of successful sales for this event over the past 7 days on our site,True,,,,,"[{'message': 'Popular Pick', 'qualifier': '15 tickets sold for this event', 'hasValue': True, 'messageType': 'BoughtInLastHourSocialProofBased'}]",[],,,,,,,,,,,,
13376916350,153020449,Upper,1546670,Upper,3,,_,,,,False,False,1,,False,False,[1],407,Upper,1,True,"[{'listingNoteId': -1, 'listingNoteContentId': 3338094, 'formattedListingNoteContent': 'Clear view', 'listingNoteTypeId': 3, 'showToBuyer': True, 'hideInMock': False, 'siteAddedListingNote': False, 'aisleListingNoteWithSplit': False, 'listingNoteDescriptionContentId': 3338095, 'formattedListingNoteDescription': ""You'll have an unrestricted view of the show.""}]","[{'listingNoteBucketId': 27, 'formattedListingNoteContent': 'Clear view', 'displayOrder': 8, 'showsRawNoteText': True, 'sourceListingNoteId': -1}]",1641237,False,False,Row,True,1635664,"¥1,635,664","¥1,635,664",10,Mobile Transfer ticket,3,1,USD,JPY,,USD,"https://img.vggcdn.net/img/vfsimage2/812551/407_1546670/0.jpg?im=Resize=(500,271)&v=771",yesterday,0,False,False,True,True,k%2borcJvhgYnlb5qYku3DExDKqHgXpTSxx1J9uyvJAoY%3d,False,2026-07-16T22:05:13.2800000Z,False,False,False,False,False,False,0,False,[7],,False,False,False,False,0,False,False,0,13376916350,False,07F17D18-446D-4FE6-9EF8-F6FFE7F6930C,False,False,True,0,,,,,,,,,,"[{'message': 'Popular Pick', 'qualifier': '15 tickets sold for this event', 'hasValue': True, 'messageType': 'BoughtInLastHourSocialProofBased'}]",[],Last ticket,True,,,,,,,,,,
13364569078,153020449,306,122899,306,2,15,12_15,,,12,False,False,4,,False,False,"[1, 2, 3, 4]",407,Upper,4,True,"[{'listingNoteId': -1, 'listingNoteContentId': 3338094, 'formattedListingNoteContent': 'Clear view', 'listingNoteTypeId': 3, 'showToBuyer': True, 'hideInMock': False, 'siteAddedListingNote': False, 'aisleListingNoteWithSplit': False, 'listingNoteDescriptionContentId': 3338095, 'formattedListingNoteDescription': ""You'll have an unrestricted view of the show.""}]","[{'listingNoteBucketId': 27, 'formattedListingNoteContent': 'Clear view', 'displayOrder': 8, 'showsRawNoteText': True, 'sourceListingNoteId': -1}]",2113690,False,False,Row 15,False,1638574,"¥1,638,574","¥1,638,574",10,Mobile Transfer ticket,3,1,GBP,JPY,4335.0,GBP,"https://img.vggcdn.net/img/vfsimage2/812551/407_122899/0.jpg?im=Resize=(500,271)&v=771",2 days ago,7,False,False,False,False,CFRDaVvfXQNSpaoaY%2b9%2bK44SJ2MIyaD2hG6zFjd4Eu0%3d,False,2026-07-15T22:36:59.5500000Z,False,False,False,True,False,False,0,False,[6],,False,False,False,False,0,False,False,0,13364569078,False,BC210474-05D1-42C4-BFA1-C94791975EE2,False,False,True,3,6.787368675879737,0.7598700443,Fan favorite,This section is in the top 10% of sections for this event when ranked based on a count of successful sales over the past 7 days on our site,True,,,,,"[{'message': 'Popular Pick', 'qualifier': '15 tickets sold for this event', 'hasValue': True, 'messageType': 'BoughtInLastHourSocialProofBased'}]",[],,,,,,,,,,,,
13385372720,153020449,Category 3,1989401,Category 3,3,,_,,,,False,False,1,,False,False,[1],1247,Category 3,1,True,"[{'listingNoteId': -1, 'listingNoteContentId': 3338094, 'formattedListingNoteContent': 'Clear view', 'listingNoteTypeId': 3, 'showToBuyer': True, 'hideInMock': False, 'siteAddedListingNote': False, 'aisleListingNoteWithSplit': False, 'listingNoteDescriptionContentId': 3338095, 'formattedListingNoteDescription': ""You'll have an unrestricted view of the show.""}]","[{'listingNoteBucketId': 27, 'formattedListingNoteContent': 'Clear view', 'displayOrder': 8, 'showsRawNoteText': True, 'sourceListingNoteId': -1}]",3325460,False,False,Row,True,1640062,"¥1,640,062","¥1,640,062",10,Mobile Transfer ticket,3,1,EUR,JPY,3500.0,EUR,"https://img.vggcdn.net/img/vfsimage2/812551/1247_1989401/0.jpg?im=Resize=(500,271)&v=771",10 hours ago,10,False,False,True,False,dGhKRnNOa8075Ld4PpNkYjlP5UiqlXyoOwywszD6fvE%3d,False,2026-07-17T19:20:08.9130000Z,False,False,False,False,False,False,0,False,[7],,False,False,False,False,0,False,False,0,13385372720,False,1B549EDB-7090-44C5-ADA0-6BC0B5F524FE,False,False,True,5,9.705119586130676,1.25740229,,,,,,,,"[{'message': 'Amazing Value', 'qualifier': 'Based on price, view, seat quality and more', 'hasValue': True, 'messageType': 'ValueBased'}, {'message': 'Popular Pick', 'qualifier': '15 tickets sold for this event', 'hasValue': True, 'messageType': 'BoughtInLastHourSocialProofBased'}]",[],Last ticket,True,,,,,,,,,,
13388397353,153020449,327,122920,327,2,18,_,,,,False,False,1,,False,False,[1],407,Upper,1,True,"[{'listingNoteId': -1, 'listingNoteContentId': 3338094, 'formattedListingNoteContent': 'Clear view', 'listingNoteTypeId': 3, 'showToBuyer': True, 'hideInMock': False, 'siteAddedListingNote': False, 'aisleListingNoteWithSplit': False, 'listingNoteDescriptionContentId': 3338095, 'formattedListingNoteDescription': ""You'll have an unrestricted view of the show.""}]","[{'listingNoteBucketId': 27, 'formattedListingNoteContent': 'Clear view', 'displayOrder': 8, 'showsRawNoteText': True, 'sourceListingNoteId': -1}]",2113849,False,False,Row 18,False,1676299,"¥1,676,299","¥1,676,299",10,Mobile Transfer ticket,3,1,USD,JPY,5785.0,USD,"https://img.vggcdn.net/img/vfsimage2/812551/407_122920/0.jpg?im=Resize=(500,271)&v=771",2 hours ago,7,False,False,False,False,DAxiJ74kU3OhtA8HOlPZ7h2HCFzfa%2bpi7BhIXXBbjmQ%3d,False,2026-07-18T03:25:19.1470000Z,False,False,False,False,False,False,0,False,,,False,False,False,False,0,False,False,0,13388397353,False,0C467E22-66EF-4D52-8DAC-6C47593EB14A,False,False,True,3,6.764969517851978,0.7751677852,,,,,,,,"[{'message': 'Popular Pick', 'qualifier': '15 tickets sold for this event', 'hasValue': True, 'messageType': 'BoughtInLastHourSocialProofBased'}]",[],,,,,,,,,,,,
13371490033,153020449,322,122915,322,2,7,13_13,13,13,13,False,False,1,,False,False,[1],407,Upper,1,True,"[{'listingNoteId': 2027, 'listingNoteContentId': 3415845, 'formattedListingNoteContent': 'Third Row of Section', 'listingNoteTypeId': 6, 'showToBuyer': True, 'hideInMock': False, 'siteAddedListingNote': False, 'aisleListingNoteWithSplit': False, 'listingNoteDescriptionContentId': 3415845, 'formattedListingNoteDescription': 'Third Row of Section'}, {'listingNoteId': -1, 'listingNoteContentId': 3338094, 'formattedListingNoteContent': 'Clear view', 'listingNoteTypeId': 3, 'showToBuyer': True, 'hideInMock': False, 'siteAddedListingNote': False, 'aisleListingNoteWithSplit': False, 'listingNoteDescriptionContentId': 3338095, 'formattedListingNoteDescription': ""You'll have an unrestricted view of the show.""}]","[{'listingNoteBucketId': 14, 'formattedListingNoteContent': 'Third Row of Section', 'displayOrder': 14, 'showsRawNoteText': True, 'sourceListingNoteId': 2027}, {'listingNoteBucketId': 27, 'formattedListingNoteContent': 'Clear view', 'displayOrder': 8, 'showsRawNoteText': True, 'sourceListingNoteId': -1}]",2113750,False,False,Row 7,False,1684790,"¥1,684,790","¥1,684,790",10,Mobile Transfer ticket,3,1,USD,JPY,,USD,"https://img.vggcdn.net/img/vfsimage2/812551/407_122915/0.jpg?im=Resize=(500,271)&v=771",yesterday,7,False,False,False,False,ZOytFfAxbEiqPm6xFTWQ9tMOfS9jLqFY1tVTvIxFVKI%3d,False,2026-07-16T11:59:30.4600000Z,False,False,False,True,False,False,0,False,[6],,False,False,False,False,0,False,False,0,13371490033,False,99A2DFD2-700E-4D0B-B539-281D4661BF40,False,False,True,3,6.787739443730094,0.781344551,Fan favorite,This section has the highest count of successful sales for this event over the past 7 days on our site,True,,,,,"[{'message': 'Popular Pick', 'qualifier': '15 tickets sold for this event', 'hasValue': True, 'messageType': 'BoughtInLastHourSocialProofBased'}, {'message': 'Third Row', 'qualifier': 'Excellent proximity to the action', 'hasValue': True, 'messageType': 'ThirdRowTicketAttributeBased'}]",[2027],,,,,,,,,,,,
13388151160,153020449,328,122921,328,2,25,1_1,1,1,1,False,False,1,,False,False,[1],407,Upper,1,True,"[{'listingNoteId': 10, 'listingNoteContentId': 1036546, 'formattedListingNoteContent': 'Aisle seat', 'listingNoteTypeId': 3, 'showToBuyer': True, 'hideInMock': False, 'siteAddedListingNote': False, 'aisleListingNoteWithSplit': False, 'listingNoteDescriptionContentId': 4177929, 'formattedListingNoteDescription': 'Aisle seat'}, {'listingNoteId': -1, 'listingNoteContentId': 3338094, 'formattedListingNoteContent': 'Clear view', 'listingNoteTypeId': 3, 'showToBuyer': True, 'hideInMock': False, 'siteAddedListingNote': False, 'aisleListingNoteWithSplit': False, 'listingNoteDescriptionContentId': 3338095, 'formattedListingNoteDescription': ""You'll have an unrestricted view of the show.""}]","[{'listingNoteBucketId': 14, 'formattedListingNoteContent': 'Aisle seat', 'displayOrder': 14, 'showsRawNoteText': True, 'sourceListingNoteId': 10}, {'listingNoteBucketId': 27, 'formattedListingNoteContent': 'Clear view', 'displayOrder': 8, 'showsRawNoteText': True, 'sourceListingNoteId': -1}]",2113876,False,False,Row 25,False,1684790,"¥1,684,790","¥1,684,790",10,Mobile Transfer ticket,3,1,USD,JPY,0.0,USD,"https://img.vggcdn.net/img/vfsimage2/812551/407_122921/0.jpg?im=Resize=(500,271)&v=771",3 hours ago,6,False,False,False,False,ZOytFfAxbEiqPm6xFTWQ9tMOfS9jLqFY1tVTvIxFVKI%3d,False,2026-07-18T02:13:33.6600000Z,False,False,False,True,False,False,0,False,[6],,False,False,False,False,0,False,False,0,13388151160,False,36361BD7-7096-4217-B11D-5586C154E511,False,False,True,3,6.222400422726008,0.7290985048,Fan favorite,This section is in the top 10% of sections for this event when ranked based on a count of successful sales over the past 7 days on our site,True,,,,,"[{'message': 'Popular Pick', 'qualifier': '15 tickets sold for this event', 'hasValue': True, 'messageType': 'BoughtInLastHourSocialProofBased'}, {'message': 'Aisle Seat', 'qualifier': 'Easy access to your seat', 'hasValue': True, 'messageType': 'AisleSeatTicketAttributeBased'}]",[10],,,,,,,,,,,,
13385721960,153020449,328,122921,328,2,12,_,,,,False,False,1,,False,False,[1],407,Upper,1,True,"[{'listingNoteId': -1, 'listingNoteContentId': 3338094, 'formattedListingNoteContent': 'Clear view', 'listingNoteTypeId': 3, 'showToBuyer': True, 'hideInMock': False, 'siteAddedListingNote': False, 'aisleListingNoteWithSplit': False, 'listingNoteDescriptionContentId': 3338095, 'formattedListingNoteDescription': ""You'll have an unrestricted view of the show.""}]","[{'listingNoteBucketId': 27, 'formattedListingNoteContent': 'Clear view', 'displayOrder': 8, 'showsRawNoteText': True, 'sourceListingNoteId': -1}]",2113863,False,False,Row 12,False,1704285,"¥1,704,285","¥1,704,285",10,Mobile Transfer ticket,3,1,USD,JPY,5785.0,USD,"https://img.vggcdn.net/img/vfsimage2/812551/407_122921/0.jpg?im=Resize=(500,271)&v=771",10 hours ago,7,False,False,False,False,9PX0qdi3SN4mRo2tKBHc5HcHHZ57GaFIQrXeN1UkN9c%3d,False,2026-07-17T19:51:08.2830000Z,False,False,False,True,False,False,0,False,[6],,False,False,False,False,0,False,False,0,13385721960,False,C137BD6A-6588-4B16-AF71-33AE0D02AF75,False,False,True,3,6.557886907870578,0.7680119131,Fan favorite,This section is in the top 10% of sections for this event when ranked based on a count of successful sales over the past 7 days on our site,True,,,,,"[{'message': 'Popular Pick', 'qualifier': '15 tickets sold for this event', 'hasValue': True, 'messageType': 'BoughtInLastHourSocialProofBased'}]",[],,,,,,,,,,,,
13387762186,153020449,321,122914,321,2,17,_,,,,False,False,2,,False,False,"[1, 2]",407,Upper,2,True,"[{'listingNoteId': -1, 'listingNoteContentId': 3338094, 'formattedListingNoteContent': 'Clear view', 'listingNoteTypeId': 3, 'showToBuyer': True, 'hideInMock': False, 'siteAddedListingNote': False, 'aisleListingNoteWithSplit': False, 'listingNoteDescriptionContentId': 3338095, 'formattedListingNoteDescription': ""You'll have an unrestricted view of the show.""}]","[{'listingNoteBucketId': 27, 'formattedListingNoteContent': 'Clear view', 'displayOrder': 8, 'showsRawNoteText': True, 'sourceListingNoteId': -1}]",2113716,False,False,Row 17,False,1704285,"¥1,704,285","¥1,704,285",10,Mobile Transfer ticket,3,1,USD,JPY,2600.0,USD,"https://img.vggcdn.net/img/vfsimage2/812551/407_122914/0.jpg?im=Resize=(500,271)&v=771",5 hours ago,6,False,False,False,False,9PX0qdi3SN4mRo2tKBHc5HcHHZ57GaFIQrXeN1UkN9c%3d,False,2026-07-18T00:48:16.9930000Z,False,False,False,True,False,False,0,False,[6],[7],False,False,False,False,0,False,False,0,13387762186,False,05FDD3D5-0083-4D29-AB99-44ADB3DF0E38,False,False,True,3,6.005616542788403,0.7190986817,Fan favorite,This section is in the top 10% of sections for this event when ranked based on a count of successful sales over the past 7 days on our site,True,,,,,"[{'message': 'Popular Pick', 'qualifier': '15 tickets sold for this event', 'hasValue': True, 'messageType': 'BoughtInLastHourSocialProofBased'}]",[],Last tickets,True,,,,,,,,,,
13345545577,153020449,325,122918,325,2,25,_,,,,False,False,4,,False,False,"[1, 2, 4]",407,Upper,4,True,"[{'listingNoteId': -1, 'listingNoteContentId': 3338094, 'formattedListingNoteContent': 'Clear view', 'listingNoteTypeId': 3, 'showToBuyer': True, 'hideInMock': False, 'siteAddedListingNote': False, 'aisleListingNoteWithSplit': False, 'listingNoteDescriptionContentId': 3338095, 'formattedListingNoteDescription': ""You'll have an unrestricted view of the show.""}]","[{'listingNoteBucketId': 27, 'formattedListingNoteContent': 'Clear view', 'displayOrder': 8, 'showsRawNoteText': True, 'sourceListingNoteId': -1}]",2113812,False,False,Row 25,False,1704645,"¥1,704,645","¥1,704,645",10,Mobile Transfer ticket,3,1,GBP,JPY,3000.0,GBP,"https://img.vggcdn.net/img/vfsimage2/812551/407_122918/0.jpg?im=Resize=(500,271)&v=771",4 days ago,7,False,False,False,False,Rs47K6F3p4ePnzUpE4FmsHZgWvyy9Q%2b0n9lx%2fgj%2fQbM%3d,False,2026-07-13T21:22:58.8800000Z,False,False,False,False,False,False,0,False,[7],,False,False,False,False,0,False,False,0,13345545577,False,C18BBB2B-502F-47FE-B2F4-2232A593F8F2,False,False,True,3,6.5026155331857485,0.7629807491,,,,,,,,"[{'message': 'Popular Pick', 'qualifier': '15 tickets sold for this event', 'hasValue': True, 'messageType': 'BoughtInLastHourSocialProofBased'}]",[],Last tickets,True,,,,,,,,,,
13342036877,153020449,204,122837,204,2,10,_,,,,False,False,1,,False,False,[1],471,Middle,1,True,"[{'listingNoteId': -1, 'listingNoteContentId': 3338094, 'formattedListingNoteContent': 'Clear view', 'listingNoteTypeId': 3, 'showToBuyer': True, 'hideInMock': False, 'siteAddedListingNote': False, 'aisleListingNoteWithSplit': False, 'listingNoteDescriptionContentId': 3338095, 'formattedListingNoteDescription': ""You'll have an unrestricted view of the show.""}]","[{'listingNoteBucketId': 27, 'formattedListingNoteContent': 'Clear view', 'displayOrder': 8, 'showsRawNoteText': True, 'sourceListingNoteId': -1}]",702762,False,False,Row 10,False,1709732,"¥1,709,732","¥1,709,732",10,Mobile Transfer ticket,3,1,HKD,JPY,59040.0,HKD,"https://img.vggcdn.net/img/vfsimage2/812551/471_122837/0.jpg?im=Resize=(500,271)&v=771",5 days ago,8,False,False,False,False,qo7k5vgwmznNAlqWL31%2bPGx4Rh21FcqNuvlpIo2UjKs%3d,False,2026-07-13T04:27:49.1270000Z,False,False,False,False,False,False,0,False,,,False,False,False,False,0,False,False,0,13342036877,False,276D471B-A383-41C2-A2D8-0F45EB7613A4,False,False,True,4,8.041285575122625,0.9234547256,,,,,,,,"[{'message': 'Great Value', 'qualifier': 'Based on price, view, seat quality and more', 'hasValue': True, 'messageType': 'ValueBased'}, {'message': 'Popular Pick', 'qualifier': '15 tickets sold for this event', 'hasValue': True, 'messageType': 'BoughtInLastHourSocialProofBased'}]",[],,,"¥2,686,509",36.0,"¥976,777",,,,,,,
13255595229,153020449,329,122922,329,2,26,16_16,16,16,16,False,False,1,,False,False,[1],407,Upper,1,True,"[{'listingNoteId': -1, 'listingNoteContentId': 3338094, 'formattedListingNoteContent': 'Clear view', 'listingNoteTypeId': 3, 'showToBuyer': True, 'hideInMock': False, 'siteAddedListingNote': False, 'aisleListingNoteWithSplit': False, 'listingNoteDescriptionContentId': 3338095, 'formattedListingNoteDescription': ""You'll have an unrestricted view of the show.""}]","[{'listingNoteBucketId': 27, 'formattedListingNoteContent': 'Clear view', 'displayOrder': 8, 'showsRawNoteText': True, 'sourceListingNoteId': -1}]",2113899,False,False,Row 26,False,1710231,"¥1,710,231","¥1,710,231",10,Mobile Transfer ticket,3,1,USD,JPY,,USD,"https://img.vggcdn.net/img/vfsimage2/812551/407_122922/0.jpg?im=Resize=(500,271)&v=771",12 days ago,6,False,False,False,False,OZVaadgoWvo2ulN3NfwTmRRXSy38etpOl7qljr7YS6I%3d,False,2026-07-05T22:49:01.9100000Z,False,False,False,False,False,False,0,False,[7],,False,False,False,False,0,False,False,0,13255595229,False,64C3A87B-14EB-438D-A046-B7C1AC292357,False,False,True,3,5.972921771257929,0.7188976532,,,,,,,,"[{'message': 'Popular Pick', 'qualifier': '15 tickets sold for this event', 'hasValue': True, 'messageType': 'BoughtInLastHourSocialProofBased'}]",[],Last ticket,True,"¥2,369,592",28.0,"¥659,361",,,,,,,
13388397355,153020449,330,122923,330,2,17,_,,,,False,False,3,,False,False,"[1, 3]",407,Upper,3,True,"[{'listingNoteId': -1, 'listingNoteContentId': 3338094, 'formattedListingNoteContent': 'Clear view', 'listingNoteTypeId': 3, 'showToBuyer': True, 'hideInMock': False, 'siteAddedListingNote': False, 'aisleListingNoteWithSplit': False, 'listingNoteDescriptionContentId': 3338095, 'formattedListingNoteDescription': ""You'll have an unrestricted view of the show.""}]","[{'listingNoteBucketId': 27, 'formattedListingNoteContent': 'Clear view', 'displayOrder': 8, 'showsRawNoteText': True, 'sourceListingNoteId': -1}]",2113912,False,False,Row 17,False,1728286,"¥1,728,286","¥1,728,286",10,Mobile Transfer ticket,3,1,USD,JPY,5785.0,USD,"https://img.vggcdn.net/img/vfsimage2/812551/407_122923/0.jpg?im=Resize=(500,271)&v=771",2 hours ago,7,False,False,False,False,x%2bPnxeAbP%2fpdkC%2f0Z%2b%2buFg6x2%2blQMeg%2bwxygVhRhFt4%3d,False,2026-07-18T03:25:19.1630000Z,False,False,False,False,False,False,0,False,,,False,False,False,False,0,False,False,0,13388397355,False,5AE02906-AD0D-430D-935C-3BF1483FDD55,False,False,True,3,6.743991571799977,0.7971018778,,,,,,,,"[{'message': 'Popular Pick', 'qualifier': '15 tickets sold for this event', 'hasValue': True, 'messageType': 'BoughtInLastHourSocialProofBased'}]",[],,,,,,,,,,,,
13387028817,153020449,348,122941,348,2,25,24_24,24,24,24,False,False,1,,False,False,[1],407,Upper,1,True,"[{'listingNoteId': -1, 'listingNoteContentId': 3338094, 'formattedListingNoteContent': 'Clear view', 'listingNoteTypeId': 3, 'showToBuyer': True, 'hideInMock': False, 'siteAddedListingNote': False, 'aisleListingNoteWithSplit': False, 'listingNoteDescriptionContentId': 3338095, 'formattedListingNoteDescription': ""You'll have an unrestricted view of the show.""}]","[{'listingNoteBucketId': 27, 'formattedListingNoteContent': 'Clear view', 'displayOrder': 8, 'showsRawNoteText': True, 'sourceListingNoteId': -1}]",2114007,False,False,Row 25,False,1728654,"¥1,728,654","¥1,728,654",10,Mobile Transfer ticket,3,1,USD,JPY,0.0,USD,"https://img.vggcdn.net/img/vfsimage2/812551/407_122941/0.jpg?im=Resize=(500,271)&v=771",7 hours ago,6,False,False,False,False,C%2fXn6UaL95OqPvRuCRF%2be3rEtZ7%2fSduMoUUMFpLnV4E%3d,False,2026-07-17T23:00:03.2300000Z,False,False,False,False,False,False,0,False,,,False,False,False,False,0,False,False,0,13387028817,False,103B37EE-6499-41FE-9FD8-9A05B035DB6A,False,False,True,3,5.957784792892117,0.7253820817,,,,,,,,"[{'message': 'Popular Pick', 'qualifier': '15 tickets sold for this event', 'hasValue': True, 'messageType': 'BoughtInLastHourSocialProofBased'}]",[],,,,,,,,,,,,
13372654627,153020449,348,122941,348,2,22,26_26,26,26,26,False,False,1,,False,False,[1],407,Upper,1,True,"[{'listingNoteId': -1, 'listingNoteContentId': 3338094, 'formattedListingNoteContent': 'Clear view', 'listingNoteTypeId': 3, 'showToBuyer': True, 'hideInMock': False, 'siteAddedListingNote': False, 'aisleListingNoteWithSplit': False, 'listingNoteDescriptionContentId': 3338095, 'formattedListingNoteDescription': ""You'll have an unrestricted view of the show.""}]","[{'listingNoteBucketId': 27, 'formattedListingNoteContent': 'Clear view', 'displayOrder': 8, 'showsRawNoteText': True, 'sourceListingNoteId': -1}]",2114004,False,False,Row 22,False,1735477,"¥1,735,477","¥1,735,477",10,Mobile Transfer ticket,3,1,USD,JPY,5950.0,USD,"https://img.vggcdn.net/img/vfsimage2/812551/407_122941/0.jpg?im=Resize=(500,271)&v=771",yesterday,6,False,False,False,False,I4W4RcSUSJ3%2fmuvQEXJkuzE1BlPdJzXjYpMR%2fXqFll4%3d,False,2026-07-16T14:24:02.9370000Z,False,False,False,False,False,False,0,False,,,False,False,False,False,0,False,False,0,13372654627,False,F7FC7994-4BCB-4893-8AF6-C525B7BFFFBC,False,False,True,3,6.042519361035577,0.7353925594,,,,,,,,"[{'message': 'Popular Pick', 'qualifier': '15 tickets sold for this event', 'hasValue': True, 'messageType': 'BoughtInLastHourSocialProofBased'}]",[],,,"¥2,843,502",39.0,"¥1,108,025",,,,,,,
13388397347,153020449,347,122940,347,2,17,_,,,,False,False,3,,False,False,"[1, 3]",407,Upper,3,True,"[{'listingNoteId': -1, 'listingNoteContentId': 3338094, 'formattedListingNoteContent': 'Clear view', 'listingNoteTypeId': 3, 'showToBuyer': True, 'hideInMock': False, 'siteAddedListingNote': False, 'aisleListingNoteWithSplit': False, 'listingNoteDescriptionContentId': 3338095, 'formattedListingNoteDescription': ""You'll have an unrestricted view of the show.""}]","[{'listingNoteBucketId': 27, 'formattedListingNoteContent': 'Clear view', 'displayOrder': 8, 'showsRawNoteText': True, 'sourceListingNoteId': -1}]",2113977,False,False,Row 17,False,1736884,"¥1,736,884","¥1,736,884",10,Mobile Transfer ticket,3,1,USD,JPY,5785.0,USD,"https://img.vggcdn.net/img/vfsimage2/812551/407_122940/0.jpg?im=Resize=(500,271)&v=771",2 hours ago,6,False,False,False,False,xr3blDuQ9PWHRXMdY8WcqrI202IdcKLDD8raAOO8oTw%3d,False,2026-07-18T03:25:19.0800000Z,False,False,False,False,False,False,0,False,,,False,False,False,False,0,False,False,0,13388397347,False,F891872C-13EB-4645-B0B9-D71227F9F474,False,False,True,3,6.212672361505871,0.7507841208,,,,,,,,"[{'message': 'Popular Pick', 'qualifier': '15 tickets sold for this event', 'hasValue': True, 'messageType': 'BoughtInLastHourSocialProofBased'}]",[],,,,,,,,,,,,
13388397361,153020449,349,122942,349,2,15,_,,,,False,False,3,,False,False,"[1, 3]",407,Upper,3,True,"[{'listingNoteId': -1, 'listingNoteContentId': 3338094, 'formattedListingNoteContent': 'Clear view', 'listingNoteTypeId': 3, 'showToBuyer': True, 'hideInMock': False, 'siteAddedListingNote': False, 'aisleListingNoteWithSplit': False, 'listingNoteDescriptionContentId': 3338095, 'formattedListingNoteDescription': ""You'll have an unrestricted view of the show.""}]","[{'listingNoteBucketId': 27, 'formattedListingNoteContent': 'Clear view', 'displayOrder': 8, 'showsRawNoteText': True, 'sourceListingNoteId': -1}]",2114019,False,False,Row 15,False,1754078,"¥1,754,078","¥1,754,078",10,Mobile Transfer ticket,3,1,USD,JPY,5785.0,USD,"https://img.vggcdn.net/img/vfsimage2/812551/407_122942/0.jpg?im=Resize=(500,271)&v=771",2 hours ago,6,False,False,False,False,bOX2UynCUqTfcMR9GtpIBcforVfqjJrEW5amd6INx80%3d,False,2026-07-18T03:25:19.2230000Z,False,False,False,True,False,False,0,False,[6],,False,False,False,False,0,False,False,0,13388397361,False,3F3B09E1-B0C9-4A0B-91B3-BC4BE524260A,False,False,True,3,6.30078870559537,0.7661948835,Fan favorite,This section is in the top 10% of sections for this event when ranked based on a count of successful sales over the past 7 days on our site,True,,,,,"[{'message': 'Popular Pick', 'qualifier': '15 tickets sold for this event', 'hasValue': True, 'messageType': 'BoughtInLastHourSocialProofBased'}]",[],,,,,,,,,,,,
13364433397,153020449,304,122897,304,2,5,3_3,3,3,3,False,False,1,,False,False,[1],407,Upper,1,True,"[{'listingNoteId': 2025, 'listingNoteContentId': 3415843, 'formattedListingNoteContent': 'Front Row of Section', 'listingNoteTypeId': 6, 'showToBuyer': True, 'hideInMock': False, 'siteAddedListingNote': False, 'aisleListingNoteWithSplit': False, 'listingNoteDescriptionContentId': 3415843, 'formattedListingNoteDescription': 'Front Row of Section'}, {'listingNoteId': -1, 'listingNoteContentId': 3338094, 'formattedListingNoteContent': 'Clear view', 'listingNoteTypeId': 3, 'showToBuyer': True, 'hideInMock': False, 'siteAddedListingNote': False, 'aisleListingNoteWithSplit': False, 'listingNoteDescriptionContentId': 3338095, 'formattedListingNoteDescription': ""You'll have an unrestricted view of the show.""}]","[{'listingNoteBucketId': 14, 'formattedListingNoteContent': 'Front Row of Section', 'displayOrder': 14, 'showsRawNoteText': True, 'sourceListingNoteId': 2025}, {'listingNoteBucketId': 27, 'formattedListingNoteContent': 'Clear view', 'displayOrder': 8, 'showsRawNoteText': True, 'sourceListingNoteId': -1}]",2113658,False,False,Row 5,False,1754971,"¥1,754,971","¥1,754,971",10,Mobile Transfer ticket,3,1,USD,JPY,,USD,"https://img.vggcdn.net/img/vfsimage2/812551/407_122897/0.jpg?im=Resize=(500,271)&v=771",2 days ago,7,False,False,False,False,I4W4RcSUSJ3%2fmuvQEXJkuzE1BlPdJzXjYpMR%2fXqFll4%3d,False,2026-07-15T22:02:03.6100000Z,False,False,False,False,False,False,0,False,[7],,False,False,False,False,0,False,False,0,13364433397,False,DA11FBA6-8FE0-4804-94B9-4ADC163FBDB7,False,False,True,3,6.601868061072724,0.7951665512,,,,,,,,"[{'message': 'Popular Pick', 'qualifier': '15 tickets sold for this event', 'hasValue': True, 'messageType': 'BoughtInLastHourSocialProofBased'}, {'message': 'Front Row', 'qualifier': 'Best seats in the house', 'hasValue': True, 'messageType': 'FirstRowTicketAttributeBased'}]",[2025],Last ticket,True,,,,,,,,,,
13339886644,153020449,315,122908,315,2,24,19_19,19,19,19,False,False,1,,False,False,[1],407,Upper,1,True,"[{'listingNoteId': -1, 'listingNoteContentId': 3338094, 'formattedListingNoteContent': 'Clear view', 'listingNoteTypeId': 3, 'showToBuyer': True, 'hideInMock': False, 'siteAddedListingNote': False, 'aisleListingNoteWithSplit': False, 'listingNoteDescriptionContentId': 3338095, 'formattedListingNoteDescription': ""You'll have an unrestricted view of the show.""}]","[{'listingNoteBucketId': 27, 'formattedListingNoteContent': 'Clear view', 'displayOrder': 8, 'showsRawNoteText': True, 'sourceListingNoteId': -1}]",703849,False,False,Row 24,False,1754971,"¥1,754,971","¥1,754,971",10,Mobile Transfer ticket,3,1,USD,JPY,7350.0,USD,"https://img.vggcdn.net/img/vfsimage2/812551/407_122908/0.jpg?im=Resize=(500,271)&v=771",5 days ago,4,False,False,False,False,I4W4RcSUSJ3%2fmuvQEXJkuzE1BlPdJzXjYpMR%2fXqFll4%3d,False,2026-07-12T21:23:20.9400000Z,False,False,False,False,False,False,0,False,[7],,False,False,False,False,0,False,False,0,13339886644,False,D3AAC091-C092-470C-B6D1-6389ABF65BB9,False,False,True,2,4.32060334737924,0.5982882089,,,,,,,,"[{'message': 'Popular Pick', 'qualifier': '15 tickets sold for this event', 'hasValue': True, 'messageType': 'BoughtInLastHourSocialProofBased'}]",[],Last ticket,True,"¥2,653,931",34.0,"¥898,960",,,,,,,
13385722367,153020449,226,122857,226,2,5,23_23,23,23,23,False,False,1,,False,False,[1],471,Middle,1,True,"[{'listingNoteId': -1, 'listingNoteContentId': 3338094, 'formattedListingNoteContent': 'Clear view', 'listingNoteTypeId': 3, 'showToBuyer': True, 'hideInMock': False, 'siteAddedListingNote': False, 'aisleListingNoteWithSplit': False, 'listingNoteDescriptionContentId': 3338095, 'formattedListingNoteDescription': ""You'll have an unrestricted view of the show.""}]","[{'listingNoteBucketId': 27, 'formattedListingNoteContent': 'Clear view', 'displayOrder': 8, 'showsRawNoteText': True, 'sourceListingNoteId': -1}]",2113480,False,False,Row 5,False,1756726,"¥1,756,726","¥1,756,726",10,Mobile Transfer ticket,3,1,USD,JPY,,USD,"https://img.vggcdn.net/img/vfsimage2/812551/471_122857/0.jpg?im=Resize=(500,271)&v=771",10 hours ago,9,False,False,False,False,Hj8fWHLC9tDhZKYikQT1rWPQUB9UCKGbvCO6cEBU4x0%3d,False,2026-07-17T19:51:11.3200000Z,False,False,False,True,False,False,0,False,[6],[7],False,False,False,False,0,False,False,0,13385722367,False,B8B48BA0-3428-4173-856E-E445E1DFED57,False,False,True,5,8.77072045406022,1.068158349,Fan favorite,This section is in the top 10% of sections for this event when ranked based on a count of successful sales over the past 7 days on our site,True,,,,,"[{'message': 'Amazing Value', 'qualifier': 'Based on price, view, seat quality and more', 'hasValue': True, 'messageType': 'ValueBased'}, {'message': 'Popular Pick', 'qualifier': '15 tickets sold for this event', 'hasValue': True, 'messageType': 'BoughtInLastHourSocialProofBased'}]",[],Last ticket,True,"¥2,597,060",32.0,"¥840,334",,,,,,,
13388397358,153020449,350,122943,350,2,14,_,,,,False,False,3,,False,False,"[1, 3]",407,Upper,3,True,"[{'listingNoteId': -1, 'listingNoteContentId': 3338094, 'formattedListingNoteContent': 'Clear view', 'listingNoteTypeId': 3, 'showToBuyer': True, 'hideInMock': False, 'siteAddedListingNote': False, 'aisleListingNoteWithSplit': False, 'listingNoteDescriptionContentId': 3338095, 'formattedListingNoteDescription': ""You'll have an unrestricted view of the show.""}]","[{'listingNoteBucketId': 27, 'formattedListingNoteContent': 'Clear view', 'displayOrder': 8, 'showsRawNoteText': True, 'sourceListingNoteId': -1}]",2114040,False,False,Row 14,False,1762675,"¥1,762,675","¥1,762,675",10,Mobile Transfer ticket,3,1,USD,JPY,5785.0,USD,"https://img.vggcdn.net/img/vfsimage2/812551/407_122943/0.jpg?im=Resize=(500,271)&v=771",2 hours ago,6,False,False,False,False,1YiA5%2fwflXeniFv6N%2bIJH%2fTnIe3Mz2%2bfTVtRwYVx6IE%3d,False,2026-07-18T03:25:19.1900000Z,False,False,False,False,False,False,0,False,,,False,False,False,False,0,False,False,0,13388397358,False,DD59EE79-2591-4EC3-85C8-B816E46C0F66,False,False,True,3,6.221668340996804,0.7627462919,,,,,,,,"[{'message': 'Popular Pick', 'qualifier': '15 tickets sold for this event', 'hasValue': True, 'messageType': 'BoughtInLastHourSocialProofBased'}]",[],,,,,,,,,,,,
13386406696,153020449,334,122927,334,2,16,1_3,,,1,False,False,3,,False,False,"[1, 3]",407,Upper,3,True,"[{'listingNoteId': -1, 'listingNoteContentId': 3338094, 'formattedListingNoteContent': 'Clear view', 'listingNoteTypeId': 3, 'showToBuyer': True, 'hideInMock': False, 'siteAddedListingNote': False, 'aisleListingNoteWithSplit': False, 'listingNoteDescriptionContentId': 3338095, 'formattedListingNoteDescription': ""You'll have an unrestricted view of the show.""}]","[{'listingNoteBucketId': 14, 'formattedListingNoteContent': 'Aisle seat', 'displayOrder': 14, 'showsRawNoteText': True, 'sourceListingNoteId': 2024}, {'listingNoteBucketId': 27, 'formattedListingNoteContent': 'Clear view', 'displayOrder': 8, 'showsRawNoteText': True, 'sourceListingNoteId': -1}]",704259,False,False,Row 16,False,1770191,"¥1,770,191","¥1,770,191",10,Mobile Transfer ticket,3,1,GBP,JPY,5000.0,GBP,"https://img.vggcdn.net/img/vfsimage2/812551/407_122927/0.jpg?im=Resize=(500,271)&v=771",8 hours ago,6,False,False,False,False,4WuloO0LqZbNGAdaKIa2H1d3Z3G%2bedB7eg295a5x6JE%3d,False,2026-07-17T21:37:48.4300000Z,False,False,False,True,False,False,0,False,[6],,False,False,False,False,0,False,False,0,13386406696,False,FEAA19DC-53BB-44DA-AB26-7D881C1FCD5A,False,False,True,3,6.421403865610834,0.7845321348,Fan favorite,This section is in the top 10% of sections for this event when ranked based on a count of successful sales over the past 7 days on our site,True,,,,,"[{'message': 'Popular Pick', 'qualifier': '15 tickets sold for this event', 'hasValue': True, 'messageType': 'BoughtInLastHourSocialProofBased'}, {'message': 'Aisle Seat', 'qualifier': 'Easy access to your seat', 'hasValue': True, 'messageType': 'AisleSeatTicketAttributeBased'}]",[2024],,,,,,,,,,,,
13386258841,153020449,303,122896,303,2,10,_,,,,False,False,3,,False,False,"[1, 3]",407,Upper,3,True,"[{'listingNoteId': -1, 'listingNoteContentId': 3338094, 'formattedListingNoteContent': 'Clear view', 'listingNoteTypeId': 3, 'showToBuyer': True, 'hideInMock': False, 'siteAddedListingNote': False, 'aisleListingNoteWithSplit': False, 'listingNoteDescriptionContentId': 3338095, 'formattedListingNoteDescription': ""You'll have an unrestricted view of the show.""}]","[{'listingNoteBucketId': 27, 'formattedListingNoteContent': 'Clear view', 'displayOrder': 8, 'showsRawNoteText': True, 'sourceListingNoteId': -1}]",2113619,False,False,Row 10,False,1772037,"¥1,772,037","¥1,772,037",10,Mobile Transfer ticket,3,1,USD,JPY,4185.0,USD,"https://img.vggcdn.net/img/vfsimage2/812551/407_122896/0.jpg?im=Resize=(500,271)&v=771",8 hours ago,6,False,False,False,False,dL%2b8RBrWKMerBe%2b6USucLx%2bLblw2L5bUHXP%2fDFQXcIE%3d,False,2026-07-17T21:07:11.6370000Z,False,False,False,False,False,False,0,False,,,False,False,False,False,0,False,False,0,13386258841,False,F0494A9E-5F39-489F-B15A-0CF933E487D3,False,False,True,3,6.24704371013684,0.7691062488,,,,,,,,"[{'message': 'Popular Pick', 'qualifier': '15 tickets sold for this event', 'hasValue': True, 'messageType': 'BoughtInLastHourSocialProofBased'}]",[],,,,,,,,,,,,
13388379847,153020449,333,122926,333,2,26,15_15,15,15,15,False,False,1,,False,False,[1],407,Upper,1,True,"[{'listingNoteId': -1, 'listingNoteContentId': 3338094, 'formattedListingNoteContent': 'Clear view', 'listingNoteTypeId': 3, 'showToBuyer': True, 'hideInMock': False, 'siteAddedListingNote': False, 'aisleListingNoteWithSplit': False, 'listingNoteDescriptionContentId': 3338095, 'formattedListingNoteDescription': ""You'll have an unrestricted view of the show.""}]","[{'listingNoteBucketId': 27, 'formattedListingNoteContent': 'Clear view', 'displayOrder': 8, 'showsRawNoteText': True, 'sourceListingNoteId': -1}]",704247,False,False,Row 26,False,1784272,"¥1,784,272","¥1,784,272",10,Mobile Transfer ticket,3,1,USD,JPY,0.0,USD,"https://img.vggcdn.net/img/vfsimage2/812551/407_122926/0.jpg?im=Resize=(500,271)&v=771",2 hours ago,5,False,False,False,False,9YkePRFEYtr4fnwaF2BZXPo0jwE4u%2b4uA%2bpLuQz%2bPv4%3d,False,2026-07-18T03:18:00.1200000Z,False,False,False,True,False,False,0,False,[6],[7],False,False,False,False,0,False,False,0,13388379847,False,BE95CF8C-7116-4959-86A3-A72CC77278F8,False,False,True,2,4.879738617145565,0.6618378068,Fan favorite,This section is in the top 10% of sections for this event when ranked based on a count of successful sales over the past 7 days on our site,True,,,,,"[{'message': 'Popular Pick', 'qualifier': '15 tickets sold for this event', 'hasValue': True, 'messageType': 'BoughtInLastHourSocialProofBased'}]",[],Last ticket,True,,,,,,,,,,
13091707010,153020449,320,122913,320,2,18,18_18,18,18,18,False,False,1,,False,False,[1],407,Upper,1,True,"[{'listingNoteId': -1, 'listingNoteContentId': 3338094, 'formattedListingNoteContent': 'Clear view', 'listingNoteTypeId': 3, 'showToBuyer': True, 'hideInMock': False, 'siteAddedListingNote': False, 'aisleListingNoteWithSplit': False, 'listingNoteDescriptionContentId': 3338095, 'formattedListingNoteDescription': ""You'll have an unrestricted view of the show.""}]","[{'listingNoteBucketId': 27, 'formattedListingNoteContent': 'Clear view', 'displayOrder': 8, 'showsRawNoteText': True, 'sourceListingNoteId': -1}]",703953,False,False,Row 18,False,1784804,"¥1,784,804","¥1,784,804",10,Mobile Transfer ticket,3,1,EUR,JPY,5000.0,EUR,"https://img.vggcdn.net/img/vfsimage2/812551/407_122913/0.jpg?im=Resize=(500,271)&v=771",27 days ago,8,False,False,False,False,kAPiCYOLGxaV2myef1ghbZPc0D3WstTpnBdW43RyGZI%3d,False,2026-06-21T01:36:19.4300000Z,False,False,False,True,False,False,0,False,[6],,False,False,False,False,0,False,False,0,13091707010,False,598BEE81-E6AA-4AE5-B214-EA8109F21FA1,False,False,True,4,7.9652642099343485,0.9547966838,Fan favorite,This section is in the top 10% of sections for this event when ranked based on a count of successful sales over the past 7 days on our site,True,,,,,"[{'message': 'Great Value', 'qualifier': 'Based on price, view, seat quality and more', 'hasValue': True, 'messageType': 'ValueBased'}, {'message': 'Popular Pick', 'qualifier': '15 tickets sold for this event', 'hasValue': True, 'messageType': 'BoughtInLastHourSocialProofBased'}]",[],,,"¥3,578,220",50.0,"¥1,793,416",,,,,,,
12927493504,153020449,346,122939,346,2,20,10_13,,,10,False,False,4,,False,False,"[1, 2, 3, 4]",407,Upper,4,True,"[{'listingNoteId': -1, 'listingNoteContentId': 3338094, 'formattedListingNoteContent': 'Clear view', 'listingNoteTypeId': 3, 'showToBuyer': True, 'hideInMock': False, 'siteAddedListingNote': False, 'aisleListingNoteWithSplit': False, 'listingNoteDescriptionContentId': 3338095, 'formattedListingNoteDescription': ""You'll have an unrestricted view of the show.""}]","[{'listingNoteBucketId': 27, 'formattedListingNoteContent': 'Clear view', 'displayOrder': 8, 'showsRawNoteText': True, 'sourceListingNoteId': -1}]",2113958,False,False,Row 20,False,1785752,"¥1,785,752","¥1,785,752",10,Mobile Transfer ticket,3,1,USD,JPY,3500.0,USD,"https://img.vggcdn.net/img/vfsimage2/812551/407_122939/0.jpg?im=Resize=(500,271)&v=771",43 days ago,6,False,False,False,False,QBcM1lQag7M%2bSQznpNV8dk%2b%2fRxJ%2fokcWWWkPbYccaN0%3d,False,2026-06-04T09:19:58.6800000Z,False,False,False,False,False,False,0,False,,,False,False,False,False,0,False,False,0,12927493504,False,510B0A26-4519-479E-90A4-D7359A8E89ED,False,False,True,3,6.214389716017586,0.7720696725,,,,,,,,"[{'message': 'Popular Pick', 'qualifier': '15 tickets sold for this event', 'hasValue': True, 'messageType': 'BoughtInLastHourSocialProofBased'}]",[],,,"¥2,960,255",40.0,"¥1,174,503",,,,,,,
13388050026,153020449,335,122928,335,2,17,_,,,,False,False,3,,False,False,"[1, 3]",407,Upper,3,True,"[{'listingNoteId': -1, 'listingNoteContentId': 3338094, 'formattedListingNoteContent': 'Clear view', 'listingNoteTypeId': 3, 'showToBuyer': True, 'hideInMock': False, 'siteAddedListingNote': False, 'aisleListingNoteWithSplit': False, 'listingNoteDescriptionContentId': 3338095, 'formattedListingNoteDescription': ""You'll have an unrestricted view of the show.""}]","[{'listingNoteBucketId': 27, 'formattedListingNoteContent': 'Clear view', 'displayOrder': 8, 'showsRawNoteText': True, 'sourceListingNoteId': -1}]",704282,False,False,Row 17,False,1836999,"¥1,836,999","¥1,836,999",10,Mobile Transfer ticket,3,1,EUR,JPY,7380.0,EUR,"https://img.vggcdn.net/img/vfsimage2/812551/407_122928/0.jpg?im=Resize=(500,271)&v=771",4 hours ago,6,False,False,False,False,49Es8pL%2fLZf3UXhAfiJngKJ53Dhj29j0IYyK2HUxxCM%3d,False,2026-07-18T01:48:43.9600000Z,False,False,False,False,False,False,0,False,[7],,False,False,False,False,0,False,False,0,13388050026,False,6098E4D5-BF9D-47A1-AF5B-CFAA9E566D2F,False,False,True,3,6.321111122906734,0.804376279,,,,,,,,"[{'message': 'Popular Pick', 'qualifier': '15 tickets sold for this event', 'hasValue': True, 'messageType': 'BoughtInLastHourSocialProofBased'}]",[],Last tickets,True,,,,,,,,,,
13388198710,153020449,305,122898,305,2,25,29_29,29,29,29,False,False,1,,False,False,[1],407,Upper,1,True,"[{'listingNoteId': -1, 'listingNoteContentId': 3338094, 'formattedListingNoteContent': 'Clear view', 'listingNoteTypeId': 3, 'showToBuyer': True, 'hideInMock': False, 'siteAddedListingNote': False, 'aisleListingNoteWithSplit': False, 'listingNoteDescriptionContentId': 3338095, 'formattedListingNoteDescription': ""You'll have an unrestricted view of the show.""}]","[{'listingNoteBucketId': 27, 'formattedListingNoteContent': 'Clear view', 'displayOrder': 8, 'showsRawNoteText': True, 'sourceListingNoteId': -1}]",2113678,False,False,Row 25,False,1842698,"¥1,842,698","¥1,842,698",10,Mobile Transfer ticket,3,1,USD,JPY,5785.0,USD,"https://img.vggcdn.net/img/vfsimage2/812551/407_122898/0.jpg?im=Resize=(500,271)&v=771",3 hours ago,5,False,False,False,False,rlofZD1najO4oo1%2fZOrIFZV0fQ%2bHkDk2kSOkvAi0RE8%3d,False,2026-07-18T02:26:44.9100000Z,False,False,False,True,False,False,0,False,[6],,False,False,False,False,0,False,False,0,13388198710,False,335E07B6-1D46-4691-9BC4-9D2E82D4676F,False,False,True,2,4.882714426707182,0.6838354225,Fan favorite,This section is in the top 10% of sections for this event when ranked based on a count of successful sales over the past 7 days on our site,True,,,,,"[{'message': 'Popular Pick', 'qualifier': '15 tickets sold for this event', 'hasValue': True, 'messageType': 'BoughtInLastHourSocialProofBased'}]",[],,,,,,,,,,,,
13282079069,153020449,310,122903,310,2,26,30_30,30,30,30,False,False,1,,False,False,[1],407,Upper,1,True,"[{'listingNoteId': -1, 'listingNoteContentId': 3338094, 'formattedListingNoteContent': 'Clear view', 'listingNoteTypeId': 3, 'showToBuyer': True, 'hideInMock': False, 'siteAddedListingNote': False, 'aisleListingNoteWithSplit': False, 'listingNoteDescriptionContentId': 3338095, 'formattedListingNoteDescription': ""You'll have an unrestricted view of the show.""}]","[{'listingNoteBucketId': 27, 'formattedListingNoteContent': 'Clear view', 'displayOrder': 8, 'showsRawNoteText': True, 'sourceListingNoteId': -1}]",703741,False,False,Row 26,False,1842698,"¥1,842,698","¥1,842,698",10,Mobile Transfer ticket,3,1,USD,JPY,,USD,"https://img.vggcdn.net/img/vfsimage2/812551/407_122903/0.jpg?im=Resize=(500,271)&v=771",9 days ago,4,False,False,False,False,rlofZD1najO4oo1%2fZOrIFZV0fQ%2bHkDk2kSOkvAi0RE8%3d,False,2026-07-08T06:22:52.4970000Z,False,False,False,False,False,False,0,False,,,False,False,False,False,0,False,False,0,13282079069,False,99A239B8-4566-489B-BCF1-FD30A443452B,False,False,True,2,4.298624029782971,0.6262105234,,,,,,,,"[{'message': 'Popular Pick', 'qualifier': '15 tickets sold for this event', 'hasValue': True, 'messageType': 'BoughtInLastHourSocialProofBased'}]",[],,,"¥2,843,473",35.0,"¥1,000,775",,,,,,,
13387888486,153020449,336,122929,336,2,25,26_26,26,26,26,False,False,1,,False,False,[1],407,Upper,1,True,"[{'listingNoteId': -1, 'listingNoteContentId': 3338094, 'formattedListingNoteContent': 'Clear view', 'listingNoteTypeId': 3, 'showToBuyer': True, 'hideInMock': False, 'siteAddedListingNote': False, 'aisleListingNoteWithSplit': False, 'listingNoteDescriptionContentId': 3338095, 'formattedListingNoteDescription': ""You'll have an unrestricted view of the show.""}]","[{'listingNoteBucketId': 27, 'formattedListingNoteContent': 'Clear view', 'displayOrder': 8, 'showsRawNoteText': True, 'sourceListingNoteId': -1}]",704312,False,False,Row 25,False,1860243,"¥1,860,243","¥1,860,243",10,Mobile Transfer ticket,3,1,USD,JPY,,USD,"https://img.vggcdn.net/img/vfsimage2/812551/407_122929/0.jpg?im=Resize=(500,271)&v=771",4 hours ago,5,False,False,False,False,UtBbv96aLlAJ7u845E9Dw%2fWg84qnGG%2fbnAs8JzheZf8%3d,False,2026-07-18T01:16:59.9230000Z,False,False,False,False,False,False,0,False,,,False,False,False,False,0,False,False,0,13387888486,False,661C2ACD-0C7E-4A6B-8A38-968C0A55EE77,False,False,True,2,4.8312522495320325,0.6847960003,,,,,,,,"[{'message': 'Popular Pick', 'qualifier': '15 tickets sold for this event', 'hasValue': True, 'messageType': 'BoughtInLastHourSocialProofBased'}]",[],,,,,,,,,,,,
13388064315,153020449,314,122907,314,2,8,1_1,1,1,1,False,False,1,,False,False,[1],407,Upper,1,True,"[{'listingNoteId': 814, 'listingNoteContentId': 2446060, 'formattedListingNoteContent': 'Limited or Obstructed View (printed on ticket)', 'listingNoteTypeId': 1, 'showToBuyer': True, 'hideInMock': False, 'siteAddedListingNote': False, 'aisleListingNoteWithSplit': False, 'listingNoteDescriptionContentId': 2446061, 'formattedListingNoteDescription': 'Limited or Obstructed View (printed on ticket)'}]","[{'listingNoteBucketId': 21, 'formattedListingNoteContent': 'Limited view', 'displayOrder': 21, 'showsRawNoteText': False}]",703811,False,False,Row 8,False,1862758,"¥1,862,758","¥1,862,758",10,Mobile Transfer ticket,3,1,EUR,JPY,7300.0,EUR,"https://img.vggcdn.net/img/vfsimage2/812551/407_122907/0.jpg?im=Resize=(500,271)&v=771",4 hours ago,9,False,False,False,False,oLL2OxkHRIPD37ZnryBHRl%2fhfkXTqeL9mCQ5eYRyzxk%3d,False,2026-07-18T01:53:41.0600000Z,False,False,False,False,False,False,0,False,[7],,False,False,False,False,0,False,False,0,13388064315,False,FB2B3ED0-7FE9-4BA7-BC1A-A839AE46A3F4,False,False,True,5,8.697877797625836,1.114665508,,,,,,,,"[{'message': 'Amazing Value', 'qualifier': 'Based on price, view, seat quality and more', 'hasValue': True, 'messageType': 'ValueBased'}, {'message': 'Popular Pick', 'qualifier': '15 tickets sold for this event', 'hasValue': True, 'messageType': 'BoughtInLastHourSocialProofBased'}]",[],Last ticket,True,,,,,,,,,,
13388777392,153020449,348,122941,348,2,16,1268622113_1268622113,,,1268622113,False,False,1,,False,False,[1],407,Upper,1,True,"[{'listingNoteId': -1, 'listingNoteContentId': 3338094, 'formattedListingNoteContent': 'Clear view', 'listingNoteTypeId': 3, 'showToBuyer': True, 'hideInMock': False, 'siteAddedListingNote': False, 'aisleListingNoteWithSplit': False, 'listingNoteDescriptionContentId': 3338095, 'formattedListingNoteDescription': ""You'll have an unrestricted view of the show.""}]","[{'listingNoteBucketId': 27, 'formattedListingNoteContent': 'Clear view', 'displayOrder': 8, 'showsRawNoteText': True, 'sourceListingNoteId': -1}]",2113998,False,False,Row 16,False,1869990,"¥1,869,990","¥1,869,990",10,Mobile Transfer ticket,3,1,USD,JPY,5785.0,USD,"https://img.vggcdn.net/img/vfsimage2/812551/407_122941/0.jpg?im=Resize=(500,271)&v=771",an hour ago,6,False,False,False,False,%2bGoUsP5iw6pcKloL4YtvM3Aies4KoI6ct%2f6Zx5qm2zM%3d,False,2026-07-18T04:38:21.9430000Z,False,False,False,False,False,False,0,False,,,False,False,False,False,0,False,False,0,13388777392,False,F78F082B-D10D-4F15-A8A3-47A96AE46C9D,False,False,True,3,5.618947173049203,0.7558231346,,,,,,,,"[{'message': 'Popular Pick', 'qualifier': '15 tickets sold for this event', 'hasValue': True, 'messageType': 'BoughtInLastHourSocialProofBased'}]",[],,,,,,,,,,,,
13387428449,153020449,Category 2,1989400,Category 2,3,,_,,,,False,False,2,,False,False,"[1, 2]",1246,Category 2,2,True,"[{'listingNoteId': -1, 'listingNoteContentId': 3338094, 'formattedListingNoteContent': 'Clear view', 'listingNoteTypeId': 3, 'showToBuyer': True, 'hideInMock': False, 'siteAddedListingNote': False, 'aisleListingNoteWithSplit': False, 'listingNoteDescriptionContentId': 3338095, 'formattedListingNoteDescription': ""You'll have an unrestricted view of the show.""}]","[{'listingNoteBucketId': 27, 'formattedListingNoteContent': 'Clear view', 'displayOrder': 8, 'showsRawNoteText': True, 'sourceListingNoteId': -1}]",3325459,False,False,Row,True,1873797,"¥1,873,797","¥1,873,797",10,Mobile Transfer ticket,3,1,EUR,JPY,1222.0,EUR,"https://img.vggcdn.net/img/vfsimage2/812551/1246_1989400/0.jpg?im=Resize=(500,271)&v=771",6 hours ago,10,False,False,True,False,aZnsOLxwcAf6Wa26ZOPctPO7pYI4XrcRVt599TGsAyk%3d,False,2026-07-17T23:38:47.7670000Z,False,False,False,False,False,False,0,False,[7],,False,False,False,False,0,False,False,0,13387428449,False,55CE411A-7536-4DBF-B053-A2F09EB02764,False,False,True,5,9.544150190187807,1.374851954,,,,,,,,"[{'message': 'Amazing Value', 'qualifier': 'Based on price, view, seat quality and more', 'hasValue': True, 'messageType': 'ValueBased'}, {'message': 'Popular Pick', 'qualifier': '15 tickets sold for this event', 'hasValue': True, 'messageType': 'BoughtInLastHourSocialProofBased'}]",[],Last tickets,True,,,,,,,,,,
13388376987,153020449,227A,1530787,227A,2,9,14_14,14,14,14,False,False,1,,False,False,[1],471,Middle,1,True,"[{'listingNoteId': -1, 'listingNoteContentId': 3338094, 'formattedListingNoteContent': 'Clear view', 'listingNoteTypeId': 3, 'showToBuyer': True, 'hideInMock': False, 'siteAddedListingNote': False, 'aisleListingNoteWithSplit': False, 'listingNoteDescriptionContentId': 3338095, 'formattedListingNoteDescription': ""You'll have an unrestricted view of the show.""}]","[{'listingNoteBucketId': 27, 'formattedListingNoteContent': 'Clear view', 'displayOrder': 8, 'showsRawNoteText': True, 'sourceListingNoteId': -1}]",1593637,False,False,Row 9,False,1877788,"¥1,877,788","¥1,877,788",10,Mobile Transfer ticket,3,1,USD,JPY,0.0,USD,"https://img.vggcdn.net/img/vfsimage2/812551/471_1530787/0.jpg?im=Resize=(500,271)&v=771",2 hours ago,9,False,False,False,False,uimunnqxBTShltCcOjTikG5B3832dB%2bZ8AnhCtZLjUA%3d,False,2026-07-18T03:17:08.1970000Z,False,False,False,False,False,False,0,False,,,False,False,False,False,0,False,False,0,13388376987,False,06AF61C0-F589-419C-8668-77C36A6C4D3F,False,False,True,5,8.987945672669355,1.199491418,,,,,,,,"[{'message': 'Amazing Value', 'qualifier': 'Based on price, view, seat quality and more', 'hasValue': True, 'messageType': 'ValueBased'}, {'message': 'Popular Pick', 'qualifier': '15 tickets sold for this event', 'hasValue': True, 'messageType': 'BoughtInLastHourSocialProofBased'}]",[],,,,,,,,,,,,
13388029365,153020449,312,122905,312,2,23,16_16,16,16,16,False,False,1,,False,False,[1],407,Upper,1,True,"[{'listingNoteId': -1, 'listingNoteContentId': 3338094, 'formattedListingNoteContent': 'Clear view', 'listingNoteTypeId': 3, 'showToBuyer': True, 'hideInMock': False, 'siteAddedListingNote': False, 'aisleListingNoteWithSplit': False, 'listingNoteDescriptionContentId': 3338095, 'formattedListingNoteDescription': ""You'll have an unrestricted view of the show.""}]","[{'listingNoteBucketId': 27, 'formattedListingNoteContent': 'Clear view', 'displayOrder': 8, 'showsRawNoteText': True, 'sourceListingNoteId': -1}]",703782,False,False,Row 23,False,1896113,"¥1,896,113","¥1,896,113",10,Mobile Transfer ticket,3,1,USD,JPY,0.0,USD,"https://img.vggcdn.net/img/vfsimage2/812551/407_122905/0.jpg?im=Resize=(500,271)&v=771",4 hours ago,4,False,False,False,False,%2blBxrqh3g%2bhH4VtSKTXn66yi1r9gw9qzi4a6QhoyDjw%3d,False,2026-07-18T01:45:41.0300000Z,False,False,False,False,False,False,0,False,[7],,False,False,False,False,0,False,False,0,13388029365,False,79553DD7-28C2-42F3-BD02-6C07A03B64DD,False,False,True,2,3.754716387028622,0.5974860618,,,,,,,,"[{'message': 'Popular Pick', 'qualifier': '15 tickets sold for this event', 'hasValue': True, 'messageType': 'BoughtInLastHourSocialProofBased'}]",[],Last ticket,True,,,,,,,,,,
13311781074,153020449,305,122898,305,2,17,_,,,,False,False,7,,False,False,"[1, 2, 3, 4, 5, 6, 7]",407,Upper,7,True,"[{'listingNoteId': -1, 'listingNoteContentId': 3338094, 'formattedListingNoteContent': 'Clear view', 'listingNoteTypeId': 3, 'showToBuyer': True, 'hideInMock': False, 'siteAddedListingNote': False, 'aisleListingNoteWithSplit': False, 'listingNoteDescriptionContentId': 3338095, 'formattedListingNoteDescription': ""You'll have an unrestricted view of the show.""}]","[{'listingNoteBucketId': 27, 'formattedListingNoteContent': 'Clear view', 'displayOrder': 8, 'showsRawNoteText': True, 'sourceListingNoteId': -1}]",2113670,False,False,Row 17,False,1897283,"¥1,897,283","¥1,897,283",10,Mobile Transfer ticket,3,1,USD,JPY,5785.0,USD,"https://img.vggcdn.net/img/vfsimage2/812551/407_122898/0.jpg?im=Resize=(500,271)&v=771",7 days ago,5,False,False,False,False,YaPguEoi3ngpfkCgwR%2bcNhWTKFAWqGCrTCsRq8dBQHo%3d,False,2026-07-10T07:19:52.1000000Z,False,False,False,True,False,False,0,False,[6],,False,False,False,False,0,False,False,0,13311781074,False,6007C0AF-B129-4B4F-83D7-528FE6184464,False,False,True,3,5.00370579220474,0.7182422299,Fan favorite,This section is in the top 10% of sections for this event when ranked based on a count of successful sales over the past 7 days on our site,True,,,,,"[{'message': 'Popular Pick', 'qualifier': '15 tickets sold for this event', 'hasValue': True, 'messageType': 'BoughtInLastHourSocialProofBased'}]",[],,,,,,,,,,,,
13347769336,153020449,344,122937,344,2,4,_,,,,False,False,3,,False,False,"[1, 3]",478,Loge,3,True,"[{'listingNoteId': -1, 'listingNoteContentId': 3338094, 'formattedListingNoteContent': 'Clear view', 'listingNoteTypeId': 3, 'showToBuyer': True, 'hideInMock': False, 'siteAddedListingNote': False, 'aisleListingNoteWithSplit': False, 'listingNoteDescriptionContentId': 3338095, 'formattedListingNoteDescription': ""You'll have an unrestricted view of the show.""}]","[{'listingNoteBucketId': 27, 'formattedListingNoteContent': 'Clear view', 'displayOrder': 8, 'showsRawNoteText': True, 'sourceListingNoteId': -1}]",1591268,False,False,Row 4,False,1940611,"¥1,940,611","¥1,940,611",10,Mobile Transfer ticket,3,1,GBP,JPY,3000.0,GBP,"https://img.vggcdn.net/img/vfsimage2/812551/478_122937/0.jpg?im=Resize=(500,271)&v=771",3 days ago,6,False,False,False,False,e%2brR7xGXvLO48wUuZ6CIK%2bSS7TUElpeSqvkTbnvyFRM%3d,False,2026-07-14T09:41:47.8100000Z,False,False,False,False,False,False,0,False,,,False,False,False,False,0,False,False,0,13347769336,False,7F759A8B-225D-43EC-B6D8-A66DDA916760,False,False,True,3,6.432035870532588,0.8614308766,,,,,,,,"[{'message': 'Popular Pick', 'qualifier': '15 tickets sold for this event', 'hasValue': True, 'messageType': 'BoughtInLastHourSocialProofBased'}]",[],,,,,,,,,,,,
13387921176,153020449,204,122837,204,2,11,_,,,,False,False,1,,False,False,[1],471,Middle,1,True,"[{'listingNoteId': -1, 'listingNoteContentId': 3338094, 'formattedListingNoteContent': 'Clear view', 'listingNoteTypeId': 3, 'showToBuyer': True, 'hideInMock': False, 'siteAddedListingNote': False, 'aisleListingNoteWithSplit': False, 'listingNoteDescriptionContentId': 3338095, 'formattedListingNoteDescription': ""You'll have an unrestricted view of the show.""}]","[{'listingNoteBucketId': 27, 'formattedListingNoteContent': 'Clear view', 'displayOrder': 8, 'showsRawNoteText': True, 'sourceListingNoteId': -1}]",702763,False,False,Row 11,False,1949139,"¥1,949,139","¥1,949,139",10,Mobile Transfer ticket,3,1,USD,JPY,7380.0,USD,"https://img.vggcdn.net/img/vfsimage2/812551/471_122837/0.jpg?im=Resize=(500,271)&v=771",4 hours ago,7,False,False,False,False,01SoK3NxLBhcojuOunjOn8%2f9%2fHbKG8sS9qez%2f48bCz8%3d,False,2026-07-18T01:23:34.2130000Z,False,False,False,False,False,False,0,False,,,False,False,False,False,0,False,False,0,13387921176,False,8068CFC7-A260-4DB1-BA98-603CAA1CAC6E,False,False,True,3,6.703139665746887,0.8945174088,,,,,,,,"[{'message': 'Popular Pick', 'qualifier': '15 tickets sold for this event', 'hasValue': True, 'messageType': 'BoughtInLastHourSocialProofBased'}]",[],,,,,,,,,,,,
12927493515,153020449,345,122938,345,2,26,10_13,,,10,False,False,4,,False,False,"[1, 2, 3, 4]",407,Upper,4,True,"[{'listingNoteId': -1, 'listingNoteContentId': 3338094, 'formattedListingNoteContent': 'Clear view', 'listingNoteTypeId': 3, 'showToBuyer': True, 'hideInMock': False, 'siteAddedListingNote': False, 'aisleListingNoteWithSplit': False, 'listingNoteDescriptionContentId': 3338095, 'formattedListingNoteDescription': ""You'll have an unrestricted view of the show.""}]","[{'listingNoteBucketId': 27, 'formattedListingNoteContent': 'Clear view', 'displayOrder': 8, 'showsRawNoteText': True, 'sourceListingNoteId': -1}]",704508,False,False,Row 26,False,1949919,"¥1,949,919","¥1,949,919",10,Mobile Transfer ticket,3,1,USD,JPY,3500.0,USD,"https://img.vggcdn.net/img/vfsimage2/812551/407_122938/0.jpg?im=Resize=(500,271)&v=771",43 days ago,7,False,False,False,False,%2bSi0DeHS0WjvZWn9nS%2fBYwF4lqx359PsV1uHtLTtKFw%3d,False,2026-06-04T09:19:59.2600000Z,False,False,False,False,False,False,0,False,[7],,False,False,False,False,0,False,False,0,12927493515,False,E5007878-4D35-45E0-AD7E-2826F5FEE5B3,False,False,True,3,6.626285539885021,0.8863661477,,,,,,,,"[{'message': 'Popular Pick', 'qualifier': '15 tickets sold for this event', 'hasValue': True, 'messageType': 'BoughtInLastHourSocialProofBased'}]",[],Last tickets,True,"¥3,179,484",39.0,"¥1,229,565",,,,,,,
13388417669,153020449,310,122903,310,2,25,1_1,1,1,1,False,False,1,,False,False,[1],407,Upper,1,True,"[{'listingNoteId': -1, 'listingNoteContentId': 3338094, 'formattedListingNoteContent': 'Clear view', 'listingNoteTypeId': 3, 'showToBuyer': True, 'hideInMock': False, 'siteAddedListingNote': False, 'aisleListingNoteWithSplit': False, 'listingNoteDescriptionContentId': 3338095, 'formattedListingNoteDescription': ""You'll have an unrestricted view of the show.""}]","[{'listingNoteBucketId': 14, 'formattedListingNoteContent': 'Aisle seat', 'displayOrder': 14, 'showsRawNoteText': True, 'sourceListingNoteId': 2024}, {'listingNoteBucketId': 27, 'formattedListingNoteContent': 'Clear view', 'displayOrder': 8, 'showsRawNoteText': True, 'sourceListingNoteId': -1}]",703740,False,False,Row 25,False,1953233,"¥1,953,233","¥1,953,233",10,Mobile Transfer ticket,3,1,USD,JPY,0.0,USD,"https://img.vggcdn.net/img/vfsimage2/812551/407_122903/0.jpg?im=Resize=(500,271)&v=771",2 hours ago,4,False,False,False,False,6D8C%2bwCs5jON2R9N%2fHtbumP%2fYA7nKS2qrj1Pt5Oig64%3d,False,2026-07-18T03:33:13.9330000Z,False,False,False,False,False,False,0,False,,,False,False,False,False,0,False,False,0,13388417669,False,7CF55C4D-BC2D-4B48-9DF0-469A66F203D0,False,False,True,2,4.023811804816903,0.6384740013,,,,,,,,"[{'message': 'Popular Pick', 'qualifier': '15 tickets sold for this event', 'hasValue': True, 'messageType': 'BoughtInLastHourSocialProofBased'}, {'message': 'Aisle Seat', 'qualifier': 'Easy access to your seat', 'hasValue': True, 'messageType': 'AisleSeatTicketAttributeBased'}]",[2024],,,,,,,,,,,,
13386366317,153020449,330,122923,330,2,16,_,,,,False,False,4,,False,False,"[1, 2, 4]",407,Upper,4,True,"[{'listingNoteId': -1, 'listingNoteContentId': 3338094, 'formattedListingNoteContent': 'Clear view', 'listingNoteTypeId': 3, 'showToBuyer': True, 'hideInMock': False, 'siteAddedListingNote': False, 'aisleListingNoteWithSplit': False, 'listingNoteDescriptionContentId': 3338095, 'formattedListingNoteDescription': ""You'll have an unrestricted view of the show.""}]","[{'listingNoteBucketId': 27, 'formattedListingNoteContent': 'Clear view', 'displayOrder': 8, 'showsRawNoteText': True, 'sourceListingNoteId': -1}]",2113911,False,False,Row 16,False,1960410,"¥1,960,410","¥1,960,410",10,Mobile Transfer ticket,3,1,USD,JPY,5785.0,USD,"https://img.vggcdn.net/img/vfsimage2/812551/407_122923/0.jpg?im=Resize=(500,271)&v=771",8 hours ago,6,False,False,False,False,U%2bT62biK%2fWlP5DtaWXXVMVDzraSrohAeZlIm98jdLMo%3d,False,2026-07-17T21:29:16.4600000Z,False,False,False,False,False,False,0,False,,,False,False,False,False,0,False,False,0,13386366317,False,8AB4D5FF-8C47-47E0-809B-F488EA8673CC,False,False,True,3,5.764802284950447,0.8053004093,,,,,,,,"[{'message': 'Popular Pick', 'qualifier': '15 tickets sold for this event', 'hasValue': True, 'messageType': 'BoughtInLastHourSocialProofBased'}]",[],,,,,,,,,,,,
13235196517,153020449,331,122924,331,2,22,27_27,,,27,False,False,1,,False,False,[1],407,Upper,1,True,"[{'listingNoteId': -1, 'listingNoteContentId': 3338094, 'formattedListingNoteContent': 'Clear view', 'listingNoteTypeId': 3, 'showToBuyer': True, 'hideInMock': False, 'siteAddedListingNote': False, 'aisleListingNoteWithSplit': False, 'listingNoteDescriptionContentId': 3338095, 'formattedListingNoteDescription': ""You'll have an unrestricted view of the show.""}]","[{'listingNoteBucketId': 27, 'formattedListingNoteContent': 'Clear view', 'displayOrder': 8, 'showsRawNoteText': True, 'sourceListingNoteId': -1}]",2113937,False,False,Row 22,False,1963005,"¥1,963,005","¥1,963,005",10,Mobile Transfer ticket,3,1,EUR,JPY,2000.0,EUR,"https://img.vggcdn.net/img/vfsimage2/812551/407_122924/0.jpg?im=Resize=(500,271)&v=771",14 days ago,5,False,False,False,False,I4W4RcSUSJ3%2fmuvQEXJkuzE1BlPdJzXjYpMR%2fXqFll4%3d,False,2026-07-04T00:25:43.8300000Z,False,False,False,False,False,False,0,False,,,False,False,False,False,0,False,False,0,13235196517,False,651CA494-AB81-4B00-BA30-4EED819EE0C4,False,False,True,2,4.941350352417675,0.7352945454,,,,,,,,"[{'message': 'Popular Pick', 'qualifier': '15 tickets sold for this event', 'hasValue': True, 'messageType': 'BoughtInLastHourSocialProofBased'}]",[],,,,,,,,,,,,
13386324405,153020449,205A,1530775,205A,2,11,1_1,1,1,1,False,False,1,,False,False,[1],471,Middle,1,True,"[{'listingNoteId': -1, 'listingNoteContentId': 3338094, 'formattedListingNoteContent': 'Clear view', 'listingNoteTypeId': 3, 'showToBuyer': True, 'hideInMock': False, 'siteAddedListingNote': False, 'aisleListingNoteWithSplit': False, 'listingNoteDescriptionContentId': 3338095, 'formattedListingNoteDescription': ""You'll have an unrestricted view of the show.""}]","[{'listingNoteBucketId': 14, 'formattedListingNoteContent': 'Aisle seat', 'displayOrder': 14, 'showsRawNoteText': True, 'sourceListingNoteId': 2024}, {'listingNoteBucketId': 27, 'formattedListingNoteContent': 'Clear view', 'displayOrder': 8, 'showsRawNoteText': True, 'sourceListingNoteId': -1}]",1593531,False,False,Row 11,False,1965514,"¥1,965,514","¥1,965,514",10,Mobile Transfer ticket,3,1,USD,JPY,0.0,USD,"https://img.vggcdn.net/img/vfsimage2/812551/471_1530775/0.jpg?im=Resize=(500,271)&v=771",8 hours ago,6,False,False,False,False,O9IaHd4cdVMIF8Mhmwn%2baTdQtw8X32U3pKyVtD1yv3E%3d,False,2026-07-17T21:20:55.0200000Z,False,False,False,False,False,False,0,False,,,False,False,False,False,0,False,False,0,13386324405,False,21AF1BF2-8DC4-4E4A-9543-02C518579561,False,False,True,3,6.009356967440183,0.8300950617,,,,,,,,"[{'message': 'Popular Pick', 'qualifier': '15 tickets sold for this event', 'hasValue': True, 'messageType': 'BoughtInLastHourSocialProofBased'}, {'message': 'Aisle Seat', 'qualifier': 'Easy access to your seat', 'hasValue': True, 'messageType': 'AisleSeatTicketAttributeBased'}]",[2024],,,"¥2,606,488",25.0,"¥640,974",,,,,,,
13388445293,153020449,Supporters Club,2439116,Supporters Club,2,,_,,,,False,False,1,,False,False,[1],1068,Hospitality,1,True,"[{'listingNoteId': 2344, 'listingNoteContentId': 4216766, 'formattedListingNoteContent': 'Includes Offsite Hospitality', 'listingNoteTypeId': 3, 'showToBuyer': True, 'hideInMock': False, 'siteAddedListingNote': False, 'aisleListingNoteWithSplit': False, 'formattedListingNoteDescription': ''}, {'listingNoteId': -1, 'listingNoteContentId': 3338094, 'formattedListingNoteContent': 'Clear view', 'listingNoteTypeId': 3, 'showToBuyer': True, 'hideInMock': False, 'siteAddedListingNote': False, 'aisleListingNoteWithSplit': False, 'listingNoteDescriptionContentId': 3338095, 'formattedListingNoteDescription': ""You'll have an unrestricted view of the show.""}]","[{'listingNoteBucketId': 0, 'formattedListingNoteContent': 'Includes Offsite Hospitality', 'displayOrder': 30, 'showsRawNoteText': True, 'sourceListingNoteId': 2344}, {'listingNoteBucketId': 27, 'formattedListingNoteContent': 'Clear view', 'displayOrder': 8, 'showsRawNoteText': True, 'sourceListingNoteId': -1}]",4837383,False,False,Row,True,1966567,"¥1,966,567","¥1,966,567",10,Mobile Transfer ticket,3,1,GBP,JPY,2000.0,GBP,"https://img.vggcdn.net/img/vfsimage2/812551/1068_2439116/0.jpg?im=Resize=(500,271)&v=771",2 hours ago,10,False,False,False,False,VqA2lr6JXdjd%2fpylbMoLKFDGlO9lT6yq7OugTii4RF4%3d,False,2026-07-18T03:39:04.5630000Z,False,True,False,False,False,False,0,False,[1],,False,False,False,False,0,False,False,0,13388445293,False,4262267D-9583-4673-9159-43933187EF1F,False,False,True,5,9.86437559933812,1.577970786,,,,,,,,"[{'message': 'Amazing Value', 'qualifier': 'Based on price, view, seat quality and more', 'hasValue': True, 'messageType': 'ValueBased'}, {'message': 'Popular Pick', 'qualifier': '15 tickets sold for this event', 'hasValue': True, 'messageType': 'BoughtInLastHourSocialProofBased'}]",[],,,,,,Best deal,True,6aa8a73f-b069-4147-a316-ffc9e9280c2b,,,,
13354336531,153020449,313,122906,313,2,24,_,,,,False,False,3,,False,False,"[1, 3]",407,Upper,3,True,"[{'listingNoteId': -1, 'listingNoteContentId': 3338094, 'formattedListingNoteContent': 'Clear view', 'listingNoteTypeId': 3, 'showToBuyer': True, 'hideInMock': False, 'siteAddedListingNote': False, 'aisleListingNoteWithSplit': False, 'listingNoteDescriptionContentId': 3338095, 'formattedListingNoteDescription': ""You'll have an unrestricted view of the show.""}]","[{'listingNoteBucketId': 27, 'formattedListingNoteContent': 'Clear view', 'displayOrder': 8, 'showsRawNoteText': True, 'sourceListingNoteId': -1}]",703805,False,False,Row 24,False,1967097,"¥1,967,097","¥1,967,097",10,Mobile Transfer ticket,3,1,USD,JPY,7380.0,USD,"https://img.vggcdn.net/img/vfsimage2/812551/407_122906/0.jpg?im=Resize=(500,271)&v=771",3 days ago,4,False,False,False,False,sMo5ORuBsBKXe5Kl3MQyXZ0hlQYwJvHnP9NEP5odo9A%3d,False,2026-07-15T00:36:36.5130000Z,False,False,False,False,False,False,0,False,,,False,False,False,False,0,False,False,0,13354336531,False,00D94BA6-2629-4DD2-A486-4DE25708F2BC,False,False,True,2,3.9740121829000077,0.6385939064,,,,,,,,"[{'message': 'Popular Pick', 'qualifier': '15 tickets sold for this event', 'hasValue': True, 'messageType': 'BoughtInLastHourSocialProofBased'}]",[],,,,,,,,,,,,
13387899722,153020449,307,122900,307,2,16,_,,,,False,False,2,,False,False,"[1, 2]",407,Upper,2,True,"[{'listingNoteId': -1, 'listingNoteContentId': 3338094, 'formattedListingNoteContent': 'Clear view', 'listingNoteTypeId': 3, 'showToBuyer': True, 'hideInMock': False, 'siteAddedListingNote': False, 'aisleListingNoteWithSplit': False, 'listingNoteDescriptionContentId': 3338095, 'formattedListingNoteDescription': ""You'll have an unrestricted view of the show.""}]","[{'listingNoteBucketId': 27, 'formattedListingNoteContent': 'Clear view', 'displayOrder': 8, 'showsRawNoteText': True, 'sourceListingNoteId': -1}]",703665,False,False,Row 16,False,1979551,"¥1,979,551","¥1,979,551",10,Mobile Transfer ticket,3,14,USD,JPY,0.0,USD,"https://img.vggcdn.net/img/vfsimage2/812551/407_122900/0.jpg?im=Resize=(500,271)&v=771",4 hours ago,7,False,False,False,False,YXhjLbhRThPqxTIBcRKvNCHtBMYxIXDZQQ7tctVPC6E%3d,False,2026-07-18T01:19:56.0030000Z,False,False,False,False,False,False,0,False,,,False,False,False,False,0,False,False,0,13387899722,False,710FC288-91E1-46BA-8ADF-0CFE3650ADE7,False,False,True,4,7.141448585203553,0.9594904744,,,,,,,,"[{'message': 'Great Value', 'qualifier': 'Based on price, view, seat quality and more', 'hasValue': True, 'messageType': 'ValueBased'}, {'message': 'Popular Pick', 'qualifier': '15 tickets sold for this event', 'hasValue': True, 'messageType': 'BoughtInLastHourSocialProofBased'}]",[],,,,,,,,,,,,
13386258854,153020449,301,122894,301,2,8,_,,,,False,False,7,,False,False,"[1, 2, 3, 4, 5, 7]",407,Upper,7,True,"[{'listingNoteId': -1, 'listingNoteContentId': 3338094, 'formattedListingNoteContent': 'Clear view', 'listingNoteTypeId': 3, 'showToBuyer': True, 'hideInMock': False, 'siteAddedListingNote': False, 'aisleListingNoteWithSplit': False, 'listingNoteDescriptionContentId': 3338095, 'formattedListingNoteDescription': ""You'll have an unrestricted view of the show.""}]","[{'listingNoteBucketId': 27, 'formattedListingNoteContent': 'Clear view', 'displayOrder': 8, 'showsRawNoteText': True, 'sourceListingNoteId': -1}]",2113595,False,False,Row 8,False,1982191,"¥1,982,191","¥1,982,191",10,Mobile Transfer ticket,3,1,USD,JPY,4875.32,USD,"https://img.vggcdn.net/img/vfsimage2/812551/407_122894/0.jpg?im=Resize=(500,271)&v=771",8 hours ago,6,False,False,False,False,iPqmlphI96oC0NPdIzQY5saz0taVYVfa5ag4Vdv5yqI%3d,False,2026-07-17T21:07:11.7030000Z,False,False,False,False,False,False,0,False,,,False,False,False,False,0,False,False,0,13386258854,False,0A251455-0105-4C77-B2CF-69CBE6415A3E,False,False,True,3,5.50067867088777,0.7908930164,,,,,,,,"[{'message': 'Popular Pick', 'qualifier': '15 tickets sold for this event', 'hasValue': True, 'messageType': 'BoughtInLastHourSocialProofBased'}]",[],,,,,,,,,,,,
13387411322,153020449,206A,1530776,206A,2,6,16_16,,,16,False,False,1,,False,False,[1],471,Middle,1,True,"[{'listingNoteId': -1, 'listingNoteContentId': 3338094, 'formattedListingNoteContent': 'Clear view', 'listingNoteTypeId': 3, 'showToBuyer': True, 'hideInMock': False, 'siteAddedListingNote': False, 'aisleListingNoteWithSplit': False, 'listingNoteDescriptionContentId': 3338095, 'formattedListingNoteDescription': ""You'll have an unrestricted view of the show.""}]","[{'listingNoteBucketId': 27, 'formattedListingNoteContent': 'Clear view', 'displayOrder': 8, 'showsRawNoteText': True, 'sourceListingNoteId': -1}]",1593549,False,False,Row 6,False,1994756,"¥1,994,756","¥1,994,756",10,Mobile Transfer ticket,3,1,USD,JPY,9000.0,USD,"https://img.vggcdn.net/img/vfsimage2/812551/471_1530776/0.jpg?im=Resize=(500,271)&v=771",6 hours ago,7,False,False,False,False,%2blBxrqh3g%2bhH4VtSKTXn66yi1r9gw9qzi4a6QhoyDjw%3d,False,2026-07-17T23:36:34.8200000Z,False,False,False,False,False,False,0,False,[7],,False,False,False,False,0,False,False,0,13387411322,False,12255F89-1140-4671-A2D4-418F26EE60A6,False,False,True,4,7.359978306835642,0.9915794249,,,,,,,,"[{'message': 'Great Value', 'qualifier': 'Based on price, view, seat quality and more', 'hasValue': True, 'messageType': 'ValueBased'}, {'message': 'Popular Pick', 'qualifier': '15 tickets sold for this event', 'hasValue': True, 'messageType': 'BoughtInLastHourSocialProofBased'}]",[],Last ticket,True,,,,,,,,,,
13388100970,153020449,225A,1530785,225A,2,9,1_1,1,1,1,False,False,1,,False,False,[1],471,Middle,1,True,"[{'listingNoteId': -1, 'listingNoteContentId': 3338094, 'formattedListingNoteContent': 'Clear view', 'listingNoteTypeId': 3, 'showToBuyer': True, 'hideInMock': False, 'siteAddedListingNote': False, 'aisleListingNoteWithSplit': False, 'listingNoteDescriptionContentId': 3338095, 'formattedListingNoteDescription': ""You'll have an unrestricted view of the show.""}]","[{'listingNoteBucketId': 14, 'formattedListingNoteContent': 'Aisle seat', 'displayOrder': 14, 'showsRawNoteText': True, 'sourceListingNoteId': 2024}, {'listingNoteBucketId': 27, 'formattedListingNoteContent': 'Clear view', 'displayOrder': 8, 'showsRawNoteText': True, 'sourceListingNoteId': -1}]",1593622,False,False,Row 9,False,1995731,"¥1,995,731","¥1,995,731",10,Mobile Transfer ticket,3,1,USD,JPY,7380.0,USD,"https://img.vggcdn.net/img/vfsimage2/812551/471_1530785/0.jpg?im=Resize=(500,271)&v=771",3 hours ago,8,False,False,False,False,nBhBIAfJtW6vbA9vNO%2bMxVrTQHNtSM9fzNqYNHyUSPc%3d,False,2026-07-18T02:03:39.9030000Z,False,False,False,False,False,False,0,False,,,False,False,False,False,0,False,False,0,13388100970,False,7471FF40-AFF1-4ED2-B9D8-2892E891C45F,False,False,True,4,7.896334350095822,1.058476426,,,,,,,,"[{'message': 'Great Value', 'qualifier': 'Based on price, view, seat quality and more', 'hasValue': True, 'messageType': 'ValueBased'}, {'message': 'Popular Pick', 'qualifier': '15 tickets sold for this event', 'hasValue': True, 'messageType': 'BoughtInLastHourSocialProofBased'}, {'message': 'Aisle Seat', 'qualifier': 'Easy access to your seat', 'hasValue': True, 'messageType': 'AisleSeatTicketAttributeBased'}]",[2024],,,,,,,,,,,,
13388122309,153020449,313,122906,313,2,12,23_23,23,23,23,False,False,1,,False,False,[1],407,Upper,1,True,"[{'listingNoteId': -1, 'listingNoteContentId': 3338094, 'formattedListingNoteContent': 'Clear view', 'listingNoteTypeId': 3, 'showToBuyer': True, 'hideInMock': False, 'siteAddedListingNote': False, 'aisleListingNoteWithSplit': False, 'listingNoteDescriptionContentId': 3338095, 'formattedListingNoteDescription': ""You'll have an unrestricted view of the show.""}]","[{'listingNoteBucketId': 27, 'formattedListingNoteContent': 'Clear view', 'displayOrder': 8, 'showsRawNoteText': True, 'sourceListingNoteId': -1}]",703793,False,False,Row 12,False,1995731,"¥1,995,731","¥1,995,731",10,Mobile Transfer ticket,3,1,USD,JPY,7380.0,USD,"https://img.vggcdn.net/img/vfsimage2/812551/407_122906/0.jpg?im=Resize=(500,271)&v=771",3 hours ago,8,False,False,False,False,nBhBIAfJtW6vbA9vNO%2bMxVrTQHNtSM9fzNqYNHyUSPc%3d,False,2026-07-18T02:07:00.0670000Z,False,False,False,False,False,False,0,False,,,False,False,False,False,0,False,False,0,13388122309,False,0A0D3178-1EAF-45AA-B12F-66F693E8FF24,False,False,True,4,7.770546128109455,1.04211531,,,,,,,,"[{'message': 'Great Value', 'qualifier': 'Based on price, view, seat quality and more', 'hasValue': True, 'messageType': 'ValueBased'}, {'message': 'Popular Pick', 'qualifier': '15 tickets sold for this event', 'hasValue': True, 'messageType': 'BoughtInLastHourSocialProofBased'}]",[],,,,,,,,,,,,
13386258793,153020449,301,122894,301,2,7,_,,,,False,False,9,,False,False,"[1, 2, 3, 4, 5, 6, 7, 9]",407,Upper,9,True,"[{'listingNoteId': 2027, 'listingNoteContentId': 3415845, 'formattedListingNoteContent': 'Third Row of Section', 'listingNoteTypeId': 6, 'showToBuyer': True, 'hideInMock': False, 'siteAddedListingNote': False, 'aisleListingNoteWithSplit': False, 'listingNoteDescriptionContentId': 3415845, 'formattedListingNoteDescription': 'Third Row of Section'}, {'listingNoteId': -1, 'listingNoteContentId': 3338094, 'formattedListingNoteContent': 'Clear view', 'listingNoteTypeId': 3, 'showToBuyer': True, 'hideInMock': False, 'siteAddedListingNote': False, 'aisleListingNoteWithSplit': False, 'listingNoteDescriptionContentId': 3338095, 'formattedListingNoteDescription': ""You'll have an unrestricted view of the show.""}]","[{'listingNoteBucketId': 14, 'formattedListingNoteContent': 'Third Row of Section', 'displayOrder': 14, 'showsRawNoteText': True, 'sourceListingNoteId': 2027}, {'listingNoteBucketId': 27, 'formattedListingNoteContent': 'Clear view', 'displayOrder': 8, 'showsRawNoteText': True, 'sourceListingNoteId': -1}]",2113594,False,False,Row 7,False,1996519,"¥1,996,519","¥1,996,519",10,Mobile Transfer ticket,3,1,USD,JPY,4875.32,USD,"https://img.vggcdn.net/img/vfsimage2/812551/407_122894/0.jpg?im=Resize=(500,271)&v=771",8 hours ago,5,False,False,False,False,sUrx54oz9bvigPQp3hpWW0EbNCFyKvakKIuYXq1fqfQ%3d,False,2026-07-17T21:07:11.3770000Z,False,False,False,False,False,False,0,False,,,False,False,False,False,0,False,False,0,13386258793,False,A7E0E90F-EE0F-405E-999A-6F35508A5C71,False,False,True,3,5.497078551107537,0.7962998324,,,,,,,,"[{'message': 'Popular Pick', 'qualifier': '15 tickets sold for this event', 'hasValue': True, 'messageType': 'BoughtInLastHourSocialProofBased'}, {'message': 'Third Row', 'qualifier': 'Excellent proximity to the action', 'hasValue': True, 'messageType': 'ThirdRowTicketAttributeBased'}]",[2027],,,,,,,,,,,,
13314250406,153020449,Category 4,2140587,Category 4,3,,_,,,,False,False,2,,False,False,"[1, 2]",1327,Category 4,2,True,"[{'listingNoteId': -1, 'listingNoteContentId': 3338094, 'formattedListingNoteContent': 'Clear view', 'listingNoteTypeId': 3, 'showToBuyer': True, 'hideInMock': False, 'siteAddedListingNote': False, 'aisleListingNoteWithSplit': False, 'listingNoteDescriptionContentId': 3338095, 'formattedListingNoteDescription': ""You'll have an unrestricted view of the show.""}]","[{'listingNoteBucketId': 27, 'formattedListingNoteContent': 'Clear view', 'displayOrder': 8, 'showsRawNoteText': True, 'sourceListingNoteId': -1}]",4264996,False,False,Row,True,2001131,"¥2,001,131","¥2,001,131",10,Mobile Transfer ticket,3,1,USD,JPY,10000.0,USD,"https://img.vggcdn.net/img/vfsimage2/812551/1327_2140587/0.jpg?im=Resize=(500,271)&v=771",7 days ago,9,False,False,True,False,uaiHD1pdxgwGLpP97bbDk9SwolerWOY%2f19ozTpNT8qI%3d,False,2026-07-10T12:22:05.0670000Z,False,False,False,False,False,False,0,False,[7],,False,False,False,False,0,False,False,0,13314250406,False,8988B56C-EDC2-4187-AC09-255DFCF42CB7,False,False,True,5,9.253323046036602,1.362416107,,,,,,,,"[{'message': 'Amazing Value', 'qualifier': 'Based on price, view, seat quality and more', 'hasValue': True, 'messageType': 'ValueBased'}, {'message': 'Popular Pick', 'qualifier': '15 tickets sold for this event', 'hasValue': True, 'messageType': 'BoughtInLastHourSocialProofBased'}]",[],Last tickets,True,,,,,,,,,,
13386324506,153020449,310,122903,310,2,20,_,,,,False,False,4,,False,False,"[1, 2, 3, 4]",407,Upper,4,True,"[{'listingNoteId': -1, 'listingNoteContentId': 3338094, 'formattedListingNoteContent': 'Clear view', 'listingNoteTypeId': 3, 'showToBuyer': True, 'hideInMock': False, 'siteAddedListingNote': False, 'aisleListingNoteWithSplit': False, 'listingNoteDescriptionContentId': 3338095, 'formattedListingNoteDescription': ""You'll have an unrestricted view of the show.""}]","[{'listingNoteBucketId': 27, 'formattedListingNoteContent': 'Clear view', 'displayOrder': 8, 'showsRawNoteText': True, 'sourceListingNoteId': -1}]",703735,False,False,Row 20,False,2007608,"¥2,007,608","¥2,007,608",10,Mobile Transfer ticket,3,1,EUR,JPY,1222.0,EUR,"https://img.vggcdn.net/img/vfsimage2/812551/407_122903/0.jpg?im=Resize=(500,271)&v=771",8 hours ago,5,False,False,False,False,RqwsJv2EyKlmDe%2b0W15lVQ0kKFx3b0BTr4B0b7ev0Lc%3d,False,2026-07-17T21:20:55.5370000Z,False,False,False,False,False,False,0,False,,,False,False,False,False,0,False,False,0,13386324506,False,E8FE8260-E374-4985-9451-FBE8D258E137,False,False,True,2,4.505008771856939,0.7032113034,,,,,,,,"[{'message': 'Popular Pick', 'qualifier': '15 tickets sold for this event', 'hasValue': True, 'messageType': 'BoughtInLastHourSocialProofBased'}]",[],,,,,,,,,,,,
13318315128,153020449,311,122904,311,2,21,_,,,,False,False,4,,False,False,"[1, 2, 3, 4]",407,Upper,4,True,"[{'listingNoteId': -1, 'listingNoteContentId': 3338094, 'formattedListingNoteContent': 'Clear view', 'listingNoteTypeId': 3, 'showToBuyer': True, 'hideInMock': False, 'siteAddedListingNote': False, 'aisleListingNoteWithSplit': False, 'listingNoteDescriptionContentId': 3338095, 'formattedListingNoteDescription': ""You'll have an unrestricted view of the show.""}]","[{'listingNoteBucketId': 27, 'formattedListingNoteContent': 'Clear view', 'displayOrder': 8, 'showsRawNoteText': True, 'sourceListingNoteId': -1}]",703758,False,False,Row 21,False,2007608,"¥2,007,608","¥2,007,608",10,Mobile Transfer ticket,3,1,EUR,JPY,1222.0,EUR,"https://img.vggcdn.net/img/vfsimage2/812551/407_122904/0.jpg?im=Resize=(500,271)&v=771",7 days ago,4,False,False,False,False,RqwsJv2EyKlmDe%2b0W15lVQ0kKFx3b0BTr4B0b7ev0Lc%3d,False,2026-07-10T19:24:07.4600000Z,False,False,False,False,False,False,0,False,,,False,False,False,False,0,False,False,0,13318315128,False,9FD95A8C-4FF5-46EE-B4CB-3AFB2E6C81F9,False,False,True,2,3.968876297031514,0.6512872162,,,,,,,,"[{'message': 'Popular Pick', 'qualifier': '15 tickets sold for this event', 'hasValue': True, 'messageType': 'BoughtInLastHourSocialProofBased'}]",[],,,,,,,,,,,,
13375653128,153020449,Spain Supporters,2447956,Spain Supporters,3,,_,,,,False,False,2,,False,False,"[1, 2]",1666,Spain Supporters,2,True,"[{'listingNoteId': -1, 'listingNoteContentId': 3338094, 'formattedListingNoteContent': 'Clear view', 'listingNoteTypeId': 3, 'showToBuyer': True, 'hideInMock': False, 'siteAddedListingNote': False, 'aisleListingNoteWithSplit': False, 'listingNoteDescriptionContentId': 3338095, 'formattedListingNoteDescription': ""You'll have an unrestricted view of the show.""}]","[{'listingNoteBucketId': 27, 'formattedListingNoteContent': 'Clear view', 'displayOrder': 8, 'showsRawNoteText': True, 'sourceListingNoteId': -1}]",4847586,False,False,Row,True,2007608,"¥2,007,608","¥2,007,608",10,Mobile Transfer ticket,3,1,EUR,JPY,1000.0,EUR,"https://img.vggcdn.net/img/vfsimage2/812551/1666_2447956/0.jpg?im=Resize=(500,271)&v=771",yesterday,0,False,False,True,True,WvYVfuyXjJdwi%2bMGaNYpIHJhvPQ7NAc970KT8tPia0o%3d,False,2026-07-16T19:33:25.1370000Z,False,False,False,False,False,False,0,False,[7],,False,False,False,False,0,False,False,0,13375653128,False,B7D845D6-A7E1-412E-ACAD-F2F23507FFF8,False,False,True,0,,,,,,,,,,"[{'message': 'Popular Pick', 'qualifier': '15 tickets sold for this event', 'hasValue': True, 'messageType': 'BoughtInLastHourSocialProofBased'}]",[],Last tickets,True,,,,,,,,,,
13388378252,153020449,228B,1530790,228B,2,12,_,,,,False,False,4,,False,False,"[1, 2, 4]",471,Middle,4,True,"[{'listingNoteId': -1, 'listingNoteContentId': 3338094, 'formattedListingNoteContent': 'Clear view', 'listingNoteTypeId': 3, 'showToBuyer': True, 'hideInMock': False, 'siteAddedListingNote': False, 'aisleListingNoteWithSplit': False, 'listingNoteDescriptionContentId': 3338095, 'formattedListingNoteDescription': ""You'll have an unrestricted view of the show.""}]","[{'listingNoteBucketId': 27, 'formattedListingNoteContent': 'Clear view', 'displayOrder': 8, 'showsRawNoteText': True, 'sourceListingNoteId': -1}]",2113505,False,False,Row 12,False,2011277,"¥2,011,277","¥2,011,277",10,Mobile Transfer ticket,3,1,USD,JPY,7380.0,USD,"https://img.vggcdn.net/img/vfsimage2/812551/471_1530790/0.jpg?im=Resize=(500,271)&v=771",2 hours ago,7,False,False,False,False,5M4Uc7NwqTmeVmv%2fG5aGPsEjWywFwmiPkLrxuq%2fO7gM%3d,False,2026-07-18T03:17:32.9170000Z,False,False,False,False,False,False,0,False,,,False,False,False,False,0,False,False,0,13388378252,False,D0942F47-7C99-4960-BC4F-AE1E9E230163,False,False,True,3,6.780670706291954,0.9320674077,,,,,,,,"[{'message': 'Popular Pick', 'qualifier': '15 tickets sold for this event', 'hasValue': True, 'messageType': 'BoughtInLastHourSocialProofBased'}]",[],,,,,,,,,,,,
13387963813,153020449,203A,1530773,203A,2,4,_,,,,False,False,1,,False,False,[1],471,Middle,1,True,"[{'listingNoteId': -1, 'listingNoteContentId': 3338094, 'formattedListingNoteContent': 'Clear view', 'listingNoteTypeId': 3, 'showToBuyer': True, 'hideInMock': False, 'siteAddedListingNote': False, 'aisleListingNoteWithSplit': False, 'listingNoteDescriptionContentId': 3338095, 'formattedListingNoteDescription': ""You'll have an unrestricted view of the show.""}]","[{'listingNoteBucketId': 27, 'formattedListingNoteContent': 'Clear view', 'displayOrder': 8, 'showsRawNoteText': True, 'sourceListingNoteId': -1}]",1593523,False,False,Row 4,False,2050488,"¥2,050,488","¥2,050,488",10,Mobile Transfer ticket,3,1,GBP,JPY,5000.0,GBP,"https://img.vggcdn.net/img/vfsimage2/812551/471_1530773/0.jpg?im=Resize=(500,271)&v=771",4 hours ago,8,False,False,False,False,9AuFlUnEllBSaK7KAAQ7%2f9dvcAo6AvD8%2b33BiggANmE%3d,False,2026-07-18T01:33:12.4470000Z,False,False,False,False,False,False,0,False,[7],,False,False,False,False,0,False,False,0,13387963813,False,57A73303-BFC6-4B6A-9A01-956905BE1910,False,False,True,4,8.020268071901008,1.104611135,,,,,,,,"[{'message': 'Great Value', 'qualifier': 'Based on price, view, seat quality and more', 'hasValue': True, 'messageType': 'ValueBased'}, {'message': 'Popular Pick', 'qualifier': '15 tickets sold for this event', 'hasValue': True, 'messageType': 'BoughtInLastHourSocialProofBased'}]",[],Last ticket,True,,,,,,,,,,
13388009537,153020449,204,122837,204,2,7,_,,,,False,False,1,,False,False,[1],471,Middle,1,True,"[{'listingNoteId': -1, 'listingNoteContentId': 3338094, 'formattedListingNoteContent': 'Clear view', 'listingNoteTypeId': 3, 'showToBuyer': True, 'hideInMock': False, 'siteAddedListingNote': False, 'aisleListingNoteWithSplit': False, 'listingNoteDescriptionContentId': 3338095, 'formattedListingNoteDescription': ""You'll have an unrestricted view of the show.""}]","[{'listingNoteBucketId': 27, 'formattedListingNoteContent': 'Clear view', 'displayOrder': 8, 'showsRawNoteText': True, 'sourceListingNoteId': -1}]",702759,False,False,Row 7,False,2054215,"¥2,054,215","¥2,054,215",10,Mobile Transfer ticket,3,1,USD,JPY,10750.0,USD,"https://img.vggcdn.net/img/vfsimage2/812551/471_122837/0.jpg?im=Resize=(500,271)&v=771",4 hours ago,7,False,False,False,False,3yLGUqmR43htIwDL%2bDW5HNREqj7lowKSWznmVIIn9zI%3d,False,2026-07-18T01:42:00.1730000Z,False,False,False,False,False,False,0,False,,,False,False,False,False,0,False,False,0,13388009537,False,7C0DBB21-BE03-451C-B0BF-554B87E610D3,False,False,True,4,7.313272207782729,1.015593664,,,,,,,,"[{'message': 'Great Value', 'qualifier': 'Based on price, view, seat quality and more', 'hasValue': True, 'messageType': 'ValueBased'}, {'message': 'Popular Pick', 'qualifier': '15 tickets sold for this event', 'hasValue': True, 'messageType': 'BoughtInLastHourSocialProofBased'}]",[],,,,,,,,,,,,
13388378256,153020449,225A,1530785,225A,2,7,_,,,,False,False,3,,False,False,"[1, 3]",471,Middle,3,True,"[{'listingNoteId': -1, 'listingNoteContentId': 3338094, 'formattedListingNoteContent': 'Clear view', 'listingNoteTypeId': 3, 'showToBuyer': True, 'hideInMock': False, 'siteAddedListingNote': False, 'aisleListingNoteWithSplit': False, 'listingNoteDescriptionContentId': 3338095, 'formattedListingNoteDescription': ""You'll have an unrestricted view of the show.""}]","[{'listingNoteBucketId': 27, 'formattedListingNoteContent': 'Clear view', 'displayOrder': 8, 'showsRawNoteText': True, 'sourceListingNoteId': -1}]",1593620,False,False,Row 7,False,2069988,"¥2,069,988","¥2,069,988",10,Mobile Transfer ticket,3,1,USD,JPY,7380.0,USD,"https://img.vggcdn.net/img/vfsimage2/812551/471_1530785/0.jpg?im=Resize=(500,271)&v=771",2 hours ago,8,False,False,False,False,DVf63xalzgxUj4XWUEDL595%2bdbKyJik3BcLVLA7yE0E%3d,False,2026-07-18T03:17:32.9400000Z,False,False,False,False,False,False,0,False,,,False,False,False,False,0,False,False,0,13388378256,False,5E30607A-B054-499A-ADC9-F4D140F76F02,False,False,True,4,8.248552870442722,1.148351963,,,,,,,,"[{'message': 'Great Value', 'qualifier': 'Based on price, view, seat quality and more', 'hasValue': True, 'messageType': 'ValueBased'}, {'message': 'Popular Pick', 'qualifier': '15 tickets sold for this event', 'hasValue': True, 'messageType': 'BoughtInLastHourSocialProofBased'}]",[],,,,,,,,,,,,
13131180435,153020449,316,122909,316,2,13,14_14,14,14,14,False,False,1,,False,False,[1],407,Upper,1,True,"[{'listingNoteId': -1, 'listingNoteContentId': 3338094, 'formattedListingNoteContent': 'Clear view', 'listingNoteTypeId': 3, 'showToBuyer': True, 'hideInMock': False, 'siteAddedListingNote': False, 'aisleListingNoteWithSplit': False, 'listingNoteDescriptionContentId': 3338095, 'formattedListingNoteDescription': ""You'll have an unrestricted view of the show.""}]","[{'listingNoteBucketId': 27, 'formattedListingNoteContent': 'Clear view', 'displayOrder': 8, 'showsRawNoteText': True, 'sourceListingNoteId': -1}]",703860,False,False,Row 13,False,2070786,"¥2,070,786","¥2,070,786",10,Mobile Transfer ticket,3,1,USD,JPY,,USD,"https://img.vggcdn.net/img/vfsimage2/812551/407_122909/0.jpg?im=Resize=(500,271)&v=771",23 days ago,5,False,False,False,False,FiR7Dxf%2b9RhaojEg0K8ofMzIOwV%2fl0to%2fB6U1VC02nc%3d,False,2026-06-24T15:01:03.1330000Z,False,False,False,False,False,False,0,False,,,False,False,False,False,0,False,False,0,13131180435,False,7116307E-6013-40C0-B7D3-9499D04EF62D,False,False,True,3,5.279017745386328,0.8068280863,,,,,,,,"[{'message': 'Popular Pick', 'qualifier': '15 tickets sold for this event', 'hasValue': True, 'messageType': 'BoughtInLastHourSocialProofBased'}]",[],,,"¥4,170,346",50.0,"¥2,099,560",,,,,,,
13389005105,153020449,225A,1530785,225A,2,4,_,,,,False,False,3,,False,False,"[1, 3]",471,Middle,3,True,"[{'listingNoteId': -1, 'listingNoteContentId': 3338094, 'formattedListingNoteContent': 'Clear view', 'listingNoteTypeId': 3, 'showToBuyer': True, 'hideInMock': False, 'siteAddedListingNote': False, 'aisleListingNoteWithSplit': False, 'listingNoteDescriptionContentId': 3338095, 'formattedListingNoteDescription': ""You'll have an unrestricted view of the show.""}]","[{'listingNoteBucketId': 27, 'formattedListingNoteContent': 'Clear view', 'displayOrder': 8, 'showsRawNoteText': True, 'sourceListingNoteId': -1}]",1593617,False,False,Row 4,False,2075112,"¥2,075,112","¥2,075,112",10,Mobile Transfer ticket,3,1,USD,JPY,7380.0,USD,"https://img.vggcdn.net/img/vfsimage2/812551/471_1530785/0.jpg?im=Resize=(500,271)&v=771",54 minutes ago,9,False,False,False,False,uyaKi2uFjRAIwzm7jf9PUCw%2fyMqEnsnhA6ROCxJ1NKU%3d,False,2026-07-18T05:09:24.4570000Z,False,False,False,False,False,False,0,False,,,False,False,False,False,0,False,False,0,13389005105,False,0903510D-BA19-499A-884D-5B9BE4F1227E,False,False,True,5,8.893433971362079,1.297047225,,,,,,,,"[{'message': 'Amazing Value', 'qualifier': 'Based on price, view, seat quality and more', 'hasValue': True, 'messageType': 'ValueBased'}, {'message': 'Popular Pick', 'qualifier': '15 tickets sold for this event', 'hasValue': True, 'messageType': 'BoughtInLastHourSocialProofBased'}]",[],,,,,,,,,,,,
13386456800,153020449,Supporters Club,2439116,Supporters Club,2,6,_,,,,False,False,1,,False,False,[1],1068,Hospitality,1,True,"[{'listingNoteId': 1025, 'listingNoteContentId': 2446491, 'formattedListingNoteContent': 'Includes unlimited food and soft drinks', 'listingNoteTypeId': 3, 'showToBuyer': True, 'hideInMock': False, 'siteAddedListingNote': False, 'aisleListingNoteWithSplit': False, 'listingNoteDescriptionContentId': 2446492, 'formattedListingNoteDescription': 'Includes unlimited food and soft drinks'}, {'listingNoteId': 2344, 'listingNoteContentId': 4216766, 'formattedListingNoteContent': 'Includes Offsite Hospitality', 'listingNoteTypeId': 3, 'showToBuyer': True, 'hideInMock': False, 'siteAddedListingNote': False, 'aisleListingNoteWithSplit': False, 'formattedListingNoteDescription': ''}, {'listingNoteId': -1, 'listingNoteContentId': 3338094, 'formattedListingNoteContent': 'Clear view', 'listingNoteTypeId': 3, 'showToBuyer': True, 'hideInMock': False, 'siteAddedListingNote': False, 'aisleListingNoteWithSplit': False, 'listingNoteDescriptionContentId': 3338095, 'formattedListingNoteDescription': ""You'll have an unrestricted view of the show.""}]","[{'listingNoteBucketId': 7, 'formattedListingNoteContent': 'Food & beverages', 'displayOrder': 7, 'showsRawNoteText': False}, {'listingNoteBucketId': 0, 'formattedListingNoteContent': 'Includes Offsite Hospitality', 'displayOrder': 30, 'showsRawNoteText': True, 'sourceListingNoteId': 2344}, {'listingNoteBucketId': 27, 'formattedListingNoteContent': 'Clear view', 'displayOrder': 8, 'showsRawNoteText': True, 'sourceListingNoteId': -1}]",4837383,False,False,Row 6,True,2097659,"¥2,097,659","¥2,097,659",10,Mobile Transfer ticket,3,1,GBP,JPY,2000.0,GBP,"https://img.vggcdn.net/img/vfsimage2/812551/1068_2439116/0.jpg?im=Resize=(500,271)&v=771",8 hours ago,10,False,False,False,False,o1N5KpHRvJzns8ERB%2fZq4Xbt7f3XMN42e3X%2f60KrTKo%3d,False,2026-07-17T21:46:18.4730000Z,False,False,False,False,False,False,0,False,,,False,False,False,False,0,False,False,0,13386456800,False,3BB4F45F-C1D0-4112-ACBA-EB22C629BE81,False,False,True,5,9.63622363181726,1.577970786,,,,,,,,"[{'message': 'Amazing Value', 'qualifier': 'Based on price, view, seat quality and more', 'hasValue': True, 'messageType': 'ValueBased'}, {'message': 'Popular Pick', 'qualifier': '15 tickets sold for this event', 'hasValue': True, 'messageType': 'BoughtInLastHourSocialProofBased'}]",[],,,,,,,,,,,,
13373771975,153020449,311,122904,311,2,8,_,,,,False,False,3,,False,False,"[1, 2, 3]",407,Upper,3,True,"[{'listingNoteId': -1, 'listingNoteContentId': 3338094, 'formattedListingNoteContent': 'Clear view', 'listingNoteTypeId': 3, 'showToBuyer': True, 'hideInMock': False, 'siteAddedListingNote': False, 'aisleListingNoteWithSplit': False, 'listingNoteDescriptionContentId': 3338095, 'formattedListingNoteDescription': ""You'll have an unrestricted view of the show.""}]","[{'listingNoteBucketId': 27, 'formattedListingNoteContent': 'Clear view', 'displayOrder': 8, 'showsRawNoteText': True, 'sourceListingNoteId': -1}]",703745,False,False,Row 8,False,2097659,"¥2,097,659","¥2,097,659",10,Mobile Transfer ticket,3,1,GBP,JPY,1111.0,GBP,"https://img.vggcdn.net/img/vfsimage2/812551/407_122904/0.jpg?im=Resize=(500,271)&v=771",yesterday,6,False,False,False,False,o1N5KpHRvJzns8ERB%2fZq4Xbt7f3XMN42e3X%2f60KrTKo%3d,False,2026-07-16T16:11:41.9300000Z,False,False,False,False,False,False,0,False,,,False,False,False,False,0,False,False,0,13373771975,False,E99B50D1-BE37-4BD5-B3ED-D989EA7C3555,False,False,True,3,6.394964894589785,0.9270082586,,,,,,,,"[{'message': 'Popular Pick', 'qualifier': '15 tickets sold for this event', 'hasValue': True, 'messageType': 'BoughtInLastHourSocialProofBased'}]",[],,,,,,,,,,,,
13387902394,153020449,204,122837,204,2,11,_,,,,False,False,4,,False,False,"[1, 2, 4]",471,Middle,4,True,"[{'listingNoteId': -1, 'listingNoteContentId': 3338094, 'formattedListingNoteContent': 'Clear view', 'listingNoteTypeId': 3, 'showToBuyer': True, 'hideInMock': False, 'siteAddedListingNote': False, 'aisleListingNoteWithSplit': False, 'listingNoteDescriptionContentId': 3338095, 'formattedListingNoteDescription': ""You'll have an unrestricted view of the show.""}]","[{'listingNoteBucketId': 27, 'formattedListingNoteContent': 'Clear view', 'displayOrder': 8, 'showsRawNoteText': True, 'sourceListingNoteId': -1}]",702763,False,False,Row 11,False,2101977,"¥2,101,977","¥2,101,977",10,Mobile Transfer ticket,3,1,USD,JPY,7380.0,USD,"https://img.vggcdn.net/img/vfsimage2/812551/471_122837/0.jpg?im=Resize=(500,271)&v=771",4 hours ago,6,False,False,False,False,%2blBxrqh3g%2bhH4VtSKTXn66yi1r9gw9qzi4a6QhoyDjw%3d,False,2026-07-18T01:20:31.6400000Z,False,False,False,False,False,False,0,False,,,False,False,False,False,0,False,False,0,13387902394,False,22EE682F-3DC0-4029-9C37-5FF0C65DEB1C,False,False,True,3,6.075258224360219,0.8945174088,,,,,,,,"[{'message': 'Popular Pick', 'qualifier': '15 tickets sold for this event', 'hasValue': True, 'messageType': 'BoughtInLastHourSocialProofBased'}]",[],,,,,,,,,,,,
13386258770,153020449,341,122934,341,2,18,_,,,,False,False,6,,False,False,"[1, 2, 3, 4, 6]",407,Upper,6,True,"[{'listingNoteId': -1, 'listingNoteContentId': 3338094, 'formattedListingNoteContent': 'Clear view', 'listingNoteTypeId': 3, 'showToBuyer': True, 'hideInMock': False, 'siteAddedListingNote': False, 'aisleListingNoteWithSplit': False, 'listingNoteDescriptionContentId': 3338095, 'formattedListingNoteDescription': ""You'll have an unrestricted view of the show.""}]","[{'listingNoteBucketId': 27, 'formattedListingNoteContent': 'Clear view', 'displayOrder': 8, 'showsRawNoteText': True, 'sourceListingNoteId': -1}]",704412,False,False,Row 18,False,2112293,"¥2,112,293","¥2,112,293",10,Mobile Transfer ticket,3,1,USD,JPY,8340.0,USD,"https://img.vggcdn.net/img/vfsimage2/812551/407_122934/0.jpg?im=Resize=(500,271)&v=771",8 hours ago,5,False,False,False,False,qholvpIzA0%2fW3h37PTEp3nXKkn9dBfafvH4zeO7CqGA%3d,False,2026-07-17T21:07:11.2430000Z,False,False,False,False,False,False,0,False,[7],,False,False,False,False,0,False,False,0,13386258770,False,14E1D134-232E-4434-9FA2-6C959EABC840,False,False,True,3,5.1085184590907025,0.8083873733,,,,,,,,"[{'message': 'Popular Pick', 'qualifier': '15 tickets sold for this event', 'hasValue': True, 'messageType': 'BoughtInLastHourSocialProofBased'}]",[],Last tickets,True,,,,,,,,,,
13388955631,153020449,319,122912,319,2,1,3_3,,,3,False,False,1,,False,False,[1],478,Loge,1,True,"[{'listingNoteId': 2025, 'listingNoteContentId': 3415843, 'formattedListingNoteContent': 'Front Row of Section', 'listingNoteTypeId': 6, 'showToBuyer': True, 'hideInMock': False, 'siteAddedListingNote': False, 'aisleListingNoteWithSplit': False, 'listingNoteDescriptionContentId': 3415843, 'formattedListingNoteDescription': 'Front Row of Section'}, {'listingNoteId': -1, 'listingNoteContentId': 3338094, 'formattedListingNoteContent': 'Clear view', 'listingNoteTypeId': 3, 'showToBuyer': True, 'hideInMock': False, 'siteAddedListingNote': False, 'aisleListingNoteWithSplit': False, 'listingNoteDescriptionContentId': 3338095, 'formattedListingNoteDescription': ""You'll have an unrestricted view of the show.""}]","[{'listingNoteBucketId': 14, 'formattedListingNoteContent': 'Front Row of Section', 'displayOrder': 14, 'showsRawNoteText': True, 'sourceListingNoteId': 2025}, {'listingNoteBucketId': 27, 'formattedListingNoteContent': 'Clear view', 'displayOrder': 8, 'showsRawNoteText': True, 'sourceListingNoteId': -1}]",1591109,False,False,Row 1,False,2142936,"¥2,142,936","¥2,142,936",10,Mobile Transfer ticket,3,14,USD,JPY,0.0,USD,"https://img.vggcdn.net/img/vfsimage2/812551/478_122912/0.jpg?im=Resize=(500,271)&v=771",59 minutes ago,7,False,False,False,False,zkIyVyw03zOXLP42oU8dQueDywfNr%2bVsOG3mlHJxeq0%3d,False,2026-07-18T05:03:44.6170000Z,False,False,False,False,False,False,0,False,,,False,False,False,False,0,False,False,0,13388955631,False,1CB79787-CCFE-483D-9BC8-09A1CFD0D215,False,False,True,3,6.758973379014352,0.9903846434,,,,,,,,"[{'message': 'Popular Pick', 'qualifier': '15 tickets sold for this event', 'hasValue': True, 'messageType': 'BoughtInLastHourSocialProofBased'}, {'message': 'Front Row', 'qualifier': 'Best seats in the house', 'hasValue': True, 'messageType': 'FirstRowTicketAttributeBased'}]",[2025],,,,,,,,,,,,
13388733832,153020449,205A,1530775,205A,2,3,3_3,3,3,3,False,False,1,,False,False,[1],471,Middle,1,True,"[{'listingNoteId': 2027, 'listingNoteContentId': 3415845, 'formattedListingNoteContent': 'Third Row of Section', 'listingNoteTypeId': 6, 'showToBuyer': True, 'hideInMock': False, 'siteAddedListingNote': False, 'aisleListingNoteWithSplit': False, 'listingNoteDescriptionContentId': 3415845, 'formattedListingNoteDescription': 'Third Row of Section'}, {'listingNoteId': -1, 'listingNoteContentId': 3338094, 'formattedListingNoteContent': 'Clear view', 'listingNoteTypeId': 3, 'showToBuyer': True, 'hideInMock': False, 'siteAddedListingNote': False, 'aisleListingNoteWithSplit': False, 'listingNoteDescriptionContentId': 3338095, 'formattedListingNoteDescription': ""You'll have an unrestricted view of the show.""}]","[{'listingNoteBucketId': 14, 'formattedListingNoteContent': 'Third Row of Section', 'displayOrder': 14, 'showsRawNoteText': True, 'sourceListingNoteId': 2027}, {'listingNoteBucketId': 27, 'formattedListingNoteContent': 'Clear view', 'displayOrder': 8, 'showsRawNoteText': True, 'sourceListingNoteId': -1}]",1593534,False,False,Row 3,False,2144476,"¥2,144,476","¥2,144,476",10,Mobile Transfer ticket,3,1,USD,JPY,7630.0,USD,"https://img.vggcdn.net/img/vfsimage2/812551/471_1530775/0.jpg?im=Resize=(500,271)&v=771",an hour ago,8,False,False,False,False,oBHH45jmBw3j64cRo20WiLewpAQ841HzhNQ1CGSVZ7E%3d,False,2026-07-18T04:33:03.0530000Z,False,False,False,False,False,False,0,False,,,False,False,False,False,0,False,False,0,13388733832,False,D7F13179-455B-48D6-92CA-D1C8F787504B,False,False,True,4,7.970461124340148,1.148005168,,,,,,,,"[{'message': 'Great Value', 'qualifier': 'Based on price, view, seat quality and more', 'hasValue': True, 'messageType': 'ValueBased'}, {'message': 'Popular Pick', 'qualifier': '15 tickets sold for this event', 'hasValue': True, 'messageType': 'BoughtInLastHourSocialProofBased'}, {'message': 'Third Row', 'qualifier': 'Excellent proximity to the action', 'hasValue': True, 'messageType': 'ThirdRowTicketAttributeBased'}]",[2027],,,"¥2,843,403",25.0,"¥698,927",,,,,,,
13388321729,153020449,205A,1530775,205A,2,2,_,,,,False,False,4,,False,False,"[1, 2, 4]",471,Middle,4,True,"[{'listingNoteId': 810, 'listingNoteContentId': 2446052, 'formattedListingNoteContent': 'Actual 2nd row of section', 'listingNoteTypeId': 3, 'showToBuyer': True, 'hideInMock': False, 'siteAddedListingNote': False, 'aisleListingNoteWithSplit': False, 'listingNoteDescriptionContentId': 2446053, 'formattedListingNoteDescription': 'Actual 2nd row of section'}, {'listingNoteId': -1, 'listingNoteContentId': 3338094, 'formattedListingNoteContent': 'Clear view', 'listingNoteTypeId': 3, 'showToBuyer': True, 'hideInMock': False, 'siteAddedListingNote': False, 'aisleListingNoteWithSplit': False, 'listingNoteDescriptionContentId': 3338095, 'formattedListingNoteDescription': ""You'll have an unrestricted view of the show.""}]","[{'listingNoteBucketId': 14, 'formattedListingNoteContent': 'Actual 2nd row of section', 'displayOrder': 14, 'showsRawNoteText': True, 'sourceListingNoteId': 810}, {'listingNoteBucketId': 27, 'formattedListingNoteContent': 'Clear view', 'displayOrder': 8, 'showsRawNoteText': True, 'sourceListingNoteId': -1}]",1593533,False,False,Row 2,False,2144866,"¥2,144,866","¥2,144,866",10,Mobile Transfer ticket,3,1,USD,JPY,7380.0,USD,"https://img.vggcdn.net/img/vfsimage2/812551/471_1530775/0.jpg?im=Resize=(500,271)&v=771",2 hours ago,8,False,False,False,False,VNmzPi8XmJ5RZpmv24M1jHKfH%2bXSEBPR8xYH6UuSN18%3d,False,2026-07-18T03:03:41.5300000Z,False,False,False,False,False,False,0,False,,,False,False,False,False,0,False,False,0,13388321729,False,E7FA14F6-57A9-4BE9-A475-25B8C57204D2,False,False,True,4,8.281451209245164,1.195032793,,,,,,,,"[{'message': 'Great Value', 'qualifier': 'Based on price, view, seat quality and more', 'hasValue': True, 'messageType': 'ValueBased'}, {'message': 'Hidden gem', 'qualifier': ""Fans haven't spotted this one yet"", 'hasValue': True, 'messageType': 'HiddenGem'}, {'message': 'Second Row', 'qualifier': 'Premium close-up view', 'hasValue': True, 'messageType': 'SecondRowTicketAttributeBased'}]",[810],,,,,,,,,,,,
13354520864,153020449,347,122940,347,2,16,5_7,,,5,False,False,3,,False,False,"[1, 2, 3]",407,Upper,3,True,"[{'listingNoteId': -1, 'listingNoteContentId': 3338094, 'formattedListingNoteContent': 'Clear view', 'listingNoteTypeId': 3, 'showToBuyer': True, 'hideInMock': False, 'siteAddedListingNote': False, 'aisleListingNoteWithSplit': False, 'listingNoteDescriptionContentId': 3338095, 'formattedListingNoteDescription': ""You'll have an unrestricted view of the show.""}]","[{'listingNoteBucketId': 27, 'formattedListingNoteContent': 'Clear view', 'displayOrder': 8, 'showsRawNoteText': True, 'sourceListingNoteId': -1}]",2113976,False,False,Row 16,False,2157935,"¥2,157,935","¥2,157,935",10,Mobile Transfer ticket,3,1,EUR,JPY,5059.0,EUR,"https://img.vggcdn.net/img/vfsimage2/812551/407_122940/0.jpg?im=Resize=(500,271)&v=771",3 days ago,5,False,False,False,False,PKB1Vpvak4jBcC%2boMr7S1Ss%2bwfd9r8vBN3ErjH1YiCo%3d,False,2026-07-15T00:57:58.7930000Z,False,False,False,False,False,False,0,False,,,False,False,False,False,0,False,False,0,13354520864,False,5A2741CD-3D80-416E-AD1C-50F2A0D3ACDA,False,False,True,2,4.504514080567176,0.7558231346,,,,,,,,"[{'message': 'Popular Pick', 'qualifier': '15 tickets sold for this event', 'hasValue': True, 'messageType': 'BoughtInLastHourSocialProofBased'}]",[],,,,,,,,,,,,
13385101871,153020449,221A,1530781,221A,2,11,_,,,,False,False,3,,False,False,"[1, 3]",471,Middle,3,True,"[{'listingNoteId': -1, 'listingNoteContentId': 3338094, 'formattedListingNoteContent': 'Clear view', 'listingNoteTypeId': 3, 'showToBuyer': True, 'hideInMock': False, 'siteAddedListingNote': False, 'aisleListingNoteWithSplit': False, 'listingNoteDescriptionContentId': 3338095, 'formattedListingNoteDescription': ""You'll have an unrestricted view of the show.""}]","[{'listingNoteBucketId': 27, 'formattedListingNoteContent': 'Clear view', 'displayOrder': 8, 'showsRawNoteText': True, 'sourceListingNoteId': -1}]",1593585,False,False,Row 11,False,2171093,"¥2,171,093","¥2,171,093",10,Mobile Transfer ticket,3,1,GBP,JPY,8000.0,GBP,"https://img.vggcdn.net/img/vfsimage2/812551/471_1530781/0.jpg?im=Resize=(500,271)&v=771",11 hours ago,6,False,False,False,False,z%2bs4kIu4Dbq8%2f1n4sm2QSM8npwa20j%2bKxMCPtRGqX6o%3d,False,2026-07-17T18:43:25.3670000Z,False,False,False,False,False,False,0,False,[7],,False,False,False,False,0,False,False,0,13385101871,False,D0F089A4-BDD8-4F04-9D54-6F4CF8297848,False,False,True,3,5.893006761959364,0.9048350685,,,,,,,,"[{'message': 'Popular Pick', 'qualifier': '15 tickets sold for this event', 'hasValue': True, 'messageType': 'BoughtInLastHourSocialProofBased'}]",[],Last tickets,True,"¥3,113,154",30.0,"¥942,061",,,,,,,
13388710306,153020449,101,122782,101,2,15,19_19,19,19,19,False,False,1,,False,False,[1],594,Lower,1,True,"[{'listingNoteId': 1706, 'listingNoteContentId': 2731454, 'formattedListingNoteContent': 'Standing 16+', 'listingNoteTypeId': 2, 'showToBuyer': True, 'hideInMock': False, 'siteAddedListingNote': False, 'aisleListingNoteWithSplit': False, 'listingNoteDescriptionContentId': 2731455, 'formattedListingNoteDescription': 'Must be over 16 to be in standing area'}, {'listingNoteId': -1, 'listingNoteContentId': 3338094, 'formattedListingNoteContent': 'Clear view', 'listingNoteTypeId': 3, 'showToBuyer': True, 'hideInMock': False, 'siteAddedListingNote': False, 'aisleListingNoteWithSplit': False, 'listingNoteDescriptionContentId': 3338095, 'formattedListingNoteDescription': ""You'll have an unrestricted view of the show.""}]","[{'listingNoteBucketId': 24, 'formattedListingNoteContent': 'Standing 16+', 'displayOrder': 24, 'showsRawNoteText': True, 'sourceListingNoteId': 1706}, {'listingNoteBucketId': 27, 'formattedListingNoteContent': 'Clear view', 'displayOrder': 8, 'showsRawNoteText': True, 'sourceListingNoteId': -1}]",2112069,False,False,Row 15,False,2195357,"¥2,195,357","¥2,195,357",10,Mobile Transfer ticket,3,1,USD,JPY,10990.0,USD,"https://img.vggcdn.net/img/vfsimage2/812551/594_122782/0.jpg?im=Resize=(500,271)&v=771",an hour ago,9,False,False,False,False,Y73ybFX4P7yKWfNjsP9%2bhXEsS0U%2fa%2fWi7AW8zj9DVPE%3d,False,2026-07-18T04:29:36.5570000Z,False,False,False,False,False,False,0,False,,,False,False,False,False,0,False,False,0,13388710306,False,FF05E7C6-059C-49B1-9E9A-D4A763B0F35C,False,False,True,5,9.059437552939453,1.426116576,,,,,,,,"[{'message': 'Amazing Value', 'qualifier': 'Based on price, view, seat quality and more', 'hasValue': True, 'messageType': 'ValueBased'}, {'message': 'Popular Pick', 'qualifier': '15 tickets sold for this event', 'hasValue': True, 'messageType': 'BoughtInLastHourSocialProofBased'}]",[],,,,,,,,,,,,
13388623059,153020449,Category 1,1989399,Category 1,3,,_,,,,False,False,1,,False,False,[1],1245,Category 1,1,True,"[{'listingNoteId': -1, 'listingNoteContentId': 3338094, 'formattedListingNoteContent': 'Clear view', 'listingNoteTypeId': 3, 'showToBuyer': True, 'hideInMock': False, 'siteAddedListingNote': False, 'aisleListingNoteWithSplit': False, 'listingNoteDescriptionContentId': 3338095, 'formattedListingNoteDescription': ""You'll have an unrestricted view of the show.""}]","[{'listingNoteBucketId': 27, 'formattedListingNoteContent': 'Clear view', 'displayOrder': 8, 'showsRawNoteText': True, 'sourceListingNoteId': -1}]",3325458,False,False,Row,True,2205621,"¥2,205,621","¥2,205,621",10,Mobile Transfer ticket,3,1,USD,JPY,7870.0,USD,"https://img.vggcdn.net/img/vfsimage2/812551/1245_1989399/0.jpg?im=Resize=(500,271)&v=771",an hour ago,8,False,False,True,False,6eLi2h8pj%2bOc%2fF%2f1mBRQ2eH3ye%2bUIXshKiZugydHgkU%3d,False,2026-07-18T04:14:59.4200000Z,False,False,False,False,False,False,0,False,[7],,False,False,False,False,0,False,False,0,13388623059,False,312FC3C2-1ACE-4793-A45A-2F0BA167A5CB,False,False,True,4,8.34636736820718,1.2394394,,,,,,,,"[{'message': 'Great Value', 'qualifier': 'Based on price, view, seat quality and more', 'hasValue': True, 'messageType': 'ValueBased'}, {'message': 'Popular Pick', 'qualifier': '15 tickets sold for this event', 'hasValue': True, 'messageType': 'BoughtInLastHourSocialProofBased'}]",[],Last ticket,True,,,,,,,,,,
13354336552,153020449,316,122909,316,2,11,_,,,,False,False,4,,False,False,"[1, 2, 4]",407,Upper,4,True,"[{'listingNoteId': -1, 'listingNoteContentId': 3338094, 'formattedListingNoteContent': 'Clear view', 'listingNoteTypeId': 3, 'showToBuyer': True, 'hideInMock': False, 'siteAddedListingNote': False, 'aisleListingNoteWithSplit': False, 'listingNoteDescriptionContentId': 3338095, 'formattedListingNoteDescription': ""You'll have an unrestricted view of the show.""}]","[{'listingNoteBucketId': 27, 'formattedListingNoteContent': 'Clear view', 'displayOrder': 8, 'showsRawNoteText': True, 'sourceListingNoteId': -1}]",703858,False,False,Row 11,False,2214122,"¥2,214,122","¥2,214,122",10,Mobile Transfer ticket,3,1,USD,JPY,7380.0,USD,"https://img.vggcdn.net/img/vfsimage2/812551/407_122909/0.jpg?im=Resize=(500,271)&v=771",3 days ago,5,False,False,False,False,2ehKFVWZUwEhhDRzB4C%2fCjPO5qEgQsIuazHfATOZWtc%3d,False,2026-07-15T00:36:36.5770000Z,False,False,False,False,False,False,0,False,,,False,False,False,False,0,False,False,0,13354336552,False,FF046245-B884-4E50-AB49-5A0FCFDC21EC,False,False,True,3,5.066090996811803,0.8436374913,,,,,,,,"[{'message': 'Popular Pick', 'qualifier': '15 tickets sold for this event', 'hasValue': True, 'messageType': 'BoughtInLastHourSocialProofBased'}]",[],,,,,,,,,,,,
13364211724,153020449,318,122911,318,2,5,16_16,16,16,16,False,False,1,,False,False,[1],407,Upper,1,True,"[{'listingNoteId': -1, 'listingNoteContentId': 3338094, 'formattedListingNoteContent': 'Clear view', 'listingNoteTypeId': 3, 'showToBuyer': True, 'hideInMock': False, 'siteAddedListingNote': False, 'aisleListingNoteWithSplit': False, 'listingNoteDescriptionContentId': 3338095, 'formattedListingNoteDescription': ""You'll have an unrestricted view of the show.""}]","[{'listingNoteBucketId': 27, 'formattedListingNoteContent': 'Clear view', 'displayOrder': 8, 'showsRawNoteText': True, 'sourceListingNoteId': -1}]",703896,False,False,Row 5,False,2228108,"¥2,228,108","¥2,228,108",10,Mobile Transfer ticket,3,1,USD,JPY,,USD,"https://img.vggcdn.net/img/vfsimage2/812551/407_122911/0.jpg?im=Resize=(500,271)&v=771",2 days ago,6,False,False,False,False,ILFzjXElhDdaRPjqrdnoZ7jzkh74MOvwiCJAfRTkTPc%3d,False,2026-07-15T21:27:47.2830000Z,False,False,False,False,False,False,0,False,[7],,False,False,False,False,0,False,False,0,13364211724,False,EF237E56-4DF9-4193-9633-B895986A3278,False,False,True,3,6.214716393827688,0.9637732843,,,,,,,,"[{'message': 'Popular Pick', 'qualifier': '15 tickets sold for this event', 'hasValue': True, 'messageType': 'BoughtInLastHourSocialProofBased'}]",[],Last ticket,True,,,,,,,,,,
13387080696,153020449,128,122798,128,2,21,_,,,,False,False,1,,False,False,[1],594,Lower,1,True,"[{'listingNoteId': -1, 'listingNoteContentId': 3338094, 'formattedListingNoteContent': 'Clear view', 'listingNoteTypeId': 3, 'showToBuyer': True, 'hideInMock': False, 'siteAddedListingNote': False, 'aisleListingNoteWithSplit': False, 'listingNoteDescriptionContentId': 3338095, 'formattedListingNoteDescription': ""You'll have an unrestricted view of the show.""}]","[{'listingNoteBucketId': 27, 'formattedListingNoteContent': 'Clear view', 'displayOrder': 8, 'showsRawNoteText': True, 'sourceListingNoteId': -1}]",2112826,False,False,Row 21,False,2230626,"¥2,230,626","¥2,230,626",10,Mobile Transfer ticket,3,1,EUR,JPY,10990.0,EUR,"https://img.vggcdn.net/img/vfsimage2/812551/594_122798/0.jpg?im=Resize=(500,271)&v=771",6 hours ago,9,False,False,False,False,Hg4qpTIcktleXtIiMQBbIt%2f8lBDzS6WTownI5T1umRk%3d,False,2026-07-17T23:05:59.8100000Z,False,False,False,False,False,False,0,False,[7],,False,False,False,False,0,False,False,0,13387080696,False,C1AACF0E-6A68-4D5B-A4E8-A975FEA66407,False,False,True,5,9.024793792208406,1.437252908,,,,,,,,"[{'message': 'Amazing Value', 'qualifier': 'Based on price, view, seat quality and more', 'hasValue': True, 'messageType': 'ValueBased'}, {'message': 'Popular Pick', 'qualifier': '15 tickets sold for this event', 'hasValue': True, 'messageType': 'BoughtInLastHourSocialProofBased'}]",[],Last ticket,True,,,,,,,,,,
13388880111,153020449,126,122797,126,2,29,_,,,,False,False,4,,False,False,"[1, 2, 3, 4]",594,Lower,4,True,"[{'listingNoteId': -1, 'listingNoteContentId': 3338094, 'formattedListingNoteContent': 'Clear view', 'listingNoteTypeId': 3, 'showToBuyer': True, 'hideInMock': False, 'siteAddedListingNote': False, 'aisleListingNoteWithSplit': False, 'listingNoteDescriptionContentId': 3338095, 'formattedListingNoteDescription': ""You'll have an unrestricted view of the show.""}]","[{'listingNoteBucketId': 27, 'formattedListingNoteContent': 'Clear view', 'displayOrder': 8, 'showsRawNoteText': True, 'sourceListingNoteId': -1}]",2112786,False,False,Row 29,False,2230626,"¥2,230,626","¥2,230,626",10,Mobile Transfer ticket,3,1,EUR,JPY,10990.0,EUR,"https://img.vggcdn.net/img/vfsimage2/812551/594_122797/0.jpg?im=Resize=(500,271)&v=771",an hour ago,9,False,False,False,False,Hg4qpTIcktleXtIiMQBbIt%2f8lBDzS6WTownI5T1umRk%3d,False,2026-07-18T04:51:47.6800000Z,False,False,False,False,False,False,0,False,,,False,False,False,False,0,False,False,0,13388880111,False,CBC9F200-8AF0-41B7-AAEA-64AA209D2644,False,False,True,5,8.563941984653672,1.296988872,,,,,,,,"[{'message': 'Amazing Value', 'qualifier': 'Based on price, view, seat quality and more', 'hasValue': True, 'messageType': 'ValueBased'}, {'message': 'Popular Pick', 'qualifier': '15 tickets sold for this event', 'hasValue': True, 'messageType': 'BoughtInLastHourSocialProofBased'}]",[],,,"¥2,849,029",22.0,"¥618,403",,,,,,,
13387977980,153020449,126,122797,126,2,32,_,,,,False,False,4,,False,False,"[1, 2, 3, 4]",594,Lower,4,True,"[{'listingNoteId': -1, 'listingNoteContentId': 3338094, 'formattedListingNoteContent': 'Clear view', 'listingNoteTypeId': 3, 'showToBuyer': True, 'hideInMock': False, 'siteAddedListingNote': False, 'aisleListingNoteWithSplit': False, 'listingNoteDescriptionContentId': 3338095, 'formattedListingNoteDescription': ""You'll have an unrestricted view of the show.""}]","[{'listingNoteBucketId': 27, 'formattedListingNoteContent': 'Clear view', 'displayOrder': 8, 'showsRawNoteText': True, 'sourceListingNoteId': -1}]",2112790,False,False,Row 32,False,2230626,"¥2,230,626","¥2,230,626",10,Mobile Transfer ticket,3,1,EUR,JPY,10990.0,EUR,"https://img.vggcdn.net/img/vfsimage2/812551/594_122797/0.jpg?im=Resize=(500,271)&v=771",4 hours ago,8,False,False,False,False,Hg4qpTIcktleXtIiMQBbIt%2f8lBDzS6WTownI5T1umRk%3d,False,2026-07-18T01:35:01.0630000Z,False,False,False,False,False,False,0,False,,,False,False,False,False,0,False,False,0,13387977980,False,953D0D95-994F-4D98-9E86-526394897B41,False,False,True,4,8.30944581023946,1.247404249,,,,,,,,"[{'message': 'Great Value', 'qualifier': 'Based on price, view, seat quality and more', 'hasValue': True, 'messageType': 'ValueBased'}, {'message': 'Popular Pick', 'qualifier': '15 tickets sold for this event', 'hasValue': True, 'messageType': 'BoughtInLastHourSocialProofBased'}]",[],,,"¥2,849,029",22.0,"¥618,403",,,,,,,
13388880115,153020449,126,122797,126,2,37,_,,,,False,False,4,,False,False,"[1, 2, 3, 4]",594,Lower,4,True,"[{'listingNoteId': -1, 'listingNoteContentId': 3338094, 'formattedListingNoteContent': 'Clear view', 'listingNoteTypeId': 3, 'showToBuyer': True, 'hideInMock': False, 'siteAddedListingNote': False, 'aisleListingNoteWithSplit': False, 'listingNoteDescriptionContentId': 3338095, 'formattedListingNoteDescription': ""You'll have an unrestricted view of the show.""}]","[{'listingNoteBucketId': 27, 'formattedListingNoteContent': 'Clear view', 'displayOrder': 8, 'showsRawNoteText': True, 'sourceListingNoteId': -1}]",2112795,False,False,Row 37,False,2230626,"¥2,230,626","¥2,230,626",10,Mobile Transfer ticket,3,1,EUR,JPY,10990.0,EUR,"https://img.vggcdn.net/img/vfsimage2/812551/594_122797/0.jpg?im=Resize=(500,271)&v=771",an hour ago,8,False,False,False,False,Hg4qpTIcktleXtIiMQBbIt%2f8lBDzS6WTownI5T1umRk%3d,False,2026-07-18T04:51:47.6900000Z,False,False,False,False,False,False,0,False,,,False,False,False,False,0,False,False,0,13388880115,False,51B2E175-F25B-4418-AAE8-1BF617D66BD6,False,False,True,4,7.797441267189236,1.168661515,,,,,,,,"[{'message': 'Great Value', 'qualifier': 'Based on price, view, seat quality and more', 'hasValue': True, 'messageType': 'ValueBased'}, {'message': 'Popular Pick', 'qualifier': '15 tickets sold for this event', 'hasValue': True, 'messageType': 'BoughtInLastHourSocialProofBased'}]",[],,,"¥2,849,029",22.0,"¥618,403",,,,,,,
13388880123,153020449,126,122797,126,2,38,_,,,,False,False,4,,False,False,"[1, 2, 3, 4]",594,Lower,4,True,"[{'listingNoteId': -1, 'listingNoteContentId': 3338094, 'formattedListingNoteContent': 'Clear view', 'listingNoteTypeId': 3, 'showToBuyer': True, 'hideInMock': False, 'siteAddedListingNote': False, 'aisleListingNoteWithSplit': False, 'listingNoteDescriptionContentId': 3338095, 'formattedListingNoteDescription': ""You'll have an unrestricted view of the show.""}]","[{'listingNoteBucketId': 27, 'formattedListingNoteContent': 'Clear view', 'displayOrder': 8, 'showsRawNoteText': True, 'sourceListingNoteId': -1}]",2112796,False,False,Row 38,False,2230626,"¥2,230,626","¥2,230,626",10,Mobile Transfer ticket,3,1,EUR,JPY,10990.0,EUR,"https://img.vggcdn.net/img/vfsimage2/812551/594_122797/0.jpg?im=Resize=(500,271)&v=771",an hour ago,8,False,False,False,False,Hg4qpTIcktleXtIiMQBbIt%2f8lBDzS6WTownI5T1umRk%3d,False,2026-07-18T04:51:47.7200000Z,False,False,False,False,False,False,0,False,,,False,False,False,False,0,False,False,0,13388880123,False,857E9DDA-0138-44E5-8D80-BF47051D44FD,False,False,True,4,7.690666718244124,1.15347682,,,,,,,,"[{'message': 'Great Value', 'qualifier': 'Based on price, view, seat quality and more', 'hasValue': True, 'messageType': 'ValueBased'}, {'message': 'Popular Pick', 'qualifier': '15 tickets sold for this event', 'hasValue': True, 'messageType': 'BoughtInLastHourSocialProofBased'}]",[],,,"¥2,849,029",22.0,"¥618,403",,,,,,,
13388880113,153020449,126,122797,126,2,39,_,,,,False,False,4,,False,False,"[1, 2, 3, 4]",594,Lower,4,True,"[{'listingNoteId': -1, 'listingNoteContentId': 3338094, 'formattedListingNoteContent': 'Clear view', 'listingNoteTypeId': 3, 'showToBuyer': True, 'hideInMock': False, 'siteAddedListingNote': False, 'aisleListingNoteWithSplit': False, 'listingNoteDescriptionContentId': 3338095, 'formattedListingNoteDescription': ""You'll have an unrestricted view of the show.""}]","[{'listingNoteBucketId': 27, 'formattedListingNoteContent': 'Clear view', 'displayOrder': 8, 'showsRawNoteText': True, 'sourceListingNoteId': -1}]",2112797,False,False,Row 39,False,2230626,"¥2,230,626","¥2,230,626",10,Mobile Transfer ticket,3,1,EUR,JPY,10990.0,EUR,"https://img.vggcdn.net/img/vfsimage2/812551/594_122797/0.jpg?im=Resize=(500,271)&v=771",an hour ago,8,False,False,False,False,Hg4qpTIcktleXtIiMQBbIt%2f8lBDzS6WTownI5T1umRk%3d,False,2026-07-18T04:51:47.6800000Z,False,False,False,False,False,False,0,False,,,False,False,False,False,0,False,False,0,13388880113,False,167D1863-1E59-4FEE-AC03-FA4E5E87A65D,False,False,True,4,7.5823797693517765,1.138474821,,,,,,,,"[{'message': 'Great Value', 'qualifier': 'Based on price, view, seat quality and more', 'hasValue': True, 'messageType': 'ValueBased'}, {'message': 'Popular Pick', 'qualifier': '15 tickets sold for this event', 'hasValue': True, 'messageType': 'BoughtInLastHourSocialProofBased'}]",[],,,"¥2,849,029",22.0,"¥618,403",,,,,,,
13388880117,153020449,126,122797,126,2,42,_,,,,False,False,4,,False,False,"[1, 2, 3, 4]",594,Lower,4,True,"[{'listingNoteId': -1, 'listingNoteContentId': 3338094, 'formattedListingNoteContent': 'Clear view', 'listingNoteTypeId': 3, 'showToBuyer': True, 'hideInMock': False, 'siteAddedListingNote': False, 'aisleListingNoteWithSplit': False, 'listingNoteDescriptionContentId': 3338095, 'formattedListingNoteDescription': ""You'll have an unrestricted view of the show.""}]","[{'listingNoteBucketId': 27, 'formattedListingNoteContent': 'Clear view', 'displayOrder': 8, 'showsRawNoteText': True, 'sourceListingNoteId': -1}]",2112801,False,False,Row 42,False,2230626,"¥2,230,626","¥2,230,626",10,Mobile Transfer ticket,3,1,EUR,JPY,10990.0,EUR,"https://img.vggcdn.net/img/vfsimage2/812551/594_122797/0.jpg?im=Resize=(500,271)&v=771",an hour ago,7,False,False,False,False,Hg4qpTIcktleXtIiMQBbIt%2f8lBDzS6WTownI5T1umRk%3d,False,2026-07-18T04:51:47.6930000Z,False,False,False,False,False,False,0,False,,,False,False,False,False,0,False,False,0,13388880117,False,64678EE5-9DF0-4046-9956-F21402387606,False,False,True,4,7.2481995474731455,1.094543145,,,,,,,,"[{'message': 'Great Value', 'qualifier': 'Based on price, view, seat quality and more', 'hasValue': True, 'messageType': 'ValueBased'}, {'message': 'Popular Pick', 'qualifier': '15 tickets sold for this event', 'hasValue': True, 'messageType': 'BoughtInLastHourSocialProofBased'}]",[],,,"¥2,849,029",22.0,"¥618,403",,,,,,,
13388880116,153020449,126,122797,126,2,43,_,,,,False,False,4,,False,False,"[1, 2, 3, 4]",594,Lower,4,True,"[{'listingNoteId': -1, 'listingNoteContentId': 3338094, 'formattedListingNoteContent': 'Clear view', 'listingNoteTypeId': 3, 'showToBuyer': True, 'hideInMock': False, 'siteAddedListingNote': False, 'aisleListingNoteWithSplit': False, 'listingNoteDescriptionContentId': 3338095, 'formattedListingNoteDescription': ""You'll have an unrestricted view of the show.""}]","[{'listingNoteBucketId': 27, 'formattedListingNoteContent': 'Clear view', 'displayOrder': 8, 'showsRawNoteText': True, 'sourceListingNoteId': -1}]",2112802,False,False,Row 43,False,2230626,"¥2,230,626","¥2,230,626",10,Mobile Transfer ticket,3,1,EUR,JPY,10990.0,EUR,"https://img.vggcdn.net/img/vfsimage2/812551/594_122797/0.jpg?im=Resize=(500,271)&v=771",an hour ago,7,False,False,False,False,Hg4qpTIcktleXtIiMQBbIt%2f8lBDzS6WTownI5T1umRk%3d,False,2026-07-18T04:51:47.6900000Z,False,False,False,False,False,False,0,False,,,False,False,False,False,0,False,False,0,13388880116,False,551080CF-B079-4D59-AF5D-7B35810D8F7A,False,False,True,4,7.133615676173254,1.080250209,,,,,,,,"[{'message': 'Great Value', 'qualifier': 'Based on price, view, seat quality and more', 'hasValue': True, 'messageType': 'ValueBased'}, {'message': 'Popular Pick', 'qualifier': '15 tickets sold for this event', 'hasValue': True, 'messageType': 'BoughtInLastHourSocialProofBased'}]",[],,,"¥2,849,029",22.0,"¥618,403",,,,,,,
13388880120,153020449,126,122797,126,2,45,_,,,,False,False,4,,False,False,"[1, 2, 3, 4]",594,Lower,4,True,"[{'listingNoteId': -1, 'listingNoteContentId': 3338094, 'formattedListingNoteContent': 'Clear view', 'listingNoteTypeId': 3, 'showToBuyer': True, 'hideInMock': False, 'siteAddedListingNote': False, 'aisleListingNoteWithSplit': False, 'listingNoteDescriptionContentId': 3338095, 'formattedListingNoteDescription': ""You'll have an unrestricted view of the show.""}]","[{'listingNoteBucketId': 27, 'formattedListingNoteContent': 'Clear view', 'displayOrder': 8, 'showsRawNoteText': True, 'sourceListingNoteId': -1}]",2112804,False,False,Row 45,False,2230626,"¥2,230,626","¥2,230,626",10,Mobile Transfer ticket,3,1,EUR,JPY,10990.0,EUR,"https://img.vggcdn.net/img/vfsimage2/812551/594_122797/0.jpg?im=Resize=(500,271)&v=771",an hour ago,7,False,False,False,False,Hg4qpTIcktleXtIiMQBbIt%2f8lBDzS6WTownI5T1umRk%3d,False,2026-07-18T04:51:47.7200000Z,False,False,False,False,False,False,0,False,,,False,False,False,False,0,False,False,0,13388880120,False,271C31BC-408B-43CD-AE73-6643FFFE8C95,False,False,True,3,6.919582176382913,1.052178167,,,,,,,,"[{'message': 'Popular Pick', 'qualifier': '15 tickets sold for this event', 'hasValue': True, 'messageType': 'BoughtInLastHourSocialProofBased'}]",[],,,"¥2,849,029",22.0,"¥618,403",,,,,,,
13388880118,153020449,126,122797,126,2,46,_,,,,False,False,4,,False,False,"[1, 2, 3, 4]",594,Lower,4,True,"[{'listingNoteId': -1, 'listingNoteContentId': 3338094, 'formattedListingNoteContent': 'Clear view', 'listingNoteTypeId': 3, 'showToBuyer': True, 'hideInMock': False, 'siteAddedListingNote': False, 'aisleListingNoteWithSplit': False, 'listingNoteDescriptionContentId': 3338095, 'formattedListingNoteDescription': ""You'll have an unrestricted view of the show.""}]","[{'listingNoteBucketId': 27, 'formattedListingNoteContent': 'Clear view', 'displayOrder': 8, 'showsRawNoteText': True, 'sourceListingNoteId': -1}]",2112805,False,False,Row 46,False,2230626,"¥2,230,626","¥2,230,626",10,Mobile Transfer ticket,3,1,EUR,JPY,10990.0,EUR,"https://img.vggcdn.net/img/vfsimage2/812551/594_122797/0.jpg?im=Resize=(500,271)&v=771",an hour ago,7,False,False,False,False,Hg4qpTIcktleXtIiMQBbIt%2f8lBDzS6WTownI5T1umRk%3d,False,2026-07-18T04:51:47.7030000Z,False,False,False,False,False,False,0,False,,,False,False,False,False,0,False,False,0,13388880118,False,864A320E-F03B-42D9-A530-7AF749255464,False,False,True,3,6.816194073876052,1.038394948,,,,,,,,"[{'message': 'Popular Pick', 'qualifier': '15 tickets sold for this event', 'hasValue': True, 'messageType': 'BoughtInLastHourSocialProofBased'}]",[],,,"¥2,849,029",22.0,"¥618,403",,,,,,,
13375642950,153020449,Argentina Supporters,2449432,Argentina Supporters,3,,_,,,,False,False,2,,False,False,"[1, 2]",36868,Argentina Supporters,2,True,"[{'listingNoteId': -1, 'listingNoteContentId': 3338094, 'formattedListingNoteContent': 'Clear view', 'listingNoteTypeId': 3, 'showToBuyer': True, 'hideInMock': False, 'siteAddedListingNote': False, 'aisleListingNoteWithSplit': False, 'listingNoteDescriptionContentId': 3338095, 'formattedListingNoteDescription': ""You'll have an unrestricted view of the show.""}]","[{'listingNoteBucketId': 27, 'formattedListingNoteContent': 'Clear view', 'displayOrder': 8, 'showsRawNoteText': True, 'sourceListingNoteId': -1}]",4849984,False,False,Row,True,2230626,"¥2,230,626","¥2,230,626",10,Mobile Transfer ticket,3,1,EUR,JPY,1000.0,EUR,"https://img.vggcdn.net/img/vfsimage2/812551/36868_2449432/0.jpg?im=Resize=(500,271)&v=771",yesterday,0,False,False,True,True,R3Ot6TLQGRnNyQ0I%2bawptbpUuL7C2FIeDnOAA74O7Wc%3d,False,2026-07-16T19:32:05.2900000Z,False,False,False,False,False,False,0,False,[7],,False,False,False,False,0,False,False,0,13375642950,False,E2A50D29-D709-4BAA-8D42-066CDFB9088F,False,False,True,0,,,,,,,,,,"[{'message': 'Popular Pick', 'qualifier': '15 tickets sold for this event', 'hasValue': True, 'messageType': 'BoughtInLastHourSocialProofBased'}]",[],Last tickets,True,,,,,,,,,,
13387921172,153020449,227A,1530787,227A,2,9,_,,,,False,False,1,,False,False,[1],471,Middle,1,True,"[{'listingNoteId': -1, 'listingNoteContentId': 3338094, 'formattedListingNoteContent': 'Clear view', 'listingNoteTypeId': 3, 'showToBuyer': True, 'hideInMock': False, 'siteAddedListingNote': False, 'aisleListingNoteWithSplit': False, 'listingNoteDescriptionContentId': 3338095, 'formattedListingNoteDescription': ""You'll have an unrestricted view of the show.""}]","[{'listingNoteBucketId': 27, 'formattedListingNoteContent': 'Clear view', 'displayOrder': 8, 'showsRawNoteText': True, 'sourceListingNoteId': -1}]",1593637,False,False,Row 9,False,2235711,"¥2,235,711","¥2,235,711",10,Mobile Transfer ticket,3,1,USD,JPY,7380.0,USD,"https://img.vggcdn.net/img/vfsimage2/812551/471_1530787/0.jpg?im=Resize=(500,271)&v=771",4 hours ago,8,False,False,False,False,MKUzheSHDoUEFpGAcf40xaAL4D%2bkOq68WSzjT96YN6g%3d,False,2026-07-18T01:23:34.2070000Z,False,False,False,False,False,False,0,False,,,False,False,False,False,0,False,False,0,13387921172,False,B22FEFFB-C67B-464B-A070-911B8F61422E,False,False,True,4,7.987900333582889,1.199491418,,,,,,,,"[{'message': 'Great Value', 'qualifier': 'Based on price, view, seat quality and more', 'hasValue': True, 'messageType': 'ValueBased'}, {'message': 'Popular Pick', 'qualifier': '15 tickets sold for this event', 'hasValue': True, 'messageType': 'BoughtInLastHourSocialProofBased'}]",[],,,,,,,,,,,,
13303441840,153020449,228B,1530790,228B,2,8,22_23,,,22,False,False,2,,False,False,"[1, 2]",471,Middle,2,True,"[{'listingNoteId': -1, 'listingNoteContentId': 3338094, 'formattedListingNoteContent': 'Clear view', 'listingNoteTypeId': 3, 'showToBuyer': True, 'hideInMock': False, 'siteAddedListingNote': False, 'aisleListingNoteWithSplit': False, 'listingNoteDescriptionContentId': 3338095, 'formattedListingNoteDescription': ""You'll have an unrestricted view of the show.""}]","[{'listingNoteBucketId': 27, 'formattedListingNoteContent': 'Clear view', 'displayOrder': 8, 'showsRawNoteText': True, 'sourceListingNoteId': -1}]",2113518,False,False,Row 8,False,2242339,"¥2,242,339","¥2,242,339",10,Mobile Transfer ticket,3,1,USD,JPY,500.0,USD,"https://img.vggcdn.net/img/vfsimage2/812551/471_1530790/0.jpg?im=Resize=(500,271)&v=771",8 days ago,6,False,False,False,False,IKEGJ3U41I5Eu8jBhIdr0HfmgoCJD0vmUYz9k1fmFdk%3d,False,2026-07-09T15:50:11.5470000Z,False,False,False,False,False,False,0,False,,,False,False,False,False,0,False,False,0,13303441840,False,430D2176-CF64-4799-88C6-EC5F3A6C16C4,False,False,True,3,6.405771747235551,0.9922490341,,,,,,,,"[{'message': 'Popular Pick', 'qualifier': '15 tickets sold for this event', 'hasValue': True, 'messageType': 'BoughtInLastHourSocialProofBased'}]",[],,,,,,,,,,,,
13378382362,153020449,334,122927,334,2,5,15_15,15,15,15,False,False,1,,False,False,[1],407,Upper,1,True,"[{'listingNoteId': -1, 'listingNoteContentId': 3338094, 'formattedListingNoteContent': 'Clear view', 'listingNoteTypeId': 3, 'showToBuyer': True, 'hideInMock': False, 'siteAddedListingNote': False, 'aisleListingNoteWithSplit': False, 'listingNoteDescriptionContentId': 3338095, 'formattedListingNoteDescription': ""You'll have an unrestricted view of the show.""}]","[{'listingNoteBucketId': 27, 'formattedListingNoteContent': 'Clear view', 'displayOrder': 8, 'showsRawNoteText': True, 'sourceListingNoteId': -1}]",704248,False,False,Row 5,False,2260801,"¥2,260,801","¥2,260,801",10,Mobile Transfer ticket,3,1,USD,JPY,7380.0,USD,"https://img.vggcdn.net/img/vfsimage2/812551/407_122927/0.jpg?im=Resize=(500,271)&v=771",yesterday,6,False,False,False,False,ILFzjXElhDdaRPjqrdnoZ7jzkh74MOvwiCJAfRTkTPc%3d,False,2026-07-17T01:01:47.1300000Z,False,False,False,True,False,False,0,False,[6],,False,False,False,False,0,False,False,0,13378382362,False,A9AE50D1-E50D-4B97-BF85-251E61D0AFF9,False,False,True,3,5.803976703416524,0.9328089726,Fan favorite,This section is in the top 10% of sections for this event when ranked based on a count of successful sales over the past 7 days on our site,True,,,,,"[{'message': 'Popular Pick', 'qualifier': '15 tickets sold for this event', 'hasValue': True, 'messageType': 'BoughtInLastHourSocialProofBased'}]",[],,,,,,,,,,,,
13388384380,153020449,227A,1530787,227A,2,8,_,,,,False,False,4,,False,False,"[1, 2, 4]",471,Middle,4,True,"[{'listingNoteId': -1, 'listingNoteContentId': 3338094, 'formattedListingNoteContent': 'Clear view', 'listingNoteTypeId': 3, 'showToBuyer': True, 'hideInMock': False, 'siteAddedListingNote': False, 'aisleListingNoteWithSplit': False, 'listingNoteDescriptionContentId': 3338095, 'formattedListingNoteDescription': ""You'll have an unrestricted view of the show.""}]","[{'listingNoteBucketId': 27, 'formattedListingNoteContent': 'Clear view', 'displayOrder': 8, 'showsRawNoteText': True, 'sourceListingNoteId': -1}]",1593636,False,False,Row 8,False,2273729,"¥2,273,729","¥2,273,729",10,Mobile Transfer ticket,3,1,USD,JPY,7380.0,USD,"https://img.vggcdn.net/img/vfsimage2/812551/471_1530787/0.jpg?im=Resize=(500,271)&v=771",2 hours ago,8,False,False,False,False,xb5LAKV5qV9osiY4wtaVAN3JFxiVy5qp8UXSASV7WYc%3d,False,2026-07-18T03:19:44.3100000Z,False,False,False,False,False,False,0,False,,,False,False,False,False,0,False,False,0,13388384380,False,CF17DD69-A7F2-4B31-935A-52B5BD424E38,False,False,True,4,8.094607414534131,1.236552798,,,,,,,,"[{'message': 'Great Value', 'qualifier': 'Based on price, view, seat quality and more', 'hasValue': True, 'messageType': 'ValueBased'}, {'message': 'Popular Pick', 'qualifier': '15 tickets sold for this event', 'hasValue': True, 'messageType': 'BoughtInLastHourSocialProofBased'}]",[],,,,,,,,,,,,
13321902226,153020449,344,122937,344,2,3,13_13,13,13,13,False,False,1,,False,False,[1],478,Loge,1,True,"[{'listingNoteId': -1, 'listingNoteContentId': 3338094, 'formattedListingNoteContent': 'Clear view', 'listingNoteTypeId': 3, 'showToBuyer': True, 'hideInMock': False, 'siteAddedListingNote': False, 'aisleListingNoteWithSplit': False, 'listingNoteDescriptionContentId': 3338095, 'formattedListingNoteDescription': ""You'll have an unrestricted view of the show.""}]","[{'listingNoteBucketId': 27, 'formattedListingNoteContent': 'Clear view', 'displayOrder': 8, 'showsRawNoteText': True, 'sourceListingNoteId': -1}]",1591267,False,False,Row 3,False,2279750,"¥2,279,750","¥2,279,750",10,Mobile Transfer ticket,3,1,USD,JPY,,USD,"https://img.vggcdn.net/img/vfsimage2/812551/478_122937/0.jpg?im=Resize=(500,271)&v=771",7 days ago,5,False,False,False,False,7ByhPC%2fbL%2f7Tnuj6aOWue0gqPFPwR8hxtno5vAaJ%2b2k%3d,False,2026-07-11T01:59:46.4600000Z,False,False,False,False,False,False,0,False,,,False,False,False,False,0,False,False,0,13321902226,False,00FEC6CC-3F78-43C4-8530-44AE07031FBA,False,False,True,3,5.111327531383292,0.8727423851,,,,,,,,"[{'message': 'Popular Pick', 'qualifier': '15 tickets sold for this event', 'hasValue': True, 'messageType': 'BoughtInLastHourSocialProofBased'}]",[],,,"¥3,222,495",29.0,"¥942,745",,,,,,,
13285866325,153020449,323,122916,323,2,5,19_19,19,19,19,False,False,1,,False,False,[1],407,Upper,1,True,"[{'listingNoteId': 811, 'listingNoteContentId': 2446054, 'formattedListingNoteContent': 'Actual 1st row of the section', 'listingNoteTypeId': 3, 'showToBuyer': True, 'hideInMock': False, 'siteAddedListingNote': False, 'aisleListingNoteWithSplit': False, 'listingNoteDescriptionContentId': 2446055, 'formattedListingNoteDescription': 'Actual 1st row of the section'}, {'listingNoteId': -1, 'listingNoteContentId': 3338094, 'formattedListingNoteContent': 'Clear view', 'listingNoteTypeId': 3, 'showToBuyer': True, 'hideInMock': False, 'siteAddedListingNote': False, 'aisleListingNoteWithSplit': False, 'listingNoteDescriptionContentId': 3338095, 'formattedListingNoteDescription': ""You'll have an unrestricted view of the show.""}]","[{'listingNoteBucketId': 0, 'formattedListingNoteContent': 'Actual 1st row of the section', 'displayOrder': 30, 'showsRawNoteText': True, 'sourceListingNoteId': 811}, {'listingNoteBucketId': 27, 'formattedListingNoteContent': 'Clear view', 'displayOrder': 8, 'showsRawNoteText': True, 'sourceListingNoteId': -1}]",2113770,False,False,Row 5,False,2281153,"¥2,281,153","¥2,281,153",10,Mobile Transfer ticket,3,1,USD,JPY,,USD,"https://img.vggcdn.net/img/vfsimage2/812551/407_122916/0.jpg?im=Resize=(500,271)&v=771",9 days ago,5,False,False,False,False,87dPHZm%2baJOkesQSkmhNg3KyKaQn3Fqud5h7dPC67FM%3d,False,2026-07-08T14:20:34.4970000Z,False,False,False,False,False,False,0,False,[7],,False,False,False,False,0,False,False,0,13285866325,False,932684DC-5B59-4DC9-A275-7767C637E1E7,False,False,True,2,4.5167221779126905,0.8004422494,,,,,,,,"[{'message': 'Popular Pick', 'qualifier': '15 tickets sold for this event', 'hasValue': True, 'messageType': 'BoughtInLastHourSocialProofBased'}, {'message': 'Front Row', 'qualifier': 'Best seats in the house', 'hasValue': True, 'messageType': 'FirstRowTicketAttributeBased'}]",[811],Last ticket,True,,,,,,,,,,
13342605089,153020449,104,122784,104,2,23,17_17,17,17,17,False,False,1,,False,False,[1],594,Lower,1,True,"[{'listingNoteId': -1, 'listingNoteContentId': 3338094, 'formattedListingNoteContent': 'Clear view', 'listingNoteTypeId': 3, 'showToBuyer': True, 'hideInMock': False, 'siteAddedListingNote': False, 'aisleListingNoteWithSplit': False, 'listingNoteDescriptionContentId': 3338095, 'formattedListingNoteDescription': ""You'll have an unrestricted view of the show.""}]","[{'listingNoteBucketId': 27, 'formattedListingNoteContent': 'Clear view', 'displayOrder': 8, 'showsRawNoteText': True, 'sourceListingNoteId': -1}]",2112174,False,False,Row 23,False,2281329,"¥2,281,329","¥2,281,329",10,Mobile Transfer ticket,3,1,USD,JPY,,USD,"https://img.vggcdn.net/img/vfsimage2/812551/594_122784/0.jpg?im=Resize=(500,271)&v=771",4 days ago,8,False,False,False,False,ILFzjXElhDdaRPjqrdnoZ7jzkh74MOvwiCJAfRTkTPc%3d,False,2026-07-13T07:40:57.6000000Z,False,False,False,True,False,False,0,False,[6],,False,False,False,False,0,False,False,0,13342605089,False,3A5F446D-149F-4114-8534-91BA8DB9CAD5,False,False,True,4,8.323170329909681,1.27807123,Fan favorite,This section is in the top 10% of sections for this event when ranked based on a count of successful sales over the past 7 days on our site,True,,,,,"[{'message': 'Great Value', 'qualifier': 'Based on price, view, seat quality and more', 'hasValue': True, 'messageType': 'ValueBased'}, {'message': 'Popular Pick', 'qualifier': '15 tickets sold for this event', 'hasValue': True, 'messageType': 'BoughtInLastHourSocialProofBased'}]",[],,,,,,,,,,,,
13371549949,153020449,103,122783,103,2,42,26_26,26,26,26,False,False,1,,False,False,[1],594,Lower,1,True,"[{'listingNoteId': -1, 'listingNoteContentId': 3338094, 'formattedListingNoteContent': 'Clear view', 'listingNoteTypeId': 3, 'showToBuyer': True, 'hideInMock': False, 'siteAddedListingNote': False, 'aisleListingNoteWithSplit': False, 'listingNoteDescriptionContentId': 3338095, 'formattedListingNoteDescription': ""You'll have an unrestricted view of the show.""}]","[{'listingNoteBucketId': 27, 'formattedListingNoteContent': 'Clear view', 'displayOrder': 8, 'showsRawNoteText': True, 'sourceListingNoteId': -1}]",2112146,False,False,Row 42,False,2297899,"¥2,297,899","¥2,297,899",10,Mobile Transfer ticket,3,1,USD,JPY,43960.0,USD,"https://img.vggcdn.net/img/vfsimage2/812551/594_122783/0.jpg?im=Resize=(500,271)&v=771",yesterday,6,False,False,False,False,lsJ%2fwRSPOBxfn5NX8E1DeO%2ffcNQoN8EfpS3nzezqBJY%3d,False,2026-07-16T12:05:13.9130000Z,False,False,False,True,False,False,0,False,[6],,False,False,False,False,0,False,False,0,13371549949,False,476F12D1-4893-4A07-B00F-05B9CC4CBA25,False,False,True,3,5.947538631117971,0.9636554046,Fan favorite,This section is in the top 10% of sections for this event when ranked based on a count of successful sales over the past 7 days on our site,True,,,,,"[{'message': 'Popular Pick', 'qualifier': '15 tickets sold for this event', 'hasValue': True, 'messageType': 'BoughtInLastHourSocialProofBased'}]",[],,,,,,,,,,,,
13383685186,153020449,104,122784,104,2,22,19_19,19,19,19,False,False,1,,False,False,[1],594,Lower,1,True,"[{'listingNoteId': -1, 'listingNoteContentId': 3338094, 'formattedListingNoteContent': 'Clear view', 'listingNoteTypeId': 3, 'showToBuyer': True, 'hideInMock': False, 'siteAddedListingNote': False, 'aisleListingNoteWithSplit': False, 'listingNoteDescriptionContentId': 3338095, 'formattedListingNoteDescription': ""You'll have an unrestricted view of the show.""}]","[{'listingNoteBucketId': 27, 'formattedListingNoteContent': 'Clear view', 'displayOrder': 8, 'showsRawNoteText': True, 'sourceListingNoteId': -1}]",2112173,False,False,Row 22,False,2298874,"¥2,298,874","¥2,298,874",10,Mobile Transfer ticket,3,1,USD,JPY,,USD,"https://img.vggcdn.net/img/vfsimage2/812551/594_122784/0.jpg?im=Resize=(500,271)&v=771",14 hours ago,8,False,False,False,False,vwnRWULrZ6y8P%2fram2maD8pEuvdsXeSBSZvnzfnaXtw%3d,False,2026-07-17T15:39:16.9800000Z,False,False,False,True,False,False,0,False,[6],,False,False,False,False,0,False,False,0,13383685186,False,B0B16F63-173B-43EF-AF23-82F9C2FF4820,False,False,True,4,8.351837339050894,1.292788402,Fan favorite,This section is in the top 10% of sections for this event when ranked based on a count of successful sales over the past 7 days on our site,True,,,,,"[{'message': 'Great Value', 'qualifier': 'Based on price, view, seat quality and more', 'hasValue': True, 'messageType': 'ValueBased'}, {'message': 'Popular Pick', 'qualifier': '15 tickets sold for this event', 'hasValue': True, 'messageType': 'BoughtInLastHourSocialProofBased'}]",[],,,,,,,,,,,,
13386278732,153020449,342,122935,342,2,15,_,,,,False,False,4,,False,False,"[1, 2, 3, 4]",407,Upper,4,True,"[{'listingNoteId': -1, 'listingNoteContentId': 3338094, 'formattedListingNoteContent': 'Clear view', 'listingNoteTypeId': 3, 'showToBuyer': True, 'hideInMock': False, 'siteAddedListingNote': False, 'aisleListingNoteWithSplit': False, 'listingNoteDescriptionContentId': 3338095, 'formattedListingNoteDescription': ""You'll have an unrestricted view of the show.""}]","[{'listingNoteBucketId': 27, 'formattedListingNoteContent': 'Clear view', 'displayOrder': 8, 'showsRawNoteText': True, 'sourceListingNoteId': -1}]",704431,False,False,Row 15,False,2300190,"¥2,300,190","¥2,300,190",10,Mobile Transfer ticket,3,1,USD,JPY,0.0,USD,"https://img.vggcdn.net/img/vfsimage2/812551/407_122935/0.jpg?im=Resize=(500,271)&v=771",8 hours ago,4,False,False,False,False,qT3%2fnuY05JL53EwOwvUhvrbw%2fW3QaTBalSVm3ReVGU8%3d,False,2026-07-17T21:10:46.7230000Z,False,False,False,False,False,False,0,False,,,False,False,False,False,0,False,False,0,13386278732,False,D262E141-328A-4183-BC71-967511D80CDB,False,False,True,2,4.454542102250735,0.7997160059,,,,,,,,"[{'message': 'Popular Pick', 'qualifier': '15 tickets sold for this event', 'hasValue': True, 'messageType': 'BoughtInLastHourSocialProofBased'}]",[],,,,,,,,,,,,
13388297534,153020449,126,122797,126,2,28,_,,,,False,False,4,,False,False,"[1, 2, 4]",594,Lower,4,True,"[{'listingNoteId': -1, 'listingNoteContentId': 3338094, 'formattedListingNoteContent': 'Clear view', 'listingNoteTypeId': 3, 'showToBuyer': True, 'hideInMock': False, 'siteAddedListingNote': False, 'aisleListingNoteWithSplit': False, 'listingNoteDescriptionContentId': 3338095, 'formattedListingNoteDescription': ""You'll have an unrestricted view of the show.""}]","[{'listingNoteBucketId': 27, 'formattedListingNoteContent': 'Clear view', 'displayOrder': 8, 'showsRawNoteText': True, 'sourceListingNoteId': -1}]",2112785,False,False,Row 28,False,2311939,"¥2,311,939","¥2,311,939",10,Mobile Transfer ticket,3,1,USD,JPY,10990.0,USD,"https://img.vggcdn.net/img/vfsimage2/812551/594_122797/0.jpg?im=Resize=(500,271)&v=771",3 hours ago,8,False,False,False,False,HoxdJYYb3wy0IJ4HZ1AToQQv05VxxL3AOhYgwcZXxqo%3d,False,2026-07-18T02:54:37.6200000Z,False,False,False,False,False,False,0,False,,,False,False,False,False,0,False,False,0,13388297534,False,A103AD14-4646-491B-90F6-9D9BD9C29BD7,False,False,True,4,8.431110356426668,1.313921268,,,,,,,,"[{'message': 'Great Value', 'qualifier': 'Based on price, view, seat quality and more', 'hasValue': True, 'messageType': 'ValueBased'}, {'message': 'Popular Pick', 'qualifier': '15 tickets sold for this event', 'hasValue': True, 'messageType': 'BoughtInLastHourSocialProofBased'}]",[],,,,,,,,,,,,
13388059882,153020449,109,122787,109,2,27,_,,,,False,False,1,,False,False,[1],594,Lower,1,True,"[{'listingNoteId': -1, 'listingNoteContentId': 3338094, 'formattedListingNoteContent': 'Clear view', 'listingNoteTypeId': 3, 'showToBuyer': True, 'hideInMock': False, 'siteAddedListingNote': False, 'aisleListingNoteWithSplit': False, 'listingNoteDescriptionContentId': 3338095, 'formattedListingNoteDescription': ""You'll have an unrestricted view of the show.""}]","[{'listingNoteBucketId': 27, 'formattedListingNoteContent': 'Clear view', 'displayOrder': 8, 'showsRawNoteText': True, 'sourceListingNoteId': -1}]",2112305,False,False,Row 27,False,2329578,"¥2,329,578","¥2,329,578",10,Mobile Transfer ticket,3,1,USD,JPY,14500.0,USD,"https://img.vggcdn.net/img/vfsimage2/812551/594_122787/0.jpg?im=Resize=(500,271)&v=771",4 hours ago,8,False,False,False,False,3%2bhMx7RadT58AC2PPB8Go7C6BExCEhxX2P601s2ytfQ%3d,False,2026-07-18T01:52:32.0070000Z,False,False,False,False,False,False,0,False,,,False,False,False,False,0,False,False,0,13388059882,False,9694A5D0-EE03-4853-B10E-7B3673FCE5D1,False,False,True,4,8.138757306061448,1.274130508,,,,,,,,"[{'message': 'Great Value', 'qualifier': 'Based on price, view, seat quality and more', 'hasValue': True, 'messageType': 'ValueBased'}, {'message': 'Popular Pick', 'qualifier': '15 tickets sold for this event', 'hasValue': True, 'messageType': 'BoughtInLastHourSocialProofBased'}]",[],,,,,,,,,,,,
13387843153,153020449,108,122786,108,2,24,7_7,,,7,False,False,1,,False,False,[1],594,Lower,1,True,"[{'listingNoteId': -1, 'listingNoteContentId': 3338094, 'formattedListingNoteContent': 'Clear view', 'listingNoteTypeId': 3, 'showToBuyer': True, 'hideInMock': False, 'siteAddedListingNote': False, 'aisleListingNoteWithSplit': False, 'listingNoteDescriptionContentId': 3338095, 'formattedListingNoteDescription': ""You'll have an unrestricted view of the show.""}]","[{'listingNoteBucketId': 27, 'formattedListingNoteContent': 'Clear view', 'displayOrder': 8, 'showsRawNoteText': True, 'sourceListingNoteId': -1}]",2112267,False,False,Row 24,False,2331846,"¥2,331,846","¥2,331,846",10,Mobile Transfer ticket,3,14,USD,JPY,0.0,USD,"https://img.vggcdn.net/img/vfsimage2/812551/594_122786/0.jpg?im=Resize=(500,271)&v=771",4 hours ago,9,False,False,False,False,ugtGTADjzPSiNDVPFnzwKMK8K%2fyUDFHpFjF84rychu8%3d,False,2026-07-18T01:09:14.2930000Z,False,False,False,False,False,False,0,False,,,False,False,False,False,0,False,False,0,13387843153,False,C7916A15-0ED7-45A1-8CFC-539AD80E6DA5,False,False,True,5,8.713613661685576,1.400233682,,,,,,,,"[{'message': 'Amazing Value', 'qualifier': 'Based on price, view, seat quality and more', 'hasValue': True, 'messageType': 'ValueBased'}, {'message': 'Popular Pick', 'qualifier': '15 tickets sold for this event', 'hasValue': True, 'messageType': 'BoughtInLastHourSocialProofBased'}]",[],,,,,,,,,,,,
13241131825,153020449,124,122796,124,2,40,16_18,,,16,False,False,3,,False,False,"[1, 3]",594,Lower,3,True,"[{'listingNoteId': -1, 'listingNoteContentId': 3338094, 'formattedListingNoteContent': 'Clear view', 'listingNoteTypeId': 3, 'showToBuyer': True, 'hideInMock': False, 'siteAddedListingNote': False, 'aisleListingNoteWithSplit': False, 'listingNoteDescriptionContentId': 3338095, 'formattedListingNoteDescription': ""You'll have an unrestricted view of the show.""}]","[{'listingNoteBucketId': 27, 'formattedListingNoteContent': 'Clear view', 'displayOrder': 8, 'showsRawNoteText': True, 'sourceListingNoteId': -1}]",2112750,False,False,Row 40,False,2342135,"¥2,342,135","¥2,342,135",10,Mobile Transfer ticket,3,1,EUR,JPY,10000.0,EUR,"https://img.vggcdn.net/img/vfsimage2/812551/594_122796/0.jpg?im=Resize=(500,271)&v=771",13 days ago,6,False,False,False,False,1Rw4uIgvlfXIc7db8cCNjGkeXhl3nHfD9XKQ3nj%2beyw%3d,False,2026-07-04T10:47:03.3870000Z,False,False,False,False,False,False,0,False,,,False,False,False,False,0,False,False,0,13241131825,False,D31CEB51-D6FF-48BE-A655-31D835C2ABAC,False,False,True,3,6.434070878872275,1.039963115,,,,,,,,"[{'message': 'Popular Pick', 'qualifier': '15 tickets sold for this event', 'hasValue': True, 'messageType': 'BoughtInLastHourSocialProofBased'}]",[],,,"¥4,122,908",43.0,"¥1,780,773",,,,,,,
13380219291,153020449,146,122810,146,2,16,15_15,15,15,15,False,False,1,,False,False,[1],594,Lower,1,True,"[{'listingNoteId': -1, 'listingNoteContentId': 3338094, 'formattedListingNoteContent': 'Clear view', 'listingNoteTypeId': 3, 'showToBuyer': True, 'hideInMock': False, 'siteAddedListingNote': False, 'aisleListingNoteWithSplit': False, 'listingNoteDescriptionContentId': 3338095, 'formattedListingNoteDescription': ""You'll have an unrestricted view of the show.""}]","[{'listingNoteBucketId': 27, 'formattedListingNoteContent': 'Clear view', 'displayOrder': 8, 'showsRawNoteText': True, 'sourceListingNoteId': -1}]",2113238,False,False,Row 16,False,2349404,"¥2,349,404","¥2,349,404",10,Mobile Transfer ticket,3,1,USD,JPY,17000.0,USD,"https://img.vggcdn.net/img/vfsimage2/812551/594_122810/0.jpg?im=Resize=(500,271)&v=771",yesterday,8,False,False,False,False,AciI0J2PvGRPfVdxMi4%2fRyhCGyuOzn%2ff6ev%2fPv2Lcds%3d,False,2026-07-17T04:59:22.1400000Z,False,False,False,False,False,False,0,False,[7],,False,False,False,False,0,False,False,0,13380219291,False,681C2B13-8C1D-44AD-98F5-A325F314B7D1,False,False,True,4,8.361241663102351,1.32285662,,,,,,,,"[{'message': 'Great Value', 'qualifier': 'Based on price, view, seat quality and more', 'hasValue': True, 'messageType': 'ValueBased'}, {'message': 'Popular Pick', 'qualifier': '15 tickets sold for this event', 'hasValue': True, 'messageType': 'BoughtInLastHourSocialProofBased'}]",[],Last ticket,True,"¥3,184,571",26.0,"¥835,167",,,,,,,
13388056782,153020449,126,122797,126,2,26,17_20,,,17,False,False,4,,False,False,"[1, 2, 4]",594,Lower,4,True,"[{'listingNoteId': -1, 'listingNoteContentId': 3338094, 'formattedListingNoteContent': 'Clear view', 'listingNoteTypeId': 3, 'showToBuyer': True, 'hideInMock': False, 'siteAddedListingNote': False, 'aisleListingNoteWithSplit': False, 'listingNoteDescriptionContentId': 3338095, 'formattedListingNoteDescription': ""You'll have an unrestricted view of the show.""}]","[{'listingNoteBucketId': 27, 'formattedListingNoteContent': 'Clear view', 'displayOrder': 8, 'showsRawNoteText': True, 'sourceListingNoteId': -1}]",2112783,False,False,Row 26,False,2364191,"¥2,364,191","¥2,364,191",10,Mobile Transfer ticket,3,1,USD,JPY,0.0,USD,"https://img.vggcdn.net/img/vfsimage2/812551/594_122797/0.jpg?im=Resize=(500,271)&v=771",4 hours ago,8,False,False,False,False,MfdFbNeiU%2fkiFQVKPDEFEtYw6CYddJC0myO%2bFao%2bGkE%3d,False,2026-07-18T01:51:16.9700000Z,False,False,False,False,False,False,0,False,,,False,False,False,False,0,False,False,0,13388056782,False,23115009-B1EE-4A3C-9411-A3A17AB70140,False,False,True,4,8.45764189751757,1.348407182,,,,,,,,"[{'message': 'Great Value', 'qualifier': 'Based on price, view, seat quality and more', 'hasValue': True, 'messageType': 'ValueBased'}, {'message': 'Popular Pick', 'qualifier': '15 tickets sold for this event', 'hasValue': True, 'messageType': 'BoughtInLastHourSocialProofBased'}]",[],,,,,,,,,,,,
13387967343,153020449,227A,1530787,227A,2,9,_,,,,False,False,4,,False,False,"[1, 2, 4]",471,Middle,4,True,"[{'listingNoteId': -1, 'listingNoteContentId': 3338094, 'formattedListingNoteContent': 'Clear view', 'listingNoteTypeId': 3, 'showToBuyer': True, 'hideInMock': False, 'siteAddedListingNote': False, 'aisleListingNoteWithSplit': False, 'listingNoteDescriptionContentId': 3338095, 'formattedListingNoteDescription': ""You'll have an unrestricted view of the show.""}]","[{'listingNoteBucketId': 27, 'formattedListingNoteContent': 'Clear view', 'displayOrder': 8, 'showsRawNoteText': True, 'sourceListingNoteId': -1}]",1593637,False,False,Row 9,False,2369445,"¥2,369,445","¥2,369,445",10,Mobile Transfer ticket,3,1,USD,JPY,7380.0,USD,"https://img.vggcdn.net/img/vfsimage2/812551/471_1530787/0.jpg?im=Resize=(500,271)&v=771",4 hours ago,8,False,False,False,False,Ms4timMUIfja1TMtJNvfINrU5Av%2bs9ddF7koSIclW%2fI%3d,False,2026-07-18T01:33:33.9000000Z,False,False,False,False,False,False,0,False,,,False,False,False,False,0,False,False,0,13387967343,False,B7B3E723-DE88-4D84-897C-75BADA25F035,False,False,True,4,7.51402521796285,1.199491418,,,,,,,,"[{'message': 'Great Value', 'qualifier': 'Based on price, view, seat quality and more', 'hasValue': True, 'messageType': 'ValueBased'}, {'message': 'Popular Pick', 'qualifier': '15 tickets sold for this event', 'hasValue': True, 'messageType': 'BoughtInLastHourSocialProofBased'}]",[],,,,,,,,,,,,
13387897175,153020449,149,122812,149,2,13,19_22,,,19,False,False,4,,False,False,"[1, 2, 3, 4]",594,Lower,4,True,"[{'listingNoteId': -1, 'listingNoteContentId': 3338094, 'formattedListingNoteContent': 'Clear view', 'listingNoteTypeId': 3, 'showToBuyer': True, 'hideInMock': False, 'siteAddedListingNote': False, 'aisleListingNoteWithSplit': False, 'listingNoteDescriptionContentId': 3338095, 'formattedListingNoteDescription': ""You'll have an unrestricted view of the show.""}]","[{'listingNoteBucketId': 27, 'formattedListingNoteContent': 'Clear view', 'displayOrder': 8, 'showsRawNoteText': True, 'sourceListingNoteId': -1}]",2113330,False,False,Row 13,False,2386600,"¥2,386,600","¥2,386,600",10,Mobile Transfer ticket,3,1,USD,JPY,10990.0,USD,"https://img.vggcdn.net/img/vfsimage2/812551/594_122812/0.jpg?im=Resize=(500,271)&v=771",4 hours ago,9,False,False,False,False,nyyzGDYM9TXLniRZMFPKwz9Ch2XUDmRitLkLGg5T7ZA%3d,False,2026-07-18T01:19:13.0600000Z,False,False,False,False,False,False,0,False,,,False,False,False,False,0,False,False,0,13387897175,False,30A889C8-49B3-4163-855B-0BFB8074A6AE,False,False,True,5,8.69332342614203,1.426788113,,,,,,,,"[{'message': 'Amazing Value', 'qualifier': 'Based on price, view, seat quality and more', 'hasValue': True, 'messageType': 'ValueBased'}, {'message': 'Popular Pick', 'qualifier': '15 tickets sold for this event', 'hasValue': True, 'messageType': 'BoughtInLastHourSocialProofBased'}]",[],,,,,,,,,,,,
13388402166,153020449,124,122796,124,2,10,_,,,,False,False,3,,False,False,"[1, 3]",594,Lower,3,True,"[{'listingNoteId': -1, 'listingNoteContentId': 3338094, 'formattedListingNoteContent': 'Clear view', 'listingNoteTypeId': 3, 'showToBuyer': True, 'hideInMock': False, 'siteAddedListingNote': False, 'aisleListingNoteWithSplit': False, 'listingNoteDescriptionContentId': 3338095, 'formattedListingNoteDescription': ""You'll have an unrestricted view of the show.""}]","[{'listingNoteBucketId': 27, 'formattedListingNoteContent': 'Clear view', 'displayOrder': 8, 'showsRawNoteText': True, 'sourceListingNoteId': -1}]",2112717,False,False,Row 10,False,2388358,"¥2,388,358","¥2,388,358",10,Mobile Transfer ticket,3,1,USD,JPY,10990.0,USD,"https://img.vggcdn.net/img/vfsimage2/812551/594_122796/0.jpg?im=Resize=(500,271)&v=771",2 hours ago,9,False,False,False,False,Owi04l16NETLMht1%2bWzbS0JIhAQM9LPO1Ea5qX0%2fZ7A%3d,False,2026-07-18T03:27:30.3770000Z,False,False,False,False,False,False,0,False,,,False,False,False,False,0,False,False,0,13388402166,False,5BF55687-D9A9-47D3-9FA6-ED886CE33B8C,False,False,True,5,8.82979803101729,1.471566917,,,,,,,,"[{'message': 'Amazing Value', 'qualifier': 'Based on price, view, seat quality and more', 'hasValue': True, 'messageType': 'ValueBased'}, {'message': 'Popular Pick', 'qualifier': '15 tickets sold for this event', 'hasValue': True, 'messageType': 'BoughtInLastHourSocialProofBased'}]",[],,,,,,,,,,,,
13388278154,153020449,123,122795,123,2,39,_,,,,False,False,4,,False,False,"[1, 2, 4]",594,Lower,4,True,"[{'listingNoteId': -1, 'listingNoteContentId': 3338094, 'formattedListingNoteContent': 'Clear view', 'listingNoteTypeId': 3, 'showToBuyer': True, 'hideInMock': False, 'siteAddedListingNote': False, 'aisleListingNoteWithSplit': False, 'listingNoteDescriptionContentId': 3338095, 'formattedListingNoteDescription': ""You'll have an unrestricted view of the show.""}]","[{'listingNoteBucketId': 27, 'formattedListingNoteContent': 'Clear view', 'displayOrder': 8, 'showsRawNoteText': True, 'sourceListingNoteId': -1}]",2112700,False,False,Row 39,False,2388548,"¥2,388,548","¥2,388,548",10,Mobile Transfer ticket,3,1,USD,JPY,12499.99,USD,"https://img.vggcdn.net/img/vfsimage2/812551/594_122795/0.jpg?im=Resize=(500,271)&v=771",3 hours ago,7,False,False,False,False,oxdNd2i7YRhJjxsI1GcVH9Og5jnw1xp6MSEe0bEdVOc%3d,False,2026-07-18T02:47:46.3600000Z,False,False,False,False,False,False,0,False,,,False,False,False,False,0,False,False,0,13388278154,False,46F5CCFB-80C4-486F-9ED8-71E8F9DEC54A,False,False,True,3,6.820326020440871,1.112506548,,,,,,,,"[{'message': 'Popular Pick', 'qualifier': '15 tickets sold for this event', 'hasValue': True, 'messageType': 'BoughtInLastHourSocialProofBased'}]",[],,,,,,,,,,,,
13388840841,153020449,126,122797,126,2,25,_,,,,False,False,4,,False,False,"[1, 2, 4]",594,Lower,4,True,"[{'listingNoteId': -1, 'listingNoteContentId': 3338094, 'formattedListingNoteContent': 'Clear view', 'listingNoteTypeId': 3, 'showToBuyer': True, 'hideInMock': False, 'siteAddedListingNote': False, 'aisleListingNoteWithSplit': False, 'listingNoteDescriptionContentId': 3338095, 'formattedListingNoteDescription': ""You'll have an unrestricted view of the show.""}]","[{'listingNoteBucketId': 27, 'formattedListingNoteContent': 'Clear view', 'displayOrder': 8, 'showsRawNoteText': True, 'sourceListingNoteId': -1}]",2112782,False,False,Row 25,False,2426568,"¥2,426,568","¥2,426,568",10,Mobile Transfer ticket,3,1,USD,JPY,10990.0,USD,"https://img.vggcdn.net/img/vfsimage2/812551/594_122797/0.jpg?im=Resize=(500,271)&v=771",an hour ago,8,False,False,False,False,nX5RybG%2bMruqPQy42b%2fUbYGHQd6yDpmWjDwWYfFnyYA%3d,False,2026-07-18T04:47:12.2570000Z,False,False,False,False,False,False,0,False,,,False,False,False,False,0,False,False,0,13388840841,False,E9F1F5CB-5650-48EC-8B66-D1410722A0AE,False,False,True,4,8.35932504442159,1.365965754,,,,,,,,"[{'message': 'Great Value', 'qualifier': 'Based on price, view, seat quality and more', 'hasValue': True, 'messageType': 'ValueBased'}, {'message': 'Popular Pick', 'qualifier': '15 tickets sold for this event', 'hasValue': True, 'messageType': 'BoughtInLastHourSocialProofBased'}]",[],,,,,,,,,,,,
13386350031,153020449,118,122793,118,2,18,14_14,,,14,False,False,1,,False,False,[1],594,Lower,1,True,"[{'listingNoteId': -1, 'listingNoteContentId': 3338094, 'formattedListingNoteContent': 'Clear view', 'listingNoteTypeId': 3, 'showToBuyer': True, 'hideInMock': False, 'siteAddedListingNote': False, 'aisleListingNoteWithSplit': False, 'listingNoteDescriptionContentId': 3338095, 'formattedListingNoteDescription': ""You'll have an unrestricted view of the show.""}]","[{'listingNoteBucketId': 27, 'formattedListingNoteContent': 'Clear view', 'displayOrder': 8, 'showsRawNoteText': True, 'sourceListingNoteId': -1}]",2112594,False,False,Row 18,False,2439723,"¥2,439,723","¥2,439,723",10,Mobile Transfer ticket,3,1,USD,JPY,9725.0,USD,"https://img.vggcdn.net/img/vfsimage2/812551/594_122793/0.jpg?im=Resize=(500,271)&v=771",8 hours ago,9,False,False,False,False,nlFTPpatRPJjtK6T2tY%2f1CxXwxl4iJ4nHj51O4p9WXY%3d,False,2026-07-17T21:25:12.4600000Z,False,False,False,False,False,False,0,False,,,False,False,False,False,0,False,False,0,13386350031,False,BE1A73FF-05CF-48A9-9499-935F75535BE4,False,False,True,5,8.981328598626895,1.556134081,,,,,,,,"[{'message': 'Amazing Value', 'qualifier': 'Based on price, view, seat quality and more', 'hasValue': True, 'messageType': 'ValueBased'}, {'message': 'Popular Pick', 'qualifier': '15 tickets sold for this event', 'hasValue': True, 'messageType': 'BoughtInLastHourSocialProofBased'}]",[],,,"¥4,355,409",44.0,"¥1,915,686",,,,,,,
13384822875,153020449,121,122794,121,2,36,26_26,26,26,26,False,False,1,,False,False,[1],594,Lower,1,True,"[{'listingNoteId': -1, 'listingNoteContentId': 3338094, 'formattedListingNoteContent': 'Clear view', 'listingNoteTypeId': 3, 'showToBuyer': True, 'hideInMock': False, 'siteAddedListingNote': False, 'aisleListingNoteWithSplit': False, 'listingNoteDescriptionContentId': 3338095, 'formattedListingNoteDescription': ""You'll have an unrestricted view of the show.""}]","[{'listingNoteBucketId': 27, 'formattedListingNoteContent': 'Clear view', 'displayOrder': 8, 'showsRawNoteText': True, 'sourceListingNoteId': -1}]",2112649,False,False,Row 36,False,2443135,"¥2,443,135","¥2,443,135",10,Mobile Transfer ticket,3,1,USD,JPY,,USD,"https://img.vggcdn.net/img/vfsimage2/812551/594_122794/0.jpg?im=Resize=(500,271)&v=771",12 hours ago,6,False,False,False,False,Czdw6%2fg0Q6%2bd9BFZLzKWN4V2RY4NdEifUA9aD7c93eg%3d,False,2026-07-17T17:59:42.0370000Z,False,False,False,False,False,False,0,False,,,False,False,False,False,0,False,False,0,13384822875,False,0CF478A2-2E83-4DE4-9848-5E92C2F7385D,False,False,True,3,6.311210506709146,1.068945931,,,,,,,,"[{'message': 'Popular Pick', 'qualifier': '15 tickets sold for this event', 'hasValue': True, 'messageType': 'BoughtInLastHourSocialProofBased'}]",[],,,,,,,,,,,,
13387903270,153020449,118,122793,118,2,14,4_4,4,4,4,False,False,1,,False,False,[1],594,Lower,1,True,"[{'listingNoteId': 814, 'listingNoteContentId': 2446060, 'formattedListingNoteContent': 'Limited or Obstructed View (printed on ticket)', 'listingNoteTypeId': 1, 'showToBuyer': True, 'hideInMock': False, 'siteAddedListingNote': False, 'aisleListingNoteWithSplit': False, 'listingNoteDescriptionContentId': 2446061, 'formattedListingNoteDescription': 'Limited or Obstructed View (printed on ticket)'}]","[{'listingNoteBucketId': 21, 'formattedListingNoteContent': 'Limited view', 'displayOrder': 21, 'showsRawNoteText': False}]",2112590,False,False,Row 14,False,2456781,"¥2,456,781","¥2,456,781",10,Mobile Transfer ticket,3,1,USD,JPY,0.0,USD,"https://img.vggcdn.net/img/vfsimage2/812551/594_122793/0.jpg?im=Resize=(500,271)&v=771",4 hours ago,9,False,False,False,False,Czdw6%2fg0Q6%2bd9BFZLzKWN4V2RY4NdEifUA9aD7c93eg%3d,False,2026-07-18T01:20:39.6100000Z,False,False,False,False,False,False,0,False,,,False,False,False,False,0,False,False,0,13387903270,False,F726D8BC-DDE3-4C28-A85E-ADFC91367408,False,False,True,5,9.153474859199008,1.63228883,,,,,,,,"[{'message': 'Amazing Value', 'qualifier': 'Based on price, view, seat quality and more', 'hasValue': True, 'messageType': 'ValueBased'}, {'message': 'Popular Pick', 'qualifier': '15 tickets sold for this event', 'hasValue': True, 'messageType': 'BoughtInLastHourSocialProofBased'}]",[],,,"¥3,980,689",38.0,"¥1,523,908",,,,,,,
13388153094,153020449,336,122929,336,2,1,20_26,,,20,False,False,7,,False,False,"[1, 2, 3, 4, 5, 6, 7]",478,Loge,7,True,"[{'listingNoteId': 2025, 'listingNoteContentId': 3415843, 'formattedListingNoteContent': 'Front Row of Section', 'listingNoteTypeId': 6, 'showToBuyer': True, 'hideInMock': False, 'siteAddedListingNote': False, 'aisleListingNoteWithSplit': False, 'listingNoteDescriptionContentId': 3415843, 'formattedListingNoteDescription': 'Front Row of Section'}, {'listingNoteId': -1, 'listingNoteContentId': 3338094, 'formattedListingNoteContent': 'Clear view', 'listingNoteTypeId': 3, 'showToBuyer': True, 'hideInMock': False, 'siteAddedListingNote': False, 'aisleListingNoteWithSplit': False, 'listingNoteDescriptionContentId': 3338095, 'formattedListingNoteDescription': ""You'll have an unrestricted view of the show.""}]","[{'listingNoteBucketId': 14, 'formattedListingNoteContent': 'Front Row of Section', 'displayOrder': 14, 'showsRawNoteText': True, 'sourceListingNoteId': 2025}, {'listingNoteBucketId': 27, 'formattedListingNoteContent': 'Clear view', 'displayOrder': 8, 'showsRawNoteText': True, 'sourceListingNoteId': -1}]",1591187,False,False,Row 1,False,2456781,"¥2,456,781","¥2,456,781",10,Mobile Transfer ticket,3,1,USD,JPY,8500.0,USD,"https://img.vggcdn.net/img/vfsimage2/812551/478_122929/0.jpg?im=Resize=(500,271)&v=771",3 hours ago,5,False,False,False,False,Czdw6%2fg0Q6%2bd9BFZLzKWN4V2RY4NdEifUA9aD7c93eg%3d,False,2026-07-18T02:14:39.5970000Z,False,False,False,False,False,False,0,False,,,False,False,False,False,0,False,False,0,13388153094,False,7EF0F666-420A-486B-B00E-226115F76E94,False,False,True,3,5.0275096744948895,0.9323844348,,,,,,,,"[{'message': 'Popular Pick', 'qualifier': '15 tickets sold for this event', 'hasValue': True, 'messageType': 'BoughtInLastHourSocialProofBased'}, {'message': 'Front Row', 'qualifier': 'Best seats in the house', 'hasValue': True, 'messageType': 'FirstRowTicketAttributeBased'}]",[2025],,,,,,,,,,,,
13354228968,153020449,336,122929,336,2,13,_,,,,False,False,1,,False,False,[1],407,Upper,1,True,"[{'listingNoteId': -1, 'listingNoteContentId': 3338094, 'formattedListingNoteContent': 'Clear view', 'listingNoteTypeId': 3, 'showToBuyer': True, 'hideInMock': False, 'siteAddedListingNote': False, 'aisleListingNoteWithSplit': False, 'listingNoteDescriptionContentId': 3338095, 'formattedListingNoteDescription': ""You'll have an unrestricted view of the show.""}]","[{'listingNoteBucketId': 27, 'formattedListingNoteContent': 'Clear view', 'displayOrder': 8, 'showsRawNoteText': True, 'sourceListingNoteId': -1}]",704300,False,False,Row 13,False,2456781,"¥2,456,781","¥2,456,781",10,Mobile Transfer ticket,3,1,USD,JPY,4000.0,USD,"https://img.vggcdn.net/img/vfsimage2/812551/407_122929/0.jpg?im=Resize=(500,271)&v=771",3 days ago,4,False,False,False,False,Czdw6%2fg0Q6%2bd9BFZLzKWN4V2RY4NdEifUA9aD7c93eg%3d,False,2026-07-15T00:20:55.5700000Z,False,False,False,False,False,False,0,False,,,False,False,False,False,0,False,False,0,13354228968,False,2BAE239D-5F66-49BC-99D2-0AE28ADDA611,False,False,True,2,3.988516921640308,0.799197106,,,,,,,,"[{'message': 'Popular Pick', 'qualifier': '15 tickets sold for this event', 'hasValue': True, 'messageType': 'BoughtInLastHourSocialProofBased'}]",[],,,"¥4,549,359",46.0,"¥2,092,578",,,,,,,
13387921179,153020449,217,122849,217,2,13,_,,,,False,False,1,,False,False,[1],471,Middle,1,True,"[{'listingNoteId': -1, 'listingNoteContentId': 3338094, 'formattedListingNoteContent': 'Clear view', 'listingNoteTypeId': 3, 'showToBuyer': True, 'hideInMock': False, 'siteAddedListingNote': False, 'aisleListingNoteWithSplit': False, 'listingNoteDescriptionContentId': 3338095, 'formattedListingNoteDescription': ""You'll have an unrestricted view of the show.""}]","[{'listingNoteBucketId': 27, 'formattedListingNoteContent': 'Clear view', 'displayOrder': 8, 'showsRawNoteText': True, 'sourceListingNoteId': -1}]",702937,False,False,Row 13,False,2484074,"¥2,484,074","¥2,484,074",10,Mobile Transfer ticket,3,1,USD,JPY,10990.0,USD,"https://img.vggcdn.net/img/vfsimage2/812551/471_122849/0.jpg?im=Resize=(500,271)&v=771",4 hours ago,8,False,False,False,False,ILFzjXElhDdaRPjqrdnoZ7jzkh74MOvwiCJAfRTkTPc%3d,False,2026-07-18T01:23:34.2270000Z,False,False,False,False,False,False,0,False,,,False,False,False,False,0,False,False,0,13387921179,False,F8FCCDEB-AD14-403D-884A-467E31561515,False,False,True,4,7.93866424292001,1.324534596,,,,,,,,"[{'message': 'Great Value', 'qualifier': 'Based on price, view, seat quality and more', 'hasValue': True, 'messageType': 'ValueBased'}, {'message': 'Popular Pick', 'qualifier': '15 tickets sold for this event', 'hasValue': True, 'messageType': 'BoughtInLastHourSocialProofBased'}]",[],,,,,,,,,,,,
13386841972,153020449,319,122912,319,2,10,1_4,,,1,False,False,4,,False,False,"[1, 2, 4]",407,Upper,4,True,"[{'listingNoteId': -1, 'listingNoteContentId': 3338094, 'formattedListingNoteContent': 'Clear view', 'listingNoteTypeId': 3, 'showToBuyer': True, 'hideInMock': False, 'siteAddedListingNote': False, 'aisleListingNoteWithSplit': False, 'listingNoteDescriptionContentId': 3338095, 'formattedListingNoteDescription': ""You'll have an unrestricted view of the show.""}]","[{'listingNoteBucketId': 14, 'formattedListingNoteContent': 'Aisle seat', 'displayOrder': 14, 'showsRawNoteText': True, 'sourceListingNoteId': 2024}, {'listingNoteBucketId': 27, 'formattedListingNoteContent': 'Clear view', 'displayOrder': 8, 'showsRawNoteText': True, 'sourceListingNoteId': -1}]",703923,False,False,Row 10,False,2523063,"¥2,523,063","¥2,523,063",1,Print-at-Home ticket,2,1,USD,JPY,5000.0,USD,"https://img.vggcdn.net/img/vfsimage2/812551/407_122912/0.jpg?im=Resize=(500,271)&v=771",7 hours ago,4,False,False,False,False,ZZM%2bFROkkwlnJU4g760nGN9I%2fwZUl0CHhuwkD%2fiMu3o%3d,False,2026-07-17T22:40:30.4970000Z,False,False,False,False,False,False,0,False,,,False,False,False,False,0,False,False,0,13386841972,False,8D77F381-BAD3-4A70-8DEF-74F99A0E39AF,False,False,True,2,4.122021144954403,0.8361790833,,,,,,,,"[{'message': 'Popular Pick', 'qualifier': '15 tickets sold for this event', 'hasValue': True, 'messageType': 'BoughtInLastHourSocialProofBased'}, {'message': 'Aisle Seat', 'qualifier': 'Easy access to your seat', 'hasValue': True, 'messageType': 'AisleSeatTicketAttributeBased'}]",[2024],,,,,,,,,,,,
13389278883,153020449,217,122849,217,2,10,18_18,,,18,False,False,1,,False,False,[1],471,Middle,1,True,"[{'listingNoteId': -1, 'listingNoteContentId': 3338094, 'formattedListingNoteContent': 'Clear view', 'listingNoteTypeId': 3, 'showToBuyer': True, 'hideInMock': False, 'siteAddedListingNote': False, 'aisleListingNoteWithSplit': False, 'listingNoteDescriptionContentId': 3338095, 'formattedListingNoteDescription': ""You'll have an unrestricted view of the show.""}]","[{'listingNoteBucketId': 27, 'formattedListingNoteContent': 'Clear view', 'displayOrder': 8, 'showsRawNoteText': True, 'sourceListingNoteId': -1}]",702934,False,False,Row 10,False,2531534,"¥2,531,534","¥2,531,534",10,Mobile Transfer ticket,3,14,USD,JPY,0.0,USD,"https://img.vggcdn.net/img/vfsimage2/812551/471_122849/0.jpg?im=Resize=(500,271)&v=771",8 minutes ago,8,False,False,False,False,8nC8v5gR09aS%2bV39UYlIfIMpaKeDpkta0lMWEHPIwLQ%3d,False,2026-07-18T05:55:36.4800000Z,False,False,False,False,False,False,0,False,,,False,False,False,False,0,False,False,0,13389278883,False,0F59FC48-0490-459A-A9FA-A96AA170ED2C,False,False,True,4,8.417445380732497,1.436120465,,,,,,,,"[{'message': 'Great Value', 'qualifier': 'Based on price, view, seat quality and more', 'hasValue': True, 'messageType': 'ValueBased'}, {'message': 'Popular Pick', 'qualifier': '15 tickets sold for this event', 'hasValue': True, 'messageType': 'BoughtInLastHourSocialProofBased'}]",[],,,,,,,,,,,,
13388597434,153020449,124,122796,124,2,8,14_14,,,14,False,False,1,,False,False,[1],594,Lower,1,True,"[{'listingNoteId': -1, 'listingNoteContentId': 3338094, 'formattedListingNoteContent': 'Clear view', 'listingNoteTypeId': 3, 'showToBuyer': True, 'hideInMock': False, 'siteAddedListingNote': False, 'aisleListingNoteWithSplit': False, 'listingNoteDescriptionContentId': 3338095, 'formattedListingNoteDescription': ""You'll have an unrestricted view of the show.""}]","[{'listingNoteBucketId': 27, 'formattedListingNoteContent': 'Clear view', 'displayOrder': 8, 'showsRawNoteText': True, 'sourceListingNoteId': -1}]",2112763,False,False,Row 8,False,2532479,"¥2,532,479","¥2,532,479",10,Mobile Transfer ticket,3,14,USD,JPY,0.0,USD,"https://img.vggcdn.net/img/vfsimage2/812551/594_122796/0.jpg?im=Resize=(500,271)&v=771",an hour ago,9,False,False,False,False,mI2JFpzu%2foa%2fqn9zGEBZwtpUbDhLvr2VWQDkmFvCmSw%3d,False,2026-07-18T04:11:05.8570000Z,False,False,False,False,False,False,0,False,,,False,False,False,False,0,False,False,0,13388597434,False,24C29140-9F57-4E23-833B-6197AC1EDD7F,False,False,True,5,8.667761221816242,1.505636007,,,,,,,,"[{'message': 'Amazing Value', 'qualifier': 'Based on price, view, seat quality and more', 'hasValue': True, 'messageType': 'ValueBased'}, {'message': 'Popular Pick', 'qualifier': '15 tickets sold for this event', 'hasValue': True, 'messageType': 'BoughtInLastHourSocialProofBased'}]",[],,,,,,,,,,,,
13388308298,153020449,124,122796,124,2,5,_,,,,False,False,3,,False,False,"[1, 2, 3]",594,Lower,3,True,"[{'listingNoteId': -1, 'listingNoteContentId': 3338094, 'formattedListingNoteContent': 'Clear view', 'listingNoteTypeId': 3, 'showToBuyer': True, 'hideInMock': False, 'siteAddedListingNote': False, 'aisleListingNoteWithSplit': False, 'listingNoteDescriptionContentId': 3338095, 'formattedListingNoteDescription': ""You'll have an unrestricted view of the show.""}]","[{'listingNoteBucketId': 27, 'formattedListingNoteContent': 'Clear view', 'displayOrder': 8, 'showsRawNoteText': True, 'sourceListingNoteId': -1}]",2112760,False,False,Row 5,False,2532811,"¥2,532,811","¥2,532,811",10,Mobile Transfer ticket,3,1,USD,JPY,10990.0,USD,"https://img.vggcdn.net/img/vfsimage2/812551/594_122796/0.jpg?im=Resize=(500,271)&v=771",3 hours ago,9,False,False,False,False,JMzMhe0ImUhmWs7Q5mYUpQMSHX2I34SqYprsenKnuPM%3d,False,2026-07-18T02:58:06.6130000Z,False,False,False,False,False,False,0,False,,,False,False,False,False,0,False,False,0,13388308298,False,A1752C4E-8F22-429E-A00E-5A5319E447B5,False,False,True,5,8.82281309465084,1.558143697,,,,,,,,"[{'message': 'Amazing Value', 'qualifier': 'Based on price, view, seat quality and more', 'hasValue': True, 'messageType': 'ValueBased'}, {'message': 'Popular Pick', 'qualifier': '15 tickets sold for this event', 'hasValue': True, 'messageType': 'BoughtInLastHourSocialProofBased'}]",[],,,,,,,,,,,,
13367629926,153020449,Argentina Supporters Standard Tier,2449434,Argentina Supporters Standard Tier,2,,_,,,,False,False,2,,False,False,"[1, 2]",36868,Argentina Supporters,2,True,"[{'listingNoteId': -1, 'listingNoteContentId': 3338094, 'formattedListingNoteContent': 'Clear view', 'listingNoteTypeId': 3, 'showToBuyer': True, 'hideInMock': False, 'siteAddedListingNote': False, 'aisleListingNoteWithSplit': False, 'listingNoteDescriptionContentId': 3338095, 'formattedListingNoteDescription': ""You'll have an unrestricted view of the show.""}]","[{'listingNoteBucketId': 27, 'formattedListingNoteContent': 'Clear view', 'displayOrder': 8, 'showsRawNoteText': True, 'sourceListingNoteId': -1}]",4849986,False,False,Row,True,2534760,"¥2,534,760","¥2,534,760",10,Mobile Transfer ticket,3,1,USD,JPY,10000.0,USD,"https://img.vggcdn.net/img/vfsimage2/812551/36868_2449434/0.jpg?im=Resize=(500,271)&v=771",2 days ago,7,False,False,False,False,JVwh%2fritykTL%2b%2fRSrAPwOrH0dOQ299CKzv%2bulYFaFQg%3d,False,2026-07-16T04:58:48.2770000Z,False,False,False,False,False,False,0,False,[7],,False,False,False,False,0,False,False,0,13367629926,False,710D6B7D-07E3-4B1B-B65A-C5B791A33FFB,False,False,True,4,7.159155820275696,1.231148835,,,,,,,,"[{'message': 'Great Value', 'qualifier': 'Based on price, view, seat quality and more', 'hasValue': True, 'messageType': 'ValueBased'}, {'message': 'Popular Pick', 'qualifier': '15 tickets sold for this event', 'hasValue': True, 'messageType': 'BoughtInLastHourSocialProofBased'}]",[],Last tickets,True,,,,,,,,,,
13388044073,153020449,233,122860,233,2,14,21_21,,,21,False,False,1,,False,False,[1],471,Middle,1,True,"[{'listingNoteId': 814, 'listingNoteContentId': 2446060, 'formattedListingNoteContent': 'Limited or Obstructed View (printed on ticket)', 'listingNoteTypeId': 1, 'showToBuyer': True, 'hideInMock': False, 'siteAddedListingNote': False, 'aisleListingNoteWithSplit': False, 'listingNoteDescriptionContentId': 2446061, 'formattedListingNoteDescription': 'Limited or Obstructed View (printed on ticket)'}]","[{'listingNoteBucketId': 21, 'formattedListingNoteContent': 'Limited view', 'displayOrder': 21, 'showsRawNoteText': False}]",703259,False,False,Row 14,False,2534760,"¥2,534,760","¥2,534,760",10,Mobile Transfer ticket,3,1,USD,JPY,5750.0,USD,"https://img.vggcdn.net/img/vfsimage2/812551/471_122860/0.jpg?im=Resize=(500,271)&v=771",4 hours ago,6,False,False,False,False,JrtUcxFGMIKD08kXCUUem2B6U%2b%2boM7ExDeNXXGSrfnE%3d,False,2026-07-18T01:47:21.1230000Z,False,False,False,False,False,False,0,False,[7],,False,False,False,False,0,False,False,0,13388044073,False,673FC36B-47F9-49B5-B1C5-CBB57BDBA945,False,False,True,3,6.03010149438074,1.073118419,,,,,,,,"[{'message': 'Popular Pick', 'qualifier': '15 tickets sold for this event', 'hasValue': True, 'messageType': 'BoughtInLastHourSocialProofBased'}]",[],Last ticket,True,,,,,,,,,,
13367394685,153020449,148,122811,148,2,15,18_18,18,18,18,False,False,1,,False,False,[1],594,Lower,1,True,"[{'listingNoteId': -1, 'listingNoteContentId': 3338094, 'formattedListingNoteContent': 'Clear view', 'listingNoteTypeId': 3, 'showToBuyer': True, 'hideInMock': False, 'siteAddedListingNote': False, 'aisleListingNoteWithSplit': False, 'listingNoteDescriptionContentId': 3338095, 'formattedListingNoteDescription': ""You'll have an unrestricted view of the show.""}]","[{'listingNoteBucketId': 27, 'formattedListingNoteContent': 'Clear view', 'displayOrder': 8, 'showsRawNoteText': True, 'sourceListingNoteId': -1}]",2113284,False,False,Row 15,False,2544508,"¥2,544,508","¥2,544,508",10,Mobile Transfer ticket,3,1,USD,JPY,,USD,"https://img.vggcdn.net/img/vfsimage2/812551/594_122811/0.jpg?im=Resize=(500,271)&v=771",2 days ago,9,False,False,False,False,tbLkoTf7Snujyg4h9CS1tssZgIjrydTYIKg6IOGpQT8%3d,False,2026-07-16T04:42:40.5030000Z,False,False,False,True,False,False,0,False,[6],[7],False,False,False,False,0,False,False,0,13367394685,False,33C8D871-6340-42FD-B918-DC6BA77349EA,False,False,True,5,8.773143829610143,1.548113427,Fan favorite,This section is in the top 10% of sections for this event when ranked based on a count of successful sales over the past 7 days on our site,True,,,,,"[{'message': 'Amazing Value', 'qualifier': 'Based on price, view, seat quality and more', 'hasValue': True, 'messageType': 'ValueBased'}, {'message': 'Popular Pick', 'qualifier': '15 tickets sold for this event', 'hasValue': True, 'messageType': 'BoughtInLastHourSocialProofBased'}]",[],Last ticket,True,,,,,,,,,,
13383672256,153020449,207C,1530778,207C,2,14,5_5,5,5,5,False,False,1,,False,False,[1],471,Middle,1,True,"[{'listingNoteId': -1, 'listingNoteContentId': 3338094, 'formattedListingNoteContent': 'Clear view', 'listingNoteTypeId': 3, 'showToBuyer': True, 'hideInMock': False, 'siteAddedListingNote': False, 'aisleListingNoteWithSplit': False, 'listingNoteDescriptionContentId': 3338095, 'formattedListingNoteDescription': ""You'll have an unrestricted view of the show.""}]","[{'listingNoteBucketId': 27, 'formattedListingNoteContent': 'Clear view', 'displayOrder': 8, 'showsRawNoteText': True, 'sourceListingNoteId': -1}]",1593451,False,False,Row 14,False,2544508,"¥2,544,508","¥2,544,508",10,Mobile Transfer ticket,3,1,USD,JPY,10990.0,USD,"https://img.vggcdn.net/img/vfsimage2/812551/471_1530778/0.jpg?im=Resize=(500,271)&v=771",14 hours ago,2,False,False,False,False,tbLkoTf7Snujyg4h9CS1tssZgIjrydTYIKg6IOGpQT8%3d,False,2026-07-17T15:37:46.7030000Z,False,False,False,False,False,False,0,False,[7],,False,False,False,False,0,False,False,0,13383672256,False,5F9BF9B0-0CFE-41E5-9004-04D460D4504D,False,False,True,1,2.448527429138106,0.6530657106,,,,,,,,"[{'message': 'Popular Pick', 'qualifier': '15 tickets sold for this event', 'hasValue': True, 'messageType': 'BoughtInLastHourSocialProofBased'}]",[],Last ticket,True,,,,,,,,,,
13388264807,153020449,205A,1530775,205A,2,1,_,,,,False,False,4,,False,False,"[1, 2, 4]",471,Middle,4,True,"[{'listingNoteId': 2025, 'listingNoteContentId': 3415843, 'formattedListingNoteContent': 'Front Row of Section', 'listingNoteTypeId': 6, 'showToBuyer': True, 'hideInMock': False, 'siteAddedListingNote': False, 'aisleListingNoteWithSplit': False, 'listingNoteDescriptionContentId': 3415843, 'formattedListingNoteDescription': 'Front Row of Section'}, {'listingNoteId': -1, 'listingNoteContentId': 3338094, 'formattedListingNoteContent': 'Clear view', 'listingNoteTypeId': 3, 'showToBuyer': True, 'hideInMock': False, 'siteAddedListingNote': False, 'aisleListingNoteWithSplit': False, 'listingNoteDescriptionContentId': 3338095, 'formattedListingNoteDescription': ""You'll have an unrestricted view of the show.""}]","[{'listingNoteBucketId': 14, 'formattedListingNoteContent': 'Front Row of Section', 'displayOrder': 14, 'showsRawNoteText': True, 'sourceListingNoteId': 2025}, {'listingNoteBucketId': 27, 'formattedListingNoteContent': 'Clear view', 'displayOrder': 8, 'showsRawNoteText': True, 'sourceListingNoteId': -1}]",1593529,False,False,Row 1,False,2593482,"¥2,593,482","¥2,593,482",10,Mobile Transfer ticket,3,1,USD,JPY,7380.0,USD,"https://img.vggcdn.net/img/vfsimage2/812551/471_1530775/0.jpg?im=Resize=(500,271)&v=771",3 hours ago,7,False,False,False,False,mejjTMroZpF6sxyy%2fwM7ufAjvim7%2fmCBViRL3nKnlOQ%3d,False,2026-07-18T02:44:12.4870000Z,False,False,False,False,False,False,0,False,,,False,False,False,False,0,False,False,0,13388264807,False,0837FB1D-4D6E-4FCE-B1E7-103179B186C4,False,False,True,4,7.048163262911474,1.24389544,,,,,,,,"[{'message': 'Great Value', 'qualifier': 'Based on price, view, seat quality and more', 'hasValue': True, 'messageType': 'ValueBased'}, {'message': 'Popular Pick', 'qualifier': '15 tickets sold for this event', 'hasValue': True, 'messageType': 'BoughtInLastHourSocialProofBased'}, {'message': 'Front Row', 'qualifier': 'Best seats in the house', 'hasValue': True, 'messageType': 'FirstRowTicketAttributeBased'}]",[2025],,,,,,,,,,,,
13388055650,153020449,109,122787,109,2,24,17_17,,,17,False,False,1,,False,False,[1],594,Lower,1,True,"[{'listingNoteId': -1, 'listingNoteContentId': 3338094, 'formattedListingNoteContent': 'Clear view', 'listingNoteTypeId': 3, 'showToBuyer': True, 'hideInMock': False, 'siteAddedListingNote': False, 'aisleListingNoteWithSplit': False, 'listingNoteDescriptionContentId': 3338095, 'formattedListingNoteDescription': ""You'll have an unrestricted view of the show.""}]","[{'listingNoteBucketId': 27, 'formattedListingNoteContent': 'Clear view', 'displayOrder': 8, 'showsRawNoteText': True, 'sourceListingNoteId': -1}]",2112302,False,False,Row 24,False,2604525,"¥2,604,525","¥2,604,525",10,Mobile Transfer ticket,3,14,USD,JPY,0.0,USD,"https://img.vggcdn.net/img/vfsimage2/812551/594_122787/0.jpg?im=Resize=(500,271)&v=771",4 hours ago,8,False,False,False,False,N1BNshbLKWmkOJpPhlDrVTHN2Z4BW9CgDJo8zfG3JIU%3d,False,2026-07-18T01:50:36.4630000Z,False,False,False,False,False,False,0,False,,,False,False,False,False,0,False,False,0,13388055650,False,8915F63B-1785-4192-9E10-F5AD04595114,False,False,True,4,7.579124911172697,1.328825035,,,,,,,,"[{'message': 'Great Value', 'qualifier': 'Based on price, view, seat quality and more', 'hasValue': True, 'messageType': 'ValueBased'}, {'message': 'Popular Pick', 'qualifier': '15 tickets sold for this event', 'hasValue': True, 'messageType': 'BoughtInLastHourSocialProofBased'}]",[],,,,,,,,,,,,
13387928585,153020449,118,122793,118,2,16,_,,,,False,False,4,,False,False,"[1, 2, 3, 4]",594,Lower,4,True,"[{'listingNoteId': 814, 'listingNoteContentId': 2446060, 'formattedListingNoteContent': 'Limited or Obstructed View (printed on ticket)', 'listingNoteTypeId': 1, 'showToBuyer': True, 'hideInMock': False, 'siteAddedListingNote': False, 'aisleListingNoteWithSplit': False, 'listingNoteDescriptionContentId': 2446061, 'formattedListingNoteDescription': 'Limited or Obstructed View (printed on ticket)'}]","[{'listingNoteBucketId': 21, 'formattedListingNoteContent': 'Limited view', 'displayOrder': 21, 'showsRawNoteText': False}]",2112592,False,False,Row 16,False,2617808,"¥2,617,808","¥2,617,808",10,Mobile Transfer ticket,3,1,USD,JPY,10990.0,USD,"https://img.vggcdn.net/img/vfsimage2/812551/594_122793/0.jpg?im=Resize=(500,271)&v=771",4 hours ago,9,False,False,False,False,fqTTJ3goeW%2bFUJfEeHWNvxkOPOFHFFXZzChkSZCiseg%3d,False,2026-07-18T01:24:36.4100000Z,False,False,False,False,False,False,0,False,,,False,False,False,False,0,False,False,0,13387928585,False,6105DDA2-4244-4C7F-B43A-9B276117A115,False,False,True,5,8.776152713819483,1.593780325,,,,,,,,"[{'message': 'Amazing Value', 'qualifier': 'Based on price, view, seat quality and more', 'hasValue': True, 'messageType': 'ValueBased'}, {'message': 'Popular Pick', 'qualifier': '15 tickets sold for this event', 'hasValue': True, 'messageType': 'BoughtInLastHourSocialProofBased'}]",[],,,,,,,,,,,,
13387928582,153020449,108,122786,108,2,16,_,,,,False,False,4,,False,False,"[1, 2, 3, 4]",594,Lower,4,True,"[{'listingNoteId': 814, 'listingNoteContentId': 2446060, 'formattedListingNoteContent': 'Limited or Obstructed View (printed on ticket)', 'listingNoteTypeId': 1, 'showToBuyer': True, 'hideInMock': False, 'siteAddedListingNote': False, 'aisleListingNoteWithSplit': False, 'listingNoteDescriptionContentId': 2446061, 'formattedListingNoteDescription': 'Limited or Obstructed View (printed on ticket)'}]","[{'listingNoteBucketId': 21, 'formattedListingNoteContent': 'Limited view', 'displayOrder': 21, 'showsRawNoteText': False}]",2112259,False,False,Row 16,False,2617808,"¥2,617,808","¥2,617,808",10,Mobile Transfer ticket,3,1,USD,JPY,10990.0,USD,"https://img.vggcdn.net/img/vfsimage2/812551/594_122786/0.jpg?im=Resize=(500,271)&v=771",4 hours ago,8,False,False,False,False,fqTTJ3goeW%2bFUJfEeHWNvxkOPOFHFFXZzChkSZCiseg%3d,False,2026-07-18T01:24:36.4000000Z,False,False,False,False,False,False,0,False,,,False,False,False,False,0,False,False,0,13387928582,False,B275555A-BA03-4A4C-AC29-DFFD41BE33AA,False,False,True,4,8.494730229212559,1.500553117,,,,,,,,"[{'message': 'Great Value', 'qualifier': 'Based on price, view, seat quality and more', 'hasValue': True, 'messageType': 'ValueBased'}, {'message': 'Popular Pick', 'qualifier': '15 tickets sold for this event', 'hasValue': True, 'messageType': 'BoughtInLastHourSocialProofBased'}]",[],,,,,,,,,,,,
13386891497,153020449,231A,1530792,231A,2,2,16_19,,,16,False,False,4,,False,False,"[1, 2, 4]",471,Middle,4,True,"[{'listingNoteId': 2026, 'listingNoteContentId': 3415844, 'formattedListingNoteContent': 'Second Row of Section', 'listingNoteTypeId': 6, 'showToBuyer': True, 'hideInMock': False, 'siteAddedListingNote': False, 'aisleListingNoteWithSplit': False, 'listingNoteDescriptionContentId': 3415844, 'formattedListingNoteDescription': 'Second Row of Section'}, {'listingNoteId': -1, 'listingNoteContentId': 3338094, 'formattedListingNoteContent': 'Clear view', 'listingNoteTypeId': 3, 'showToBuyer': True, 'hideInMock': False, 'siteAddedListingNote': False, 'aisleListingNoteWithSplit': False, 'listingNoteDescriptionContentId': 3338095, 'formattedListingNoteDescription': ""You'll have an unrestricted view of the show.""}]","[{'listingNoteBucketId': 14, 'formattedListingNoteContent': 'Second Row of Section', 'displayOrder': 14, 'showsRawNoteText': True, 'sourceListingNoteId': 2026}, {'listingNoteBucketId': 27, 'formattedListingNoteContent': 'Clear view', 'displayOrder': 8, 'showsRawNoteText': True, 'sourceListingNoteId': -1}]",1593666,False,False,Row 2,False,2632234,"¥2,632,234","¥2,632,234",10,Mobile Transfer ticket,3,1,USD,JPY,0.0,USD,"https://img.vggcdn.net/img/vfsimage2/812551/471_1530792/0.jpg?im=Resize=(500,271)&v=771",7 hours ago,8,False,False,False,False,J6JR8OBaehhDB1kEU8m3nOjseNSqjvKH0g%2flMe1kwQY%3d,False,2026-07-17T22:45:21.2300000Z,False,False,False,False,False,False,0,False,[7],,False,False,False,False,0,False,False,0,13386891497,False,98190E45-8FDC-4062-8294-793F778BABFA,False,False,True,4,7.5054145517662825,1.331183615,,,,,,,,"[{'message': 'Great Value', 'qualifier': 'Based on price, view, seat quality and more', 'hasValue': True, 'messageType': 'ValueBased'}, {'message': 'Popular Pick', 'qualifier': '15 tickets sold for this event', 'hasValue': True, 'messageType': 'BoughtInLastHourSocialProofBased'}, {'message': 'Second Row', 'qualifier': 'Premium close-up view', 'hasValue': True, 'messageType': 'SecondRowTicketAttributeBased'}]",[2026],Last tickets,True,,,,,,,,,,
13386360429,153020449,245C,1530797,245C,2,8,_,,,,False,False,1,,False,False,[1],471,Middle,1,True,"[{'listingNoteId': 175, 'listingNoteContentId': 2444706, 'formattedListingNoteContent': 'Unlimited Food and Drinks', 'listingNoteTypeId': 3, 'showToBuyer': True, 'hideInMock': False, 'siteAddedListingNote': False, 'aisleListingNoteWithSplit': False, 'listingNoteDescriptionContentId': 2444707, 'formattedListingNoteDescription': 'Includes unlimited food and drinks (beer, wine and soft drinks)'}, {'listingNoteId': 2344, 'listingNoteContentId': 4216766, 'formattedListingNoteContent': 'Includes Offsite Hospitality', 'listingNoteTypeId': 3, 'showToBuyer': True, 'hideInMock': False, 'siteAddedListingNote': False, 'aisleListingNoteWithSplit': False, 'formattedListingNoteDescription': ''}, {'listingNoteId': -1, 'listingNoteContentId': 3338094, 'formattedListingNoteContent': 'Clear view', 'listingNoteTypeId': 3, 'showToBuyer': True, 'hideInMock': False, 'siteAddedListingNote': False, 'aisleListingNoteWithSplit': False, 'listingNoteDescriptionContentId': 3338095, 'formattedListingNoteDescription': ""You'll have an unrestricted view of the show.""}]","[{'listingNoteBucketId': 7, 'formattedListingNoteContent': 'Food & beverages', 'displayOrder': 7, 'showsRawNoteText': False}, {'listingNoteBucketId': 0, 'formattedListingNoteContent': 'Includes Offsite Hospitality', 'displayOrder': 30, 'showsRawNoteText': True, 'sourceListingNoteId': 2344}, {'listingNoteBucketId': 27, 'formattedListingNoteContent': 'Clear view', 'displayOrder': 8, 'showsRawNoteText': True, 'sourceListingNoteId': -1}]",1593500,False,False,Row 8,False,2632234,"¥2,632,234","¥2,632,234",10,Mobile Transfer ticket,3,1,USD,JPY,81000.0,USD,"https://img.vggcdn.net/img/vfsimage2/812551/471_1530797/0.jpg?im=Resize=(500,271)&v=771",8 hours ago,6,False,False,False,False,XAOQSpHsuLA9bJM8SaMacpMCvVPEFVaOhvviMmRJgxo%3d,False,2026-07-17T21:27:35.4900000Z,False,False,False,False,False,False,0,False,[7],,False,False,False,False,0,False,False,0,13386360429,False,3A2CF4B8-5AE1-478D-B8D0-A187A55116B0,False,False,True,3,5.9595718201357775,1.105408606,,,,,,,,"[{'message': 'Popular Pick', 'qualifier': '15 tickets sold for this event', 'hasValue': True, 'messageType': 'BoughtInLastHourSocialProofBased'}]",[],Last ticket,True,,,,,,,,,,
13388306368,153020449,124,122796,124,2,4,_,,,,False,False,4,,False,False,"[1, 2, 4]",594,Lower,4,True,"[{'listingNoteId': -1, 'listingNoteContentId': 3338094, 'formattedListingNoteContent': 'Clear view', 'listingNoteTypeId': 3, 'showToBuyer': True, 'hideInMock': False, 'siteAddedListingNote': False, 'aisleListingNoteWithSplit': False, 'listingNoteDescriptionContentId': 3338095, 'formattedListingNoteDescription': ""You'll have an unrestricted view of the show.""}]","[{'listingNoteBucketId': 27, 'formattedListingNoteContent': 'Clear view', 'displayOrder': 8, 'showsRawNoteText': True, 'sourceListingNoteId': -1}]",2112749,False,False,Row 4,False,2682046,"¥2,682,046","¥2,682,046",10,Mobile Transfer ticket,3,1,USD,JPY,10990.0,USD,"https://img.vggcdn.net/img/vfsimage2/812551/594_122796/0.jpg?im=Resize=(500,271)&v=771",3 hours ago,9,False,False,False,False,TpoYweNVtFHGwrDYyg9yeJrbhfSMKO%2f7KybsyNE4q4c%3d,False,2026-07-18T02:57:39.3530000Z,False,False,False,False,False,False,0,False,,,False,False,False,False,0,False,False,0,13388306368,False,613CDCE9-5773-4ED6-B3D3-0AFBA3A549A4,False,False,True,5,8.613414987140736,1.576028866,,,,,,,,"[{'message': 'Amazing Value', 'qualifier': 'Based on price, view, seat quality and more', 'hasValue': True, 'messageType': 'ValueBased'}, {'message': 'Popular Pick', 'qualifier': '15 tickets sold for this event', 'hasValue': True, 'messageType': 'BoughtInLastHourSocialProofBased'}]",[],,,,,,,,,,,,
13387832166,153020449,117,122792,117,2,15,21_21,21,21,21,False,False,1,,False,False,[1],594,Lower,1,True,"[{'listingNoteId': 814, 'listingNoteContentId': 2446060, 'formattedListingNoteContent': 'Limited or Obstructed View (printed on ticket)', 'listingNoteTypeId': 1, 'showToBuyer': True, 'hideInMock': False, 'siteAddedListingNote': False, 'aisleListingNoteWithSplit': False, 'listingNoteDescriptionContentId': 2446061, 'formattedListingNoteDescription': 'Limited or Obstructed View (printed on ticket)'}]","[{'listingNoteBucketId': 21, 'formattedListingNoteContent': 'Limited view', 'displayOrder': 21, 'showsRawNoteText': False}]",2112554,False,False,Row 15,False,2711579,"¥2,711,579","¥2,711,579",10,Mobile Transfer ticket,3,1,EUR,JPY,11000.0,EUR,"https://img.vggcdn.net/img/vfsimage2/812551/594_122792/0.jpg?im=Resize=(500,271)&v=771",4 hours ago,9,False,False,False,False,KDB%2bR1OnGO5cKfXlxbBdyJ0fIEkpI%2f0JplWyK%2bG5pJA%3d,False,2026-07-18T01:07:27.2570000Z,False,False,False,False,False,False,0,False,[7],,False,False,False,False,0,False,False,0,13387832166,False,F660C2AC-AB7A-4385-9F55-672A7012C8E7,False,False,True,5,9.01140352917514,1.741732796,,,,,,,,"[{'message': 'Amazing Value', 'qualifier': 'Based on price, view, seat quality and more', 'hasValue': True, 'messageType': 'ValueBased'}, {'message': 'Popular Pick', 'qualifier': '15 tickets sold for this event', 'hasValue': True, 'messageType': 'BoughtInLastHourSocialProofBased'}]",[],Last ticket,True,,,,,,,,,,
13389264011,153020449,101,122782,101,2,14,9_9,9,9,9,False,False,1,,False,False,[1],594,Lower,1,True,"[{'listingNoteId': -1, 'listingNoteContentId': 3338094, 'formattedListingNoteContent': 'Clear view', 'listingNoteTypeId': 3, 'showToBuyer': True, 'hideInMock': False, 'siteAddedListingNote': False, 'aisleListingNoteWithSplit': False, 'listingNoteDescriptionContentId': 3338095, 'formattedListingNoteDescription': ""You'll have an unrestricted view of the show.""}]","[{'listingNoteBucketId': 27, 'formattedListingNoteContent': 'Clear view', 'displayOrder': 8, 'showsRawNoteText': True, 'sourceListingNoteId': -1}]",2112068,False,False,Row 14,False,2719960,"¥2,719,960","¥2,719,960",10,Mobile Transfer ticket,3,1,USD,JPY,0.0,USD,"https://img.vggcdn.net/img/vfsimage2/812551/594_122782/0.jpg?im=Resize=(500,271)&v=771",11 minutes ago,8,False,False,False,False,rrCBgESVrS2yGkCbBuqquiRhu6EMny0mBs%2bkHJkLfgY%3d,False,2026-07-18T05:52:02.5300000Z,False,False,False,False,False,False,0,False,,,False,False,False,False,0,False,False,0,13389264011,False,279CDE19-DFA6-4E98-A01A-ABC7E3AB4EB9,False,False,True,4,7.914969221053338,1.446035113,,,,,,,,"[{'message': 'Great Value', 'qualifier': 'Based on price, view, seat quality and more', 'hasValue': True, 'messageType': 'ValueBased'}, {'message': 'Popular Pick', 'qualifier': '15 tickets sold for this event', 'hasValue': True, 'messageType': 'BoughtInLastHourSocialProofBased'}]",[],,,,,,,,,,,,
13387740657,153020449,124,122796,124,2,2,18_18,18,18,18,False,False,1,,False,False,[1],594,Lower,1,True,"[{'listingNoteId': 2026, 'listingNoteContentId': 3415844, 'formattedListingNoteContent': 'Second Row of Section', 'listingNoteTypeId': 6, 'showToBuyer': True, 'hideInMock': False, 'siteAddedListingNote': False, 'aisleListingNoteWithSplit': False, 'listingNoteDescriptionContentId': 3415844, 'formattedListingNoteDescription': 'Second Row of Section'}, {'listingNoteId': -1, 'listingNoteContentId': 3338094, 'formattedListingNoteContent': 'Clear view', 'listingNoteTypeId': 3, 'showToBuyer': True, 'hideInMock': False, 'siteAddedListingNote': False, 'aisleListingNoteWithSplit': False, 'listingNoteDescriptionContentId': 3338095, 'formattedListingNoteDescription': ""You'll have an unrestricted view of the show.""}]","[{'listingNoteBucketId': 14, 'formattedListingNoteContent': 'Second Row of Section', 'displayOrder': 14, 'showsRawNoteText': True, 'sourceListingNoteId': 2026}, {'listingNoteBucketId': 27, 'formattedListingNoteContent': 'Clear view', 'displayOrder': 8, 'showsRawNoteText': True, 'sourceListingNoteId': -1}]",2112727,False,False,Row 2,False,2729513,"¥2,729,513","¥2,729,513",10,Mobile Transfer ticket,3,1,CAD,JPY,15290.0,CAD,"https://img.vggcdn.net/img/vfsimage2/812551/594_122796/0.jpg?im=Resize=(500,271)&v=771",5 hours ago,9,False,False,False,False,H2SQ8Vrsb3jq1x0%2bbsEaLB352ERn5NKsz3IBWbCaYLI%3d,False,2026-07-18T00:42:32.3030000Z,False,False,False,False,False,False,0,False,,,False,False,False,False,0,False,False,0,13387740657,False,E811D393-40F1-4BFA-BA0E-4D150986A0DA,False,False,True,5,8.637934828753973,1.612385673,,,,,,,,"[{'message': 'Amazing Value', 'qualifier': 'Based on price, view, seat quality and more', 'hasValue': True, 'messageType': 'ValueBased'}, {'message': 'Popular Pick', 'qualifier': '15 tickets sold for this event', 'hasValue': True, 'messageType': 'BoughtInLastHourSocialProofBased'}, {'message': 'Second Row', 'qualifier': 'Premium close-up view', 'hasValue': True, 'messageType': 'SecondRowTicketAttributeBased'}]",[2026],,,"¥4,634,295",41.0,"¥1,904,782",,,,,,,
13226218584,153020449,331,122924,331,2,17,_,,,,False,False,1,,False,False,[1],407,Upper,4,True,"[{'listingNoteId': 74, 'listingNoteContentId': 1288630, 'formattedListingNoteContent': 'Over 18 Ticket', 'listingNoteTypeId': 2, 'showToBuyer': True, 'hideInMock': False, 'siteAddedListingNote': False, 'aisleListingNoteWithSplit': False, 'formattedListingNoteDescription': ''}, {'listingNoteId': -1, 'listingNoteContentId': 3338094, 'formattedListingNoteContent': 'Clear view', 'listingNoteTypeId': 3, 'showToBuyer': True, 'hideInMock': False, 'siteAddedListingNote': False, 'aisleListingNoteWithSplit': False, 'listingNoteDescriptionContentId': 3338095, 'formattedListingNoteDescription': ""You'll have an unrestricted view of the show.""}]","[{'listingNoteBucketId': 24, 'formattedListingNoteContent': 'Over 18 Ticket', 'displayOrder': 24, 'showsRawNoteText': True, 'sourceListingNoteId': 74}, {'listingNoteBucketId': 27, 'formattedListingNoteContent': 'Clear view', 'displayOrder': 8, 'showsRawNoteText': True, 'sourceListingNoteId': -1}]",2113932,False,False,Row 17,False,2788171,"¥2,788,171","¥2,788,171",10,Mobile Transfer ticket,3,1,EUR,JPY,1772.0,EUR,"https://img.vggcdn.net/img/vfsimage2/812551/407_122924/0.jpg?im=Resize=(500,271)&v=771",15 days ago,3,False,False,False,False,m634BVmmVzB1yApA4VoaTAxaiQdeE75R8VA4mEdBpfs%3d,False,2026-07-03T05:57:00.4270000Z,False,False,False,False,False,False,0,False,,,False,False,False,False,0,False,False,0,13226218584,False,AF96859E-E453-4B43-A213-E4A3B6F1C745,False,False,True,2,2.5,0.7523624922,,,,,,,,"[{'message': 'Popular Pick', 'qualifier': '15 tickets sold for this event', 'hasValue': True, 'messageType': 'BoughtInLastHourSocialProofBased'}]",[],,,,,,,,,,,,
13365113405,153020449,149,122812,149,2,9,12_12,,,12,False,False,1,,False,False,[1],594,Lower,1,True,"[{'listingNoteId': -1, 'listingNoteContentId': 3338094, 'formattedListingNoteContent': 'Clear view', 'listingNoteTypeId': 3, 'showToBuyer': True, 'hideInMock': False, 'siteAddedListingNote': False, 'aisleListingNoteWithSplit': False, 'listingNoteDescriptionContentId': 3338095, 'formattedListingNoteDescription': ""You'll have an unrestricted view of the show.""}]","[{'listingNoteBucketId': 27, 'formattedListingNoteContent': 'Clear view', 'displayOrder': 8, 'showsRawNoteText': True, 'sourceListingNoteId': -1}]",2113374,False,False,Row 9,False,2789956,"¥2,789,956","¥2,789,956",10,Mobile Transfer ticket,3,1,USD,JPY,0.01,USD,"https://img.vggcdn.net/img/vfsimage2/812551/594_122812/0.jpg?im=Resize=(500,271)&v=771",2 days ago,8,False,False,False,False,OOZYW70tlYD0STtpm%2fopPAUfqYfS%2fI99Vkm5AGeLbTY%3d,False,2026-07-15T23:49:53.4970000Z,False,False,False,False,False,False,0,False,,,False,False,False,False,0,False,False,0,13365113405,False,7811C3D4-4298-42A1-ABD5-1B2BF8C5F84A,False,False,True,4,7.963036364287635,1.492227076,,,,,,,,"[{'message': 'Great Value', 'qualifier': 'Based on price, view, seat quality and more', 'hasValue': True, 'messageType': 'ValueBased'}, {'message': 'Popular Pick', 'qualifier': '15 tickets sold for this event', 'hasValue': True, 'messageType': 'BoughtInLastHourSocialProofBased'}]",[],,,,,,,,,,,,
13381624002,153020449,133,122801,133,2,,_,,,,False,False,3,,False,False,"[1, 3]",594,Lower,3,True,"[{'listingNoteId': -1, 'listingNoteContentId': 3338094, 'formattedListingNoteContent': 'Clear view', 'listingNoteTypeId': 3, 'showToBuyer': True, 'hideInMock': False, 'siteAddedListingNote': False, 'aisleListingNoteWithSplit': False, 'listingNoteDescriptionContentId': 3338095, 'formattedListingNoteDescription': ""You'll have an unrestricted view of the show.""}]","[{'listingNoteBucketId': 27, 'formattedListingNoteContent': 'Clear view', 'displayOrder': 8, 'showsRawNoteText': True, 'sourceListingNoteId': -1}]",108763,False,False,Row,True,2810473,"¥2,810,473","¥2,810,473",10,Mobile Transfer ticket,3,1,EUR,JPY,5570.0,EUR,"https://img.vggcdn.net/img/vfsimage2/812551/594_122801/0.jpg?im=Resize=(500,271)&v=771",21 hours ago,5,False,False,False,False,YWFz1kG1ktsyFAMwNuKkzPl5GZgNxFJ7zppJ2Gr7WH0%3d,False,2026-07-17T08:52:50.4630000Z,False,False,False,False,False,False,0,False,[7],,False,False,False,False,0,False,False,0,13381624002,False,D1303EA1-086B-412D-AEE3-CD9D4BE0F156,False,False,True,3,5.451946921426609,1.115548226,,,,,,,,"[{'message': 'Popular Pick', 'qualifier': '15 tickets sold for this event', 'hasValue': True, 'messageType': 'BoughtInLastHourSocialProofBased'}]",[],Last tickets,True,,,,,,,,,,
13384129659,153020449,342,122935,342,2,14,_,,,,False,False,4,,False,False,"[1, 2, 3, 4]",407,Upper,4,True,"[{'listingNoteId': -1, 'listingNoteContentId': 3338094, 'formattedListingNoteContent': 'Clear view', 'listingNoteTypeId': 3, 'showToBuyer': True, 'hideInMock': False, 'siteAddedListingNote': False, 'aisleListingNoteWithSplit': False, 'listingNoteDescriptionContentId': 3338095, 'formattedListingNoteDescription': ""You'll have an unrestricted view of the show.""}]","[{'listingNoteBucketId': 27, 'formattedListingNoteContent': 'Clear view', 'displayOrder': 8, 'showsRawNoteText': True, 'sourceListingNoteId': -1}]",704430,False,False,Row 14,False,2811244,"¥2,811,244","¥2,811,244",10,Mobile Transfer ticket,3,1,USD,JPY,0.0,USD,"https://img.vggcdn.net/img/vfsimage2/812551/407_122935/0.jpg?im=Resize=(500,271)&v=771",13 hours ago,3,False,False,False,False,IK4RPlg55SPNbh9%2b9the961KgEUk7aZQ2tws5SOva98%3d,False,2026-07-17T16:37:34.2600000Z,False,False,False,False,False,False,0,False,,,False,False,False,False,0,False,False,0,13384129659,False,421DB2C7-8A19-4F1D-BD6B-A6C308A7682A,False,False,True,2,3.051166827119604,0.8097118042,,,,,,,,"[{'message': 'Popular Pick', 'qualifier': '15 tickets sold for this event', 'hasValue': True, 'messageType': 'BoughtInLastHourSocialProofBased'}]",[],,,,,,,,,,,,
13388212550,153020449,108,122786,108,2,15,_,,,,False,False,3,,False,False,"[1, 3]",594,Lower,3,True,"[{'listingNoteId': 814, 'listingNoteContentId': 2446060, 'formattedListingNoteContent': 'Limited or Obstructed View (printed on ticket)', 'listingNoteTypeId': 1, 'showToBuyer': True, 'hideInMock': False, 'siteAddedListingNote': False, 'aisleListingNoteWithSplit': False, 'listingNoteDescriptionContentId': 2446061, 'formattedListingNoteDescription': 'Limited or Obstructed View (printed on ticket)'}]","[{'listingNoteBucketId': 21, 'formattedListingNoteContent': 'Limited view', 'displayOrder': 21, 'showsRawNoteText': False}]",2112258,False,False,Row 15,False,2865979,"¥2,865,979","¥2,865,979",10,Mobile Transfer ticket,3,1,USD,JPY,1099.0,USD,"https://img.vggcdn.net/img/vfsimage2/812551/594_122786/0.jpg?im=Resize=(500,271)&v=771",3 hours ago,8,False,False,False,False,jzutkzZihJZHzFITmlXZpH9%2fSYebHYXgTFu3lgQ3Y%2bk%3d,False,2026-07-18T02:32:23.4700000Z,False,False,False,False,False,False,0,False,,,False,False,False,False,0,False,False,0,13388212550,False,5ED68444-1DDB-46F5-916D-48EE48468427,False,False,True,4,7.861600618323235,1.513572,,,,,,,,"[{'message': 'Great Value', 'qualifier': 'Based on price, view, seat quality and more', 'hasValue': True, 'messageType': 'ValueBased'}, {'message': 'Popular Pick', 'qualifier': '15 tickets sold for this event', 'hasValue': True, 'messageType': 'BoughtInLastHourSocialProofBased'}]",[],,,,,,,,,,,,
13387921180,153020449,217,122849,217,2,11,_,,,,False,False,3,,False,False,"[1, 3]",471,Middle,3,True,"[{'listingNoteId': -1, 'listingNoteContentId': 3338094, 'formattedListingNoteContent': 'Clear view', 'listingNoteTypeId': 3, 'showToBuyer': True, 'hideInMock': False, 'siteAddedListingNote': False, 'aisleListingNoteWithSplit': False, 'listingNoteDescriptionContentId': 3338095, 'formattedListingNoteDescription': ""You'll have an unrestricted view of the show.""}]","[{'listingNoteBucketId': 27, 'formattedListingNoteContent': 'Clear view', 'displayOrder': 8, 'showsRawNoteText': True, 'sourceListingNoteId': -1}]",702935,False,False,Row 11,False,2866170,"¥2,866,170","¥2,866,170",10,Mobile Transfer ticket,3,1,USD,JPY,10990.0,USD,"https://img.vggcdn.net/img/vfsimage2/812551/471_122849/0.jpg?im=Resize=(500,271)&v=771",4 hours ago,7,False,False,False,False,CAcRhqn9wLRHmAWJy549pLGSFPRltQfAz%2fUe6HXpcf0%3d,False,2026-07-18T01:23:34.2300000Z,False,False,False,False,False,False,0,False,,,False,False,False,False,0,False,False,0,13387921180,False,F55679CD-10E0-445C-95CA-70C8AC2F48A8,False,False,True,4,7.195162077480468,1.397897973,,,,,,,,"[{'message': 'Great Value', 'qualifier': 'Based on price, view, seat quality and more', 'hasValue': True, 'messageType': 'ValueBased'}, {'message': 'Popular Pick', 'qualifier': '15 tickets sold for this event', 'hasValue': True, 'messageType': 'BoughtInLastHourSocialProofBased'}]",[],,,,,,,,,,,,
13387921218,153020449,217,122849,217,2,12,_,,,,False,False,3,,False,False,"[1, 3]",471,Middle,3,True,"[{'listingNoteId': -1, 'listingNoteContentId': 3338094, 'formattedListingNoteContent': 'Clear view', 'listingNoteTypeId': 3, 'showToBuyer': True, 'hideInMock': False, 'siteAddedListingNote': False, 'aisleListingNoteWithSplit': False, 'listingNoteDescriptionContentId': 3338095, 'formattedListingNoteDescription': ""You'll have an unrestricted view of the show.""}]","[{'listingNoteBucketId': 27, 'formattedListingNoteContent': 'Clear view', 'displayOrder': 8, 'showsRawNoteText': True, 'sourceListingNoteId': -1}]",702936,False,False,Row 12,False,2866170,"¥2,866,170","¥2,866,170",10,Mobile Transfer ticket,3,1,USD,JPY,10990.0,USD,"https://img.vggcdn.net/img/vfsimage2/812551/471_122849/0.jpg?im=Resize=(500,271)&v=771",4 hours ago,7,False,False,False,False,CAcRhqn9wLRHmAWJy549pLGSFPRltQfAz%2fUe6HXpcf0%3d,False,2026-07-18T01:23:34.4100000Z,False,False,False,False,False,False,0,False,,,False,False,False,False,0,False,False,0,13387921218,False,3CE148E0-8DE7-4A14-9F42-4407FC08DB89,False,False,True,3,6.969330314766541,1.360712054,,,,,,,,"[{'message': 'Popular Pick', 'qualifier': '15 tickets sold for this event', 'hasValue': True, 'messageType': 'BoughtInLastHourSocialProofBased'}]",[],,,,,,,,,,,,
13082004275,153020449,121,122794,121,2,15,15_15,15,15,15,False,False,1,,False,False,[1],594,Lower,1,True,"[{'listingNoteId': -1, 'listingNoteContentId': 3338094, 'formattedListingNoteContent': 'Clear view', 'listingNoteTypeId': 3, 'showToBuyer': True, 'hideInMock': False, 'siteAddedListingNote': False, 'aisleListingNoteWithSplit': False, 'listingNoteDescriptionContentId': 3338095, 'formattedListingNoteDescription': ""You'll have an unrestricted view of the show.""}]","[{'listingNoteBucketId': 27, 'formattedListingNoteContent': 'Clear view', 'displayOrder': 8, 'showsRawNoteText': True, 'sourceListingNoteId': -1}]",2112627,False,False,Row 15,False,2877867,"¥2,877,867","¥2,877,867",10,Mobile Transfer ticket,3,1,USD,JPY,,USD,"https://img.vggcdn.net/img/vfsimage2/812551/594_122794/0.jpg?im=Resize=(500,271)&v=771",28 days ago,7,False,False,False,False,%2f1MOhJ2Wy8pAfXjVg%2fP5%2bCKmM3Kt1wP3IxGT2q6YySo%3d,False,2026-06-20T03:35:06.4300000Z,False,False,False,False,False,False,0,False,,,False,False,False,False,0,False,False,0,13082004275,False,5D4422FB-4B64-4AFD-AB1D-8F18AA0AC920,False,False,True,4,7,1.372853714,,,,,,,,"[{'message': 'Great Value', 'qualifier': 'Based on price, view, seat quality and more', 'hasValue': True, 'messageType': 'ValueBased'}, {'message': 'Popular Pick', 'qualifier': '15 tickets sold for this event', 'hasValue': True, 'messageType': 'BoughtInLastHourSocialProofBased'}]",[],,,,,,,,,,,,
13229979945,153020449,Lower,1546666,Lower,3,,_,,,,False,False,4,,False,False,"[1, 2, 3, 4]",594,Lower,4,True,"[{'listingNoteId': -1, 'listingNoteContentId': 3338094, 'formattedListingNoteContent': 'Clear view', 'listingNoteTypeId': 3, 'showToBuyer': True, 'hideInMock': False, 'siteAddedListingNote': False, 'aisleListingNoteWithSplit': False, 'listingNoteDescriptionContentId': 3338095, 'formattedListingNoteDescription': ""You'll have an unrestricted view of the show.""}]","[{'listingNoteBucketId': 27, 'formattedListingNoteContent': 'Clear view', 'displayOrder': 8, 'showsRawNoteText': True, 'sourceListingNoteId': -1}]",1641233,False,False,Row,True,2878862,"¥2,878,862","¥2,878,862",10,Mobile Transfer ticket,3,1,EUR,JPY,3000.0,EUR,"https://img.vggcdn.net/img/vfsimage2/812551/594_1546666/0.jpg?im=Resize=(500,271)&v=771",14 days ago,0,False,False,True,True,OjwJo5FgpJMW5dAvjmR1PdKZ8ni%2fOjar6LaajHZtFFU%3d,False,2026-07-03T14:53:33.3270000Z,False,False,False,False,False,False,0,False,[7],,False,False,False,False,0,False,False,0,13229979945,False,0A61F044-4BFF-4B7A-8E21-EE5B0E8B2544,False,False,True,0,,,,,,,,,,"[{'message': 'Popular Pick', 'qualifier': '15 tickets sold for this event', 'hasValue': True, 'messageType': 'BoughtInLastHourSocialProofBased'}]",[],Last tickets,True,,,,,,,,,,
13386082810,153020449,131,122800,131,2,22,_,,,,False,False,1,,False,False,[1],594,Lower,1,True,"[{'listingNoteId': 2, 'listingNoteContentId': 1035272, 'formattedListingNoteContent': 'Ticket and meal package', 'listingNoteTypeId': 3, 'showToBuyer': True, 'hideInMock': False, 'siteAddedListingNote': False, 'aisleListingNoteWithSplit': False, 'listingNoteDescriptionContentId': 1277356, 'formattedListingNoteDescription': 'This package comes with a ticket to see your favorite performer along with a free meal!'}, {'listingNoteId': 189, 'listingNoteContentId': 2444744, 'formattedListingNoteContent': 'Complimentary Food & Soft drinks', 'listingNoteTypeId': 3, 'showToBuyer': True, 'hideInMock': False, 'siteAddedListingNote': False, 'aisleListingNoteWithSplit': False, 'listingNoteDescriptionContentId': 3876389, 'formattedListingNoteDescription': 'Complimentary Food & Soft drinks'}, {'listingNoteId': -1, 'listingNoteContentId': 3338094, 'formattedListingNoteContent': 'Clear view', 'listingNoteTypeId': 3, 'showToBuyer': True, 'hideInMock': False, 'siteAddedListingNote': False, 'aisleListingNoteWithSplit': False, 'listingNoteDescriptionContentId': 3338095, 'formattedListingNoteDescription': ""You'll have an unrestricted view of the show.""}]","[{'listingNoteBucketId': 7, 'formattedListingNoteContent': 'Food & beverages', 'displayOrder': 7, 'showsRawNoteText': False}, {'listingNoteBucketId': 27, 'formattedListingNoteContent': 'Clear view', 'displayOrder': 8, 'showsRawNoteText': True, 'sourceListingNoteId': -1}]",2112920,False,False,Row 22,False,2884212,"¥2,884,212","¥2,884,212",10,Mobile Transfer ticket,3,1,GBP,JPY,9000.0,GBP,"https://img.vggcdn.net/img/vfsimage2/812551/594_122800/0.jpg?im=Resize=(500,271)&v=771",9 hours ago,7,False,False,False,False,xd0p6bXfaqFq4ZQs9OPPgfg9zTC7IRv0pYaXI6OQ8TQ%3d,False,2026-07-17T20:37:40.2030000Z,False,False,False,False,False,False,0,False,[7],,False,False,False,False,0,False,False,0,13386082810,False,E21D504F-35EE-4DC9-8D13-4AF09CFBF401,False,False,True,3,6.76384550079581,1.333864034,,,,,,,,"[{'message': 'Popular Pick', 'qualifier': '15 tickets sold for this event', 'hasValue': True, 'messageType': 'BoughtInLastHourSocialProofBased'}]",[],Last ticket,True,"¥4,229,744",32.0,"¥1,345,532",,,,,,,
13315732316,153020449,343,122936,343,2,15,_,,,,False,False,1,,False,False,[1],407,Upper,1,True,"[{'listingNoteId': 138, 'listingNoteContentId': 2444629, 'formattedListingNoteContent': 'Paperless Tickets', 'listingNoteTypeId': 4, 'showToBuyer': True, 'hideInMock': False, 'siteAddedListingNote': False, 'aisleListingNoteWithSplit': False, 'listingNoteDescriptionContentId': 2444630, 'formattedListingNoteDescription': 'Paperless Tickets. Instructions for entry will be included in order confirmation email.'}, {'listingNoteId': 1013, 'listingNoteContentId': 2446467, 'formattedListingNoteContent': 'Food and Beverages Available for Purchase', 'listingNoteTypeId': 4, 'showToBuyer': True, 'hideInMock': False, 'siteAddedListingNote': False, 'aisleListingNoteWithSplit': False, 'listingNoteDescriptionContentId': 2446468, 'formattedListingNoteDescription': 'Food and Beverages Available for Purchase'}, {'listingNoteId': -1, 'listingNoteContentId': 3338094, 'formattedListingNoteContent': 'Clear view', 'listingNoteTypeId': 3, 'showToBuyer': True, 'hideInMock': False, 'siteAddedListingNote': False, 'aisleListingNoteWithSplit': False, 'listingNoteDescriptionContentId': 3338095, 'formattedListingNoteDescription': ""You'll have an unrestricted view of the show.""}]","[{'listingNoteBucketId': 8, 'formattedListingNoteContent': 'Food & beverage options', 'displayOrder': 8, 'showsRawNoteText': False}, {'listingNoteBucketId': 0, 'formattedListingNoteContent': 'Paperless Tickets', 'displayOrder': 30, 'showsRawNoteText': True, 'sourceListingNoteId': 138}, {'listingNoteBucketId': 27, 'formattedListingNoteContent': 'Clear view', 'displayOrder': 8, 'showsRawNoteText': True, 'sourceListingNoteId': -1}]",704453,False,False,Row 15,False,2906291,"¥2,906,291","¥2,906,291",10,Mobile Transfer ticket,3,1,USD,JPY,50.0,USD,"https://img.vggcdn.net/img/vfsimage2/812551/407_122936/0.jpg?im=Resize=(500,271)&v=771",7 days ago,2,False,False,False,False,kFXsDYbQQebC1r3%2fgKsJ8915dRrP79nW7YEKLbajSHA%3d,False,2026-07-10T15:20:09.2330000Z,False,False,False,False,False,False,0,False,[7],,False,False,False,False,0,False,False,0,13315732316,False,D404B7DC-E4D6-4F82-AE1F-F07C55BB5216,False,False,True,1,2.4949914137287212,0.7786786296,,,,,,,,"[{'message': 'Popular Pick', 'qualifier': '15 tickets sold for this event', 'hasValue': True, 'messageType': 'BoughtInLastHourSocialProofBased'}]",[],Last ticket,True,,,,,,,,,,
13364358738,153020449,FIFA Pavilion,2216545,FIFA Pavilion,2,,_,,,,False,False,1,,False,False,[1],1068,Hospitality,1,True,"[{'listingNoteId': 263, 'listingNoteContentId': 2444900, 'formattedListingNoteContent': 'VIP Club', 'listingNoteTypeId': 3, 'showToBuyer': True, 'hideInMock': False, 'siteAddedListingNote': False, 'aisleListingNoteWithSplit': False, 'listingNoteDescriptionContentId': 2444901, 'formattedListingNoteDescription': 'VIP Club - Club opens 90 minutes prior to tipoff and offers access to a lounge area with televisions, plush seating and private restrooms as well as all-inclusive food, draft beer, and house wine'}, {'listingNoteId': 424, 'listingNoteContentId': 2445241, 'formattedListingNoteContent': 'Access to VIP Club', 'listingNoteTypeId': 3, 'showToBuyer': True, 'hideInMock': False, 'siteAddedListingNote': False, 'aisleListingNoteWithSplit': False, 'formattedListingNoteDescription': ''}, {'listingNoteId': 1028, 'listingNoteContentId': 2446497, 'formattedListingNoteContent': 'Includes unlimited food and drinks (beer, wine and liquor)', 'listingNoteTypeId': 3, 'showToBuyer': True, 'hideInMock': False, 'siteAddedListingNote': False, 'aisleListingNoteWithSplit': False, 'listingNoteDescriptionContentId': 2446498, 'formattedListingNoteDescription': 'Includes unlimited food and drinks (beer, wine and liquor)'}, {'listingNoteId': -1, 'listingNoteContentId': 3338094, 'formattedListingNoteContent': 'Clear view', 'listingNoteTypeId': 3, 'showToBuyer': True, 'hideInMock': False, 'siteAddedListingNote': False, 'aisleListingNoteWithSplit': False, 'listingNoteDescriptionContentId': 3338095, 'formattedListingNoteDescription': ""You'll have an unrestricted view of the show.""}]","[{'listingNoteBucketId': 1, 'formattedListingNoteContent': 'VIP packages', 'displayOrder': 1, 'showsRawNoteText': False}, {'listingNoteBucketId': 7, 'formattedListingNoteContent': 'Food & beverages', 'displayOrder': 7, 'showsRawNoteText': False}, {'listingNoteBucketId': 27, 'formattedListingNoteContent': 'Clear view', 'displayOrder': 8, 'showsRawNoteText': True, 'sourceListingNoteId': -1}]",4415942,False,False,Row,True,2917344,"¥2,917,344","¥2,917,344",10,Mobile Transfer ticket,3,1,USD,JPY,20000.0,USD,"https://img.vggcdn.net/img/vfsimage2/812551/1068_2216545/0.jpg?im=Resize=(500,271)&v=771",2 days ago,7,False,False,False,False,yvrHMUYL5CRHtrfoC%2fsokPU3iMwskot2VBI3TldR8TA%3d,False,2026-07-15T21:49:03.6170000Z,False,False,False,False,False,False,0,False,[7],,False,False,False,False,0,False,False,0,13364358738,False,CCB23790-8903-4EA0-8919-DFA1DDA78F08,False,False,True,3,6.840980964830786,1.362416107,,,,,,,,"[{'message': 'Popular Pick', 'qualifier': '15 tickets sold for this event', 'hasValue': True, 'messageType': 'BoughtInLastHourSocialProofBased'}]",[],Last ticket,True,,,,,,,,,,
13388040590,153020449,108,122786,108,2,14,8_8,,,8,False,False,1,,False,False,[1],594,Lower,1,True,"[{'listingNoteId': 814, 'listingNoteContentId': 2446060, 'formattedListingNoteContent': 'Limited or Obstructed View (printed on ticket)', 'listingNoteTypeId': 1, 'showToBuyer': True, 'hideInMock': False, 'siteAddedListingNote': False, 'aisleListingNoteWithSplit': False, 'listingNoteDescriptionContentId': 2446061, 'formattedListingNoteDescription': 'Limited or Obstructed View (printed on ticket)'}]","[{'listingNoteBucketId': 21, 'formattedListingNoteContent': 'Limited view', 'displayOrder': 21, 'showsRawNoteText': False}]",2112257,False,False,Row 14,False,2924655,"¥2,924,655","¥2,924,655",10,Mobile Transfer ticket,3,1,USD,JPY,5750.0,USD,"https://img.vggcdn.net/img/vfsimage2/812551/594_122786/0.jpg?im=Resize=(500,271)&v=771",4 hours ago,8,False,False,False,False,WwJupdfnpIBfWKE%2b2REwy8IlUhtdrkI%2fjxf%2bDcF322I%3d,False,2026-07-18T01:47:10.6370000Z,False,False,False,False,False,False,0,False,,,False,False,False,False,0,False,False,0,13388040590,False,214C53B6-F731-4437-BFDD-B2F047974026,False,False,True,4,7.76744560756646,1.526700314,,,,,,,,"[{'message': 'Great Value', 'qualifier': 'Based on price, view, seat quality and more', 'hasValue': True, 'messageType': 'ValueBased'}, {'message': 'Popular Pick', 'qualifier': '15 tickets sold for this event', 'hasValue': True, 'messageType': 'BoughtInLastHourSocialProofBased'}]",[],,,,,,,,,,,,
13388042516,153020449,109,122787,109,2,18,5_5,,,5,False,False,1,,False,False,[1],594,Lower,1,True,"[{'listingNoteId': 814, 'listingNoteContentId': 2446060, 'formattedListingNoteContent': 'Limited or Obstructed View (printed on ticket)', 'listingNoteTypeId': 1, 'showToBuyer': True, 'hideInMock': False, 'siteAddedListingNote': False, 'aisleListingNoteWithSplit': False, 'listingNoteDescriptionContentId': 2446061, 'formattedListingNoteDescription': 'Limited or Obstructed View (printed on ticket)'}]","[{'listingNoteBucketId': 21, 'formattedListingNoteContent': 'Limited view', 'displayOrder': 21, 'showsRawNoteText': False}]",2112295,False,False,Row 18,False,2924655,"¥2,924,655","¥2,924,655",10,Mobile Transfer ticket,3,1,USD,JPY,5750.0,USD,"https://img.vggcdn.net/img/vfsimage2/812551/594_122787/0.jpg?im=Resize=(500,271)&v=771",4 hours ago,7,False,False,False,False,WwJupdfnpIBfWKE%2b2REwy8IlUhtdrkI%2fjxf%2bDcF322I%3d,False,2026-07-18T01:47:16.4800000Z,False,False,False,False,False,False,0,False,,,False,False,False,False,0,False,False,0,13388042516,False,52D7F2D9-E2B1-44B1-8000-153DD7E44FA7,False,False,True,4,7.305345356967024,1.44469559,,,,,,,,"[{'message': 'Great Value', 'qualifier': 'Based on price, view, seat quality and more', 'hasValue': True, 'messageType': 'ValueBased'}, {'message': 'Popular Pick', 'qualifier': '15 tickets sold for this event', 'hasValue': True, 'messageType': 'BoughtInLastHourSocialProofBased'}]",[],,,,,,,,,,,,
13386751689,153020449,350,122943,350,2,6,10_11,10,11,10,False,False,2,,False,False,"[1, 2]",407,Upper,2,True,"[{'listingNoteId': 2026, 'listingNoteContentId': 3415844, 'formattedListingNoteContent': 'Second Row of Section', 'listingNoteTypeId': 6, 'showToBuyer': True, 'hideInMock': False, 'siteAddedListingNote': False, 'aisleListingNoteWithSplit': False, 'listingNoteDescriptionContentId': 3415844, 'formattedListingNoteDescription': 'Second Row of Section'}, {'listingNoteId': -1, 'listingNoteContentId': 3338094, 'formattedListingNoteContent': 'Clear view', 'listingNoteTypeId': 3, 'showToBuyer': True, 'hideInMock': False, 'siteAddedListingNote': False, 'aisleListingNoteWithSplit': False, 'listingNoteDescriptionContentId': 3338095, 'formattedListingNoteDescription': ""You'll have an unrestricted view of the show.""}]","[{'listingNoteBucketId': 14, 'formattedListingNoteContent': 'Second Row of Section', 'displayOrder': 14, 'showsRawNoteText': True, 'sourceListingNoteId': 2026}, {'listingNoteBucketId': 27, 'formattedListingNoteContent': 'Clear view', 'displayOrder': 8, 'showsRawNoteText': True, 'sourceListingNoteId': -1}]",2114054,False,False,Row 6,False,2924655,"¥2,924,655","¥2,924,655",16,Mobile Transfer ticket,3,1,USD,JPY,20471.76,USD,"https://img.vggcdn.net/img/vfsimage2/812551/407_122943/0.jpg?im=Resize=(500,271)&v=771",7 hours ago,3,False,False,False,False,CAcRhqn9wLRHmAWJy549pLGSFPRltQfAz%2fUe6HXpcf0%3d,False,2026-07-17T22:30:32.6600000Z,False,False,False,False,False,False,0,False,,,False,False,False,False,0,False,False,0,13386751689,False,AE8E5417-78BA-490D-9E03-65647A983C0B,False,False,True,2,2.5206603679922046,0.7910693256,,,,,,,,"[{'message': 'Popular Pick', 'qualifier': '15 tickets sold for this event', 'hasValue': True, 'messageType': 'BoughtInLastHourSocialProofBased'}, {'message': 'Second Row', 'qualifier': 'Premium close-up view', 'hasValue': True, 'messageType': 'SecondRowTicketAttributeBased'}]",[2026],,,,,,,,,,,,
13081692481,153020449,346,122939,346,2,18,24_24,,,24,False,False,1,,False,False,[1],407,Upper,1,True,"[{'listingNoteId': -1, 'listingNoteContentId': 3338094, 'formattedListingNoteContent': 'Clear view', 'listingNoteTypeId': 3, 'showToBuyer': True, 'hideInMock': False, 'siteAddedListingNote': False, 'aisleListingNoteWithSplit': False, 'listingNoteDescriptionContentId': 3338095, 'formattedListingNoteDescription': ""You'll have an unrestricted view of the show.""}]","[{'listingNoteBucketId': 27, 'formattedListingNoteContent': 'Clear view', 'displayOrder': 8, 'showsRawNoteText': True, 'sourceListingNoteId': -1}]",2113956,False,False,Row 18,False,2930903,"¥2,930,903","¥2,930,903",10,Mobile Transfer ticket,3,1,EUR,JPY,1720.0,EUR,"https://img.vggcdn.net/img/vfsimage2/812551/407_122939/0.jpg?im=Resize=(500,271)&v=771",28 days ago,2,False,False,False,False,CAcRhqn9wLRHmAWJy549pLGSFPRltQfAz%2fUe6HXpcf0%3d,False,2026-06-20T02:50:38.9870000Z,False,False,False,False,False,False,0,False,,,False,False,False,False,0,False,False,0,13081692481,False,C58E3558-6161-42E0-8A3A-9781FF9435A0,False,False,True,1,2.4884918753102454,0.7804819445,,,,,,,,"[{'message': 'Popular Pick', 'qualifier': '15 tickets sold for this event', 'hasValue': True, 'messageType': 'BoughtInLastHourSocialProofBased'}]",[],,,"¥5,421,167",46.0,"¥2,490,264",,,,,,,
13388649991,153020449,149,122812,149,2,8,19_19,19,19,19,False,False,1,,False,False,[1],594,Lower,1,True,"[{'listingNoteId': -1, 'listingNoteContentId': 3338094, 'formattedListingNoteContent': 'Clear view', 'listingNoteTypeId': 3, 'showToBuyer': True, 'hideInMock': False, 'siteAddedListingNote': False, 'aisleListingNoteWithSplit': False, 'listingNoteDescriptionContentId': 3338095, 'formattedListingNoteDescription': ""You'll have an unrestricted view of the show.""}]","[{'listingNoteBucketId': 27, 'formattedListingNoteContent': 'Clear view', 'displayOrder': 8, 'showsRawNoteText': True, 'sourceListingNoteId': -1}]",2113373,False,False,Row 8,False,2983139,"¥2,983,139","¥2,983,139",10,Mobile Transfer ticket,3,1,USD,JPY,0.0,USD,"https://img.vggcdn.net/img/vfsimage2/812551/594_122812/0.jpg?im=Resize=(500,271)&v=771",an hour ago,8,False,False,False,False,snpqjewS6OkFMWOaTKFs5u86xX1cV9JS%2fkL%2fA0A68pQ%3d,False,2026-07-18T04:18:42.2730000Z,False,False,False,False,False,False,0,False,,,False,False,False,False,0,False,False,0,13388649991,False,7EE40C43-7421-4FC3-B19A-194D2274F334,False,False,True,4,7.507383628892013,1.509028498,,,,,,,,"[{'message': 'Great Value', 'qualifier': 'Based on price, view, seat quality and more', 'hasValue': True, 'messageType': 'ValueBased'}, {'message': 'Popular Pick', 'qualifier': '15 tickets sold for this event', 'hasValue': True, 'messageType': 'BoughtInLastHourSocialProofBased'}]",[],,,"¥3,980,598",25.0,"¥997,459",,,,,,,
13387866389,153020449,142,122807,142,2,33,21_21,21,21,21,False,False,1,,False,False,[1],594,Lower,1,True,"[{'listingNoteId': 814, 'listingNoteContentId': 2446060, 'formattedListingNoteContent': 'Limited or Obstructed View (printed on ticket)', 'listingNoteTypeId': 1, 'showToBuyer': True, 'hideInMock': False, 'siteAddedListingNote': False, 'aisleListingNoteWithSplit': False, 'listingNoteDescriptionContentId': 2446061, 'formattedListingNoteDescription': 'Limited or Obstructed View (printed on ticket)'}]","[{'listingNoteBucketId': 21, 'formattedListingNoteContent': 'Limited view', 'displayOrder': 21, 'showsRawNoteText': False}]",2113160,False,False,Row 33,False,2983139,"¥2,983,139","¥2,983,139",10,Mobile Transfer ticket,3,1,USD,JPY,10000.0,USD,"https://img.vggcdn.net/img/vfsimage2/812551/594_122807/0.jpg?im=Resize=(500,271)&v=771",4 hours ago,7,False,False,False,False,snpqjewS6OkFMWOaTKFs5u86xX1cV9JS%2fkL%2fA0A68pQ%3d,False,2026-07-18T01:13:10.2930000Z,False,False,False,False,False,False,0,False,,,False,False,False,False,0,False,False,0,13387866389,False,374352BE-47DA-45CA-8674-B969B7A87514,False,False,True,4,7.136510584380325,1.445226969,,,,,,,,"[{'message': 'Great Value', 'qualifier': 'Based on price, view, seat quality and more', 'hasValue': True, 'messageType': 'ValueBased'}, {'message': 'Popular Pick', 'qualifier': '15 tickets sold for this event', 'hasValue': True, 'messageType': 'BoughtInLastHourSocialProofBased'}]",[],,,"¥4,549,254",34.0,"¥1,566,115",,,,,,,
13386082537,153020449,103,122783,103,2,4,7_7,7,7,7,False,False,1,,False,False,[1],594,Lower,1,True,"[{'listingNoteId': -1, 'listingNoteContentId': 3338094, 'formattedListingNoteContent': 'Clear view', 'listingNoteTypeId': 3, 'showToBuyer': True, 'hideInMock': False, 'siteAddedListingNote': False, 'aisleListingNoteWithSplit': False, 'listingNoteDescriptionContentId': 3338095, 'formattedListingNoteDescription': ""You'll have an unrestricted view of the show.""}]","[{'listingNoteBucketId': 27, 'formattedListingNoteContent': 'Clear view', 'displayOrder': 8, 'showsRawNoteText': True, 'sourceListingNoteId': -1}]",2112143,False,False,Row 4,False,2983139,"¥2,983,139","¥2,983,139",10,Mobile Transfer ticket,3,1,USD,JPY,,USD,"https://img.vggcdn.net/img/vfsimage2/812551/594_122783/0.jpg?im=Resize=(500,271)&v=771",9 hours ago,7,False,False,False,False,snpqjewS6OkFMWOaTKFs5u86xX1cV9JS%2fkL%2fA0A68pQ%3d,False,2026-07-17T20:37:38.5970000Z,False,False,False,True,False,False,0,False,[6],,False,False,False,False,0,False,False,0,13386082537,False,2433E5C5-E76E-4913-B79B-0DDD5A0CD75D,False,False,True,4,7.0430454444616,1.429990262,Fan favorite,This section is in the top 10% of sections for this event when ranked based on a count of successful sales over the past 7 days on our site,True,,,,,"[{'message': 'Great Value', 'qualifier': 'Based on price, view, seat quality and more', 'hasValue': True, 'messageType': 'ValueBased'}, {'message': 'Popular Pick', 'qualifier': '15 tickets sold for this event', 'hasValue': True, 'messageType': 'BoughtInLastHourSocialProofBased'}]",[],,,,,,,,,,,,
13387711652,153020449,109,122787,109,2,15,7_9,,,7,False,False,3,,False,False,"[1, 3]",594,Lower,3,True,"[{'listingNoteId': 814, 'listingNoteContentId': 2446060, 'formattedListingNoteContent': 'Limited or Obstructed View (printed on ticket)', 'listingNoteTypeId': 1, 'showToBuyer': True, 'hideInMock': False, 'siteAddedListingNote': False, 'aisleListingNoteWithSplit': False, 'listingNoteDescriptionContentId': 2446061, 'formattedListingNoteDescription': 'Limited or Obstructed View (printed on ticket)'}]","[{'listingNoteBucketId': 21, 'formattedListingNoteContent': 'Limited view', 'displayOrder': 21, 'showsRawNoteText': False}]",2112292,False,False,Row 15,False,3011189,"¥3,011,189","¥3,011,189",10,Mobile Transfer ticket,3,1,EUR,JPY,11000.0,EUR,"https://img.vggcdn.net/img/vfsimage2/812551/594_122787/0.jpg?im=Resize=(500,271)&v=771",5 hours ago,7,False,False,False,False,CAcRhqn9wLRHmAWJy549pLGSFPRltQfAz%2fUe6HXpcf0%3d,False,2026-07-18T00:36:56.8070000Z,False,False,False,False,False,False,0,False,,,False,False,False,False,0,False,False,0,13387711652,False,60A5CB12-82D2-48D5-BD21-0A49CB264CBA,False,False,True,4,7.411554774139183,1.506041195,,,,,,,,"[{'message': 'Great Value', 'qualifier': 'Based on price, view, seat quality and more', 'hasValue': True, 'messageType': 'ValueBased'}, {'message': 'Popular Pick', 'qualifier': '15 tickets sold for this event', 'hasValue': True, 'messageType': 'BoughtInLastHourSocialProofBased'}]",[],,,,,,,,,,,,
13194156391,153020449,232C,1530794,232C,2,,_,,,,False,False,2,,False,False,"[1, 2]",471,Middle,2,True,"[{'listingNoteId': 175, 'listingNoteContentId': 2444706, 'formattedListingNoteContent': 'Unlimited Food and Drinks', 'listingNoteTypeId': 3, 'showToBuyer': True, 'hideInMock': False, 'siteAddedListingNote': False, 'aisleListingNoteWithSplit': False, 'listingNoteDescriptionContentId': 2444707, 'formattedListingNoteDescription': 'Includes unlimited food and drinks (beer, wine and soft drinks)'}, {'listingNoteId': 1538, 'listingNoteContentId': 2447598, 'formattedListingNoteContent': 'Early VIP Entrance', 'listingNoteTypeId': 4, 'showToBuyer': True, 'hideInMock': False, 'siteAddedListingNote': False, 'aisleListingNoteWithSplit': False, 'listingNoteDescriptionContentId': 2447599, 'formattedListingNoteDescription': 'Early VIP Entrance'}, {'listingNoteId': 2035, 'listingNoteContentId': 3542472, 'formattedListingNoteContent': 'Includes food, wine, beer and soft drinks (no liquor)', 'listingNoteTypeId': 3, 'showToBuyer': True, 'hideInMock': False, 'siteAddedListingNote': False, 'aisleListingNoteWithSplit': False, 'listingNoteDescriptionContentId': 3542473, 'formattedListingNoteDescription': 'Includes food, wine, beer and soft drinks (no liquor)'}, {'listingNoteId': 2344, 'listingNoteContentId': 4216766, 'formattedListingNoteContent': 'Includes Offsite Hospitality', 'listingNoteTypeId': 3, 'showToBuyer': True, 'hideInMock': False, 'siteAddedListingNote': False, 'aisleListingNoteWithSplit': False, 'formattedListingNoteDescription': ''}, {'listingNoteId': -1, 'listingNoteContentId': 3338094, 'formattedListingNoteContent': 'Clear view', 'listingNoteTypeId': 3, 'showToBuyer': True, 'hideInMock': False, 'siteAddedListingNote': False, 'aisleListingNoteWithSplit': False, 'listingNoteDescriptionContentId': 3338095, 'formattedListingNoteDescription': ""You'll have an unrestricted view of the show.""}]","[{'listingNoteBucketId': 7, 'formattedListingNoteContent': 'Food & beverages', 'displayOrder': 7, 'showsRawNoteText': False}, {'listingNoteBucketId': 10, 'formattedListingNoteContent': 'Exclusive entry', 'displayOrder': 10, 'showsRawNoteText': False}, {'listingNoteBucketId': 0, 'formattedListingNoteContent': 'Includes Offsite Hospitality', 'displayOrder': 30, 'showsRawNoteText': True, 'sourceListingNoteId': 2344}, {'listingNoteBucketId': 27, 'formattedListingNoteContent': 'Clear view', 'displayOrder': 8, 'showsRawNoteText': True, 'sourceListingNoteId': -1}]",1582978,False,False,Row,True,3015567,"¥3,015,567","¥3,015,567",10,Mobile Transfer ticket,3,1,GBP,JPY,10000.0,GBP,"https://img.vggcdn.net/img/vfsimage2/812551/471_1530794/0.jpg?im=Resize=(500,271)&v=771",17 days ago,3,False,False,False,False,IKEGJ3U41I5Eu8jBhIdr0HfmgoCJD0vmUYz9k1fmFdk%3d,False,2026-06-30T12:25:35.3870000Z,False,False,False,False,False,False,0,False,,,False,False,False,False,0,False,False,0,13194156391,False,DE28DC80-B866-4491-8AD8-DE76CFCF6602,False,False,True,2,2.9043310042387738,0.853252778,,,,,,,,"[{'message': 'Popular Pick', 'qualifier': '15 tickets sold for this event', 'hasValue': True, 'messageType': 'BoughtInLastHourSocialProofBased'}]",[],,,"¥3,845,290",22.0,"¥829,723",,,,,,,
13387928587,153020449,135,122803,135,2,33,_,,,,False,False,1,,False,False,[1],594,Lower,1,True,"[{'listingNoteId': 814, 'listingNoteContentId': 2446060, 'formattedListingNoteContent': 'Limited or Obstructed View (printed on ticket)', 'listingNoteTypeId': 1, 'showToBuyer': True, 'hideInMock': False, 'siteAddedListingNote': False, 'aisleListingNoteWithSplit': False, 'listingNoteDescriptionContentId': 2446061, 'formattedListingNoteDescription': 'Limited or Obstructed View (printed on ticket)'}]","[{'listingNoteBucketId': 21, 'formattedListingNoteContent': 'Limited view', 'displayOrder': 21, 'showsRawNoteText': False}]",2113048,False,False,Row 33,False,3057219,"¥3,057,219","¥3,057,219",10,Mobile Transfer ticket,3,1,USD,JPY,10990.0,USD,"https://img.vggcdn.net/img/vfsimage2/812551/594_122803/0.jpg?im=Resize=(500,271)&v=771",4 hours ago,7,False,False,False,False,MB%2b%2bIvN9%2bkYREer0VnjcU6Pq11kmevmZSDsddoI%2bBxM%3d,False,2026-07-18T01:24:36.4230000Z,False,False,False,False,False,False,0,False,,,False,False,False,False,0,False,False,0,13387928587,False,6986C10C-AFB8-4788-A127-B751330AE41C,False,False,True,3,6.887927912435096,1.436318915,,,,,,,,"[{'message': 'Popular Pick', 'qualifier': '15 tickets sold for this event', 'hasValue': True, 'messageType': 'BoughtInLastHourSocialProofBased'}]",[],,,,,,,,,,,,
13387928583,153020449,135,122803,135,2,34,_,,,,False,False,1,,False,False,[1],594,Lower,1,True,"[{'listingNoteId': 814, 'listingNoteContentId': 2446060, 'formattedListingNoteContent': 'Limited or Obstructed View (printed on ticket)', 'listingNoteTypeId': 1, 'showToBuyer': True, 'hideInMock': False, 'siteAddedListingNote': False, 'aisleListingNoteWithSplit': False, 'listingNoteDescriptionContentId': 2446061, 'formattedListingNoteDescription': 'Limited or Obstructed View (printed on ticket)'}]","[{'listingNoteBucketId': 21, 'formattedListingNoteContent': 'Limited view', 'displayOrder': 21, 'showsRawNoteText': False}]",2113049,False,False,Row 34,False,3057219,"¥3,057,219","¥3,057,219",10,Mobile Transfer ticket,3,1,USD,JPY,10990.0,USD,"https://img.vggcdn.net/img/vfsimage2/812551/594_122803/0.jpg?im=Resize=(500,271)&v=771",4 hours ago,7,False,False,False,False,MB%2b%2bIvN9%2bkYREer0VnjcU6Pq11kmevmZSDsddoI%2bBxM%3d,False,2026-07-18T01:24:36.4030000Z,False,False,False,False,False,False,0,False,,,False,False,False,False,0,False,False,0,13387928583,False,8071A651-DD81-4BE1-B86A-7CF53F37E8C4,False,False,True,3,6.7216948232054605,1.406424501,,,,,,,,"[{'message': 'Popular Pick', 'qualifier': '15 tickets sold for this event', 'hasValue': True, 'messageType': 'BoughtInLastHourSocialProofBased'}]",[],,,,,,,,,,,,
13388295003,153020449,143,122808,143,2,24,8000_8002,,,8000,False,False,3,,False,False,"[1, 3]",594,Lower,3,True,"[{'listingNoteId': -1, 'listingNoteContentId': 3338094, 'formattedListingNoteContent': 'Clear view', 'listingNoteTypeId': 3, 'showToBuyer': True, 'hideInMock': False, 'siteAddedListingNote': False, 'aisleListingNoteWithSplit': False, 'listingNoteDescriptionContentId': 3338095, 'formattedListingNoteDescription': ""You'll have an unrestricted view of the show.""}]","[{'listingNoteBucketId': 27, 'formattedListingNoteContent': 'Clear view', 'displayOrder': 8, 'showsRawNoteText': True, 'sourceListingNoteId': -1}]",2113184,False,False,Row 24,False,3105624,"¥3,105,624","¥3,105,624",10,Mobile Transfer ticket,3,1,USD,JPY,0.0,USD,"https://img.vggcdn.net/img/vfsimage2/812551/594_122808/0.jpg?im=Resize=(500,271)&v=771",3 hours ago,7,False,False,False,False,IxMeX1GJhqRBs10xCPGxJpbWvwQ%2fzVkRfehdL%2bpTDeQ%3d,False,2026-07-18T02:53:10.2000000Z,False,False,False,False,False,False,0,False,,,False,False,False,False,0,False,False,0,13388295003,False,49646273-1DB8-45CC-AFBE-A1CFD0A0B86F,False,False,True,3,6.87542171430618,1.456734289,,,,,,,,"[{'message': 'Popular Pick', 'qualifier': '15 tickets sold for this event', 'hasValue': True, 'messageType': 'BoughtInLastHourSocialProofBased'}]",[],,,,,,,,,,,,
13384002935,153020449,111A,1530766,111A,2,35,3_3,,,3,False,False,1,,False,False,[1],594,Lower,1,True,"[{'listingNoteId': -1, 'listingNoteContentId': 3338094, 'formattedListingNoteContent': 'Clear view', 'listingNoteTypeId': 3, 'showToBuyer': True, 'hideInMock': False, 'siteAddedListingNote': False, 'aisleListingNoteWithSplit': False, 'listingNoteDescriptionContentId': 3338095, 'formattedListingNoteDescription': ""You'll have an unrestricted view of the show.""}]","[{'listingNoteBucketId': 27, 'formattedListingNoteContent': 'Clear view', 'displayOrder': 8, 'showsRawNoteText': True, 'sourceListingNoteId': -1}]",2112388,False,False,Row 35,False,3116794,"¥3,116,794","¥3,116,794",10,Mobile Transfer ticket,3,14,USD,JPY,0.0,USD,"https://img.vggcdn.net/img/vfsimage2/812551/594_1530766/0.jpg?im=Resize=(500,271)&v=771",13 hours ago,6,False,False,False,False,SZgVQ%2fj2KCKN8S5ACUJcD8HCP75ELWRl0dJdbA6FCDI%3d,False,2026-07-17T16:24:55.3570000Z,False,False,False,False,False,False,0,False,,,False,False,False,False,0,False,False,0,13384002935,False,D1B261B5-F1D8-435C-AE9C-BAA0308D2657,False,False,True,3,5.923787224187406,1.303602585,,,,,,,,"[{'message': 'Popular Pick', 'qualifier': '15 tickets sold for this event', 'hasValue': True, 'messageType': 'BoughtInLastHourSocialProofBased'}]",[],,,"¥4,069,668",23.0,"¥952,874",,,,,,,
13367629921,153020449,Spain Supporters Standard Tier,2447958,Spain Supporters Standard Tier,2,,_,,,,False,False,2,,False,False,"[1, 2]",1666,Spain Supporters,2,True,"[{'listingNoteId': -1, 'listingNoteContentId': 3338094, 'formattedListingNoteContent': 'Clear view', 'listingNoteTypeId': 3, 'showToBuyer': True, 'hideInMock': False, 'siteAddedListingNote': False, 'aisleListingNoteWithSplit': False, 'listingNoteDescriptionContentId': 3338095, 'formattedListingNoteDescription': ""You'll have an unrestricted view of the show.""}]","[{'listingNoteBucketId': 27, 'formattedListingNoteContent': 'Clear view', 'displayOrder': 8, 'showsRawNoteText': True, 'sourceListingNoteId': -1}]",4847588,False,False,Row,True,3119602,"¥3,119,602","¥3,119,602",10,Mobile Transfer ticket,3,1,USD,JPY,10000.0,USD,"https://img.vggcdn.net/img/vfsimage2/812551/1666_2447958/0.jpg?im=Resize=(500,271)&v=771",2 days ago,6,False,False,False,False,igjMyzQP1%2bbqxfI%2b5AH3VhvvTkEJSdl4rwm2TVEgpHI%3d,False,2026-07-16T04:58:48.2230000Z,False,False,False,False,False,False,0,False,[7],,False,False,False,False,0,False,False,0,13367629921,False,0B4CEA1A-AB4F-4412-B1D8-1FFD075FA9CD,False,False,True,3,5.592803615612508,1.25740229,,,,,,,,"[{'message': 'Popular Pick', 'qualifier': '15 tickets sold for this event', 'hasValue': True, 'messageType': 'BoughtInLastHourSocialProofBased'}]",[],Last tickets,True,,,,,,,,,,
13388308290,153020449,232C,1530794,232C,2,14,_,,,,False,False,4,,False,False,"[1, 2, 3, 4]",471,Middle,4,True,"[{'listingNoteId': -1, 'listingNoteContentId': 3338094, 'formattedListingNoteContent': 'Clear view', 'listingNoteTypeId': 3, 'showToBuyer': True, 'hideInMock': False, 'siteAddedListingNote': False, 'aisleListingNoteWithSplit': False, 'listingNoteDescriptionContentId': 3338095, 'formattedListingNoteDescription': ""You'll have an unrestricted view of the show.""}]","[{'listingNoteBucketId': 27, 'formattedListingNoteContent': 'Clear view', 'displayOrder': 8, 'showsRawNoteText': True, 'sourceListingNoteId': -1}]",1593479,False,False,Row 14,False,3119602,"¥3,119,602","¥3,119,602",10,Mobile Transfer ticket,3,1,USD,JPY,10990.0,USD,"https://img.vggcdn.net/img/vfsimage2/812551/471_1530794/0.jpg?im=Resize=(500,271)&v=771",3 hours ago,3,False,False,False,False,GVjq8PWgKuX%2fyeuI2z1ccUvPtBuxAwsbdcKuskGxOzk%3d,False,2026-07-18T02:58:06.5730000Z,False,False,False,False,False,False,0,False,,,False,False,False,False,0,False,False,0,13388308290,False,19FBD13F-20DB-404A-948E-A9C865F1A961,False,False,True,2,2.9323657978565825,0.885675885,,,,,,,,"[{'message': 'Popular Pick', 'qualifier': '15 tickets sold for this event', 'hasValue': True, 'messageType': 'BoughtInLastHourSocialProofBased'}]",[],,,"¥3,976,977",22.0,"¥857,375",,,,,,,
13387639834,153020449,115C,1530769,115C,2,29,_,,,,False,False,1,,False,False,[1],594,Lower,1,True,"[{'listingNoteId': 814, 'listingNoteContentId': 2446060, 'formattedListingNoteContent': 'Limited or Obstructed View (printed on ticket)', 'listingNoteTypeId': 1, 'showToBuyer': True, 'hideInMock': False, 'siteAddedListingNote': False, 'aisleListingNoteWithSplit': False, 'listingNoteDescriptionContentId': 2446061, 'formattedListingNoteDescription': 'Limited or Obstructed View (printed on ticket)'}]","[{'listingNoteBucketId': 21, 'formattedListingNoteContent': 'Limited view', 'displayOrder': 21, 'showsRawNoteText': False}]",1590958,False,False,Row 29,False,3119819,"¥3,119,819","¥3,119,819",10,Mobile Transfer ticket,3,1,USD,JPY,10990.0,USD,"https://img.vggcdn.net/img/vfsimage2/812551/594_1530769/0.jpg?im=Resize=(500,271)&v=771",5 hours ago,9,False,False,False,False,MBWV%2bBwdyA7GRGpWwwPJHP6UoV%2fmuGneBLV%2f17ZgiPA%3d,False,2026-07-18T00:19:45.9200000Z,False,False,False,False,False,False,0,False,,,False,False,False,False,0,False,False,0,13387639834,False,082AAC66-81EA-4EEB-90C1-3EDA64A7D6CF,False,False,True,5,9.299162500821343,2.148637979,,,,,,,,"[{'message': 'Amazing Value', 'qualifier': 'Based on price, view, seat quality and more', 'hasValue': True, 'messageType': 'ValueBased'}, {'message': 'Popular Pick', 'qualifier': '15 tickets sold for this event', 'hasValue': True, 'messageType': 'BoughtInLastHourSocialProofBased'}]",[],,,,,,,,,,,,
13364048140,153020449,149,122812,149,2,7,12_14,,,12,False,False,3,,False,False,"[1, 3]",594,Lower,3,True,"[{'listingNoteId': -1, 'listingNoteContentId': 3338094, 'formattedListingNoteContent': 'Clear view', 'listingNoteTypeId': 3, 'showToBuyer': True, 'hideInMock': False, 'siteAddedListingNote': False, 'aisleListingNoteWithSplit': False, 'listingNoteDescriptionContentId': 3338095, 'formattedListingNoteDescription': ""You'll have an unrestricted view of the show.""}]","[{'listingNoteBucketId': 27, 'formattedListingNoteContent': 'Clear view', 'displayOrder': 8, 'showsRawNoteText': True, 'sourceListingNoteId': -1}]",2113372,False,False,Row 7,False,3205495,"¥3,205,495","¥3,205,495",10,Mobile Transfer ticket,3,1,USD,JPY,0.0,USD,"https://img.vggcdn.net/img/vfsimage2/812551/594_122812/0.jpg?im=Resize=(500,271)&v=771",2 days ago,7,False,False,False,False,aQJNqYksFe0behQBoDD%2fsFU07hbUQShYAtPHldLaZI0%3d,False,2026-07-15T20:58:41.9000000Z,False,False,False,False,False,False,0,False,,,False,False,False,False,0,False,False,0,13364048140,False,44E570D0-C8B4-4CA0-8E90-DC37E4DAF33C,False,False,True,3,6.990523719515098,1.526010398,,,,,,,,"[{'message': 'Popular Pick', 'qualifier': '15 tickets sold for this event', 'hasValue': True, 'messageType': 'BoughtInLastHourSocialProofBased'}]",[],,,,,,,,,,,,
13150475653,153020449,209,122842,209,2,12W,_,,,,False,False,1,,False,False,[1],471,Middle,1,True,"[{'listingNoteId': -1, 'listingNoteContentId': 3338094, 'formattedListingNoteContent': 'Clear view', 'listingNoteTypeId': 3, 'showToBuyer': True, 'hideInMock': False, 'siteAddedListingNote': False, 'aisleListingNoteWithSplit': False, 'listingNoteDescriptionContentId': 3338095, 'formattedListingNoteDescription': ""You'll have an unrestricted view of the show.""}]","[{'listingNoteBucketId': 27, 'formattedListingNoteContent': 'Clear view', 'displayOrder': 8, 'showsRawNoteText': True, 'sourceListingNoteId': -1}]",2113428,False,False,Row 12W,False,3206353,"¥3,206,353","¥3,206,353",10,Mobile Transfer ticket,3,1,USD,JPY,0.0,USD,"https://img.vggcdn.net/img/vfsimage2/812551/471_122842/0.jpg?im=Resize=(500,271)&v=771",22 days ago,4,False,False,False,False,4cWYD83NS31mwAqe9cjIYfkn6ZLkiPvseYOnGENwOFw%3d,False,2026-06-26T04:26:31.4400000Z,False,False,False,False,False,False,0,False,,,False,False,False,False,0,False,False,0,13150475653,False,5654F81A-1C66-4CD0-81F1-75535D1762FD,False,False,True,2,4.251541560073588,1.082395447,,,,,,,,"[{'message': 'Popular Pick', 'qualifier': '15 tickets sold for this event', 'hasValue': True, 'messageType': 'BoughtInLastHourSocialProofBased'}]",[],,,"¥4,691,385",32.0,"¥1,485,032",,,,,,,
13315774554,153020449,209,122842,209,2,4,_,,,,False,False,1,,False,False,[1],471,Middle,1,True,"[{'listingNoteId': 165, 'listingNoteContentId': 2444685, 'formattedListingNoteContent': 'Preferred Seating', 'listingNoteTypeId': 3, 'showToBuyer': True, 'hideInMock': False, 'siteAddedListingNote': False, 'aisleListingNoteWithSplit': False, 'listingNoteDescriptionContentId': 2444686, 'formattedListingNoteDescription': 'Preferred Seating'}, {'listingNoteId': -1, 'listingNoteContentId': 3338094, 'formattedListingNoteContent': 'Clear view', 'listingNoteTypeId': 3, 'showToBuyer': True, 'hideInMock': False, 'siteAddedListingNote': False, 'aisleListingNoteWithSplit': False, 'listingNoteDescriptionContentId': 3338095, 'formattedListingNoteDescription': ""You'll have an unrestricted view of the show.""}]","[{'listingNoteBucketId': 11, 'formattedListingNoteContent': 'Preferred Seating', 'displayOrder': 11, 'showsRawNoteText': True, 'sourceListingNoteId': 165}, {'listingNoteBucketId': 27, 'formattedListingNoteContent': 'Clear view', 'displayOrder': 8, 'showsRawNoteText': True, 'sourceListingNoteId': -1}]",702838,False,False,Row 4,False,3211812,"¥3,211,812","¥3,211,812",10,Mobile Transfer ticket,3,1,USD,JPY,0.0,USD,"https://img.vggcdn.net/img/vfsimage2/812551/471_122842/0.jpg?im=Resize=(500,271)&v=771",7 days ago,6,False,False,False,False,mpJQZMEv%2fkWIDzAdTay%2bw9kXtDNkmJmu5FNbLmpkgVI%3d,False,2026-07-10T15:26:53.5530000Z,False,False,False,False,False,False,0,False,,,False,False,False,False,0,False,False,0,13315774554,False,51F07F6B-98A5-4C95-A606-9DBC8E74C8B2,False,False,True,3,6.036755449193165,1.360849678,,,,,,,,"[{'message': 'Popular Pick', 'qualifier': '15 tickets sold for this event', 'hasValue': True, 'messageType': 'BoughtInLastHourSocialProofBased'}]",[],,,"¥4,833,546",34.0,"¥1,621,734",,,,,,,
13388308251,153020449,124,122796,124,2,1,_,,,,False,False,6,,False,False,"[1, 2, 3, 4, 5, 6]",594,Lower,6,True,"[{'listingNoteId': 811, 'listingNoteContentId': 2446054, 'formattedListingNoteContent': 'Actual 1st row of the section', 'listingNoteTypeId': 3, 'showToBuyer': True, 'hideInMock': False, 'siteAddedListingNote': False, 'aisleListingNoteWithSplit': False, 'listingNoteDescriptionContentId': 2446055, 'formattedListingNoteDescription': 'Actual 1st row of the section'}, {'listingNoteId': -1, 'listingNoteContentId': 3338094, 'formattedListingNoteContent': 'Clear view', 'listingNoteTypeId': 3, 'showToBuyer': True, 'hideInMock': False, 'siteAddedListingNote': False, 'aisleListingNoteWithSplit': False, 'listingNoteDescriptionContentId': 3338095, 'formattedListingNoteDescription': ""You'll have an unrestricted view of the show.""}]","[{'listingNoteBucketId': 0, 'formattedListingNoteContent': 'Actual 1st row of the section', 'displayOrder': 30, 'showsRawNoteText': True, 'sourceListingNoteId': 811}, {'listingNoteBucketId': 27, 'formattedListingNoteContent': 'Clear view', 'displayOrder': 8, 'showsRawNoteText': True, 'sourceListingNoteId': -1}]",2112716,False,False,Row 1,False,3217075,"¥3,217,075","¥3,217,075",10,Mobile Transfer ticket,3,1,USD,JPY,10990.0,USD,"https://img.vggcdn.net/img/vfsimage2/812551/594_122796/0.jpg?im=Resize=(500,271)&v=771",3 hours ago,8,False,False,False,False,gJiWpVXu%2fOoP9HPJ84ieNiT6sddTZcwIO4avT7YCKZg%3d,False,2026-07-18T02:58:06.2000000Z,False,False,False,False,False,False,0,False,,,False,False,False,False,0,False,False,0,13388308251,False,213B26EC-B3A2-4F67-B97B-BC767A009210,False,False,True,4,7.525299860463918,1.630861575,,,,,,,,"[{'message': 'Great Value', 'qualifier': 'Based on price, view, seat quality and more', 'hasValue': True, 'messageType': 'ValueBased'}, {'message': 'Popular Pick', 'qualifier': '15 tickets sold for this event', 'hasValue': True, 'messageType': 'BoughtInLastHourSocialProofBased'}, {'message': 'Front Row', 'qualifier': 'Best seats in the house', 'hasValue': True, 'messageType': 'FirstRowTicketAttributeBased'}]",[811],,,,,,,,,,,,
13384673124,153020449,144,122809,144,2,10,4_4,,,4,False,False,1,,False,False,[1],594,Lower,1,True,"[{'listingNoteId': -1, 'listingNoteContentId': 3338094, 'formattedListingNoteContent': 'Clear view', 'listingNoteTypeId': 3, 'showToBuyer': True, 'hideInMock': False, 'siteAddedListingNote': False, 'aisleListingNoteWithSplit': False, 'listingNoteDescriptionContentId': 3338095, 'formattedListingNoteDescription': ""You'll have an unrestricted view of the show.""}]","[{'listingNoteBucketId': 27, 'formattedListingNoteContent': 'Clear view', 'displayOrder': 8, 'showsRawNoteText': True, 'sourceListingNoteId': -1}]",2113202,False,False,Row 10,False,3233657,"¥3,233,657","¥3,233,657",10,Mobile Transfer ticket,3,14,USD,JPY,0.0,USD,"https://img.vggcdn.net/img/vfsimage2/812551/594_122809/0.jpg?im=Resize=(500,271)&v=771",12 hours ago,7,False,False,False,False,v1evemdPSfaLRzuwbI2OhifVm1mKtO8aRHKodQZ1ZOA%3d,False,2026-07-17T17:37:18.5630000Z,False,False,False,False,False,False,0,False,[7],,False,False,False,False,0,False,False,0,13384673124,False,1596733B-78BB-4DA4-AB5A-11266FF666F2,False,False,True,4,7.353595378584963,1.606366535,,,,,,,,"[{'message': 'Great Value', 'qualifier': 'Based on price, view, seat quality and more', 'hasValue': True, 'messageType': 'ValueBased'}, {'message': 'Popular Pick', 'qualifier': '15 tickets sold for this event', 'hasValue': True, 'messageType': 'BoughtInLastHourSocialProofBased'}]",[],Last ticket,True,,,,,,,,,,
13387634159,153020449,210,122843,210,2,12,5_7,,,5,False,False,3,,False,False,"[1, 2, 3]",471,Middle,3,True,"[{'listingNoteId': -1, 'listingNoteContentId': 3338094, 'formattedListingNoteContent': 'Clear view', 'listingNoteTypeId': 3, 'showToBuyer': True, 'hideInMock': False, 'siteAddedListingNote': False, 'aisleListingNoteWithSplit': False, 'listingNoteDescriptionContentId': 3338095, 'formattedListingNoteDescription': ""You'll have an unrestricted view of the show.""}]","[{'listingNoteBucketId': 27, 'formattedListingNoteContent': 'Clear view', 'displayOrder': 8, 'showsRawNoteText': True, 'sourceListingNoteId': -1}]",702858,False,False,Row 12,False,3253630,"¥3,253,630","¥3,253,630",10,Mobile Transfer ticket,3,1,GBP,JPY,8500.0,GBP,"https://img.vggcdn.net/img/vfsimage2/812551/471_122843/0.jpg?im=Resize=(500,271)&v=771",5 hours ago,5,False,False,False,False,el9Qowj%2fjC9CZxAy%2fdAtLq%2bc%2bPL%2bf5WlJpQjPtMa9Hc%3d,False,2026-07-18T00:18:37.0930000Z,False,False,False,False,False,False,0,False,[7],,False,False,False,False,0,False,False,0,13387634159,False,F3837310-7C3D-4243-B8DD-CCAA9072AEBC,False,False,True,3,5.249261171510251,1.263804131,,,,,,,,"[{'message': 'Popular Pick', 'qualifier': '15 tickets sold for this event', 'hasValue': True, 'messageType': 'BoughtInLastHourSocialProofBased'}]",[],Last tickets,True,,,,,,,,,,
13382102329,153020449,116,122791,116,2,10,10_10,,,10,False,False,1,,False,False,[1],594,Lower,1,True,"[{'listingNoteId': -1, 'listingNoteContentId': 3338094, 'formattedListingNoteContent': 'Clear view', 'listingNoteTypeId': 3, 'showToBuyer': True, 'hideInMock': False, 'siteAddedListingNote': False, 'aisleListingNoteWithSplit': False, 'listingNoteDescriptionContentId': 3338095, 'formattedListingNoteDescription': ""You'll have an unrestricted view of the show.""}]","[{'listingNoteBucketId': 27, 'formattedListingNoteContent': 'Clear view', 'displayOrder': 8, 'showsRawNoteText': True, 'sourceListingNoteId': -1}]",2112514,False,False,Row 10,False,3780936,"¥3,780,936","¥3,780,936",10,Mobile Transfer ticket,3,1,EUR,JPY,10900.0,EUR,"https://img.vggcdn.net/img/vfsimage2/812551/594_122791/0.jpg?im=Resize=(500,271)&v=771",19 hours ago,9,False,False,False,False,nPnAcib3OFgW%2bddFIX9e7Pfqpicfk5drniuyW90Yxlg%3d,False,2026-07-17T10:45:14.1300000Z,False,False,False,False,False,False,0,False,[7],,False,False,False,False,0,False,False,0,13382102329,False,8FCA1DE2-B2B7-46B8-B1D5-E1A2E3EF8094,False,False,True,5,8.654691349816964,2.241669012,,,,,,,,"[{'message': 'Amazing Value', 'qualifier': 'Based on price, view, seat quality and more', 'hasValue': True, 'messageType': 'ValueBased'}, {'message': 'Popular Pick', 'qualifier': '15 tickets sold for this event', 'hasValue': True, 'messageType': 'BoughtInLastHourSocialProofBased'}]",[],Last ticket,True,,,,,,,,,,
13386856488,153020449,123,122795,123,2,17,1_4,,,1,False,False,4,,False,False,"[1, 2, 4]",594,Lower,4,True,"[{'listingNoteId': -1, 'listingNoteContentId': 3338094, 'formattedListingNoteContent': 'Clear view', 'listingNoteTypeId': 3, 'showToBuyer': True, 'hideInMock': False, 'siteAddedListingNote': False, 'aisleListingNoteWithSplit': False, 'listingNoteDescriptionContentId': 3338095, 'formattedListingNoteDescription': ""You'll have an unrestricted view of the show.""}]","[{'listingNoteBucketId': 14, 'formattedListingNoteContent': 'Aisle seat', 'displayOrder': 14, 'showsRawNoteText': True, 'sourceListingNoteId': 2024}, {'listingNoteBucketId': 27, 'formattedListingNoteContent': 'Clear view', 'displayOrder': 8, 'showsRawNoteText': True, 'sourceListingNoteId': -1}]",2112676,False,False,Row 17,False,3811664,"¥3,811,664","¥3,811,664",13,Mobile ticket,4,1,USD,JPY,5000.0,USD,"https://img.vggcdn.net/img/vfsimage2/812551/594_122795/0.jpg?im=Resize=(500,271)&v=771",7 hours ago,5,False,False,False,False,judUKfECDR0dCh517BAAtF671Uhcd4Iyj1z7%2b7Mt7xQ%3d,False,2026-07-17T22:41:54.0830000Z,False,False,False,False,False,False,0,False,,,False,False,False,False,0,False,False,0,13386856488,False,DD5B5B19-CF92-472F-A568-1CF95B3656A3,False,False,True,2,4.56822121528317,1.347934763,,,,,,,,"[{'message': 'Popular Pick', 'qualifier': '15 tickets sold for this event', 'hasValue': True, 'messageType': 'BoughtInLastHourSocialProofBased'}, {'message': 'Aisle Seat', 'qualifier': 'Easy access to your seat', 'hasValue': True, 'messageType': 'AisleSeatTicketAttributeBased'}]",[2024],,,,,,,,,,,,
13386258853,153020449,143,122808,143,2,19,_,,,,False,False,3,,False,False,"[1, 3]",594,Lower,3,True,"[{'listingNoteId': -1, 'listingNoteContentId': 3338094, 'formattedListingNoteContent': 'Clear view', 'listingNoteTypeId': 3, 'showToBuyer': True, 'hideInMock': False, 'siteAddedListingNote': False, 'aisleListingNoteWithSplit': False, 'listingNoteDescriptionContentId': 3338095, 'formattedListingNoteDescription': ""You'll have an unrestricted view of the show.""}]","[{'listingNoteBucketId': 27, 'formattedListingNoteContent': 'Clear view', 'displayOrder': 8, 'showsRawNoteText': True, 'sourceListingNoteId': -1}]",2113178,False,False,Row 19,False,3821220,"¥3,821,220","¥3,821,220",10,Mobile Transfer ticket,3,1,USD,JPY,13086.0,USD,"https://img.vggcdn.net/img/vfsimage2/812551/594_122808/0.jpg?im=Resize=(500,271)&v=771",8 hours ago,6,False,False,False,False,gCLrHa0oqGJJLaeluD6Sqk5EH1G6%2fX%2bWk70b8l5dujk%3d,False,2026-07-17T21:07:11.7000000Z,False,False,False,False,False,False,0,False,,,False,False,False,False,0,False,False,0,13386258853,False,396A7862-E7B0-4AB1-9A77-59004D6DE1F2,False,False,True,3,6.050745461518507,1.621708929,,,,,,,,"[{'message': 'Popular Pick', 'qualifier': '15 tickets sold for this event', 'hasValue': True, 'messageType': 'BoughtInLastHourSocialProofBased'}]",[],,,,,,,,,,,,
13374673023,153020449,109,122787,109,2,9,22_22,22,22,22,False,False,1,,False,False,[1],594,Lower,1,True,"[{'listingNoteId': -1, 'listingNoteContentId': 3338094, 'formattedListingNoteContent': 'Clear view', 'listingNoteTypeId': 3, 'showToBuyer': True, 'hideInMock': False, 'siteAddedListingNote': False, 'aisleListingNoteWithSplit': False, 'listingNoteDescriptionContentId': 3338095, 'formattedListingNoteDescription': ""You'll have an unrestricted view of the show.""}]","[{'listingNoteBucketId': 27, 'formattedListingNoteContent': 'Clear view', 'displayOrder': 8, 'showsRawNoteText': True, 'sourceListingNoteId': -1}]",2112322,False,False,Row 9,False,3860401,"¥3,860,401","¥3,860,401",10,Mobile Transfer ticket,3,1,USD,JPY,,USD,"https://img.vggcdn.net/img/vfsimage2/812551/594_122787/0.jpg?im=Resize=(500,271)&v=771",yesterday,6,False,False,False,False,uF3KQhXHUruz3SdpJMXHsvD4wKnaQT0qAibWn5AqX3o%3d,False,2026-07-16T17:44:09.5400000Z,False,False,False,False,False,False,0,False,,,False,False,False,False,0,False,False,0,13374673023,False,7F238846-72F9-4FD9-9415-3D643C82D227,False,False,True,3,6.0383772647256855,1.636002085,,,,,,,,"[{'message': 'Popular Pick', 'qualifier': '15 tickets sold for this event', 'hasValue': True, 'messageType': 'BoughtInLastHourSocialProofBased'}]",[],,,"¥4,928,239",22.0,"¥1,067,838",,,,,,,
13384346256,153020449,115A,1530768,115A,2,34,7_7,,,7,False,False,1,,False,False,[1],594,Lower,1,True,"[{'listingNoteId': -1, 'listingNoteContentId': 3338094, 'formattedListingNoteContent': 'Clear view', 'listingNoteTypeId': 3, 'showToBuyer': True, 'hideInMock': False, 'siteAddedListingNote': False, 'aisleListingNoteWithSplit': False, 'listingNoteDescriptionContentId': 3338095, 'formattedListingNoteDescription': ""You'll have an unrestricted view of the show.""}]","[{'listingNoteBucketId': 27, 'formattedListingNoteContent': 'Clear view', 'displayOrder': 8, 'showsRawNoteText': True, 'sourceListingNoteId': -1}]",2112501,False,False,Row 34,False,3903289,"¥3,903,289","¥3,903,289",10,Mobile Transfer ticket,3,1,USD,JPY,9750.0,USD,"https://img.vggcdn.net/img/vfsimage2/812551/594_1530768/0.jpg?im=Resize=(500,271)&v=771",13 hours ago,4,False,False,False,False,uF3KQhXHUruz3SdpJMXHsvD4wKnaQT0qAibWn5AqX3o%3d,False,2026-07-17T17:01:20.5400000Z,False,False,False,False,False,False,0,False,,,False,False,False,False,0,False,False,0,13384346256,False,54B810F6-855A-4CC4-8571-EF62895B3006,False,False,True,2,4.456515618177114,1.35757537,,,,,,,,"[{'message': 'Popular Pick', 'qualifier': '15 tickets sold for this event', 'hasValue': True, 'messageType': 'BoughtInLastHourSocialProofBased'}]",[],,,"¥5,212,557",25.0,"¥1,309,268",,,,,,,
13386449651,153020449,228A,1530789,228A,2,7,3_3,3,3,3,False,False,1,,False,False,[1],471,Middle,1,True,"[{'listingNoteId': -1, 'listingNoteContentId': 3338094, 'formattedListingNoteContent': 'Clear view', 'listingNoteTypeId': 3, 'showToBuyer': True, 'hideInMock': False, 'siteAddedListingNote': False, 'aisleListingNoteWithSplit': False, 'listingNoteDescriptionContentId': 3338095, 'formattedListingNoteDescription': ""You'll have an unrestricted view of the show.""}]","[{'listingNoteBucketId': 27, 'formattedListingNoteContent': 'Clear view', 'displayOrder': 8, 'showsRawNoteText': True, 'sourceListingNoteId': -1}]",1593647,False,False,Row 7,False,3948127,"¥3,948,127","¥3,948,127",10,Mobile Transfer ticket,3,1,USD,JPY,0.0,USD,"https://img.vggcdn.net/img/vfsimage2/812551/471_1530789/0.jpg?im=Resize=(500,271)&v=771",8 hours ago,3,False,False,False,False,K1t79e%2f8%2bgufIC%2f1XqwgQPDlwNgOs%2bBBlxVgxqrrKoU%3d,False,2026-07-17T21:44:54.7870000Z,False,False,False,False,False,False,0,False,[7],,False,False,False,False,0,False,False,0,13386449651,False,DE08371D-F6E3-4DA9-85F0-0AF6FA8F9438,False,False,True,2,2.8241826811334865,1.106506671,,,,,,,,"[{'message': 'Popular Pick', 'qualifier': '15 tickets sold for this event', 'hasValue': True, 'messageType': 'BoughtInLastHourSocialProofBased'}]",[],Last ticket,True,,,,,,,,,,
13348807789,153020449,108,122786,108,2,13,_,,,,False,False,4,,False,False,"[1, 2, 3, 4]",594,Lower,4,True,"[{'listingNoteId': 2027, 'listingNoteContentId': 3415845, 'formattedListingNoteContent': 'Third Row of Section', 'listingNoteTypeId': 6, 'showToBuyer': True, 'hideInMock': False, 'siteAddedListingNote': False, 'aisleListingNoteWithSplit': False, 'listingNoteDescriptionContentId': 3415845, 'formattedListingNoteDescription': 'Third Row of Section'}, {'listingNoteId': -1, 'listingNoteContentId': 3338094, 'formattedListingNoteContent': 'Clear view', 'listingNoteTypeId': 3, 'showToBuyer': True, 'hideInMock': False, 'siteAddedListingNote': False, 'aisleListingNoteWithSplit': False, 'listingNoteDescriptionContentId': 3338095, 'formattedListingNoteDescription': ""You'll have an unrestricted view of the show.""}]","[{'listingNoteBucketId': 14, 'formattedListingNoteContent': 'Third Row of Section', 'displayOrder': 14, 'showsRawNoteText': True, 'sourceListingNoteId': 2027}, {'listingNoteBucketId': 27, 'formattedListingNoteContent': 'Clear view', 'displayOrder': 8, 'showsRawNoteText': True, 'sourceListingNoteId': -1}]",2112256,False,False,Row 13,False,3986668,"¥3,986,668","¥3,986,668",10,Mobile Transfer ticket,3,1,USD,JPY,0.0,USD,"https://img.vggcdn.net/img/vfsimage2/812551/594_122786/0.jpg?im=Resize=(500,271)&v=771",3 days ago,5,False,False,False,False,0Ju%2f9ZthQsg4sun0OiBqejbpcPB4qk5eoNrPLLblTS4%3d,False,2026-07-14T14:41:08.2870000Z,False,False,False,False,False,False,0,False,,,False,False,False,False,0,False,False,0,13348807789,False,077F53A0-5DFD-4A1B-9AF0-5A6BF1E11A86,False,False,True,3,5.196207687023506,1.539938978,,,,,,,,"[{'message': 'Popular Pick', 'qualifier': '15 tickets sold for this event', 'hasValue': True, 'messageType': 'BoughtInLastHourSocialProofBased'}, {'message': 'Third Row', 'qualifier': 'Excellent proximity to the action', 'hasValue': True, 'messageType': 'ThirdRowTicketAttributeBased'}]",[2027],,,"¥5,070,387",21.0,"¥1,083,719",,,,,,,
13388050955,153020449,101,122782,101,2,2,17_17,,,17,False,False,1,,False,False,[1],594,Lower,1,True,"[{'listingNoteId': 2026, 'listingNoteContentId': 3415844, 'formattedListingNoteContent': 'Second Row of Section', 'listingNoteTypeId': 6, 'showToBuyer': True, 'hideInMock': False, 'siteAddedListingNote': False, 'aisleListingNoteWithSplit': False, 'listingNoteDescriptionContentId': 3415844, 'formattedListingNoteDescription': 'Second Row of Section'}, {'listingNoteId': -1, 'listingNoteContentId': 3338094, 'formattedListingNoteContent': 'Clear view', 'listingNoteTypeId': 3, 'showToBuyer': True, 'hideInMock': False, 'siteAddedListingNote': False, 'aisleListingNoteWithSplit': False, 'listingNoteDescriptionContentId': 3338095, 'formattedListingNoteDescription': ""You'll have an unrestricted view of the show.""}]","[{'listingNoteBucketId': 14, 'formattedListingNoteContent': 'Second Row of Section', 'displayOrder': 14, 'showsRawNoteText': True, 'sourceListingNoteId': 2026}, {'listingNoteBucketId': 27, 'formattedListingNoteContent': 'Clear view', 'displayOrder': 8, 'showsRawNoteText': True, 'sourceListingNoteId': -1}]",2112074,False,False,Row 2,False,4057852,"¥4,057,852","¥4,057,852",10,Mobile Transfer ticket,3,1,USD,JPY,0.0,USD,"https://img.vggcdn.net/img/vfsimage2/812551/594_122782/0.jpg?im=Resize=(500,271)&v=771",4 hours ago,6,False,False,False,False,oNQdjJ2iSisVRWfR3zHLRj0vtlovygwGb5fZdBdM6RA%3d,False,2026-07-18T01:49:15.2000000Z,False,False,False,False,False,False,0,False,,,False,False,False,False,0,False,False,0,13388050955,False,58A5C2BE-8964-431E-9149-82DE1F42AA59,False,False,True,3,5.969084542225589,1.706054045,,,,,,,,"[{'message': 'Popular Pick', 'qualifier': '15 tickets sold for this event', 'hasValue': True, 'messageType': 'BoughtInLastHourSocialProofBased'}, {'message': 'Second Row', 'qualifier': 'Premium close-up view', 'hasValue': True, 'messageType': 'SecondRowTicketAttributeBased'}]",[2026],,,,,,,,,,,,
13141570564,153020449,Middle,1546668,Middle,3,,_,,,,False,False,4,,False,False,"[1, 2, 4]",471,Middle,4,True,"[{'listingNoteId': -1, 'listingNoteContentId': 3338094, 'formattedListingNoteContent': 'Clear view', 'listingNoteTypeId': 3, 'showToBuyer': True, 'hideInMock': False, 'siteAddedListingNote': False, 'aisleListingNoteWithSplit': False, 'listingNoteDescriptionContentId': 3338095, 'formattedListingNoteDescription': ""You'll have an unrestricted view of the show.""}]","[{'listingNoteBucketId': 27, 'formattedListingNoteContent': 'Clear view', 'displayOrder': 8, 'showsRawNoteText': True, 'sourceListingNoteId': -1}]",1641235,False,False,Row,True,4091470,"¥4,091,470","¥4,091,470",10,Mobile Transfer ticket,3,1,EUR,JPY,1222.0,EUR,"https://img.vggcdn.net/img/vfsimage2/812551/471_1546668/0.jpg?im=Resize=(500,271)&v=771",22 days ago,0,False,False,True,True,lco6nNlfd3kpNR72NYzWXfeHUYku3Nt3WDr9Xh0M%2bGY%3d,False,2026-06-25T12:01:34.4200000Z,False,False,False,False,False,False,0,False,[7],,False,False,False,False,0,False,False,0,13141570564,False,5EB89F20-F4E4-42D8-88E7-B215AAE355F7,False,False,True,0,,,,,,,,,,"[{'message': 'Popular Pick', 'qualifier': '15 tickets sold for this event', 'hasValue': True, 'messageType': 'BoughtInLastHourSocialProofBased'}]",[],Last tickets,True,,,,,,,,,,
12998151102,153020449,320,122913,320,2,8,5_6,5,6,5,False,False,2,,False,False,"[1, 2]",407,Upper,2,True,"[{'listingNoteId': -1, 'listingNoteContentId': 3338094, 'formattedListingNoteContent': 'Clear view', 'listingNoteTypeId': 3, 'showToBuyer': True, 'hideInMock': False, 'siteAddedListingNote': False, 'aisleListingNoteWithSplit': False, 'listingNoteDescriptionContentId': 3338095, 'formattedListingNoteDescription': ""You'll have an unrestricted view of the show.""}]","[{'listingNoteBucketId': 27, 'formattedListingNoteContent': 'Clear view', 'displayOrder': 8, 'showsRawNoteText': True, 'sourceListingNoteId': -1}]",703943,False,False,Row 8,False,4121819,"¥4,121,819","¥4,121,819",10,Mobile Transfer ticket,3,1,EUR,JPY,5500.0,EUR,"https://img.vggcdn.net/img/vfsimage2/812551/407_122913/0.jpg?im=Resize=(500,271)&v=771",36 days ago,2,False,False,False,False,6d2FoeRbjENB2BRCirXvMK3XgfRvy3z2J38FdpZdlK4%3d,False,2026-06-11T13:41:26.4070000Z,False,False,False,True,False,False,0,False,[6],,False,False,False,False,0,False,False,0,12998151102,False,6F5FDF0D-B764-4915-8173-9A18F9DB2FD7,False,False,True,1,2.2716206560019234,0.9119621003,Fan favorite,This section is in the top 10% of sections for this event when ranked based on a count of successful sales over the past 7 days on our site,True,,,,,"[{'message': 'Popular Pick', 'qualifier': '15 tickets sold for this event', 'hasValue': True, 'messageType': 'BoughtInLastHourSocialProofBased'}]",[],,,,,,,,,,,,
13274022365,153020449,134,122802,134,2,27,15_17,,,15,False,False,3,,False,False,"[1, 2, 3]",594,Lower,3,True,"[{'listingNoteId': -1, 'listingNoteContentId': 3338094, 'formattedListingNoteContent': 'Clear view', 'listingNoteTypeId': 3, 'showToBuyer': True, 'hideInMock': False, 'siteAddedListingNote': False, 'aisleListingNoteWithSplit': False, 'listingNoteDescriptionContentId': 3338095, 'formattedListingNoteDescription': ""You'll have an unrestricted view of the show.""}]","[{'listingNoteBucketId': 27, 'formattedListingNoteContent': 'Clear view', 'displayOrder': 8, 'showsRawNoteText': True, 'sourceListingNoteId': -1}]",2113007,False,False,Row 27,False,4228771,"¥4,228,771","¥4,228,771",10,Mobile Transfer ticket,3,1,AED,JPY,17000.0,AED,"https://img.vggcdn.net/img/vfsimage2/812551/594_122802/0.jpg?im=Resize=(500,271)&v=771",10 days ago,4,False,False,False,False,nZkkCmdNpEIkKayfPj3my9IJrP7jpQArKL2AsV1cSgo%3d,False,2026-07-07T15:58:25.4900000Z,False,False,False,False,False,False,0,False,,,False,False,False,False,0,False,False,0,13274022365,False,24A1E445-9AF9-4E3A-A5BB-19E4A99E93CA,False,False,True,2,3.5680257532148167,1.300231612,,,,,,,,"[{'message': 'Popular Pick', 'qualifier': '15 tickets sold for this event', 'hasValue': True, 'messageType': 'BoughtInLastHourSocialProofBased'}]",[],,,,,,,,,,,,
13351097261,153020449,134,122802,134,2,8,20_20,20,20,20,False,False,1,,False,False,[1],594,Lower,1,True,"[{'listingNoteId': -1, 'listingNoteContentId': 3338094, 'formattedListingNoteContent': 'Clear view', 'listingNoteTypeId': 3, 'showToBuyer': True, 'hideInMock': False, 'siteAddedListingNote': False, 'aisleListingNoteWithSplit': False, 'listingNoteDescriptionContentId': 3338095, 'formattedListingNoteDescription': ""You'll have an unrestricted view of the show.""}]","[{'listingNoteBucketId': 27, 'formattedListingNoteContent': 'Clear view', 'displayOrder': 8, 'showsRawNoteText': True, 'sourceListingNoteId': -1}]",2113020,False,False,Row 8,False,4289285,"¥4,289,285","¥4,289,285",10,Mobile Transfer ticket,3,1,USD,JPY,,USD,"https://img.vggcdn.net/img/vfsimage2/812551/594_122802/0.jpg?im=Resize=(500,271)&v=771",3 days ago,6,False,False,False,False,IeCgVo%2bMAE2VQyR77ABosoN%2fY3K0Y6GYuN4dgvPaskE%3d,False,2026-07-14T16:50:38.1100000Z,False,False,False,False,False,False,0,False,,,False,False,False,False,0,False,False,0,13351097261,False,85BDA96B-0CC2-4B5E-ADAE-0F530CAD63FE,False,False,True,3,6.355909262524762,1.886883891,,,,,,,,"[{'message': 'Popular Pick', 'qualifier': '15 tickets sold for this event', 'hasValue': True, 'messageType': 'BoughtInLastHourSocialProofBased'}]",[],,,"¥8,529,573",50.0,"¥4,240,288",,,,,,,
13386086959,153020449,235,122862,235,2,9,_,,,,False,False,2,,False,False,"[1, 2]",471,Middle,2,True,"[{'listingNoteId': 263, 'listingNoteContentId': 2444900, 'formattedListingNoteContent': 'VIP Club', 'listingNoteTypeId': 3, 'showToBuyer': True, 'hideInMock': False, 'siteAddedListingNote': False, 'aisleListingNoteWithSplit': False, 'listingNoteDescriptionContentId': 2444901, 'formattedListingNoteDescription': 'VIP Club - Club opens 90 minutes prior to tipoff and offers access to a lounge area with televisions, plush seating and private restrooms as well as all-inclusive food, draft beer, and house wine'}, {'listingNoteId': 424, 'listingNoteContentId': 2445241, 'formattedListingNoteContent': 'Access to VIP Club', 'listingNoteTypeId': 3, 'showToBuyer': True, 'hideInMock': False, 'siteAddedListingNote': False, 'aisleListingNoteWithSplit': False, 'formattedListingNoteDescription': ''}, {'listingNoteId': 1367, 'listingNoteContentId': 2447255, 'formattedListingNoteContent': 'Includes club access', 'listingNoteTypeId': 3, 'showToBuyer': True, 'hideInMock': False, 'siteAddedListingNote': False, 'aisleListingNoteWithSplit': False, 'listingNoteDescriptionContentId': 2447256, 'formattedListingNoteDescription': 'Includes club access'}, {'listingNoteId': -1, 'listingNoteContentId': 3338094, 'formattedListingNoteContent': 'Clear view', 'listingNoteTypeId': 3, 'showToBuyer': True, 'hideInMock': False, 'siteAddedListingNote': False, 'aisleListingNoteWithSplit': False, 'listingNoteDescriptionContentId': 3338095, 'formattedListingNoteDescription': ""You'll have an unrestricted view of the show.""}]","[{'listingNoteBucketId': 1, 'formattedListingNoteContent': 'VIP packages', 'displayOrder': 1, 'showsRawNoteText': False}, {'listingNoteBucketId': 4, 'formattedListingNoteContent': 'Club access', 'displayOrder': 4, 'showsRawNoteText': False}, {'listingNoteBucketId': 27, 'formattedListingNoteContent': 'Clear view', 'displayOrder': 8, 'showsRawNoteText': True, 'sourceListingNoteId': -1}]",703280,False,False,Row 9,False,4497722,"¥4,497,722","¥4,497,722",10,Mobile Transfer ticket,3,1,USD,JPY,10900.0,USD,"https://img.vggcdn.net/img/vfsimage2/812551/471_122862/0.jpg?im=Resize=(500,271)&v=771",9 hours ago,5,False,False,False,False,gNP0Q8pxWHYEH4WO2LfP70IKdvIFkNC9A3ZotX7dhHc%3d,False,2026-07-17T20:38:02.3370000Z,False,False,False,False,False,False,0,False,,,False,False,False,False,0,False,False,0,13386086959,False,51824CD3-46B5-417A-A186-7EFE65DF58AA,False,False,True,2,4.625778255063754,1.604439423,,,,,,,,"[{'message': 'Popular Pick', 'qualifier': '15 tickets sold for this event', 'hasValue': True, 'messageType': 'BoughtInLastHourSocialProofBased'}]",[],,,"¥6,388,629",30.0,"¥1,890,907",,,,,,,
13334390402,153020449,129,122799,129,2,31,_,,,,False,False,1,,False,False,[1],594,Lower,1,True,"[{'listingNoteId': 174, 'listingNoteContentId': 2444704, 'formattedListingNoteContent': 'VIP Club Access w/ private entrance & restrooms', 'listingNoteTypeId': 3, 'showToBuyer': True, 'hideInMock': False, 'siteAddedListingNote': False, 'aisleListingNoteWithSplit': False, 'listingNoteDescriptionContentId': 2444705, 'formattedListingNoteDescription': 'Tickets grant access to VIP private entrance, VIP club access and VIP private restrooms.'}, {'listingNoteId': 1025, 'listingNoteContentId': 2446491, 'formattedListingNoteContent': 'Includes unlimited food and soft drinks', 'listingNoteTypeId': 3, 'showToBuyer': True, 'hideInMock': False, 'siteAddedListingNote': False, 'aisleListingNoteWithSplit': False, 'listingNoteDescriptionContentId': 2446492, 'formattedListingNoteDescription': 'Includes unlimited food and soft drinks'}, {'listingNoteId': 1028, 'listingNoteContentId': 2446497, 'formattedListingNoteContent': 'Includes unlimited food and drinks (beer, wine and liquor)', 'listingNoteTypeId': 3, 'showToBuyer': True, 'hideInMock': False, 'siteAddedListingNote': False, 'aisleListingNoteWithSplit': False, 'listingNoteDescriptionContentId': 2446498, 'formattedListingNoteDescription': 'Includes unlimited food and drinks (beer, wine and liquor)'}, {'listingNoteId': 2246, 'listingNoteContentId': 4165609, 'formattedListingNoteContent': 'VIP Experience', 'listingNoteTypeId': 3, 'showToBuyer': True, 'hideInMock': False, 'siteAddedListingNote': False, 'aisleListingNoteWithSplit': False, 'listingNoteDescriptionContentId': 4165611, 'formattedListingNoteDescription': 'VIP Experience'}, {'listingNoteId': 2247, 'listingNoteContentId': 4165768, 'formattedListingNoteContent': 'Includes food, beer and wine', 'listingNoteTypeId': 3, 'showToBuyer': True, 'hideInMock': False, 'siteAddedListingNote': False, 'aisleListingNoteWithSplit': False, 'listingNoteDescriptionContentId': 4165769, 'formattedListingNoteDescription': 'Includes food, beer and wine'}, {'listingNoteId': 2254, 'listingNoteContentId': 4170837, 'formattedListingNoteContent': 'Includes food, beer, wine, and non-alcoholic beverages', 'listingNoteTypeId': 3, 'showToBuyer': True, 'hideInMock': False, 'siteAddedListingNote': False, 'aisleListingNoteWithSplit': False, 'listingNoteDescriptionContentId': 4170838, 'formattedListingNoteDescription': 'Includes food, beer, wine, and non-alcoholic beverages'}, {'listingNoteId': 2356, 'listingNoteContentId': 4257844, 'formattedListingNoteContent': 'All-Inclusive Food', 'listingNoteTypeId': 3, 'showToBuyer': True, 'hideInMock': False, 'siteAddedListingNote': False, 'aisleListingNoteWithSplit': False, 'formattedListingNoteDescription': ''}, {'listingNoteId': 2363, 'listingNoteContentId': 4281452, 'formattedListingNoteContent': 'Access to Premium Lounge', 'listingNoteTypeId': 3, 'showToBuyer': True, 'hideInMock': False, 'siteAddedListingNote': False, 'aisleListingNoteWithSplit': False, 'formattedListingNoteDescription': ''}, {'listingNoteId': 1021, 'listingNoteContentId': 2446483, 'formattedListingNoteContent': 'Includes unlimited food and drinks (beer and soft drinks)', 'listingNoteTypeId': 3, 'showToBuyer': True, 'hideInMock': False, 'siteAddedListingNote': False, 'aisleListingNoteWithSplit': False, 'listingNoteDescriptionContentId': 2446484, 'formattedListingNoteDescription': 'Includes unlimited food and drinks (beer and soft drinks)'}, {'listingNoteId': -1, 'listingNoteContentId': 3338094, 'formattedListingNoteContent': 'Clear view', 'listingNoteTypeId': 3, 'showToBuyer': True, 'hideInMock': False, 'siteAddedListingNote': False, 'aisleListingNoteWithSplit': False, 'listingNoteDescriptionContentId': 3338095, 'formattedListingNoteDescription': ""You'll have an unrestricted view of the show.""}]","[{'listingNoteBucketId': 1, 'formattedListingNoteContent': 'VIP packages', 'displayOrder': 1, 'showsRawNoteText': False}, {'listingNoteBucketId': 7, 'formattedListingNoteContent': 'Food & beverages', 'displayOrder': 7, 'showsRawNoteText': False}, {'listingNoteBucketId': 0, 'formattedListingNoteContent': 'Includes food, beer, wine, and non-alcoholic beverages', 'displayOrder': 30, 'showsRawNoteText': True, 'sourceListingNoteId': 2254}, {'listingNoteBucketId': 0, 'formattedListingNoteContent': 'All-Inclusive Food', 'displayOrder': 30, 'showsRawNoteText': True, 'sourceListingNoteId': 2356}, {'listingNoteBucketId': 0, 'formattedListingNoteContent': 'Access to Premium Lounge', 'displayOrder': 30, 'showsRawNoteText': True, 'sourceListingNoteId': 2363}, {'listingNoteBucketId': 27, 'formattedListingNoteContent': 'Clear view', 'displayOrder': 8, 'showsRawNoteText': True, 'sourceListingNoteId': -1}]",2112884,False,False,Row 31,False,4562211,"¥4,562,211","¥4,562,211",10,Mobile Transfer ticket,3,1,USD,JPY,,USD,"https://img.vggcdn.net/img/vfsimage2/812551/594_122799/0.jpg?im=Resize=(500,271)&v=771",6 days ago,2,False,False,False,False,fKg%2bE%2bqRomOS8soo5WJSqsPRxBo%2fUZZsQiAT9Js9NkI%3d,False,2026-07-12T04:55:54.9300000Z,False,False,False,False,False,False,0,False,,,False,False,False,False,0,False,False,0,13334390402,False,B3715EF6-9672-42B1-B17C-373FCEA4EE82,False,False,True,1,2.4360141247847285,1.157901689,,,,,,,,"[{'message': 'Popular Pick', 'qualifier': '15 tickets sold for this event', 'hasValue': True, 'messageType': 'BoughtInLastHourSocialProofBased'}, {'message': 'VIP', 'qualifier': 'Premium access and amenities', 'hasValue': True, 'messageType': 'VipTicketAttributeBased'}]",[174],,,,,,,,,,,,
13377547900,153020449,126,122797,126,2,4,_,,,,False,False,1,,False,False,[1],594,Lower,1,True,"[{'listingNoteId': -1, 'listingNoteContentId': 3338094, 'formattedListingNoteContent': 'Clear view', 'listingNoteTypeId': 3, 'showToBuyer': True, 'hideInMock': False, 'siteAddedListingNote': False, 'aisleListingNoteWithSplit': False, 'listingNoteDescriptionContentId': 3338095, 'formattedListingNoteDescription': ""You'll have an unrestricted view of the show.""}]","[{'listingNoteBucketId': 27, 'formattedListingNoteContent': 'Clear view', 'displayOrder': 8, 'showsRawNoteText': True, 'sourceListingNoteId': -1}]",2112798,False,False,Row 4,False,4680925,"¥4,680,925","¥4,680,925",10,Mobile Transfer ticket,3,1,SGD,JPY,19357.0,SGD,"https://img.vggcdn.net/img/vfsimage2/812551/594_122797/0.jpg?im=Resize=(500,271)&v=771",yesterday,5,False,False,False,False,49vyu%2f2Zw3Ts7W5ZwtSOGRRs4oElKZ%2fzT1rVQPu6oXw%3d,False,2026-07-16T23:18:14.4900000Z,False,False,False,False,False,False,0,False,,,False,False,False,False,0,False,False,0,13377547900,False,389585D3-9940-40EF-99A4-B1326F1E88DE,False,False,True,3,5.090898242244153,1.788343108,,,,,,,,"[{'message': 'Popular Pick', 'qualifier': '15 tickets sold for this event', 'hasValue': True, 'messageType': 'BoughtInLastHourSocialProofBased'}]",[],,,,,,,,,,,,
13386258821,153020449,140,122806,140,2,19,_,,,,False,False,1,,False,False,[1],594,Lower,1,True,"[{'listingNoteId': -1, 'listingNoteContentId': 3338094, 'formattedListingNoteContent': 'Clear view', 'listingNoteTypeId': 3, 'showToBuyer': True, 'hideInMock': False, 'siteAddedListingNote': False, 'aisleListingNoteWithSplit': False, 'listingNoteDescriptionContentId': 3338095, 'formattedListingNoteDescription': ""You'll have an unrestricted view of the show.""}]","[{'listingNoteBucketId': 27, 'formattedListingNoteContent': 'Clear view', 'displayOrder': 8, 'showsRawNoteText': True, 'sourceListingNoteId': -1}]",2113117,False,False,Row 19,False,5063225,"¥5,063,225","¥5,063,225",10,Mobile Transfer ticket,3,1,USD,JPY,0.0,USD,"https://img.vggcdn.net/img/vfsimage2/812551/594_122806/0.jpg?im=Resize=(500,271)&v=771",8 hours ago,7,False,False,False,False,lyTwmnvdI%2fmrfp5O3ltdBlAPUcSW4c%2fyR3W0FuM0Hdc%3d,False,2026-07-17T21:07:11.4530000Z,False,False,False,False,False,False,0,False,,,False,False,False,False,0,False,False,0,13386258821,False,2BEEC425-4A4F-414A-B14A-E85F300490E6,False,False,True,3,6.610709475538608,2.297465083,,,,,,,,"[{'message': 'Popular Pick', 'qualifier': '15 tickets sold for this event', 'hasValue': True, 'messageType': 'BoughtInLastHourSocialProofBased'}]",[],,,,,,,,,,,,
13294504662,153020449,236,122863,236,2,3,_,,,,False,False,1,,False,False,[1],471,Middle,1,True,"[{'listingNoteId': 263, 'listingNoteContentId': 2444900, 'formattedListingNoteContent': 'VIP Club', 'listingNoteTypeId': 3, 'showToBuyer': True, 'hideInMock': False, 'siteAddedListingNote': False, 'aisleListingNoteWithSplit': False, 'listingNoteDescriptionContentId': 2444901, 'formattedListingNoteDescription': 'VIP Club - Club opens 90 minutes prior to tipoff and offers access to a lounge area with televisions, plush seating and private restrooms as well as all-inclusive food, draft beer, and house wine'}, {'listingNoteId': 424, 'listingNoteContentId': 2445241, 'formattedListingNoteContent': 'Access to VIP Club', 'listingNoteTypeId': 3, 'showToBuyer': True, 'hideInMock': False, 'siteAddedListingNote': False, 'aisleListingNoteWithSplit': False, 'formattedListingNoteDescription': ''}, {'listingNoteId': 1367, 'listingNoteContentId': 2447255, 'formattedListingNoteContent': 'Includes club access', 'listingNoteTypeId': 3, 'showToBuyer': True, 'hideInMock': False, 'siteAddedListingNote': False, 'aisleListingNoteWithSplit': False, 'listingNoteDescriptionContentId': 2447256, 'formattedListingNoteDescription': 'Includes club access'}, {'listingNoteId': 2027, 'listingNoteContentId': 3415845, 'formattedListingNoteContent': 'Third Row of Section', 'listingNoteTypeId': 6, 'showToBuyer': True, 'hideInMock': False, 'siteAddedListingNote': False, 'aisleListingNoteWithSplit': False, 'listingNoteDescriptionContentId': 3415845, 'formattedListingNoteDescription': 'Third Row of Section'}, {'listingNoteId': -1, 'listingNoteContentId': 3338094, 'formattedListingNoteContent': 'Clear view', 'listingNoteTypeId': 3, 'showToBuyer': True, 'hideInMock': False, 'siteAddedListingNote': False, 'aisleListingNoteWithSplit': False, 'listingNoteDescriptionContentId': 3338095, 'formattedListingNoteDescription': ""You'll have an unrestricted view of the show.""}]","[{'listingNoteBucketId': 1, 'formattedListingNoteContent': 'VIP packages', 'displayOrder': 1, 'showsRawNoteText': False}, {'listingNoteBucketId': 4, 'formattedListingNoteContent': 'Club access', 'displayOrder': 4, 'showsRawNoteText': False}, {'listingNoteBucketId': 14, 'formattedListingNoteContent': 'Third Row of Section', 'displayOrder': 14, 'showsRawNoteText': True, 'sourceListingNoteId': 2027}, {'listingNoteBucketId': 27, 'formattedListingNoteContent': 'Clear view', 'displayOrder': 8, 'showsRawNoteText': True, 'sourceListingNoteId': -1}]",703288,False,False,Row 3,False,5325631,"¥5,325,631","¥5,325,631",10,Mobile Transfer ticket,3,1,USD,JPY,27850.0,USD,"https://img.vggcdn.net/img/vfsimage2/812551/471_122863/0.jpg?im=Resize=(500,271)&v=771",9 days ago,4,False,False,False,False,5TuJ04U1rGIGZk9ZvKPsPHhXKkgMilj%2b6IVA9p7IlIs%3d,False,2026-07-09T02:34:24.4830000Z,False,False,False,False,False,False,0,False,[7],,False,False,False,False,0,False,False,0,13294504662,False,D66633EE-A815-457B-99F8-329E7B456CDA,False,False,True,2,3.911512546793734,1.714380036,,,,,,,,"[{'message': 'Popular Pick', 'qualifier': '15 tickets sold for this event', 'hasValue': True, 'messageType': 'BoughtInLastHourSocialProofBased'}, {'message': 'Third Row', 'qualifier': 'Excellent proximity to the action', 'hasValue': True, 'messageType': 'ThirdRowTicketAttributeBased'}]",[2027],Last ticket,True,"¥8,518,078",37.0,"¥3,192,447",,,,,,,
13386258858,153020449,140,122806,140,2,18,_,,,,False,False,1,,False,False,[1],594,Lower,1,True,"[{'listingNoteId': -1, 'listingNoteContentId': 3338094, 'formattedListingNoteContent': 'Clear view', 'listingNoteTypeId': 3, 'showToBuyer': True, 'hideInMock': False, 'siteAddedListingNote': False, 'aisleListingNoteWithSplit': False, 'listingNoteDescriptionContentId': 3338095, 'formattedListingNoteDescription': ""You'll have an unrestricted view of the show.""}]","[{'listingNoteBucketId': 27, 'formattedListingNoteContent': 'Clear view', 'displayOrder': 8, 'showsRawNoteText': True, 'sourceListingNoteId': -1}]",2113116,False,False,Row 18,False,5349606,"¥5,349,606","¥5,349,606",10,Mobile Transfer ticket,3,1,USD,JPY,22000.0,USD,"https://img.vggcdn.net/img/vfsimage2/812551/594_122806/0.jpg?im=Resize=(500,271)&v=771",8 hours ago,6,False,False,False,False,5iGwa6YUzPfGBiZfHM4xBCf1%2b2BkYtMQCu0fSQRhYBI%3d,False,2026-07-17T21:07:11.7200000Z,False,False,False,False,False,False,0,False,,,False,False,False,False,0,False,False,0,13386258858,False,5961E116-C66F-434C-8E7A-6670C089DA2A,False,False,True,3,6.365518100684732,2.35608495,,,,,,,,"[{'message': 'Popular Pick', 'qualifier': '15 tickets sold for this event', 'hasValue': True, 'messageType': 'BoughtInLastHourSocialProofBased'}]",[],,,,,,,,,,,,
13302234910,153020449,110,122788,110,2,,_,,,,False,False,2,,False,False,"[1, 2]",594,Lower,4,True,"[{'listingNoteId': -1, 'listingNoteContentId': 3338094, 'formattedListingNoteContent': 'Clear view', 'listingNoteTypeId': 3, 'showToBuyer': True, 'hideInMock': False, 'siteAddedListingNote': False, 'aisleListingNoteWithSplit': False, 'listingNoteDescriptionContentId': 3338095, 'formattedListingNoteDescription': ""You'll have an unrestricted view of the show.""}]","[{'listingNoteBucketId': 27, 'formattedListingNoteContent': 'Clear view', 'displayOrder': 8, 'showsRawNoteText': True, 'sourceListingNoteId': -1}]",108742,False,False,Row,True,5352879,"¥5,352,879","¥5,352,879",10,Mobile Transfer ticket,3,1,EUR,JPY,3000.0,EUR,"https://img.vggcdn.net/img/vfsimage2/812551/594_122788/0.jpg?im=Resize=(500,271)&v=771",8 days ago,2,False,False,False,False,aoJm%2f5g3Brvf1jBdpgLPNnZ17CWgKsiFW%2bI1c05esmA%3d,False,2026-07-09T13:45:24.3770000Z,False,False,False,False,False,False,0,False,[7],,False,False,False,False,0,False,False,0,13302234910,False,832D0265-E80F-4994-A10B-09949D96105D,False,False,True,1,2.3583922871538205,1.270356317,,,,,,,,"[{'message': 'Popular Pick', 'qualifier': '15 tickets sold for this event', 'hasValue': True, 'messageType': 'BoughtInLastHourSocialProofBased'}]",[],Last tickets,True,"¥6,891,496",22.0,"¥1,538,617",,,,,,,
13375745056,153020449,235,122862,235,2,8,_,,,,False,False,3,,False,False,"[1, 2, 3]",471,Middle,3,True,"[{'listingNoteId': 263, 'listingNoteContentId': 2444900, 'formattedListingNoteContent': 'VIP Club', 'listingNoteTypeId': 3, 'showToBuyer': True, 'hideInMock': False, 'siteAddedListingNote': False, 'aisleListingNoteWithSplit': False, 'listingNoteDescriptionContentId': 2444901, 'formattedListingNoteDescription': 'VIP Club - Club opens 90 minutes prior to tipoff and offers access to a lounge area with televisions, plush seating and private restrooms as well as all-inclusive food, draft beer, and house wine'}, {'listingNoteId': 424, 'listingNoteContentId': 2445241, 'formattedListingNoteContent': 'Access to VIP Club', 'listingNoteTypeId': 3, 'showToBuyer': True, 'hideInMock': False, 'siteAddedListingNote': False, 'aisleListingNoteWithSplit': False, 'formattedListingNoteDescription': ''}, {'listingNoteId': 1367, 'listingNoteContentId': 2447255, 'formattedListingNoteContent': 'Includes club access', 'listingNoteTypeId': 3, 'showToBuyer': True, 'hideInMock': False, 'siteAddedListingNote': False, 'aisleListingNoteWithSplit': False, 'listingNoteDescriptionContentId': 2447256, 'formattedListingNoteDescription': 'Includes club access'}, {'listingNoteId': -1, 'listingNoteContentId': 3338094, 'formattedListingNoteContent': 'Clear view', 'listingNoteTypeId': 3, 'showToBuyer': True, 'hideInMock': False, 'siteAddedListingNote': False, 'aisleListingNoteWithSplit': False, 'listingNoteDescriptionContentId': 3338095, 'formattedListingNoteDescription': ""You'll have an unrestricted view of the show.""}]","[{'listingNoteBucketId': 1, 'formattedListingNoteContent': 'VIP packages', 'displayOrder': 1, 'showsRawNoteText': False}, {'listingNoteBucketId': 4, 'formattedListingNoteContent': 'Club access', 'displayOrder': 4, 'showsRawNoteText': False}, {'listingNoteBucketId': 27, 'formattedListingNoteContent': 'Clear view', 'displayOrder': 8, 'showsRawNoteText': True, 'sourceListingNoteId': -1}]",703279,False,False,Row 8,False,5417620,"¥5,417,620","¥5,417,620",10,Mobile Transfer ticket,3,1,USD,JPY,27850.0,USD,"https://img.vggcdn.net/img/vfsimage2/812551/471_122862/0.jpg?im=Resize=(500,271)&v=771",yesterday,3,False,False,False,False,UKnjTZwxcVZcr%2b7tg6CwxzzPZad4wqUgn2w2Q73%2fkv4%3d,False,2026-07-16T19:44:14.6730000Z,False,False,False,False,False,False,0,False,,,False,False,False,False,0,False,False,0,13375745056,False,56DE59F8-7150-423B-ADD1-B05B27CAD4A0,False,False,True,2,3.4020011264891963,1.630477694,,,,,,,,"[{'message': 'Popular Pick', 'qualifier': '15 tickets sold for this event', 'hasValue': True, 'messageType': 'BoughtInLastHourSocialProofBased'}]",[],,,,,,,,,,,,
13386424562,153020449,115A,1530768,115A,2,8,_,,,,False,False,3,,False,False,"[1, 3]",594,Lower,3,True,"[{'listingNoteId': -1, 'listingNoteContentId': 3338094, 'formattedListingNoteContent': 'Clear view', 'listingNoteTypeId': 3, 'showToBuyer': True, 'hideInMock': False, 'siteAddedListingNote': False, 'aisleListingNoteWithSplit': False, 'listingNoteDescriptionContentId': 3338095, 'formattedListingNoteDescription': ""You'll have an unrestricted view of the show.""}]","[{'listingNoteBucketId': 27, 'formattedListingNoteContent': 'Clear view', 'displayOrder': 8, 'showsRawNoteText': True, 'sourceListingNoteId': -1}]",2112509,False,False,Row 8,False,5570936,"¥5,570,936","¥5,570,936",10,Mobile Transfer ticket,3,1,USD,JPY,0.0,USD,"https://img.vggcdn.net/img/vfsimage2/812551/594_1530768/0.jpg?im=Resize=(500,271)&v=771",8 hours ago,6,False,False,False,False,%2be%2b0Q0ZLhl3uldoG8YbvC9ElCCV2rWg8SeKw80Kiei0%3d,False,2026-07-17T21:40:15.1800000Z,False,False,False,False,False,False,0,False,,,False,False,False,False,0,False,False,0,13386424562,False,E5794BAE-0C4B-41DA-8784-71B6F633F15F,False,False,True,3,6.201589886764485,2.406291563,,,,,,,,"[{'message': 'Popular Pick', 'qualifier': '15 tickets sold for this event', 'hasValue': True, 'messageType': 'BoughtInLastHourSocialProofBased'}]",[],,,,,,,,,,,,
13382726477,153020449,142,122807,142,2,21,1_6,,,1,False,False,6,,False,False,"[1, 2, 3, 4, 6]",594,Lower,6,True,"[{'listingNoteId': -1, 'listingNoteContentId': 3338094, 'formattedListingNoteContent': 'Clear view', 'listingNoteTypeId': 3, 'showToBuyer': True, 'hideInMock': False, 'siteAddedListingNote': False, 'aisleListingNoteWithSplit': False, 'listingNoteDescriptionContentId': 3338095, 'formattedListingNoteDescription': ""You'll have an unrestricted view of the show.""}]","[{'listingNoteBucketId': 14, 'formattedListingNoteContent': 'Aisle seat', 'displayOrder': 14, 'showsRawNoteText': True, 'sourceListingNoteId': 2024}, {'listingNoteBucketId': 27, 'formattedListingNoteContent': 'Clear view', 'displayOrder': 8, 'showsRawNoteText': True, 'sourceListingNoteId': -1}]",2113147,False,False,Row 21,False,5724252,"¥5,724,252","¥5,724,252",10,Mobile Transfer ticket,3,1,USD,JPY,20000.0,USD,"https://img.vggcdn.net/img/vfsimage2/812551/594_122807/0.jpg?im=Resize=(500,271)&v=771",17 hours ago,4,False,False,False,False,7cXJ1l8X6pL6EVH7OUznQ4Uv6axH%2f529gn9B3oTEpSo%3d,False,2026-07-17T12:50:16.0400000Z,False,False,False,False,False,False,0,False,,,False,False,False,False,0,False,False,0,13382726477,False,FE7823D0-41D1-4D42-B434-A519FFB2FDE5,False,False,True,2,3.872332425767656,1.832898782,,,,,,,,"[{'message': 'Popular Pick', 'qualifier': '15 tickets sold for this event', 'hasValue': True, 'messageType': 'BoughtInLastHourSocialProofBased'}, {'message': 'Aisle Seat', 'qualifier': 'Easy access to your seat', 'hasValue': True, 'messageType': 'AisleSeatTicketAttributeBased'}]",[2024],,,,,,,,,,,,
13388147572,153020449,111C,1530767,111C,2,2,11_11,,,11,False,False,1,,False,False,[1],594,Lower,1,True,"[{'listingNoteId': 2026, 'listingNoteContentId': 3415844, 'formattedListingNoteContent': 'Second Row of Section', 'listingNoteTypeId': 6, 'showToBuyer': True, 'hideInMock': False, 'siteAddedListingNote': False, 'aisleListingNoteWithSplit': False, 'listingNoteDescriptionContentId': 3415844, 'formattedListingNoteDescription': 'Second Row of Section'}, {'listingNoteId': -1, 'listingNoteContentId': 3338094, 'formattedListingNoteContent': 'Clear view', 'listingNoteTypeId': 3, 'showToBuyer': True, 'hideInMock': False, 'siteAddedListingNote': False, 'aisleListingNoteWithSplit': False, 'listingNoteDescriptionContentId': 3338095, 'formattedListingNoteDescription': ""You'll have an unrestricted view of the show.""}]","[{'listingNoteBucketId': 14, 'formattedListingNoteContent': 'Second Row of Section', 'displayOrder': 14, 'showsRawNoteText': True, 'sourceListingNoteId': 2026}, {'listingNoteBucketId': 27, 'formattedListingNoteContent': 'Clear view', 'displayOrder': 8, 'showsRawNoteText': True, 'sourceListingNoteId': -1}]",1641150,False,False,Row 2,False,5919693,"¥5,919,693","¥5,919,693",10,Mobile Transfer ticket,3,1,USD,JPY,24065.0,USD,"https://img.vggcdn.net/img/vfsimage2/812551/594_1530767/0.jpg?im=Resize=(500,271)&v=771",3 hours ago,6,False,False,False,False,eNREJNHL5ps5nK3VSEylDZ3M4VXbRaEw%2fGp0jAPuA5M%3d,False,2026-07-18T02:12:14.9600000Z,False,False,False,False,False,False,0,False,[7],,False,False,False,False,0,False,False,0,13388147572,False,B49DB555-F391-4E17-98DD-7A14AB526D23,False,False,True,3,6.121089767720528,2.532975633,,,,,,,,"[{'message': 'Popular Pick', 'qualifier': '15 tickets sold for this event', 'hasValue': True, 'messageType': 'BoughtInLastHourSocialProofBased'}, {'message': 'Second Row', 'qualifier': 'Premium close-up view', 'hasValue': True, 'messageType': 'SecondRowTicketAttributeBased'}]",[2026],Last ticket,True,"¥7,714,368",23.0,"¥1,794,675",,,,,,,
13379712171,153020449,235,122862,235,2,4,_,,,,False,False,1,,False,False,[1],471,Middle,1,True,"[{'listingNoteId': 263, 'listingNoteContentId': 2444900, 'formattedListingNoteContent': 'VIP Club', 'listingNoteTypeId': 3, 'showToBuyer': True, 'hideInMock': False, 'siteAddedListingNote': False, 'aisleListingNoteWithSplit': False, 'listingNoteDescriptionContentId': 2444901, 'formattedListingNoteDescription': 'VIP Club - Club opens 90 minutes prior to tipoff and offers access to a lounge area with televisions, plush seating and private restrooms as well as all-inclusive food, draft beer, and house wine'}, {'listingNoteId': 424, 'listingNoteContentId': 2445241, 'formattedListingNoteContent': 'Access to VIP Club', 'listingNoteTypeId': 3, 'showToBuyer': True, 'hideInMock': False, 'siteAddedListingNote': False, 'aisleListingNoteWithSplit': False, 'formattedListingNoteDescription': ''}, {'listingNoteId': 1367, 'listingNoteContentId': 2447255, 'formattedListingNoteContent': 'Includes club access', 'listingNoteTypeId': 3, 'showToBuyer': True, 'hideInMock': False, 'siteAddedListingNote': False, 'aisleListingNoteWithSplit': False, 'listingNoteDescriptionContentId': 2447256, 'formattedListingNoteDescription': 'Includes club access'}, {'listingNoteId': -1, 'listingNoteContentId': 3338094, 'formattedListingNoteContent': 'Clear view', 'listingNoteTypeId': 3, 'showToBuyer': True, 'hideInMock': False, 'siteAddedListingNote': False, 'aisleListingNoteWithSplit': False, 'listingNoteDescriptionContentId': 3338095, 'formattedListingNoteDescription': ""You'll have an unrestricted view of the show.""}]","[{'listingNoteBucketId': 1, 'formattedListingNoteContent': 'VIP packages', 'displayOrder': 1, 'showsRawNoteText': False}, {'listingNoteBucketId': 4, 'formattedListingNoteContent': 'Club access', 'displayOrder': 4, 'showsRawNoteText': False}, {'listingNoteBucketId': 27, 'formattedListingNoteContent': 'Clear view', 'displayOrder': 8, 'showsRawNoteText': True, 'sourceListingNoteId': -1}]",703275,False,False,Row 4,False,6030885,"¥6,030,885","¥6,030,885",10,Mobile Transfer ticket,3,1,USD,JPY,10900.0,USD,"https://img.vggcdn.net/img/vfsimage2/812551/471_122862/0.jpg?im=Resize=(500,271)&v=771",yesterday,3,False,False,False,False,1tMVhLbz4jl1mvaG8rSIfoEA0WZyfkc5cBqqU9T%2fklE%3d,False,2026-07-17T03:59:21.4370000Z,False,False,False,False,False,False,0,False,,,False,False,False,False,0,False,False,0,13379712171,False,940D78BC-E209-41C4-A1A2-E9829EFBC242,False,False,True,2,3.058756740169203,1.738813636,,,,,,,,"[{'message': 'Popular Pick', 'qualifier': '15 tickets sold for this event', 'hasValue': True, 'messageType': 'BoughtInLastHourSocialProofBased'}]",[],,,"¥9,633,474",37.0,"¥3,602,589",,,,,,,
13385013255,153020449,6 S51,1538805,6 S51,2,,1_1,1,1,1,False,False,1,,False,False,[1],17328,Suite Level 6 West,1,True,"[{'listingNoteId': 2250, 'listingNoteContentId': 4167698, 'formattedListingNoteContent': 'Partial Suite (Shared)', 'listingNoteTypeId': 3, 'showToBuyer': True, 'hideInMock': False, 'siteAddedListingNote': False, 'aisleListingNoteWithSplit': False, 'listingNoteDescriptionContentId': 4167699, 'formattedListingNoteDescription': 'Partial Suite (Shared)'}, {'listingNoteId': -1, 'listingNoteContentId': 3338094, 'formattedListingNoteContent': 'Clear view', 'listingNoteTypeId': 3, 'showToBuyer': True, 'hideInMock': False, 'siteAddedListingNote': False, 'aisleListingNoteWithSplit': False, 'listingNoteDescriptionContentId': 3338095, 'formattedListingNoteDescription': ""You'll have an unrestricted view of the show.""}]","[{'listingNoteBucketId': 2, 'formattedListingNoteContent': 'Suite access', 'displayOrder': 2, 'showsRawNoteText': False}, {'listingNoteBucketId': 14, 'formattedListingNoteContent': 'Aisle seat', 'displayOrder': 14, 'showsRawNoteText': True, 'sourceListingNoteId': 2024}, {'listingNoteBucketId': 27, 'formattedListingNoteContent': 'Clear view', 'displayOrder': 8, 'showsRawNoteText': True, 'sourceListingNoteId': -1}]",1614189,False,False,Row,True,6038371,"¥6,038,371","¥6,038,371",10,Mobile Transfer ticket,3,1,USD,JPY,0.0,USD,"https://img.vggcdn.net/img/vfsimage2/812551/17328_1538805/0.jpg?im=Resize=(500,271)&v=771",11 hours ago,2,False,False,False,False,SF5OuZU%2fgjWUviu%2fUu%2bwEAOXqVd4o86CxrP33yKA7m0%3d,False,2026-07-17T18:28:20.0100000Z,False,False,False,False,False,False,0,False,,,False,False,False,False,0,False,False,0,13385013255,False,B9C64483-6964-4AE7-B138-5CB120B51271,False,False,True,1,2.4681511975011206,1.577970786,,,,,,,,"[{'message': 'Popular Pick', 'qualifier': '15 tickets sold for this event', 'hasValue': True, 'messageType': 'BoughtInLastHourSocialProofBased'}, {'message': 'Aisle Seat', 'qualifier': 'Easy access to your seat', 'hasValue': True, 'messageType': 'AisleSeatTicketAttributeBased'}]",[2024],,,"¥11,713,695",48.0,"¥5,675,324",,,,,,,
13373727429,153020449,5 S37,1538858,5 S37,2,1,_,,,,False,False,4,,False,False,"[1, 2, 3, 4]",17325,Suite Level 5 East,4,True,"[{'listingNoteId': 11, 'listingNoteContentId': 1038686, 'formattedListingNoteContent': 'Includes VIP pass', 'listingNoteTypeId': 3, 'showToBuyer': True, 'hideInMock': False, 'siteAddedListingNote': False, 'aisleListingNoteWithSplit': False, 'listingNoteDescriptionContentId': 1277351, 'formattedListingNoteDescription': ""A VIP pass gives you great privileges that other ticket holders don't have!""}, {'listingNoteId': 93, 'listingNoteContentId': 1580908, 'formattedListingNoteContent': 'Access to VIP Lounge', 'listingNoteTypeId': 3, 'showToBuyer': True, 'hideInMock': False, 'siteAddedListingNote': False, 'aisleListingNoteWithSplit': False, 'listingNoteDescriptionContentId': 1580909, 'formattedListingNoteDescription': 'Included with the ticket is access to the VIP lounge in the venue.'}, {'listingNoteId': 175, 'listingNoteContentId': 2444706, 'formattedListingNoteContent': 'Unlimited Food and Drinks', 'listingNoteTypeId': 3, 'showToBuyer': True, 'hideInMock': False, 'siteAddedListingNote': False, 'aisleListingNoteWithSplit': False, 'listingNoteDescriptionContentId': 2444707, 'formattedListingNoteDescription': 'Includes unlimited food and drinks (beer, wine and soft drinks)'}, {'listingNoteId': 505, 'listingNoteContentId': 2445404, 'formattedListingNoteContent': 'Premium Seating', 'listingNoteTypeId': 4, 'showToBuyer': True, 'hideInMock': False, 'siteAddedListingNote': False, 'aisleListingNoteWithSplit': False, 'listingNoteDescriptionContentId': 4211339, 'formattedListingNoteDescription': 'Premium Seating'}, {'listingNoteId': 2061, 'listingNoteContentId': 3878124, 'formattedListingNoteContent': 'Premium open bar', 'listingNoteTypeId': 3, 'showToBuyer': True, 'hideInMock': False, 'siteAddedListingNote': False, 'aisleListingNoteWithSplit': False, 'listingNoteDescriptionContentId': 3878125, 'formattedListingNoteDescription': 'Premium open bar'}, {'listingNoteId': 2250, 'listingNoteContentId': 4167698, 'formattedListingNoteContent': 'Partial Suite (Shared)', 'listingNoteTypeId': 3, 'showToBuyer': True, 'hideInMock': False, 'siteAddedListingNote': False, 'aisleListingNoteWithSplit': False, 'listingNoteDescriptionContentId': 4167699, 'formattedListingNoteDescription': 'Partial Suite (Shared)'}, {'listingNoteId': 2267, 'listingNoteContentId': 4177538, 'formattedListingNoteContent': 'VIP Suite', 'listingNoteTypeId': 3, 'showToBuyer': True, 'hideInMock': False, 'siteAddedListingNote': False, 'aisleListingNoteWithSplit': False, 'listingNoteDescriptionContentId': 4177539, 'formattedListingNoteDescription': 'VIP Suite'}, {'listingNoteId': -1, 'listingNoteContentId': 3338094, 'formattedListingNoteContent': 'Clear view', 'listingNoteTypeId': 3, 'showToBuyer': True, 'hideInMock': False, 'siteAddedListingNote': False, 'aisleListingNoteWithSplit': False, 'listingNoteDescriptionContentId': 3338095, 'formattedListingNoteDescription': ""You'll have an unrestricted view of the show.""}]","[{'listingNoteBucketId': 1, 'formattedListingNoteContent': 'VIP packages', 'displayOrder': 1, 'showsRawNoteText': False}, {'listingNoteBucketId': 2, 'formattedListingNoteContent': 'Suite access', 'displayOrder': 2, 'showsRawNoteText': False}, {'listingNoteBucketId': 4, 'formattedListingNoteContent': 'Club access', 'displayOrder': 4, 'showsRawNoteText': False}, {'listingNoteBucketId': 7, 'formattedListingNoteContent': 'Food & beverages', 'displayOrder': 7, 'showsRawNoteText': False}, {'listingNoteBucketId': 8, 'formattedListingNoteContent': 'Food & beverage options', 'displayOrder': 8, 'showsRawNoteText': False}, {'listingNoteBucketId': 15, 'formattedListingNoteContent': 'Premium Seating', 'displayOrder': 15, 'showsRawNoteText': True, 'sourceListingNoteId': 505}, {'listingNoteBucketId': 0, 'formattedListingNoteContent': 'VIP Suite', 'displayOrder': 30, 'showsRawNoteText': True, 'sourceListingNoteId': 2267}, {'listingNoteBucketId': 27, 'formattedListingNoteContent': 'Clear view', 'displayOrder': 8, 'showsRawNoteText': True, 'sourceListingNoteId': -1}]",1614242,False,False,Row 1,True,6113421,"¥6,113,421","¥6,113,421",10,Mobile Transfer ticket,3,1,MXN,JPY,400000.0,MXN,"https://img.vggcdn.net/img/vfsimage2/812551/17325_1538858/0.jpg?im=Resize=(500,271)&v=771",yesterday,3,False,False,False,False,9QKocFl8quINsCPzITLB7KfnC%2bRi9QkNqC94buzlHJw%3d,False,2026-07-16T16:06:45.6670000Z,False,False,False,False,False,False,0,False,[7],,False,False,False,False,0,False,False,0,13373727429,False,1AEE2D7C-388A-414D-A7F7-759EC23294A1,False,False,True,2,3.462877038855709,1.854322937,,,,,,,,"[{'message': 'Popular Pick', 'qualifier': '15 tickets sold for this event', 'hasValue': True, 'messageType': 'BoughtInLastHourSocialProofBased'}]",[],Last tickets,True,"¥11,001,917",44.0,"¥4,888,496",,,,,,,
13388320899,153020449,212,122845,212,2,6,_,,,,False,False,6,,False,False,"[1, 2, 3, 4, 6]",471,Middle,6,True,"[{'listingNoteId': 175, 'listingNoteContentId': 2444706, 'formattedListingNoteContent': 'Unlimited Food and Drinks', 'listingNoteTypeId': 3, 'showToBuyer': True, 'hideInMock': False, 'siteAddedListingNote': False, 'aisleListingNoteWithSplit': False, 'listingNoteDescriptionContentId': 2444707, 'formattedListingNoteDescription': 'Includes unlimited food and drinks (beer, wine and soft drinks)'}, {'listingNoteId': 1028, 'listingNoteContentId': 2446497, 'formattedListingNoteContent': 'Includes unlimited food and drinks (beer, wine and liquor)', 'listingNoteTypeId': 3, 'showToBuyer': True, 'hideInMock': False, 'siteAddedListingNote': False, 'aisleListingNoteWithSplit': False, 'listingNoteDescriptionContentId': 2446498, 'formattedListingNoteDescription': 'Includes unlimited food and drinks (beer, wine and liquor)'}, {'listingNoteId': 1021, 'listingNoteContentId': 2446483, 'formattedListingNoteContent': 'Includes unlimited food and drinks (beer and soft drinks)', 'listingNoteTypeId': 3, 'showToBuyer': True, 'hideInMock': False, 'siteAddedListingNote': False, 'aisleListingNoteWithSplit': False, 'listingNoteDescriptionContentId': 2446484, 'formattedListingNoteDescription': 'Includes unlimited food and drinks (beer and soft drinks)'}, {'listingNoteId': -1, 'listingNoteContentId': 3338094, 'formattedListingNoteContent': 'Clear view', 'listingNoteTypeId': 3, 'showToBuyer': True, 'hideInMock': False, 'siteAddedListingNote': False, 'aisleListingNoteWithSplit': False, 'listingNoteDescriptionContentId': 3338095, 'formattedListingNoteDescription': ""You'll have an unrestricted view of the show.""}]","[{'listingNoteBucketId': 7, 'formattedListingNoteContent': 'Food & beverages', 'displayOrder': 7, 'showsRawNoteText': False}, {'listingNoteBucketId': 27, 'formattedListingNoteContent': 'Clear view', 'displayOrder': 8, 'showsRawNoteText': True, 'sourceListingNoteId': -1}]",702878,False,False,Row 6,False,6234273,"¥6,234,273","¥6,234,273",10,Mobile Transfer ticket,3,1,USD,JPY,0.0,USD,"https://img.vggcdn.net/img/vfsimage2/812551/471_122845/0.jpg?im=Resize=(500,271)&v=771",3 hours ago,4,False,False,False,False,3GCbo6WahAgAAgqJLmUbfneHDwXiGBGE43t%2bh3Pj3%2bU%3d,False,2026-07-18T03:03:20.3630000Z,False,False,False,False,False,False,0,False,[7],,False,False,False,False,0,False,False,0,13388320899,False,B99DA150-C0AB-42B2-ADEB-DB7FFDF7C799,False,False,True,2,4.176108795230034,2.082189803,,,,,,,,"[{'message': 'Popular Pick', 'qualifier': '15 tickets sold for this event', 'hasValue': True, 'messageType': 'BoughtInLastHourSocialProofBased'}]",[],Last tickets,True,,,,,,,,,,
13385013414,153020449,6 S51,1538805,6 S51,2,BARST,14_17,14,17,14,False,False,4,,False,False,"[1, 2, 3, 4]",17328,Suite Level 6 West,4,True,"[{'listingNoteId': 2250, 'listingNoteContentId': 4167698, 'formattedListingNoteContent': 'Partial Suite (Shared)', 'listingNoteTypeId': 3, 'showToBuyer': True, 'hideInMock': False, 'siteAddedListingNote': False, 'aisleListingNoteWithSplit': False, 'listingNoteDescriptionContentId': 4167699, 'formattedListingNoteDescription': 'Partial Suite (Shared)'}, {'listingNoteId': -1, 'listingNoteContentId': 3338094, 'formattedListingNoteContent': 'Clear view', 'listingNoteTypeId': 3, 'showToBuyer': True, 'hideInMock': False, 'siteAddedListingNote': False, 'aisleListingNoteWithSplit': False, 'listingNoteDescriptionContentId': 3338095, 'formattedListingNoteDescription': ""You'll have an unrestricted view of the show.""}]","[{'listingNoteBucketId': 2, 'formattedListingNoteContent': 'Suite access', 'displayOrder': 2, 'showsRawNoteText': False}, {'listingNoteBucketId': 27, 'formattedListingNoteContent': 'Clear view', 'displayOrder': 8, 'showsRawNoteText': True, 'sourceListingNoteId': -1}]",1614189,False,False,Row BARST,True,6427914,"¥6,427,914","¥6,427,914",10,Mobile Transfer ticket,3,1,USD,JPY,0.0,USD,"https://img.vggcdn.net/img/vfsimage2/812551/17328_1538805/0.jpg?im=Resize=(500,271)&v=771",11 hours ago,2,False,False,False,False,OCEpGBuXENxd0fZ8fyBDM%2fGT4gmhEj7oL5YQYa4HFvA%3d,False,2026-07-17T18:28:21.0670000Z,False,False,False,False,False,False,0,False,,,False,False,False,False,0,False,False,0,13385013414,False,6093F7A1-E9B8-406D-B4F5-AEF5B7715E35,False,False,True,1,2.3981272524922916,1.577970786,,,,,,,,"[{'message': 'Popular Pick', 'qualifier': '15 tickets sold for this event', 'hasValue': True, 'messageType': 'BoughtInLastHourSocialProofBased'}]",[],,,"¥11,518,430",44.0,"¥5,090,516",,,,,,,
13388091339,153020449,111A,1530766,111A,2,7,3_3,3,3,3,False,False,1,,False,False,[1],594,Lower,1,True,"[{'listingNoteId': 165, 'listingNoteContentId': 2444685, 'formattedListingNoteContent': 'Preferred Seating', 'listingNoteTypeId': 3, 'showToBuyer': True, 'hideInMock': False, 'siteAddedListingNote': False, 'aisleListingNoteWithSplit': False, 'listingNoteDescriptionContentId': 2444686, 'formattedListingNoteDescription': 'Preferred Seating'}, {'listingNoteId': 811, 'listingNoteContentId': 2446054, 'formattedListingNoteContent': 'Actual 1st row of the section', 'listingNoteTypeId': 3, 'showToBuyer': True, 'hideInMock': False, 'siteAddedListingNote': False, 'aisleListingNoteWithSplit': False, 'listingNoteDescriptionContentId': 2446055, 'formattedListingNoteDescription': 'Actual 1st row of the section'}, {'listingNoteId': 2271, 'listingNoteContentId': 4178214, 'formattedListingNoteContent': 'Premium Front Row', 'listingNoteTypeId': 3, 'showToBuyer': True, 'hideInMock': False, 'siteAddedListingNote': False, 'aisleListingNoteWithSplit': False, 'formattedListingNoteDescription': ''}, {'listingNoteId': -1, 'listingNoteContentId': 3338094, 'formattedListingNoteContent': 'Clear view', 'listingNoteTypeId': 3, 'showToBuyer': True, 'hideInMock': False, 'siteAddedListingNote': False, 'aisleListingNoteWithSplit': False, 'listingNoteDescriptionContentId': 3338095, 'formattedListingNoteDescription': ""You'll have an unrestricted view of the show.""}]","[{'listingNoteBucketId': 11, 'formattedListingNoteContent': 'Preferred Seating', 'displayOrder': 11, 'showsRawNoteText': True, 'sourceListingNoteId': 165}, {'listingNoteBucketId': 0, 'formattedListingNoteContent': 'Actual 1st row of the section', 'displayOrder': 30, 'showsRawNoteText': True, 'sourceListingNoteId': 811}, {'listingNoteBucketId': 0, 'formattedListingNoteContent': 'Premium Front Row', 'displayOrder': 30, 'showsRawNoteText': True, 'sourceListingNoteId': 2271}, {'listingNoteBucketId': 27, 'formattedListingNoteContent': 'Clear view', 'displayOrder': 8, 'showsRawNoteText': True, 'sourceListingNoteId': -1}]",2112394,False,False,Row 7,False,6436043,"¥6,436,043","¥6,436,043",10,Mobile Transfer ticket,3,1,USD,JPY,0.0,USD,"https://img.vggcdn.net/img/vfsimage2/812551/594_1530766/0.jpg?im=Resize=(500,271)&v=771",4 hours ago,5,False,False,False,False,ER0nX2%2bfrSdF1iBzNF%2b1lXc9uLQ7pLHkfdslL7LglJ0%3d,False,2026-07-18T02:00:15.7470000Z,False,False,False,False,False,False,0,False,,,False,False,False,False,0,False,False,0,13388091339,False,073BEC4E-1686-4349-8EF0-AB397BEB18CC,False,False,True,2,4.624931668610219,2.295656544,,,,,,,,"[{'message': 'Popular Pick', 'qualifier': '15 tickets sold for this event', 'hasValue': True, 'messageType': 'BoughtInLastHourSocialProofBased'}, {'message': 'Front Row', 'qualifier': 'Best seats in the house', 'hasValue': True, 'messageType': 'FirstRowTicketAttributeBased'}]",[811],,,,,,,,,,,,
13385548354,153020449,115C,1530769,115C,2,3,9_9,9,9,9,False,False,1,,False,False,[1],594,Lower,1,True,"[{'listingNoteId': 2027, 'listingNoteContentId': 3415845, 'formattedListingNoteContent': 'Third Row of Section', 'listingNoteTypeId': 6, 'showToBuyer': True, 'hideInMock': False, 'siteAddedListingNote': False, 'aisleListingNoteWithSplit': False, 'listingNoteDescriptionContentId': 3415845, 'formattedListingNoteDescription': 'Third Row of Section'}, {'listingNoteId': -1, 'listingNoteContentId': 3338094, 'formattedListingNoteContent': 'Clear view', 'listingNoteTypeId': 3, 'showToBuyer': True, 'hideInMock': False, 'siteAddedListingNote': False, 'aisleListingNoteWithSplit': False, 'listingNoteDescriptionContentId': 3338095, 'formattedListingNoteDescription': ""You'll have an unrestricted view of the show.""}]","[{'listingNoteBucketId': 14, 'formattedListingNoteContent': 'Third Row of Section', 'displayOrder': 14, 'showsRawNoteText': True, 'sourceListingNoteId': 2027}, {'listingNoteBucketId': 27, 'formattedListingNoteContent': 'Clear view', 'displayOrder': 8, 'showsRawNoteText': True, 'sourceListingNoteId': -1}]",1641166,False,False,Row 3,False,6593561,"¥6,593,561","¥6,593,561",10,Mobile Transfer ticket,3,1,USD,JPY,,USD,"https://img.vggcdn.net/img/vfsimage2/812551/594_1530769/0.jpg?im=Resize=(500,271)&v=771",10 hours ago,8,False,False,False,False,qrhwp4Ghk39t4NJ005MhWbnEt%2fli9mnXKdaomenjJk0%3d,False,2026-07-17T19:38:06.2870000Z,False,False,False,False,True,False,0,False,[9],,False,False,False,False,0,False,False,0,13385548354,False,C1BA0754-1006-4A20-B8D5-43FEC88CAAF2,False,False,True,4,8.410986149983827,3.73766285,,,,,,,,"[{'message': 'Great Value', 'qualifier': 'Based on price, view, seat quality and more', 'hasValue': True, 'messageType': 'ValueBased'}, {'message': 'Popular Pick', 'qualifier': '15 tickets sold for this event', 'hasValue': True, 'messageType': 'BoughtInLastHourSocialProofBased'}, {'message': 'Third Row', 'qualifier': 'Excellent proximity to the action', 'hasValue': True, 'messageType': 'ThirdRowTicketAttributeBased'}]",[2027],,,"¥10,990,545",40.0,"¥4,396,984",,,,Best view,Best view listing for the selected quantity for this event on our site.,True,6aa8a73f-b069-4147-a316-ffc9e9280c2b
13039179808,153020449,129,122799,129,2,19,20_20,20,20,20,False,False,1,,False,False,[1],594,Lower,1,True,"[{'listingNoteId': 2344, 'listingNoteContentId': 4216766, 'formattedListingNoteContent': 'Includes Offsite Hospitality', 'listingNoteTypeId': 3, 'showToBuyer': True, 'hideInMock': False, 'siteAddedListingNote': False, 'aisleListingNoteWithSplit': False, 'formattedListingNoteDescription': ''}, {'listingNoteId': 1028, 'listingNoteContentId': 2446497, 'formattedListingNoteContent': 'Includes unlimited food and drinks (beer, wine and liquor)', 'listingNoteTypeId': 3, 'showToBuyer': True, 'hideInMock': False, 'siteAddedListingNote': False, 'aisleListingNoteWithSplit': False, 'listingNoteDescriptionContentId': 2446498, 'formattedListingNoteDescription': 'Includes unlimited food and drinks (beer, wine and liquor)'}, {'listingNoteId': 11, 'listingNoteContentId': 1038686, 'formattedListingNoteContent': 'Includes VIP pass', 'listingNoteTypeId': 3, 'showToBuyer': True, 'hideInMock': False, 'siteAddedListingNote': False, 'aisleListingNoteWithSplit': False, 'listingNoteDescriptionContentId': 1277351, 'formattedListingNoteDescription': ""A VIP pass gives you great privileges that other ticket holders don't have!""}, {'listingNoteId': 165, 'listingNoteContentId': 2444685, 'formattedListingNoteContent': 'Preferred Seating', 'listingNoteTypeId': 3, 'showToBuyer': True, 'hideInMock': False, 'siteAddedListingNote': False, 'aisleListingNoteWithSplit': False, 'listingNoteDescriptionContentId': 2444686, 'formattedListingNoteDescription': 'Preferred Seating'}, {'listingNoteId': 2249, 'listingNoteContentId': 4167477, 'formattedListingNoteContent': 'Reserved Seating', 'listingNoteTypeId': 3, 'showToBuyer': True, 'hideInMock': False, 'siteAddedListingNote': False, 'aisleListingNoteWithSplit': False, 'listingNoteDescriptionContentId': 4167478, 'formattedListingNoteDescription': 'Reserved Seating'}, {'listingNoteId': 1723, 'listingNoteContentId': 2731488, 'formattedListingNoteContent': 'Members Only', 'listingNoteTypeId': 2, 'showToBuyer': True, 'hideInMock': False, 'siteAddedListingNote': False, 'aisleListingNoteWithSplit': False, 'listingNoteDescriptionContentId': 2731489, 'formattedListingNoteDescription': 'You need to be a member to buy a ticket in this section.'}, {'listingNoteId': 102, 'listingNoteContentId': 1670084, 'formattedListingNoteContent': 'Resale not allowed', 'listingNoteTypeId': 2, 'showToBuyer': True, 'hideInMock': False, 'siteAddedListingNote': False, 'aisleListingNoteWithSplit': False, 'listingNoteDescriptionContentId': 1670085, 'formattedListingNoteDescription': 'Resale of these tickets is not allowed by the event organiser, and anyone found to be reselling these tickets risks being turned away from the event.'}, {'listingNoteId': 2351, 'listingNoteContentId': 4249194, 'formattedListingNoteContent': 'This ticket cannot be transferred again after you receive it', 'listingNoteTypeId': 2, 'showToBuyer': True, 'hideInMock': False, 'siteAddedListingNote': False, 'aisleListingNoteWithSplit': False, 'listingNoteDescriptionContentId': 4249195, 'formattedListingNoteDescription': 'These tickets will be delivered via the FWC2026 Mobile Tickets app, which restricts subsequent transfer'}, {'listingNoteId': -1, 'listingNoteContentId': 3338094, 'formattedListingNoteContent': 'Clear view', 'listingNoteTypeId': 3, 'showToBuyer': True, 'hideInMock': False, 'siteAddedListingNote': False, 'aisleListingNoteWithSplit': False, 'listingNoteDescriptionContentId': 3338095, 'formattedListingNoteDescription': ""You'll have an unrestricted view of the show.""}]","[{'listingNoteBucketId': 1, 'formattedListingNoteContent': 'VIP packages', 'displayOrder': 1, 'showsRawNoteText': False}, {'listingNoteBucketId': 7, 'formattedListingNoteContent': 'Food & beverages', 'displayOrder': 7, 'showsRawNoteText': False}, {'listingNoteBucketId': 11, 'formattedListingNoteContent': 'Preferred Seating', 'displayOrder': 11, 'showsRawNoteText': True, 'sourceListingNoteId': 165}, {'listingNoteBucketId': 11, 'formattedListingNoteContent': 'Reserved Seating', 'displayOrder': 11, 'showsRawNoteText': True, 'sourceListingNoteId': 2249}, {'listingNoteBucketId': 25, 'formattedListingNoteContent': 'Members Only', 'displayOrder': 25, 'showsRawNoteText': True, 'sourceListingNoteId': 1723}, {'listingNoteBucketId': 25, 'formattedListingNoteContent': 'Resale not allowed', 'displayOrder': 25, 'showsRawNoteText': True, 'sourceListingNoteId': 102}, {'listingNoteBucketId': 0, 'formattedListingNoteContent': 'Includes Offsite Hospitality', 'displayOrder': 30, 'showsRawNoteText': True, 'sourceListingNoteId': 2344}, {'listingNoteBucketId': 0, 'formattedListingNoteContent': 'This ticket cannot be transferred again after you receive it', 'displayOrder': 30, 'showsRawNoteText': True, 'sourceListingNoteId': 2351}, {'listingNoteBucketId': 27, 'formattedListingNoteContent': 'Clear view', 'displayOrder': 8, 'showsRawNoteText': True, 'sourceListingNoteId': -1}]",2112871,False,False,Row 19,False,7018545,"¥7,018,545","¥7,018,545",10,Mobile Transfer ticket,3,1,USD,JPY,,USD,"https://img.vggcdn.net/img/vfsimage2/812551/594_122799/0.jpg?im=Resize=(500,271)&v=771",32 days ago,2,False,False,False,False,6kntfuF5aGGxtY09sPnqFDbr6tIeJje5rwBG9Ik0FSo%3d,False,2026-06-15T23:17:01.4300000Z,False,False,False,False,False,False,0,False,,,False,False,False,False,0,False,False,0,13039179808,False,C40C41BA-2A58-403B-9676-826FCCF60018,False,False,True,1,2.1190880643866037,1.387804584,,,,,,,,"[{'message': 'Popular Pick', 'qualifier': '15 tickets sold for this event', 'hasValue': True, 'messageType': 'BoughtInLastHourSocialProofBased'}]",[],,,,,,,,,,,,
13346680337,153020449,112,122789,112,2,22,_,,,,False,False,5,,False,False,"[1, 2, 3, 4, 5]",594,Lower,5,True,"[{'listingNoteId': -1, 'listingNoteContentId': 3338094, 'formattedListingNoteContent': 'Clear view', 'listingNoteTypeId': 3, 'showToBuyer': True, 'hideInMock': False, 'siteAddedListingNote': False, 'aisleListingNoteWithSplit': False, 'listingNoteDescriptionContentId': 3338095, 'formattedListingNoteDescription': ""You'll have an unrestricted view of the show.""}]","[{'listingNoteBucketId': 27, 'formattedListingNoteContent': 'Clear view', 'displayOrder': 8, 'showsRawNoteText': True, 'sourceListingNoteId': -1}]",2112412,False,False,Row 22,False,7102763,"¥7,102,763","¥7,102,763",10,Mobile Transfer ticket,3,1,USD,JPY,0.0,USD,"https://img.vggcdn.net/img/vfsimage2/812551/594_122789/0.jpg?im=Resize=(500,271)&v=771",4 days ago,3,False,False,False,False,JOwTr%2bXmR49xtKwYHkxRxoHW0ietnOtWJ1GogsKw3hg%3d,False,2026-07-14T02:26:25.1270000Z,False,False,False,False,False,False,0,False,[7],,False,False,False,False,0,False,False,0,13346680337,False,4413E0B2-B43D-45C2-AC4D-F46B93C29565,False,False,True,2,2.900543748045497,2.008979178,,,,,,,,"[{'message': 'Popular Pick', 'qualifier': '15 tickets sold for this event', 'hasValue': True, 'messageType': 'BoughtInLastHourSocialProofBased'}]",[],Last tickets,True,"¥10,424,727",32.0,"¥3,321,964",,,,,,,
13360117497,153020449,Spain Supporters Premium Tier,2447957,Spain Supporters Premium Tier,2,,_,,,,False,False,4,,False,False,"[1, 2, 3, 4]",1666,Spain Supporters,4,True,"[{'listingNoteId': -1, 'listingNoteContentId': 3338094, 'formattedListingNoteContent': 'Clear view', 'listingNoteTypeId': 3, 'showToBuyer': True, 'hideInMock': False, 'siteAddedListingNote': False, 'aisleListingNoteWithSplit': False, 'listingNoteDescriptionContentId': 3338095, 'formattedListingNoteDescription': ""You'll have an unrestricted view of the show.""}]","[{'listingNoteBucketId': 27, 'formattedListingNoteContent': 'Clear view', 'displayOrder': 8, 'showsRawNoteText': True, 'sourceListingNoteId': -1}]",4847587,False,False,Row,True,7806077,"¥7,806,077","¥7,806,077",10,Mobile Transfer ticket,3,1,EUR,JPY,25.0,EUR,"https://img.vggcdn.net/img/vfsimage2/812551/1666_2447957/0.jpg?im=Resize=(500,271)&v=771",2 days ago,2,False,False,False,False,bQohbdDYJTCxSNURM3ERLHZYXKnum0SCgIJHo1%2bE3cQ%3d,False,2026-07-15T12:25:17.1600000Z,False,False,False,False,False,False,0,False,[7],,False,False,False,False,0,False,False,0,13360117497,False,10B97E1C-CB09-40AC-BC34-02A561569667,False,False,True,1,1.8826397791026959,1.325108567,,,,,,,,"[{'message': 'Popular Pick', 'qualifier': '15 tickets sold for this event', 'hasValue': True, 'messageType': 'BoughtInLastHourSocialProofBased'}]",[],Last tickets,True,,,,,,,,,,
13382694909,153020449,Spain Supporters Value Tier,2447959,Spain Supporters Value Tier,2,,_,,,,False,False,8,,False,False,"[1, 2, 3, 4, 5, 6, 7, 8]",1666,Spain Supporters,8,True,"[{'listingNoteId': -1, 'listingNoteContentId': 3338094, 'formattedListingNoteContent': 'Clear view', 'listingNoteTypeId': 3, 'showToBuyer': True, 'hideInMock': False, 'siteAddedListingNote': False, 'aisleListingNoteWithSplit': False, 'listingNoteDescriptionContentId': 3338095, 'formattedListingNoteDescription': ""You'll have an unrestricted view of the show.""}]","[{'listingNoteBucketId': 27, 'formattedListingNoteContent': 'Clear view', 'displayOrder': 8, 'showsRawNoteText': True, 'sourceListingNoteId': -1}]",4847589,False,False,Row,True,10036257,"¥10,036,257","¥10,036,257",10,Mobile Transfer ticket,3,1,EUR,JPY,10000.0,EUR,"https://img.vggcdn.net/img/vfsimage2/812551/1666_2447959/0.jpg?im=Resize=(500,271)&v=771",17 hours ago,1,False,False,False,False,8msoJuP7voQDbGuetbA76Q3wvBCC4NUKr3dJ2ippVOw%3d,False,2026-07-17T12:40:18.5000000Z,False,False,False,False,False,False,0,False,[7],,False,False,False,False,0,False,False,0,13382694909,False,BF9F687A-2175-4B86-9BC2-47F78A102D67,False,False,True,1,1.4052450448718043,1.325108567,,,,,,,,"[{'message': 'Popular Pick', 'qualifier': '15 tickets sold for this event', 'hasValue': True, 'messageType': 'BoughtInLastHourSocialProofBased'}]",[],Last tickets,True,,,,,,,,,,
13369997536,153020449,113,122944,113,2,,_,,,,False,False,1,,False,False,[1],594,Lower,1,True,"[{'listingNoteId': 111, 'listingNoteContentId': 1703554, 'formattedListingNoteContent': 'Event Organiser', 'listingNoteTypeId': 5, 'showToBuyer': True, 'hideInMock': False, 'siteAddedListingNote': False, 'aisleListingNoteWithSplit': False, 'listingNoteDescriptionContentId': 1703553, 'formattedListingNoteDescription': 'the seller is an organiser of the event or a person acting on behalf of an organiser of the event'}, {'listingNoteId': -1, 'listingNoteContentId': 3338094, 'formattedListingNoteContent': 'Clear view', 'listingNoteTypeId': 3, 'showToBuyer': True, 'hideInMock': False, 'siteAddedListingNote': False, 'aisleListingNoteWithSplit': False, 'listingNoteDescriptionContentId': 3338095, 'formattedListingNoteDescription': ""You'll have an unrestricted view of the show.""}]","[{'listingNoteBucketId': 0, 'formattedListingNoteContent': 'Event Organiser', 'displayOrder': 30, 'showsRawNoteText': True, 'sourceListingNoteId': 111}, {'listingNoteBucketId': 27, 'formattedListingNoteContent': 'Clear view', 'displayOrder': 8, 'showsRawNoteText': True, 'sourceListingNoteId': -1}]",108747,False,False,Row,True,11151347,"¥11,151,347","¥11,151,347",10,Mobile Transfer ticket,3,1,EUR,JPY,10000.0,EUR,"https://img.vggcdn.net/img/vfsimage2/812551/594_122944/0.jpg?im=Resize=(500,271)&v=771",yesterday,3,False,False,False,False,YxkmZK9JF79Spkd4PaSd7hRCozLgpUKgZ2SbM3EdEfw%3d,False,2026-07-16T09:26:36.0230000Z,False,False,False,False,False,False,0,False,[7],,False,False,False,False,0,False,False,0,13369997536,False,0446FB78-E93D-4CE1-AD0F-35B798A2FA79,False,False,True,2,3.1009593476199058,3.231938413,,,,,,,,"[{'message': 'Popular Pick', 'qualifier': '15 tickets sold for this event', 'hasValue': True, 'messageType': 'BoughtInLastHourSocialProofBased'}]",[],Last ticket,True,,,,,,,,,,
