id,eventId,section,sectionId,sectionMapName,sectionType,row,seat,seatFromInternal,hasSeatDetails,hasSeatDetailsExpansion,availableTickets,formattedFees,showRecentlySold,showPartnershipLogo,availableQuantities,ticketClass,ticketClassName,maxQuantity,hasListingNotes,listingNotes,listingNoteBuckets,rowId,isUsersListing,isPreUploaded,rowContent,isSpeculativeRow,rawPrice,price,formattedTotalPrice,ticketTypeId,ticketTypeName,ticketTypeGroupId,listingTypeId,listingCurrencyCode,buyerCurrencyCode,faceValue,faceValueCurrencyCode,vfsUrl,formattedActiveSince,formattedDealScore,isSeatedTogether,showVfsInListing,hideSeatAndRowInfo,isUnmappedSection,aipHash,isMLBVerified,createdDateTime,showCheapestTag,showBestDealTag,showBestDealInSectionTag,showFanFavoriteTag,showBestViewTag,showTopChoiceTag,topChoiceBucket,isMostAffordable,winningMerchTags,isZoneTicketClass,isSponsored,isSponsoredSecondary,isMirrorListing,crossSellSource,isCheapestListing,isFavorite,aggregateFavorites,listingId,canBeRelisted,listingImpressionId,isBetterValueListing,hasRowLevelVfs,isDealScoreEligibleForDisplay,inventoryListingScore.starRating,inventoryListingScore.dealScore,inventoryListingScore.seatQualityScore,lastTicketInSectionMessage.message,lastTicketInSectionMessage.hasValue,adAttributes.bidId,listingHighlightData.highlightSiteMessagesWithType,listingHighlightData.listingNoteIdsReplacedByHighlight,suppressedMerchTags,bestSellingInSectionMessage.message,bestSellingInSectionMessage.disclaimer,bestSellingInSectionMessage.hasValue,bestPriceTagMessage.message,bestPriceTagMessage.disclaimer,bestPriceTagMessage.hasValue,bestPriceTagMessage.featureTrackingKey,strikeThroughPrice,strikeThroughDiscountPercent,strikeThroughAmountOff,seatFrom,seatTo,bestDealTagMessage.message,bestDealTagMessage.hasValue,bestDealTagMessage.featureTrackingKey,bestViewTagMessage.message,bestViewTagMessage.disclaimer,bestViewTagMessage.hasValue,bestViewTagMessage.featureTrackingKey
13398105522,153020449,340,122933,340,2,19,_,,False,False,4,,False,False,"[1, 2, 3, 4]",407,Upper,4,True,"[{'listingNoteId': -1, 'listingNoteContentId': 3338094, 'formattedListingNoteContent': 'Clear view', 'listingNoteTypeId': 3, 'showToBuyer': True, 'hideInMock': False, 'siteAddedListingNote': False, 'aisleListingNoteWithSplit': False, 'listingNoteDescriptionContentId': 3338095, 'formattedListingNoteDescription': ""You'll have an unrestricted view of the show.""}]","[{'listingNoteBucketId': 27, 'formattedListingNoteContent': 'Clear view', 'displayOrder': 8, 'showsRawNoteText': True, 'sourceListingNoteId': -1}]",704391,False,False,Row 19,False,1224226,"¥1,224,226","¥1,224,226",10,Mobile Transfer ticket,3,1,EUR,JPY,0.0,EUR,"https://img.vggcdn.net/img/vfsimage2/812551/407_122933/0.jpg?im=Resize=(500,271)&v=771",31 minutes ago,7.6,False,False,False,False,k6v8eYTxp9rZgfS2PowoPA%2fPPTnxnsDNT%2bzZof4T9kE%3d,False,2026-07-19T15:31:06.0770000Z,False,False,False,False,False,False,0,False,[7],False,True,False,False,0,False,False,0,13398105522,False,3F96F2ED-5742-4181-A1C8-DB70AF412DE1,False,False,True,4,7.612836352099737,0.8496441284,Last tickets,True,019F7B1D-6176-7275-B100-5F77636DB750,"[{'message': 'Great Value', 'qualifier': 'Based on price, view, seat quality and more', 'hasValue': True, 'messageType': 'ValueBased'}, {'message': 'Popular Pick', 'qualifier': '204 tickets sold for this event', 'hasValue': True, 'messageType': 'BoughtInLastHourSocialProofBased'}]",[],,,,,,,,,,,,,,,,,,,,
13398251809,153020449,322,122915,322,2,12,_,,False,False,1,,False,False,[1],407,Upper,1,True,"[{'listingNoteId': -1, 'listingNoteContentId': 3338094, 'formattedListingNoteContent': 'Clear view', 'listingNoteTypeId': 3, 'showToBuyer': True, 'hideInMock': False, 'siteAddedListingNote': False, 'aisleListingNoteWithSplit': False, 'listingNoteDescriptionContentId': 3338095, 'formattedListingNoteDescription': ""You'll have an unrestricted view of the show.""}]","[{'listingNoteBucketId': 27, 'formattedListingNoteContent': 'Clear view', 'displayOrder': 8, 'showsRawNoteText': True, 'sourceListingNoteId': -1}]",2113733,False,False,Row 12,False,1152186,"¥1,152,186","¥1,152,186",10,Mobile Transfer ticket,3,1,USD,JPY,5785.0,USD,"https://img.vggcdn.net/img/vfsimage2/812551/407_122915/0.jpg?im=Resize=(500,271)&v=771",a minute ago,7.3,False,False,False,False,7TKNOnPIiqETYh575%2faPBLuZbu%2bn6eGTbNoxPAmBcwg%3d,False,2026-07-19T16:00:36.2800000Z,True,False,False,True,False,False,0,False,[2],False,False,False,False,0,True,False,0,13398251809,False,39169A24-BB37-457A-9E91-5F33DE88D379,False,False,True,4,7.287454585060725,0.7631595036,,,,"[{'message': 'Great Value', 'qualifier': 'Based on price, view, seat quality and more', 'hasValue': True, 'messageType': 'ValueBased'}, {'message': 'Popular Pick', 'qualifier': '204 tickets sold for this event', 'hasValue': True, 'messageType': 'BoughtInLastHourSocialProofBased'}]",[],[6],Fan favorite,This section has the highest count of successful sales for this event over the past 7 days on our site,True,Best price,Lowest priced listing for the selected quantity for this event on our site.,True,6aa8a73f-b069-4147-a316-ffc9e9280c2b,,,,,,,,,,,,
13398226792,153020449,305,122898,305,2,17,_,,False,False,1,,False,False,[1],407,Upper,1,True,"[{'listingNoteId': -1, 'listingNoteContentId': 3338094, 'formattedListingNoteContent': 'Clear view', 'listingNoteTypeId': 3, 'showToBuyer': True, 'hideInMock': False, 'siteAddedListingNote': False, 'aisleListingNoteWithSplit': False, 'listingNoteDescriptionContentId': 3338095, 'formattedListingNoteDescription': ""You'll have an unrestricted view of the show.""}]","[{'listingNoteBucketId': 27, 'formattedListingNoteContent': 'Clear view', 'displayOrder': 8, 'showsRawNoteText': True, 'sourceListingNoteId': -1}]",2113670,False,False,Row 17,False,1223665,"¥1,223,665","¥1,223,665",10,Mobile Transfer ticket,3,1,USD,JPY,5785.0,USD,"https://img.vggcdn.net/img/vfsimage2/812551/407_122898/0.jpg?im=Resize=(500,271)&v=771",6 minutes ago,6.2,False,False,False,False,Dzyjm2hhtyIyOw%2b4W4oLim6Xomh1iPTiTKbIh4FnT0k%3d,False,2026-07-19T15:55:44.4500000Z,False,False,False,False,False,False,0,False,,False,False,False,False,0,False,False,0,13398226792,False,E5525449-1595-4824-B942-CFF9E6F6F740,False,False,True,3,6.223150601690737,0.7182422299,,,,"[{'message': 'Popular Pick', 'qualifier': '204 tickets sold for this event', 'hasValue': True, 'messageType': 'BoughtInLastHourSocialProofBased'}]",[],,,,,,,,,,,,,,,,,,,,
13375352152,153020449,328,122921,328,2,18,_,,False,False,1,,False,False,[1],407,Upper,6,True,"[{'listingNoteId': -1, 'listingNoteContentId': 3338094, 'formattedListingNoteContent': 'Clear view', 'listingNoteTypeId': 3, 'showToBuyer': True, 'hideInMock': False, 'siteAddedListingNote': False, 'aisleListingNoteWithSplit': False, 'listingNoteDescriptionContentId': 3338095, 'formattedListingNoteDescription': ""You'll have an unrestricted view of the show.""}]","[{'listingNoteBucketId': 27, 'formattedListingNoteContent': 'Clear view', 'displayOrder': 8, 'showsRawNoteText': True, 'sourceListingNoteId': -1}]",2113869,False,False,Row 18,False,1226657,"¥1,226,657","¥1,226,657",10,Mobile Transfer ticket,3,1,EUR,JPY,5000.0,EUR,"https://img.vggcdn.net/img/vfsimage2/812551/407_122921/0.jpg?im=Resize=(500,271)&v=771",2 days ago,6.6,False,False,False,False,T2ijSnpsopFeyavwC9ddw9LS2zsUw%2fg485finJrLp28%3d,False,2026-07-16T18:57:40.9300000Z,False,False,False,True,False,False,0,False,[6],False,False,False,False,0,False,False,0,13375352152,False,F257B16E-4A22-44FB-BAE9-2DF21464CCA5,False,False,True,3,6.629397611965397,0.7498012202,Last ticket,True,,"[{'message': 'Popular Pick', 'qualifier': '204 tickets sold for this event', 'hasValue': True, 'messageType': 'BoughtInLastHourSocialProofBased'}]",[],[7],Fan favorite,This section is in the top 10% of sections for this event when ranked based on a count of successful sales over the past 7 days on our site,True,,,,,,,,,,,,,,,,
12986596098,153020449,350,122943,350,2,,_,,False,False,1,,False,False,[1],407,Upper,1,True,"[{'listingNoteId': -1, 'listingNoteContentId': 3338094, 'formattedListingNoteContent': 'Clear view', 'listingNoteTypeId': 3, 'showToBuyer': True, 'hideInMock': False, 'siteAddedListingNote': False, 'aisleListingNoteWithSplit': False, 'listingNoteDescriptionContentId': 3338095, 'formattedListingNoteDescription': ""You'll have an unrestricted view of the show.""}]","[{'listingNoteBucketId': 27, 'formattedListingNoteContent': 'Clear view', 'displayOrder': 8, 'showsRawNoteText': True, 'sourceListingNoteId': -1}]",108915,False,False,Row,True,1226657,"¥1,226,657","¥1,226,657",10,Mobile Transfer ticket,3,1,EUR,JPY,1000.0,EUR,"https://img.vggcdn.net/img/vfsimage2/812551/407_122943/0.jpg?im=Resize=(500,271)&v=771",39 days ago,6.2,False,False,False,False,lrRPkMRcOpsvZz7Tw7550BDqN3m4RyUgGyGWw6SXJO8%3d,False,2026-06-10T05:30:58.2500000Z,False,False,False,True,False,False,0,False,[6],False,False,False,False,0,False,False,0,12986596098,False,46E54D6F-133D-4502-B74B-C4F6EED35EAE,False,False,True,3,6.206642304873376,0.7188377771,Last ticket,True,,"[{'message': 'Popular Pick', 'qualifier': '204 tickets sold for this event', 'hasValue': True, 'messageType': 'BoughtInLastHourSocialProofBased'}]",[],[7],,,,,,,,,,,,,,,,,,,
13375358480,153020449,347,122940,347,2,25,_,,False,False,1,,False,False,[1],407,Upper,6,True,"[{'listingNoteId': -1, 'listingNoteContentId': 3338094, 'formattedListingNoteContent': 'Clear view', 'listingNoteTypeId': 3, 'showToBuyer': True, 'hideInMock': False, 'siteAddedListingNote': False, 'aisleListingNoteWithSplit': False, 'listingNoteDescriptionContentId': 3338095, 'formattedListingNoteDescription': ""You'll have an unrestricted view of the show.""}]","[{'listingNoteBucketId': 27, 'formattedListingNoteContent': 'Clear view', 'displayOrder': 8, 'showsRawNoteText': True, 'sourceListingNoteId': -1}]",2113985,False,False,Row 25,False,1226657,"¥1,226,657","¥1,226,657",10,Mobile Transfer ticket,3,1,EUR,JPY,5000.0,EUR,"https://img.vggcdn.net/img/vfsimage2/812551/407_122940/0.jpg?im=Resize=(500,271)&v=771",2 days ago,6.1,False,False,False,False,T2ijSnpsopFeyavwC9ddw9LS2zsUw%2fg485finJrLp28%3d,False,2026-07-16T18:58:16.2100000Z,False,False,False,False,False,False,0,False,[7],False,False,False,False,0,False,False,0,13375358480,False,7E8D0AE7-EDDE-4F5F-B046-DE3384872860,False,False,True,3,6.103026231951483,0.7116350248,Last ticket,True,,"[{'message': 'Popular Pick', 'qualifier': '204 tickets sold for this event', 'hasValue': True, 'messageType': 'BoughtInLastHourSocialProofBased'}]",[],,,,,,,,,"¥2,460,961",50.0,"¥1,234,304",,,,,,,,,
13398223281,153020449,307,122900,307,2,15,_,,False,False,1,,False,False,[1],407,Upper,1,True,"[{'listingNoteId': -1, 'listingNoteContentId': 3338094, 'formattedListingNoteContent': 'Clear view', 'listingNoteTypeId': 3, 'showToBuyer': True, 'hideInMock': False, 'siteAddedListingNote': False, 'aisleListingNoteWithSplit': False, 'listingNoteDescriptionContentId': 3338095, 'formattedListingNoteDescription': ""You'll have an unrestricted view of the show.""}]","[{'listingNoteBucketId': 27, 'formattedListingNoteContent': 'Clear view', 'displayOrder': 8, 'showsRawNoteText': True, 'sourceListingNoteId': -1}]",703664,False,False,Row 15,False,1231115,"¥1,231,115","¥1,231,115",10,Mobile Transfer ticket,3,1,EUR,JPY,5000.0,EUR,"https://img.vggcdn.net/img/vfsimage2/812551/407_122900/0.jpg?im=Resize=(500,271)&v=771",7 minutes ago,8.4,False,False,False,False,ft1wA7YKATw2bd4iVoZz%2bCVebtt4qTTjM1A7qRzyEWU%3d,False,2026-07-19T15:54:57.0530000Z,False,False,False,False,False,False,0,False,[7],False,False,False,False,0,False,False,0,13398223281,False,4D782674-717E-499E-BEB3-C3AE50CC9880,False,False,True,4,8.36541996280277,0.9605973662,Last ticket,True,,"[{'message': 'Great Value', 'qualifier': 'Based on price, view, seat quality and more', 'hasValue': True, 'messageType': 'ValueBased'}, {'message': 'Popular Pick', 'qualifier': '204 tickets sold for this event', 'hasValue': True, 'messageType': 'BoughtInLastHourSocialProofBased'}]",[],,,,,,,,,,,,,,,,,,,,
13392843375,153020449,Category 3,1989401,Category 3,3,,_,,False,False,2,,False,False,"[1, 2]",1247,Category 3,2,True,"[{'listingNoteId': -1, 'listingNoteContentId': 3338094, 'formattedListingNoteContent': 'Clear view', 'listingNoteTypeId': 3, 'showToBuyer': True, 'hideInMock': False, 'siteAddedListingNote': False, 'aisleListingNoteWithSplit': False, 'listingNoteDescriptionContentId': 3338095, 'formattedListingNoteDescription': ""You'll have an unrestricted view of the show.""}]","[{'listingNoteBucketId': 27, 'formattedListingNoteContent': 'Clear view', 'displayOrder': 8, 'showsRawNoteText': True, 'sourceListingNoteId': -1}]",3325460,False,False,Row,True,1235611,"¥1,235,611","¥1,235,611",10,Mobile Transfer ticket,3,1,AED,JPY,400.0,AED,"https://img.vggcdn.net/img/vfsimage2/812551/1247_1989401/0.jpg?im=Resize=(500,271)&v=771",19 hours ago,9.8,False,False,True,False,fKg%2bE%2bqRomOS8soo5WJSqsPRxBo%2fUZZsQiAT9Js9NkI%3d,False,2026-07-18T20:51:00.1700000Z,False,False,False,False,False,False,0,False,[7],False,False,False,False,0,False,False,0,13392843375,False,1870C4AA-F4D7-4B50-AD33-2C2F288DD078,False,False,True,5,9.764366677383796,1.25740229,Last tickets,True,,"[{'message': 'Amazing Value', 'qualifier': 'Based on price, view, seat quality and more', 'hasValue': True, 'messageType': 'ValueBased'}, {'message': 'Popular Pick', 'qualifier': '204 tickets sold for this event', 'hasValue': True, 'messageType': 'BoughtInLastHourSocialProofBased'}]",[],,,,,,,,,"¥1,806,651",32.0,"¥571,040",,,,,,,,,
13398235217,153020449,306,122899,306,2,13,_,,False,False,1,,False,False,[1],407,Upper,1,True,"[{'listingNoteId': -1, 'listingNoteContentId': 3338094, 'formattedListingNoteContent': 'Clear view', 'listingNoteTypeId': 3, 'showToBuyer': True, 'hideInMock': False, 'siteAddedListingNote': False, 'aisleListingNoteWithSplit': False, 'listingNoteDescriptionContentId': 3338095, 'formattedListingNoteDescription': ""You'll have an unrestricted view of the show.""}]","[{'listingNoteBucketId': 27, 'formattedListingNoteContent': 'Clear view', 'displayOrder': 8, 'showsRawNoteText': True, 'sourceListingNoteId': -1}]",2113688,False,False,Row 13,False,1248032,"¥1,248,032","¥1,248,032",10,Mobile Transfer ticket,3,1,USD,JPY,5800.0,USD,"https://img.vggcdn.net/img/vfsimage2/812551/407_122899/0.jpg?im=Resize=(500,271)&v=771",5 minutes ago,6.7,False,False,False,False,QEm8jZ5ime0tDy%2f%2bAFUo6eQ9IJC%2bHaLmg%2fXg%2fZE%2fixE%3d,False,2026-07-19T15:57:17.6400000Z,False,False,False,True,False,False,0,False,[6],False,False,False,False,0,False,False,0,13398235217,False,78AF1FBA-A5A7-471B-8D1C-FF5BB779DBF3,False,False,True,3,6.695299133363848,0.7680282619,Last ticket,True,,"[{'message': 'Popular Pick', 'qualifier': '204 tickets sold for this event', 'hasValue': True, 'messageType': 'BoughtInLastHourSocialProofBased'}]",[],[7],Fan favorite,This section is in the top 10% of sections for this event when ranked based on a count of successful sales over the past 7 days on our site,True,,,,,,,,,,,,,,,,
13396254801,153020449,304,122897,304,2,23,_,,False,False,5,,False,False,"[1, 2, 3, 4, 5]",407,Upper,5,True,"[{'listingNoteId': -1, 'listingNoteContentId': 3338094, 'formattedListingNoteContent': 'Clear view', 'listingNoteTypeId': 3, 'showToBuyer': True, 'hideInMock': False, 'siteAddedListingNote': False, 'aisleListingNoteWithSplit': False, 'listingNoteDescriptionContentId': 3338095, 'formattedListingNoteDescription': ""You'll have an unrestricted view of the show.""}]","[{'listingNoteBucketId': 27, 'formattedListingNoteContent': 'Clear view', 'displayOrder': 8, 'showsRawNoteText': True, 'sourceListingNoteId': -1}]",2113654,False,False,Row 23,False,1248032,"¥1,248,032","¥1,248,032",10,Mobile Transfer ticket,3,1,USD,JPY,2790.0,USD,"https://img.vggcdn.net/img/vfsimage2/812551/407_122897/0.jpg?im=Resize=(500,271)&v=771",5 hours ago,6.1,False,False,False,False,QEm8jZ5ime0tDy%2f%2bAFUo6eQ9IJC%2bHaLmg%2fXg%2fZE%2fixE%3d,False,2026-07-19T10:53:36.3770000Z,False,False,False,False,False,False,0,False,[7],False,False,False,False,0,False,False,0,13396254801,False,F80D6CFC-89CC-4B0E-B7AA-0C538DCD7F9A,False,False,True,3,6.057751842637093,0.7208835704,Last tickets,True,,"[{'message': 'Popular Pick', 'qualifier': '204 tickets sold for this event', 'hasValue': True, 'messageType': 'BoughtInLastHourSocialProofBased'}]",[],,,,,,,,,,,,,,,,,,,,
13398249900,153020449,331,122924,331,2,16,102_103,102,False,False,2,,False,False,"[1, 2]",407,Upper,2,True,"[{'listingNoteId': -1, 'listingNoteContentId': 3338094, 'formattedListingNoteContent': 'Clear view', 'listingNoteTypeId': 3, 'showToBuyer': True, 'hideInMock': False, 'siteAddedListingNote': False, 'aisleListingNoteWithSplit': False, 'listingNoteDescriptionContentId': 3338095, 'formattedListingNoteDescription': ""You'll have an unrestricted view of the show.""}]","[{'listingNoteBucketId': 27, 'formattedListingNoteContent': 'Clear view', 'displayOrder': 8, 'showsRawNoteText': True, 'sourceListingNoteId': -1}]",2113931,False,False,Row 16,False,1248422,"¥1,248,422","¥1,248,422",10,Mobile Transfer ticket,3,1,USD,JPY,8589.0,USD,"https://img.vggcdn.net/img/vfsimage2/812551/407_122924/0.jpg?im=Resize=(500,271)&v=771",3 minutes ago,6.5,False,False,False,False,FKG5lVBhAY7EGqwW1EF5Pgs4XrJ0EQDI1sUijj9i91c%3d,False,2026-07-19T15:59:18.8730000Z,False,False,False,False,False,False,0,False,[7],False,False,False,False,0,False,False,0,13398249900,False,CE785A17-ECF6-47CE-91A6-D59D2024FA68,False,False,True,3,6.534779931357612,0.7558231346,Last tickets,True,,"[{'message': 'Popular Pick', 'qualifier': '204 tickets sold for this event', 'hasValue': True, 'messageType': 'BoughtInLastHourSocialProofBased'}]",[],,,,,,,,,,,,,,,,,,,,
13398199694,153020449,335,122928,335,2,4,_,,False,False,3,,False,False,"[1, 3]",478,Loge,4,True,"[{'listingNoteId': -1, 'listingNoteContentId': 3338094, 'formattedListingNoteContent': 'Clear view', 'listingNoteTypeId': 3, 'showToBuyer': True, 'hideInMock': False, 'siteAddedListingNote': False, 'aisleListingNoteWithSplit': False, 'listingNoteDescriptionContentId': 3338095, 'formattedListingNoteDescription': ""You'll have an unrestricted view of the show.""}]","[{'listingNoteBucketId': 27, 'formattedListingNoteContent': 'Clear view', 'displayOrder': 8, 'showsRawNoteText': True, 'sourceListingNoteId': -1}]",1591177,False,False,Row 4,False,1261288,"¥1,261,288","¥1,261,288",10,Mobile Transfer ticket,3,1,USD,JPY,6600.0,USD,"https://img.vggcdn.net/img/vfsimage2/812551/478_122928/0.jpg?im=Resize=(500,271)&v=771",13 minutes ago,7.7,False,False,False,False,FKG5lVBhAY7EGqwW1EF5Pgs4XrJ0EQDI1sUijj9i91c%3d,False,2026-07-19T15:48:45.0300000Z,False,False,False,False,False,False,0,False,,False,False,False,False,0,False,False,0,13398199694,False,17E7A310-A7A0-439D-B459-A7E1AB26BD55,False,False,True,4,7.6808017867641105,0.8842002575,,,,"[{'message': 'Great Value', 'qualifier': 'Based on price, view, seat quality and more', 'hasValue': True, 'messageType': 'ValueBased'}, {'message': 'Popular Pick', 'qualifier': '204 tickets sold for this event', 'hasValue': True, 'messageType': 'BoughtInLastHourSocialProofBased'}]",[],,,,,,,,,,,,,,,,,,,,
13398252586,153020449,348,122941,348,2,24,_,,False,False,1,,False,False,[1],407,Upper,1,True,"[{'listingNoteId': -1, 'listingNoteContentId': 3338094, 'formattedListingNoteContent': 'Clear view', 'listingNoteTypeId': 3, 'showToBuyer': True, 'hideInMock': False, 'siteAddedListingNote': False, 'aisleListingNoteWithSplit': False, 'listingNoteDescriptionContentId': 3338095, 'formattedListingNoteDescription': ""You'll have an unrestricted view of the show.""}]","[{'listingNoteBucketId': 27, 'formattedListingNoteContent': 'Clear view', 'displayOrder': 8, 'showsRawNoteText': True, 'sourceListingNoteId': -1}]",2114006,False,False,Row 24,False,1267526,"¥1,267,526","¥1,267,526",10,Mobile Transfer ticket,3,1,USD,JPY,2790.0,USD,"https://img.vggcdn.net/img/vfsimage2/812551/407_122941/0.jpg?im=Resize=(500,271)&v=771",a minute ago,6.0,False,False,False,False,smfdYjBePd2TcxoMry7WPt%2fOgCOHv0wTROo%2bhSt1YaE%3d,False,2026-07-19T16:00:49.5770000Z,False,False,False,False,False,False,0,False,[7],False,False,False,False,0,False,False,0,13398252586,False,A6281574-FE45-4F8B-B09E-947C50633158,False,False,True,3,6.008668279648083,0.7287039177,Last ticket,True,,"[{'message': 'Popular Pick', 'qualifier': '204 tickets sold for this event', 'hasValue': True, 'messageType': 'BoughtInLastHourSocialProofBased'}]",[],,,,,,,,,,,,,,,,,,,,
13397931884,153020449,301,122894,301,2,8,8_8,8,False,False,1,,False,False,[1],407,Upper,1,True,"[{'listingNoteId': -1, 'listingNoteContentId': 3338094, 'formattedListingNoteContent': 'Clear view', 'listingNoteTypeId': 3, 'showToBuyer': True, 'hideInMock': False, 'siteAddedListingNote': False, 'aisleListingNoteWithSplit': False, 'listingNoteDescriptionContentId': 3338095, 'formattedListingNoteDescription': ""You'll have an unrestricted view of the show.""}]","[{'listingNoteBucketId': 27, 'formattedListingNoteContent': 'Clear view', 'displayOrder': 8, 'showsRawNoteText': True, 'sourceListingNoteId': -1}]",2113595,False,False,Row 8,False,1294719,"¥1,294,719","¥1,294,719",10,Mobile Transfer ticket,3,1,USD,JPY,4875.32,USD,"https://img.vggcdn.net/img/vfsimage2/812551/407_122894/0.jpg?im=Resize=(500,271)&v=771",an hour ago,6.6,False,False,False,False,hA5O%2biLeHJF%2flUsxkIB%2fp%2fx%2ft3YhHfEx1BzfUUgwgxo%3d,False,2026-07-19T14:51:56.0570000Z,False,False,False,False,False,False,0,False,,False,False,False,False,0,False,False,0,13397931884,False,F0BBBA80-91B1-42E5-A753-8D9CFFB6CF86,False,False,True,3,6.62286521300771,0.7908930164,,,,"[{'message': 'Popular Pick', 'qualifier': '204 tickets sold for this event', 'hasValue': True, 'messageType': 'BoughtInLastHourSocialProofBased'}]",[],,,,,,,,,,,,8,8,,,,,,,
13397939716,153020449,303,122896,303,2,,_,,False,False,7,,False,False,"[1, 2, 3, 4, 5, 6, 7]",407,Upper,7,True,"[{'listingNoteId': -1, 'listingNoteContentId': 3338094, 'formattedListingNoteContent': 'Clear view', 'listingNoteTypeId': 3, 'showToBuyer': True, 'hideInMock': False, 'siteAddedListingNote': False, 'aisleListingNoteWithSplit': False, 'listingNoteDescriptionContentId': 3338095, 'formattedListingNoteDescription': ""You'll have an unrestricted view of the show.""}]","[{'listingNoteBucketId': 27, 'formattedListingNoteContent': 'Clear view', 'displayOrder': 8, 'showsRawNoteText': True, 'sourceListingNoteId': -1}]",108868,False,False,Row,True,1316259,"¥1,316,259","¥1,316,259",10,Mobile Transfer ticket,3,1,USD,JPY,4116.0,USD,"https://img.vggcdn.net/img/vfsimage2/812551/407_122896/0.jpg?im=Resize=(500,271)&v=771",an hour ago,5.4,False,False,False,False,LGs3Gj7LJ%2bhqF28FMcHgi7nbgtsLG0DFIodAPWBc3CM%3d,False,2026-07-19T14:53:28.0400000Z,False,False,False,False,False,False,0,False,[7],False,False,False,False,0,False,False,0,13397939716,False,2783717E-312C-435D-A0F2-79DFF659659E,False,False,True,3,5.372468468098006,0.7132467024,Last tickets,True,,"[{'message': 'Popular Pick', 'qualifier': '204 tickets sold for this event', 'hasValue': True, 'messageType': 'BoughtInLastHourSocialProofBased'}]",[],,,,,,,,,,,,,,,,,,,,
13398188275,153020449,314,122907,314,2,21,_,,False,False,1,,False,False,[1],407,Upper,1,True,"[{'listingNoteId': -1, 'listingNoteContentId': 3338094, 'formattedListingNoteContent': 'Clear view', 'listingNoteTypeId': 3, 'showToBuyer': True, 'hideInMock': False, 'siteAddedListingNote': False, 'aisleListingNoteWithSplit': False, 'listingNoteDescriptionContentId': 3338095, 'formattedListingNoteDescription': ""You'll have an unrestricted view of the show.""}]","[{'listingNoteBucketId': 27, 'formattedListingNoteContent': 'Clear view', 'displayOrder': 8, 'showsRawNoteText': True, 'sourceListingNoteId': -1}]",703824,False,False,Row 21,False,1345500,"¥1,345,500","¥1,345,500",10,Mobile Transfer ticket,3,1,USD,JPY,0.0,USD,"https://img.vggcdn.net/img/vfsimage2/812551/407_122907/0.jpg?im=Resize=(500,271)&v=771",14 minutes ago,4.9,False,False,False,False,5%2bvCUEVVu3exJ%2fja3%2b0F6l44%2f16Vrgs9lh20LN58HEw%3d,False,2026-07-19T15:47:36.9070000Z,False,False,False,False,False,False,0,False,,False,False,False,False,0,False,False,0,13398188275,False,990F70C6-385B-4EA9-889D-25EE5E15B74C,False,False,True,2,4.857838560633621,0.6753573203,,,,"[{'message': 'Popular Pick', 'qualifier': '204 tickets sold for this event', 'hasValue': True, 'messageType': 'BoughtInLastHourSocialProofBased'}]",[],,,,,,,,,,,,,,,,,,,,
13398203476,153020449,322,122915,322,2,11,_,,False,False,3,,False,False,"[1, 3]",407,Upper,3,True,"[{'listingNoteId': -1, 'listingNoteContentId': 3338094, 'formattedListingNoteContent': 'Clear view', 'listingNoteTypeId': 3, 'showToBuyer': True, 'hideInMock': False, 'siteAddedListingNote': False, 'aisleListingNoteWithSplit': False, 'listingNoteDescriptionContentId': 3338095, 'formattedListingNoteDescription': ""You'll have an unrestricted view of the show.""}]","[{'listingNoteBucketId': 27, 'formattedListingNoteContent': 'Clear view', 'displayOrder': 8, 'showsRawNoteText': True, 'sourceListingNoteId': -1}]",2113732,False,False,Row 11,False,1346471,"¥1,346,471","¥1,346,471",10,Mobile Transfer ticket,3,1,USD,JPY,5785.0,USD,"https://img.vggcdn.net/img/vfsimage2/812551/407_122915/0.jpg?im=Resize=(500,271)&v=771",12 minutes ago,5.9,False,False,False,False,OCBTcE5%2b0OuutaxLUz86u0OudQY%2f3GT5JgvR0zx4%2bhg%3d,False,2026-07-19T15:49:35.9100000Z,False,False,False,True,False,False,0,False,[6],False,False,False,False,0,False,False,0,13398203476,False,992C56FE-66FC-449F-8322-EFE276335E96,False,False,True,3,5.908737875591525,0.7667625991,,,,"[{'message': 'Popular Pick', 'qualifier': '204 tickets sold for this event', 'hasValue': True, 'messageType': 'BoughtInLastHourSocialProofBased'}]",[],,Fan favorite,This section has the highest count of successful sales for this event over the past 7 days on our site,True,,,,,,,,,,,,,,,,
13365543495,153020449,323,122916,323,2,11,_,,False,False,8,,False,False,"[1, 2, 3, 4, 5, 6, 7, 8]",407,Upper,8,True,"[{'listingNoteId': -1, 'listingNoteContentId': 3338094, 'formattedListingNoteContent': 'Clear view', 'listingNoteTypeId': 3, 'showToBuyer': True, 'hideInMock': False, 'siteAddedListingNote': False, 'aisleListingNoteWithSplit': False, 'listingNoteDescriptionContentId': 3338095, 'formattedListingNoteDescription': ""You'll have an unrestricted view of the show.""}]","[{'listingNoteBucketId': 27, 'formattedListingNoteContent': 'Clear view', 'displayOrder': 8, 'showsRawNoteText': True, 'sourceListingNoteId': -1}]",2113754,False,False,Row 11,False,1364993,"¥1,364,993","¥1,364,993",10,Mobile Transfer ticket,3,1,USD,JPY,1000.0,USD,"https://img.vggcdn.net/img/vfsimage2/812551/407_122916/0.jpg?im=Resize=(500,271)&v=771",3 days ago,5.9,False,False,False,False,DLsyK7%2fSZEmWlvaPwzAC4kELjarBpaMABpq9Hyjl7WM%3d,False,2026-07-16T01:16:55.1130000Z,False,False,False,False,False,False,0,False,[7],False,False,False,False,0,False,False,0,13365543495,False,38C0A4FD-2FE1-49D7-BE18-CDF1836BF0ED,False,False,True,3,5.888036988718884,0.7757899793,Last tickets,True,,"[{'message': 'Popular Pick', 'qualifier': '204 tickets sold for this event', 'hasValue': True, 'messageType': 'BoughtInLastHourSocialProofBased'}]",[],,,,,,,,,,,,,,,,,,,,
13398170486,153020449,326,122919,326,2,10,_,,False,False,1,,False,False,[1],407,Upper,1,True,"[{'listingNoteId': -1, 'listingNoteContentId': 3338094, 'formattedListingNoteContent': 'Clear view', 'listingNoteTypeId': 3, 'showToBuyer': True, 'hideInMock': False, 'siteAddedListingNote': False, 'aisleListingNoteWithSplit': False, 'listingNoteDescriptionContentId': 3338095, 'formattedListingNoteDescription': ""You'll have an unrestricted view of the show.""}]","[{'listingNoteBucketId': 27, 'formattedListingNoteContent': 'Clear view', 'displayOrder': 8, 'showsRawNoteText': True, 'sourceListingNoteId': -1}]",2113819,False,False,Row 10,False,1369510,"¥1,369,510","¥1,369,510",10,Mobile Transfer ticket,3,1,EUR,JPY,5500.0,EUR,"https://img.vggcdn.net/img/vfsimage2/812551/407_122919/0.jpg?im=Resize=(500,271)&v=771",18 minutes ago,5.6,False,False,False,False,28gh64NBms1LxdMbMTkK6JEwpOK61cBb7LU7Cjspgf4%3d,False,2026-07-19T15:43:34.7500000Z,False,False,False,True,False,False,0,False,[6],False,False,False,False,0,False,False,0,13398170486,False,45270051-1326-4CB6-8D1E-57D835D7C8BA,False,False,True,3,5.6499224875646625,0.7611881551,,,,"[{'message': 'Popular Pick', 'qualifier': '204 tickets sold for this event', 'hasValue': True, 'messageType': 'BoughtInLastHourSocialProofBased'}]",[],,Fan favorite,This section is in the top 10% of sections for this event when ranked based on a count of successful sales over the past 7 days on our site,True,,,,,,,,,,,,,,,,
13398221746,153020449,301,122894,301,2,7,_,,False,False,4,,False,False,"[1, 2, 3, 4]",407,Upper,4,True,"[{'listingNoteId': 2027, 'listingNoteContentId': 3415845, 'formattedListingNoteContent': 'Third Row of Section', 'listingNoteTypeId': 6, 'showToBuyer': True, 'hideInMock': False, 'siteAddedListingNote': False, 'aisleListingNoteWithSplit': False, 'listingNoteDescriptionContentId': 3415845, 'formattedListingNoteDescription': 'Third Row of Section'}, {'listingNoteId': -1, 'listingNoteContentId': 3338094, 'formattedListingNoteContent': 'Clear view', 'listingNoteTypeId': 3, 'showToBuyer': True, 'hideInMock': False, 'siteAddedListingNote': False, 'aisleListingNoteWithSplit': False, 'listingNoteDescriptionContentId': 3338095, 'formattedListingNoteDescription': ""You'll have an unrestricted view of the show.""}]","[{'listingNoteBucketId': 14, 'formattedListingNoteContent': 'Third Row of Section', 'displayOrder': 14, 'showsRawNoteText': True, 'sourceListingNoteId': 2027}, {'listingNoteBucketId': 27, 'formattedListingNoteContent': 'Clear view', 'displayOrder': 8, 'showsRawNoteText': True, 'sourceListingNoteId': -1}]",2113594,False,False,Row 7,False,1381067,"¥1,381,067","¥1,381,067",10,Mobile Transfer ticket,3,1,USD,JPY,4875.32,USD,"https://img.vggcdn.net/img/vfsimage2/812551/407_122894/0.jpg?im=Resize=(500,271)&v=771",8 minutes ago,6.0,False,False,False,False,Y%2bXBFnsHpjc6IcU%2bHseyDzqu2WXNjVQjsqTFPwNusxk%3d,False,2026-07-19T15:53:47.5700000Z,False,False,False,False,False,False,0,False,,False,False,False,False,0,False,False,0,13398221746,False,E1B1EC0D-3898-4AA5-88FA-AF3488F32D87,False,False,True,3,6.038776666208497,0.7962998324,,,,"[{'message': 'Popular Pick', 'qualifier': '204 tickets sold for this event', 'hasValue': True, 'messageType': 'BoughtInLastHourSocialProofBased'}, {'message': 'Third Row', 'qualifier': 'Excellent proximity to the action', 'hasValue': True, 'messageType': 'ThirdRowTicketAttributeBased'}]",[2027],,,,,,,,,,,,,,,,,,,,
13397931889,153020449,341,122934,341,2,18,_,,False,False,3,,False,False,"[1, 2, 3]",407,Upper,3,True,"[{'listingNoteId': -1, 'listingNoteContentId': 3338094, 'formattedListingNoteContent': 'Clear view', 'listingNoteTypeId': 3, 'showToBuyer': True, 'hideInMock': False, 'siteAddedListingNote': False, 'aisleListingNoteWithSplit': False, 'listingNoteDescriptionContentId': 3338095, 'formattedListingNoteDescription': ""You'll have an unrestricted view of the show.""}]","[{'listingNoteBucketId': 27, 'formattedListingNoteContent': 'Clear view', 'displayOrder': 8, 'showsRawNoteText': True, 'sourceListingNoteId': -1}]",704412,False,False,Row 18,False,1382978,"¥1,382,978","¥1,382,978",10,Mobile Transfer ticket,3,1,USD,JPY,8340.0,USD,"https://img.vggcdn.net/img/vfsimage2/812551/407_122934/0.jpg?im=Resize=(500,271)&v=771",an hour ago,6.2,False,False,False,False,KDuDtGtquDjIKfEOYU7eQSHrt1fKYwLMmGYxqK2tr5k%3d,False,2026-07-19T14:51:56.1270000Z,False,False,False,False,False,False,0,False,,False,False,False,False,0,False,False,0,13397931889,False,6EE44DE9-2C8F-434A-86B2-F88057DCA73C,False,False,True,3,6.2304753205359695,0.8083873733,,,,"[{'message': 'Popular Pick', 'qualifier': '204 tickets sold for this event', 'hasValue': True, 'messageType': 'BoughtInLastHourSocialProofBased'}]",[],,,,,,,,,,,,,,,,,,,,
13398115628,153020449,227B,1530788,227B,2,17,_,,False,False,1,,False,False,[1],471,Middle,1,True,"[{'listingNoteId': -1, 'listingNoteContentId': 3338094, 'formattedListingNoteContent': 'Clear view', 'listingNoteTypeId': 3, 'showToBuyer': True, 'hideInMock': False, 'siteAddedListingNote': False, 'aisleListingNoteWithSplit': False, 'listingNoteDescriptionContentId': 3338095, 'formattedListingNoteDescription': ""You'll have an unrestricted view of the show.""}]","[{'listingNoteBucketId': 27, 'formattedListingNoteContent': 'Clear view', 'displayOrder': 8, 'showsRawNoteText': True, 'sourceListingNoteId': -1}]",2113492,False,False,Row 17,False,1404565,"¥1,404,565","¥1,404,565",10,Mobile Transfer ticket,3,1,USD,JPY,1.0,USD,"https://img.vggcdn.net/img/vfsimage2/812551/471_1530788/0.jpg?im=Resize=(500,271)&v=771",28 minutes ago,7.8,False,False,False,False,3MI1xN8vvtspmIAUGuqXLShETOJfssRa9WujYRCQP7g%3d,False,2026-07-19T15:33:38.9630000Z,False,False,False,False,False,False,0,False,[7],False,False,False,False,0,False,False,0,13398115628,False,DE03FCD7-B377-4AE9-8235-0DC406DABE8F,False,False,True,4,7.818124259866326,1.003960957,Last ticket,True,,"[{'message': 'Great Value', 'qualifier': 'Based on price, view, seat quality and more', 'hasValue': True, 'messageType': 'ValueBased'}, {'message': 'Popular Pick', 'qualifier': '204 tickets sold for this event', 'hasValue': True, 'messageType': 'BoughtInLastHourSocialProofBased'}]",[],,,,,,,,,,,,,,,,,,,,
13393942100,153020449,326,122919,326,2,7,_,,False,False,1,,False,False,[1],407,Upper,1,True,"[{'listingNoteId': 2027, 'listingNoteContentId': 3415845, 'formattedListingNoteContent': 'Third Row of Section', 'listingNoteTypeId': 6, 'showToBuyer': True, 'hideInMock': False, 'siteAddedListingNote': False, 'aisleListingNoteWithSplit': False, 'listingNoteDescriptionContentId': 3415845, 'formattedListingNoteDescription': 'Third Row of Section'}, {'listingNoteId': -1, 'listingNoteContentId': 3338094, 'formattedListingNoteContent': 'Clear view', 'listingNoteTypeId': 3, 'showToBuyer': True, 'hideInMock': False, 'siteAddedListingNote': False, 'aisleListingNoteWithSplit': False, 'listingNoteDescriptionContentId': 3338095, 'formattedListingNoteDescription': ""You'll have an unrestricted view of the show.""}]","[{'listingNoteBucketId': 14, 'formattedListingNoteContent': 'Third Row of Section', 'displayOrder': 14, 'showsRawNoteText': True, 'sourceListingNoteId': 2027}, {'listingNoteBucketId': 27, 'formattedListingNoteContent': 'Clear view', 'displayOrder': 8, 'showsRawNoteText': True, 'sourceListingNoteId': -1}]",2113838,False,False,Row 7,False,1423474,"¥1,423,474","¥1,423,474",10,Mobile Transfer ticket,3,1,USD,JPY,5785.0,USD,"https://img.vggcdn.net/img/vfsimage2/812551/407_122919/0.jpg?im=Resize=(500,271)&v=771",15 hours ago,5.6,False,False,False,False,x975DUyUv%2b%2fG9M4Wd%2feJI%2fqFyAvjzwh8wvNC7klJ7Y8%3d,False,2026-07-19T00:53:03.6600000Z,False,False,False,True,False,False,0,False,[6],False,False,False,False,0,False,False,0,13393942100,False,4138335A-F769-4680-9B21-8DB2F2A28C63,False,False,True,3,5.550704451199367,0.7774937024,,,,"[{'message': 'Popular Pick', 'qualifier': '204 tickets sold for this event', 'hasValue': True, 'messageType': 'BoughtInLastHourSocialProofBased'}, {'message': 'Third Row', 'qualifier': 'Excellent proximity to the action', 'hasValue': True, 'messageType': 'ThirdRowTicketAttributeBased'}]",[2027],,Fan favorite,This section is in the top 10% of sections for this event when ranked based on a count of successful sales over the past 7 days on our site,True,,,,,,,,,,,,,,,,
13398025945,153020449,305,122898,305,2,10,_,,False,False,8,,False,False,"[1, 2, 3, 4, 5, 6, 7, 8]",407,Upper,8,True,"[{'listingNoteId': -1, 'listingNoteContentId': 3338094, 'formattedListingNoteContent': 'Clear view', 'listingNoteTypeId': 3, 'showToBuyer': True, 'hideInMock': False, 'siteAddedListingNote': False, 'aisleListingNoteWithSplit': False, 'listingNoteDescriptionContentId': 3338095, 'formattedListingNoteDescription': ""You'll have an unrestricted view of the show.""}]","[{'listingNoteBucketId': 27, 'formattedListingNoteContent': 'Clear view', 'displayOrder': 8, 'showsRawNoteText': True, 'sourceListingNoteId': -1}]",2113663,False,False,Row 10,False,1427309,"¥1,427,309","¥1,427,309",10,Mobile Transfer ticket,3,1,EUR,JPY,200.0,EUR,"https://img.vggcdn.net/img/vfsimage2/812551/407_122898/0.jpg?im=Resize=(500,271)&v=771",47 minutes ago,5.1,False,False,False,False,IasfVmonmX4%2b8O33c%2bCSBuc1QBjmNfc7ZRBw6yZJUYE%3d,False,2026-07-19T15:14:41.3200000Z,False,False,False,False,False,False,0,False,,False,False,False,False,0,False,False,0,13398025945,False,C5667C9F-D9BC-4FD0-AF18-E0C44F15CC60,False,False,True,3,5.138048795610803,0.7497392651,,,,"[{'message': 'Popular Pick', 'qualifier': '204 tickets sold for this event', 'hasValue': True, 'messageType': 'BoughtInLastHourSocialProofBased'}]",[],,,,,,,,,,,,,,,,,,,,
13398060319,153020449,305,122898,305,2,12,_,,False,False,6,,False,False,"[1, 2, 3, 4, 5, 6]",407,Upper,6,True,"[{'listingNoteId': -1, 'listingNoteContentId': 3338094, 'formattedListingNoteContent': 'Clear view', 'listingNoteTypeId': 3, 'showToBuyer': True, 'hideInMock': False, 'siteAddedListingNote': False, 'aisleListingNoteWithSplit': False, 'listingNoteDescriptionContentId': 3338095, 'formattedListingNoteDescription': ""You'll have an unrestricted view of the show.""}]","[{'listingNoteBucketId': 27, 'formattedListingNoteContent': 'Clear view', 'displayOrder': 8, 'showsRawNoteText': True, 'sourceListingNoteId': -1}]",2113665,False,False,Row 12,False,1427309,"¥1,427,309","¥1,427,309",10,Mobile Transfer ticket,3,1,EUR,JPY,200.0,EUR,"https://img.vggcdn.net/img/vfsimage2/812551/407_122898/0.jpg?im=Resize=(500,271)&v=771",39 minutes ago,5.0,False,False,False,False,IasfVmonmX4%2b8O33c%2bCSBuc1QBjmNfc7ZRBw6yZJUYE%3d,False,2026-07-19T15:23:23.7500000Z,False,False,False,False,False,False,0,False,,False,False,False,False,0,False,False,0,13398060319,False,EBF61023-6EBA-4CF9-9E2F-60EDA3C78ABE,False,False,True,3,5.005116535194424,0.7406041415,,,,"[{'message': 'Popular Pick', 'qualifier': '204 tickets sold for this event', 'hasValue': True, 'messageType': 'BoughtInLastHourSocialProofBased'}]",[],,,,,,,,,,,,,,,,,,,,
13396604271,153020449,341,122934,341,2,14,_,,False,False,4,,False,False,"[1, 2, 3, 4]",407,Upper,4,True,"[{'listingNoteId': -1, 'listingNoteContentId': 3338094, 'formattedListingNoteContent': 'Clear view', 'listingNoteTypeId': 3, 'showToBuyer': True, 'hideInMock': False, 'siteAddedListingNote': False, 'aisleListingNoteWithSplit': False, 'listingNoteDescriptionContentId': 3338095, 'formattedListingNoteDescription': ""You'll have an unrestricted view of the show.""}]","[{'listingNoteBucketId': 27, 'formattedListingNoteContent': 'Clear view', 'displayOrder': 8, 'showsRawNoteText': True, 'sourceListingNoteId': -1}]",704408,False,False,Row 14,False,1433029,"¥1,433,029","¥1,433,029",10,Mobile Transfer ticket,3,1,USD,JPY,8340.0,USD,"https://img.vggcdn.net/img/vfsimage2/812551/407_122934/0.jpg?im=Resize=(500,271)&v=771",3 hours ago,6.4,False,False,False,False,qYClHXpsmnh42mgdEDtnK2PbffIKk8NLnuchfcGkkkg%3d,False,2026-07-19T12:10:41.2270000Z,False,False,False,False,False,False,0,False,,False,False,False,False,0,False,False,0,13396604271,False,FAD17809-6762-4EB9-87AF-1EF668AAF08C,False,False,True,3,6.445696234839587,0.85669167,,,,"[{'message': 'Popular Pick', 'qualifier': '204 tickets sold for this event', 'hasValue': True, 'messageType': 'BoughtInLastHourSocialProofBased'}]",[],,,,,,,,,,,,,,,,,,,,
13394485896,153020449,342,122935,342,2,15,_,,False,False,3,,False,False,"[1, 2, 3]",407,Upper,3,True,"[{'listingNoteId': -1, 'listingNoteContentId': 3338094, 'formattedListingNoteContent': 'Clear view', 'listingNoteTypeId': 3, 'showToBuyer': True, 'hideInMock': False, 'siteAddedListingNote': False, 'aisleListingNoteWithSplit': False, 'listingNoteDescriptionContentId': 3338095, 'formattedListingNoteDescription': ""You'll have an unrestricted view of the show.""}]","[{'listingNoteBucketId': 27, 'formattedListingNoteContent': 'Clear view', 'displayOrder': 8, 'showsRawNoteText': True, 'sourceListingNoteId': -1}]",704431,False,False,Row 15,False,1451751,"¥1,451,751","¥1,451,751",10,Mobile Transfer ticket,3,1,USD,JPY,0.0,USD,"https://img.vggcdn.net/img/vfsimage2/812551/407_122935/0.jpg?im=Resize=(500,271)&v=771",12 hours ago,5.6,False,False,False,False,kHnQC1HgQg8GUGTHC5zzloSw7SYHo72a5WLf0ZcmTpw%3d,False,2026-07-19T03:27:41.2970000Z,False,False,False,False,False,False,0,False,,False,False,False,False,0,False,False,0,13394485896,False,A479BA38-00F0-4AB7-B2D9-26177DFD738E,False,False,True,3,5.638481307280045,0.7997160059,,,,"[{'message': 'Popular Pick', 'qualifier': '204 tickets sold for this event', 'hasValue': True, 'messageType': 'BoughtInLastHourSocialProofBased'}]",[],,,,,,,,,,,,,,,,,,,,
13398028761,153020449,126,122797,126,2,36,_,,False,False,1,,False,False,[1],594,Lower,1,True,"[{'listingNoteId': -1, 'listingNoteContentId': 3338094, 'formattedListingNoteContent': 'Clear view', 'listingNoteTypeId': 3, 'showToBuyer': True, 'hideInMock': False, 'siteAddedListingNote': False, 'aisleListingNoteWithSplit': False, 'listingNoteDescriptionContentId': 3338095, 'formattedListingNoteDescription': ""You'll have an unrestricted view of the show.""}]","[{'listingNoteBucketId': 27, 'formattedListingNoteContent': 'Clear view', 'displayOrder': 8, 'showsRawNoteText': True, 'sourceListingNoteId': -1}]",2112794,False,False,Row 36,False,1452324,"¥1,452,324","¥1,452,324",10,Mobile Transfer ticket,3,14,USD,JPY,10990.0,USD,"https://img.vggcdn.net/img/vfsimage2/812551/594_122797/0.jpg?im=Resize=(500,271)&v=771",47 minutes ago,8.5,False,False,False,False,TUwBr1evVo7Mdn1BVQmECSHrZfTaHBS%2fpsbHtiAlSPM%3d,False,2026-07-19T15:15:32.3670000Z,False,False,False,True,False,False,0,False,[6],False,False,False,False,0,False,False,0,13398028761,False,B9C9877C-4A92-42B1-A598-D7513560D8DD,False,False,True,5,8.54538896764875,1.184031131,,,,"[{'message': 'Amazing Value', 'qualifier': 'Based on price, view, seat quality and more', 'hasValue': True, 'messageType': 'ValueBased'}, {'message': 'Popular Pick', 'qualifier': '204 tickets sold for this event', 'hasValue': True, 'messageType': 'BoughtInLastHourSocialProofBased'}]",[],,Fan favorite,This section is in the top 10% of sections for this event when ranked based on a count of successful sales over the past 7 days on our site,True,,,,,"¥2,179,962",33.0,"¥727,638",,,,,,,,,
13398028742,153020449,126,122797,126,2,29,_,,False,False,2,,False,False,"[1, 2]",594,Lower,2,True,"[{'listingNoteId': -1, 'listingNoteContentId': 3338094, 'formattedListingNoteContent': 'Clear view', 'listingNoteTypeId': 3, 'showToBuyer': True, 'hideInMock': False, 'siteAddedListingNote': False, 'aisleListingNoteWithSplit': False, 'listingNoteDescriptionContentId': 3338095, 'formattedListingNoteDescription': ""You'll have an unrestricted view of the show.""}]","[{'listingNoteBucketId': 27, 'formattedListingNoteContent': 'Clear view', 'displayOrder': 8, 'showsRawNoteText': True, 'sourceListingNoteId': -1}]",2112786,False,False,Row 29,False,1471428,"¥1,471,428","¥1,471,428",10,Mobile Transfer ticket,3,14,USD,JPY,10990.0,USD,"https://img.vggcdn.net/img/vfsimage2/812551/594_122797/0.jpg?im=Resize=(500,271)&v=771",47 minutes ago,9.0,False,False,False,False,Upk%2b0f3WVKXtfhpSpLV5wUYIAwecUIw0EwZ8rjQ3mrg%3d,False,2026-07-19T15:15:32.0170000Z,False,False,False,True,False,False,0,False,[6],False,False,False,False,0,False,False,0,13398028742,False,5EAC5951-4C2E-4ACB-A2D9-6D693713C340,False,False,True,5,9.005512161811106,1.296988872,,,,"[{'message': 'Amazing Value', 'qualifier': 'Based on price, view, seat quality and more', 'hasValue': True, 'messageType': 'ValueBased'}, {'message': 'Popular Pick', 'qualifier': '204 tickets sold for this event', 'hasValue': True, 'messageType': 'BoughtInLastHourSocialProofBased'}]",[],,Fan favorite,This section is in the top 10% of sections for this event when ranked based on a count of successful sales over the past 7 days on our site,True,,,,,"¥2,179,956",33.0,"¥708,528",,,,,,,,,
13398047147,153020449,316,122909,316,2,25,19_19,19,False,False,1,,False,False,[1],407,Upper,1,True,"[{'listingNoteId': -1, 'listingNoteContentId': 3338094, 'formattedListingNoteContent': 'Clear view', 'listingNoteTypeId': 3, 'showToBuyer': True, 'hideInMock': False, 'siteAddedListingNote': False, 'aisleListingNoteWithSplit': False, 'listingNoteDescriptionContentId': 3338095, 'formattedListingNoteDescription': ""You'll have an unrestricted view of the show.""}]","[{'listingNoteBucketId': 27, 'formattedListingNoteContent': 'Clear view', 'displayOrder': 8, 'showsRawNoteText': True, 'sourceListingNoteId': -1}]",703872,False,False,Row 25,False,1475132,"¥1,475,132","¥1,475,132",10,Mobile Transfer ticket,3,1,USD,JPY,7380.0,USD,"https://img.vggcdn.net/img/vfsimage2/812551/407_122909/0.jpg?im=Resize=(500,271)&v=771",42 minutes ago,4.0,False,False,False,False,LdqHBcV31Cv6V7CQpn46X9g7fswC4ebowXgEkhU2Pqc%3d,False,2026-07-19T15:20:25.1470000Z,False,False,False,False,False,False,0,False,[7],False,False,False,False,0,False,False,0,13398047147,False,24F25792-0F11-49D9-9278-F80840B407E8,False,False,True,2,4.017186816954419,0.6152066481,Last ticket,True,,"[{'message': 'Popular Pick', 'qualifier': '204 tickets sold for this event', 'hasValue': True, 'messageType': 'BoughtInLastHourSocialProofBased'}]",[],,,,,,,,,,,,19,19,,,,,,,
13393622811,153020449,318,122911,318,2,12,_,,False,False,1,,False,False,[1],407,Upper,1,True,"[{'listingNoteId': -1, 'listingNoteContentId': 3338094, 'formattedListingNoteContent': 'Clear view', 'listingNoteTypeId': 3, 'showToBuyer': True, 'hideInMock': False, 'siteAddedListingNote': False, 'aisleListingNoteWithSplit': False, 'listingNoteDescriptionContentId': 3338095, 'formattedListingNoteDescription': ""You'll have an unrestricted view of the show.""}]","[{'listingNoteBucketId': 27, 'formattedListingNoteContent': 'Clear view', 'displayOrder': 8, 'showsRawNoteText': True, 'sourceListingNoteId': -1}]",703903,False,False,Row 12,False,1481759,"¥1,481,759","¥1,481,759",10,Mobile Transfer ticket,3,1,USD,JPY,7380.0,USD,"https://img.vggcdn.net/img/vfsimage2/812551/407_122911/0.jpg?im=Resize=(500,271)&v=771",16 hours ago,6.1,False,False,False,False,S%2fHdMS%2bnoy3v6yhNzi8RdAmTcQ3e2Z0zHzJFJ14Xe5A%3d,False,2026-07-18T23:31:25.0400000Z,False,False,False,False,False,False,0,False,[7],False,False,False,False,0,False,False,0,13393622811,False,A429C513-8A58-4E10-A554-EF6448E18470,False,False,True,3,6.067083004827811,0.8517760202,Last ticket,True,,"[{'message': 'Popular Pick', 'qualifier': '204 tickets sold for this event', 'hasValue': True, 'messageType': 'BoughtInLastHourSocialProofBased'}]",[],,,,,,,,,,,,,,,,,,,,
13398242024,153020449,104,122784,104,2,26,_,,False,False,1,,False,False,[1],594,Lower,1,True,"[{'listingNoteId': -1, 'listingNoteContentId': 3338094, 'formattedListingNoteContent': 'Clear view', 'listingNoteTypeId': 3, 'showToBuyer': True, 'hideInMock': False, 'siteAddedListingNote': False, 'aisleListingNoteWithSplit': False, 'listingNoteDescriptionContentId': 3338095, 'formattedListingNoteDescription': ""You'll have an unrestricted view of the show.""}]","[{'listingNoteBucketId': 27, 'formattedListingNoteContent': 'Clear view', 'displayOrder': 8, 'showsRawNoteText': True, 'sourceListingNoteId': -1}]",2112177,False,False,Row 26,False,1525873,"¥1,525,873","¥1,525,873",10,Mobile Transfer ticket,3,1,USD,JPY,9982.0,USD,"https://img.vggcdn.net/img/vfsimage2/812551/594_122784/0.jpg?im=Resize=(500,271)&v=771",4 minutes ago,8.5,False,False,False,False,Jk8I825CnNsxvaF1JtInryOzV2t80IIiDz80lJgZ5DQ%3d,False,2026-07-19T15:58:09.3270000Z,False,False,False,False,False,False,0,False,[7],False,False,False,False,0,False,False,0,13398242024,False,92CA35F6-8AC6-4C6C-8A16-76E09DA7FDCA,False,False,True,5,8.5,1.234865981,Last ticket,True,,"[{'message': 'Amazing Value', 'qualifier': 'Based on price, view, seat quality and more', 'hasValue': True, 'messageType': 'ValueBased'}, {'message': 'Popular Pick', 'qualifier': '204 tickets sold for this event', 'hasValue': True, 'messageType': 'BoughtInLastHourSocialProofBased'}]",[],,Fan favorite,This section is in the top 10% of sections for this event when ranked based on a count of successful sales over the past 7 days on our site,True,,,,,,,,,,,,,,,,
13398242062,153020449,149,122812,149,2,35,_,,False,False,2,,False,False,"[1, 2]",594,Lower,2,True,"[{'listingNoteId': -1, 'listingNoteContentId': 3338094, 'formattedListingNoteContent': 'Clear view', 'listingNoteTypeId': 3, 'showToBuyer': True, 'hideInMock': False, 'siteAddedListingNote': False, 'aisleListingNoteWithSplit': False, 'listingNoteDescriptionContentId': 3338095, 'formattedListingNoteDescription': ""You'll have an unrestricted view of the show.""}]","[{'listingNoteBucketId': 27, 'formattedListingNoteContent': 'Clear view', 'displayOrder': 8, 'showsRawNoteText': True, 'sourceListingNoteId': -1}]",2113354,False,False,Row 35,False,1565991,"¥1,565,991","¥1,565,991",10,Mobile Transfer ticket,3,1,USD,JPY,10990.0,USD,"https://img.vggcdn.net/img/vfsimage2/812551/594_122812/0.jpg?im=Resize=(500,271)&v=771",4 minutes ago,7.8,False,False,False,False,HNThdGJ1dYV%2bZWkvuwmBT5fflCSDHsIc0FrSyxH1ThM%3d,False,2026-07-19T15:58:09.8930000Z,False,False,False,False,False,False,0,False,,False,False,False,False,0,False,False,0,13398242062,False,2B9857F7-DE4E-44FE-8BA7-F6A153A37790,False,False,True,4,7.77976612516327,1.112851301,,,,"[{'message': 'Great Value', 'qualifier': 'Based on price, view, seat quality and more', 'hasValue': True, 'messageType': 'ValueBased'}, {'message': 'Popular Pick', 'qualifier': '204 tickets sold for this event', 'hasValue': True, 'messageType': 'BoughtInLastHourSocialProofBased'}]",[],,,,,,,,,,,,,,,,,,,,
13398235949,153020449,118,122793,118,2,14,_,,False,False,1,,False,False,[1],594,Lower,1,True,"[{'listingNoteId': 814, 'listingNoteContentId': 2446060, 'formattedListingNoteContent': 'Limited or Obstructed View (printed on ticket)', 'listingNoteTypeId': 1, 'showToBuyer': True, 'hideInMock': False, 'siteAddedListingNote': False, 'aisleListingNoteWithSplit': False, 'listingNoteDescriptionContentId': 2446061, 'formattedListingNoteDescription': 'Limited or Obstructed View (printed on ticket)'}]","[{'listingNoteBucketId': 21, 'formattedListingNoteContent': 'Limited view', 'displayOrder': 21, 'showsRawNoteText': False}]",2112590,False,False,Row 14,False,1566946,"¥1,566,946","¥1,566,946",10,Mobile Transfer ticket,3,1,USD,JPY,10990.0,USD,"https://img.vggcdn.net/img/vfsimage2/812551/594_122793/0.jpg?im=Resize=(500,271)&v=771",5 minutes ago,9.9,False,False,False,False,ckHZa%2bwvsyShYPHJqRhCi4aPD1cdDqp76gnlUMR915k%3d,False,2026-07-19T15:57:24.3700000Z,False,True,False,False,False,False,0,False,[1],False,False,False,False,0,False,False,0,13398235949,False,1651F292-72AB-4F7A-B8F6-128A2F32B099,False,False,True,5,9.877417164148572,1.63228883,Last ticket,True,,"[{'message': 'Amazing Value', 'qualifier': 'Based on price, view, seat quality and more', 'hasValue': True, 'messageType': 'ValueBased'}, {'message': 'Popular Pick', 'qualifier': '204 tickets sold for this event', 'hasValue': True, 'messageType': 'BoughtInLastHourSocialProofBased'}]",[],[7],,,,,,,,,,,,,Best deal,True,6aa8a73f-b069-4147-a316-ffc9e9280c2b,,,,
13397944570,153020449,314,122907,314,2,8,1_1,1,False,False,1,,False,False,[1],407,Upper,1,True,"[{'listingNoteId': 814, 'listingNoteContentId': 2446060, 'formattedListingNoteContent': 'Limited or Obstructed View (printed on ticket)', 'listingNoteTypeId': 1, 'showToBuyer': True, 'hideInMock': False, 'siteAddedListingNote': False, 'aisleListingNoteWithSplit': False, 'listingNoteDescriptionContentId': 2446061, 'formattedListingNoteDescription': 'Limited or Obstructed View (printed on ticket)'}, {'listingNoteId': 124, 'listingNoteContentId': 1809869, 'formattedListingNoteContent': 'Under 16s accompanied by an adult', 'listingNoteTypeId': 2, 'showToBuyer': True, 'hideInMock': False, 'siteAddedListingNote': False, 'aisleListingNoteWithSplit': False, 'listingNoteDescriptionContentId': 1809870, 'formattedListingNoteDescription': 'Children under 16 must be accompanied by an adult to the event'}]","[{'listingNoteBucketId': 14, 'formattedListingNoteContent': 'Aisle seat', 'displayOrder': 14, 'showsRawNoteText': True, 'sourceListingNoteId': 2024}, {'listingNoteBucketId': 21, 'formattedListingNoteContent': 'Limited view', 'displayOrder': 21, 'showsRawNoteText': False}, {'listingNoteBucketId': 24, 'formattedListingNoteContent': 'Under 16s accompanied by an adult', 'displayOrder': 24, 'showsRawNoteText': True, 'sourceListingNoteId': 124}]",703811,False,False,Row 8,False,1571779,"¥1,571,779","¥1,571,779",10,Mobile Transfer ticket,3,1,EUR,JPY,7300.0,EUR,"https://img.vggcdn.net/img/vfsimage2/812551/407_122907/0.jpg?im=Resize=(500,271)&v=771",an hour ago,7.8,False,False,False,False,wQL8JxTZ0g%2bHLVAQC0RXH5xchs5xub9qb6lpomQXhYM%3d,False,2026-07-19T14:54:24.7830000Z,False,False,False,False,False,False,0,False,,False,False,False,False,0,False,False,0,13397944570,False,67BBEA25-3FF4-4B87-BE97-4AAA69DD1ECC,False,False,True,4,7.766195358113882,1.114665508,,,,"[{'message': 'Great Value', 'qualifier': 'Based on price, view, seat quality and more', 'hasValue': True, 'messageType': 'ValueBased'}, {'message': 'Popular Pick', 'qualifier': '204 tickets sold for this event', 'hasValue': True, 'messageType': 'BoughtInLastHourSocialProofBased'}, {'message': 'Aisle Seat', 'qualifier': 'Easy access to your seat', 'hasValue': True, 'messageType': 'AisleSeatTicketAttributeBased'}]",[2024],,,,,,,,,,,,,,,,,,,,
13397653549,153020449,103,122783,103,2,44,18_19,18,False,False,2,,False,False,"[1, 2]",594,Lower,2,True,"[{'listingNoteId': -1, 'listingNoteContentId': 3338094, 'formattedListingNoteContent': 'Clear view', 'listingNoteTypeId': 3, 'showToBuyer': True, 'hideInMock': False, 'siteAddedListingNote': False, 'aisleListingNoteWithSplit': False, 'listingNoteDescriptionContentId': 3338095, 'formattedListingNoteDescription': ""You'll have an unrestricted view of the show.""}]","[{'listingNoteBucketId': 27, 'formattedListingNoteContent': 'Clear view', 'displayOrder': 8, 'showsRawNoteText': True, 'sourceListingNoteId': -1}]",2112148,False,False,Row 44,False,1573455,"¥1,573,455","¥1,573,455",10,Mobile Transfer ticket,3,1,USD,JPY,7045.45,USD,"https://img.vggcdn.net/img/vfsimage2/812551/594_122783/0.jpg?im=Resize=(500,271)&v=771",an hour ago,6.5,False,False,False,False,fWbhW9c5DsnJpfhEtDTrKd73stFW3JrDfS5vFUbCl40%3d,False,2026-07-19T14:06:20.0000000Z,False,False,False,True,False,False,0,False,[6],False,False,False,False,0,False,False,0,13397653549,False,8304CF80-2614-44E8-A764-E8FACFB230C9,False,False,True,3,6.474248597766257,0.9435115225,Last tickets,True,,"[{'message': 'Popular Pick', 'qualifier': '204 tickets sold for this event', 'hasValue': True, 'messageType': 'BoughtInLastHourSocialProofBased'}]",[],[7],Fan favorite,This section is in the top 10% of sections for this event when ranked based on a count of successful sales over the past 7 days on our site,True,,,,,,,,18,19,,,,,,,
13397803586,153020449,324,122917,324,2,25,_,,False,False,1,,False,False,[1],407,Upper,1,True,"[{'listingNoteId': -1, 'listingNoteContentId': 3338094, 'formattedListingNoteContent': 'Clear view', 'listingNoteTypeId': 3, 'showToBuyer': True, 'hideInMock': False, 'siteAddedListingNote': False, 'aisleListingNoteWithSplit': False, 'listingNoteDescriptionContentId': 3338095, 'formattedListingNoteDescription': ""You'll have an unrestricted view of the show.""}]","[{'listingNoteBucketId': 27, 'formattedListingNoteContent': 'Clear view', 'displayOrder': 8, 'showsRawNoteText': True, 'sourceListingNoteId': -1}]",2113790,False,False,Row 25,False,1581176,"¥1,581,176","¥1,581,176",10,Mobile Transfer ticket,3,1,USD,JPY,10350.0,USD,"https://img.vggcdn.net/img/vfsimage2/812551/407_122917/0.jpg?im=Resize=(500,271)&v=771",an hour ago,4.5,False,False,False,False,aD%2bXJAJEeFcjy6DtynNFacsod9Y7UbkKm8sKiqoGRLA%3d,False,2026-07-19T14:26:39.8270000Z,False,False,False,False,False,False,0,False,,False,False,False,False,0,False,False,0,13397803586,False,270315B8-4A5A-49CF-8191-53EA724A93BE,False,False,True,2,4.50977019149887,0.7269352183,,,,"[{'message': 'Popular Pick', 'qualifier': '204 tickets sold for this event', 'hasValue': True, 'messageType': 'BoughtInLastHourSocialProofBased'}]",[],,,,,,,,,,,,,,,,,,,,
13398234075,153020449,109,122787,109,2,15,_,,False,False,1,,False,False,[1],594,Lower,1,True,"[{'listingNoteId': 814, 'listingNoteContentId': 2446060, 'formattedListingNoteContent': 'Limited or Obstructed View (printed on ticket)', 'listingNoteTypeId': 1, 'showToBuyer': True, 'hideInMock': False, 'siteAddedListingNote': False, 'aisleListingNoteWithSplit': False, 'listingNoteDescriptionContentId': 2446061, 'formattedListingNoteDescription': 'Limited or Obstructed View (printed on ticket)'}]","[{'listingNoteBucketId': 21, 'formattedListingNoteContent': 'Limited view', 'displayOrder': 21, 'showsRawNoteText': False}]",2112292,False,False,Row 15,False,1605667,"¥1,605,667","¥1,605,667",10,Mobile Transfer ticket,3,1,EUR,JPY,11000.0,EUR,"https://img.vggcdn.net/img/vfsimage2/812551/594_122787/0.jpg?im=Resize=(500,271)&v=771",5 minutes ago,9.3,False,False,False,False,wQL8JxTZ0g%2bHLVAQC0RXH5xchs5xub9qb6lpomQXhYM%3d,False,2026-07-19T15:57:07.5070000Z,False,False,False,False,False,False,0,False,[7],False,False,False,False,0,False,False,0,13398234075,False,05A617D5-D988-468F-B855-682809C37430,False,False,True,5,9.346848408983048,1.506041195,Last ticket,True,,"[{'message': 'Amazing Value', 'qualifier': 'Based on price, view, seat quality and more', 'hasValue': True, 'messageType': 'ValueBased'}, {'message': 'Popular Pick', 'qualifier': '204 tickets sold for this event', 'hasValue': True, 'messageType': 'BoughtInLastHourSocialProofBased'}]",[],,,,,,,,,,,,,,,,,,,,
13398251639,153020449,124,122796,124,2,25,18_19,18,False,False,2,,False,False,"[1, 2]",594,Lower,2,True,"[{'listingNoteId': -1, 'listingNoteContentId': 3338094, 'formattedListingNoteContent': 'Clear view', 'listingNoteTypeId': 3, 'showToBuyer': True, 'hideInMock': False, 'siteAddedListingNote': False, 'aisleListingNoteWithSplit': False, 'listingNoteDescriptionContentId': 3338095, 'formattedListingNoteDescription': ""You'll have an unrestricted view of the show.""}]","[{'listingNoteBucketId': 27, 'formattedListingNoteContent': 'Clear view', 'displayOrder': 8, 'showsRawNoteText': True, 'sourceListingNoteId': -1}]",2112733,False,False,Row 25,False,1610270,"¥1,610,270","¥1,610,270",10,Mobile Transfer ticket,3,1,USD,JPY,0.0,USD,"https://img.vggcdn.net/img/vfsimage2/812551/594_122796/0.jpg?im=Resize=(500,271)&v=771",2 minutes ago,8.3,False,False,False,False,r%2fDrzAjg%2bq3JfRMY1MfUm6sKitddjE2p7SGdwPsS9pc%3d,False,2026-07-19T16:00:23.1430000Z,False,False,False,True,False,False,0,False,[6],False,False,False,False,0,False,False,0,13398251639,False,A81FF0D5-1602-498A-A784-E4EDE56A8414,False,False,True,4,8.278587052663214,1.238272031,Last tickets,True,,"[{'message': 'Great Value', 'qualifier': 'Based on price, view, seat quality and more', 'hasValue': True, 'messageType': 'ValueBased'}, {'message': 'Popular Pick', 'qualifier': '204 tickets sold for this event', 'hasValue': True, 'messageType': 'BoughtInLastHourSocialProofBased'}]",[],[7],Fan favorite,This section is in the top 10% of sections for this event when ranked based on a count of successful sales over the past 7 days on our site,True,,,,,,,,,,,,,,,,
13398171350,153020449,121,122794,121,2,18,_,,False,False,3,,False,False,"[1, 2, 3]",594,Lower,3,True,"[{'listingNoteId': -1, 'listingNoteContentId': 3338094, 'formattedListingNoteContent': 'Clear view', 'listingNoteTypeId': 3, 'showToBuyer': True, 'hideInMock': False, 'siteAddedListingNote': False, 'aisleListingNoteWithSplit': False, 'listingNoteDescriptionContentId': 3338095, 'formattedListingNoteDescription': ""You'll have an unrestricted view of the show.""}]","[{'listingNoteBucketId': 27, 'formattedListingNoteContent': 'Clear view', 'displayOrder': 8, 'showsRawNoteText': True, 'sourceListingNoteId': -1}]",2112630,False,False,Row 18,False,1635719,"¥1,635,719","¥1,635,719",10,Mobile Transfer ticket,3,1,USD,JPY,0.0,USD,"https://img.vggcdn.net/img/vfsimage2/812551/594_122794/0.jpg?im=Resize=(500,271)&v=771",18 minutes ago,8.5,False,False,False,False,xqV5L8eN0kAV52L%2fn%2fnQPCuKKVLpdwChP%2ffhbOfrNak%3d,False,2026-07-19T15:43:42.8470000Z,False,False,False,False,False,False,0,False,[7],False,False,False,False,0,False,False,0,13398171350,False,2F1B655D-56BE-48BE-9167-E61F847D3F98,False,False,True,5,8.505665381099401,1.325004255,Last tickets,True,,"[{'message': 'Amazing Value', 'qualifier': 'Based on price, view, seat quality and more', 'hasValue': True, 'messageType': 'ValueBased'}, {'message': 'Popular Pick', 'qualifier': '206 tickets sold for this event', 'hasValue': True, 'messageType': 'BoughtInLastHourSocialProofBased'}]",[],,,,,,,,,,,,,,,,,,,,
13377987091,153020449,Supporters Club,2439116,Supporters Club,2,,_,,False,False,2,,False,False,"[1, 2]",1068,Hospitality,2,True,"[{'listingNoteId': -1, 'listingNoteContentId': 3338094, 'formattedListingNoteContent': 'Clear view', 'listingNoteTypeId': 3, 'showToBuyer': True, 'hideInMock': False, 'siteAddedListingNote': False, 'aisleListingNoteWithSplit': False, 'listingNoteDescriptionContentId': 3338095, 'formattedListingNoteDescription': ""You'll have an unrestricted view of the show.""}]","[{'listingNoteBucketId': 27, 'formattedListingNoteContent': 'Clear view', 'displayOrder': 8, 'showsRawNoteText': True, 'sourceListingNoteId': -1}]",4837383,False,False,Row,True,1657396,"¥1,657,396","¥1,657,396",10,Mobile Transfer ticket,3,1,USD,JPY,10000.0,USD,"https://img.vggcdn.net/img/vfsimage2/812551/1068_2439116/0.jpg?im=Resize=(500,271)&v=771",2 days ago,9.4,False,False,False,False,EdwOAtyudPSM9SpwyeDUINv1fEbYpotqkSJx7%2fYCdv8%3d,False,2026-07-17T00:14:48.3370000Z,False,False,False,False,False,False,0,False,[7],False,False,False,False,0,False,False,0,13377987091,False,693EAD74-FE91-4939-8BD0-6C344C16BC7B,False,False,True,5,9.425833701299592,1.577970786,Last tickets,True,,"[{'message': 'Amazing Value', 'qualifier': 'Based on price, view, seat quality and more', 'hasValue': True, 'messageType': 'ValueBased'}, {'message': 'Popular Pick', 'qualifier': '206 tickets sold for this event', 'hasValue': True, 'messageType': 'BoughtInLastHourSocialProofBased'}]",[],,,,,,,,,"¥2,106,186",21.0,"¥448,790",,,,,,,,,
13393589877,153020449,146,122810,146,2,27,25_26,25,False,False,2,,False,False,"[1, 2]",594,Lower,2,True,"[{'listingNoteId': -1, 'listingNoteContentId': 3338094, 'formattedListingNoteContent': 'Clear view', 'listingNoteTypeId': 3, 'showToBuyer': True, 'hideInMock': False, 'siteAddedListingNote': False, 'aisleListingNoteWithSplit': False, 'listingNoteDescriptionContentId': 3338095, 'formattedListingNoteDescription': ""You'll have an unrestricted view of the show.""}]","[{'listingNoteBucketId': 27, 'formattedListingNoteContent': 'Clear view', 'displayOrder': 8, 'showsRawNoteText': True, 'sourceListingNoteId': -1}]",2113249,False,False,Row 27,False,1657396,"¥1,657,396","¥1,657,396",10,Mobile Transfer ticket,3,1,USD,JPY,10990.0,USD,"https://img.vggcdn.net/img/vfsimage2/812551/594_122810/0.jpg?im=Resize=(500,271)&v=771",16 hours ago,7.7,False,False,False,False,vuvVTZT%2fpDDV2O5ML%2bmdSWkEQEO%2b%2bBKpWVPJTsRoAzw%3d,False,2026-07-18T23:18:44.4330000Z,False,False,False,False,False,False,0,False,[7],False,False,False,False,0,False,False,0,13393589877,False,6542C284-8EB9-4F88-97D2-D864886C724A,False,False,True,4,7.65764897723796,1.156025324,Last tickets,True,,"[{'message': 'Great Value', 'qualifier': 'Based on price, view, seat quality and more', 'hasValue': True, 'messageType': 'ValueBased'}, {'message': 'Popular Pick', 'qualifier': '206 tickets sold for this event', 'hasValue': True, 'messageType': 'BoughtInLastHourSocialProofBased'}]",[],,,,,,,,,"¥2,753,340",40.0,"¥1,095,944",25,26,,,,,,,
13398105377,153020449,108,122786,108,2,24,10_10,10,False,False,1,,False,False,[1],594,Lower,1,True,"[{'listingNoteId': -1, 'listingNoteContentId': 3338094, 'formattedListingNoteContent': 'Clear view', 'listingNoteTypeId': 3, 'showToBuyer': True, 'hideInMock': False, 'siteAddedListingNote': False, 'aisleListingNoteWithSplit': False, 'listingNoteDescriptionContentId': 3338095, 'formattedListingNoteDescription': ""You'll have an unrestricted view of the show.""}]","[{'listingNoteBucketId': 27, 'formattedListingNoteContent': 'Clear view', 'displayOrder': 8, 'showsRawNoteText': True, 'sourceListingNoteId': -1}]",2112267,False,False,Row 24,False,1698261,"¥1,698,261","¥1,698,261",10,Mobile Transfer ticket,3,14,USD,JPY,0.0,USD,"https://img.vggcdn.net/img/vfsimage2/812551/594_122786/0.jpg?im=Resize=(500,271)&v=771",31 minutes ago,8.6,False,False,False,False,3NtZDSp9UWoC%2fq8F%2fjLwatpoJrZGanOPHOtWbjQgM1o%3d,False,2026-07-19T15:31:05.5200000Z,False,False,False,False,False,False,0,False,,False,False,False,False,0,False,False,0,13398105377,False,A27807D1-C4D2-4597-BBA9-E7686CFD1EB5,False,False,True,5,8.6138285405354,1.400233682,,,,"[{'message': 'Amazing Value', 'qualifier': 'Based on price, view, seat quality and more', 'hasValue': True, 'messageType': 'ValueBased'}, {'message': 'Popular Pick', 'qualifier': '206 tickets sold for this event', 'hasValue': True, 'messageType': 'BoughtInLastHourSocialProofBased'}]",[],,,,,,,,,,,,,,,,,,,,
13393238293,153020449,345,122938,345,2,21,_,,False,False,1,,False,False,[1],407,Upper,1,True,"[{'listingNoteId': -1, 'listingNoteContentId': 3338094, 'formattedListingNoteContent': 'Clear view', 'listingNoteTypeId': 3, 'showToBuyer': True, 'hideInMock': False, 'siteAddedListingNote': False, 'aisleListingNoteWithSplit': False, 'listingNoteDescriptionContentId': 3338095, 'formattedListingNoteDescription': ""You'll have an unrestricted view of the show.""}]","[{'listingNoteBucketId': 27, 'formattedListingNoteContent': 'Clear view', 'displayOrder': 8, 'showsRawNoteText': True, 'sourceListingNoteId': -1}]",704503,False,False,Row 21,False,1705993,"¥1,705,993","¥1,705,993",10,Mobile Transfer ticket,3,1,EUR,JPY,200.0,EUR,"https://img.vggcdn.net/img/vfsimage2/812551/407_122938/0.jpg?im=Resize=(500,271)&v=771",17 hours ago,5.3,False,False,False,False,%2bc1Bg1UbHRsRC%2fsDf3JbfJkxDuSJME3ze6Q%2bdqWN83U%3d,False,2026-07-18T22:26:30.1830000Z,False,False,False,False,False,False,0,False,[7],False,False,False,False,0,False,False,0,13393238293,False,355305E8-6F0F-4462-8813-5700063FFEEB,False,False,True,3,5.251304425067809,0.9142620722,Last ticket,True,,"[{'message': 'Popular Pick', 'qualifier': '206 tickets sold for this event', 'hasValue': True, 'messageType': 'BoughtInLastHourSocialProofBased'}]",[],,,,,,,,,"¥2,224,806",23.0,"¥518,813",,,,,,,,,
13397427913,153020449,108,122786,108,2,16,_,,False,False,4,,False,False,"[1, 2, 3, 4]",594,Lower,4,True,"[{'listingNoteId': 814, 'listingNoteContentId': 2446060, 'formattedListingNoteContent': 'Limited or Obstructed View (printed on ticket)', 'listingNoteTypeId': 1, 'showToBuyer': True, 'hideInMock': False, 'siteAddedListingNote': False, 'aisleListingNoteWithSplit': False, 'listingNoteDescriptionContentId': 2446061, 'formattedListingNoteDescription': 'Limited or Obstructed View (printed on ticket)'}]","[{'listingNoteBucketId': 21, 'formattedListingNoteContent': 'Limited view', 'displayOrder': 21, 'showsRawNoteText': False}]",2112259,False,False,Row 16,False,1719775,"¥1,719,775","¥1,719,775",10,Mobile Transfer ticket,3,1,USD,JPY,10990.0,USD,"https://img.vggcdn.net/img/vfsimage2/812551/594_122786/0.jpg?im=Resize=(500,271)&v=771",2 hours ago,8.9,False,False,False,False,etHI2wB3bx11eglg%2bQJdsF4ad34XG4KlT5ccZEesUyc%3d,False,2026-07-19T13:47:21.8470000Z,False,False,False,False,False,False,0,False,,False,False,False,False,0,False,False,0,13397427913,False,B90E0C0D-9BC9-41FC-ABAE-E33CFBC361BB,False,False,True,5,8.947310310067712,1.500553117,,,,"[{'message': 'Amazing Value', 'qualifier': 'Based on price, view, seat quality and more', 'hasValue': True, 'messageType': 'ValueBased'}, {'message': 'Popular Pick', 'qualifier': '206 tickets sold for this event', 'hasValue': True, 'messageType': 'BoughtInLastHourSocialProofBased'}]",[],,,,,,,,,,,,,,,,,,,,
13398198131,153020449,143,122808,143,2,29,1027_1029,1027,False,False,3,,False,False,"[1, 3]",594,Lower,3,True,"[{'listingNoteId': -1, 'listingNoteContentId': 3338094, 'formattedListingNoteContent': 'Clear view', 'listingNoteTypeId': 3, 'showToBuyer': True, 'hideInMock': False, 'siteAddedListingNote': False, 'aisleListingNoteWithSplit': False, 'listingNoteDescriptionContentId': 3338095, 'formattedListingNoteDescription': ""You'll have an unrestricted view of the show.""}]","[{'listingNoteBucketId': 27, 'formattedListingNoteContent': 'Clear view', 'displayOrder': 8, 'showsRawNoteText': True, 'sourceListingNoteId': -1}]",2113189,False,False,Row 29,False,1730576,"¥1,730,576","¥1,730,576",10,Mobile Transfer ticket,3,1,USD,JPY,0.0,USD,"https://img.vggcdn.net/img/vfsimage2/812551/594_122808/0.jpg?im=Resize=(500,271)&v=771",14 minutes ago,8.2,False,False,False,False,4dYDnavxtQtpf1%2b96UJOOAJ2qRwV85W97Ws1hhSuO84%3d,False,2026-07-19T15:48:22.1770000Z,False,False,False,False,False,False,0,False,,False,False,False,False,0,False,False,0,13398198131,False,025A031F-D461-4E95-B521-EB2332604671,False,False,True,4,8.170831108696964,1.307466334,,,,"[{'message': 'Great Value', 'qualifier': 'Based on price, view, seat quality and more', 'hasValue': True, 'messageType': 'ValueBased'}, {'message': 'Popular Pick', 'qualifier': '206 tickets sold for this event', 'hasValue': True, 'messageType': 'BoughtInLastHourSocialProofBased'}]",[],,,,,,,,,,,,,,,,,,,,
13393949865,153020449,227A,1530787,227A,2,15,_,,False,False,1,,False,False,[1],471,Middle,1,True,"[{'listingNoteId': -1, 'listingNoteContentId': 3338094, 'formattedListingNoteContent': 'Clear view', 'listingNoteTypeId': 3, 'showToBuyer': True, 'hideInMock': False, 'siteAddedListingNote': False, 'aisleListingNoteWithSplit': False, 'listingNoteDescriptionContentId': 3338095, 'formattedListingNoteDescription': ""You'll have an unrestricted view of the show.""}]","[{'listingNoteBucketId': 27, 'formattedListingNoteContent': 'Clear view', 'displayOrder': 8, 'showsRawNoteText': True, 'sourceListingNoteId': -1}]",1593629,False,False,Row 15,False,1754864,"¥1,754,864","¥1,754,864",10,Mobile Transfer ticket,3,1,USD,JPY,7380.0,USD,"https://img.vggcdn.net/img/vfsimage2/812551/471_1530787/0.jpg?im=Resize=(500,271)&v=771",15 hours ago,5.9,False,False,False,False,1gdIz9VCGNAnkwON3036oTV6lLG6NsL5gsqMpQ1M0vU%3d,False,2026-07-19T00:55:38.2870000Z,False,False,False,False,False,False,0,False,[7],False,False,False,False,0,False,False,0,13393949865,False,142A64C7-1202-42A4-A4EB-1E538A340237,False,False,True,3,5.907472675229775,0.99829503,Last ticket,True,,"[{'message': 'Popular Pick', 'qualifier': '206 tickets sold for this event', 'hasValue': True, 'messageType': 'BoughtInLastHourSocialProofBased'}]",[],,,,,,,,,,,,,,,,,,,,
13397857315,153020449,Category 2,1989400,Category 2,3,,_,,False,False,1,,False,False,[1],1246,Category 2,1,True,"[{'listingNoteId': -1, 'listingNoteContentId': 3338094, 'formattedListingNoteContent': 'Clear view', 'listingNoteTypeId': 3, 'showToBuyer': True, 'hideInMock': False, 'siteAddedListingNote': False, 'aisleListingNoteWithSplit': False, 'listingNoteDescriptionContentId': 3338095, 'formattedListingNoteDescription': ""You'll have an unrestricted view of the show.""}]","[{'listingNoteBucketId': 27, 'formattedListingNoteContent': 'Clear view', 'displayOrder': 8, 'showsRawNoteText': True, 'sourceListingNoteId': -1}]",3325459,False,False,Row,True,1764162,"¥1,764,162","¥1,764,162",10,Mobile Transfer ticket,3,1,USD,JPY,10000.0,USD,"https://img.vggcdn.net/img/vfsimage2/812551/1246_1989400/0.jpg?im=Resize=(500,271)&v=771",an hour ago,8.4,False,False,True,False,3bcJnroZBpU8jBcSs11IEFTOdV8UHCZX1hmhAe1sn2k%3d,False,2026-07-19T14:40:58.4500000Z,False,False,False,False,False,False,0,False,[7],False,False,False,False,0,False,False,0,13397857315,False,2F665061-FE04-47BD-8FAF-30A02843FB29,False,False,True,4,8.359364087295583,1.374851954,Last ticket,True,,"[{'message': 'Great Value', 'qualifier': 'Based on price, view, seat quality and more', 'hasValue': True, 'messageType': 'ValueBased'}, {'message': 'Popular Pick', 'qualifier': '206 tickets sold for this event', 'hasValue': True, 'messageType': 'BoughtInLastHourSocialProofBased'}]",[],,,,,,,,,,,,,,,,,,,,
13384129659,153020449,342,122935,342,2,14,_,,False,False,4,,False,False,"[1, 2, 3, 4]",407,Upper,4,True,"[{'listingNoteId': -1, 'listingNoteContentId': 3338094, 'formattedListingNoteContent': 'Clear view', 'listingNoteTypeId': 3, 'showToBuyer': True, 'hideInMock': False, 'siteAddedListingNote': False, 'aisleListingNoteWithSplit': False, 'listingNoteDescriptionContentId': 3338095, 'formattedListingNoteDescription': ""You'll have an unrestricted view of the show.""}]","[{'listingNoteBucketId': 27, 'formattedListingNoteContent': 'Clear view', 'displayOrder': 8, 'showsRawNoteText': True, 'sourceListingNoteId': -1}]",704430,False,False,Row 14,False,1799247,"¥1,799,247","¥1,799,247",10,Mobile Transfer ticket,3,1,USD,JPY,0.0,USD,"https://img.vggcdn.net/img/vfsimage2/812551/407_122935/0.jpg?im=Resize=(500,271)&v=771",yesterday,4.4,False,False,False,False,lIbfuKSRqPK3CG5ZVYAvJSaG6Qnqr4H84sxPwQQpMLE%3d,False,2026-07-17T16:37:34.2600000Z,False,False,False,False,False,False,0,False,,False,False,False,False,0,False,False,0,13384129659,False,21E9A582-4935-4B1F-844D-E382B380EFD5,False,False,True,2,4.354950864818976,0.8097118042,,,,"[{'message': 'Popular Pick', 'qualifier': '206 tickets sold for this event', 'hasValue': True, 'messageType': 'BoughtInLastHourSocialProofBased'}]",[],,,,,,,,,"¥3,042,341",41.0,"¥1,243,094",,,,,,,,,
13396414416,153020449,149,122812,149,2,22,_,,False,False,15,,False,False,"[1, 2, 3, 4, 5, 6, 7, 8, 9, 10, 11, 12, 13, 14, 15]",594,Lower,15,True,"[{'listingNoteId': -1, 'listingNoteContentId': 3338094, 'formattedListingNoteContent': 'Clear view', 'listingNoteTypeId': 3, 'showToBuyer': True, 'hideInMock': False, 'siteAddedListingNote': False, 'aisleListingNoteWithSplit': False, 'listingNoteDescriptionContentId': 3338095, 'formattedListingNoteDescription': ""You'll have an unrestricted view of the show.""}]","[{'listingNoteBucketId': 27, 'formattedListingNoteContent': 'Clear view', 'displayOrder': 8, 'showsRawNoteText': True, 'sourceListingNoteId': -1}]",2113340,False,False,Row 22,False,1775917,"¥1,775,917","¥1,775,917",10,Mobile Transfer ticket,3,1,USD,JPY,0.0,USD,"https://img.vggcdn.net/img/vfsimage2/812551/594_122812/0.jpg?im=Resize=(500,271)&v=771",4 hours ago,8.0,False,False,False,False,4VUNszdgNgeMCt2A1C7x5dZyKatOM3ebYe4Y5K6c0G4%3d,False,2026-07-19T11:31:38.9430000Z,False,False,False,False,False,False,0,False,,False,False,False,False,0,False,False,0,13396414416,False,1B3BC7B4-491A-4544-9937-F35928A0AB18,False,False,True,4,7.9849053717367,1.289386573,,,,"[{'message': 'Great Value', 'qualifier': 'Based on price, view, seat quality and more', 'hasValue': True, 'messageType': 'ValueBased'}, {'message': 'Popular Pick', 'qualifier': '204 tickets sold for this event', 'hasValue': True, 'messageType': 'BoughtInLastHourSocialProofBased'}]",[],,,,,,,,,"¥2,502,117",29.0,"¥726,200",,,,,,,,,
13252686649,153020449,Upper,1546670,Upper,3,,_,,False,False,2,,False,False,"[1, 2]",407,Upper,2,True,"[{'listingNoteId': -1, 'listingNoteContentId': 3338094, 'formattedListingNoteContent': 'Clear view', 'listingNoteTypeId': 3, 'showToBuyer': True, 'hideInMock': False, 'siteAddedListingNote': False, 'aisleListingNoteWithSplit': False, 'listingNoteDescriptionContentId': 3338095, 'formattedListingNoteDescription': ""You'll have an unrestricted view of the show.""}]","[{'listingNoteBucketId': 27, 'formattedListingNoteContent': 'Clear view', 'displayOrder': 8, 'showsRawNoteText': True, 'sourceListingNoteId': -1}]",1641237,False,False,Row,True,1813344,"¥1,813,344","¥1,813,344",10,Mobile Transfer ticket,3,1,USD,JPY,10000.0,USD,"https://img.vggcdn.net/img/vfsimage2/812551/407_1546670/0.jpg?im=Resize=(500,271)&v=771",13 days ago,0.0,False,False,True,False,aWlXEwVYAIrgHca8JIlyaUPI74c1%2fzXs1U39ywFslys%3d,False,2026-07-05T16:54:09.3500000Z,False,False,False,False,False,False,0,False,[7],False,False,False,False,0,False,False,0,13252686649,False,98BB0497-3C95-4769-B248-2C7832EFF958,False,False,True,0,,,Last tickets,True,,"[{'message': 'Popular Pick', 'qualifier': '204 tickets sold for this event', 'hasValue': True, 'messageType': 'BoughtInLastHourSocialProofBased'}]",[],,,,,,,,,,,,,,,,,,,,
13397672293,153020449,108,122786,108,2,15,13_15,13,False,False,3,,False,False,"[1, 2, 3]",594,Lower,3,True,"[{'listingNoteId': 814, 'listingNoteContentId': 2446060, 'formattedListingNoteContent': 'Limited or Obstructed View (printed on ticket)', 'listingNoteTypeId': 1, 'showToBuyer': True, 'hideInMock': False, 'siteAddedListingNote': False, 'aisleListingNoteWithSplit': False, 'listingNoteDescriptionContentId': 2446061, 'formattedListingNoteDescription': 'Limited or Obstructed View (printed on ticket)'}]","[{'listingNoteBucketId': 21, 'formattedListingNoteContent': 'Limited view', 'displayOrder': 21, 'showsRawNoteText': False}]",2112258,False,False,Row 15,False,1815293,"¥1,815,293","¥1,815,293",10,Mobile Transfer ticket,3,1,USD,JPY,1099.0,USD,"https://img.vggcdn.net/img/vfsimage2/812551/594_122786/0.jpg?im=Resize=(500,271)&v=771",an hour ago,8.8,False,False,False,False,oLL2OxkHRIPD37ZnryBHRl%2fhfkXTqeL9mCQ5eYRyzxk%3d,False,2026-07-19T14:07:49.2270000Z,False,False,False,False,False,False,0,False,,False,False,False,False,0,False,False,0,13397672293,False,A7F7A9A3-1329-45EE-B46D-06875203BCB2,False,False,True,5,8.753376700027879,1.513572,,,,"[{'message': 'Amazing Value', 'qualifier': 'Based on price, view, seat quality and more', 'hasValue': True, 'messageType': 'ValueBased'}, {'message': 'Popular Pick', 'qualifier': '204 tickets sold for this event', 'hasValue': True, 'messageType': 'BoughtInLastHourSocialProofBased'}]",[],,,,,,,,,,,,13,15,,,,,,,
13397931991,153020449,131,122800,131,2,41,3_5,3,False,False,3,,False,False,"[1, 2, 3]",594,Lower,3,True,"[{'listingNoteId': 263, 'listingNoteContentId': 2444900, 'formattedListingNoteContent': 'VIP Club', 'listingNoteTypeId': 3, 'showToBuyer': True, 'hideInMock': False, 'siteAddedListingNote': False, 'aisleListingNoteWithSplit': False, 'listingNoteDescriptionContentId': 2444901, 'formattedListingNoteDescription': 'VIP Club - Club opens 90 minutes prior to tipoff and offers access to a lounge area with televisions, plush seating and private restrooms as well as all-inclusive food, draft beer, and house wine'}, {'listingNoteId': 424, 'listingNoteContentId': 2445241, 'formattedListingNoteContent': 'Access to VIP Club', 'listingNoteTypeId': 3, 'showToBuyer': True, 'hideInMock': False, 'siteAddedListingNote': False, 'aisleListingNoteWithSplit': False, 'formattedListingNoteDescription': ''}, {'listingNoteId': 1028, 'listingNoteContentId': 2446497, 'formattedListingNoteContent': 'Includes unlimited food and drinks (beer, wine and liquor)', 'listingNoteTypeId': 3, 'showToBuyer': True, 'hideInMock': False, 'siteAddedListingNote': False, 'aisleListingNoteWithSplit': False, 'listingNoteDescriptionContentId': 2446498, 'formattedListingNoteDescription': 'Includes unlimited food and drinks (beer, wine and liquor)'}, {'listingNoteId': -1, 'listingNoteContentId': 3338094, 'formattedListingNoteContent': 'Clear view', 'listingNoteTypeId': 3, 'showToBuyer': True, 'hideInMock': False, 'siteAddedListingNote': False, 'aisleListingNoteWithSplit': False, 'listingNoteDescriptionContentId': 3338095, 'formattedListingNoteDescription': ""You'll have an unrestricted view of the show.""}]","[{'listingNoteBucketId': 1, 'formattedListingNoteContent': 'VIP packages', 'displayOrder': 1, 'showsRawNoteText': False}, {'listingNoteBucketId': 7, 'formattedListingNoteContent': 'Food & beverages', 'displayOrder': 7, 'showsRawNoteText': False}, {'listingNoteBucketId': 27, 'formattedListingNoteContent': 'Clear view', 'displayOrder': 8, 'showsRawNoteText': True, 'sourceListingNoteId': -1}]",2112941,False,False,Row 41,False,1847201,"¥1,847,201","¥1,847,201",10,Mobile Transfer ticket,3,1,USD,JPY,16000.0,USD,"https://img.vggcdn.net/img/vfsimage2/812551/594_122800/0.jpg?im=Resize=(500,271)&v=771",an hour ago,6.2,False,False,False,False,h8H5KAXILjOja%2bIELaZkGvnDrOnupfq8p50OOzEyQnc%3d,False,2026-07-19T14:51:58.1170000Z,False,False,False,False,False,False,0,False,[7],False,False,False,False,0,False,False,0,13397931991,False,5C8DE586-DB69-4340-9C6C-875C21FF8221,False,False,True,3,6.16423065995011,1.07674728,Last tickets,True,,"[{'message': 'Popular Pick', 'qualifier': '204 tickets sold for this event', 'hasValue': True, 'messageType': 'BoughtInLastHourSocialProofBased'}]",[],,,,,,,,,,,,,,,,,,,,
13398051305,153020449,148,122811,148,2,24,_,,False,False,4,,False,False,"[1, 2, 3, 4]",594,Lower,4,True,"[{'listingNoteId': -1, 'listingNoteContentId': 3338094, 'formattedListingNoteContent': 'Clear view', 'listingNoteTypeId': 3, 'showToBuyer': True, 'hideInMock': False, 'siteAddedListingNote': False, 'aisleListingNoteWithSplit': False, 'listingNoteDescriptionContentId': 3338095, 'formattedListingNoteDescription': ""You'll have an unrestricted view of the show.""}]","[{'listingNoteBucketId': 27, 'formattedListingNoteContent': 'Clear view', 'displayOrder': 8, 'showsRawNoteText': True, 'sourceListingNoteId': -1}]",2113294,False,False,Row 24,False,1850349,"¥1,850,349","¥1,850,349",10,Mobile Transfer ticket,3,1,USD,JPY,0.0,USD,"https://img.vggcdn.net/img/vfsimage2/812551/594_122811/0.jpg?im=Resize=(500,271)&v=771",41 minutes ago,8.0,False,False,False,False,lt%2ff00GVeO8Q%2bp6B4IbIAbXST4KiM%2fG7BYYgdQbbkx8%3d,False,2026-07-19T15:21:20.4470000Z,False,False,False,True,False,False,0,False,[6],False,False,False,False,0,False,False,0,13398051305,False,8D80D44C-14DC-4235-9F36-9D19A06339C9,False,False,True,4,7.997943121723391,1.345994762,Last tickets,True,,"[{'message': 'Great Value', 'qualifier': 'Based on price, view, seat quality and more', 'hasValue': True, 'messageType': 'ValueBased'}, {'message': 'Popular Pick', 'qualifier': '204 tickets sold for this event', 'hasValue': True, 'messageType': 'BoughtInLastHourSocialProofBased'}]",[],[7],Fan favorite,This section is in the top 10% of sections for this event when ranked based on a count of successful sales over the past 7 days on our site,True,,,,,,,,,,,,,,,,
13397857320,153020449,Category 1,1989399,Category 1,3,,_,,False,False,1,,False,False,[1],1245,Category 1,1,True,"[{'listingNoteId': -1, 'listingNoteContentId': 3338094, 'formattedListingNoteContent': 'Clear view', 'listingNoteTypeId': 3, 'showToBuyer': True, 'hideInMock': False, 'siteAddedListingNote': False, 'aisleListingNoteWithSplit': False, 'listingNoteDescriptionContentId': 3338095, 'formattedListingNoteDescription': ""You'll have an unrestricted view of the show.""}]","[{'listingNoteBucketId': 27, 'formattedListingNoteContent': 'Clear view', 'displayOrder': 8, 'showsRawNoteText': True, 'sourceListingNoteId': -1}]",3325458,False,False,Row,True,1930130,"¥1,930,130","¥1,930,130",10,Mobile Transfer ticket,3,1,USD,JPY,10000.0,USD,"https://img.vggcdn.net/img/vfsimage2/812551/1245_1989399/0.jpg?im=Resize=(500,271)&v=771",an hour ago,7.1,False,False,True,False,AGaVKSedLLEbBW9FXPAUxgmurO0RIk61PhwBp8WBRsw%3d,False,2026-07-19T14:40:58.4900000Z,False,False,False,False,False,False,0,False,[7],False,False,False,False,0,False,False,0,13397857320,False,1445966C-AD0B-4274-B39A-764810DB5A6F,False,False,True,4,7.087044158420369,1.2394394,Last ticket,True,,"[{'message': 'Great Value', 'qualifier': 'Based on price, view, seat quality and more', 'hasValue': True, 'messageType': 'ValueBased'}, {'message': 'Popular Pick', 'qualifier': '204 tickets sold for this event', 'hasValue': True, 'messageType': 'BoughtInLastHourSocialProofBased'}]",[],,,,,,,,,,,,,,,,,,,,
13314250406,153020449,Category 4,2140587,Category 4,3,,_,,False,False,2,,False,False,"[1, 2]",1327,Category 4,2,True,"[{'listingNoteId': -1, 'listingNoteContentId': 3338094, 'formattedListingNoteContent': 'Clear view', 'listingNoteTypeId': 3, 'showToBuyer': True, 'hideInMock': False, 'siteAddedListingNote': False, 'aisleListingNoteWithSplit': False, 'listingNoteDescriptionContentId': 3338095, 'formattedListingNoteDescription': ""You'll have an unrestricted view of the show.""}]","[{'listingNoteBucketId': 27, 'formattedListingNoteContent': 'Clear view', 'displayOrder': 8, 'showsRawNoteText': True, 'sourceListingNoteId': -1}]",4264996,False,False,Row,True,1932235,"¥1,932,235","¥1,932,235",10,Mobile Transfer ticket,3,1,USD,JPY,10000.0,USD,"https://img.vggcdn.net/img/vfsimage2/812551/1327_2140587/0.jpg?im=Resize=(500,271)&v=771",9 days ago,7.8,False,False,True,False,lU5kaknqcSF3N2X2UWfnmR9FK8O3ZEBN1DSGmIifaL0%3d,False,2026-07-10T12:22:05.0670000Z,False,False,False,False,False,False,0,False,[7],False,False,False,False,0,False,False,0,13314250406,False,9A5807E1-13AA-4181-9CE9-7EC850409E48,False,False,True,4,7.780660990798707,1.362416107,Last tickets,True,,"[{'message': 'Great Value', 'qualifier': 'Based on price, view, seat quality and more', 'hasValue': True, 'messageType': 'ValueBased'}, {'message': 'Popular Pick', 'qualifier': '204 tickets sold for this event', 'hasValue': True, 'messageType': 'BoughtInLastHourSocialProofBased'}]",[],,,,,,,,,,,,,,,,,,,,
13395438975,153020449,324,122917,324,2,11,_,,False,False,7,,False,False,"[1, 2, 3, 4, 5, 6, 7]",407,Upper,7,True,"[{'listingNoteId': -1, 'listingNoteContentId': 3338094, 'formattedListingNoteContent': 'Clear view', 'listingNoteTypeId': 3, 'showToBuyer': True, 'hideInMock': False, 'siteAddedListingNote': False, 'aisleListingNoteWithSplit': False, 'listingNoteDescriptionContentId': 3338095, 'formattedListingNoteDescription': ""You'll have an unrestricted view of the show.""}]","[{'listingNoteBucketId': 27, 'formattedListingNoteContent': 'Clear view', 'displayOrder': 8, 'showsRawNoteText': True, 'sourceListingNoteId': -1}]",2113776,False,False,Row 11,False,1949799,"¥1,949,799","¥1,949,799",10,Mobile Transfer ticket,3,1,USD,JPY,1000.0,USD,"https://img.vggcdn.net/img/vfsimage2/812551/407_122917/0.jpg?im=Resize=(500,271)&v=771",9 hours ago,3.8,False,False,False,False,K8a1Kh0SPNpOtzwq6R%2b%2fRgKvxWvyVaAkv6eZPQoJEf4%3d,False,2026-07-19T06:12:29.8000000Z,False,False,False,False,False,False,0,False,,False,False,False,False,0,False,False,0,13395438975,False,53142EDC-3FFE-44D3-A4BF-695EEFB2E542,False,False,True,2,3.771164840573915,0.7833655,,,,"[{'message': 'Popular Pick', 'qualifier': '204 tickets sold for this event', 'hasValue': True, 'messageType': 'BoughtInLastHourSocialProofBased'}]",[],,,,,,,,,"¥2,527,351",23.0,"¥577,552",,,,,,,,,
13386542856,153020449,234,122861,234,2,11,21_22,21,False,False,2,,False,False,"[1, 2]",471,Middle,2,True,"[{'listingNoteId': -1, 'listingNoteContentId': 3338094, 'formattedListingNoteContent': 'Clear view', 'listingNoteTypeId': 3, 'showToBuyer': True, 'hideInMock': False, 'siteAddedListingNote': False, 'aisleListingNoteWithSplit': False, 'listingNoteDescriptionContentId': 3338095, 'formattedListingNoteDescription': ""You'll have an unrestricted view of the show.""}]","[{'listingNoteBucketId': 27, 'formattedListingNoteContent': 'Clear view', 'displayOrder': 8, 'showsRawNoteText': True, 'sourceListingNoteId': -1}]",703270,False,False,Row 11,False,1966708,"¥1,966,708","¥1,966,708",10,Mobile Transfer ticket,3,1,USD,JPY,10990.0,USD,"https://img.vggcdn.net/img/vfsimage2/812551/471_122861/0.jpg?im=Resize=(500,271)&v=771",yesterday,6.5,False,False,False,False,zvYjGIQEqebWMZZr6FMBSyxIxnbU35S9iYbKt5at5Oo%3d,False,2026-07-17T22:03:02.6600000Z,False,False,False,False,False,False,0,False,[7],False,False,False,False,0,False,False,0,13386542856,False,CC4F9596-D842-4C96-8C68-A121C60AED02,False,False,True,3,6.538414356702794,1.1891582,Last tickets,True,,"[{'message': 'Popular Pick', 'qualifier': '204 tickets sold for this event', 'hasValue': True, 'messageType': 'BoughtInLastHourSocialProofBased'}]",[],,,,,,,,,,,,21,22,,,,,,,
13398046457,153020449,128,122798,128,2,21,_,,False,False,1,,False,False,[1],594,Lower,1,True,"[{'listingNoteId': -1, 'listingNoteContentId': 3338094, 'formattedListingNoteContent': 'Clear view', 'listingNoteTypeId': 3, 'showToBuyer': True, 'hideInMock': False, 'siteAddedListingNote': False, 'aisleListingNoteWithSplit': False, 'listingNoteDescriptionContentId': 3338095, 'formattedListingNoteDescription': ""You'll have an unrestricted view of the show.""}]","[{'listingNoteBucketId': 27, 'formattedListingNoteContent': 'Clear view', 'displayOrder': 8, 'showsRawNoteText': True, 'sourceListingNoteId': -1}]",2112826,False,False,Row 21,False,2014352,"¥2,014,352","¥2,014,352",10,Mobile Transfer ticket,3,1,EUR,JPY,200.0,EUR,"https://img.vggcdn.net/img/vfsimage2/812551/594_122798/0.jpg?im=Resize=(500,271)&v=771",42 minutes ago,7.8,False,False,False,False,R9cBB8Uul6fvKbRSe8PUE2oW%2bcJmbt%2feQBgumjHnhFQ%3d,False,2026-07-19T15:20:16.8600000Z,False,False,False,False,False,False,0,False,[7],False,False,False,False,0,False,False,0,13398046457,False,05DD9670-D9C1-4C96-9B7D-D5A2D69365D9,False,False,True,4,7.805786392667382,1.437252908,Last ticket,True,,"[{'message': 'Great Value', 'qualifier': 'Based on price, view, seat quality and more', 'hasValue': True, 'messageType': 'ValueBased'}, {'message': 'Popular Pick', 'qualifier': '204 tickets sold for this event', 'hasValue': True, 'messageType': 'BoughtInLastHourSocialProofBased'}]",[],,,,,,,,,,,,,,,,,,,,
13394154050,153020449,123,122795,123,2,38,_,,False,False,4,,False,False,"[1, 2, 3, 4]",594,Lower,4,True,"[{'listingNoteId': -1, 'listingNoteContentId': 3338094, 'formattedListingNoteContent': 'Clear view', 'listingNoteTypeId': 3, 'showToBuyer': True, 'hideInMock': False, 'siteAddedListingNote': False, 'aisleListingNoteWithSplit': False, 'listingNoteDescriptionContentId': 3338095, 'formattedListingNoteDescription': ""You'll have an unrestricted view of the show.""}]","[{'listingNoteBucketId': 27, 'formattedListingNoteContent': 'Clear view', 'displayOrder': 8, 'showsRawNoteText': True, 'sourceListingNoteId': -1}]",2112699,False,False,Row 38,False,2085418,"¥2,085,418","¥2,085,418",10,Mobile Transfer ticket,3,1,USD,JPY,10700.0,USD,"https://img.vggcdn.net/img/vfsimage2/812551/594_122795/0.jpg?im=Resize=(500,271)&v=771",14 hours ago,5.4,False,False,False,False,4krkT2fpHtETt8oAbYugRcWQlOrjWIuyhH608hSBFT4%3d,False,2026-07-19T01:59:29.9670000Z,False,False,False,False,False,False,0,False,[7],False,False,False,False,0,False,False,0,13394154050,False,FC5FA66B-1FFF-4BFA-A262-5686A7718AF6,False,False,True,3,5.395177501237147,1.122316792,Last tickets,True,,"[{'message': 'Popular Pick', 'qualifier': '204 tickets sold for this event', 'hasValue': True, 'messageType': 'BoughtInLastHourSocialProofBased'}]",[],,,,,,,,,,,,,,,,,,,,
13397815655,153020449,Argentina Supporters Value Tier,2449435,Argentina Supporters Value Tier,2,,_,,False,False,1,,False,False,[1],36868,Argentina Supporters,1,True,"[{'listingNoteId': -1, 'listingNoteContentId': 3338094, 'formattedListingNoteContent': 'Clear view', 'listingNoteTypeId': 3, 'showToBuyer': True, 'hideInMock': False, 'siteAddedListingNote': False, 'aisleListingNoteWithSplit': False, 'listingNoteDescriptionContentId': 3338095, 'formattedListingNoteDescription': ""You'll have an unrestricted view of the show.""}]","[{'listingNoteBucketId': 27, 'formattedListingNoteContent': 'Clear view', 'displayOrder': 8, 'showsRawNoteText': True, 'sourceListingNoteId': -1}]",4849987,False,False,Row,True,2144734,"¥2,144,734","¥2,144,734",10,Mobile Transfer ticket,3,1,USD,JPY,10000.0,USD,"https://img.vggcdn.net/img/vfsimage2/812551/36868_2449435/0.jpg?im=Resize=(500,271)&v=771",an hour ago,7.2,False,False,False,False,ENBpSIttv%2bdW6R8N90oMDNnZRgkdk8B3FfK%2fCdJzZuM%3d,False,2026-07-19T14:31:30.4700000Z,False,False,False,False,False,False,0,False,[7],False,False,False,False,0,False,False,0,13397815655,False,D38AA8C6-6202-44C0-82C2-2FDAC030FA4E,False,False,True,4,7.215995671460618,1.40386893,Last ticket,True,,"[{'message': 'Great Value', 'qualifier': 'Based on price, view, seat quality and more', 'hasValue': True, 'messageType': 'ValueBased'}, {'message': 'Popular Pick', 'qualifier': '204 tickets sold for this event', 'hasValue': True, 'messageType': 'BoughtInLastHourSocialProofBased'}]",[],,,,,,,,,,,,,,,,,,,,
13397815653,153020449,Argentina Supporters,2449432,Argentina Supporters,3,,_,,False,False,1,,False,False,[1],36868,Argentina Supporters,1,True,"[{'listingNoteId': -1, 'listingNoteContentId': 3338094, 'formattedListingNoteContent': 'Clear view', 'listingNoteTypeId': 3, 'showToBuyer': True, 'hideInMock': False, 'siteAddedListingNote': False, 'aisleListingNoteWithSplit': False, 'listingNoteDescriptionContentId': 3338095, 'formattedListingNoteDescription': ""You'll have an unrestricted view of the show.""}]","[{'listingNoteBucketId': 27, 'formattedListingNoteContent': 'Clear view', 'displayOrder': 8, 'showsRawNoteText': True, 'sourceListingNoteId': -1}]",4849984,False,False,Row,True,2144734,"¥2,144,734","¥2,144,734",10,Mobile Transfer ticket,3,1,USD,JPY,10000.0,USD,"https://img.vggcdn.net/img/vfsimage2/812551/36868_2449432/0.jpg?im=Resize=(500,271)&v=771",an hour ago,0.0,False,False,True,False,ENBpSIttv%2bdW6R8N90oMDNnZRgkdk8B3FfK%2fCdJzZuM%3d,False,2026-07-19T14:31:30.4100000Z,False,False,False,False,False,False,0,False,[7],False,False,False,False,0,False,False,0,13397815653,False,DA608040-0A9A-4449-A88A-2FC0D00260E3,False,False,True,0,,,Last ticket,True,,"[{'message': 'Popular Pick', 'qualifier': '204 tickets sold for this event', 'hasValue': True, 'messageType': 'BoughtInLastHourSocialProofBased'}]",[],,,,,,,,,,,,,,,,,,,,
13367629926,153020449,Argentina Supporters Standard Tier,2449434,Argentina Supporters Standard Tier,2,,_,,False,False,2,,False,False,"[1, 2]",36868,Argentina Supporters,2,True,"[{'listingNoteId': -1, 'listingNoteContentId': 3338094, 'formattedListingNoteContent': 'Clear view', 'listingNoteTypeId': 3, 'showToBuyer': True, 'hideInMock': False, 'siteAddedListingNote': False, 'aisleListingNoteWithSplit': False, 'listingNoteDescriptionContentId': 3338095, 'formattedListingNoteDescription': ""You'll have an unrestricted view of the show.""}]","[{'listingNoteBucketId': 27, 'formattedListingNoteContent': 'Clear view', 'displayOrder': 8, 'showsRawNoteText': True, 'sourceListingNoteId': -1}]",4849986,False,False,Row,True,2183721,"¥2,183,721","¥2,183,721",10,Mobile Transfer ticket,3,1,USD,JPY,10000.0,USD,"https://img.vggcdn.net/img/vfsimage2/812551/36868_2449434/0.jpg?im=Resize=(500,271)&v=771",3 days ago,5.9,False,False,False,False,7Xh10zDwZtM%2bCDtazTlTgsO0TDRMyTs%2be99GAYz%2fT%2bQ%3d,False,2026-07-16T04:58:48.2770000Z,False,False,False,False,False,False,0,False,[7],False,False,False,False,0,False,False,0,13367629926,False,DC851B79-3211-47A5-A27C-164223F93910,False,False,True,3,5.872983152630453,1.231148835,Last tickets,True,,"[{'message': 'Popular Pick', 'qualifier': '204 tickets sold for this event', 'hasValue': True, 'messageType': 'BoughtInLastHourSocialProofBased'}]",[],,,,,,,,,"¥2,948,525",26.0,"¥764,804",,,,,,,,,
13252686644,153020449,Lower,1546666,Lower,3,,_,,False,False,2,,False,False,"[1, 2]",594,Lower,2,True,"[{'listingNoteId': -1, 'listingNoteContentId': 3338094, 'formattedListingNoteContent': 'Clear view', 'listingNoteTypeId': 3, 'showToBuyer': True, 'hideInMock': False, 'siteAddedListingNote': False, 'aisleListingNoteWithSplit': False, 'listingNoteDescriptionContentId': 3338095, 'formattedListingNoteDescription': ""You'll have an unrestricted view of the show.""}]","[{'listingNoteBucketId': 27, 'formattedListingNoteContent': 'Clear view', 'displayOrder': 8, 'showsRawNoteText': True, 'sourceListingNoteId': -1}]",1641233,False,False,Row,True,2183721,"¥2,183,721","¥2,183,721",10,Mobile Transfer ticket,3,1,USD,JPY,10000.0,USD,"https://img.vggcdn.net/img/vfsimage2/812551/594_1546666/0.jpg?im=Resize=(500,271)&v=771",13 days ago,0.0,False,False,True,False,7Xh10zDwZtM%2bCDtazTlTgsO0TDRMyTs%2be99GAYz%2fT%2bQ%3d,False,2026-07-05T16:54:09.3230000Z,False,False,False,False,False,False,0,False,[7],False,False,False,False,0,False,False,0,13252686644,False,C7D5BEA7-1A42-4481-A1BF-B08F78FA5B6E,False,False,True,0,,,Last tickets,True,,"[{'message': 'Popular Pick', 'qualifier': '204 tickets sold for this event', 'hasValue': True, 'messageType': 'BoughtInLastHourSocialProofBased'}]",[],,,,,,,,,,,,,,,,,,,,
13252686648,153020449,Middle,1546668,Middle,3,,_,,False,False,2,,False,False,"[1, 2]",471,Middle,2,True,"[{'listingNoteId': -1, 'listingNoteContentId': 3338094, 'formattedListingNoteContent': 'Clear view', 'listingNoteTypeId': 3, 'showToBuyer': True, 'hideInMock': False, 'siteAddedListingNote': False, 'aisleListingNoteWithSplit': False, 'listingNoteDescriptionContentId': 3338095, 'formattedListingNoteDescription': ""You'll have an unrestricted view of the show.""}]","[{'listingNoteBucketId': 27, 'formattedListingNoteContent': 'Clear view', 'displayOrder': 8, 'showsRawNoteText': True, 'sourceListingNoteId': -1}]",1641235,False,False,Row,True,2434174,"¥2,434,174","¥2,434,174",10,Mobile Transfer ticket,3,1,USD,JPY,10000.0,USD,"https://img.vggcdn.net/img/vfsimage2/812551/471_1546668/0.jpg?im=Resize=(500,271)&v=771",13 days ago,0.0,False,False,True,False,l3%2b2XvAmOVXbQWwiohEVA943LM2AWee7PCfjWhUf6Ck%3d,False,2026-07-05T16:54:09.3370000Z,False,False,False,False,False,False,0,False,[7],False,False,False,False,0,False,False,0,13252686648,False,2ACAE5BB-0570-4ECE-BB49-2A7153239FC6,False,False,True,0,,,Last tickets,True,,"[{'message': 'Popular Pick', 'qualifier': '204 tickets sold for this event', 'hasValue': True, 'messageType': 'BoughtInLastHourSocialProofBased'}]",[],,,,,,,,,,,,,,,,,,,,
13348807789,153020449,108,122786,108,2,13,_,,False,False,4,,False,False,"[1, 2, 3, 4]",594,Lower,4,True,"[{'listingNoteId': 2027, 'listingNoteContentId': 3415845, 'formattedListingNoteContent': 'Third Row of Section', 'listingNoteTypeId': 6, 'showToBuyer': True, 'hideInMock': False, 'siteAddedListingNote': False, 'aisleListingNoteWithSplit': False, 'listingNoteDescriptionContentId': 3415845, 'formattedListingNoteDescription': 'Third Row of Section'}, {'listingNoteId': -1, 'listingNoteContentId': 3338094, 'formattedListingNoteContent': 'Clear view', 'listingNoteTypeId': 3, 'showToBuyer': True, 'hideInMock': False, 'siteAddedListingNote': False, 'aisleListingNoteWithSplit': False, 'listingNoteDescriptionContentId': 3338095, 'formattedListingNoteDescription': ""You'll have an unrestricted view of the show.""}]","[{'listingNoteBucketId': 14, 'formattedListingNoteContent': 'Third Row of Section', 'displayOrder': 14, 'showsRawNoteText': True, 'sourceListingNoteId': 2027}, {'listingNoteBucketId': 27, 'formattedListingNoteContent': 'Clear view', 'displayOrder': 8, 'showsRawNoteText': True, 'sourceListingNoteId': -1}]",2112256,False,False,Row 13,False,2453355,"¥2,453,355","¥2,453,355",10,Mobile Transfer ticket,3,1,USD,JPY,0.0,USD,"https://img.vggcdn.net/img/vfsimage2/812551/594_122786/0.jpg?im=Resize=(500,271)&v=771",5 days ago,6.9,False,False,False,False,l0hW5%2fxakWJth%2fnyuSEZgWwfKqhWWnSF7J%2bAQSok0Jc%3d,False,2026-07-14T14:41:08.2870000Z,False,False,False,False,False,False,0,False,,False,False,False,False,0,False,False,0,13348807789,False,BBB60CEC-2710-4289-BB6C-3650DD8EF9C3,False,False,True,3,6.895130434397419,1.539938978,,,,"[{'message': 'Popular Pick', 'qualifier': '204 tickets sold for this event', 'hasValue': True, 'messageType': 'BoughtInLastHourSocialProofBased'}, {'message': 'Third Row', 'qualifier': 'Excellent proximity to the action', 'hasValue': True, 'messageType': 'ThirdRowTicketAttributeBased'}]",[2027],,,,,,,,,,,,,,,,,,,,
13397917996,153020449,142,122807,142,2,28,17_19,17,False,False,3,,False,False,"[1, 2, 3]",594,Lower,3,True,"[{'listingNoteId': -1, 'listingNoteContentId': 3338094, 'formattedListingNoteContent': 'Clear view', 'listingNoteTypeId': 3, 'showToBuyer': True, 'hideInMock': False, 'siteAddedListingNote': False, 'aisleListingNoteWithSplit': False, 'listingNoteDescriptionContentId': 3338095, 'formattedListingNoteDescription': ""You'll have an unrestricted view of the show.""}]","[{'listingNoteBucketId': 27, 'formattedListingNoteContent': 'Clear view', 'displayOrder': 8, 'showsRawNoteText': True, 'sourceListingNoteId': -1}]",2113154,False,False,Row 28,False,2611019,"¥2,611,019","¥2,611,019",10,Mobile Transfer ticket,3,1,USD,JPY,0.0,USD,"https://img.vggcdn.net/img/vfsimage2/812551/594_122807/0.jpg?im=Resize=(500,271)&v=771",an hour ago,6.7,False,False,False,False,D6YPU7DRmVffVbJpKOkvBON7DsPg8jadIXHcmRMgbz0%3d,False,2026-07-19T14:49:14.9130000Z,False,False,False,False,False,False,0,False,[7],False,False,False,False,0,False,False,0,13397917996,False,EB48AB6F-C6A4-4687-BEDB-60F2662B9554,False,False,True,3,6.654281922608989,1.596297305,Last tickets,True,,"[{'message': 'Popular Pick', 'qualifier': '204 tickets sold for this event', 'hasValue': True, 'messageType': 'BoughtInLastHourSocialProofBased'}]",[],,,,,,,,,,,,,,,,,,,,
13377987083,153020449,101,122782,101,2,,_,,False,False,2,,False,False,"[1, 2]",594,Lower,2,True,"[{'listingNoteId': -1, 'listingNoteContentId': 3338094, 'formattedListingNoteContent': 'Clear view', 'listingNoteTypeId': 3, 'showToBuyer': True, 'hideInMock': False, 'siteAddedListingNote': False, 'aisleListingNoteWithSplit': False, 'listingNoteDescriptionContentId': 3338095, 'formattedListingNoteDescription': ""You'll have an unrestricted view of the show.""}]","[{'listingNoteBucketId': 27, 'formattedListingNoteContent': 'Clear view', 'displayOrder': 8, 'showsRawNoteText': True, 'sourceListingNoteId': -1}]",108735,False,False,Row,True,2729540,"¥2,729,540","¥2,729,540",10,Mobile Transfer ticket,3,1,USD,JPY,10000.0,USD,"https://img.vggcdn.net/img/vfsimage2/812551/594_122782/0.jpg?im=Resize=(500,271)&v=771",2 days ago,2.6,False,False,False,False,dox2LBM5ZrHShYT0Uhu0xxcAo%2bgVQzyrviEno0khaLE%3d,False,2026-07-17T00:14:48.3270000Z,False,False,False,True,False,False,0,False,[6],False,False,False,False,0,False,False,0,13377987083,False,61842BAE-C655-4F9F-A472-37E127D5F738,False,False,True,2,2.5617404405335886,0.8934344531,Last tickets,True,,"[{'message': 'Popular Pick', 'qualifier': '204 tickets sold for this event', 'hasValue': True, 'messageType': 'BoughtInLastHourSocialProofBased'}]",[],[7],Fan favorite,This section is in the top 10% of sections for this event when ranked based on a count of successful sales over the past 7 days on our site,True,,,,,,,,,,,,,,,,
13397700058,153020449,117,122792,117,2,15,21_21,21,False,False,1,,False,False,[1],594,Lower,1,True,"[{'listingNoteId': 814, 'listingNoteContentId': 2446060, 'formattedListingNoteContent': 'Limited or Obstructed View (printed on ticket)', 'listingNoteTypeId': 1, 'showToBuyer': True, 'hideInMock': False, 'siteAddedListingNote': False, 'aisleListingNoteWithSplit': False, 'listingNoteDescriptionContentId': 2446061, 'formattedListingNoteDescription': 'Limited or Obstructed View (printed on ticket)'}, {'listingNoteId': 124, 'listingNoteContentId': 1809869, 'formattedListingNoteContent': 'Under 16s accompanied by an adult', 'listingNoteTypeId': 2, 'showToBuyer': True, 'hideInMock': False, 'siteAddedListingNote': False, 'aisleListingNoteWithSplit': False, 'listingNoteDescriptionContentId': 1809870, 'formattedListingNoteDescription': 'Children under 16 must be accompanied by an adult to the event'}]","[{'listingNoteBucketId': 21, 'formattedListingNoteContent': 'Limited view', 'displayOrder': 21, 'showsRawNoteText': False}, {'listingNoteBucketId': 24, 'formattedListingNoteContent': 'Under 16s accompanied by an adult', 'displayOrder': 24, 'showsRawNoteText': True, 'sourceListingNoteId': 124}]",2112554,False,False,Row 15,False,2750279,"¥2,750,279","¥2,750,279",10,Mobile Transfer ticket,3,1,EUR,JPY,11000.0,EUR,"https://img.vggcdn.net/img/vfsimage2/812551/594_122792/0.jpg?im=Resize=(500,271)&v=771",an hour ago,7.0,False,False,False,False,Czdw6%2fg0Q6%2bd9BFZLzKWN4V2RY4NdEifUA9aD7c93eg%3d,False,2026-07-19T14:11:28.9830000Z,False,False,False,False,False,False,0,False,[7],False,False,False,False,0,False,False,0,13397700058,False,7733DB45-EC6C-4166-BC21-F3537B888D6B,False,False,True,3,6.974798065933899,1.741732796,Last ticket,True,,"[{'message': 'Popular Pick', 'qualifier': '204 tickets sold for this event', 'hasValue': True, 'messageType': 'BoughtInLastHourSocialProofBased'}]",[],,,,,,,,,,,,,,,,,,,,
13393422628,153020449,235,122862,235,2,11,_,,False,False,1,,False,False,[1],471,Middle,1,True,"[{'listingNoteId': 263, 'listingNoteContentId': 2444900, 'formattedListingNoteContent': 'VIP Club', 'listingNoteTypeId': 3, 'showToBuyer': True, 'hideInMock': False, 'siteAddedListingNote': False, 'aisleListingNoteWithSplit': False, 'listingNoteDescriptionContentId': 2444901, 'formattedListingNoteDescription': 'VIP Club - Club opens 90 minutes prior to tipoff and offers access to a lounge area with televisions, plush seating and private restrooms as well as all-inclusive food, draft beer, and house wine'}, {'listingNoteId': 424, 'listingNoteContentId': 2445241, 'formattedListingNoteContent': 'Access to VIP Club', 'listingNoteTypeId': 3, 'showToBuyer': True, 'hideInMock': False, 'siteAddedListingNote': False, 'aisleListingNoteWithSplit': False, 'formattedListingNoteDescription': ''}, {'listingNoteId': 1367, 'listingNoteContentId': 2447255, 'formattedListingNoteContent': 'Includes club access', 'listingNoteTypeId': 3, 'showToBuyer': True, 'hideInMock': False, 'siteAddedListingNote': False, 'aisleListingNoteWithSplit': False, 'listingNoteDescriptionContentId': 2447256, 'formattedListingNoteDescription': 'Includes club access'}, {'listingNoteId': -1, 'listingNoteContentId': 3338094, 'formattedListingNoteContent': 'Clear view', 'listingNoteTypeId': 3, 'showToBuyer': True, 'hideInMock': False, 'siteAddedListingNote': False, 'aisleListingNoteWithSplit': False, 'listingNoteDescriptionContentId': 3338095, 'formattedListingNoteDescription': ""You'll have an unrestricted view of the show.""}]","[{'listingNoteBucketId': 1, 'formattedListingNoteContent': 'VIP packages', 'displayOrder': 1, 'showsRawNoteText': False}, {'listingNoteBucketId': 4, 'formattedListingNoteContent': 'Club access', 'displayOrder': 4, 'showsRawNoteText': False}, {'listingNoteBucketId': 27, 'formattedListingNoteContent': 'Clear view', 'displayOrder': 8, 'showsRawNoteText': True, 'sourceListingNoteId': -1}]",703282,False,False,Row 11,False,2759969,"¥2,759,969","¥2,759,969",10,Mobile Transfer ticket,3,1,USD,JPY,10900.0,USD,"https://img.vggcdn.net/img/vfsimage2/812551/471_122862/0.jpg?im=Resize=(500,271)&v=771",17 hours ago,5.9,False,False,False,False,1n572d%2fzGI2ZtO%2fxGD8a%2fuuDejBukPytFL2PBK20fts%3d,False,2026-07-18T22:56:27.5700000Z,False,False,False,False,False,False,0,False,,False,False,False,False,0,False,False,0,13393422628,False,4B67400D-1C36-45CB-A578-F92871770A94,False,False,True,3,5.85667493750504,1.553572513,,,,"[{'message': 'Popular Pick', 'qualifier': '204 tickets sold for this event', 'hasValue': True, 'messageType': 'BoughtInLastHourSocialProofBased'}]",[],,,,,,,,,"¥3,549,178",22.0,"¥789,209",,,,,,,,,
13398062656,153020449,144,122809,144,2,12,_,,False,False,6,,False,False,"[1, 2, 3, 4, 5, 6]",594,Lower,6,True,"[{'listingNoteId': -1, 'listingNoteContentId': 3338094, 'formattedListingNoteContent': 'Clear view', 'listingNoteTypeId': 3, 'showToBuyer': True, 'hideInMock': False, 'siteAddedListingNote': False, 'aisleListingNoteWithSplit': False, 'listingNoteDescriptionContentId': 3338095, 'formattedListingNoteDescription': ""You'll have an unrestricted view of the show.""}]","[{'listingNoteBucketId': 27, 'formattedListingNoteContent': 'Clear view', 'displayOrder': 8, 'showsRawNoteText': True, 'sourceListingNoteId': -1}]",2113204,False,False,Row 12,False,2787288,"¥2,787,288","¥2,787,288",10,Mobile Transfer ticket,3,1,EUR,JPY,200.0,EUR,"https://img.vggcdn.net/img/vfsimage2/812551/594_122809/0.jpg?im=Resize=(500,271)&v=771",38 minutes ago,5.8,False,False,False,False,0IBP%2bQjM3ceAiBOXhLjoyzaxT6IDS2FtBfYxpdtO1%2b8%3d,False,2026-07-19T15:24:01.1230000Z,False,False,False,False,False,False,0,False,[7],False,False,False,False,0,False,False,0,13398062656,False,EC9558A4-3E97-4ED3-9E2B-DEEE86F3CDF5,False,False,True,3,5.814278590593,1.562368156,Last tickets,True,,"[{'message': 'Popular Pick', 'qualifier': '204 tickets sold for this event', 'hasValue': True, 'messageType': 'BoughtInLastHourSocialProofBased'}]",[],,,,,,,,,,,,,,,,,,,,
13398068481,153020449,143,122808,143,2,9,_,,False,False,3,,False,False,"[1, 3]",594,Lower,3,True,"[{'listingNoteId': -1, 'listingNoteContentId': 3338094, 'formattedListingNoteContent': 'Clear view', 'listingNoteTypeId': 3, 'showToBuyer': True, 'hideInMock': False, 'siteAddedListingNote': False, 'aisleListingNoteWithSplit': False, 'listingNoteDescriptionContentId': 3338095, 'formattedListingNoteDescription': ""You'll have an unrestricted view of the show.""}]","[{'listingNoteBucketId': 27, 'formattedListingNoteContent': 'Clear view', 'displayOrder': 8, 'showsRawNoteText': True, 'sourceListingNoteId': -1}]",2113201,False,False,Row 9,False,2816004,"¥2,816,004","¥2,816,004",10,Mobile Transfer ticket,3,1,EUR,JPY,200.0,EUR,"https://img.vggcdn.net/img/vfsimage2/812551/594_122808/0.jpg?im=Resize=(500,271)&v=771",38 minutes ago,7.8,False,False,False,False,D6YPU7DRmVffVbJpKOkvBON7DsPg8jadIXHcmRMgbz0%3d,False,2026-07-19T15:24:39.9330000Z,False,False,False,False,False,False,0,False,,False,False,False,False,0,False,False,0,13398068481,False,4AD55676-C89C-49D1-A9B1-56B6A362C5DA,False,False,True,4,7.793378130102468,2.005563094,,,,"[{'message': 'Great Value', 'qualifier': 'Based on price, view, seat quality and more', 'hasValue': True, 'messageType': 'ValueBased'}, {'message': 'Popular Pick', 'qualifier': '204 tickets sold for this event', 'hasValue': True, 'messageType': 'BoughtInLastHourSocialProofBased'}]",[],,,,,,,,,,,,,,,,,,,,
13367629923,153020449,Spain Supporters,2447956,Spain Supporters,3,,_,,False,False,2,,False,False,"[1, 2]",1666,Spain Supporters,2,True,"[{'listingNoteId': -1, 'listingNoteContentId': 3338094, 'formattedListingNoteContent': 'Clear view', 'listingNoteTypeId': 3, 'showToBuyer': True, 'hideInMock': False, 'siteAddedListingNote': False, 'aisleListingNoteWithSplit': False, 'listingNoteDescriptionContentId': 3338095, 'formattedListingNoteDescription': ""You'll have an unrestricted view of the show.""}]","[{'listingNoteBucketId': 27, 'formattedListingNoteContent': 'Clear view', 'displayOrder': 8, 'showsRawNoteText': True, 'sourceListingNoteId': -1}]",4847586,False,False,Row,True,2924475,"¥2,924,475","¥2,924,475",10,Mobile Transfer ticket,3,1,USD,JPY,10000.0,USD,"https://img.vggcdn.net/img/vfsimage2/812551/1666_2447956/0.jpg?im=Resize=(500,271)&v=771",3 days ago,0.0,False,False,True,False,mBRzOJ0VREyBaUWZGDsrK5Sa75FShUVe90VGfrRMc8w%3d,False,2026-07-16T04:58:48.2330000Z,False,False,False,False,False,False,0,False,[7],False,False,False,False,0,False,False,0,13367629923,False,25B94D34-1A2B-431A-9898-B6B221B115C8,False,False,True,0,,,Last tickets,True,,"[{'message': 'Popular Pick', 'qualifier': '204 tickets sold for this event', 'hasValue': True, 'messageType': 'BoughtInLastHourSocialProofBased'}]",[],,,,,,,,,,,,,,,,,,,,
13081692481,153020449,346,122939,346,2,18,24_24,24,False,False,1,,False,False,[1],407,Upper,1,True,"[{'listingNoteId': -1, 'listingNoteContentId': 3338094, 'formattedListingNoteContent': 'Clear view', 'listingNoteTypeId': 3, 'showToBuyer': True, 'hideInMock': False, 'siteAddedListingNote': False, 'aisleListingNoteWithSplit': False, 'listingNoteDescriptionContentId': 3338095, 'formattedListingNoteDescription': ""You'll have an unrestricted view of the show.""}]","[{'listingNoteBucketId': 27, 'formattedListingNoteContent': 'Clear view', 'displayOrder': 8, 'showsRawNoteText': True, 'sourceListingNoteId': -1}]",2113956,False,False,Row 18,False,2929975,"¥2,929,975","¥2,929,975",10,Mobile Transfer ticket,3,1,EUR,JPY,1720.0,EUR,"https://img.vggcdn.net/img/vfsimage2/812551/407_122939/0.jpg?im=Resize=(500,271)&v=771",29 days ago,2.0,False,False,False,False,CAcRhqn9wLRHmAWJy549pLGSFPRltQfAz%2fUe6HXpcf0%3d,False,2026-06-20T02:50:38.9870000Z,False,False,False,False,False,False,0,False,[7],False,False,False,False,0,False,False,0,13081692481,False,6E60BF0F-2D40-4B9B-AF55-C66DBBAF1B01,False,False,True,1,2.0250148130888106,0.7804819445,Last ticket,True,,"[{'message': 'Popular Pick', 'qualifier': '204 tickets sold for this event', 'hasValue': True, 'messageType': 'BoughtInLastHourSocialProofBased'}]",[],,,,,,,,,"¥5,419,449",46.0,"¥2,489,474",,,,,,,,,
13387557960,153020449,210,122843,210,2,12,100_,100,False,False,2,,False,False,"[1, 2]",471,Middle,2,True,"[{'listingNoteId': -1, 'listingNoteContentId': 3338094, 'formattedListingNoteContent': 'Clear view', 'listingNoteTypeId': 3, 'showToBuyer': True, 'hideInMock': False, 'siteAddedListingNote': False, 'aisleListingNoteWithSplit': False, 'listingNoteDescriptionContentId': 3338095, 'formattedListingNoteDescription': ""You'll have an unrestricted view of the show.""}]","[{'listingNoteBucketId': 27, 'formattedListingNoteContent': 'Clear view', 'displayOrder': 8, 'showsRawNoteText': True, 'sourceListingNoteId': -1}]",702858,False,False,Row 12,False,2993346,"¥2,993,346","¥2,993,346",10,Mobile Transfer ticket,3,1,AED,JPY,400.0,AED,"https://img.vggcdn.net/img/vfsimage2/812551/471_122843/0.jpg?im=Resize=(500,271)&v=771",yesterday,4.1,False,False,False,False,4%2bWcvJ5AMSwDgyUXpc2DmFC8xLhRnRZCW2k8O8rhXFo%3d,False,2026-07-18T00:06:56.1000000Z,False,False,False,False,False,False,0,False,[7],False,False,False,False,0,False,False,0,13387557960,False,CA5F0A14-7C26-49E0-AA04-C13E21B155DB,False,False,True,2,4.081129972137666,1.263804131,Last tickets,True,,"[{'message': 'Popular Pick', 'qualifier': '204 tickets sold for this event', 'hasValue': True, 'messageType': 'BoughtInLastHourSocialProofBased'}]",[],,,,,,,,,,,,,,,,,,,,
13367629921,153020449,Spain Supporters Standard Tier,2447958,Spain Supporters Standard Tier,2,,_,,False,False,2,,False,False,"[1, 2]",1666,Spain Supporters,2,True,"[{'listingNoteId': -1, 'listingNoteContentId': 3338094, 'formattedListingNoteContent': 'Clear view', 'listingNoteTypeId': 3, 'showToBuyer': True, 'hideInMock': False, 'siteAddedListingNote': False, 'aisleListingNoteWithSplit': False, 'listingNoteDescriptionContentId': 3338095, 'formattedListingNoteDescription': ""You'll have an unrestricted view of the show.""}]","[{'listingNoteBucketId': 27, 'formattedListingNoteContent': 'Clear view', 'displayOrder': 8, 'showsRawNoteText': True, 'sourceListingNoteId': -1}]",4847588,False,False,Row,True,3119410,"¥3,119,410","¥3,119,410",10,Mobile Transfer ticket,3,1,USD,JPY,10000.0,USD,"https://img.vggcdn.net/img/vfsimage2/812551/1666_2447958/0.jpg?im=Resize=(500,271)&v=771",3 days ago,3.8,False,False,False,False,igjMyzQP1%2bbqxfI%2b5AH3VhvvTkEJSdl4rwm2TVEgpHI%3d,False,2026-07-16T04:58:48.2230000Z,False,False,False,False,False,False,0,False,[7],False,False,False,False,0,False,False,0,13367629921,False,FE5488CE-C4F1-429B-80E8-995FBAF9E838,False,False,True,2,3.83253031855325,1.25740229,Last tickets,True,,"[{'message': 'Popular Pick', 'qualifier': '204 tickets sold for this event', 'hasValue': True, 'messageType': 'BoughtInLastHourSocialProofBased'}]",[],,,,,,,,,,,,,,,,,,,,
13397822076,153020449,212,122845,212,2,6,_,,False,False,2,,False,False,"[1, 2]",471,Middle,2,True,"[{'listingNoteId': 175, 'listingNoteContentId': 2444706, 'formattedListingNoteContent': 'Unlimited Food and Drinks', 'listingNoteTypeId': 3, 'showToBuyer': True, 'hideInMock': False, 'siteAddedListingNote': False, 'aisleListingNoteWithSplit': False, 'listingNoteDescriptionContentId': 2444707, 'formattedListingNoteDescription': 'Includes unlimited food and drinks (beer, wine and soft drinks)'}, {'listingNoteId': 1028, 'listingNoteContentId': 2446497, 'formattedListingNoteContent': 'Includes unlimited food and drinks (beer, wine and liquor)', 'listingNoteTypeId': 3, 'showToBuyer': True, 'hideInMock': False, 'siteAddedListingNote': False, 'aisleListingNoteWithSplit': False, 'listingNoteDescriptionContentId': 2446498, 'formattedListingNoteDescription': 'Includes unlimited food and drinks (beer, wine and liquor)'}, {'listingNoteId': 1021, 'listingNoteContentId': 2446483, 'formattedListingNoteContent': 'Includes unlimited food and drinks (beer and soft drinks)', 'listingNoteTypeId': 3, 'showToBuyer': True, 'hideInMock': False, 'siteAddedListingNote': False, 'aisleListingNoteWithSplit': False, 'listingNoteDescriptionContentId': 2446484, 'formattedListingNoteDescription': 'Includes unlimited food and drinks (beer and soft drinks)'}, {'listingNoteId': -1, 'listingNoteContentId': 3338094, 'formattedListingNoteContent': 'Clear view', 'listingNoteTypeId': 3, 'showToBuyer': True, 'hideInMock': False, 'siteAddedListingNote': False, 'aisleListingNoteWithSplit': False, 'listingNoteDescriptionContentId': 3338095, 'formattedListingNoteDescription': ""You'll have an unrestricted view of the show.""}]","[{'listingNoteBucketId': 7, 'formattedListingNoteContent': 'Food & beverages', 'displayOrder': 7, 'showsRawNoteText': False}, {'listingNoteBucketId': 27, 'formattedListingNoteContent': 'Clear view', 'displayOrder': 8, 'showsRawNoteText': True, 'sourceListingNoteId': -1}]",702878,False,False,Row 6,False,3400506,"¥3,400,506","¥3,400,506",10,Mobile Transfer ticket,3,1,USD,JPY,0.0,USD,"https://img.vggcdn.net/img/vfsimage2/812551/471_122845/0.jpg?im=Resize=(500,271)&v=771",an hour ago,6.7,False,False,False,False,tLbDPRitY4vBiaYUO9BLTOOHOqCoEaGDVrnIH36IAp4%3d,False,2026-07-19T14:34:20.8800000Z,False,False,False,False,False,False,0,False,[7],False,False,False,False,0,False,False,0,13397822076,False,145419CE-31D1-41AD-B6C5-9900568B0D23,False,False,True,3,6.6682544867745035,2.082189803,Last tickets,True,,"[{'message': 'Popular Pick', 'qualifier': '204 tickets sold for this event', 'hasValue': True, 'messageType': 'BoughtInLastHourSocialProofBased'}]",[],,,,,,,,,,,,,,,,,,,,
13397566132,153020449,110,122788,110,2,15,_,,False,False,2,,False,False,"[1, 2]",594,Lower,2,True,"[{'listingNoteId': 11, 'listingNoteContentId': 1038686, 'formattedListingNoteContent': 'Includes VIP pass', 'listingNoteTypeId': 3, 'showToBuyer': True, 'hideInMock': False, 'siteAddedListingNote': False, 'aisleListingNoteWithSplit': False, 'listingNoteDescriptionContentId': 1277351, 'formattedListingNoteDescription': ""A VIP pass gives you great privileges that other ticket holders don't have!""}, {'listingNoteId': 263, 'listingNoteContentId': 2444900, 'formattedListingNoteContent': 'VIP Club', 'listingNoteTypeId': 3, 'showToBuyer': True, 'hideInMock': False, 'siteAddedListingNote': False, 'aisleListingNoteWithSplit': False, 'listingNoteDescriptionContentId': 2444901, 'formattedListingNoteDescription': 'VIP Club - Club opens 90 minutes prior to tipoff and offers access to a lounge area with televisions, plush seating and private restrooms as well as all-inclusive food, draft beer, and house wine'}, {'listingNoteId': -1, 'listingNoteContentId': 3338094, 'formattedListingNoteContent': 'Clear view', 'listingNoteTypeId': 3, 'showToBuyer': True, 'hideInMock': False, 'siteAddedListingNote': False, 'aisleListingNoteWithSplit': False, 'listingNoteDescriptionContentId': 3338095, 'formattedListingNoteDescription': ""You'll have an unrestricted view of the show.""}]","[{'listingNoteBucketId': 1, 'formattedListingNoteContent': 'VIP packages', 'displayOrder': 1, 'showsRawNoteText': False}, {'listingNoteBucketId': 27, 'formattedListingNoteContent': 'Clear view', 'displayOrder': 8, 'showsRawNoteText': True, 'sourceListingNoteId': -1}]",2112329,False,False,Row 15,False,3527919,"¥3,527,919","¥3,527,919",10,Mobile Transfer ticket,3,1,EUR,JPY,10000.0,EUR,"https://img.vggcdn.net/img/vfsimage2/812551/594_122788/0.jpg?im=Resize=(500,271)&v=771",2 hours ago,5.3,False,False,False,False,LwoNpL0fwWm%2bqxvtOVX5Xm9eqYksECgwbU%2fkF4BlJdw%3d,False,2026-07-19T14:00:18.5500000Z,False,False,False,False,False,False,0,False,[7],False,False,False,False,0,False,False,0,13397566132,False,43BB26A9-0958-4E88-ABDC-0C66FB18CCC1,False,False,True,3,5.2962096135408165,1.881101789,Last tickets,True,,"[{'message': 'Popular Pick', 'qualifier': '204 tickets sold for this event', 'hasValue': True, 'messageType': 'BoughtInLastHourSocialProofBased'}]",[],,,,,,,,,"¥5,419,349",35.0,"¥1,891,430",,,,,,,,,
13397821624,153020449,235,122862,235,2,10,_,,False,False,2,,False,False,"[1, 2]",471,Middle,2,True,"[{'listingNoteId': 263, 'listingNoteContentId': 2444900, 'formattedListingNoteContent': 'VIP Club', 'listingNoteTypeId': 3, 'showToBuyer': True, 'hideInMock': False, 'siteAddedListingNote': False, 'aisleListingNoteWithSplit': False, 'listingNoteDescriptionContentId': 2444901, 'formattedListingNoteDescription': 'VIP Club - Club opens 90 minutes prior to tipoff and offers access to a lounge area with televisions, plush seating and private restrooms as well as all-inclusive food, draft beer, and house wine'}, {'listingNoteId': 424, 'listingNoteContentId': 2445241, 'formattedListingNoteContent': 'Access to VIP Club', 'listingNoteTypeId': 3, 'showToBuyer': True, 'hideInMock': False, 'siteAddedListingNote': False, 'aisleListingNoteWithSplit': False, 'formattedListingNoteDescription': ''}, {'listingNoteId': 1367, 'listingNoteContentId': 2447255, 'formattedListingNoteContent': 'Includes club access', 'listingNoteTypeId': 3, 'showToBuyer': True, 'hideInMock': False, 'siteAddedListingNote': False, 'aisleListingNoteWithSplit': False, 'listingNoteDescriptionContentId': 2447256, 'formattedListingNoteDescription': 'Includes club access'}, {'listingNoteId': -1, 'listingNoteContentId': 3338094, 'formattedListingNoteContent': 'Clear view', 'listingNoteTypeId': 3, 'showToBuyer': True, 'hideInMock': False, 'siteAddedListingNote': False, 'aisleListingNoteWithSplit': False, 'listingNoteDescriptionContentId': 3338095, 'formattedListingNoteDescription': ""You'll have an unrestricted view of the show.""}]","[{'listingNoteBucketId': 1, 'formattedListingNoteContent': 'VIP packages', 'displayOrder': 1, 'showsRawNoteText': False}, {'listingNoteBucketId': 4, 'formattedListingNoteContent': 'Club access', 'displayOrder': 4, 'showsRawNoteText': False}, {'listingNoteBucketId': 27, 'formattedListingNoteContent': 'Clear view', 'displayOrder': 8, 'showsRawNoteText': True, 'sourceListingNoteId': -1}]",703281,False,False,Row 10,False,3577605,"¥3,577,605","¥3,577,605",10,Mobile Transfer ticket,3,1,USD,JPY,18000.0,USD,"https://img.vggcdn.net/img/vfsimage2/812551/471_122862/0.jpg?im=Resize=(500,271)&v=771",an hour ago,4.3,False,False,False,False,51bLOfK7V%2f6FRmv9j6rBn8zhtokAmLQ4Z1KUFNYKoj4%3d,False,2026-07-19T14:33:56.2330000Z,False,False,False,False,False,False,0,False,,False,False,False,False,0,False,False,0,13397821624,False,2D0525D2-D723-4951-BCD9-8D783BE33BFD,False,False,True,2,4.267927658065835,1.578806465,,,,"[{'message': 'Popular Pick', 'qualifier': '204 tickets sold for this event', 'hasValue': True, 'messageType': 'BoughtInLastHourSocialProofBased'}]",[],,,,,,,,,,,,,,,,,,,,
13397934648,153020449,112,122789,112,2,22,_,,False,False,3,,False,False,"[1, 2, 3]",594,Lower,3,True,"[{'listingNoteId': -1, 'listingNoteContentId': 3338094, 'formattedListingNoteContent': 'Clear view', 'listingNoteTypeId': 3, 'showToBuyer': True, 'hideInMock': False, 'siteAddedListingNote': False, 'aisleListingNoteWithSplit': False, 'listingNoteDescriptionContentId': 3338095, 'formattedListingNoteDescription': ""You'll have an unrestricted view of the show.""}]","[{'listingNoteBucketId': 27, 'formattedListingNoteContent': 'Clear view', 'displayOrder': 8, 'showsRawNoteText': True, 'sourceListingNoteId': -1}]",2112412,False,False,Row 22,False,3650024,"¥3,650,024","¥3,650,024",10,Mobile Transfer ticket,3,1,USD,JPY,0.0,USD,"https://img.vggcdn.net/img/vfsimage2/812551/594_122789/0.jpg?im=Resize=(500,271)&v=771",an hour ago,5.6,False,False,False,False,fEX3FS3GAR%2fcsEi2ZugMu%2f%2bN6V6Orq5DNmzFzz%2ff9dk%3d,False,2026-07-19T14:52:28.4770000Z,False,False,False,False,False,False,0,False,[7],False,False,False,False,0,False,False,0,13397934648,False,991B9BB8-EF3B-4DC0-98AD-7FECF75E429F,False,False,True,3,5.624439472157204,2.008979178,Last tickets,True,,"[{'message': 'Popular Pick', 'qualifier': '204 tickets sold for this event', 'hasValue': True, 'messageType': 'BoughtInLastHourSocialProofBased'}]",[],,,,,,,,,,,,,,,,,,,,
13398172807,153020449,140,122806,140,2,17,_,,False,False,4,,False,False,"[1, 2, 3, 4]",594,Lower,4,True,"[{'listingNoteId': -1, 'listingNoteContentId': 3338094, 'formattedListingNoteContent': 'Clear view', 'listingNoteTypeId': 3, 'showToBuyer': True, 'hideInMock': False, 'siteAddedListingNote': False, 'aisleListingNoteWithSplit': False, 'listingNoteDescriptionContentId': 3338095, 'formattedListingNoteDescription': ""You'll have an unrestricted view of the show.""}]","[{'listingNoteBucketId': 27, 'formattedListingNoteContent': 'Clear view', 'displayOrder': 8, 'showsRawNoteText': True, 'sourceListingNoteId': -1}]",2113115,False,False,Row 17,False,3935321,"¥3,935,321","¥3,935,321",10,Mobile Transfer ticket,3,1,USD,JPY,22590.0,USD,"https://img.vggcdn.net/img/vfsimage2/812551/594_122806/0.jpg?im=Resize=(500,271)&v=771",18 minutes ago,6.7,False,False,False,False,w4Z6RyNruutYxOpl%2fIJCX7mtDYXORZdiym5%2fOnH4aj0%3d,False,2026-07-19T15:43:55.7270000Z,False,False,False,False,True,False,0,False,[7],False,False,False,False,0,False,False,0,13398172807,False,E34C1502-9E76-4B89-928C-619D93910EA7,False,False,True,3,6.692042231715604,2.41613071,Last tickets,True,,"[{'message': 'Popular Pick', 'qualifier': '204 tickets sold for this event', 'hasValue': True, 'messageType': 'BoughtInLastHourSocialProofBased'}]",[],[9],,,,,,,,,,,,,,,,Best view,Best view listing for the selected quantity for this event on our site.,True,6aa8a73f-b069-4147-a316-ffc9e9280c2b
13375745056,153020449,235,122862,235,2,8,_,,False,False,3,,False,False,"[1, 2, 3]",471,Middle,3,True,"[{'listingNoteId': 263, 'listingNoteContentId': 2444900, 'formattedListingNoteContent': 'VIP Club', 'listingNoteTypeId': 3, 'showToBuyer': True, 'hideInMock': False, 'siteAddedListingNote': False, 'aisleListingNoteWithSplit': False, 'listingNoteDescriptionContentId': 2444901, 'formattedListingNoteDescription': 'VIP Club - Club opens 90 minutes prior to tipoff and offers access to a lounge area with televisions, plush seating and private restrooms as well as all-inclusive food, draft beer, and house wine'}, {'listingNoteId': 424, 'listingNoteContentId': 2445241, 'formattedListingNoteContent': 'Access to VIP Club', 'listingNoteTypeId': 3, 'showToBuyer': True, 'hideInMock': False, 'siteAddedListingNote': False, 'aisleListingNoteWithSplit': False, 'formattedListingNoteDescription': ''}, {'listingNoteId': 1367, 'listingNoteContentId': 2447255, 'formattedListingNoteContent': 'Includes club access', 'listingNoteTypeId': 3, 'showToBuyer': True, 'hideInMock': False, 'siteAddedListingNote': False, 'aisleListingNoteWithSplit': False, 'listingNoteDescriptionContentId': 2447256, 'formattedListingNoteDescription': 'Includes club access'}, {'listingNoteId': -1, 'listingNoteContentId': 3338094, 'formattedListingNoteContent': 'Clear view', 'listingNoteTypeId': 3, 'showToBuyer': True, 'hideInMock': False, 'siteAddedListingNote': False, 'aisleListingNoteWithSplit': False, 'listingNoteDescriptionContentId': 3338095, 'formattedListingNoteDescription': ""You'll have an unrestricted view of the show.""}]","[{'listingNoteBucketId': 1, 'formattedListingNoteContent': 'VIP packages', 'displayOrder': 1, 'showsRawNoteText': False}, {'listingNoteBucketId': 4, 'formattedListingNoteContent': 'Club access', 'displayOrder': 4, 'showsRawNoteText': False}, {'listingNoteBucketId': 27, 'formattedListingNoteContent': 'Clear view', 'displayOrder': 8, 'showsRawNoteText': True, 'sourceListingNoteId': -1}]",703279,False,False,Row 8,False,4190832,"¥4,190,832","¥4,190,832",10,Mobile Transfer ticket,3,1,USD,JPY,27850.0,USD,"https://img.vggcdn.net/img/vfsimage2/812551/471_122862/0.jpg?im=Resize=(500,271)&v=771",2 days ago,3.6,False,False,False,False,wNx2uhgPskatHyK72ee3bbTM9BPJew%2bdsSVg4kZEPU0%3d,False,2026-07-16T19:44:14.6730000Z,False,False,False,False,False,False,0,False,,False,False,False,False,0,False,False,0,13375745056,False,09A12C49-D8A0-41FD-8430-9859BD5471D4,False,False,True,2,3.609257103040719,1.630477694,,,,"[{'message': 'Popular Pick', 'qualifier': '204 tickets sold for this event', 'hasValue': True, 'messageType': 'BoughtInLastHourSocialProofBased'}]",[],,,,,,,,,"¥6,591,071",36.0,"¥2,400,239",,,,,,,,,
13379712171,153020449,235,122862,235,2,4,_,,False,False,1,,False,False,[1],471,Middle,1,True,"[{'listingNoteId': 263, 'listingNoteContentId': 2444900, 'formattedListingNoteContent': 'VIP Club', 'listingNoteTypeId': 3, 'showToBuyer': True, 'hideInMock': False, 'siteAddedListingNote': False, 'aisleListingNoteWithSplit': False, 'listingNoteDescriptionContentId': 2444901, 'formattedListingNoteDescription': 'VIP Club - Club opens 90 minutes prior to tipoff and offers access to a lounge area with televisions, plush seating and private restrooms as well as all-inclusive food, draft beer, and house wine'}, {'listingNoteId': 424, 'listingNoteContentId': 2445241, 'formattedListingNoteContent': 'Access to VIP Club', 'listingNoteTypeId': 3, 'showToBuyer': True, 'hideInMock': False, 'siteAddedListingNote': False, 'aisleListingNoteWithSplit': False, 'formattedListingNoteDescription': ''}, {'listingNoteId': 1367, 'listingNoteContentId': 2447255, 'formattedListingNoteContent': 'Includes club access', 'listingNoteTypeId': 3, 'showToBuyer': True, 'hideInMock': False, 'siteAddedListingNote': False, 'aisleListingNoteWithSplit': False, 'listingNoteDescriptionContentId': 2447256, 'formattedListingNoteDescription': 'Includes club access'}, {'listingNoteId': -1, 'listingNoteContentId': 3338094, 'formattedListingNoteContent': 'Clear view', 'listingNoteTypeId': 3, 'showToBuyer': True, 'hideInMock': False, 'siteAddedListingNote': False, 'aisleListingNoteWithSplit': False, 'listingNoteDescriptionContentId': 3338095, 'formattedListingNoteDescription': ""You'll have an unrestricted view of the show.""}]","[{'listingNoteBucketId': 1, 'formattedListingNoteContent': 'VIP packages', 'displayOrder': 1, 'showsRawNoteText': False}, {'listingNoteBucketId': 4, 'formattedListingNoteContent': 'Club access', 'displayOrder': 4, 'showsRawNoteText': False}, {'listingNoteBucketId': 27, 'formattedListingNoteContent': 'Clear view', 'displayOrder': 8, 'showsRawNoteText': True, 'sourceListingNoteId': -1}]",703275,False,False,Row 4,False,4395241,"¥4,395,241","¥4,395,241",10,Mobile Transfer ticket,3,1,USD,JPY,10900.0,USD,"https://img.vggcdn.net/img/vfsimage2/812551/471_122862/0.jpg?im=Resize=(500,271)&v=771",2 days ago,3.7,False,False,False,False,WlCn1Lx0gFqN4iFGM8CVPJWF5%2fDMkRqvmd5B8KtgUuU%3d,False,2026-07-17T03:59:21.4370000Z,False,False,False,False,False,False,0,False,,False,False,False,False,0,False,False,0,13379712171,False,67CA3760-59E6-481D-9318-6C450EA30005,False,False,True,2,3.701397655914646,1.738813636,,,,"[{'message': 'Popular Pick', 'qualifier': '204 tickets sold for this event', 'hasValue': True, 'messageType': 'BoughtInLastHourSocialProofBased'}]",[],,,,,,,,,,,,,,,,,,,,
13396831784,153020449,235,122862,235,2,1,_,,False,False,1,,False,False,[1],471,Middle,1,True,"[{'listingNoteId': 263, 'listingNoteContentId': 2444900, 'formattedListingNoteContent': 'VIP Club', 'listingNoteTypeId': 3, 'showToBuyer': True, 'hideInMock': False, 'siteAddedListingNote': False, 'aisleListingNoteWithSplit': False, 'listingNoteDescriptionContentId': 2444901, 'formattedListingNoteDescription': 'VIP Club - Club opens 90 minutes prior to tipoff and offers access to a lounge area with televisions, plush seating and private restrooms as well as all-inclusive food, draft beer, and house wine'}, {'listingNoteId': 424, 'listingNoteContentId': 2445241, 'formattedListingNoteContent': 'Access to VIP Club', 'listingNoteTypeId': 3, 'showToBuyer': True, 'hideInMock': False, 'siteAddedListingNote': False, 'aisleListingNoteWithSplit': False, 'formattedListingNoteDescription': ''}, {'listingNoteId': 1367, 'listingNoteContentId': 2447255, 'formattedListingNoteContent': 'Includes club access', 'listingNoteTypeId': 3, 'showToBuyer': True, 'hideInMock': False, 'siteAddedListingNote': False, 'aisleListingNoteWithSplit': False, 'listingNoteDescriptionContentId': 2447256, 'formattedListingNoteDescription': 'Includes club access'}, {'listingNoteId': 2025, 'listingNoteContentId': 3415843, 'formattedListingNoteContent': 'Front Row of Section', 'listingNoteTypeId': 6, 'showToBuyer': True, 'hideInMock': False, 'siteAddedListingNote': False, 'aisleListingNoteWithSplit': False, 'listingNoteDescriptionContentId': 3415843, 'formattedListingNoteDescription': 'Front Row of Section'}, {'listingNoteId': -1, 'listingNoteContentId': 3338094, 'formattedListingNoteContent': 'Clear view', 'listingNoteTypeId': 3, 'showToBuyer': True, 'hideInMock': False, 'siteAddedListingNote': False, 'aisleListingNoteWithSplit': False, 'listingNoteDescriptionContentId': 3338095, 'formattedListingNoteDescription': ""You'll have an unrestricted view of the show.""}]","[{'listingNoteBucketId': 1, 'formattedListingNoteContent': 'VIP packages', 'displayOrder': 1, 'showsRawNoteText': False}, {'listingNoteBucketId': 4, 'formattedListingNoteContent': 'Club access', 'displayOrder': 4, 'showsRawNoteText': False}, {'listingNoteBucketId': 14, 'formattedListingNoteContent': 'Front Row of Section', 'displayOrder': 14, 'showsRawNoteText': True, 'sourceListingNoteId': 2025}, {'listingNoteBucketId': 27, 'formattedListingNoteContent': 'Clear view', 'displayOrder': 8, 'showsRawNoteText': True, 'sourceListingNoteId': -1}]",703272,False,False,Row 1,False,4497446,"¥4,497,446","¥4,497,446",10,Mobile Transfer ticket,3,1,USD,JPY,0.0,USD,"https://img.vggcdn.net/img/vfsimage2/812551/471_122862/0.jpg?im=Resize=(500,271)&v=771",3 hours ago,3.8,False,False,False,False,gNP0Q8pxWHYEH4WO2LfP70IKdvIFkNC9A3ZotX7dhHc%3d,False,2026-07-19T12:48:40.5100000Z,False,False,False,False,False,False,0,False,,False,False,False,False,0,False,False,0,13396831784,False,33985395-19D9-43A3-BB38-29E8EA3C108E,False,False,True,2,3.8375042854494543,1.824645729,,,,"[{'message': 'Popular Pick', 'qualifier': '204 tickets sold for this event', 'hasValue': True, 'messageType': 'BoughtInLastHourSocialProofBased'}, {'message': 'Front Row', 'qualifier': 'Best seats in the house', 'hasValue': True, 'messageType': 'FirstRowTicketAttributeBased'}]",[2025],,,,,,,,,,,,,,,,,,,,
13398054395,153020449,129,122799,129,2,37,10_10,10,False,False,1,,False,False,[1],594,Lower,1,True,"[{'listingNoteId': -1, 'listingNoteContentId': 3338094, 'formattedListingNoteContent': 'Clear view', 'listingNoteTypeId': 3, 'showToBuyer': True, 'hideInMock': False, 'siteAddedListingNote': False, 'aisleListingNoteWithSplit': False, 'listingNoteDescriptionContentId': 3338095, 'formattedListingNoteDescription': ""You'll have an unrestricted view of the show.""}]","[{'listingNoteBucketId': 27, 'formattedListingNoteContent': 'Clear view', 'displayOrder': 8, 'showsRawNoteText': True, 'sourceListingNoteId': -1}]",2112890,False,False,Row 37,False,4873827,"¥4,873,827","¥4,873,827",16,Mobile Transfer ticket,3,1,USD,JPY,22000.0,USD,"https://img.vggcdn.net/img/vfsimage2/812551/594_122799/0.jpg?im=Resize=(500,271)&v=771",40 minutes ago,1.4,False,False,False,False,IeCgVo%2bMAE2VQyR77ABosoN%2fY3K0Y6GYuN4dgvPaskE%3d,False,2026-07-19T15:22:08.4270000Z,False,False,False,False,False,False,0,False,[7],False,False,False,False,0,False,False,0,13398054395,False,C1D4E8C8-7E71-45FA-AA70-D79872210EAD,False,False,True,1,1.353428381569661,1.056406972,Last ticket,True,,"[{'message': 'Popular Pick', 'qualifier': '204 tickets sold for this event', 'hasValue': True, 'messageType': 'BoughtInLastHourSocialProofBased'}]",[],,,,,,,,,,,,10,10,,,,,,,
13360117497,153020449,Spain Supporters Premium Tier,2447957,Spain Supporters Premium Tier,2,,_,,False,False,4,,False,False,"[1, 2, 3, 4]",1666,Spain Supporters,4,True,"[{'listingNoteId': -1, 'listingNoteContentId': 3338094, 'formattedListingNoteContent': 'Clear view', 'listingNoteTypeId': 3, 'showToBuyer': True, 'hideInMock': False, 'siteAddedListingNote': False, 'aisleListingNoteWithSplit': False, 'listingNoteDescriptionContentId': 3338095, 'formattedListingNoteDescription': ""You'll have an unrestricted view of the show.""}]","[{'listingNoteBucketId': 27, 'formattedListingNoteContent': 'Clear view', 'displayOrder': 8, 'showsRawNoteText': True, 'sourceListingNoteId': -1}]",4847587,False,False,Row,True,7803604,"¥7,803,604","¥7,803,604",10,Mobile Transfer ticket,3,1,EUR,JPY,25.0,EUR,"https://img.vggcdn.net/img/vfsimage2/812551/1666_2447957/0.jpg?im=Resize=(500,271)&v=771",4 days ago,0.4,False,False,False,False,bQohbdDYJTCxSNURM3ERLHZYXKnum0SCgIJHo1%2bE3cQ%3d,False,2026-07-15T12:25:17.1600000Z,False,False,False,False,False,False,0,False,[7],False,False,False,False,0,False,False,0,13360117497,False,5F56F7D4-F256-4953-BD4A-806BFBE163F7,False,False,True,1,0.3569771890849259,1.325108567,Last tickets,True,,"[{'message': 'Popular Pick', 'qualifier': '204 tickets sold for this event', 'hasValue': True, 'messageType': 'BoughtInLastHourSocialProofBased'}]",[],,,,,,,,,,,,,,,,,,,,
