id,eventId,section,sectionId,sectionMapName,sectionType,row,seat,seatFrom,seatTo,seatFromInternal,hasSeatDetails,hasSeatDetailsExpansion,availableTickets,formattedFees,showRecentlySold,showPartnershipLogo,availableQuantities,ticketClass,ticketClassName,maxQuantity,hasListingNotes,listingNotes,listingNoteBuckets,rowId,isUsersListing,isPreUploaded,rowContent,isSpeculativeRow,rawPrice,price,formattedTotalPrice,ticketTypeId,ticketTypeName,ticketTypeGroupId,listingTypeId,listingCurrencyCode,buyerCurrencyCode,faceValue,faceValueCurrencyCode,vfsUrl,formattedActiveSince,formattedDealScore,isSeatedTogether,showVfsInListing,hideSeatAndRowInfo,isUnmappedSection,aipHash,isMLBVerified,createdDateTime,showCheapestTag,showBestDealTag,showBestDealInSectionTag,showFanFavoriteTag,showBestViewTag,showTopChoiceTag,topChoiceBucket,isMostAffordable,winningMerchTags,isZoneTicketClass,isSponsored,isSponsoredSecondary,isMirrorListing,crossSellSource,isCheapestListing,isFavorite,aggregateFavorites,listingId,canBeRelisted,listingImpressionId,isBetterValueListing,hasRowLevelVfs,isDealScoreEligibleForDisplay,inventoryListingScore.starRating,inventoryListingScore.dealScore,inventoryListingScore.seatQualityScore,bestPriceTagMessage.message,bestPriceTagMessage.disclaimer,bestPriceTagMessage.hasValue,bestPriceTagMessage.featureTrackingKey,listingHighlightData.highlightSiteMessagesWithType,listingHighlightData.listingNoteIdsReplacedByHighlight,bestSellingInSectionMessage.message,bestSellingInSectionMessage.disclaimer,bestSellingInSectionMessage.hasValue,lastTicketInSectionMessage.message,lastTicketInSectionMessage.hasValue,strikeThroughPrice,strikeThroughDiscountPercent,strikeThroughAmountOff,suppressedMerchTags,bestDealTagMessage.message,bestDealTagMessage.hasValue,bestDealTagMessage.featureTrackingKey,bestViewTagMessage.message,bestViewTagMessage.disclaimer,bestViewTagMessage.hasValue,bestViewTagMessage.featureTrackingKey
13388121278,153020449,318,122911,318,2,26,24_24,24,24,24,False,False,1,,False,False,[1],407,Upper,1,True,"[{'listingNoteId': -1, 'listingNoteContentId': 3338094, 'formattedListingNoteContent': 'Clear view', 'listingNoteTypeId': 3, 'showToBuyer': True, 'hideInMock': False, 'siteAddedListingNote': False, 'aisleListingNoteWithSplit': False, 'listingNoteDescriptionContentId': 3338095, 'formattedListingNoteDescription': ""You'll have an unrestricted view of the show.""}]","[{'listingNoteBucketId': 27, 'formattedListingNoteContent': 'Clear view', 'displayOrder': 8, 'showsRawNoteText': True, 'sourceListingNoteId': -1}]",703917,False,False,Row 26,False,1439157,"¥1,439,157","¥1,439,157",10,Mobile Transfer ticket,3,1,USD,JPY,7500.0,USD,"https://img.vggcdn.net/img/vfsimage2/812551/407_122911/0.jpg?im=Resize=(500,271)&v=771",2 hours ago,7,False,False,False,False,ckHZa%2bwvsyShYPHJqRhCi4aPD1cdDqp76gnlUMR915k%3d,False,2026-07-18T02:06:41.3700000Z,True,False,False,False,False,False,0,False,[2],False,False,False,False,0,True,False,0,13388121278,False,0F9334B2-A64E-41F4-BDD1-4ED3739EEA06,False,False,True,3,6.749158565732745,0.6640409074,Best price,Lowest priced listing for the selected quantity for this event on our site.,True,6aa8a73f-b069-4147-a316-ffc9e9280c2b,"[{'message': 'Popular Pick', 'qualifier': '6 tickets sold for this event', 'hasValue': True, 'messageType': 'BoughtInLastHourSocialProofBased'}]",[],,,,,,,,,,,,,,,,
13388397359,153020449,327,122920,327,2,21,_,,,,False,False,1,,False,False,[1],407,Upper,1,True,"[{'listingNoteId': -1, 'listingNoteContentId': 3338094, 'formattedListingNoteContent': 'Clear view', 'listingNoteTypeId': 3, 'showToBuyer': True, 'hideInMock': False, 'siteAddedListingNote': False, 'aisleListingNoteWithSplit': False, 'listingNoteDescriptionContentId': 3338095, 'formattedListingNoteDescription': ""You'll have an unrestricted view of the show.""}]","[{'listingNoteBucketId': 27, 'formattedListingNoteContent': 'Clear view', 'displayOrder': 8, 'showsRawNoteText': True, 'sourceListingNoteId': -1}]",2113852,False,False,Row 21,False,1566851,"¥1,566,851","¥1,566,851",10,Mobile Transfer ticket,3,1,USD,JPY,5785.0,USD,"https://img.vggcdn.net/img/vfsimage2/812551/407_122920/0.jpg?im=Resize=(500,271)&v=771",an hour ago,7,False,False,False,False,cErzIQzNgTB79u040s0q9PmhMPYnb2Lj3QTkOljQ4l4%3d,False,2026-07-18T03:25:19.1930000Z,False,False,False,False,False,False,0,False,,False,False,False,False,0,False,False,0,13388397359,False,28CCBF75-738F-463C-B2EC-E22BB37A56C2,False,False,True,4,7.165918635277657,0.7609051932,,,,,"[{'message': 'Great Value', 'qualifier': 'Based on price, view, seat quality and more', 'hasValue': True, 'messageType': 'ValueBased'}, {'message': 'Popular Pick', 'qualifier': '6 tickets sold for this event', 'hasValue': True, 'messageType': 'BoughtInLastHourSocialProofBased'}]",[],,,,,,,,,,,,,,,,
13364577572,153020449,328,122921,328,2,21,13_14,,,13,False,False,1,,False,False,[1],407,Upper,1,True,"[{'listingNoteId': -1, 'listingNoteContentId': 3338094, 'formattedListingNoteContent': 'Clear view', 'listingNoteTypeId': 3, 'showToBuyer': True, 'hideInMock': False, 'siteAddedListingNote': False, 'aisleListingNoteWithSplit': False, 'listingNoteDescriptionContentId': 3338095, 'formattedListingNoteDescription': ""You'll have an unrestricted view of the show.""}]","[{'listingNoteBucketId': 27, 'formattedListingNoteContent': 'Clear view', 'displayOrder': 8, 'showsRawNoteText': True, 'sourceListingNoteId': -1}]",2113872,False,False,Row 21,False,1569357,"¥1,569,357","¥1,569,357",10,Mobile Transfer ticket,3,1,GBP,JPY,4335.0,GBP,"https://img.vggcdn.net/img/vfsimage2/812551/407_122921/0.jpg?im=Resize=(500,271)&v=771",2 days ago,7,False,False,False,False,Fo4HkPkf7VUtcLPz5pdAf1WT62F9Nqv33%2fwSxVcODW4%3d,False,2026-07-15T22:38:48.5330000Z,False,False,False,True,False,False,0,False,[6],False,False,False,False,0,False,False,0,13364577572,False,BE3D662C-8FFF-4904-82CF-4F694AD0FAD9,False,False,True,3,6.928266664910396,0.7408578652,,,,,"[{'message': 'Popular Pick', 'qualifier': '6 tickets sold for this event', 'hasValue': True, 'messageType': 'BoughtInLastHourSocialProofBased'}]",[],Fan favorite,This section is in the top 10% of sections for this event when ranked based on a count of successful sales over the past 7 days on our site,True,,,,,,,,,,,,,
13388518861,153020449,316,122909,316,2,7,1_1,1,1,1,False,False,1,,False,False,[1],407,Upper,1,True,"[{'listingNoteId': -1, 'listingNoteContentId': 3338094, 'formattedListingNoteContent': 'Clear view', 'listingNoteTypeId': 3, 'showToBuyer': True, 'hideInMock': False, 'siteAddedListingNote': False, 'aisleListingNoteWithSplit': False, 'listingNoteDescriptionContentId': 3338095, 'formattedListingNoteDescription': ""You'll have an unrestricted view of the show.""}]","[{'listingNoteBucketId': 14, 'formattedListingNoteContent': 'Aisle seat', 'displayOrder': 14, 'showsRawNoteText': True, 'sourceListingNoteId': 2024}, {'listingNoteBucketId': 27, 'formattedListingNoteContent': 'Clear view', 'displayOrder': 8, 'showsRawNoteText': True, 'sourceListingNoteId': -1}]",703854,False,False,Row 7,False,1579519,"¥1,579,519","¥1,579,519",10,Mobile Transfer ticket,3,1,USD,JPY,,USD,"https://img.vggcdn.net/img/vfsimage2/812551/407_122909/0.jpg?im=Resize=(500,271)&v=771",an hour ago,9,False,False,False,False,etHI2wB3bx11eglg%2bQJdsF4ad34XG4KlT5ccZEesUyc%3d,False,2026-07-18T03:55:06.5200000Z,False,False,False,False,False,False,0,False,[7],False,False,False,False,0,False,False,0,13388518861,False,AEA4E7BF-91BB-4E1C-B140-910FAA3C1D00,False,False,True,5,8.583226158341533,0.9219753701,,,,,"[{'message': 'Amazing Value', 'qualifier': 'Based on price, view, seat quality and more', 'hasValue': True, 'messageType': 'ValueBased'}, {'message': 'Popular Pick', 'qualifier': '6 tickets sold for this event', 'hasValue': True, 'messageType': 'BoughtInLastHourSocialProofBased'}, {'message': 'Aisle Seat', 'qualifier': 'Easy access to your seat', 'hasValue': True, 'messageType': 'AisleSeatTicketAttributeBased'}]",[2024],,,,Last ticket,True,,,,,,,,,,,
13388924717,153020449,319,122912,319,2,18,15_15,15,15,15,False,False,1,,False,False,[1],407,Upper,1,True,"[{'listingNoteId': -1, 'listingNoteContentId': 3338094, 'formattedListingNoteContent': 'Clear view', 'listingNoteTypeId': 3, 'showToBuyer': True, 'hideInMock': False, 'siteAddedListingNote': False, 'aisleListingNoteWithSplit': False, 'listingNoteDescriptionContentId': 3338095, 'formattedListingNoteDescription': ""You'll have an unrestricted view of the show.""}]","[{'listingNoteBucketId': 27, 'formattedListingNoteContent': 'Clear view', 'displayOrder': 8, 'showsRawNoteText': True, 'sourceListingNoteId': -1}]",703931,False,False,Row 18,False,1596187,"¥1,596,187","¥1,596,187",10,Mobile Transfer ticket,3,1,USD,JPY,,USD,"https://img.vggcdn.net/img/vfsimage2/812551/407_122912/0.jpg?im=Resize=(500,271)&v=771",5 minutes ago,7,False,False,False,False,c%2bWcekBJvRtCDDs5%2fsgiQ0eMWcH4AiiWCIhVEXJ36Fk%3d,False,2026-07-18T04:57:28.0300000Z,False,False,False,False,False,False,0,False,,False,False,False,False,0,False,False,0,13388924717,False,69522A2B-9245-4F81-8BAE-73CEF7C98BC1,False,False,True,3,6.548355450148648,0.7183404696,,,,,"[{'message': 'Popular Pick', 'qualifier': '6 tickets sold for this event', 'hasValue': True, 'messageType': 'BoughtInLastHourSocialProofBased'}]",[],,,,,,,,,,,,,,,,
13388078820,153020449,324,122917,324,2,25,18_18,,,18,False,False,1,,False,False,[1],407,Upper,1,True,"[{'listingNoteId': -1, 'listingNoteContentId': 3338094, 'formattedListingNoteContent': 'Clear view', 'listingNoteTypeId': 3, 'showToBuyer': True, 'hideInMock': False, 'siteAddedListingNote': False, 'aisleListingNoteWithSplit': False, 'listingNoteDescriptionContentId': 3338095, 'formattedListingNoteDescription': ""You'll have an unrestricted view of the show.""}]","[{'listingNoteBucketId': 27, 'formattedListingNoteContent': 'Clear view', 'displayOrder': 8, 'showsRawNoteText': True, 'sourceListingNoteId': -1}]",2113790,False,False,Row 25,False,1596346,"¥1,596,346","¥1,596,346",10,Mobile Transfer ticket,3,1,USD,JPY,4000.0,USD,"https://img.vggcdn.net/img/vfsimage2/812551/407_122917/0.jpg?im=Resize=(500,271)&v=771",3 hours ago,7,False,False,False,False,uSAN43uU9I5sgxmPgGDPnq4w320L55IRC%2bIQ%2fmROA9o%3d,False,2026-07-18T01:57:06.2900000Z,False,False,False,False,False,False,0,False,[7],False,False,False,False,0,False,False,0,13388078820,False,810BF7A6-EB78-45CF-B8B3-28B3387F7F79,False,False,True,3,6.643739150093334,0.7269352183,,,,,"[{'message': 'Popular Pick', 'qualifier': '6 tickets sold for this event', 'hasValue': True, 'messageType': 'BoughtInLastHourSocialProofBased'}]",[],,,,Last ticket,True,,,,,,,,,,,
13387139253,153020449,319,122912,319,2,14,9_9,9,9,9,False,False,1,,False,False,[1],407,Upper,1,True,"[{'listingNoteId': -1, 'listingNoteContentId': 3338094, 'formattedListingNoteContent': 'Clear view', 'listingNoteTypeId': 3, 'showToBuyer': True, 'hideInMock': False, 'siteAddedListingNote': False, 'aisleListingNoteWithSplit': False, 'listingNoteDescriptionContentId': 3338095, 'formattedListingNoteDescription': ""You'll have an unrestricted view of the show.""}]","[{'listingNoteBucketId': 27, 'formattedListingNoteContent': 'Clear view', 'displayOrder': 8, 'showsRawNoteText': True, 'sourceListingNoteId': -1}]",703927,False,False,Row 14,False,1597064,"¥1,597,064","¥1,597,064",10,Mobile Transfer ticket,3,1,USD,JPY,0.0,USD,"https://img.vggcdn.net/img/vfsimage2/812551/407_122912/0.jpg?im=Resize=(500,271)&v=771",5 hours ago,7,False,False,False,False,hcWr0E0G0kk3aYdx3lrbuyX6hSTk5roSZ0ZorHll5vI%3d,False,2026-07-17T23:11:03.1370000Z,False,False,False,False,False,False,0,False,,False,False,False,False,0,False,False,0,13387139253,False,E6A1B782-587B-4EC1-82DE-288BE5AC36F6,False,False,True,4,7.161251013343087,0.7751677852,,,,,"[{'message': 'Great Value', 'qualifier': 'Based on price, view, seat quality and more', 'hasValue': True, 'messageType': 'ValueBased'}, {'message': 'Popular Pick', 'qualifier': '6 tickets sold for this event', 'hasValue': True, 'messageType': 'BoughtInLastHourSocialProofBased'}]",[],,,,,,,,,,,,,,,,
13388100640,153020449,349,122942,349,2,17,13_13,13,13,13,False,False,1,,False,False,[1],407,Upper,1,True,"[{'listingNoteId': -1, 'listingNoteContentId': 3338094, 'formattedListingNoteContent': 'Clear view', 'listingNoteTypeId': 3, 'showToBuyer': True, 'hideInMock': False, 'siteAddedListingNote': False, 'aisleListingNoteWithSplit': False, 'listingNoteDescriptionContentId': 3338095, 'formattedListingNoteDescription': ""You'll have an unrestricted view of the show.""}]","[{'listingNoteBucketId': 27, 'formattedListingNoteContent': 'Clear view', 'displayOrder': 8, 'showsRawNoteText': True, 'sourceListingNoteId': -1}]",2114021,False,False,Row 17,False,1597064,"¥1,597,064","¥1,597,064",10,Mobile Transfer ticket,3,1,USD,JPY,,USD,"https://img.vggcdn.net/img/vfsimage2/812551/407_122942/0.jpg?im=Resize=(500,271)&v=771",2 hours ago,7,False,False,False,False,hcWr0E0G0kk3aYdx3lrbuyX6hSTk5roSZ0ZorHll5vI%3d,False,2026-07-18T02:03:33.4600000Z,False,False,False,True,False,False,0,False,[6],False,False,False,False,0,False,False,0,13388100640,False,7626624F-BAF6-419A-B1CA-6AC528108FA5,False,False,True,3,6.982846299512608,0.7592844362,,,,,"[{'message': 'Popular Pick', 'qualifier': '6 tickets sold for this event', 'hasValue': True, 'messageType': 'BoughtInLastHourSocialProofBased'}]",[],Fan favorite,This section is in the top 10% of sections for this event when ranked based on a count of successful sales over the past 7 days on our site,True,,,,,,,,,,,,,
13387500802,153020449,331,122924,331,2,24,28_28,28,28,28,False,False,1,,False,False,[1],407,Upper,1,True,"[{'listingNoteId': -1, 'listingNoteContentId': 3338094, 'formattedListingNoteContent': 'Clear view', 'listingNoteTypeId': 3, 'showToBuyer': True, 'hideInMock': False, 'siteAddedListingNote': False, 'aisleListingNoteWithSplit': False, 'listingNoteDescriptionContentId': 3338095, 'formattedListingNoteDescription': ""You'll have an unrestricted view of the show.""}]","[{'listingNoteBucketId': 27, 'formattedListingNoteContent': 'Clear view', 'displayOrder': 8, 'showsRawNoteText': True, 'sourceListingNoteId': -1}]",2113939,False,False,Row 24,False,1597064,"¥1,597,064","¥1,597,064",10,Mobile Transfer ticket,3,1,USD,JPY,0.0,USD,"https://img.vggcdn.net/img/vfsimage2/812551/407_122924/0.jpg?im=Resize=(500,271)&v=771",5 hours ago,7,False,False,False,False,hcWr0E0G0kk3aYdx3lrbuyX6hSTk5roSZ0ZorHll5vI%3d,False,2026-07-17T23:52:41.3300000Z,False,False,False,False,False,False,0,False,,False,False,False,False,0,False,False,0,13387500802,False,684B1E49-3CD5-4DFB-97E0-C34190CD2832,False,False,True,3,6.658237661607621,0.7285758278,,,,,"[{'message': 'Popular Pick', 'qualifier': '6 tickets sold for this event', 'hasValue': True, 'messageType': 'BoughtInLastHourSocialProofBased'}]",[],,,,,,"¥2,018,730",21.0,"¥421,666",,,,,,,,
13384737142,153020449,311,122904,311,2,24,2_2,2,2,2,False,False,1,,False,False,[1],407,Upper,1,True,"[{'listingNoteId': -1, 'listingNoteContentId': 3338094, 'formattedListingNoteContent': 'Clear view', 'listingNoteTypeId': 3, 'showToBuyer': True, 'hideInMock': False, 'siteAddedListingNote': False, 'aisleListingNoteWithSplit': False, 'listingNoteDescriptionContentId': 3338095, 'formattedListingNoteDescription': ""You'll have an unrestricted view of the show.""}]","[{'listingNoteBucketId': 27, 'formattedListingNoteContent': 'Clear view', 'displayOrder': 8, 'showsRawNoteText': True, 'sourceListingNoteId': -1}]",703761,False,False,Row 24,False,1597064,"¥1,597,064","¥1,597,064",10,Mobile Transfer ticket,3,1,USD,JPY,,USD,"https://img.vggcdn.net/img/vfsimage2/812551/407_122904/0.jpg?im=Resize=(500,271)&v=771",11 hours ago,5,False,False,False,False,hcWr0E0G0kk3aYdx3lrbuyX6hSTk5roSZ0ZorHll5vI%3d,False,2026-07-17T17:46:30.9170000Z,False,False,False,False,False,False,0,False,,False,False,False,False,0,False,False,0,13384737142,False,2166216D-0FA4-4067-B1F9-89E8868D363D,False,False,True,2,4.950243481433535,0.5990306855,,,,,"[{'message': 'Popular Pick', 'qualifier': '6 tickets sold for this event', 'hasValue': True, 'messageType': 'BoughtInLastHourSocialProofBased'}]",[],,,,,,,,,,,,,,,,
13359542655,153020449,307,122900,307,2,21,_,,,,False,False,1,,False,False,[1],407,Upper,1,True,"[{'listingNoteId': -1, 'listingNoteContentId': 3338094, 'formattedListingNoteContent': 'Clear view', 'listingNoteTypeId': 3, 'showToBuyer': True, 'hideInMock': False, 'siteAddedListingNote': False, 'aisleListingNoteWithSplit': False, 'listingNoteDescriptionContentId': 3338095, 'formattedListingNoteDescription': ""You'll have an unrestricted view of the show.""}]","[{'listingNoteBucketId': 27, 'formattedListingNoteContent': 'Clear view', 'displayOrder': 8, 'showsRawNoteText': True, 'sourceListingNoteId': -1}]",703670,False,False,Row 21,False,1606176,"¥1,606,176","¥1,606,176",10,Mobile Transfer ticket,3,1,EUR,JPY,5000.0,EUR,"https://img.vggcdn.net/img/vfsimage2/812551/407_122900/0.jpg?im=Resize=(500,271)&v=771",2 days ago,9,False,False,False,False,2%2bSUbCwunDlnJVgt5bQkDoFhzEApUP4cCxdR1tO%2bNz4%3d,False,2026-07-15T11:10:48.5970000Z,False,False,False,False,False,False,0,False,,False,False,False,False,0,False,False,0,13359542655,False,19D9B357-26DE-4711-9E69-35392351CE5B,False,False,True,5,8.664223545788756,0.9539744087,,,,,"[{'message': 'Amazing Value', 'qualifier': 'Based on price, view, seat quality and more', 'hasValue': True, 'messageType': 'ValueBased'}, {'message': 'Popular Pick', 'qualifier': '6 tickets sold for this event', 'hasValue': True, 'messageType': 'BoughtInLastHourSocialProofBased'}]",[],,,,,,,,,,,,,,,,
13346407517,153020449,303,122896,303,2,25,_,,,,False,False,2,,False,False,"[1, 2]",407,Upper,2,True,"[{'listingNoteId': -1, 'listingNoteContentId': 3338094, 'formattedListingNoteContent': 'Clear view', 'listingNoteTypeId': 3, 'showToBuyer': True, 'hideInMock': False, 'siteAddedListingNote': False, 'aisleListingNoteWithSplit': False, 'listingNoteDescriptionContentId': 3338095, 'formattedListingNoteDescription': ""You'll have an unrestricted view of the show.""}]","[{'listingNoteBucketId': 27, 'formattedListingNoteContent': 'Clear view', 'displayOrder': 8, 'showsRawNoteText': True, 'sourceListingNoteId': -1}]",2113634,False,False,Row 25,False,1606176,"¥1,606,176","¥1,606,176",10,Mobile Transfer ticket,3,1,EUR,JPY,3350.0,EUR,"https://img.vggcdn.net/img/vfsimage2/812551/407_122896/0.jpg?im=Resize=(500,271)&v=771",4 days ago,7,False,False,False,False,2%2bSUbCwunDlnJVgt5bQkDoFhzEApUP4cCxdR1tO%2bNz4%3d,False,2026-07-14T00:59:39.5300000Z,False,False,False,False,False,False,0,False,,False,False,False,False,0,False,False,0,13346407517,False,214417D8-9D94-4C1C-873C-873EA01DDE92,False,False,True,3,6.511832156846209,0.7196045196,,,,,"[{'message': 'Popular Pick', 'qualifier': '6 tickets sold for this event', 'hasValue': True, 'messageType': 'BoughtInLastHourSocialProofBased'}]",[],,,,,,,,,,,,,,,,
13359582655,153020449,322,122915,322,2,24,_,,,,False,False,1,,False,False,[1],407,Upper,1,True,"[{'listingNoteId': -1, 'listingNoteContentId': 3338094, 'formattedListingNoteContent': 'Clear view', 'listingNoteTypeId': 3, 'showToBuyer': True, 'hideInMock': False, 'siteAddedListingNote': False, 'aisleListingNoteWithSplit': False, 'listingNoteDescriptionContentId': 3338095, 'formattedListingNoteDescription': ""You'll have an unrestricted view of the show.""}]","[{'listingNoteBucketId': 27, 'formattedListingNoteContent': 'Clear view', 'displayOrder': 8, 'showsRawNoteText': True, 'sourceListingNoteId': -1}]",2113745,False,False,Row 24,False,1606176,"¥1,606,176","¥1,606,176",10,Mobile Transfer ticket,3,1,EUR,JPY,5000.0,EUR,"https://img.vggcdn.net/img/vfsimage2/812551/407_122915/0.jpg?im=Resize=(500,271)&v=771",2 days ago,7,False,False,False,False,2%2bSUbCwunDlnJVgt5bQkDoFhzEApUP4cCxdR1tO%2bNz4%3d,False,2026-07-15T11:15:19.8870000Z,False,False,False,True,False,False,0,False,[6],False,False,False,False,0,False,False,0,13359582655,False,60DB7E5B-A41B-4757-BF75-DE837C1457AC,False,False,True,3,6.530029978673211,0.7212105425,,,,,"[{'message': 'Popular Pick', 'qualifier': '6 tickets sold for this event', 'hasValue': True, 'messageType': 'BoughtInLastHourSocialProofBased'}]",[],Fan favorite,This section has the highest count of successful sales for this event over the past 7 days on our site,True,,,,,,,,,,,,,
13388581119,153020449,307,122900,307,2,15,_,,,,False,False,4,,False,False,"[1, 2, 3, 4]",407,Upper,4,True,"[{'listingNoteId': -1, 'listingNoteContentId': 3338094, 'formattedListingNoteContent': 'Clear view', 'listingNoteTypeId': 3, 'showToBuyer': True, 'hideInMock': False, 'siteAddedListingNote': False, 'aisleListingNoteWithSplit': False, 'listingNoteDescriptionContentId': 3338095, 'formattedListingNoteDescription': ""You'll have an unrestricted view of the show.""}]","[{'listingNoteBucketId': 27, 'formattedListingNoteContent': 'Clear view', 'displayOrder': 8, 'showsRawNoteText': True, 'sourceListingNoteId': -1}]",703664,False,False,Row 15,False,1622902,"¥1,622,902","¥1,622,902",10,Mobile Transfer ticket,3,1,EUR,JPY,5000.0,EUR,"https://img.vggcdn.net/img/vfsimage2/812551/407_122900/0.jpg?im=Resize=(500,271)&v=771",53 minutes ago,9,False,False,False,False,WNJFJIdMDEJsY9sJMZhnrmXtR8yRb6Zfks58uLB1mhs%3d,False,2026-07-18T04:08:45.2530000Z,False,False,False,False,False,False,0,False,,False,False,False,False,0,False,False,0,13388581119,False,FB609608-4781-4F23-90D6-5C447E7C7F8C,False,False,True,5,8.64828033043561,0.9605973662,,,,,"[{'message': 'Amazing Value', 'qualifier': 'Based on price, view, seat quality and more', 'hasValue': True, 'messageType': 'ValueBased'}, {'message': 'Popular Pick', 'qualifier': '6 tickets sold for this event', 'hasValue': True, 'messageType': 'BoughtInLastHourSocialProofBased'}]",[],,,,,,,,,,,,,,,,
13376916350,153020449,Upper,1546670,Upper,3,,_,,,,False,False,1,,False,False,[1],407,Upper,1,True,"[{'listingNoteId': -1, 'listingNoteContentId': 3338094, 'formattedListingNoteContent': 'Clear view', 'listingNoteTypeId': 3, 'showToBuyer': True, 'hideInMock': False, 'siteAddedListingNote': False, 'aisleListingNoteWithSplit': False, 'listingNoteDescriptionContentId': 3338095, 'formattedListingNoteDescription': ""You'll have an unrestricted view of the show.""}]","[{'listingNoteBucketId': 27, 'formattedListingNoteContent': 'Clear view', 'displayOrder': 8, 'showsRawNoteText': True, 'sourceListingNoteId': -1}]",1641237,False,False,Row,True,1635664,"¥1,635,664","¥1,635,664",10,Mobile Transfer ticket,3,1,USD,JPY,,USD,"https://img.vggcdn.net/img/vfsimage2/812551/407_1546670/0.jpg?im=Resize=(500,271)&v=771",yesterday,0,False,False,True,True,k%2borcJvhgYnlb5qYku3DExDKqHgXpTSxx1J9uyvJAoY%3d,False,2026-07-16T22:05:13.2800000Z,False,False,False,False,False,False,0,False,[7],False,False,False,False,0,False,False,0,13376916350,False,3E4D7836-9A31-4D23-80E8-196F1491C77C,False,False,True,0,,,,,,,"[{'message': 'Popular Pick', 'qualifier': '6 tickets sold for this event', 'hasValue': True, 'messageType': 'BoughtInLastHourSocialProofBased'}]",[],,,,Last ticket,True,,,,,,,,,,,
13364569078,153020449,306,122899,306,2,15,12_15,,,12,False,False,4,,False,False,"[1, 2, 3, 4]",407,Upper,4,True,"[{'listingNoteId': -1, 'listingNoteContentId': 3338094, 'formattedListingNoteContent': 'Clear view', 'listingNoteTypeId': 3, 'showToBuyer': True, 'hideInMock': False, 'siteAddedListingNote': False, 'aisleListingNoteWithSplit': False, 'listingNoteDescriptionContentId': 3338095, 'formattedListingNoteDescription': ""You'll have an unrestricted view of the show.""}]","[{'listingNoteBucketId': 27, 'formattedListingNoteContent': 'Clear view', 'displayOrder': 8, 'showsRawNoteText': True, 'sourceListingNoteId': -1}]",2113690,False,False,Row 15,False,1638574,"¥1,638,574","¥1,638,574",10,Mobile Transfer ticket,3,1,GBP,JPY,4335.0,GBP,"https://img.vggcdn.net/img/vfsimage2/812551/407_122899/0.jpg?im=Resize=(500,271)&v=771",2 days ago,7,False,False,False,False,CFRDaVvfXQNSpaoaY%2b9%2bK44SJ2MIyaD2hG6zFjd4Eu0%3d,False,2026-07-15T22:36:59.5500000Z,False,False,False,True,False,False,0,False,[6],False,False,False,False,0,False,False,0,13364569078,False,58F8C7D8-1FF3-43CB-A404-4AF1D066B680,False,False,True,3,6.788718358499711,0.7598700443,,,,,"[{'message': 'Popular Pick', 'qualifier': '6 tickets sold for this event', 'hasValue': True, 'messageType': 'BoughtInLastHourSocialProofBased'}]",[],Fan favorite,This section is in the top 10% of sections for this event when ranked based on a count of successful sales over the past 7 days on our site,True,Last tickets,True,,,,[7],,,,,,,
13387808472,153020449,327,122920,327,2,19,24_24,24,24,24,False,False,1,,False,False,[1],407,Upper,1,True,"[{'listingNoteId': -1, 'listingNoteContentId': 3338094, 'formattedListingNoteContent': 'Clear view', 'listingNoteTypeId': 3, 'showToBuyer': True, 'hideInMock': False, 'siteAddedListingNote': False, 'aisleListingNoteWithSplit': False, 'listingNoteDescriptionContentId': 3338095, 'formattedListingNoteDescription': ""You'll have an unrestricted view of the show.""}]","[{'listingNoteBucketId': 27, 'formattedListingNoteContent': 'Clear view', 'displayOrder': 8, 'showsRawNoteText': True, 'sourceListingNoteId': -1}]",2113850,False,False,Row 19,False,1667245,"¥1,667,245","¥1,667,245",10,Mobile Transfer ticket,3,1,USD,JPY,1000.0,USD,"https://img.vggcdn.net/img/vfsimage2/812551/407_122920/0.jpg?im=Resize=(500,271)&v=771",4 hours ago,7,False,False,False,False,oLL2OxkHRIPD37ZnryBHRl%2fhfkXTqeL9mCQ5eYRyzxk%3d,False,2026-07-18T00:57:33.0300000Z,False,False,False,False,False,False,0,False,,False,False,False,False,0,False,False,0,13387808472,False,FC315A17-C88E-4F2E-9009-EBE3B6A92DC8,False,False,True,3,6.760179076536829,0.7703844537,,,,,"[{'message': 'Popular Pick', 'qualifier': '6 tickets sold for this event', 'hasValue': True, 'messageType': 'BoughtInLastHourSocialProofBased'}]",[],,,,,,,,,,,,,,,,
13358903655,153020449,Category 3,1989401,Category 3,3,,_,,,,False,False,5,,False,False,"[1, 2, 3, 5]",1247,Category 3,5,True,"[{'listingNoteId': 2309, 'listingNoteContentId': 4186652, 'formattedListingNoteContent': 'Spain Supporters Seats', 'listingNoteTypeId': 4, 'showToBuyer': True, 'hideInMock': False, 'siteAddedListingNote': False, 'aisleListingNoteWithSplit': False, 'listingNoteDescriptionContentId': 4186653, 'formattedListingNoteDescription': 'Spain Supporters Seats'}, {'listingNoteId': -1, 'listingNoteContentId': 3338094, 'formattedListingNoteContent': 'Clear view', 'listingNoteTypeId': 3, 'showToBuyer': True, 'hideInMock': False, 'siteAddedListingNote': False, 'aisleListingNoteWithSplit': False, 'listingNoteDescriptionContentId': 3338095, 'formattedListingNoteDescription': ""You'll have an unrestricted view of the show.""}]","[{'listingNoteBucketId': 0, 'formattedListingNoteContent': 'Spain Supporters Seats', 'displayOrder': 30, 'showsRawNoteText': True, 'sourceListingNoteId': 2309}, {'listingNoteBucketId': 27, 'formattedListingNoteContent': 'Clear view', 'displayOrder': 8, 'showsRawNoteText': True, 'sourceListingNoteId': -1}]",3325460,False,False,Row,True,1673081,"¥1,673,081","¥1,673,081",10,Mobile Transfer ticket,3,1,EUR,JPY,1000.0,EUR,"https://img.vggcdn.net/img/vfsimage2/812551/1247_1989401/0.jpg?im=Resize=(500,271)&v=771",2 days ago,10,False,False,True,False,wVsjAi3OQ4gsPUZUNhOMm3x%2b5inYcNTShVWVi34Mdsg%3d,False,2026-07-15T09:14:18.7130000Z,False,False,False,False,False,False,0,False,[7],False,False,False,False,0,False,False,0,13358903655,False,753B9E55-13C1-44FD-8CB5-75914591F99A,False,False,True,5,9.633157629932494,1.25740229,,,,,"[{'message': 'Amazing Value', 'qualifier': 'Based on price, view, seat quality and more', 'hasValue': True, 'messageType': 'ValueBased'}, {'message': 'Popular Pick', 'qualifier': '6 tickets sold for this event', 'hasValue': True, 'messageType': 'BoughtInLastHourSocialProofBased'}]",[],,,,Last tickets,True,"¥2,220,456",25.0,"¥547,375",,,,,,,,
13371490033,153020449,322,122915,322,2,7,13_13,13,13,13,False,False,1,,False,False,[1],407,Upper,1,True,"[{'listingNoteId': 2027, 'listingNoteContentId': 3415845, 'formattedListingNoteContent': 'Third Row of Section', 'listingNoteTypeId': 6, 'showToBuyer': True, 'hideInMock': False, 'siteAddedListingNote': False, 'aisleListingNoteWithSplit': False, 'listingNoteDescriptionContentId': 3415845, 'formattedListingNoteDescription': 'Third Row of Section'}, {'listingNoteId': -1, 'listingNoteContentId': 3338094, 'formattedListingNoteContent': 'Clear view', 'listingNoteTypeId': 3, 'showToBuyer': True, 'hideInMock': False, 'siteAddedListingNote': False, 'aisleListingNoteWithSplit': False, 'listingNoteDescriptionContentId': 3338095, 'formattedListingNoteDescription': ""You'll have an unrestricted view of the show.""}]","[{'listingNoteBucketId': 14, 'formattedListingNoteContent': 'Third Row of Section', 'displayOrder': 14, 'showsRawNoteText': True, 'sourceListingNoteId': 2027}, {'listingNoteBucketId': 27, 'formattedListingNoteContent': 'Clear view', 'displayOrder': 8, 'showsRawNoteText': True, 'sourceListingNoteId': -1}]",2113750,False,False,Row 7,False,1684790,"¥1,684,790","¥1,684,790",10,Mobile Transfer ticket,3,1,USD,JPY,,USD,"https://img.vggcdn.net/img/vfsimage2/812551/407_122915/0.jpg?im=Resize=(500,271)&v=771",yesterday,7,False,False,False,False,ZOytFfAxbEiqPm6xFTWQ9tMOfS9jLqFY1tVTvIxFVKI%3d,False,2026-07-16T11:59:30.4600000Z,False,False,False,True,False,False,0,False,[6],False,False,False,False,0,False,False,0,13371490033,False,5AFFE06C-51C8-4635-9A2C-BB1786EE2D3F,False,False,True,3,6.789089380571147,0.781344551,,,,,"[{'message': 'Popular Pick', 'qualifier': '6 tickets sold for this event', 'hasValue': True, 'messageType': 'BoughtInLastHourSocialProofBased'}, {'message': 'Third Row', 'qualifier': 'Excellent proximity to the action', 'hasValue': True, 'messageType': 'ThirdRowTicketAttributeBased'}]",[2027],Fan favorite,This section has the highest count of successful sales for this event over the past 7 days on our site,True,,,,,,,,,,,,,
13387028817,153020449,348,122941,348,2,25,24_24,24,24,24,False,False,1,,False,False,[1],407,Upper,1,True,"[{'listingNoteId': -1, 'listingNoteContentId': 3338094, 'formattedListingNoteContent': 'Clear view', 'listingNoteTypeId': 3, 'showToBuyer': True, 'hideInMock': False, 'siteAddedListingNote': False, 'aisleListingNoteWithSplit': False, 'listingNoteDescriptionContentId': 3338095, 'formattedListingNoteDescription': ""You'll have an unrestricted view of the show.""}]","[{'listingNoteBucketId': 27, 'formattedListingNoteContent': 'Clear view', 'displayOrder': 8, 'showsRawNoteText': True, 'sourceListingNoteId': -1}]",2114007,False,False,Row 25,False,1702336,"¥1,702,336","¥1,702,336",10,Mobile Transfer ticket,3,1,USD,JPY,0.0,USD,"https://img.vggcdn.net/img/vfsimage2/812551/407_122941/0.jpg?im=Resize=(500,271)&v=771",6 hours ago,6,False,False,False,False,8%2bxI8D0GCs2nR2u0tpLc0hl9WWYhMgLdKYogSjzdvTI%3d,False,2026-07-17T23:00:03.2300000Z,False,False,False,False,False,False,0,False,,False,False,False,False,0,False,False,0,13387028817,False,7E918AC7-FAC3-48CD-B661-AA8AF7DD9580,False,False,True,3,6.091434785048375,0.7253820817,,,,,"[{'message': 'Popular Pick', 'qualifier': '6 tickets sold for this event', 'hasValue': True, 'messageType': 'BoughtInLastHourSocialProofBased'}]",[],,,,,,,,,,,,,,,,
13385721960,153020449,328,122921,328,2,12,_,,,,False,False,1,,False,False,[1],407,Upper,1,True,"[{'listingNoteId': -1, 'listingNoteContentId': 3338094, 'formattedListingNoteContent': 'Clear view', 'listingNoteTypeId': 3, 'showToBuyer': True, 'hideInMock': False, 'siteAddedListingNote': False, 'aisleListingNoteWithSplit': False, 'listingNoteDescriptionContentId': 3338095, 'formattedListingNoteDescription': ""You'll have an unrestricted view of the show.""}]","[{'listingNoteBucketId': 27, 'formattedListingNoteContent': 'Clear view', 'displayOrder': 8, 'showsRawNoteText': True, 'sourceListingNoteId': -1}]",2113863,False,False,Row 12,False,1704285,"¥1,704,285","¥1,704,285",10,Mobile Transfer ticket,3,1,USD,JPY,5785.0,USD,"https://img.vggcdn.net/img/vfsimage2/812551/407_122921/0.jpg?im=Resize=(500,271)&v=771",9 hours ago,7,False,False,False,False,9PX0qdi3SN4mRo2tKBHc5HcHHZ57GaFIQrXeN1UkN9c%3d,False,2026-07-17T19:51:08.2830000Z,False,False,False,True,False,False,0,False,[6],False,False,False,False,0,False,False,0,13385721960,False,402E823B-D9CC-4913-B9FD-F82684612B71,False,False,True,3,6.559079243776267,0.7680119131,,,,,"[{'message': 'Popular Pick', 'qualifier': '6 tickets sold for this event', 'hasValue': True, 'messageType': 'BoughtInLastHourSocialProofBased'}]",[],Fan favorite,This section is in the top 10% of sections for this event when ranked based on a count of successful sales over the past 7 days on our site,True,,,,,,,,,,,,,
13387762186,153020449,321,122914,321,2,17,_,,,,False,False,2,,False,False,"[1, 2]",407,Upper,2,True,"[{'listingNoteId': -1, 'listingNoteContentId': 3338094, 'formattedListingNoteContent': 'Clear view', 'listingNoteTypeId': 3, 'showToBuyer': True, 'hideInMock': False, 'siteAddedListingNote': False, 'aisleListingNoteWithSplit': False, 'listingNoteDescriptionContentId': 3338095, 'formattedListingNoteDescription': ""You'll have an unrestricted view of the show.""}]","[{'listingNoteBucketId': 27, 'formattedListingNoteContent': 'Clear view', 'displayOrder': 8, 'showsRawNoteText': True, 'sourceListingNoteId': -1}]",2113716,False,False,Row 17,False,1704285,"¥1,704,285","¥1,704,285",10,Mobile Transfer ticket,3,1,USD,JPY,2600.0,USD,"https://img.vggcdn.net/img/vfsimage2/812551/407_122914/0.jpg?im=Resize=(500,271)&v=771",4 hours ago,6,False,False,False,False,9PX0qdi3SN4mRo2tKBHc5HcHHZ57GaFIQrXeN1UkN9c%3d,False,2026-07-18T00:48:16.9930000Z,False,False,False,True,False,False,0,False,[6],False,False,False,False,0,False,False,0,13387762186,False,161B1976-D364-4C1E-B7B6-243A6A6B7BC6,False,False,True,3,6.006430208405396,0.7190986817,,,,,"[{'message': 'Popular Pick', 'qualifier': '6 tickets sold for this event', 'hasValue': True, 'messageType': 'BoughtInLastHourSocialProofBased'}]",[],Fan favorite,This section is in the top 10% of sections for this event when ranked based on a count of successful sales over the past 7 days on our site,True,Last tickets,True,,,,[7],,,,,,,
13345545577,153020449,325,122918,325,2,25,_,,,,False,False,4,,False,False,"[1, 2, 4]",407,Upper,4,True,"[{'listingNoteId': -1, 'listingNoteContentId': 3338094, 'formattedListingNoteContent': 'Clear view', 'listingNoteTypeId': 3, 'showToBuyer': True, 'hideInMock': False, 'siteAddedListingNote': False, 'aisleListingNoteWithSplit': False, 'listingNoteDescriptionContentId': 3338095, 'formattedListingNoteDescription': ""You'll have an unrestricted view of the show.""}]","[{'listingNoteBucketId': 27, 'formattedListingNoteContent': 'Clear view', 'displayOrder': 8, 'showsRawNoteText': True, 'sourceListingNoteId': -1}]",2113812,False,False,Row 25,False,1704645,"¥1,704,645","¥1,704,645",10,Mobile Transfer ticket,3,1,GBP,JPY,3000.0,GBP,"https://img.vggcdn.net/img/vfsimage2/812551/407_122918/0.jpg?im=Resize=(500,271)&v=771",4 days ago,7,False,False,False,False,Rs47K6F3p4ePnzUpE4FmsHZgWvyy9Q%2b0n9lx%2fgj%2fQbM%3d,False,2026-07-13T21:22:58.8800000Z,False,False,False,False,False,False,0,False,[7],False,False,False,False,0,False,False,0,13345545577,False,69C3AB3B-0F47-424B-A218-2B3D331FA20D,False,False,True,3,6.503769971661606,0.7629807491,,,,,"[{'message': 'Popular Pick', 'qualifier': '6 tickets sold for this event', 'hasValue': True, 'messageType': 'BoughtInLastHourSocialProofBased'}]",[],,,,Last tickets,True,,,,,,,,,,,
13342036877,153020449,204,122837,204,2,10,_,,,,False,False,1,,False,False,[1],471,Middle,1,True,"[{'listingNoteId': -1, 'listingNoteContentId': 3338094, 'formattedListingNoteContent': 'Clear view', 'listingNoteTypeId': 3, 'showToBuyer': True, 'hideInMock': False, 'siteAddedListingNote': False, 'aisleListingNoteWithSplit': False, 'listingNoteDescriptionContentId': 3338095, 'formattedListingNoteDescription': ""You'll have an unrestricted view of the show.""}]","[{'listingNoteBucketId': 27, 'formattedListingNoteContent': 'Clear view', 'displayOrder': 8, 'showsRawNoteText': True, 'sourceListingNoteId': -1}]",702762,False,False,Row 10,False,1710125,"¥1,710,125","¥1,710,125",10,Mobile Transfer ticket,3,1,HKD,JPY,59040.0,HKD,"https://img.vggcdn.net/img/vfsimage2/812551/471_122837/0.jpg?im=Resize=(500,271)&v=771",5 days ago,8,False,False,False,False,AW5rOxqBaKGDbBM5qNFHKOOwbzuTM4ioseSrfBON2kE%3d,False,2026-07-13T04:27:49.1270000Z,False,False,False,False,False,False,0,False,,False,False,False,False,0,False,False,0,13342036877,False,30DBD7E9-F2D4-4803-AF27-7E8AB77D9F9F,False,False,True,4,8.04539763844368,0.9234547256,,,,,"[{'message': 'Great Value', 'qualifier': 'Based on price, view, seat quality and more', 'hasValue': True, 'messageType': 'ValueBased'}, {'message': 'Popular Pick', 'qualifier': '6 tickets sold for this event', 'hasValue': True, 'messageType': 'BoughtInLastHourSocialProofBased'}]",[],,,,,,"¥2,686,505",36.0,"¥976,380",,,,,,,,
13255595229,153020449,329,122922,329,2,26,16_16,16,16,16,False,False,1,,False,False,[1],407,Upper,1,True,"[{'listingNoteId': -1, 'listingNoteContentId': 3338094, 'formattedListingNoteContent': 'Clear view', 'listingNoteTypeId': 3, 'showToBuyer': True, 'hideInMock': False, 'siteAddedListingNote': False, 'aisleListingNoteWithSplit': False, 'listingNoteDescriptionContentId': 3338095, 'formattedListingNoteDescription': ""You'll have an unrestricted view of the show.""}]","[{'listingNoteBucketId': 27, 'formattedListingNoteContent': 'Clear view', 'displayOrder': 8, 'showsRawNoteText': True, 'sourceListingNoteId': -1}]",2113899,False,False,Row 26,False,1710231,"¥1,710,231","¥1,710,231",10,Mobile Transfer ticket,3,1,USD,JPY,,USD,"https://img.vggcdn.net/img/vfsimage2/812551/407_122922/0.jpg?im=Resize=(500,271)&v=771",12 days ago,6,False,False,False,False,OZVaadgoWvo2ulN3NfwTmRRXSy38etpOl7qljr7YS6I%3d,False,2026-07-05T22:49:01.9100000Z,False,False,False,False,False,False,0,False,[7],False,False,False,False,0,False,False,0,13255595229,False,F297CFE9-2875-4D47-BAA8-741B6212009E,False,False,True,3,5.973713019342936,0.7188976532,,,,,"[{'message': 'Popular Pick', 'qualifier': '6 tickets sold for this event', 'hasValue': True, 'messageType': 'BoughtInLastHourSocialProofBased'}]",[],,,,Last ticket,True,"¥2,369,592",28.0,"¥659,361",,,,,,,,
13388397355,153020449,330,122923,330,2,17,_,,,,False,False,3,,False,False,"[1, 3]",407,Upper,3,True,"[{'listingNoteId': -1, 'listingNoteContentId': 3338094, 'formattedListingNoteContent': 'Clear view', 'listingNoteTypeId': 3, 'showToBuyer': True, 'hideInMock': False, 'siteAddedListingNote': False, 'aisleListingNoteWithSplit': False, 'listingNoteDescriptionContentId': 3338095, 'formattedListingNoteDescription': ""You'll have an unrestricted view of the show.""}]","[{'listingNoteBucketId': 27, 'formattedListingNoteContent': 'Clear view', 'displayOrder': 8, 'showsRawNoteText': True, 'sourceListingNoteId': -1}]",2113912,False,False,Row 17,False,1728286,"¥1,728,286","¥1,728,286",10,Mobile Transfer ticket,3,1,USD,JPY,5785.0,USD,"https://img.vggcdn.net/img/vfsimage2/812551/407_122923/0.jpg?im=Resize=(500,271)&v=771",an hour ago,7,False,False,False,False,x%2bPnxeAbP%2fpdkC%2f0Z%2b%2buFg6x2%2blQMeg%2bwxygVhRhFt4%3d,False,2026-07-18T03:25:19.1630000Z,False,False,False,False,False,False,0,False,,False,False,False,False,0,False,False,0,13388397355,False,FFEA37C4-6B0D-41B1-A209-A501B61508B3,False,False,True,3,6.745311512428414,0.7971018778,,,,,"[{'message': 'Popular Pick', 'qualifier': '6 tickets sold for this event', 'hasValue': True, 'messageType': 'BoughtInLastHourSocialProofBased'}]",[],,,,,,,,,,,,,,,,
13372654627,153020449,348,122941,348,2,22,26_26,26,26,26,False,False,1,,False,False,[1],407,Upper,1,True,"[{'listingNoteId': -1, 'listingNoteContentId': 3338094, 'formattedListingNoteContent': 'Clear view', 'listingNoteTypeId': 3, 'showToBuyer': True, 'hideInMock': False, 'siteAddedListingNote': False, 'aisleListingNoteWithSplit': False, 'listingNoteDescriptionContentId': 3338095, 'formattedListingNoteDescription': ""You'll have an unrestricted view of the show.""}]","[{'listingNoteBucketId': 27, 'formattedListingNoteContent': 'Clear view', 'displayOrder': 8, 'showsRawNoteText': True, 'sourceListingNoteId': -1}]",2114004,False,False,Row 22,False,1735477,"¥1,735,477","¥1,735,477",10,Mobile Transfer ticket,3,1,USD,JPY,5950.0,USD,"https://img.vggcdn.net/img/vfsimage2/812551/407_122941/0.jpg?im=Resize=(500,271)&v=771",yesterday,6,False,False,False,False,I4W4RcSUSJ3%2fmuvQEXJkuzE1BlPdJzXjYpMR%2fXqFll4%3d,False,2026-07-16T14:24:02.9370000Z,False,False,False,False,False,False,0,False,,False,False,False,False,0,False,False,0,13372654627,False,2D71A8B4-C200-41AB-9D6D-016BE4DB456C,False,False,True,3,6.043358329478365,0.7353925594,,,,,"[{'message': 'Popular Pick', 'qualifier': '6 tickets sold for this event', 'hasValue': True, 'messageType': 'BoughtInLastHourSocialProofBased'}]",[],,,,,,"¥2,843,502",39.0,"¥1,108,025",,,,,,,,
13388397347,153020449,347,122940,347,2,17,_,,,,False,False,3,,False,False,"[1, 3]",407,Upper,3,True,"[{'listingNoteId': -1, 'listingNoteContentId': 3338094, 'formattedListingNoteContent': 'Clear view', 'listingNoteTypeId': 3, 'showToBuyer': True, 'hideInMock': False, 'siteAddedListingNote': False, 'aisleListingNoteWithSplit': False, 'listingNoteDescriptionContentId': 3338095, 'formattedListingNoteDescription': ""You'll have an unrestricted view of the show.""}]","[{'listingNoteBucketId': 27, 'formattedListingNoteContent': 'Clear view', 'displayOrder': 8, 'showsRawNoteText': True, 'sourceListingNoteId': -1}]",2113977,False,False,Row 17,False,1736884,"¥1,736,884","¥1,736,884",10,Mobile Transfer ticket,3,1,USD,JPY,5785.0,USD,"https://img.vggcdn.net/img/vfsimage2/812551/407_122940/0.jpg?im=Resize=(500,271)&v=771",an hour ago,6,False,False,False,False,xr3blDuQ9PWHRXMdY8WcqrI202IdcKLDD8raAOO8oTw%3d,False,2026-07-18T03:25:19.0800000Z,False,False,False,False,False,False,0,False,,False,False,False,False,0,False,False,0,13388397347,False,71EFBFC7-AB46-4A27-924A-5BC29918907B,False,False,True,3,6.213627997236793,0.7507841208,,,,,"[{'message': 'Popular Pick', 'qualifier': '6 tickets sold for this event', 'hasValue': True, 'messageType': 'BoughtInLastHourSocialProofBased'}]",[],,,,,,,,,,,,,,,,
13388397361,153020449,349,122942,349,2,15,_,,,,False,False,3,,False,False,"[1, 3]",407,Upper,3,True,"[{'listingNoteId': -1, 'listingNoteContentId': 3338094, 'formattedListingNoteContent': 'Clear view', 'listingNoteTypeId': 3, 'showToBuyer': True, 'hideInMock': False, 'siteAddedListingNote': False, 'aisleListingNoteWithSplit': False, 'listingNoteDescriptionContentId': 3338095, 'formattedListingNoteDescription': ""You'll have an unrestricted view of the show.""}]","[{'listingNoteBucketId': 27, 'formattedListingNoteContent': 'Clear view', 'displayOrder': 8, 'showsRawNoteText': True, 'sourceListingNoteId': -1}]",2114019,False,False,Row 15,False,1754078,"¥1,754,078","¥1,754,078",10,Mobile Transfer ticket,3,1,USD,JPY,5785.0,USD,"https://img.vggcdn.net/img/vfsimage2/812551/407_122942/0.jpg?im=Resize=(500,271)&v=771",an hour ago,6,False,False,False,False,bOX2UynCUqTfcMR9GtpIBcforVfqjJrEW5amd6INx80%3d,False,2026-07-18T03:25:19.2230000Z,False,False,False,True,False,False,0,False,[6],False,False,False,False,0,False,False,0,13388397361,False,C8E4F038-6198-4316-9D0C-9F8FD71DA432,False,False,True,3,6.301804759272944,0.7661948835,,,,,"[{'message': 'Popular Pick', 'qualifier': '6 tickets sold for this event', 'hasValue': True, 'messageType': 'BoughtInLastHourSocialProofBased'}]",[],Fan favorite,This section is in the top 10% of sections for this event when ranked based on a count of successful sales over the past 7 days on our site,True,,,,,,,,,,,,,
13364433397,153020449,304,122897,304,2,5,3_3,3,3,3,False,False,1,,False,False,[1],407,Upper,1,True,"[{'listingNoteId': 2025, 'listingNoteContentId': 3415843, 'formattedListingNoteContent': 'Front Row of Section', 'listingNoteTypeId': 6, 'showToBuyer': True, 'hideInMock': False, 'siteAddedListingNote': False, 'aisleListingNoteWithSplit': False, 'listingNoteDescriptionContentId': 3415843, 'formattedListingNoteDescription': 'Front Row of Section'}, {'listingNoteId': -1, 'listingNoteContentId': 3338094, 'formattedListingNoteContent': 'Clear view', 'listingNoteTypeId': 3, 'showToBuyer': True, 'hideInMock': False, 'siteAddedListingNote': False, 'aisleListingNoteWithSplit': False, 'listingNoteDescriptionContentId': 3338095, 'formattedListingNoteDescription': ""You'll have an unrestricted view of the show.""}]","[{'listingNoteBucketId': 14, 'formattedListingNoteContent': 'Front Row of Section', 'displayOrder': 14, 'showsRawNoteText': True, 'sourceListingNoteId': 2025}, {'listingNoteBucketId': 27, 'formattedListingNoteContent': 'Clear view', 'displayOrder': 8, 'showsRawNoteText': True, 'sourceListingNoteId': -1}]",2113658,False,False,Row 5,False,1754971,"¥1,754,971","¥1,754,971",10,Mobile Transfer ticket,3,1,USD,JPY,,USD,"https://img.vggcdn.net/img/vfsimage2/812551/407_122897/0.jpg?im=Resize=(500,271)&v=771",2 days ago,7,False,False,False,False,I4W4RcSUSJ3%2fmuvQEXJkuzE1BlPdJzXjYpMR%2fXqFll4%3d,False,2026-07-15T22:02:03.6100000Z,False,False,False,False,False,False,0,False,[7],False,False,False,False,0,False,False,0,13364433397,False,C1FF3494-6B37-44B6-883B-F0C2C6A51789,False,False,True,3,6.603090553142916,0.7951665512,,,,,"[{'message': 'Popular Pick', 'qualifier': '6 tickets sold for this event', 'hasValue': True, 'messageType': 'BoughtInLastHourSocialProofBased'}, {'message': 'Front Row', 'qualifier': 'Best seats in the house', 'hasValue': True, 'messageType': 'FirstRowTicketAttributeBased'}]",[2025],,,,Last ticket,True,,,,,,,,,,,
13339886644,153020449,315,122908,315,2,24,19_19,19,19,19,False,False,1,,False,False,[1],407,Upper,1,True,"[{'listingNoteId': -1, 'listingNoteContentId': 3338094, 'formattedListingNoteContent': 'Clear view', 'listingNoteTypeId': 3, 'showToBuyer': True, 'hideInMock': False, 'siteAddedListingNote': False, 'aisleListingNoteWithSplit': False, 'listingNoteDescriptionContentId': 3338095, 'formattedListingNoteDescription': ""You'll have an unrestricted view of the show.""}]","[{'listingNoteBucketId': 27, 'formattedListingNoteContent': 'Clear view', 'displayOrder': 8, 'showsRawNoteText': True, 'sourceListingNoteId': -1}]",703849,False,False,Row 24,False,1754971,"¥1,754,971","¥1,754,971",10,Mobile Transfer ticket,3,1,USD,JPY,7350.0,USD,"https://img.vggcdn.net/img/vfsimage2/812551/407_122908/0.jpg?im=Resize=(500,271)&v=771",5 days ago,4,False,False,False,False,I4W4RcSUSJ3%2fmuvQEXJkuzE1BlPdJzXjYpMR%2fXqFll4%3d,False,2026-07-12T21:23:20.9400000Z,False,False,False,False,False,False,0,False,[7],False,False,False,False,0,False,False,0,13339886644,False,5CA4E7D7-D9C2-4658-BC4D-63B14EE4EB2E,False,False,True,2,4.326759618594873,0.5982882089,,,,,"[{'message': 'Popular Pick', 'qualifier': '6 tickets sold for this event', 'hasValue': True, 'messageType': 'BoughtInLastHourSocialProofBased'}]",[],,,,Last ticket,True,"¥2,653,931",34.0,"¥898,960",,,,,,,,
13388397358,153020449,350,122943,350,2,14,_,,,,False,False,3,,False,False,"[1, 3]",407,Upper,3,True,"[{'listingNoteId': -1, 'listingNoteContentId': 3338094, 'formattedListingNoteContent': 'Clear view', 'listingNoteTypeId': 3, 'showToBuyer': True, 'hideInMock': False, 'siteAddedListingNote': False, 'aisleListingNoteWithSplit': False, 'listingNoteDescriptionContentId': 3338095, 'formattedListingNoteDescription': ""You'll have an unrestricted view of the show.""}]","[{'listingNoteBucketId': 27, 'formattedListingNoteContent': 'Clear view', 'displayOrder': 8, 'showsRawNoteText': True, 'sourceListingNoteId': -1}]",2114040,False,False,Row 14,False,1762675,"¥1,762,675","¥1,762,675",10,Mobile Transfer ticket,3,1,USD,JPY,5785.0,USD,"https://img.vggcdn.net/img/vfsimage2/812551/407_122943/0.jpg?im=Resize=(500,271)&v=771",an hour ago,6,False,False,False,False,1YiA5%2fwflXeniFv6N%2bIJH%2fTnIe3Mz2%2bfTVtRwYVx6IE%3d,False,2026-07-18T03:25:19.1900000Z,False,False,False,False,False,False,0,False,,False,False,False,False,0,False,False,0,13388397358,False,AA59472A-F557-4056-A1C2-9C642A807BBA,False,False,True,3,6.222630144920637,0.7627462919,,,,,"[{'message': 'Popular Pick', 'qualifier': '6 tickets sold for this event', 'hasValue': True, 'messageType': 'BoughtInLastHourSocialProofBased'}]",[],,,,,,,,,,,,,,,,
13386406696,153020449,334,122927,334,2,16,1_3,,,1,False,False,3,,False,False,"[1, 3]",407,Upper,3,True,"[{'listingNoteId': -1, 'listingNoteContentId': 3338094, 'formattedListingNoteContent': 'Clear view', 'listingNoteTypeId': 3, 'showToBuyer': True, 'hideInMock': False, 'siteAddedListingNote': False, 'aisleListingNoteWithSplit': False, 'listingNoteDescriptionContentId': 3338095, 'formattedListingNoteDescription': ""You'll have an unrestricted view of the show.""}]","[{'listingNoteBucketId': 14, 'formattedListingNoteContent': 'Aisle seat', 'displayOrder': 14, 'showsRawNoteText': True, 'sourceListingNoteId': 2024}, {'listingNoteBucketId': 27, 'formattedListingNoteContent': 'Clear view', 'displayOrder': 8, 'showsRawNoteText': True, 'sourceListingNoteId': -1}]",704259,False,False,Row 16,False,1770191,"¥1,770,191","¥1,770,191",10,Mobile Transfer ticket,3,1,GBP,JPY,5000.0,GBP,"https://img.vggcdn.net/img/vfsimage2/812551/407_122927/0.jpg?im=Resize=(500,271)&v=771",7 hours ago,6,False,False,False,False,4WuloO0LqZbNGAdaKIa2H1d3Z3G%2bedB7eg295a5x6JE%3d,False,2026-07-17T21:37:48.4300000Z,False,False,False,True,False,False,0,False,[6],False,False,False,False,0,False,False,0,13386406696,False,9B90A5BF-4D45-4A45-97FE-BF5743A274E7,False,False,True,3,6.422502620407917,0.7845321348,,,,,"[{'message': 'Popular Pick', 'qualifier': '6 tickets sold for this event', 'hasValue': True, 'messageType': 'BoughtInLastHourSocialProofBased'}, {'message': 'Aisle Seat', 'qualifier': 'Easy access to your seat', 'hasValue': True, 'messageType': 'AisleSeatTicketAttributeBased'}]",[2024],Fan favorite,This section is in the top 10% of sections for this event when ranked based on a count of successful sales over the past 7 days on our site,True,,,,,,,,,,,,,
13386258841,153020449,303,122896,303,2,10,_,,,,False,False,3,,False,False,"[1, 3]",407,Upper,3,True,"[{'listingNoteId': -1, 'listingNoteContentId': 3338094, 'formattedListingNoteContent': 'Clear view', 'listingNoteTypeId': 3, 'showToBuyer': True, 'hideInMock': False, 'siteAddedListingNote': False, 'aisleListingNoteWithSplit': False, 'listingNoteDescriptionContentId': 3338095, 'formattedListingNoteDescription': ""You'll have an unrestricted view of the show.""}]","[{'listingNoteBucketId': 27, 'formattedListingNoteContent': 'Clear view', 'displayOrder': 8, 'showsRawNoteText': True, 'sourceListingNoteId': -1}]",2113619,False,False,Row 10,False,1772037,"¥1,772,037","¥1,772,037",10,Mobile Transfer ticket,3,1,USD,JPY,4185.0,USD,"https://img.vggcdn.net/img/vfsimage2/812551/407_122896/0.jpg?im=Resize=(500,271)&v=771",7 hours ago,6,False,False,False,False,dL%2b8RBrWKMerBe%2b6USucLx%2bLblw2L5bUHXP%2fDFQXcIE%3d,False,2026-07-17T21:07:11.6370000Z,False,False,False,False,False,False,0,False,,False,False,False,False,0,False,False,0,13386258841,False,04319F5B-5EB5-4E3A-86F8-6407813A2A4E,False,False,True,3,6.248022912963393,0.7691062488,,,,,"[{'message': 'Popular Pick', 'qualifier': '6 tickets sold for this event', 'hasValue': True, 'messageType': 'BoughtInLastHourSocialProofBased'}]",[],,,,,,,,,,,,,,,,
13388379847,153020449,333,122926,333,2,26,15_15,15,15,15,False,False,1,,False,False,[1],407,Upper,1,True,"[{'listingNoteId': -1, 'listingNoteContentId': 3338094, 'formattedListingNoteContent': 'Clear view', 'listingNoteTypeId': 3, 'showToBuyer': True, 'hideInMock': False, 'siteAddedListingNote': False, 'aisleListingNoteWithSplit': False, 'listingNoteDescriptionContentId': 3338095, 'formattedListingNoteDescription': ""You'll have an unrestricted view of the show.""}]","[{'listingNoteBucketId': 27, 'formattedListingNoteContent': 'Clear view', 'displayOrder': 8, 'showsRawNoteText': True, 'sourceListingNoteId': -1}]",704247,False,False,Row 26,False,1784272,"¥1,784,272","¥1,784,272",10,Mobile Transfer ticket,3,1,USD,JPY,0.0,USD,"https://img.vggcdn.net/img/vfsimage2/812551/407_122926/0.jpg?im=Resize=(500,271)&v=771",an hour ago,5,False,False,False,False,9YkePRFEYtr4fnwaF2BZXPo0jwE4u%2b4uA%2bpLuQz%2bPv4%3d,False,2026-07-18T03:18:00.1200000Z,False,False,False,True,False,False,0,False,[6],False,False,False,False,0,False,False,0,13388379847,False,26B3F9F2-591E-4001-AB8E-23847304F13A,False,False,True,2,4.887785573870408,0.6618378068,,,,,"[{'message': 'Popular Pick', 'qualifier': '6 tickets sold for this event', 'hasValue': True, 'messageType': 'BoughtInLastHourSocialProofBased'}]",[],Fan favorite,This section is in the top 10% of sections for this event when ranked based on a count of successful sales over the past 7 days on our site,True,Last ticket,True,,,,[7],,,,,,,
13091707010,153020449,320,122913,320,2,18,18_18,18,18,18,False,False,1,,False,False,[1],407,Upper,1,True,"[{'listingNoteId': -1, 'listingNoteContentId': 3338094, 'formattedListingNoteContent': 'Clear view', 'listingNoteTypeId': 3, 'showToBuyer': True, 'hideInMock': False, 'siteAddedListingNote': False, 'aisleListingNoteWithSplit': False, 'listingNoteDescriptionContentId': 3338095, 'formattedListingNoteDescription': ""You'll have an unrestricted view of the show.""}]","[{'listingNoteBucketId': 27, 'formattedListingNoteContent': 'Clear view', 'displayOrder': 8, 'showsRawNoteText': True, 'sourceListingNoteId': -1}]",703953,False,False,Row 18,False,1784804,"¥1,784,804","¥1,784,804",10,Mobile Transfer ticket,3,1,EUR,JPY,5000.0,EUR,"https://img.vggcdn.net/img/vfsimage2/812551/407_122913/0.jpg?im=Resize=(500,271)&v=771",27 days ago,8,False,False,False,False,kAPiCYOLGxaV2myef1ghbZPc0D3WstTpnBdW43RyGZI%3d,False,2026-06-21T01:36:19.4300000Z,False,False,False,True,False,False,0,False,[6],False,False,False,False,0,False,False,0,13091707010,False,333EE291-59E5-408F-BD42-6FB458EA008C,False,False,True,4,7.97131368643595,0.9547966838,,,,,"[{'message': 'Great Value', 'qualifier': 'Based on price, view, seat quality and more', 'hasValue': True, 'messageType': 'ValueBased'}, {'message': 'Popular Pick', 'qualifier': '6 tickets sold for this event', 'hasValue': True, 'messageType': 'BoughtInLastHourSocialProofBased'}]",[],Fan favorite,This section is in the top 10% of sections for this event when ranked based on a count of successful sales over the past 7 days on our site,True,,,"¥3,578,220",50.0,"¥1,793,416",,,,,,,,
12927493504,153020449,346,122939,346,2,20,10_13,,,10,False,False,4,,False,False,"[1, 2, 3, 4]",407,Upper,4,True,"[{'listingNoteId': -1, 'listingNoteContentId': 3338094, 'formattedListingNoteContent': 'Clear view', 'listingNoteTypeId': 3, 'showToBuyer': True, 'hideInMock': False, 'siteAddedListingNote': False, 'aisleListingNoteWithSplit': False, 'listingNoteDescriptionContentId': 3338095, 'formattedListingNoteDescription': ""You'll have an unrestricted view of the show.""}]","[{'listingNoteBucketId': 27, 'formattedListingNoteContent': 'Clear view', 'displayOrder': 8, 'showsRawNoteText': True, 'sourceListingNoteId': -1}]",2113958,False,False,Row 20,False,1785752,"¥1,785,752","¥1,785,752",10,Mobile Transfer ticket,3,1,USD,JPY,3500.0,USD,"https://img.vggcdn.net/img/vfsimage2/812551/407_122939/0.jpg?im=Resize=(500,271)&v=771",43 days ago,6,False,False,False,False,QBcM1lQag7M%2bSQznpNV8dk%2b%2fRxJ%2fokcWWWkPbYccaN0%3d,False,2026-06-04T09:19:58.6800000Z,False,False,False,False,False,False,0,False,,False,False,False,False,0,False,False,0,12927493504,False,CCB871C2-4394-42FC-9A7F-90737FD1B52A,False,False,True,3,6.215346529271637,0.7720696725,,,,,"[{'message': 'Popular Pick', 'qualifier': '6 tickets sold for this event', 'hasValue': True, 'messageType': 'BoughtInLastHourSocialProofBased'}]",[],,,,,,"¥2,960,255",40.0,"¥1,174,503",,,,,,,,
13388050026,153020449,335,122928,335,2,17,_,,,,False,False,3,,False,False,"[1, 3]",407,Upper,3,True,"[{'listingNoteId': -1, 'listingNoteContentId': 3338094, 'formattedListingNoteContent': 'Clear view', 'listingNoteTypeId': 3, 'showToBuyer': True, 'hideInMock': False, 'siteAddedListingNote': False, 'aisleListingNoteWithSplit': False, 'listingNoteDescriptionContentId': 3338095, 'formattedListingNoteDescription': ""You'll have an unrestricted view of the show.""}]","[{'listingNoteBucketId': 27, 'formattedListingNoteContent': 'Clear view', 'displayOrder': 8, 'showsRawNoteText': True, 'sourceListingNoteId': -1}]",704282,False,False,Row 17,False,1836999,"¥1,836,999","¥1,836,999",10,Mobile Transfer ticket,3,1,EUR,JPY,7380.0,EUR,"https://img.vggcdn.net/img/vfsimage2/812551/407_122928/0.jpg?im=Resize=(500,271)&v=771",3 hours ago,6,False,False,False,False,49Es8pL%2fLZf3UXhAfiJngKJ53Dhj29j0IYyK2HUxxCM%3d,False,2026-07-18T01:48:43.9600000Z,False,False,False,False,False,False,0,False,[7],False,False,False,False,0,False,False,0,13388050026,False,AE877FF2-4E60-4261-92D3-EB458CFD79A5,False,False,True,3,6.322141110874679,0.804376279,,,,,"[{'message': 'Popular Pick', 'qualifier': '6 tickets sold for this event', 'hasValue': True, 'messageType': 'BoughtInLastHourSocialProofBased'}]",[],,,,Last tickets,True,,,,,,,,,,,
13388198710,153020449,305,122898,305,2,25,29_29,29,29,29,False,False,1,,False,False,[1],407,Upper,1,True,"[{'listingNoteId': -1, 'listingNoteContentId': 3338094, 'formattedListingNoteContent': 'Clear view', 'listingNoteTypeId': 3, 'showToBuyer': True, 'hideInMock': False, 'siteAddedListingNote': False, 'aisleListingNoteWithSplit': False, 'listingNoteDescriptionContentId': 3338095, 'formattedListingNoteDescription': ""You'll have an unrestricted view of the show.""}]","[{'listingNoteBucketId': 27, 'formattedListingNoteContent': 'Clear view', 'displayOrder': 8, 'showsRawNoteText': True, 'sourceListingNoteId': -1}]",2113678,False,False,Row 25,False,1842698,"¥1,842,698","¥1,842,698",10,Mobile Transfer ticket,3,1,USD,JPY,5785.0,USD,"https://img.vggcdn.net/img/vfsimage2/812551/407_122898/0.jpg?im=Resize=(500,271)&v=771",2 hours ago,5,False,False,False,False,rlofZD1najO4oo1%2fZOrIFZV0fQ%2bHkDk2kSOkvAi0RE8%3d,False,2026-07-18T02:26:44.9100000Z,False,False,False,True,False,False,0,False,[6],False,False,False,False,0,False,False,0,13388198710,False,E18553D6-3412-43B3-B89C-4C18CEDF99AD,False,False,True,2,4.890771445970234,0.6838354225,,,,,"[{'message': 'Popular Pick', 'qualifier': '6 tickets sold for this event', 'hasValue': True, 'messageType': 'BoughtInLastHourSocialProofBased'}]",[],Fan favorite,This section is in the top 10% of sections for this event when ranked based on a count of successful sales over the past 7 days on our site,True,,,,,,,,,,,,,
13385722367,153020449,226,122857,226,2,5,23_23,23,23,23,False,False,1,,False,False,[1],471,Middle,1,True,"[{'listingNoteId': -1, 'listingNoteContentId': 3338094, 'formattedListingNoteContent': 'Clear view', 'listingNoteTypeId': 3, 'showToBuyer': True, 'hideInMock': False, 'siteAddedListingNote': False, 'aisleListingNoteWithSplit': False, 'listingNoteDescriptionContentId': 3338095, 'formattedListingNoteDescription': ""You'll have an unrestricted view of the show.""}]","[{'listingNoteBucketId': 27, 'formattedListingNoteContent': 'Clear view', 'displayOrder': 8, 'showsRawNoteText': True, 'sourceListingNoteId': -1}]",2113480,False,False,Row 5,False,1845856,"¥1,845,856","¥1,845,856",10,Mobile Transfer ticket,3,1,USD,JPY,,USD,"https://img.vggcdn.net/img/vfsimage2/812551/471_122857/0.jpg?im=Resize=(500,271)&v=771",9 hours ago,9,False,False,False,False,TF9gJ%2fPQr9Q2uGFGbeLKW2oLr8BeUHrsnpCQtccrmP0%3d,False,2026-07-17T19:51:11.3200000Z,False,False,False,True,False,False,0,False,[6],False,False,False,False,0,False,False,0,13385722367,False,C85A0884-A49F-4C32-A69F-82B901464165,False,False,True,5,8.542189610998559,1.068158349,,,,,"[{'message': 'Amazing Value', 'qualifier': 'Based on price, view, seat quality and more', 'hasValue': True, 'messageType': 'ValueBased'}, {'message': 'Popular Pick', 'qualifier': '6 tickets sold for this event', 'hasValue': True, 'messageType': 'BoughtInLastHourSocialProofBased'}]",[],Fan favorite,This section is in the top 10% of sections for this event when ranked based on a count of successful sales over the past 7 days on our site,True,Last ticket,True,"¥2,597,037",29.0,"¥751,181",[7],,,,,,,
13387888486,153020449,336,122929,336,2,25,26_26,26,26,26,False,False,1,,False,False,[1],407,Upper,1,True,"[{'listingNoteId': -1, 'listingNoteContentId': 3338094, 'formattedListingNoteContent': 'Clear view', 'listingNoteTypeId': 3, 'showToBuyer': True, 'hideInMock': False, 'siteAddedListingNote': False, 'aisleListingNoteWithSplit': False, 'listingNoteDescriptionContentId': 3338095, 'formattedListingNoteDescription': ""You'll have an unrestricted view of the show.""}]","[{'listingNoteBucketId': 27, 'formattedListingNoteContent': 'Clear view', 'displayOrder': 8, 'showsRawNoteText': True, 'sourceListingNoteId': -1}]",704312,False,False,Row 25,False,1860243,"¥1,860,243","¥1,860,243",10,Mobile Transfer ticket,3,1,USD,JPY,,USD,"https://img.vggcdn.net/img/vfsimage2/812551/407_122929/0.jpg?im=Resize=(500,271)&v=771",3 hours ago,5,False,False,False,False,UtBbv96aLlAJ7u845E9Dw%2fWg84qnGG%2fbnAs8JzheZf8%3d,False,2026-07-18T01:16:59.9230000Z,False,False,False,False,False,False,0,False,,False,False,False,False,0,False,False,0,13387888486,False,1D561F3B-952E-4732-A6AF-892F2E1A98C0,False,False,True,2,4.839135252241455,0.6847960003,,,,,"[{'message': 'Popular Pick', 'qualifier': '6 tickets sold for this event', 'hasValue': True, 'messageType': 'BoughtInLastHourSocialProofBased'}]",[],,,,,,,,,,,,,,,,
13388064315,153020449,314,122907,314,2,8,1_1,1,1,1,False,False,1,,False,False,[1],407,Upper,1,True,"[{'listingNoteId': 814, 'listingNoteContentId': 2446060, 'formattedListingNoteContent': 'Limited or Obstructed View (printed on ticket)', 'listingNoteTypeId': 1, 'showToBuyer': True, 'hideInMock': False, 'siteAddedListingNote': False, 'aisleListingNoteWithSplit': False, 'listingNoteDescriptionContentId': 2446061, 'formattedListingNoteDescription': 'Limited or Obstructed View (printed on ticket)'}]","[{'listingNoteBucketId': 21, 'formattedListingNoteContent': 'Limited view', 'displayOrder': 21, 'showsRawNoteText': False}]",703811,False,False,Row 8,False,1862758,"¥1,862,758","¥1,862,758",10,Mobile Transfer ticket,3,1,EUR,JPY,7300.0,EUR,"https://img.vggcdn.net/img/vfsimage2/812551/407_122907/0.jpg?im=Resize=(500,271)&v=771",3 hours ago,9,False,False,False,False,oLL2OxkHRIPD37ZnryBHRl%2fhfkXTqeL9mCQ5eYRyzxk%3d,False,2026-07-18T01:53:41.0600000Z,False,False,False,False,False,False,0,False,[7],False,False,False,False,0,False,False,0,13388064315,False,78218ECA-5254-4979-A074-B9E72482F89B,False,False,True,5,8.698436596869767,1.114665508,,,,,"[{'message': 'Amazing Value', 'qualifier': 'Based on price, view, seat quality and more', 'hasValue': True, 'messageType': 'ValueBased'}, {'message': 'Popular Pick', 'qualifier': '6 tickets sold for this event', 'hasValue': True, 'messageType': 'BoughtInLastHourSocialProofBased'}]",[],,,,Last ticket,True,,,,,,,,,,,
13388777392,153020449,348,122941,348,2,16,1268622113_1268622113,,,1268622113,False,False,1,,False,False,[1],407,Upper,1,True,"[{'listingNoteId': -1, 'listingNoteContentId': 3338094, 'formattedListingNoteContent': 'Clear view', 'listingNoteTypeId': 3, 'showToBuyer': True, 'hideInMock': False, 'siteAddedListingNote': False, 'aisleListingNoteWithSplit': False, 'listingNoteDescriptionContentId': 3338095, 'formattedListingNoteDescription': ""You'll have an unrestricted view of the show.""}]","[{'listingNoteBucketId': 27, 'formattedListingNoteContent': 'Clear view', 'displayOrder': 8, 'showsRawNoteText': True, 'sourceListingNoteId': -1}]",2113998,False,False,Row 16,False,1869990,"¥1,869,990","¥1,869,990",10,Mobile Transfer ticket,3,1,USD,JPY,5785.0,USD,"https://img.vggcdn.net/img/vfsimage2/812551/407_122941/0.jpg?im=Resize=(500,271)&v=771",24 minutes ago,6,False,False,False,False,%2bGoUsP5iw6pcKloL4YtvM3Aies4KoI6ct%2f6Zx5qm2zM%3d,False,2026-07-18T04:38:21.9430000Z,False,False,False,False,False,False,0,False,,False,False,False,False,0,False,False,0,13388777392,False,0150589A-250D-4CD8-918A-F829B3AEDDEE,False,False,True,3,5.625142538320894,0.7558231346,,,,,"[{'message': 'Popular Pick', 'qualifier': '6 tickets sold for this event', 'hasValue': True, 'messageType': 'BoughtInLastHourSocialProofBased'}]",[],,,,,,,,,,,,,,,,
13387428449,153020449,Category 2,1989400,Category 2,3,,_,,,,False,False,2,,False,False,"[1, 2]",1246,Category 2,2,True,"[{'listingNoteId': -1, 'listingNoteContentId': 3338094, 'formattedListingNoteContent': 'Clear view', 'listingNoteTypeId': 3, 'showToBuyer': True, 'hideInMock': False, 'siteAddedListingNote': False, 'aisleListingNoteWithSplit': False, 'listingNoteDescriptionContentId': 3338095, 'formattedListingNoteDescription': ""You'll have an unrestricted view of the show.""}]","[{'listingNoteBucketId': 27, 'formattedListingNoteContent': 'Clear view', 'displayOrder': 8, 'showsRawNoteText': True, 'sourceListingNoteId': -1}]",3325459,False,False,Row,True,1873797,"¥1,873,797","¥1,873,797",10,Mobile Transfer ticket,3,1,EUR,JPY,1222.0,EUR,"https://img.vggcdn.net/img/vfsimage2/812551/1246_1989400/0.jpg?im=Resize=(500,271)&v=771",5 hours ago,10,False,False,True,False,aZnsOLxwcAf6Wa26ZOPctPO7pYI4XrcRVt599TGsAyk%3d,False,2026-07-17T23:38:47.7670000Z,False,False,False,False,False,False,0,False,[7],False,False,False,False,0,False,False,0,13387428449,False,B42FB3FC-0E13-4F63-A477-5A3C8B70818B,False,False,True,5,9.544345815858426,1.374851954,,,,,"[{'message': 'Amazing Value', 'qualifier': 'Based on price, view, seat quality and more', 'hasValue': True, 'messageType': 'ValueBased'}, {'message': 'Popular Pick', 'qualifier': '6 tickets sold for this event', 'hasValue': True, 'messageType': 'BoughtInLastHourSocialProofBased'}]",[],,,,Last tickets,True,,,,,,,,,,,
13388029365,153020449,312,122905,312,2,23,16_16,16,16,16,False,False,1,,False,False,[1],407,Upper,1,True,"[{'listingNoteId': -1, 'listingNoteContentId': 3338094, 'formattedListingNoteContent': 'Clear view', 'listingNoteTypeId': 3, 'showToBuyer': True, 'hideInMock': False, 'siteAddedListingNote': False, 'aisleListingNoteWithSplit': False, 'listingNoteDescriptionContentId': 3338095, 'formattedListingNoteDescription': ""You'll have an unrestricted view of the show.""}]","[{'listingNoteBucketId': 27, 'formattedListingNoteContent': 'Clear view', 'displayOrder': 8, 'showsRawNoteText': True, 'sourceListingNoteId': -1}]",703782,False,False,Row 23,False,1896113,"¥1,896,113","¥1,896,113",10,Mobile Transfer ticket,3,1,USD,JPY,0.0,USD,"https://img.vggcdn.net/img/vfsimage2/812551/407_122905/0.jpg?im=Resize=(500,271)&v=771",3 hours ago,4,False,False,False,False,%2blBxrqh3g%2bhH4VtSKTXn66yi1r9gw9qzi4a6QhoyDjw%3d,False,2026-07-18T01:45:41.0300000Z,False,False,False,False,False,False,0,False,[7],False,False,False,False,0,False,False,0,13388029365,False,958D40A9-FC1C-459F-8789-ED5B453F51BB,False,False,True,2,3.758999365077735,0.5974860618,,,,,"[{'message': 'Popular Pick', 'qualifier': '6 tickets sold for this event', 'hasValue': True, 'messageType': 'BoughtInLastHourSocialProofBased'}]",[],,,,Last ticket,True,,,,,,,,,,,
13311781074,153020449,305,122898,305,2,17,_,,,,False,False,7,,False,False,"[1, 2, 3, 4, 5, 6, 7]",407,Upper,7,True,"[{'listingNoteId': -1, 'listingNoteContentId': 3338094, 'formattedListingNoteContent': 'Clear view', 'listingNoteTypeId': 3, 'showToBuyer': True, 'hideInMock': False, 'siteAddedListingNote': False, 'aisleListingNoteWithSplit': False, 'listingNoteDescriptionContentId': 3338095, 'formattedListingNoteDescription': ""You'll have an unrestricted view of the show.""}]","[{'listingNoteBucketId': 27, 'formattedListingNoteContent': 'Clear view', 'displayOrder': 8, 'showsRawNoteText': True, 'sourceListingNoteId': -1}]",2113670,False,False,Row 17,False,1897283,"¥1,897,283","¥1,897,283",10,Mobile Transfer ticket,3,1,USD,JPY,5785.0,USD,"https://img.vggcdn.net/img/vfsimage2/812551/407_122898/0.jpg?im=Resize=(500,271)&v=771",7 days ago,5,False,False,False,False,YaPguEoi3ngpfkCgwR%2bcNhWTKFAWqGCrTCsRq8dBQHo%3d,False,2026-07-10T07:19:52.1000000Z,False,False,False,True,False,False,0,False,[6],False,False,False,False,0,False,False,0,13311781074,False,0D3BB6B5-CCAF-4EF7-B4ED-4E47ADB828B7,False,False,True,3,5.011994898229745,0.7182422299,,,,,"[{'message': 'Popular Pick', 'qualifier': '6 tickets sold for this event', 'hasValue': True, 'messageType': 'BoughtInLastHourSocialProofBased'}]",[],Fan favorite,This section is in the top 10% of sections for this event when ranked based on a count of successful sales over the past 7 days on our site,True,,,,,,,,,,,,,
13347769336,153020449,344,122937,344,2,4,_,,,,False,False,3,,False,False,"[1, 3]",478,Loge,3,True,"[{'listingNoteId': -1, 'listingNoteContentId': 3338094, 'formattedListingNoteContent': 'Clear view', 'listingNoteTypeId': 3, 'showToBuyer': True, 'hideInMock': False, 'siteAddedListingNote': False, 'aisleListingNoteWithSplit': False, 'listingNoteDescriptionContentId': 3338095, 'formattedListingNoteDescription': ""You'll have an unrestricted view of the show.""}]","[{'listingNoteBucketId': 27, 'formattedListingNoteContent': 'Clear view', 'displayOrder': 8, 'showsRawNoteText': True, 'sourceListingNoteId': -1}]",1591268,False,False,Row 4,False,1940611,"¥1,940,611","¥1,940,611",10,Mobile Transfer ticket,3,1,GBP,JPY,3000.0,GBP,"https://img.vggcdn.net/img/vfsimage2/812551/478_122937/0.jpg?im=Resize=(500,271)&v=771",3 days ago,6,False,False,False,False,e%2brR7xGXvLO48wUuZ6CIK%2bSS7TUElpeSqvkTbnvyFRM%3d,False,2026-07-14T09:41:47.8100000Z,False,False,False,False,False,False,0,False,,False,False,False,False,0,False,False,0,13347769336,False,09F9FA1F-7704-4FF5-99BD-F7A8F77C5A9E,False,False,True,3,6.43546419672826,0.8614308766,,,,,"[{'message': 'Popular Pick', 'qualifier': '6 tickets sold for this event', 'hasValue': True, 'messageType': 'BoughtInLastHourSocialProofBased'}]",[],,,,,,,,,,,,,,,,
13387921176,153020449,204,122837,204,2,11,_,,,,False,False,1,,False,False,[1],471,Middle,1,True,"[{'listingNoteId': -1, 'listingNoteContentId': 3338094, 'formattedListingNoteContent': 'Clear view', 'listingNoteTypeId': 3, 'showToBuyer': True, 'hideInMock': False, 'siteAddedListingNote': False, 'aisleListingNoteWithSplit': False, 'listingNoteDescriptionContentId': 3338095, 'formattedListingNoteDescription': ""You'll have an unrestricted view of the show.""}]","[{'listingNoteBucketId': 27, 'formattedListingNoteContent': 'Clear view', 'displayOrder': 8, 'showsRawNoteText': True, 'sourceListingNoteId': -1}]",702763,False,False,Row 11,False,1949139,"¥1,949,139","¥1,949,139",10,Mobile Transfer ticket,3,1,USD,JPY,7380.0,USD,"https://img.vggcdn.net/img/vfsimage2/812551/471_122837/0.jpg?im=Resize=(500,271)&v=771",3 hours ago,7,False,False,False,False,01SoK3NxLBhcojuOunjOn8%2f9%2fHbKG8sS9qez%2f48bCz8%3d,False,2026-07-18T01:23:34.2130000Z,False,False,False,False,False,False,0,False,,False,False,False,False,0,False,False,0,13387921176,False,4B039215-17D3-42A0-9E70-861D9254F783,False,False,True,3,6.705645392972315,0.8945174088,,,,,"[{'message': 'Popular Pick', 'qualifier': '6 tickets sold for this event', 'hasValue': True, 'messageType': 'BoughtInLastHourSocialProofBased'}]",[],,,,,,,,,,,,,,,,
12927493515,153020449,345,122938,345,2,26,10_13,,,10,False,False,4,,False,False,"[1, 2, 3, 4]",407,Upper,4,True,"[{'listingNoteId': -1, 'listingNoteContentId': 3338094, 'formattedListingNoteContent': 'Clear view', 'listingNoteTypeId': 3, 'showToBuyer': True, 'hideInMock': False, 'siteAddedListingNote': False, 'aisleListingNoteWithSplit': False, 'listingNoteDescriptionContentId': 3338095, 'formattedListingNoteDescription': ""You'll have an unrestricted view of the show.""}]","[{'listingNoteBucketId': 27, 'formattedListingNoteContent': 'Clear view', 'displayOrder': 8, 'showsRawNoteText': True, 'sourceListingNoteId': -1}]",704508,False,False,Row 26,False,1949919,"¥1,949,919","¥1,949,919",10,Mobile Transfer ticket,3,1,USD,JPY,3500.0,USD,"https://img.vggcdn.net/img/vfsimage2/812551/407_122938/0.jpg?im=Resize=(500,271)&v=771",43 days ago,7,False,False,False,False,%2bSi0DeHS0WjvZWn9nS%2fBYwF4lqx359PsV1uHtLTtKFw%3d,False,2026-06-04T09:19:59.2600000Z,False,False,False,False,False,False,0,False,[7],False,False,False,False,0,False,False,0,12927493515,False,A7C46916-611A-4E14-889A-FF09F524E274,False,False,True,3,6.629052810986377,0.8863661477,,,,,"[{'message': 'Popular Pick', 'qualifier': '6 tickets sold for this event', 'hasValue': True, 'messageType': 'BoughtInLastHourSocialProofBased'}]",[],,,,Last tickets,True,"¥3,179,484",39.0,"¥1,229,565",,,,,,,,
13282079069,153020449,310,122903,310,2,26,30_30,30,30,30,False,False,1,,False,False,[1],407,Upper,1,True,"[{'listingNoteId': -1, 'listingNoteContentId': 3338094, 'formattedListingNoteContent': 'Clear view', 'listingNoteTypeId': 3, 'showToBuyer': True, 'hideInMock': False, 'siteAddedListingNote': False, 'aisleListingNoteWithSplit': False, 'listingNoteDescriptionContentId': 3338095, 'formattedListingNoteDescription': ""You'll have an unrestricted view of the show.""}]","[{'listingNoteBucketId': 27, 'formattedListingNoteContent': 'Clear view', 'displayOrder': 8, 'showsRawNoteText': True, 'sourceListingNoteId': -1}]",703741,False,False,Row 26,False,1952355,"¥1,952,355","¥1,952,355",10,Mobile Transfer ticket,3,1,USD,JPY,,USD,"https://img.vggcdn.net/img/vfsimage2/812551/407_122903/0.jpg?im=Resize=(500,271)&v=771",9 days ago,4,False,False,False,False,gESsfDmqvzKhJEOnZXAj9uaK2q%2bWvgLgKmDKVxH1zQI%3d,False,2026-07-08T06:22:52.4970000Z,False,False,False,False,False,False,0,False,,False,False,False,False,0,False,False,0,13282079069,False,A4C80339-DEC5-426A-9677-DD0A91466BFD,False,False,True,2,3.8907247034986394,0.6262105234,,,,,"[{'message': 'Popular Pick', 'qualifier': '6 tickets sold for this event', 'hasValue': True, 'messageType': 'BoughtInLastHourSocialProofBased'}]",[],,,,,,"¥2,843,445",31.0,"¥891,090",,,,,,,,
13388417669,153020449,310,122903,310,2,25,1_1,1,1,1,False,False,1,,False,False,[1],407,Upper,1,True,"[{'listingNoteId': -1, 'listingNoteContentId': 3338094, 'formattedListingNoteContent': 'Clear view', 'listingNoteTypeId': 3, 'showToBuyer': True, 'hideInMock': False, 'siteAddedListingNote': False, 'aisleListingNoteWithSplit': False, 'listingNoteDescriptionContentId': 3338095, 'formattedListingNoteDescription': ""You'll have an unrestricted view of the show.""}]","[{'listingNoteBucketId': 14, 'formattedListingNoteContent': 'Aisle seat', 'displayOrder': 14, 'showsRawNoteText': True, 'sourceListingNoteId': 2024}, {'listingNoteBucketId': 27, 'formattedListingNoteContent': 'Clear view', 'displayOrder': 8, 'showsRawNoteText': True, 'sourceListingNoteId': -1}]",703740,False,False,Row 25,False,1953233,"¥1,953,233","¥1,953,233",10,Mobile Transfer ticket,3,1,USD,JPY,0.0,USD,"https://img.vggcdn.net/img/vfsimage2/812551/407_122903/0.jpg?im=Resize=(500,271)&v=771",an hour ago,4,False,False,False,False,6D8C%2bwCs5jON2R9N%2fHtbumP%2fYA7nKS2qrj1Pt5Oig64%3d,False,2026-07-18T03:33:13.9330000Z,False,False,False,False,False,False,0,False,,False,False,False,False,0,False,False,0,13388417669,False,6E2DE222-29AA-4D53-8716-2B31464D3346,False,False,True,2,4.029013340860014,0.6384740013,,,,,"[{'message': 'Popular Pick', 'qualifier': '6 tickets sold for this event', 'hasValue': True, 'messageType': 'BoughtInLastHourSocialProofBased'}, {'message': 'Aisle Seat', 'qualifier': 'Easy access to your seat', 'hasValue': True, 'messageType': 'AisleSeatTicketAttributeBased'}]",[2024],,,,,,,,,,,,,,,,
13388378252,153020449,228B,1530790,228B,2,12,_,,,,False,False,4,,False,False,"[1, 2, 4]",471,Middle,4,True,"[{'listingNoteId': -1, 'listingNoteContentId': 3338094, 'formattedListingNoteContent': 'Clear view', 'listingNoteTypeId': 3, 'showToBuyer': True, 'hideInMock': False, 'siteAddedListingNote': False, 'aisleListingNoteWithSplit': False, 'listingNoteDescriptionContentId': 3338095, 'formattedListingNoteDescription': ""You'll have an unrestricted view of the show.""}]","[{'listingNoteBucketId': 27, 'formattedListingNoteContent': 'Clear view', 'displayOrder': 8, 'showsRawNoteText': True, 'sourceListingNoteId': -1}]",2113505,False,False,Row 12,False,1958729,"¥1,958,729","¥1,958,729",10,Mobile Transfer ticket,3,1,USD,JPY,7380.0,USD,"https://img.vggcdn.net/img/vfsimage2/812551/471_1530790/0.jpg?im=Resize=(500,271)&v=771",an hour ago,7,False,False,False,False,jkeYJH6ry33vcCBx2YUGeF%2fwPaxoAvdRtTT%2bu5P3ynQ%3d,False,2026-07-18T03:17:32.9170000Z,False,False,False,False,False,False,0,False,,False,False,False,False,0,False,False,0,13388378252,False,F8E26087-014D-4394-AC32-E45673A3B7C3,False,False,True,3,6.989384070376529,0.9320674077,,,,,"[{'message': 'Popular Pick', 'qualifier': '6 tickets sold for this event', 'hasValue': True, 'messageType': 'BoughtInLastHourSocialProofBased'}]",[],,,,,,,,,,,,,,,,
13386366317,153020449,330,122923,330,2,16,_,,,,False,False,4,,False,False,"[1, 2, 4]",407,Upper,4,True,"[{'listingNoteId': -1, 'listingNoteContentId': 3338094, 'formattedListingNoteContent': 'Clear view', 'listingNoteTypeId': 3, 'showToBuyer': True, 'hideInMock': False, 'siteAddedListingNote': False, 'aisleListingNoteWithSplit': False, 'listingNoteDescriptionContentId': 3338095, 'formattedListingNoteDescription': ""You'll have an unrestricted view of the show.""}]","[{'listingNoteBucketId': 27, 'formattedListingNoteContent': 'Clear view', 'displayOrder': 8, 'showsRawNoteText': True, 'sourceListingNoteId': -1}]",2113911,False,False,Row 16,False,1960410,"¥1,960,410","¥1,960,410",10,Mobile Transfer ticket,3,1,USD,JPY,5785.0,USD,"https://img.vggcdn.net/img/vfsimage2/812551/407_122923/0.jpg?im=Resize=(500,271)&v=771",7 hours ago,6,False,False,False,False,U%2bT62biK%2fWlP5DtaWXXVMVDzraSrohAeZlIm98jdLMo%3d,False,2026-07-17T21:29:16.4600000Z,False,False,False,False,False,False,0,False,,False,False,False,False,0,False,False,0,13386366317,False,D9E87B88-2C19-4F3F-A813-F69739304378,False,False,True,3,5.770501287653923,0.8053004093,,,,,"[{'message': 'Popular Pick', 'qualifier': '6 tickets sold for this event', 'hasValue': True, 'messageType': 'BoughtInLastHourSocialProofBased'}]",[],,,,,,,,,,,,,,,,
13235196517,153020449,331,122924,331,2,22,27_27,,,27,False,False,1,,False,False,[1],407,Upper,1,True,"[{'listingNoteId': -1, 'listingNoteContentId': 3338094, 'formattedListingNoteContent': 'Clear view', 'listingNoteTypeId': 3, 'showToBuyer': True, 'hideInMock': False, 'siteAddedListingNote': False, 'aisleListingNoteWithSplit': False, 'listingNoteDescriptionContentId': 3338095, 'formattedListingNoteDescription': ""You'll have an unrestricted view of the show.""}]","[{'listingNoteBucketId': 27, 'formattedListingNoteContent': 'Clear view', 'displayOrder': 8, 'showsRawNoteText': True, 'sourceListingNoteId': -1}]",2113937,False,False,Row 22,False,1963005,"¥1,963,005","¥1,963,005",10,Mobile Transfer ticket,3,1,EUR,JPY,2000.0,EUR,"https://img.vggcdn.net/img/vfsimage2/812551/407_122924/0.jpg?im=Resize=(500,271)&v=771",14 days ago,5,False,False,False,False,I4W4RcSUSJ3%2fmuvQEXJkuzE1BlPdJzXjYpMR%2fXqFll4%3d,False,2026-07-04T00:25:43.8300000Z,False,False,False,False,False,False,0,False,,False,False,False,False,0,False,False,0,13235196517,False,F831B077-23DA-47D8-96C3-80775ECC071C,False,False,True,2,4.949683908970931,0.7352945454,,,,,"[{'message': 'Popular Pick', 'qualifier': '6 tickets sold for this event', 'hasValue': True, 'messageType': 'BoughtInLastHourSocialProofBased'}]",[],,,,,,,,,,,,,,,,
13388445293,153020449,Supporters Club,2439116,Supporters Club,2,,_,,,,False,False,1,,False,False,[1],1068,Hospitality,1,True,"[{'listingNoteId': 2344, 'listingNoteContentId': 4216766, 'formattedListingNoteContent': 'Includes Offsite Hospitality', 'listingNoteTypeId': 3, 'showToBuyer': True, 'hideInMock': False, 'siteAddedListingNote': False, 'aisleListingNoteWithSplit': False, 'formattedListingNoteDescription': ''}, {'listingNoteId': -1, 'listingNoteContentId': 3338094, 'formattedListingNoteContent': 'Clear view', 'listingNoteTypeId': 3, 'showToBuyer': True, 'hideInMock': False, 'siteAddedListingNote': False, 'aisleListingNoteWithSplit': False, 'listingNoteDescriptionContentId': 3338095, 'formattedListingNoteDescription': ""You'll have an unrestricted view of the show.""}]","[{'listingNoteBucketId': 0, 'formattedListingNoteContent': 'Includes Offsite Hospitality', 'displayOrder': 30, 'showsRawNoteText': True, 'sourceListingNoteId': 2344}, {'listingNoteBucketId': 27, 'formattedListingNoteContent': 'Clear view', 'displayOrder': 8, 'showsRawNoteText': True, 'sourceListingNoteId': -1}]",4837383,False,False,Row,True,1966567,"¥1,966,567","¥1,966,567",10,Mobile Transfer ticket,3,1,GBP,JPY,2000.0,GBP,"https://img.vggcdn.net/img/vfsimage2/812551/1068_2439116/0.jpg?im=Resize=(500,271)&v=771",an hour ago,10,False,False,False,False,VqA2lr6JXdjd%2fpylbMoLKFDGlO9lT6yq7OugTii4RF4%3d,False,2026-07-18T03:39:04.5630000Z,False,True,False,False,False,False,0,False,[1],False,False,False,False,0,False,False,0,13388445293,False,46074239-D0C3-457C-A436-F3CDC5943B98,False,False,True,5,9.864433801872728,1.577970786,,,,,"[{'message': 'Amazing Value', 'qualifier': 'Based on price, view, seat quality and more', 'hasValue': True, 'messageType': 'ValueBased'}, {'message': 'Popular Pick', 'qualifier': '6 tickets sold for this event', 'hasValue': True, 'messageType': 'BoughtInLastHourSocialProofBased'}]",[],,,,,,,,,,Best deal,True,6aa8a73f-b069-4147-a316-ffc9e9280c2b,,,,
13354336531,153020449,313,122906,313,2,24,_,,,,False,False,3,,False,False,"[1, 3]",407,Upper,3,True,"[{'listingNoteId': -1, 'listingNoteContentId': 3338094, 'formattedListingNoteContent': 'Clear view', 'listingNoteTypeId': 3, 'showToBuyer': True, 'hideInMock': False, 'siteAddedListingNote': False, 'aisleListingNoteWithSplit': False, 'listingNoteDescriptionContentId': 3338095, 'formattedListingNoteDescription': ""You'll have an unrestricted view of the show.""}]","[{'listingNoteBucketId': 27, 'formattedListingNoteContent': 'Clear view', 'displayOrder': 8, 'showsRawNoteText': True, 'sourceListingNoteId': -1}]",703805,False,False,Row 24,False,1967097,"¥1,967,097","¥1,967,097",10,Mobile Transfer ticket,3,1,USD,JPY,7380.0,USD,"https://img.vggcdn.net/img/vfsimage2/812551/407_122906/0.jpg?im=Resize=(500,271)&v=771",3 days ago,4,False,False,False,False,sMo5ORuBsBKXe5Kl3MQyXZ0hlQYwJvHnP9NEP5odo9A%3d,False,2026-07-15T00:36:36.5130000Z,False,False,False,False,False,False,0,False,,False,False,False,False,0,False,False,0,13354336531,False,21CE2486-1844-43A9-A883-A208CE6DB150,False,False,True,2,3.9790437277883615,0.6385939064,,,,,"[{'message': 'Popular Pick', 'qualifier': '6 tickets sold for this event', 'hasValue': True, 'messageType': 'BoughtInLastHourSocialProofBased'}]",[],,,,,,,,,,,,,,,,
13386258854,153020449,301,122894,301,2,8,_,,,,False,False,7,,False,False,"[1, 2, 3, 4, 5, 7]",407,Upper,7,True,"[{'listingNoteId': -1, 'listingNoteContentId': 3338094, 'formattedListingNoteContent': 'Clear view', 'listingNoteTypeId': 3, 'showToBuyer': True, 'hideInMock': False, 'siteAddedListingNote': False, 'aisleListingNoteWithSplit': False, 'listingNoteDescriptionContentId': 3338095, 'formattedListingNoteDescription': ""You'll have an unrestricted view of the show.""}]","[{'listingNoteBucketId': 27, 'formattedListingNoteContent': 'Clear view', 'displayOrder': 8, 'showsRawNoteText': True, 'sourceListingNoteId': -1}]",2113595,False,False,Row 8,False,1982191,"¥1,982,191","¥1,982,191",10,Mobile Transfer ticket,3,1,USD,JPY,4875.32,USD,"https://img.vggcdn.net/img/vfsimage2/812551/407_122894/0.jpg?im=Resize=(500,271)&v=771",7 hours ago,6,False,False,False,False,iPqmlphI96oC0NPdIzQY5saz0taVYVfa5ag4Vdv5yqI%3d,False,2026-07-17T21:07:11.7030000Z,False,False,False,False,False,False,0,False,,False,False,False,False,0,False,False,0,13386258854,False,0B0E9457-1290-4631-A605-92D80B2EA13F,False,False,True,3,5.507276518161678,0.7908930164,,,,,"[{'message': 'Popular Pick', 'qualifier': '6 tickets sold for this event', 'hasValue': True, 'messageType': 'BoughtInLastHourSocialProofBased'}]",[],,,,,,,,,,,,,,,,
13387411322,153020449,206A,1530776,206A,2,6,16_16,,,16,False,False,1,,False,False,[1],471,Middle,1,True,"[{'listingNoteId': -1, 'listingNoteContentId': 3338094, 'formattedListingNoteContent': 'Clear view', 'listingNoteTypeId': 3, 'showToBuyer': True, 'hideInMock': False, 'siteAddedListingNote': False, 'aisleListingNoteWithSplit': False, 'listingNoteDescriptionContentId': 3338095, 'formattedListingNoteDescription': ""You'll have an unrestricted view of the show.""}]","[{'listingNoteBucketId': 27, 'formattedListingNoteContent': 'Clear view', 'displayOrder': 8, 'showsRawNoteText': True, 'sourceListingNoteId': -1}]",1593549,False,False,Row 6,False,1994756,"¥1,994,756","¥1,994,756",10,Mobile Transfer ticket,3,1,USD,JPY,9000.0,USD,"https://img.vggcdn.net/img/vfsimage2/812551/471_1530776/0.jpg?im=Resize=(500,271)&v=771",5 hours ago,7,False,False,False,False,%2blBxrqh3g%2bhH4VtSKTXn66yi1r9gw9qzi4a6QhoyDjw%3d,False,2026-07-17T23:36:34.8200000Z,False,False,False,False,False,False,0,False,[7],False,False,False,False,0,False,False,0,13387411322,False,AB48D29A-445F-482F-9ED4-A47ECC921529,False,False,True,4,7.366919143424886,0.9915794249,,,,,"[{'message': 'Great Value', 'qualifier': 'Based on price, view, seat quality and more', 'hasValue': True, 'messageType': 'ValueBased'}, {'message': 'Popular Pick', 'qualifier': '6 tickets sold for this event', 'hasValue': True, 'messageType': 'BoughtInLastHourSocialProofBased'}]",[],,,,Last ticket,True,,,,,,,,,,,
13388100970,153020449,225A,1530785,225A,2,9,1_1,1,1,1,False,False,1,,False,False,[1],471,Middle,1,True,"[{'listingNoteId': -1, 'listingNoteContentId': 3338094, 'formattedListingNoteContent': 'Clear view', 'listingNoteTypeId': 3, 'showToBuyer': True, 'hideInMock': False, 'siteAddedListingNote': False, 'aisleListingNoteWithSplit': False, 'listingNoteDescriptionContentId': 3338095, 'formattedListingNoteDescription': ""You'll have an unrestricted view of the show.""}]","[{'listingNoteBucketId': 14, 'formattedListingNoteContent': 'Aisle seat', 'displayOrder': 14, 'showsRawNoteText': True, 'sourceListingNoteId': 2024}, {'listingNoteBucketId': 27, 'formattedListingNoteContent': 'Clear view', 'displayOrder': 8, 'showsRawNoteText': True, 'sourceListingNoteId': -1}]",1593622,False,False,Row 9,False,1995731,"¥1,995,731","¥1,995,731",10,Mobile Transfer ticket,3,1,USD,JPY,7380.0,USD,"https://img.vggcdn.net/img/vfsimage2/812551/471_1530785/0.jpg?im=Resize=(500,271)&v=771",2 hours ago,8,False,False,False,False,nBhBIAfJtW6vbA9vNO%2bMxVrTQHNtSM9fzNqYNHyUSPc%3d,False,2026-07-18T02:03:39.9030000Z,False,False,False,False,False,False,0,False,,False,False,False,False,0,False,False,0,13388100970,False,B451B52C-0D85-47AE-8063-E7A400E84E43,False,False,True,4,7.902485334538699,1.058476426,,,,,"[{'message': 'Great Value', 'qualifier': 'Based on price, view, seat quality and more', 'hasValue': True, 'messageType': 'ValueBased'}, {'message': 'Popular Pick', 'qualifier': '6 tickets sold for this event', 'hasValue': True, 'messageType': 'BoughtInLastHourSocialProofBased'}, {'message': 'Aisle Seat', 'qualifier': 'Easy access to your seat', 'hasValue': True, 'messageType': 'AisleSeatTicketAttributeBased'}]",[2024],,,,,,,,,,,,,,,,
13388122309,153020449,313,122906,313,2,12,23_23,23,23,23,False,False,1,,False,False,[1],407,Upper,1,True,"[{'listingNoteId': -1, 'listingNoteContentId': 3338094, 'formattedListingNoteContent': 'Clear view', 'listingNoteTypeId': 3, 'showToBuyer': True, 'hideInMock': False, 'siteAddedListingNote': False, 'aisleListingNoteWithSplit': False, 'listingNoteDescriptionContentId': 3338095, 'formattedListingNoteDescription': ""You'll have an unrestricted view of the show.""}]","[{'listingNoteBucketId': 27, 'formattedListingNoteContent': 'Clear view', 'displayOrder': 8, 'showsRawNoteText': True, 'sourceListingNoteId': -1}]",703793,False,False,Row 12,False,1995731,"¥1,995,731","¥1,995,731",10,Mobile Transfer ticket,3,1,USD,JPY,7380.0,USD,"https://img.vggcdn.net/img/vfsimage2/812551/407_122906/0.jpg?im=Resize=(500,271)&v=771",2 hours ago,8,False,False,False,False,nBhBIAfJtW6vbA9vNO%2bMxVrTQHNtSM9fzNqYNHyUSPc%3d,False,2026-07-18T02:07:00.0670000Z,False,False,False,False,False,False,0,False,,False,False,False,False,0,False,False,0,13388122309,False,5A69FE63-2F44-46C0-A691-884E9C613040,False,False,True,4,7.776882351626958,1.04211531,,,,,"[{'message': 'Great Value', 'qualifier': 'Based on price, view, seat quality and more', 'hasValue': True, 'messageType': 'ValueBased'}, {'message': 'Popular Pick', 'qualifier': '6 tickets sold for this event', 'hasValue': True, 'messageType': 'BoughtInLastHourSocialProofBased'}]",[],,,,,,,,,,,,,,,,
13386258793,153020449,301,122894,301,2,7,_,,,,False,False,9,,False,False,"[1, 2, 3, 4, 5, 6, 7, 9]",407,Upper,9,True,"[{'listingNoteId': 2027, 'listingNoteContentId': 3415845, 'formattedListingNoteContent': 'Third Row of Section', 'listingNoteTypeId': 6, 'showToBuyer': True, 'hideInMock': False, 'siteAddedListingNote': False, 'aisleListingNoteWithSplit': False, 'listingNoteDescriptionContentId': 3415845, 'formattedListingNoteDescription': 'Third Row of Section'}, {'listingNoteId': -1, 'listingNoteContentId': 3338094, 'formattedListingNoteContent': 'Clear view', 'listingNoteTypeId': 3, 'showToBuyer': True, 'hideInMock': False, 'siteAddedListingNote': False, 'aisleListingNoteWithSplit': False, 'listingNoteDescriptionContentId': 3338095, 'formattedListingNoteDescription': ""You'll have an unrestricted view of the show.""}]","[{'listingNoteBucketId': 14, 'formattedListingNoteContent': 'Third Row of Section', 'displayOrder': 14, 'showsRawNoteText': True, 'sourceListingNoteId': 2027}, {'listingNoteBucketId': 27, 'formattedListingNoteContent': 'Clear view', 'displayOrder': 8, 'showsRawNoteText': True, 'sourceListingNoteId': -1}]",2113594,False,False,Row 7,False,1996519,"¥1,996,519","¥1,996,519",10,Mobile Transfer ticket,3,1,USD,JPY,4875.32,USD,"https://img.vggcdn.net/img/vfsimage2/812551/407_122894/0.jpg?im=Resize=(500,271)&v=771",7 hours ago,6,False,False,False,False,sUrx54oz9bvigPQp3hpWW0EbNCFyKvakKIuYXq1fqfQ%3d,False,2026-07-17T21:07:11.3770000Z,False,False,False,False,False,False,0,False,,False,False,False,False,0,False,False,0,13386258793,False,7692B4BA-6936-4ADE-9CA0-19249EA587E4,False,False,True,3,5.503688650024028,0.7962998324,,,,,"[{'message': 'Popular Pick', 'qualifier': '8 tickets sold for this event', 'hasValue': True, 'messageType': 'BoughtInLastHourSocialProofBased'}, {'message': 'Third Row', 'qualifier': 'Excellent proximity to the action', 'hasValue': True, 'messageType': 'ThirdRowTicketAttributeBased'}]",[2027],,,,,,,,,,,,,,,,
13388376987,153020449,227A,1530787,227A,2,9,14_14,14,14,14,False,False,1,,False,False,[1],471,Middle,1,True,"[{'listingNoteId': -1, 'listingNoteContentId': 3338094, 'formattedListingNoteContent': 'Clear view', 'listingNoteTypeId': 3, 'showToBuyer': True, 'hideInMock': False, 'siteAddedListingNote': False, 'aisleListingNoteWithSplit': False, 'listingNoteDescriptionContentId': 3338095, 'formattedListingNoteDescription': ""You'll have an unrestricted view of the show.""}]","[{'listingNoteBucketId': 27, 'formattedListingNoteContent': 'Clear view', 'displayOrder': 8, 'showsRawNoteText': True, 'sourceListingNoteId': -1}]",1593637,False,False,Row 9,False,2000605,"¥2,000,605","¥2,000,605",10,Mobile Transfer ticket,3,1,USD,JPY,0.0,USD,"https://img.vggcdn.net/img/vfsimage2/812551/471_1530787/0.jpg?im=Resize=(500,271)&v=771",an hour ago,9,False,False,False,False,Bu0%2b9739QsUfwl4MVkmA6mThVRGMXzDx%2fRcTOmvZJgE%3d,False,2026-07-18T03:17:08.1970000Z,False,False,False,False,False,False,0,False,,False,False,False,False,0,False,False,0,13388376987,False,4BDC2C9E-CF81-43EE-88D7-367D9E577525,False,False,True,5,8.707308277987135,1.199491418,,,,,"[{'message': 'Amazing Value', 'qualifier': 'Based on price, view, seat quality and more', 'hasValue': True, 'messageType': 'ValueBased'}, {'message': 'Popular Pick', 'qualifier': '8 tickets sold for this event', 'hasValue': True, 'messageType': 'BoughtInLastHourSocialProofBased'}]",[],,,,,,,,,,,,,,,,
13314250406,153020449,Category 4,2140587,Category 4,3,,_,,,,False,False,2,,False,False,"[1, 2]",1327,Category 4,2,True,"[{'listingNoteId': -1, 'listingNoteContentId': 3338094, 'formattedListingNoteContent': 'Clear view', 'listingNoteTypeId': 3, 'showToBuyer': True, 'hideInMock': False, 'siteAddedListingNote': False, 'aisleListingNoteWithSplit': False, 'listingNoteDescriptionContentId': 3338095, 'formattedListingNoteDescription': ""You'll have an unrestricted view of the show.""}]","[{'listingNoteBucketId': 27, 'formattedListingNoteContent': 'Clear view', 'displayOrder': 8, 'showsRawNoteText': True, 'sourceListingNoteId': -1}]",4264996,False,False,Row,True,2001131,"¥2,001,131","¥2,001,131",10,Mobile Transfer ticket,3,1,USD,JPY,10000.0,USD,"https://img.vggcdn.net/img/vfsimage2/812551/1327_2140587/0.jpg?im=Resize=(500,271)&v=771",7 days ago,9,False,False,True,False,uaiHD1pdxgwGLpP97bbDk9SwolerWOY%2f19ozTpNT8qI%3d,False,2026-07-10T12:22:05.0670000Z,False,False,False,False,False,False,0,False,[7],False,False,False,False,0,False,False,0,13314250406,False,58E2B0BF-2CF9-4F56-998D-B4F4FD2DA5AB,False,False,True,5,9.253643478724543,1.362416107,,,,,"[{'message': 'Amazing Value', 'qualifier': 'Based on price, view, seat quality and more', 'hasValue': True, 'messageType': 'ValueBased'}, {'message': 'Popular Pick', 'qualifier': '8 tickets sold for this event', 'hasValue': True, 'messageType': 'BoughtInLastHourSocialProofBased'}]",[],,,,Last tickets,True,,,,,,,,,,,
13386324506,153020449,310,122903,310,2,20,_,,,,False,False,4,,False,False,"[1, 2, 3, 4]",407,Upper,4,True,"[{'listingNoteId': -1, 'listingNoteContentId': 3338094, 'formattedListingNoteContent': 'Clear view', 'listingNoteTypeId': 3, 'showToBuyer': True, 'hideInMock': False, 'siteAddedListingNote': False, 'aisleListingNoteWithSplit': False, 'listingNoteDescriptionContentId': 3338095, 'formattedListingNoteDescription': ""You'll have an unrestricted view of the show.""}]","[{'listingNoteBucketId': 27, 'formattedListingNoteContent': 'Clear view', 'displayOrder': 8, 'showsRawNoteText': True, 'sourceListingNoteId': -1}]",703735,False,False,Row 20,False,2007608,"¥2,007,608","¥2,007,608",10,Mobile Transfer ticket,3,1,EUR,JPY,1222.0,EUR,"https://img.vggcdn.net/img/vfsimage2/812551/407_122903/0.jpg?im=Resize=(500,271)&v=771",7 hours ago,5,False,False,False,False,RqwsJv2EyKlmDe%2b0W15lVQ0kKFx3b0BTr4B0b7ev0Lc%3d,False,2026-07-17T21:20:55.5370000Z,False,False,False,False,False,False,0,False,,False,False,False,False,0,False,False,0,13386324506,False,9C7A15CC-68AA-4DA2-A5DA-9C50E2F9D14B,False,False,True,2,4.511852875151454,0.7032113034,,,,,"[{'message': 'Popular Pick', 'qualifier': '8 tickets sold for this event', 'hasValue': True, 'messageType': 'BoughtInLastHourSocialProofBased'}]",[],,,,,,,,,,,,,,,,
13318315128,153020449,311,122904,311,2,21,_,,,,False,False,4,,False,False,"[1, 2, 3, 4]",407,Upper,4,True,"[{'listingNoteId': -1, 'listingNoteContentId': 3338094, 'formattedListingNoteContent': 'Clear view', 'listingNoteTypeId': 3, 'showToBuyer': True, 'hideInMock': False, 'siteAddedListingNote': False, 'aisleListingNoteWithSplit': False, 'listingNoteDescriptionContentId': 3338095, 'formattedListingNoteDescription': ""You'll have an unrestricted view of the show.""}]","[{'listingNoteBucketId': 27, 'formattedListingNoteContent': 'Clear view', 'displayOrder': 8, 'showsRawNoteText': True, 'sourceListingNoteId': -1}]",703758,False,False,Row 21,False,2007608,"¥2,007,608","¥2,007,608",10,Mobile Transfer ticket,3,1,EUR,JPY,1222.0,EUR,"https://img.vggcdn.net/img/vfsimage2/812551/407_122904/0.jpg?im=Resize=(500,271)&v=771",7 days ago,4,False,False,False,False,RqwsJv2EyKlmDe%2b0W15lVQ0kKFx3b0BTr4B0b7ev0Lc%3d,False,2026-07-10T19:24:07.4600000Z,False,False,False,False,False,False,0,False,,False,False,False,False,0,False,False,0,13318315128,False,955996FD-D1C7-4942-86B5-62FBEB397C39,False,False,True,2,3.9738903105584646,0.6512872162,,,,,"[{'message': 'Popular Pick', 'qualifier': '8 tickets sold for this event', 'hasValue': True, 'messageType': 'BoughtInLastHourSocialProofBased'}]",[],,,,,,,,,,,,,,,,
13375653128,153020449,Spain Supporters,2447956,Spain Supporters,3,,_,,,,False,False,2,,False,False,"[1, 2]",1666,Spain Supporters,2,True,"[{'listingNoteId': -1, 'listingNoteContentId': 3338094, 'formattedListingNoteContent': 'Clear view', 'listingNoteTypeId': 3, 'showToBuyer': True, 'hideInMock': False, 'siteAddedListingNote': False, 'aisleListingNoteWithSplit': False, 'listingNoteDescriptionContentId': 3338095, 'formattedListingNoteDescription': ""You'll have an unrestricted view of the show.""}]","[{'listingNoteBucketId': 27, 'formattedListingNoteContent': 'Clear view', 'displayOrder': 8, 'showsRawNoteText': True, 'sourceListingNoteId': -1}]",4847586,False,False,Row,True,2007608,"¥2,007,608","¥2,007,608",10,Mobile Transfer ticket,3,1,EUR,JPY,1000.0,EUR,"https://img.vggcdn.net/img/vfsimage2/812551/1666_2447956/0.jpg?im=Resize=(500,271)&v=771",yesterday,0,False,False,True,True,WvYVfuyXjJdwi%2bMGaNYpIHJhvPQ7NAc970KT8tPia0o%3d,False,2026-07-16T19:33:25.1370000Z,False,False,False,False,False,False,0,False,[7],False,False,False,False,0,False,False,0,13375653128,False,5152079F-595F-4AA0-956F-EE46F63E5F7A,False,False,True,0,,,,,,,"[{'message': 'Popular Pick', 'qualifier': '8 tickets sold for this event', 'hasValue': True, 'messageType': 'BoughtInLastHourSocialProofBased'}]",[],,,,Last tickets,True,,,,,,,,,,,
13388378221,153020449,229,122855,229,2,10,_,,,,False,False,3,,False,False,"[1, 3]",471,Middle,3,True,"[{'listingNoteId': -1, 'listingNoteContentId': 3338094, 'formattedListingNoteContent': 'Clear view', 'listingNoteTypeId': 3, 'showToBuyer': True, 'hideInMock': False, 'siteAddedListingNote': False, 'aisleListingNoteWithSplit': False, 'listingNoteDescriptionContentId': 3338095, 'formattedListingNoteDescription': ""You'll have an unrestricted view of the show.""}]","[{'listingNoteBucketId': 27, 'formattedListingNoteContent': 'Clear view', 'displayOrder': 8, 'showsRawNoteText': True, 'sourceListingNoteId': -1}]",703185,False,False,Row 10,False,2008594,"¥2,008,594","¥2,008,594",10,Mobile Transfer ticket,3,1,USD,JPY,7380.0,USD,"https://img.vggcdn.net/img/vfsimage2/812551/471_122855/0.jpg?im=Resize=(500,271)&v=771",an hour ago,7,False,False,False,False,eluBfsMy4m1YfQItbzvNZsKDV0nJcicW02ic2uwiFkQ%3d,False,2026-07-18T03:17:32.5500000Z,False,False,False,True,False,False,0,False,[6],False,False,False,False,0,False,False,0,13388378221,False,7B34D8F8-457F-4F50-B155-857A2060AAF6,False,False,True,3,6.849602387172629,0.9387479609,,,,,"[{'message': 'Popular Pick', 'qualifier': '8 tickets sold for this event', 'hasValue': True, 'messageType': 'BoughtInLastHourSocialProofBased'}]",[],Fan favorite,This section is in the top 10% of sections for this event when ranked based on a count of successful sales over the past 7 days on our site,True,Last tickets,True,,,,[7],,,,,,,
13388378251,153020449,204,122837,204,2,9,_,,,,False,False,3,,False,False,"[1, 2, 3]",471,Middle,3,True,"[{'listingNoteId': -1, 'listingNoteContentId': 3338094, 'formattedListingNoteContent': 'Clear view', 'listingNoteTypeId': 3, 'showToBuyer': True, 'hideInMock': False, 'siteAddedListingNote': False, 'aisleListingNoteWithSplit': False, 'listingNoteDescriptionContentId': 3338095, 'formattedListingNoteDescription': ""You'll have an unrestricted view of the show.""}]","[{'listingNoteBucketId': 27, 'formattedListingNoteContent': 'Clear view', 'displayOrder': 8, 'showsRawNoteText': True, 'sourceListingNoteId': -1}]",702761,False,False,Row 9,False,2018610,"¥2,018,610","¥2,018,610",10,Mobile Transfer ticket,3,1,USD,JPY,7380.0,USD,"https://img.vggcdn.net/img/vfsimage2/812551/471_122837/0.jpg?im=Resize=(500,271)&v=771",an hour ago,7,False,False,False,False,PrtbNZw5xCGW2sxUJx54SVlKrrVAb4IQtedapXrmYig%3d,False,2026-07-18T03:17:32.9030000Z,False,False,False,False,False,False,0,False,,False,False,False,False,0,False,False,0,13388378251,False,8FFD4174-8878-4220-8457-55FCA0D725A0,False,False,True,3,6.930405090818534,0.9532622947,,,,,"[{'message': 'Popular Pick', 'qualifier': '8 tickets sold for this event', 'hasValue': True, 'messageType': 'BoughtInLastHourSocialProofBased'}]",[],,,,,,,,,,,,,,,,
13388378256,153020449,225A,1530785,225A,2,7,_,,,,False,False,3,,False,False,"[1, 3]",471,Middle,3,True,"[{'listingNoteId': -1, 'listingNoteContentId': 3338094, 'formattedListingNoteContent': 'Clear view', 'listingNoteTypeId': 3, 'showToBuyer': True, 'hideInMock': False, 'siteAddedListingNote': False, 'aisleListingNoteWithSplit': False, 'listingNoteDescriptionContentId': 3338095, 'formattedListingNoteDescription': ""You'll have an unrestricted view of the show.""}]","[{'listingNoteBucketId': 27, 'formattedListingNoteContent': 'Clear view', 'displayOrder': 8, 'showsRawNoteText': True, 'sourceListingNoteId': -1}]",1593620,False,False,Row 7,False,2023618,"¥2,023,618","¥2,023,618",10,Mobile Transfer ticket,3,1,USD,JPY,7380.0,USD,"https://img.vggcdn.net/img/vfsimage2/812551/471_1530785/0.jpg?im=Resize=(500,271)&v=771",an hour ago,8,False,False,False,False,BQ7vQ2nJJzz4IYiRV7lPU1xLVvbRdLSAugPysQvitVc%3d,False,2026-07-18T03:17:32.9400000Z,False,False,False,False,False,False,0,False,,False,False,False,False,0,False,False,0,13388378256,False,BB16FB15-F9AB-47F9-9E7E-86E07C706C24,False,False,True,4,8.425559200266171,1.148351963,,,,,"[{'message': 'Great Value', 'qualifier': 'Based on price, view, seat quality and more', 'hasValue': True, 'messageType': 'ValueBased'}, {'message': 'Popular Pick', 'qualifier': '8 tickets sold for this event', 'hasValue': True, 'messageType': 'BoughtInLastHourSocialProofBased'}]",[],,,,,,,,,,,,,,,,
13388378253,153020449,225A,1530785,225A,2,4,_,,,,False,False,3,,False,False,"[1, 3]",471,Middle,3,True,"[{'listingNoteId': -1, 'listingNoteContentId': 3338094, 'formattedListingNoteContent': 'Clear view', 'listingNoteTypeId': 3, 'showToBuyer': True, 'hideInMock': False, 'siteAddedListingNote': False, 'aisleListingNoteWithSplit': False, 'listingNoteDescriptionContentId': 3338095, 'formattedListingNoteDescription': ""You'll have an unrestricted view of the show.""}]","[{'listingNoteBucketId': 27, 'formattedListingNoteContent': 'Clear view', 'displayOrder': 8, 'showsRawNoteText': True, 'sourceListingNoteId': -1}]",1593617,False,False,Row 4,False,2028627,"¥2,028,627","¥2,028,627",10,Mobile Transfer ticket,3,1,USD,JPY,7380.0,USD,"https://img.vggcdn.net/img/vfsimage2/812551/471_1530785/0.jpg?im=Resize=(500,271)&v=771",an hour ago,9,False,False,False,False,trSOBcijM5oCMGaGiBErzjCjwt6pocf8HSfTMdLcMWs%3d,False,2026-07-18T03:17:32.9270000Z,False,False,False,False,False,False,0,False,,False,False,False,False,0,False,False,0,13388378253,False,A4ECBEBC-6FDD-4465-89DB-BC3D935547B4,False,False,True,5,8.992289425066296,1.297047225,,,,,"[{'message': 'Amazing Value', 'qualifier': 'Based on price, view, seat quality and more', 'hasValue': True, 'messageType': 'ValueBased'}, {'message': 'Popular Pick', 'qualifier': '8 tickets sold for this event', 'hasValue': True, 'messageType': 'BoughtInLastHourSocialProofBased'}]",[],,,,,,,,,,,,,,,,
13387963813,153020449,203A,1530773,203A,2,4,_,,,,False,False,1,,False,False,[1],471,Middle,1,True,"[{'listingNoteId': -1, 'listingNoteContentId': 3338094, 'formattedListingNoteContent': 'Clear view', 'listingNoteTypeId': 3, 'showToBuyer': True, 'hideInMock': False, 'siteAddedListingNote': False, 'aisleListingNoteWithSplit': False, 'listingNoteDescriptionContentId': 3338095, 'formattedListingNoteDescription': ""You'll have an unrestricted view of the show.""}]","[{'listingNoteBucketId': 27, 'formattedListingNoteContent': 'Clear view', 'displayOrder': 8, 'showsRawNoteText': True, 'sourceListingNoteId': -1}]",1593523,False,False,Row 4,False,2050488,"¥2,050,488","¥2,050,488",10,Mobile Transfer ticket,3,1,GBP,JPY,5000.0,GBP,"https://img.vggcdn.net/img/vfsimage2/812551/471_1530773/0.jpg?im=Resize=(500,271)&v=771",3 hours ago,8,False,False,False,False,9AuFlUnEllBSaK7KAAQ7%2f9dvcAo6AvD8%2b33BiggANmE%3d,False,2026-07-18T01:33:12.4470000Z,False,False,False,False,False,False,0,False,[7],False,False,False,False,0,False,False,0,13387963813,False,98DD0213-4D02-4555-8CC0-BC98B1AC2715,False,False,True,4,8.026236548255453,1.104611135,,,,,"[{'message': 'Great Value', 'qualifier': 'Based on price, view, seat quality and more', 'hasValue': True, 'messageType': 'ValueBased'}, {'message': 'Popular Pick', 'qualifier': '6 tickets sold for this event', 'hasValue': True, 'messageType': 'BoughtInLastHourSocialProofBased'}]",[],,,,Last ticket,True,,,,,,,,,,,
13388009537,153020449,204,122837,204,2,7,_,,,,False,False,1,,False,False,[1],471,Middle,1,True,"[{'listingNoteId': -1, 'listingNoteContentId': 3338094, 'formattedListingNoteContent': 'Clear view', 'listingNoteTypeId': 3, 'showToBuyer': True, 'hideInMock': False, 'siteAddedListingNote': False, 'aisleListingNoteWithSplit': False, 'listingNoteDescriptionContentId': 3338095, 'formattedListingNoteDescription': ""You'll have an unrestricted view of the show.""}]","[{'listingNoteBucketId': 27, 'formattedListingNoteContent': 'Clear view', 'displayOrder': 8, 'showsRawNoteText': True, 'sourceListingNoteId': -1}]",702759,False,False,Row 7,False,2054215,"¥2,054,215","¥2,054,215",10,Mobile Transfer ticket,3,1,USD,JPY,10750.0,USD,"https://img.vggcdn.net/img/vfsimage2/812551/471_122837/0.jpg?im=Resize=(500,271)&v=771",3 hours ago,7,False,False,False,False,3yLGUqmR43htIwDL%2bDW5HNREqj7lowKSWznmVIIn9zI%3d,False,2026-07-18T01:42:00.1730000Z,False,False,False,False,False,False,0,False,,False,False,False,False,0,False,False,0,13388009537,False,3CD853C5-F20C-4BB2-90DA-A850782F86B3,False,False,True,4,7.320281825013209,1.015593664,,,,,"[{'message': 'Great Value', 'qualifier': 'Based on price, view, seat quality and more', 'hasValue': True, 'messageType': 'ValueBased'}, {'message': 'Popular Pick', 'qualifier': '6 tickets sold for this event', 'hasValue': True, 'messageType': 'BoughtInLastHourSocialProofBased'}]",[],,,,,,,,,,,,,,,,
13386456800,153020449,Supporters Club,2439116,Supporters Club,2,6,_,,,,False,False,1,,False,False,[1],1068,Hospitality,1,True,"[{'listingNoteId': 1025, 'listingNoteContentId': 2446491, 'formattedListingNoteContent': 'Includes unlimited food and soft drinks', 'listingNoteTypeId': 3, 'showToBuyer': True, 'hideInMock': False, 'siteAddedListingNote': False, 'aisleListingNoteWithSplit': False, 'listingNoteDescriptionContentId': 2446492, 'formattedListingNoteDescription': 'Includes unlimited food and soft drinks'}, {'listingNoteId': 2344, 'listingNoteContentId': 4216766, 'formattedListingNoteContent': 'Includes Offsite Hospitality', 'listingNoteTypeId': 3, 'showToBuyer': True, 'hideInMock': False, 'siteAddedListingNote': False, 'aisleListingNoteWithSplit': False, 'formattedListingNoteDescription': ''}, {'listingNoteId': -1, 'listingNoteContentId': 3338094, 'formattedListingNoteContent': 'Clear view', 'listingNoteTypeId': 3, 'showToBuyer': True, 'hideInMock': False, 'siteAddedListingNote': False, 'aisleListingNoteWithSplit': False, 'listingNoteDescriptionContentId': 3338095, 'formattedListingNoteDescription': ""You'll have an unrestricted view of the show.""}]","[{'listingNoteBucketId': 7, 'formattedListingNoteContent': 'Food & beverages', 'displayOrder': 7, 'showsRawNoteText': False}, {'listingNoteBucketId': 0, 'formattedListingNoteContent': 'Includes Offsite Hospitality', 'displayOrder': 30, 'showsRawNoteText': True, 'sourceListingNoteId': 2344}, {'listingNoteBucketId': 27, 'formattedListingNoteContent': 'Clear view', 'displayOrder': 8, 'showsRawNoteText': True, 'sourceListingNoteId': -1}]",4837383,False,False,Row 6,True,2097659,"¥2,097,659","¥2,097,659",10,Mobile Transfer ticket,3,1,GBP,JPY,2000.0,GBP,"https://img.vggcdn.net/img/vfsimage2/812551/1068_2439116/0.jpg?im=Resize=(500,271)&v=771",7 hours ago,10,False,False,False,False,o1N5KpHRvJzns8ERB%2fZq4Xbt7f3XMN42e3X%2f60KrTKo%3d,False,2026-07-17T21:46:18.4730000Z,False,False,False,False,False,False,0,False,,False,False,False,False,0,False,False,0,13386456800,False,29BF31E1-43D2-4C4A-96A8-B3FEACBF0BEC,False,False,True,5,9.636379744629966,1.577970786,,,,,"[{'message': 'Amazing Value', 'qualifier': 'Based on price, view, seat quality and more', 'hasValue': True, 'messageType': 'ValueBased'}, {'message': 'Popular Pick', 'qualifier': '6 tickets sold for this event', 'hasValue': True, 'messageType': 'BoughtInLastHourSocialProofBased'}]",[],,,,,,,,,,,,,,,,
13373771975,153020449,311,122904,311,2,8,_,,,,False,False,3,,False,False,"[1, 2, 3]",407,Upper,3,True,"[{'listingNoteId': -1, 'listingNoteContentId': 3338094, 'formattedListingNoteContent': 'Clear view', 'listingNoteTypeId': 3, 'showToBuyer': True, 'hideInMock': False, 'siteAddedListingNote': False, 'aisleListingNoteWithSplit': False, 'listingNoteDescriptionContentId': 3338095, 'formattedListingNoteDescription': ""You'll have an unrestricted view of the show.""}]","[{'listingNoteBucketId': 27, 'formattedListingNoteContent': 'Clear view', 'displayOrder': 8, 'showsRawNoteText': True, 'sourceListingNoteId': -1}]",703745,False,False,Row 8,False,2097659,"¥2,097,659","¥2,097,659",10,Mobile Transfer ticket,3,1,GBP,JPY,1111.0,GBP,"https://img.vggcdn.net/img/vfsimage2/812551/407_122904/0.jpg?im=Resize=(500,271)&v=771",yesterday,6,False,False,False,False,o1N5KpHRvJzns8ERB%2fZq4Xbt7f3XMN42e3X%2f60KrTKo%3d,False,2026-07-16T16:11:41.9300000Z,False,False,False,False,False,False,0,False,,False,False,False,False,0,False,False,0,13373771975,False,14DCA5E2-DED9-4F4E-9D4D-E45DA4A02181,False,False,True,3,6.398519377795555,0.9270082586,,,,,"[{'message': 'Popular Pick', 'qualifier': '6 tickets sold for this event', 'hasValue': True, 'messageType': 'BoughtInLastHourSocialProofBased'}]",[],,,,,,,,,,,,,,,,
13387902394,153020449,204,122837,204,2,11,_,,,,False,False,4,,False,False,"[1, 2, 4]",471,Middle,4,True,"[{'listingNoteId': -1, 'listingNoteContentId': 3338094, 'formattedListingNoteContent': 'Clear view', 'listingNoteTypeId': 3, 'showToBuyer': True, 'hideInMock': False, 'siteAddedListingNote': False, 'aisleListingNoteWithSplit': False, 'listingNoteDescriptionContentId': 3338095, 'formattedListingNoteDescription': ""You'll have an unrestricted view of the show.""}]","[{'listingNoteBucketId': 27, 'formattedListingNoteContent': 'Clear view', 'displayOrder': 8, 'showsRawNoteText': True, 'sourceListingNoteId': -1}]",702763,False,False,Row 11,False,2101977,"¥2,101,977","¥2,101,977",10,Mobile Transfer ticket,3,1,USD,JPY,7380.0,USD,"https://img.vggcdn.net/img/vfsimage2/812551/471_122837/0.jpg?im=Resize=(500,271)&v=771",3 hours ago,6,False,False,False,False,%2blBxrqh3g%2bhH4VtSKTXn66yi1r9gw9qzi4a6QhoyDjw%3d,False,2026-07-18T01:20:31.6400000Z,False,False,False,False,False,False,0,False,,False,False,False,False,0,False,False,0,13387902394,False,A356E23D-9404-4158-AADF-2C0393C0E628,False,False,True,3,6.079900707992175,0.8945174088,,,,,"[{'message': 'Popular Pick', 'qualifier': '6 tickets sold for this event', 'hasValue': True, 'messageType': 'BoughtInLastHourSocialProofBased'}]",[],,,,,,,,,,,,,,,,
13386258770,153020449,341,122934,341,2,18,_,,,,False,False,6,,False,False,"[1, 2, 3, 4, 6]",407,Upper,6,True,"[{'listingNoteId': -1, 'listingNoteContentId': 3338094, 'formattedListingNoteContent': 'Clear view', 'listingNoteTypeId': 3, 'showToBuyer': True, 'hideInMock': False, 'siteAddedListingNote': False, 'aisleListingNoteWithSplit': False, 'listingNoteDescriptionContentId': 3338095, 'formattedListingNoteDescription': ""You'll have an unrestricted view of the show.""}]","[{'listingNoteBucketId': 27, 'formattedListingNoteContent': 'Clear view', 'displayOrder': 8, 'showsRawNoteText': True, 'sourceListingNoteId': -1}]",704412,False,False,Row 18,False,2112293,"¥2,112,293","¥2,112,293",10,Mobile Transfer ticket,3,1,USD,JPY,8340.0,USD,"https://img.vggcdn.net/img/vfsimage2/812551/407_122934/0.jpg?im=Resize=(500,271)&v=771",7 hours ago,5,False,False,False,False,qholvpIzA0%2fW3h37PTEp3nXKkn9dBfafvH4zeO7CqGA%3d,False,2026-07-17T21:07:11.2430000Z,False,False,False,False,False,False,0,False,[7],False,False,False,False,0,False,False,0,13386258770,False,2C2F8B55-8BEF-402F-BB1B-7953338634FE,False,False,True,3,5.116450874946687,0.8083873733,,,,,"[{'message': 'Popular Pick', 'qualifier': '6 tickets sold for this event', 'hasValue': True, 'messageType': 'BoughtInLastHourSocialProofBased'}]",[],,,,Last tickets,True,,,,,,,,,,,
13387509338,153020449,248,122946,248,2,15,2_2,,,2,False,False,1,,False,False,[1],471,Middle,1,True,"[{'listingNoteId': -1, 'listingNoteContentId': 3338094, 'formattedListingNoteContent': 'Clear view', 'listingNoteTypeId': 3, 'showToBuyer': True, 'hideInMock': False, 'siteAddedListingNote': False, 'aisleListingNoteWithSplit': False, 'listingNoteDescriptionContentId': 3338095, 'formattedListingNoteDescription': ""You'll have an unrestricted view of the show.""}]","[{'listingNoteBucketId': 27, 'formattedListingNoteContent': 'Clear view', 'displayOrder': 8, 'showsRawNoteText': True, 'sourceListingNoteId': -1}]",703459,False,False,Row 15,False,2117596,"¥2,117,596","¥2,117,596",10,Mobile Transfer ticket,3,14,USD,JPY,0.0,USD,"https://img.vggcdn.net/img/vfsimage2/812551/471_122946/0.jpg?im=Resize=(500,271)&v=771",5 hours ago,5,False,False,False,False,rpF1%2bibR22CI6dTjpEoMfflQV4yPKtDAbXtjQsIpn6g%3d,False,2026-07-17T23:54:25.9270000Z,False,False,False,False,False,False,0,False,[7],False,False,False,False,0,False,False,0,13387509338,False,B0F730CF-50F6-4715-A1EE-6296428699BC,False,False,True,3,5.262093910162242,0.8229447651,,,,,"[{'message': 'Popular Pick', 'qualifier': '6 tickets sold for this event', 'hasValue': True, 'messageType': 'BoughtInLastHourSocialProofBased'}]",[],,,,Last ticket,True,,,,,,,,,,,
13387488049,153020449,319,122912,319,2,1,3_4,,,3,False,False,1,,False,False,[1],478,Loge,1,True,"[{'listingNoteId': 2025, 'listingNoteContentId': 3415843, 'formattedListingNoteContent': 'Front Row of Section', 'listingNoteTypeId': 6, 'showToBuyer': True, 'hideInMock': False, 'siteAddedListingNote': False, 'aisleListingNoteWithSplit': False, 'listingNoteDescriptionContentId': 3415843, 'formattedListingNoteDescription': 'Front Row of Section'}, {'listingNoteId': -1, 'listingNoteContentId': 3338094, 'formattedListingNoteContent': 'Clear view', 'listingNoteTypeId': 3, 'showToBuyer': True, 'hideInMock': False, 'siteAddedListingNote': False, 'aisleListingNoteWithSplit': False, 'listingNoteDescriptionContentId': 3338095, 'formattedListingNoteDescription': ""You'll have an unrestricted view of the show.""}]","[{'listingNoteBucketId': 14, 'formattedListingNoteContent': 'Front Row of Section', 'displayOrder': 14, 'showsRawNoteText': True, 'sourceListingNoteId': 2025}, {'listingNoteBucketId': 27, 'formattedListingNoteContent': 'Clear view', 'displayOrder': 8, 'showsRawNoteText': True, 'sourceListingNoteId': -1}]",1591109,False,False,Row 1,False,2142936,"¥2,142,936","¥2,142,936",10,Mobile Transfer ticket,3,14,USD,JPY,0.0,USD,"https://img.vggcdn.net/img/vfsimage2/812551/478_122912/0.jpg?im=Resize=(500,271)&v=771",5 hours ago,7,False,False,False,False,zkIyVyw03zOXLP42oU8dQueDywfNr%2bVsOG3mlHJxeq0%3d,False,2026-07-17T23:48:53.3370000Z,False,False,False,False,False,False,0,False,,False,False,False,False,0,False,False,0,13387488049,False,51A1DCFF-5AEE-4B61-BB17-11F34A4FB22F,False,False,True,3,6.761289097367624,0.9903846434,,,,,"[{'message': 'Popular Pick', 'qualifier': '6 tickets sold for this event', 'hasValue': True, 'messageType': 'BoughtInLastHourSocialProofBased'}, {'message': 'Front Row', 'qualifier': 'Best seats in the house', 'hasValue': True, 'messageType': 'FirstRowTicketAttributeBased'}]",[2025],,,,,,,,,,,,,,,,
13388733832,153020449,205A,1530775,205A,2,3,3_3,3,3,3,False,False,1,,False,False,[1],471,Middle,1,True,"[{'listingNoteId': 2027, 'listingNoteContentId': 3415845, 'formattedListingNoteContent': 'Third Row of Section', 'listingNoteTypeId': 6, 'showToBuyer': True, 'hideInMock': False, 'siteAddedListingNote': False, 'aisleListingNoteWithSplit': False, 'listingNoteDescriptionContentId': 3415845, 'formattedListingNoteDescription': 'Third Row of Section'}, {'listingNoteId': -1, 'listingNoteContentId': 3338094, 'formattedListingNoteContent': 'Clear view', 'listingNoteTypeId': 3, 'showToBuyer': True, 'hideInMock': False, 'siteAddedListingNote': False, 'aisleListingNoteWithSplit': False, 'listingNoteDescriptionContentId': 3338095, 'formattedListingNoteDescription': ""You'll have an unrestricted view of the show.""}]","[{'listingNoteBucketId': 14, 'formattedListingNoteContent': 'Third Row of Section', 'displayOrder': 14, 'showsRawNoteText': True, 'sourceListingNoteId': 2027}, {'listingNoteBucketId': 27, 'formattedListingNoteContent': 'Clear view', 'displayOrder': 8, 'showsRawNoteText': True, 'sourceListingNoteId': -1}]",1593534,False,False,Row 3,False,2144476,"¥2,144,476","¥2,144,476",10,Mobile Transfer ticket,3,1,USD,JPY,7630.0,USD,"https://img.vggcdn.net/img/vfsimage2/812551/471_1530775/0.jpg?im=Resize=(500,271)&v=771",29 minutes ago,8,False,False,False,False,oBHH45jmBw3j64cRo20WiLewpAQ841HzhNQ1CGSVZ7E%3d,False,2026-07-18T04:33:03.0530000Z,False,False,False,False,False,False,0,False,,False,False,False,False,0,False,False,0,13388733832,False,4D00168E-6338-42BE-875C-0B8AB026CDB4,False,False,True,4,7.976502947727648,1.148005168,,,,,"[{'message': 'Great Value', 'qualifier': 'Based on price, view, seat quality and more', 'hasValue': True, 'messageType': 'ValueBased'}, {'message': 'Popular Pick', 'qualifier': '6 tickets sold for this event', 'hasValue': True, 'messageType': 'BoughtInLastHourSocialProofBased'}, {'message': 'Third Row', 'qualifier': 'Excellent proximity to the action', 'hasValue': True, 'messageType': 'ThirdRowTicketAttributeBased'}]",[2027],,,,,,"¥2,843,403",25.0,"¥698,927",,,,,,,,
13388321729,153020449,205A,1530775,205A,2,2,_,,,,False,False,4,,False,False,"[1, 2, 4]",471,Middle,4,True,"[{'listingNoteId': 810, 'listingNoteContentId': 2446052, 'formattedListingNoteContent': 'Actual 2nd row of section', 'listingNoteTypeId': 3, 'showToBuyer': True, 'hideInMock': False, 'siteAddedListingNote': False, 'aisleListingNoteWithSplit': False, 'listingNoteDescriptionContentId': 2446053, 'formattedListingNoteDescription': 'Actual 2nd row of section'}, {'listingNoteId': -1, 'listingNoteContentId': 3338094, 'formattedListingNoteContent': 'Clear view', 'listingNoteTypeId': 3, 'showToBuyer': True, 'hideInMock': False, 'siteAddedListingNote': False, 'aisleListingNoteWithSplit': False, 'listingNoteDescriptionContentId': 3338095, 'formattedListingNoteDescription': ""You'll have an unrestricted view of the show.""}]","[{'listingNoteBucketId': 14, 'formattedListingNoteContent': 'Actual 2nd row of section', 'displayOrder': 14, 'showsRawNoteText': True, 'sourceListingNoteId': 810}, {'listingNoteBucketId': 27, 'formattedListingNoteContent': 'Clear view', 'displayOrder': 8, 'showsRawNoteText': True, 'sourceListingNoteId': -1}]",1593533,False,False,Row 2,False,2144866,"¥2,144,866","¥2,144,866",10,Mobile Transfer ticket,3,1,USD,JPY,7380.0,USD,"https://img.vggcdn.net/img/vfsimage2/812551/471_1530775/0.jpg?im=Resize=(500,271)&v=771",an hour ago,8,False,False,False,False,VNmzPi8XmJ5RZpmv24M1jHKfH%2bXSEBPR8xYH6UuSN18%3d,False,2026-07-18T03:03:41.5300000Z,False,False,False,False,False,False,0,False,,False,False,False,False,0,False,False,0,13388321729,False,9AA06C0A-1591-4655-B208-32CA4B046E89,False,False,True,4,8.287035060378697,1.195032793,,,,,"[{'message': 'Great Value', 'qualifier': 'Based on price, view, seat quality and more', 'hasValue': True, 'messageType': 'ValueBased'}, {'message': 'Hidden gem', 'qualifier': ""Fans haven't spotted this one yet"", 'hasValue': True, 'messageType': 'HiddenGem'}, {'message': 'Second Row', 'qualifier': 'Premium close-up view', 'hasValue': True, 'messageType': 'SecondRowTicketAttributeBased'}]",[810],,,,,,,,,,,,,,,,
13354520864,153020449,347,122940,347,2,16,5_7,,,5,False,False,3,,False,False,"[1, 2, 3]",407,Upper,3,True,"[{'listingNoteId': -1, 'listingNoteContentId': 3338094, 'formattedListingNoteContent': 'Clear view', 'listingNoteTypeId': 3, 'showToBuyer': True, 'hideInMock': False, 'siteAddedListingNote': False, 'aisleListingNoteWithSplit': False, 'listingNoteDescriptionContentId': 3338095, 'formattedListingNoteDescription': ""You'll have an unrestricted view of the show.""}]","[{'listingNoteBucketId': 27, 'formattedListingNoteContent': 'Clear view', 'displayOrder': 8, 'showsRawNoteText': True, 'sourceListingNoteId': -1}]",2113976,False,False,Row 16,False,2157935,"¥2,157,935","¥2,157,935",10,Mobile Transfer ticket,3,1,EUR,JPY,5059.0,EUR,"https://img.vggcdn.net/img/vfsimage2/812551/407_122940/0.jpg?im=Resize=(500,271)&v=771",3 days ago,5,False,False,False,False,PKB1Vpvak4jBcC%2boMr7S1Ss%2bwfd9r8vBN3ErjH1YiCo%3d,False,2026-07-15T00:57:58.7930000Z,False,False,False,False,False,False,0,False,,False,False,False,False,0,False,False,0,13354520864,False,C428FD8A-E960-4492-8D34-65E3359EB26B,False,False,True,2,4.51135649523153,0.7558231346,,,,,"[{'message': 'Popular Pick', 'qualifier': '6 tickets sold for this event', 'hasValue': True, 'messageType': 'BoughtInLastHourSocialProofBased'}]",[],,,,,,,,,,,,,,,,
13385101871,153020449,221A,1530781,221A,2,11,_,,,,False,False,3,,False,False,"[1, 3]",471,Middle,3,True,"[{'listingNoteId': -1, 'listingNoteContentId': 3338094, 'formattedListingNoteContent': 'Clear view', 'listingNoteTypeId': 3, 'showToBuyer': True, 'hideInMock': False, 'siteAddedListingNote': False, 'aisleListingNoteWithSplit': False, 'listingNoteDescriptionContentId': 3338095, 'formattedListingNoteDescription': ""You'll have an unrestricted view of the show.""}]","[{'listingNoteBucketId': 27, 'formattedListingNoteContent': 'Clear view', 'displayOrder': 8, 'showsRawNoteText': True, 'sourceListingNoteId': -1}]",1593585,False,False,Row 11,False,2171093,"¥2,171,093","¥2,171,093",10,Mobile Transfer ticket,3,1,GBP,JPY,8000.0,GBP,"https://img.vggcdn.net/img/vfsimage2/812551/471_1530781/0.jpg?im=Resize=(500,271)&v=771",10 hours ago,6,False,False,False,False,z%2bs4kIu4Dbq8%2f1n4sm2QSM8npwa20j%2bKxMCPtRGqX6o%3d,False,2026-07-17T18:43:25.3670000Z,False,False,False,False,False,False,0,False,[7],False,False,False,False,0,False,False,0,13385101871,False,33EC56CE-4CC7-4351-8537-1833A090F2BB,False,False,True,3,5.898269469337741,0.9048350685,,,,,"[{'message': 'Popular Pick', 'qualifier': '6 tickets sold for this event', 'hasValue': True, 'messageType': 'BoughtInLastHourSocialProofBased'}]",[],,,,Last tickets,True,"¥3,113,154",30.0,"¥942,061",,,,,,,,
13378238832,153020449,103,122783,103,2,41,18_18,18,18,18,False,False,1,,False,False,[1],594,Lower,1,True,"[{'listingNoteId': -1, 'listingNoteContentId': 3338094, 'formattedListingNoteContent': 'Clear view', 'listingNoteTypeId': 3, 'showToBuyer': True, 'hideInMock': False, 'siteAddedListingNote': False, 'aisleListingNoteWithSplit': False, 'listingNoteDescriptionContentId': 3338095, 'formattedListingNoteDescription': ""You'll have an unrestricted view of the show.""}]","[{'listingNoteBucketId': 27, 'formattedListingNoteContent': 'Clear view', 'displayOrder': 8, 'showsRawNoteText': True, 'sourceListingNoteId': -1}]",2112145,False,False,Row 41,False,2195155,"¥2,195,155","¥2,195,155",10,Mobile Transfer ticket,3,1,MXN,JPY,205510.0,MXN,"https://img.vggcdn.net/img/vfsimage2/812551/594_122783/0.jpg?im=Resize=(500,271)&v=771",yesterday,6,False,False,False,False,qI9zRs1G2UL0CRuZv6IU6ftwvwU69XdCa7BD2YaRIvo%3d,False,2026-07-17T00:41:35.0770000Z,False,False,False,True,False,False,0,False,[6],False,False,False,False,0,False,False,0,13378238832,False,765F10B7-0906-4001-B4A8-F220F15F29F6,False,False,True,3,6.430600602862599,0.9738733428,,,,,"[{'message': 'Popular Pick', 'qualifier': '6 tickets sold for this event', 'hasValue': True, 'messageType': 'BoughtInLastHourSocialProofBased'}]",[],Fan favorite,This section is in the top 10% of sections for this event when ranked based on a count of successful sales over the past 7 days on our site,True,,,,,,,,,,,,,
13388469612,153020449,101,122782,101,2,17,2_2,2,2,2,False,False,1,,False,False,[1],594,Lower,1,True,"[{'listingNoteId': -1, 'listingNoteContentId': 3338094, 'formattedListingNoteContent': 'Clear view', 'listingNoteTypeId': 3, 'showToBuyer': True, 'hideInMock': False, 'siteAddedListingNote': False, 'aisleListingNoteWithSplit': False, 'listingNoteDescriptionContentId': 3338095, 'formattedListingNoteDescription': ""You'll have an unrestricted view of the show.""}]","[{'listingNoteBucketId': 27, 'formattedListingNoteContent': 'Clear view', 'displayOrder': 8, 'showsRawNoteText': True, 'sourceListingNoteId': -1}]",2112071,False,False,Row 17,False,2202375,"¥2,202,375","¥2,202,375",10,Mobile Transfer ticket,3,1,USD,JPY,,USD,"https://img.vggcdn.net/img/vfsimage2/812551/594_122782/0.jpg?im=Resize=(500,271)&v=771",an hour ago,9,False,False,False,False,h%2fq1ez7pNm6AIs7e1USdZInAeWanoH17o1H5LZ9ppuo%3d,False,2026-07-18T03:45:19.0200000Z,False,False,False,False,False,False,0,False,,False,False,False,False,0,False,False,0,13388469612,False,27DA70D8-20D6-4417-AE15-56EF616A8B83,False,False,True,5,8.926914032958758,1.387036462,,,,,"[{'message': 'Amazing Value', 'qualifier': 'Based on price, view, seat quality and more', 'hasValue': True, 'messageType': 'ValueBased'}, {'message': 'Popular Pick', 'qualifier': '6 tickets sold for this event', 'hasValue': True, 'messageType': 'BoughtInLastHourSocialProofBased'}]",[],,,,,,,,,,,,,,,,
13388623059,153020449,Category 1,1989399,Category 1,3,,_,,,,False,False,1,,False,False,[1],1245,Category 1,1,True,"[{'listingNoteId': -1, 'listingNoteContentId': 3338094, 'formattedListingNoteContent': 'Clear view', 'listingNoteTypeId': 3, 'showToBuyer': True, 'hideInMock': False, 'siteAddedListingNote': False, 'aisleListingNoteWithSplit': False, 'listingNoteDescriptionContentId': 3338095, 'formattedListingNoteDescription': ""You'll have an unrestricted view of the show.""}]","[{'listingNoteBucketId': 27, 'formattedListingNoteContent': 'Clear view', 'displayOrder': 8, 'showsRawNoteText': True, 'sourceListingNoteId': -1}]",3325458,False,False,Row,True,2205621,"¥2,205,621","¥2,205,621",10,Mobile Transfer ticket,3,1,USD,JPY,7870.0,USD,"https://img.vggcdn.net/img/vfsimage2/812551/1245_1989399/0.jpg?im=Resize=(500,271)&v=771",47 minutes ago,8,False,False,True,False,6eLi2h8pj%2bOc%2fF%2f1mBRQ2eH3ye%2bUIXshKiZugydHgkU%3d,False,2026-07-18T04:14:59.4200000Z,False,False,False,False,False,False,0,False,[7],False,False,False,False,0,False,False,0,13388623059,False,A4FE1CD4-772E-4507-BC0E-7688DD4B7195,False,False,True,4,8.351855622081887,1.2394394,,,,,"[{'message': 'Great Value', 'qualifier': 'Based on price, view, seat quality and more', 'hasValue': True, 'messageType': 'ValueBased'}, {'message': 'Popular Pick', 'qualifier': '6 tickets sold for this event', 'hasValue': True, 'messageType': 'BoughtInLastHourSocialProofBased'}]",[],,,,Last ticket,True,,,,,,,,,,,
13388384380,153020449,227A,1530787,227A,2,8,_,,,,False,False,4,,False,False,"[1, 2, 4]",471,Middle,4,True,"[{'listingNoteId': -1, 'listingNoteContentId': 3338094, 'formattedListingNoteContent': 'Clear view', 'listingNoteTypeId': 3, 'showToBuyer': True, 'hideInMock': False, 'siteAddedListingNote': False, 'aisleListingNoteWithSplit': False, 'listingNoteDescriptionContentId': 3338095, 'formattedListingNoteDescription': ""You'll have an unrestricted view of the show.""}]","[{'listingNoteBucketId': 27, 'formattedListingNoteContent': 'Clear view', 'displayOrder': 8, 'showsRawNoteText': True, 'sourceListingNoteId': -1}]",1593636,False,False,Row 8,False,2221313,"¥2,221,313","¥2,221,313",10,Mobile Transfer ticket,3,1,USD,JPY,7380.0,USD,"https://img.vggcdn.net/img/vfsimage2/812551/471_1530787/0.jpg?im=Resize=(500,271)&v=771",an hour ago,8,False,False,False,False,U50nZfybpCiFplRa1vWTQ%2f5J1%2bDYS7l%2f5a9dkcGwYM4%3d,False,2026-07-18T03:19:44.3100000Z,False,False,False,False,False,False,0,False,,False,False,False,False,0,False,False,0,13388384380,False,0AC8CD9C-92B8-4E17-B4C7-0704E1778BE6,False,False,True,4,8.280374337830692,1.236552798,,,,,"[{'message': 'Great Value', 'qualifier': 'Based on price, view, seat quality and more', 'hasValue': True, 'messageType': 'ValueBased'}, {'message': 'Popular Pick', 'qualifier': '6 tickets sold for this event', 'hasValue': True, 'messageType': 'BoughtInLastHourSocialProofBased'}]",[],,,,,,,,,,,,,,,,
13364211724,153020449,318,122911,318,2,5,16_16,16,16,16,False,False,1,,False,False,[1],407,Upper,1,True,"[{'listingNoteId': -1, 'listingNoteContentId': 3338094, 'formattedListingNoteContent': 'Clear view', 'listingNoteTypeId': 3, 'showToBuyer': True, 'hideInMock': False, 'siteAddedListingNote': False, 'aisleListingNoteWithSplit': False, 'listingNoteDescriptionContentId': 3338095, 'formattedListingNoteDescription': ""You'll have an unrestricted view of the show.""}]","[{'listingNoteBucketId': 27, 'formattedListingNoteContent': 'Clear view', 'displayOrder': 8, 'showsRawNoteText': True, 'sourceListingNoteId': -1}]",703896,False,False,Row 5,False,2228108,"¥2,228,108","¥2,228,108",10,Mobile Transfer ticket,3,1,USD,JPY,,USD,"https://img.vggcdn.net/img/vfsimage2/812551/407_122911/0.jpg?im=Resize=(500,271)&v=771",2 days ago,6,False,False,False,False,ILFzjXElhDdaRPjqrdnoZ7jzkh74MOvwiCJAfRTkTPc%3d,False,2026-07-15T21:27:47.2830000Z,False,False,False,False,False,False,0,False,,False,False,False,False,0,False,False,0,13364211724,False,C1D8E880-9A61-4BD0-A5EF-010FCF404E53,False,False,True,3,6.2188842844594205,0.9637732843,,,,,"[{'message': 'Popular Pick', 'qualifier': '6 tickets sold for this event', 'hasValue': True, 'messageType': 'BoughtInLastHourSocialProofBased'}]",[],,,,,,,,,,,,,,,,
13387080696,153020449,128,122798,128,2,21,_,,,,False,False,1,,False,False,[1],594,Lower,1,True,"[{'listingNoteId': -1, 'listingNoteContentId': 3338094, 'formattedListingNoteContent': 'Clear view', 'listingNoteTypeId': 3, 'showToBuyer': True, 'hideInMock': False, 'siteAddedListingNote': False, 'aisleListingNoteWithSplit': False, 'listingNoteDescriptionContentId': 3338095, 'formattedListingNoteDescription': ""You'll have an unrestricted view of the show.""}]","[{'listingNoteBucketId': 27, 'formattedListingNoteContent': 'Clear view', 'displayOrder': 8, 'showsRawNoteText': True, 'sourceListingNoteId': -1}]",2112826,False,False,Row 21,False,2230626,"¥2,230,626","¥2,230,626",10,Mobile Transfer ticket,3,1,EUR,JPY,10990.0,EUR,"https://img.vggcdn.net/img/vfsimage2/812551/594_122798/0.jpg?im=Resize=(500,271)&v=771",5 hours ago,9,False,False,False,False,Hg4qpTIcktleXtIiMQBbIt%2f8lBDzS6WTownI5T1umRk%3d,False,2026-07-17T23:05:59.8100000Z,False,False,False,False,False,False,0,False,[7],False,False,False,False,0,False,False,0,13387080696,False,6CC2EC37-8458-4275-A6C2-525734596C7F,False,False,True,5,9.025212297084982,1.437252908,,,,,"[{'message': 'Amazing Value', 'qualifier': 'Based on price, view, seat quality and more', 'hasValue': True, 'messageType': 'ValueBased'}, {'message': 'Popular Pick', 'qualifier': '6 tickets sold for this event', 'hasValue': True, 'messageType': 'BoughtInLastHourSocialProofBased'}]",[],,,,Last ticket,True,,,,,,,,,,,
13388880111,153020449,126,122797,126,2,29,_,,,,False,False,4,,False,False,"[1, 2, 3, 4]",594,Lower,4,True,"[{'listingNoteId': -1, 'listingNoteContentId': 3338094, 'formattedListingNoteContent': 'Clear view', 'listingNoteTypeId': 3, 'showToBuyer': True, 'hideInMock': False, 'siteAddedListingNote': False, 'aisleListingNoteWithSplit': False, 'listingNoteDescriptionContentId': 3338095, 'formattedListingNoteDescription': ""You'll have an unrestricted view of the show.""}]","[{'listingNoteBucketId': 27, 'formattedListingNoteContent': 'Clear view', 'displayOrder': 8, 'showsRawNoteText': True, 'sourceListingNoteId': -1}]",2112786,False,False,Row 29,False,2230626,"¥2,230,626","¥2,230,626",10,Mobile Transfer ticket,3,1,EUR,JPY,10990.0,EUR,"https://img.vggcdn.net/img/vfsimage2/812551/594_122797/0.jpg?im=Resize=(500,271)&v=771",10 minutes ago,9,False,False,False,False,Hg4qpTIcktleXtIiMQBbIt%2f8lBDzS6WTownI5T1umRk%3d,False,2026-07-18T04:51:47.6800000Z,False,False,False,False,False,False,0,False,,False,False,False,False,0,False,False,0,13388880111,False,73061755-AC5D-4175-83FF-A13C51CC37AE,False,False,True,5,8.564558261783231,1.296988872,,,,,"[{'message': 'Amazing Value', 'qualifier': 'Based on price, view, seat quality and more', 'hasValue': True, 'messageType': 'ValueBased'}, {'message': 'Popular Pick', 'qualifier': '6 tickets sold for this event', 'hasValue': True, 'messageType': 'BoughtInLastHourSocialProofBased'}]",[],,,,,,"¥2,849,029",22.0,"¥618,403",,,,,,,,
13388880112,153020449,126,122797,126,2,32,_,,,,False,False,4,,False,False,"[1, 2, 3, 4]",594,Lower,4,True,"[{'listingNoteId': -1, 'listingNoteContentId': 3338094, 'formattedListingNoteContent': 'Clear view', 'listingNoteTypeId': 3, 'showToBuyer': True, 'hideInMock': False, 'siteAddedListingNote': False, 'aisleListingNoteWithSplit': False, 'listingNoteDescriptionContentId': 3338095, 'formattedListingNoteDescription': ""You'll have an unrestricted view of the show.""}]","[{'listingNoteBucketId': 27, 'formattedListingNoteContent': 'Clear view', 'displayOrder': 8, 'showsRawNoteText': True, 'sourceListingNoteId': -1}]",2112790,False,False,Row 32,False,2230626,"¥2,230,626","¥2,230,626",10,Mobile Transfer ticket,3,1,EUR,JPY,10990.0,EUR,"https://img.vggcdn.net/img/vfsimage2/812551/594_122797/0.jpg?im=Resize=(500,271)&v=771",10 minutes ago,8,False,False,False,False,Hg4qpTIcktleXtIiMQBbIt%2f8lBDzS6WTownI5T1umRk%3d,False,2026-07-18T04:51:47.6800000Z,False,False,False,False,False,False,0,False,,False,False,False,False,0,False,False,0,13388880112,False,EE74F000-CC71-4616-839C-492259A0C661,False,False,True,4,8.314988435780478,1.247404249,,,,,"[{'message': 'Great Value', 'qualifier': 'Based on price, view, seat quality and more', 'hasValue': True, 'messageType': 'ValueBased'}, {'message': 'Popular Pick', 'qualifier': '6 tickets sold for this event', 'hasValue': True, 'messageType': 'BoughtInLastHourSocialProofBased'}]",[],,,,,,"¥2,849,029",22.0,"¥618,403",,,,,,,,
13388880115,153020449,126,122797,126,2,37,_,,,,False,False,4,,False,False,"[1, 2, 3, 4]",594,Lower,4,True,"[{'listingNoteId': -1, 'listingNoteContentId': 3338094, 'formattedListingNoteContent': 'Clear view', 'listingNoteTypeId': 3, 'showToBuyer': True, 'hideInMock': False, 'siteAddedListingNote': False, 'aisleListingNoteWithSplit': False, 'listingNoteDescriptionContentId': 3338095, 'formattedListingNoteDescription': ""You'll have an unrestricted view of the show.""}]","[{'listingNoteBucketId': 27, 'formattedListingNoteContent': 'Clear view', 'displayOrder': 8, 'showsRawNoteText': True, 'sourceListingNoteId': -1}]",2112795,False,False,Row 37,False,2230626,"¥2,230,626","¥2,230,626",10,Mobile Transfer ticket,3,1,EUR,JPY,10990.0,EUR,"https://img.vggcdn.net/img/vfsimage2/812551/594_122797/0.jpg?im=Resize=(500,271)&v=771",10 minutes ago,8,False,False,False,False,Hg4qpTIcktleXtIiMQBbIt%2f8lBDzS6WTownI5T1umRk%3d,False,2026-07-18T04:51:47.6900000Z,False,False,False,False,False,False,0,False,,False,False,False,False,0,False,False,0,13388880115,False,0CBF46A9-D443-4115-B798-15BC4A756319,False,False,True,4,7.803737884211025,1.168661515,,,,,"[{'message': 'Great Value', 'qualifier': 'Based on price, view, seat quality and more', 'hasValue': True, 'messageType': 'ValueBased'}, {'message': 'Popular Pick', 'qualifier': '8 tickets sold for this event', 'hasValue': True, 'messageType': 'BoughtInLastHourSocialProofBased'}]",[],,,,,,"¥2,849,029",22.0,"¥618,403",,,,,,,,
13388880123,153020449,126,122797,126,2,38,_,,,,False,False,4,,False,False,"[1, 2, 3, 4]",594,Lower,4,True,"[{'listingNoteId': -1, 'listingNoteContentId': 3338094, 'formattedListingNoteContent': 'Clear view', 'listingNoteTypeId': 3, 'showToBuyer': True, 'hideInMock': False, 'siteAddedListingNote': False, 'aisleListingNoteWithSplit': False, 'listingNoteDescriptionContentId': 3338095, 'formattedListingNoteDescription': ""You'll have an unrestricted view of the show.""}]","[{'listingNoteBucketId': 27, 'formattedListingNoteContent': 'Clear view', 'displayOrder': 8, 'showsRawNoteText': True, 'sourceListingNoteId': -1}]",2112796,False,False,Row 38,False,2230626,"¥2,230,626","¥2,230,626",10,Mobile Transfer ticket,3,1,EUR,JPY,10990.0,EUR,"https://img.vggcdn.net/img/vfsimage2/812551/594_122797/0.jpg?im=Resize=(500,271)&v=771",10 minutes ago,8,False,False,False,False,Hg4qpTIcktleXtIiMQBbIt%2f8lBDzS6WTownI5T1umRk%3d,False,2026-07-18T04:51:47.7200000Z,False,False,False,False,False,False,0,False,,False,False,False,False,0,False,False,0,13388880123,False,B82EC7A2-3C8E-489E-89C7-BD3A7032DB3A,False,False,True,4,7.69712057430092,1.15347682,,,,,"[{'message': 'Great Value', 'qualifier': 'Based on price, view, seat quality and more', 'hasValue': True, 'messageType': 'ValueBased'}, {'message': 'Popular Pick', 'qualifier': '8 tickets sold for this event', 'hasValue': True, 'messageType': 'BoughtInLastHourSocialProofBased'}]",[],,,,,,"¥2,849,029",22.0,"¥618,403",,,,,,,,
13388880113,153020449,126,122797,126,2,39,_,,,,False,False,4,,False,False,"[1, 2, 3, 4]",594,Lower,4,True,"[{'listingNoteId': -1, 'listingNoteContentId': 3338094, 'formattedListingNoteContent': 'Clear view', 'listingNoteTypeId': 3, 'showToBuyer': True, 'hideInMock': False, 'siteAddedListingNote': False, 'aisleListingNoteWithSplit': False, 'listingNoteDescriptionContentId': 3338095, 'formattedListingNoteDescription': ""You'll have an unrestricted view of the show.""}]","[{'listingNoteBucketId': 27, 'formattedListingNoteContent': 'Clear view', 'displayOrder': 8, 'showsRawNoteText': True, 'sourceListingNoteId': -1}]",2112797,False,False,Row 39,False,2230626,"¥2,230,626","¥2,230,626",10,Mobile Transfer ticket,3,1,EUR,JPY,10990.0,EUR,"https://img.vggcdn.net/img/vfsimage2/812551/594_122797/0.jpg?im=Resize=(500,271)&v=771",10 minutes ago,8,False,False,False,False,Hg4qpTIcktleXtIiMQBbIt%2f8lBDzS6WTownI5T1umRk%3d,False,2026-07-18T04:51:47.6800000Z,False,False,False,False,False,False,0,False,,False,False,False,False,0,False,False,0,13388880113,False,B59B1E40-EA0E-4488-9D5E-F758FA8073AE,False,False,True,4,7.588993091643886,1.138474821,,,,,"[{'message': 'Great Value', 'qualifier': 'Based on price, view, seat quality and more', 'hasValue': True, 'messageType': 'ValueBased'}, {'message': 'Popular Pick', 'qualifier': '8 tickets sold for this event', 'hasValue': True, 'messageType': 'BoughtInLastHourSocialProofBased'}]",[],,,,,,"¥2,849,029",22.0,"¥618,403",,,,,,,,
13388880117,153020449,126,122797,126,2,42,_,,,,False,False,4,,False,False,"[1, 2, 3, 4]",594,Lower,4,True,"[{'listingNoteId': -1, 'listingNoteContentId': 3338094, 'formattedListingNoteContent': 'Clear view', 'listingNoteTypeId': 3, 'showToBuyer': True, 'hideInMock': False, 'siteAddedListingNote': False, 'aisleListingNoteWithSplit': False, 'listingNoteDescriptionContentId': 3338095, 'formattedListingNoteDescription': ""You'll have an unrestricted view of the show.""}]","[{'listingNoteBucketId': 27, 'formattedListingNoteContent': 'Clear view', 'displayOrder': 8, 'showsRawNoteText': True, 'sourceListingNoteId': -1}]",2112801,False,False,Row 42,False,2230626,"¥2,230,626","¥2,230,626",10,Mobile Transfer ticket,3,1,EUR,JPY,10990.0,EUR,"https://img.vggcdn.net/img/vfsimage2/812551/594_122797/0.jpg?im=Resize=(500,271)&v=771",10 minutes ago,7,False,False,False,False,Hg4qpTIcktleXtIiMQBbIt%2f8lBDzS6WTownI5T1umRk%3d,False,2026-07-18T04:51:47.6930000Z,False,False,False,False,False,False,0,False,,False,False,False,False,0,False,False,0,13388880117,False,961F0FD1-105C-4F1B-90D8-D36C81AF8A1F,False,False,True,4,7.255304992430489,1.094543145,,,,,"[{'message': 'Great Value', 'qualifier': 'Based on price, view, seat quality and more', 'hasValue': True, 'messageType': 'ValueBased'}, {'message': 'Popular Pick', 'qualifier': '8 tickets sold for this event', 'hasValue': True, 'messageType': 'BoughtInLastHourSocialProofBased'}]",[],,,,,,"¥2,849,029",22.0,"¥618,403",,,,,,,,
13387977979,153020449,126,122797,126,2,43,_,,,,False,False,4,,False,False,"[1, 2, 3, 4]",594,Lower,4,True,"[{'listingNoteId': -1, 'listingNoteContentId': 3338094, 'formattedListingNoteContent': 'Clear view', 'listingNoteTypeId': 3, 'showToBuyer': True, 'hideInMock': False, 'siteAddedListingNote': False, 'aisleListingNoteWithSplit': False, 'listingNoteDescriptionContentId': 3338095, 'formattedListingNoteDescription': ""You'll have an unrestricted view of the show.""}]","[{'listingNoteBucketId': 27, 'formattedListingNoteContent': 'Clear view', 'displayOrder': 8, 'showsRawNoteText': True, 'sourceListingNoteId': -1}]",2112802,False,False,Row 43,False,2230626,"¥2,230,626","¥2,230,626",10,Mobile Transfer ticket,3,1,EUR,JPY,10990.0,EUR,"https://img.vggcdn.net/img/vfsimage2/812551/594_122797/0.jpg?im=Resize=(500,271)&v=771",3 hours ago,7,False,False,False,False,Hg4qpTIcktleXtIiMQBbIt%2f8lBDzS6WTownI5T1umRk%3d,False,2026-07-18T01:35:01.0530000Z,False,False,False,False,False,False,0,False,,False,False,False,False,0,False,False,0,13387977979,False,DD70953C-60F3-41A5-BA48-C532E832B169,False,False,True,4,7.140889860380994,1.080250209,,,,,"[{'message': 'Great Value', 'qualifier': 'Based on price, view, seat quality and more', 'hasValue': True, 'messageType': 'ValueBased'}, {'message': 'Popular Pick', 'qualifier': '8 tickets sold for this event', 'hasValue': True, 'messageType': 'BoughtInLastHourSocialProofBased'}]",[],,,,,,"¥2,849,029",22.0,"¥618,403",,,,,,,,
13388880120,153020449,126,122797,126,2,45,_,,,,False,False,4,,False,False,"[1, 2, 3, 4]",594,Lower,4,True,"[{'listingNoteId': -1, 'listingNoteContentId': 3338094, 'formattedListingNoteContent': 'Clear view', 'listingNoteTypeId': 3, 'showToBuyer': True, 'hideInMock': False, 'siteAddedListingNote': False, 'aisleListingNoteWithSplit': False, 'listingNoteDescriptionContentId': 3338095, 'formattedListingNoteDescription': ""You'll have an unrestricted view of the show.""}]","[{'listingNoteBucketId': 27, 'formattedListingNoteContent': 'Clear view', 'displayOrder': 8, 'showsRawNoteText': True, 'sourceListingNoteId': -1}]",2112804,False,False,Row 45,False,2230626,"¥2,230,626","¥2,230,626",10,Mobile Transfer ticket,3,1,EUR,JPY,10990.0,EUR,"https://img.vggcdn.net/img/vfsimage2/812551/594_122797/0.jpg?im=Resize=(500,271)&v=771",10 minutes ago,7,False,False,False,False,Hg4qpTIcktleXtIiMQBbIt%2f8lBDzS6WTownI5T1umRk%3d,False,2026-07-18T04:51:47.7200000Z,False,False,False,False,False,False,0,False,,False,False,False,False,0,False,False,0,13388880120,False,2CB666F5-9818-4C4B-8C75-DF750A409074,False,False,True,3,6.9213513235937665,1.052178167,,,,,"[{'message': 'Popular Pick', 'qualifier': '8 tickets sold for this event', 'hasValue': True, 'messageType': 'BoughtInLastHourSocialProofBased'}]",[],,,,,,"¥2,849,029",22.0,"¥618,403",,,,,,,,
13388880118,153020449,126,122797,126,2,46,_,,,,False,False,4,,False,False,"[1, 2, 3, 4]",594,Lower,4,True,"[{'listingNoteId': -1, 'listingNoteContentId': 3338094, 'formattedListingNoteContent': 'Clear view', 'listingNoteTypeId': 3, 'showToBuyer': True, 'hideInMock': False, 'siteAddedListingNote': False, 'aisleListingNoteWithSplit': False, 'listingNoteDescriptionContentId': 3338095, 'formattedListingNoteDescription': ""You'll have an unrestricted view of the show.""}]","[{'listingNoteBucketId': 27, 'formattedListingNoteContent': 'Clear view', 'displayOrder': 8, 'showsRawNoteText': True, 'sourceListingNoteId': -1}]",2112805,False,False,Row 46,False,2230626,"¥2,230,626","¥2,230,626",10,Mobile Transfer ticket,3,1,EUR,JPY,10990.0,EUR,"https://img.vggcdn.net/img/vfsimage2/812551/594_122797/0.jpg?im=Resize=(500,271)&v=771",10 minutes ago,7,False,False,False,False,Hg4qpTIcktleXtIiMQBbIt%2f8lBDzS6WTownI5T1umRk%3d,False,2026-07-18T04:51:47.7030000Z,False,False,False,False,False,False,0,False,,False,False,False,False,0,False,False,0,13388880118,False,09E96BC8-6C06-4416-B572-1B4F8FAD3E15,False,False,True,3,6.818315063291228,1.038394948,,,,,"[{'message': 'Popular Pick', 'qualifier': '8 tickets sold for this event', 'hasValue': True, 'messageType': 'BoughtInLastHourSocialProofBased'}]",[],,,,,,"¥2,849,029",22.0,"¥618,403",,,,,,,,
13375642950,153020449,Argentina Supporters,2449432,Argentina Supporters,3,,_,,,,False,False,2,,False,False,"[1, 2]",36868,Argentina Supporters,2,True,"[{'listingNoteId': -1, 'listingNoteContentId': 3338094, 'formattedListingNoteContent': 'Clear view', 'listingNoteTypeId': 3, 'showToBuyer': True, 'hideInMock': False, 'siteAddedListingNote': False, 'aisleListingNoteWithSplit': False, 'listingNoteDescriptionContentId': 3338095, 'formattedListingNoteDescription': ""You'll have an unrestricted view of the show.""}]","[{'listingNoteBucketId': 27, 'formattedListingNoteContent': 'Clear view', 'displayOrder': 8, 'showsRawNoteText': True, 'sourceListingNoteId': -1}]",4849984,False,False,Row,True,2230626,"¥2,230,626","¥2,230,626",10,Mobile Transfer ticket,3,1,EUR,JPY,1000.0,EUR,"https://img.vggcdn.net/img/vfsimage2/812551/36868_2449432/0.jpg?im=Resize=(500,271)&v=771",yesterday,0,False,False,True,True,R3Ot6TLQGRnNyQ0I%2bawptbpUuL7C2FIeDnOAA74O7Wc%3d,False,2026-07-16T19:32:05.2900000Z,False,False,False,False,False,False,0,False,[7],False,False,False,False,0,False,False,0,13375642950,False,430B8F07-94E6-4BD7-A121-65848E2F058B,False,False,True,0,,,,,,,"[{'message': 'Popular Pick', 'qualifier': '8 tickets sold for this event', 'hasValue': True, 'messageType': 'BoughtInLastHourSocialProofBased'}]",[],,,,Last tickets,True,,,,,,,,,,,
13387921172,153020449,227A,1530787,227A,2,9,_,,,,False,False,1,,False,False,[1],471,Middle,1,True,"[{'listingNoteId': -1, 'listingNoteContentId': 3338094, 'formattedListingNoteContent': 'Clear view', 'listingNoteTypeId': 3, 'showToBuyer': True, 'hideInMock': False, 'siteAddedListingNote': False, 'aisleListingNoteWithSplit': False, 'listingNoteDescriptionContentId': 3338095, 'formattedListingNoteDescription': ""You'll have an unrestricted view of the show.""}]","[{'listingNoteBucketId': 27, 'formattedListingNoteContent': 'Clear view', 'displayOrder': 8, 'showsRawNoteText': True, 'sourceListingNoteId': -1}]",1593637,False,False,Row 9,False,2235711,"¥2,235,711","¥2,235,711",10,Mobile Transfer ticket,3,1,USD,JPY,7380.0,USD,"https://img.vggcdn.net/img/vfsimage2/812551/471_1530787/0.jpg?im=Resize=(500,271)&v=771",3 hours ago,8,False,False,False,False,MKUzheSHDoUEFpGAcf40xaAL4D%2bkOq68WSzjT96YN6g%3d,False,2026-07-18T01:23:34.2070000Z,False,False,False,False,False,False,0,False,,False,False,False,False,0,False,False,0,13387921172,False,557DF105-C213-40EE-85B8-00690ACB9F99,False,False,True,4,7.993916475527952,1.199491418,,,,,"[{'message': 'Great Value', 'qualifier': 'Based on price, view, seat quality and more', 'hasValue': True, 'messageType': 'ValueBased'}, {'message': 'Popular Pick', 'qualifier': '8 tickets sold for this event', 'hasValue': True, 'messageType': 'BoughtInLastHourSocialProofBased'}]",[],,,,,,,,,,,,,,,,
13303441840,153020449,228B,1530790,228B,2,8,22_23,,,22,False,False,2,,False,False,"[1, 2]",471,Middle,2,True,"[{'listingNoteId': -1, 'listingNoteContentId': 3338094, 'formattedListingNoteContent': 'Clear view', 'listingNoteTypeId': 3, 'showToBuyer': True, 'hideInMock': False, 'siteAddedListingNote': False, 'aisleListingNoteWithSplit': False, 'listingNoteDescriptionContentId': 3338095, 'formattedListingNoteDescription': ""You'll have an unrestricted view of the show.""}]","[{'listingNoteBucketId': 27, 'formattedListingNoteContent': 'Clear view', 'displayOrder': 8, 'showsRawNoteText': True, 'sourceListingNoteId': -1}]",2113518,False,False,Row 8,False,2242339,"¥2,242,339","¥2,242,339",10,Mobile Transfer ticket,3,1,USD,JPY,500.0,USD,"https://img.vggcdn.net/img/vfsimage2/812551/471_1530790/0.jpg?im=Resize=(500,271)&v=771",8 days ago,6,False,False,False,False,IKEGJ3U41I5Eu8jBhIdr0HfmgoCJD0vmUYz9k1fmFdk%3d,False,2026-07-09T15:50:11.5470000Z,False,False,False,False,False,False,0,False,,False,False,False,False,0,False,False,0,13303441840,False,72C73725-B2F8-4B20-814B-7738C04FB316,False,False,True,3,6.409289453416069,0.9922490341,,,,,"[{'message': 'Popular Pick', 'qualifier': '8 tickets sold for this event', 'hasValue': True, 'messageType': 'BoughtInLastHourSocialProofBased'}]",[],,,,,,,,,,,,,,,,
13388710306,153020449,101,122782,101,2,15,19_19,19,19,19,False,False,1,,False,False,[1],594,Lower,1,True,"[{'listingNoteId': 1706, 'listingNoteContentId': 2731454, 'formattedListingNoteContent': 'Standing 16+', 'listingNoteTypeId': 2, 'showToBuyer': True, 'hideInMock': False, 'siteAddedListingNote': False, 'aisleListingNoteWithSplit': False, 'listingNoteDescriptionContentId': 2731455, 'formattedListingNoteDescription': 'Must be over 16 to be in standing area'}, {'listingNoteId': -1, 'listingNoteContentId': 3338094, 'formattedListingNoteContent': 'Clear view', 'listingNoteTypeId': 3, 'showToBuyer': True, 'hideInMock': False, 'siteAddedListingNote': False, 'aisleListingNoteWithSplit': False, 'listingNoteDescriptionContentId': 3338095, 'formattedListingNoteDescription': ""You'll have an unrestricted view of the show.""}]","[{'listingNoteBucketId': 24, 'formattedListingNoteContent': 'Standing 16+', 'displayOrder': 24, 'showsRawNoteText': True, 'sourceListingNoteId': 1706}, {'listingNoteBucketId': 27, 'formattedListingNoteContent': 'Clear view', 'displayOrder': 8, 'showsRawNoteText': True, 'sourceListingNoteId': -1}]",2112069,False,False,Row 15,False,2245887,"¥2,245,887","¥2,245,887",10,Mobile Transfer ticket,3,1,USD,JPY,10990.0,USD,"https://img.vggcdn.net/img/vfsimage2/812551/594_122782/0.jpg?im=Resize=(500,271)&v=771",33 minutes ago,9,False,False,False,False,2OdivwXSRyXIMK75A%2bcInwVx9o7VBK1TPgWEEuzyo0Y%3d,False,2026-07-18T04:29:36.5570000Z,False,False,False,False,False,False,0,False,,False,False,False,False,0,False,False,0,13388710306,False,9DF1677F-B3BF-4819-884D-A32A8F829895,False,False,True,5,8.962575635845134,1.426116576,,,,,"[{'message': 'Amazing Value', 'qualifier': 'Based on price, view, seat quality and more', 'hasValue': True, 'messageType': 'ValueBased'}, {'message': 'Popular Pick', 'qualifier': '6 tickets sold for this event', 'hasValue': True, 'messageType': 'BoughtInLastHourSocialProofBased'}]",[],,,,,,,,,,,,,,,,
13378382362,153020449,334,122927,334,2,5,15_15,15,15,15,False,False,1,,False,False,[1],407,Upper,1,True,"[{'listingNoteId': -1, 'listingNoteContentId': 3338094, 'formattedListingNoteContent': 'Clear view', 'listingNoteTypeId': 3, 'showToBuyer': True, 'hideInMock': False, 'siteAddedListingNote': False, 'aisleListingNoteWithSplit': False, 'listingNoteDescriptionContentId': 3338095, 'formattedListingNoteDescription': ""You'll have an unrestricted view of the show.""}]","[{'listingNoteBucketId': 27, 'formattedListingNoteContent': 'Clear view', 'displayOrder': 8, 'showsRawNoteText': True, 'sourceListingNoteId': -1}]",704248,False,False,Row 5,False,2260801,"¥2,260,801","¥2,260,801",10,Mobile Transfer ticket,3,1,USD,JPY,7380.0,USD,"https://img.vggcdn.net/img/vfsimage2/812551/407_122927/0.jpg?im=Resize=(500,271)&v=771",yesterday,6,False,False,False,False,ILFzjXElhDdaRPjqrdnoZ7jzkh74MOvwiCJAfRTkTPc%3d,False,2026-07-17T01:01:47.1300000Z,False,False,False,True,False,False,0,False,[6],False,False,False,False,0,False,False,0,13378382362,False,22A90FC1-973E-456E-BFA3-E386DDA6FBAB,False,False,True,3,5.809542390840855,0.9328089726,,,,,"[{'message': 'Popular Pick', 'qualifier': '6 tickets sold for this event', 'hasValue': True, 'messageType': 'BoughtInLastHourSocialProofBased'}]",[],Fan favorite,This section is in the top 10% of sections for this event when ranked based on a count of successful sales over the past 7 days on our site,True,,,,,,,,,,,,,
13321902226,153020449,344,122937,344,2,3,13_13,13,13,13,False,False,1,,False,False,[1],478,Loge,1,True,"[{'listingNoteId': -1, 'listingNoteContentId': 3338094, 'formattedListingNoteContent': 'Clear view', 'listingNoteTypeId': 3, 'showToBuyer': True, 'hideInMock': False, 'siteAddedListingNote': False, 'aisleListingNoteWithSplit': False, 'listingNoteDescriptionContentId': 3338095, 'formattedListingNoteDescription': ""You'll have an unrestricted view of the show.""}]","[{'listingNoteBucketId': 27, 'formattedListingNoteContent': 'Clear view', 'displayOrder': 8, 'showsRawNoteText': True, 'sourceListingNoteId': -1}]",1591267,False,False,Row 3,False,2279750,"¥2,279,750","¥2,279,750",10,Mobile Transfer ticket,3,1,USD,JPY,,USD,"https://img.vggcdn.net/img/vfsimage2/812551/478_122937/0.jpg?im=Resize=(500,271)&v=771",7 days ago,5,False,False,False,False,7ByhPC%2fbL%2f7Tnuj6aOWue0gqPFPwR8hxtno5vAaJ%2b2k%3d,False,2026-07-11T01:59:46.4600000Z,False,False,False,False,False,False,0,False,,False,False,False,False,0,False,False,0,13321902226,False,B1C40962-D09B-4F7E-BEDD-F3B3EDACDEE5,False,False,True,3,5.119250387626868,0.8727423851,,,,,"[{'message': 'Popular Pick', 'qualifier': '6 tickets sold for this event', 'hasValue': True, 'messageType': 'BoughtInLastHourSocialProofBased'}]",[],,,,,,"¥3,222,495",29.0,"¥942,745",,,,,,,,
13285866325,153020449,323,122916,323,2,5,19_19,19,19,19,False,False,1,,False,False,[1],407,Upper,1,True,"[{'listingNoteId': 811, 'listingNoteContentId': 2446054, 'formattedListingNoteContent': 'Actual 1st row of the section', 'listingNoteTypeId': 3, 'showToBuyer': True, 'hideInMock': False, 'siteAddedListingNote': False, 'aisleListingNoteWithSplit': False, 'listingNoteDescriptionContentId': 2446055, 'formattedListingNoteDescription': 'Actual 1st row of the section'}, {'listingNoteId': -1, 'listingNoteContentId': 3338094, 'formattedListingNoteContent': 'Clear view', 'listingNoteTypeId': 3, 'showToBuyer': True, 'hideInMock': False, 'siteAddedListingNote': False, 'aisleListingNoteWithSplit': False, 'listingNoteDescriptionContentId': 3338095, 'formattedListingNoteDescription': ""You'll have an unrestricted view of the show.""}]","[{'listingNoteBucketId': 0, 'formattedListingNoteContent': 'Actual 1st row of the section', 'displayOrder': 30, 'showsRawNoteText': True, 'sourceListingNoteId': 811}, {'listingNoteBucketId': 27, 'formattedListingNoteContent': 'Clear view', 'displayOrder': 8, 'showsRawNoteText': True, 'sourceListingNoteId': -1}]",2113770,False,False,Row 5,False,2281153,"¥2,281,153","¥2,281,153",10,Mobile Transfer ticket,3,1,USD,JPY,,USD,"https://img.vggcdn.net/img/vfsimage2/812551/407_122916/0.jpg?im=Resize=(500,271)&v=771",9 days ago,5,False,False,False,False,87dPHZm%2baJOkesQSkmhNg3KyKaQn3Fqud5h7dPC67FM%3d,False,2026-07-08T14:20:34.4970000Z,False,False,False,False,False,False,0,False,[7],False,False,False,False,0,False,False,0,13285866325,False,90099E31-CB24-462F-86AB-A6A17BA50736,False,False,True,2,4.523606264952963,0.8004422494,,,,,"[{'message': 'Popular Pick', 'qualifier': '6 tickets sold for this event', 'hasValue': True, 'messageType': 'BoughtInLastHourSocialProofBased'}, {'message': 'Front Row', 'qualifier': 'Best seats in the house', 'hasValue': True, 'messageType': 'FirstRowTicketAttributeBased'}]",[811],,,,Last ticket,True,,,,,,,,,,,
13342605089,153020449,104,122784,104,2,23,17_17,17,17,17,False,False,1,,False,False,[1],594,Lower,1,True,"[{'listingNoteId': -1, 'listingNoteContentId': 3338094, 'formattedListingNoteContent': 'Clear view', 'listingNoteTypeId': 3, 'showToBuyer': True, 'hideInMock': False, 'siteAddedListingNote': False, 'aisleListingNoteWithSplit': False, 'listingNoteDescriptionContentId': 3338095, 'formattedListingNoteDescription': ""You'll have an unrestricted view of the show.""}]","[{'listingNoteBucketId': 27, 'formattedListingNoteContent': 'Clear view', 'displayOrder': 8, 'showsRawNoteText': True, 'sourceListingNoteId': -1}]",2112174,False,False,Row 23,False,2281329,"¥2,281,329","¥2,281,329",10,Mobile Transfer ticket,3,1,USD,JPY,,USD,"https://img.vggcdn.net/img/vfsimage2/812551/594_122784/0.jpg?im=Resize=(500,271)&v=771",4 days ago,8,False,False,False,False,ILFzjXElhDdaRPjqrdnoZ7jzkh74MOvwiCJAfRTkTPc%3d,False,2026-07-13T07:40:57.6000000Z,False,False,False,True,False,False,0,False,[6],False,False,False,False,0,False,False,0,13342605089,False,24442B46-C00E-4D95-B546-05164ABE1AD4,False,False,True,4,8.32869274435873,1.27807123,,,,,"[{'message': 'Great Value', 'qualifier': 'Based on price, view, seat quality and more', 'hasValue': True, 'messageType': 'ValueBased'}, {'message': 'Popular Pick', 'qualifier': '6 tickets sold for this event', 'hasValue': True, 'messageType': 'BoughtInLastHourSocialProofBased'}]",[],Fan favorite,This section is in the top 10% of sections for this event when ranked based on a count of successful sales over the past 7 days on our site,True,,,,,,,,,,,,,
13383685186,153020449,104,122784,104,2,22,19_19,19,19,19,False,False,1,,False,False,[1],594,Lower,1,True,"[{'listingNoteId': -1, 'listingNoteContentId': 3338094, 'formattedListingNoteContent': 'Clear view', 'listingNoteTypeId': 3, 'showToBuyer': True, 'hideInMock': False, 'siteAddedListingNote': False, 'aisleListingNoteWithSplit': False, 'listingNoteDescriptionContentId': 3338095, 'formattedListingNoteDescription': ""You'll have an unrestricted view of the show.""}]","[{'listingNoteBucketId': 27, 'formattedListingNoteContent': 'Clear view', 'displayOrder': 8, 'showsRawNoteText': True, 'sourceListingNoteId': -1}]",2112173,False,False,Row 22,False,2298874,"¥2,298,874","¥2,298,874",10,Mobile Transfer ticket,3,1,USD,JPY,,USD,"https://img.vggcdn.net/img/vfsimage2/812551/594_122784/0.jpg?im=Resize=(500,271)&v=771",13 hours ago,8,False,False,False,False,vwnRWULrZ6y8P%2fram2maD8pEuvdsXeSBSZvnzfnaXtw%3d,False,2026-07-17T15:39:16.9800000Z,False,False,False,True,False,False,0,False,[6],False,False,False,False,0,False,False,0,13383685186,False,AE8FFB45-55B4-477F-92B6-4678D05A6CFF,False,False,True,4,8.357317537701341,1.292788402,,,,,"[{'message': 'Great Value', 'qualifier': 'Based on price, view, seat quality and more', 'hasValue': True, 'messageType': 'ValueBased'}, {'message': 'Popular Pick', 'qualifier': '6 tickets sold for this event', 'hasValue': True, 'messageType': 'BoughtInLastHourSocialProofBased'}]",[],Fan favorite,This section is in the top 10% of sections for this event when ranked based on a count of successful sales over the past 7 days on our site,True,,,,,,,,,,,,,
13386278732,153020449,342,122935,342,2,15,_,,,,False,False,4,,False,False,"[1, 2, 3, 4]",407,Upper,4,True,"[{'listingNoteId': -1, 'listingNoteContentId': 3338094, 'formattedListingNoteContent': 'Clear view', 'listingNoteTypeId': 3, 'showToBuyer': True, 'hideInMock': False, 'siteAddedListingNote': False, 'aisleListingNoteWithSplit': False, 'listingNoteDescriptionContentId': 3338095, 'formattedListingNoteDescription': ""You'll have an unrestricted view of the show.""}]","[{'listingNoteBucketId': 27, 'formattedListingNoteContent': 'Clear view', 'displayOrder': 8, 'showsRawNoteText': True, 'sourceListingNoteId': -1}]",704431,False,False,Row 15,False,2300190,"¥2,300,190","¥2,300,190",10,Mobile Transfer ticket,3,1,USD,JPY,0.0,USD,"https://img.vggcdn.net/img/vfsimage2/812551/407_122935/0.jpg?im=Resize=(500,271)&v=771",7 hours ago,4,False,False,False,False,qT3%2fnuY05JL53EwOwvUhvrbw%2fW3QaTBalSVm3ReVGU8%3d,False,2026-07-17T21:10:46.7230000Z,False,False,False,False,False,False,0,False,,False,False,False,False,0,False,False,0,13386278732,False,1434F7D7-D234-4F17-AF68-9F1FADC5801F,False,False,True,2,4.461213937421256,0.7997160059,,,,,"[{'message': 'Popular Pick', 'qualifier': '6 tickets sold for this event', 'hasValue': True, 'messageType': 'BoughtInLastHourSocialProofBased'}]",[],,,,,,,,,,,,,,,,
13388297534,153020449,126,122797,126,2,28,_,,,,False,False,4,,False,False,"[1, 2, 4]",594,Lower,4,True,"[{'listingNoteId': -1, 'listingNoteContentId': 3338094, 'formattedListingNoteContent': 'Clear view', 'listingNoteTypeId': 3, 'showToBuyer': True, 'hideInMock': False, 'siteAddedListingNote': False, 'aisleListingNoteWithSplit': False, 'listingNoteDescriptionContentId': 3338095, 'formattedListingNoteDescription': ""You'll have an unrestricted view of the show.""}]","[{'listingNoteBucketId': 27, 'formattedListingNoteContent': 'Clear view', 'displayOrder': 8, 'showsRawNoteText': True, 'sourceListingNoteId': -1}]",2112785,False,False,Row 28,False,2311939,"¥2,311,939","¥2,311,939",10,Mobile Transfer ticket,3,1,USD,JPY,10990.0,USD,"https://img.vggcdn.net/img/vfsimage2/812551/594_122797/0.jpg?im=Resize=(500,271)&v=771",2 hours ago,8,False,False,False,False,HoxdJYYb3wy0IJ4HZ1AToQQv05VxxL3AOhYgwcZXxqo%3d,False,2026-07-18T02:54:37.6200000Z,False,False,False,False,False,False,0,False,,False,False,False,False,0,False,False,0,13388297534,False,FCF9F517-28EC-4D25-B233-8AA65561D7B1,False,False,True,4,8.436473815527503,1.313921268,,,,,"[{'message': 'Great Value', 'qualifier': 'Based on price, view, seat quality and more', 'hasValue': True, 'messageType': 'ValueBased'}, {'message': 'Popular Pick', 'qualifier': '6 tickets sold for this event', 'hasValue': True, 'messageType': 'BoughtInLastHourSocialProofBased'}]",[],,,,,,,,,,,,,,,,
13388059882,153020449,109,122787,109,2,27,_,,,,False,False,1,,False,False,[1],594,Lower,1,True,"[{'listingNoteId': -1, 'listingNoteContentId': 3338094, 'formattedListingNoteContent': 'Clear view', 'listingNoteTypeId': 3, 'showToBuyer': True, 'hideInMock': False, 'siteAddedListingNote': False, 'aisleListingNoteWithSplit': False, 'listingNoteDescriptionContentId': 3338095, 'formattedListingNoteDescription': ""You'll have an unrestricted view of the show.""}]","[{'listingNoteBucketId': 27, 'formattedListingNoteContent': 'Clear view', 'displayOrder': 8, 'showsRawNoteText': True, 'sourceListingNoteId': -1}]",2112305,False,False,Row 27,False,2329578,"¥2,329,578","¥2,329,578",10,Mobile Transfer ticket,3,1,USD,JPY,14500.0,USD,"https://img.vggcdn.net/img/vfsimage2/812551/594_122787/0.jpg?im=Resize=(500,271)&v=771",3 hours ago,8,False,False,False,False,3%2bhMx7RadT58AC2PPB8Go7C6BExCEhxX2P601s2ytfQ%3d,False,2026-07-18T01:52:32.0070000Z,False,False,False,False,False,False,0,False,,False,False,False,False,0,False,False,0,13388059882,False,07CBA0BA-FC20-4C83-A646-69A083AD45EF,False,False,True,4,8.144551292024484,1.274130508,,,,,"[{'message': 'Great Value', 'qualifier': 'Based on price, view, seat quality and more', 'hasValue': True, 'messageType': 'ValueBased'}, {'message': 'Popular Pick', 'qualifier': '6 tickets sold for this event', 'hasValue': True, 'messageType': 'BoughtInLastHourSocialProofBased'}]",[],,,,,,,,,,,,,,,,
13387843153,153020449,108,122786,108,2,24,7_7,,,7,False,False,1,,False,False,[1],594,Lower,1,True,"[{'listingNoteId': -1, 'listingNoteContentId': 3338094, 'formattedListingNoteContent': 'Clear view', 'listingNoteTypeId': 3, 'showToBuyer': True, 'hideInMock': False, 'siteAddedListingNote': False, 'aisleListingNoteWithSplit': False, 'listingNoteDescriptionContentId': 3338095, 'formattedListingNoteDescription': ""You'll have an unrestricted view of the show.""}]","[{'listingNoteBucketId': 27, 'formattedListingNoteContent': 'Clear view', 'displayOrder': 8, 'showsRawNoteText': True, 'sourceListingNoteId': -1}]",2112267,False,False,Row 24,False,2331846,"¥2,331,846","¥2,331,846",10,Mobile Transfer ticket,3,14,USD,JPY,0.0,USD,"https://img.vggcdn.net/img/vfsimage2/812551/594_122786/0.jpg?im=Resize=(500,271)&v=771",3 hours ago,9,False,False,False,False,ugtGTADjzPSiNDVPFnzwKMK8K%2fyUDFHpFjF84rychu8%3d,False,2026-07-18T01:09:14.2930000Z,False,False,False,False,False,False,0,False,,False,False,False,False,0,False,False,0,13387843153,False,E38F8CB2-0F5F-4FBB-8722-366892DD32C4,False,False,True,5,8.714165707961987,1.400233682,,,,,"[{'message': 'Amazing Value', 'qualifier': 'Based on price, view, seat quality and more', 'hasValue': True, 'messageType': 'ValueBased'}, {'message': 'Popular Pick', 'qualifier': '6 tickets sold for this event', 'hasValue': True, 'messageType': 'BoughtInLastHourSocialProofBased'}]",[],,,,,,,,,,,,,,,,
13241131825,153020449,124,122796,124,2,40,16_18,,,16,False,False,3,,False,False,"[1, 3]",594,Lower,3,True,"[{'listingNoteId': -1, 'listingNoteContentId': 3338094, 'formattedListingNoteContent': 'Clear view', 'listingNoteTypeId': 3, 'showToBuyer': True, 'hideInMock': False, 'siteAddedListingNote': False, 'aisleListingNoteWithSplit': False, 'listingNoteDescriptionContentId': 3338095, 'formattedListingNoteDescription': ""You'll have an unrestricted view of the show.""}]","[{'listingNoteBucketId': 27, 'formattedListingNoteContent': 'Clear view', 'displayOrder': 8, 'showsRawNoteText': True, 'sourceListingNoteId': -1}]",2112750,False,False,Row 40,False,2342135,"¥2,342,135","¥2,342,135",10,Mobile Transfer ticket,3,1,EUR,JPY,10000.0,EUR,"https://img.vggcdn.net/img/vfsimage2/812551/594_122796/0.jpg?im=Resize=(500,271)&v=771",13 days ago,6,False,False,False,False,1Rw4uIgvlfXIc7db8cCNjGkeXhl3nHfD9XKQ3nj%2beyw%3d,False,2026-07-04T10:47:03.3870000Z,False,False,False,False,False,False,0,False,,False,False,False,False,0,False,False,0,13241131825,False,E5820D68-39B8-4273-99A6-57340DBAABF8,False,False,True,3,6.437492279688693,1.039963115,,,,,"[{'message': 'Popular Pick', 'qualifier': '8 tickets sold for this event', 'hasValue': True, 'messageType': 'BoughtInLastHourSocialProofBased'}]",[],,,,,,"¥4,122,908",43.0,"¥1,780,773",,,,,,,,
13365488418,153020449,146,122810,146,2,34,18_18,18,18,18,False,False,1,,False,False,[1],594,Lower,1,True,"[{'listingNoteId': -1, 'listingNoteContentId': 3338094, 'formattedListingNoteContent': 'Clear view', 'listingNoteTypeId': 3, 'showToBuyer': True, 'hideInMock': False, 'siteAddedListingNote': False, 'aisleListingNoteWithSplit': False, 'listingNoteDescriptionContentId': 3338095, 'formattedListingNoteDescription': ""You'll have an unrestricted view of the show.""}]","[{'listingNoteBucketId': 27, 'formattedListingNoteContent': 'Clear view', 'displayOrder': 8, 'showsRawNoteText': True, 'sourceListingNoteId': -1}]",2113257,False,False,Row 34,False,2351510,"¥2,351,510","¥2,351,510",10,Mobile Transfer ticket,3,1,USD,JPY,12000.0,USD,"https://img.vggcdn.net/img/vfsimage2/812551/594_122810/0.jpg?im=Resize=(500,271)&v=771",2 days ago,7,False,False,False,False,XTsnrY95mjR%2fIuE0VqVdCHJQAbsKymHR%2bdPc6rh572c%3d,False,2026-07-16T01:01:42.1270000Z,False,False,False,False,False,False,0,False,,False,False,False,False,0,False,False,0,13365488418,False,5FB23643-6C07-4725-9174-4C1D53FE51B6,False,False,True,3,6.562065938047817,1.060140837,,,,,"[{'message': 'Popular Pick', 'qualifier': '8 tickets sold for this event', 'hasValue': True, 'messageType': 'BoughtInLastHourSocialProofBased'}]",[],,,,,,,,,,,,,,,,
13388056782,153020449,126,122797,126,2,26,17_20,,,17,False,False,4,,False,False,"[1, 2, 4]",594,Lower,4,True,"[{'listingNoteId': -1, 'listingNoteContentId': 3338094, 'formattedListingNoteContent': 'Clear view', 'listingNoteTypeId': 3, 'showToBuyer': True, 'hideInMock': False, 'siteAddedListingNote': False, 'aisleListingNoteWithSplit': False, 'listingNoteDescriptionContentId': 3338095, 'formattedListingNoteDescription': ""You'll have an unrestricted view of the show.""}]","[{'listingNoteBucketId': 27, 'formattedListingNoteContent': 'Clear view', 'displayOrder': 8, 'showsRawNoteText': True, 'sourceListingNoteId': -1}]",2112783,False,False,Row 26,False,2364191,"¥2,364,191","¥2,364,191",10,Mobile Transfer ticket,3,1,USD,JPY,0.0,USD,"https://img.vggcdn.net/img/vfsimage2/812551/594_122797/0.jpg?im=Resize=(500,271)&v=771",3 hours ago,8,False,False,False,False,MfdFbNeiU%2fkiFQVKPDEFEtYw6CYddJC0myO%2bFao%2bGkE%3d,False,2026-07-18T01:51:16.9700000Z,False,False,False,False,False,False,0,False,,False,False,False,False,0,False,False,0,13388056782,False,6032E3E4-07E1-49EB-B7D8-3A93C0980EDA,False,False,True,4,8.46296628556674,1.348407182,,,,,"[{'message': 'Great Value', 'qualifier': 'Based on price, view, seat quality and more', 'hasValue': True, 'messageType': 'ValueBased'}, {'message': 'Popular Pick', 'qualifier': '8 tickets sold for this event', 'hasValue': True, 'messageType': 'BoughtInLastHourSocialProofBased'}]",[],,,,,,,,,,,,,,,,
13387967343,153020449,227A,1530787,227A,2,9,_,,,,False,False,4,,False,False,"[1, 2, 4]",471,Middle,4,True,"[{'listingNoteId': -1, 'listingNoteContentId': 3338094, 'formattedListingNoteContent': 'Clear view', 'listingNoteTypeId': 3, 'showToBuyer': True, 'hideInMock': False, 'siteAddedListingNote': False, 'aisleListingNoteWithSplit': False, 'listingNoteDescriptionContentId': 3338095, 'formattedListingNoteDescription': ""You'll have an unrestricted view of the show.""}]","[{'listingNoteBucketId': 27, 'formattedListingNoteContent': 'Clear view', 'displayOrder': 8, 'showsRawNoteText': True, 'sourceListingNoteId': -1}]",1593637,False,False,Row 9,False,2369445,"¥2,369,445","¥2,369,445",10,Mobile Transfer ticket,3,1,USD,JPY,7380.0,USD,"https://img.vggcdn.net/img/vfsimage2/812551/471_1530787/0.jpg?im=Resize=(500,271)&v=771",3 hours ago,8,False,False,False,False,Ms4timMUIfja1TMtJNvfINrU5Av%2bs9ddF7koSIclW%2fI%3d,False,2026-07-18T01:33:33.9000000Z,False,False,False,False,False,False,0,False,,False,False,False,False,0,False,False,0,13387967343,False,E8A8479A-03D2-40D4-9448-F6F0796A2132,False,False,True,4,7.52073920098174,1.199491418,,,,,"[{'message': 'Great Value', 'qualifier': 'Based on price, view, seat quality and more', 'hasValue': True, 'messageType': 'ValueBased'}, {'message': 'Popular Pick', 'qualifier': '8 tickets sold for this event', 'hasValue': True, 'messageType': 'BoughtInLastHourSocialProofBased'}]",[],,,,,,,,,,,,,,,,
13386736150,153020449,104,122784,104,2,26,_,,,,False,False,1,,False,False,[1],594,Lower,1,True,"[{'listingNoteId': -1, 'listingNoteContentId': 3338094, 'formattedListingNoteContent': 'Clear view', 'listingNoteTypeId': 3, 'showToBuyer': True, 'hideInMock': False, 'siteAddedListingNote': False, 'aisleListingNoteWithSplit': False, 'listingNoteDescriptionContentId': 3338095, 'formattedListingNoteDescription': ""You'll have an unrestricted view of the show.""}]","[{'listingNoteBucketId': 27, 'formattedListingNoteContent': 'Clear view', 'displayOrder': 8, 'showsRawNoteText': True, 'sourceListingNoteId': -1}]",2112177,False,False,Row 26,False,2378997,"¥2,378,997","¥2,378,997",10,Mobile Transfer ticket,3,1,USD,JPY,9982.0,USD,"https://img.vggcdn.net/img/vfsimage2/812551/594_122784/0.jpg?im=Resize=(500,271)&v=771",6 hours ago,8,False,False,False,False,jy0%2fTadmAy7d5ln3iXoS1k8xgQR%2bOeDoVTWDsu1d5A4%3d,False,2026-07-17T22:29:09.0930000Z,False,False,False,True,False,False,0,False,[6],False,False,False,False,0,False,False,0,13386736150,False,CFECB598-FF24-4A6F-A448-527DB04C3751,False,False,True,4,7.728020660689355,1.234865981,,,,,"[{'message': 'Great Value', 'qualifier': 'Based on price, view, seat quality and more', 'hasValue': True, 'messageType': 'ValueBased'}, {'message': 'Popular Pick', 'qualifier': '8 tickets sold for this event', 'hasValue': True, 'messageType': 'BoughtInLastHourSocialProofBased'}]",[],Fan favorite,This section is in the top 10% of sections for this event when ranked based on a count of successful sales over the past 7 days on our site,True,,,,,,,,,,,,,
13388402166,153020449,124,122796,124,2,10,_,,,,False,False,3,,False,False,"[1, 3]",594,Lower,3,True,"[{'listingNoteId': -1, 'listingNoteContentId': 3338094, 'formattedListingNoteContent': 'Clear view', 'listingNoteTypeId': 3, 'showToBuyer': True, 'hideInMock': False, 'siteAddedListingNote': False, 'aisleListingNoteWithSplit': False, 'listingNoteDescriptionContentId': 3338095, 'formattedListingNoteDescription': ""You'll have an unrestricted view of the show.""}]","[{'listingNoteBucketId': 27, 'formattedListingNoteContent': 'Clear view', 'displayOrder': 8, 'showsRawNoteText': True, 'sourceListingNoteId': -1}]",2112717,False,False,Row 10,False,2388358,"¥2,388,358","¥2,388,358",10,Mobile Transfer ticket,3,1,USD,JPY,10990.0,USD,"https://img.vggcdn.net/img/vfsimage2/812551/594_122796/0.jpg?im=Resize=(500,271)&v=771",an hour ago,9,False,False,False,False,Owi04l16NETLMht1%2bWzbS0JIhAQM9LPO1Ea5qX0%2fZ7A%3d,False,2026-07-18T03:27:30.3770000Z,False,False,False,False,False,False,0,False,,False,False,False,False,0,False,False,0,13388402166,False,4B393421-F9D0-456B-A30E-13C286E6A924,False,False,True,5,8.830300217351507,1.471566917,,,,,"[{'message': 'Amazing Value', 'qualifier': 'Based on price, view, seat quality and more', 'hasValue': True, 'messageType': 'ValueBased'}, {'message': 'Popular Pick', 'qualifier': '8 tickets sold for this event', 'hasValue': True, 'messageType': 'BoughtInLastHourSocialProofBased'}]",[],,,,,,,,,,,,,,,,
13388278154,153020449,123,122795,123,2,39,_,,,,False,False,4,,False,False,"[1, 2, 4]",594,Lower,4,True,"[{'listingNoteId': -1, 'listingNoteContentId': 3338094, 'formattedListingNoteContent': 'Clear view', 'listingNoteTypeId': 3, 'showToBuyer': True, 'hideInMock': False, 'siteAddedListingNote': False, 'aisleListingNoteWithSplit': False, 'listingNoteDescriptionContentId': 3338095, 'formattedListingNoteDescription': ""You'll have an unrestricted view of the show.""}]","[{'listingNoteBucketId': 27, 'formattedListingNoteContent': 'Clear view', 'displayOrder': 8, 'showsRawNoteText': True, 'sourceListingNoteId': -1}]",2112700,False,False,Row 39,False,2388548,"¥2,388,548","¥2,388,548",10,Mobile Transfer ticket,3,1,USD,JPY,12499.99,USD,"https://img.vggcdn.net/img/vfsimage2/812551/594_122795/0.jpg?im=Resize=(500,271)&v=771",2 hours ago,7,False,False,False,False,oxdNd2i7YRhJjxsI1GcVH9Og5jnw1xp6MSEe0bEdVOc%3d,False,2026-07-18T02:47:46.3600000Z,False,False,False,False,False,False,0,False,,False,False,False,False,0,False,False,0,13388278154,False,6DF61F63-3FB7-4341-86CB-B767F80D7F9B,False,False,True,3,6.822432948342659,1.112506548,,,,,"[{'message': 'Popular Pick', 'qualifier': '8 tickets sold for this event', 'hasValue': True, 'messageType': 'BoughtInLastHourSocialProofBased'}]",[],,,,,,,,,,,,,,,,
13388840841,153020449,126,122797,126,2,25,_,,,,False,False,4,,False,False,"[1, 2, 4]",594,Lower,4,True,"[{'listingNoteId': -1, 'listingNoteContentId': 3338094, 'formattedListingNoteContent': 'Clear view', 'listingNoteTypeId': 3, 'showToBuyer': True, 'hideInMock': False, 'siteAddedListingNote': False, 'aisleListingNoteWithSplit': False, 'listingNoteDescriptionContentId': 3338095, 'formattedListingNoteDescription': ""You'll have an unrestricted view of the show.""}]","[{'listingNoteBucketId': 27, 'formattedListingNoteContent': 'Clear view', 'displayOrder': 8, 'showsRawNoteText': True, 'sourceListingNoteId': -1}]",2112782,False,False,Row 25,False,2426568,"¥2,426,568","¥2,426,568",10,Mobile Transfer ticket,3,1,USD,JPY,10990.0,USD,"https://img.vggcdn.net/img/vfsimage2/812551/594_122797/0.jpg?im=Resize=(500,271)&v=771",15 minutes ago,8,False,False,False,False,nX5RybG%2bMruqPQy42b%2fUbYGHQd6yDpmWjDwWYfFnyYA%3d,False,2026-07-18T04:47:12.2570000Z,False,False,False,False,False,False,0,False,,False,False,False,False,0,False,False,0,13388840841,False,3EA7A717-0665-4C13-AC8A-52D3B8FAE910,False,False,True,4,8.364794216478355,1.365965754,,,,,"[{'message': 'Great Value', 'qualifier': 'Based on price, view, seat quality and more', 'hasValue': True, 'messageType': 'ValueBased'}, {'message': 'Popular Pick', 'qualifier': '8 tickets sold for this event', 'hasValue': True, 'messageType': 'BoughtInLastHourSocialProofBased'}]",[],,,,,,,,,,,,,,,,
13388174056,153020449,149,122812,149,2,43,_,,,,False,False,3,,False,False,"[1, 3]",594,Lower,3,True,"[{'listingNoteId': -1, 'listingNoteContentId': 3338094, 'formattedListingNoteContent': 'Clear view', 'listingNoteTypeId': 3, 'showToBuyer': True, 'hideInMock': False, 'siteAddedListingNote': False, 'aisleListingNoteWithSplit': False, 'listingNoteDescriptionContentId': 3338095, 'formattedListingNoteDescription': ""You'll have an unrestricted view of the show.""}]","[{'listingNoteBucketId': 27, 'formattedListingNoteContent': 'Clear view', 'displayOrder': 8, 'showsRawNoteText': True, 'sourceListingNoteId': -1}]",2113363,False,False,Row 43,False,2437261,"¥2,437,261","¥2,437,261",10,Mobile Transfer ticket,3,1,USD,JPY,0.0,USD,"https://img.vggcdn.net/img/vfsimage2/812551/594_122812/0.jpg?im=Resize=(500,271)&v=771",2 hours ago,6,False,False,False,False,B5sr6AcNwqmN5CuvZXpeUaUUM%2fsfu5vxDJ0rZ2rrqVE%3d,False,2026-07-18T02:18:17.7430000Z,False,False,False,False,False,False,0,False,,False,False,False,False,0,False,False,0,13388174056,False,2C6B0573-F158-4FD3-B9AA-342CE755C109,False,False,True,3,5.8983053889494785,1.015791656,,,,,"[{'message': 'Popular Pick', 'qualifier': '8 tickets sold for this event', 'hasValue': True, 'messageType': 'BoughtInLastHourSocialProofBased'}]",[],,,,,,,,,,,,,,,,
13384822875,153020449,121,122794,121,2,36,26_26,26,26,26,False,False,1,,False,False,[1],594,Lower,1,True,"[{'listingNoteId': -1, 'listingNoteContentId': 3338094, 'formattedListingNoteContent': 'Clear view', 'listingNoteTypeId': 3, 'showToBuyer': True, 'hideInMock': False, 'siteAddedListingNote': False, 'aisleListingNoteWithSplit': False, 'listingNoteDescriptionContentId': 3338095, 'formattedListingNoteDescription': ""You'll have an unrestricted view of the show.""}]","[{'listingNoteBucketId': 27, 'formattedListingNoteContent': 'Clear view', 'displayOrder': 8, 'showsRawNoteText': True, 'sourceListingNoteId': -1}]",2112649,False,False,Row 36,False,2443135,"¥2,443,135","¥2,443,135",10,Mobile Transfer ticket,3,1,USD,JPY,,USD,"https://img.vggcdn.net/img/vfsimage2/812551/594_122794/0.jpg?im=Resize=(500,271)&v=771",11 hours ago,6,False,False,False,False,Czdw6%2fg0Q6%2bd9BFZLzKWN4V2RY4NdEifUA9aD7c93eg%3d,False,2026-07-17T17:59:42.0370000Z,False,False,False,False,False,False,0,False,,False,False,False,False,0,False,False,0,13384822875,False,B1236238-9A03-4A7C-B1E8-5F37129D41C6,False,False,True,3,6.315050016216192,1.068945931,,,,,"[{'message': 'Popular Pick', 'qualifier': '8 tickets sold for this event', 'hasValue': True, 'messageType': 'BoughtInLastHourSocialProofBased'}]",[],,,,,,,,,,,,,,,,
13388193470,153020449,124,122796,124,2,6,11_14,,,11,False,False,4,,False,False,"[1, 2, 3, 4]",594,Lower,4,True,"[{'listingNoteId': -1, 'listingNoteContentId': 3338094, 'formattedListingNoteContent': 'Clear view', 'listingNoteTypeId': 3, 'showToBuyer': True, 'hideInMock': False, 'siteAddedListingNote': False, 'aisleListingNoteWithSplit': False, 'listingNoteDescriptionContentId': 3338095, 'formattedListingNoteDescription': ""You'll have an unrestricted view of the show.""}]","[{'listingNoteBucketId': 27, 'formattedListingNoteContent': 'Clear view', 'displayOrder': 8, 'showsRawNoteText': True, 'sourceListingNoteId': -1}]",2112761,False,False,Row 6,False,2444129,"¥2,444,129","¥2,444,129",10,Mobile Transfer ticket,3,1,USD,JPY,10990.0,USD,"https://img.vggcdn.net/img/vfsimage2/812551/594_122796/0.jpg?im=Resize=(500,271)&v=771",2 hours ago,9,False,False,False,False,YmqGw2N6U9WJEfiOwYC%2bNZFLnbHPmPDRKYoUVQF6HiQ%3d,False,2026-07-18T02:25:16.0800000Z,False,False,False,False,False,False,0,False,,False,False,False,False,0,False,False,0,13388193470,False,90B00088-07B9-4013-BC0D-2667275AD79F,False,False,True,5,8.930108026101303,1.54045121,,,,,"[{'message': 'Amazing Value', 'qualifier': 'Based on price, view, seat quality and more', 'hasValue': True, 'messageType': 'ValueBased'}, {'message': 'Popular Pick', 'qualifier': '6 tickets sold for this event', 'hasValue': True, 'messageType': 'BoughtInLastHourSocialProofBased'}]",[],,,,,,"¥3,502,074",30.0,"¥1,057,945",,,,,,,,
13388200388,153020449,124,122796,124,2,9,1_4,,,1,False,False,4,,False,False,"[1, 2, 4]",594,Lower,4,True,"[{'listingNoteId': -1, 'listingNoteContentId': 3338094, 'formattedListingNoteContent': 'Clear view', 'listingNoteTypeId': 3, 'showToBuyer': True, 'hideInMock': False, 'siteAddedListingNote': False, 'aisleListingNoteWithSplit': False, 'listingNoteDescriptionContentId': 3338095, 'formattedListingNoteDescription': ""You'll have an unrestricted view of the show.""}]","[{'listingNoteBucketId': 14, 'formattedListingNoteContent': 'Aisle seat', 'displayOrder': 14, 'showsRawNoteText': True, 'sourceListingNoteId': 2024}, {'listingNoteBucketId': 27, 'formattedListingNoteContent': 'Clear view', 'displayOrder': 8, 'showsRawNoteText': True, 'sourceListingNoteId': -1}]",2112764,False,False,Row 9,False,2444129,"¥2,444,129","¥2,444,129",10,Mobile Transfer ticket,3,1,USD,JPY,10990.0,USD,"https://img.vggcdn.net/img/vfsimage2/812551/594_122796/0.jpg?im=Resize=(500,271)&v=771",2 hours ago,9,False,False,False,False,YmqGw2N6U9WJEfiOwYC%2bNZFLnbHPmPDRKYoUVQF6HiQ%3d,False,2026-07-18T02:27:15.6670000Z,False,False,False,False,False,False,0,False,,False,False,False,False,0,False,False,0,13388200388,False,573C37DB-A081-47A3-A2F8-A3587EEAF37F,False,False,True,5,8.778150605979159,1.488509206,,,,,"[{'message': 'Amazing Value', 'qualifier': 'Based on price, view, seat quality and more', 'hasValue': True, 'messageType': 'ValueBased'}, {'message': 'Popular Pick', 'qualifier': '6 tickets sold for this event', 'hasValue': True, 'messageType': 'BoughtInLastHourSocialProofBased'}, {'message': 'Aisle Seat', 'qualifier': 'Easy access to your seat', 'hasValue': True, 'messageType': 'AisleSeatTicketAttributeBased'}]",[2024],,,,,,"¥3,296,058",26.0,"¥851,929",,,,,,,,
13388308298,153020449,124,122796,124,2,5,_,,,,False,False,4,,False,False,"[1, 2, 4]",594,Lower,4,True,"[{'listingNoteId': -1, 'listingNoteContentId': 3338094, 'formattedListingNoteContent': 'Clear view', 'listingNoteTypeId': 3, 'showToBuyer': True, 'hideInMock': False, 'siteAddedListingNote': False, 'aisleListingNoteWithSplit': False, 'listingNoteDescriptionContentId': 3338095, 'formattedListingNoteDescription': ""You'll have an unrestricted view of the show.""}]","[{'listingNoteBucketId': 27, 'formattedListingNoteContent': 'Clear view', 'displayOrder': 8, 'showsRawNoteText': True, 'sourceListingNoteId': -1}]",2112760,False,False,Row 5,False,2456606,"¥2,456,606","¥2,456,606",10,Mobile Transfer ticket,3,1,USD,JPY,10990.0,USD,"https://img.vggcdn.net/img/vfsimage2/812551/594_122796/0.jpg?im=Resize=(500,271)&v=771",2 hours ago,9,False,False,False,False,8dEwjphdqueLESkGbqoEaTe5vZvkSq%2focsg3jlc%2bRf8%3d,False,2026-07-18T02:58:06.6130000Z,False,False,False,False,False,False,0,False,,False,False,False,False,0,False,False,0,13388308298,False,1C617A5F-48CF-444F-B4EB-46F69A6FAE60,False,False,True,5,8.957573981349267,1.558143697,,,,,"[{'message': 'Amazing Value', 'qualifier': 'Based on price, view, seat quality and more', 'hasValue': True, 'messageType': 'ValueBased'}, {'message': 'Popular Pick', 'qualifier': '6 tickets sold for this event', 'hasValue': True, 'messageType': 'BoughtInLastHourSocialProofBased'}]",[],,,,,,,,,,,,,,,,
13387903270,153020449,118,122793,118,2,14,4_4,4,4,4,False,False,1,,False,False,[1],594,Lower,1,True,"[{'listingNoteId': 814, 'listingNoteContentId': 2446060, 'formattedListingNoteContent': 'Limited or Obstructed View (printed on ticket)', 'listingNoteTypeId': 1, 'showToBuyer': True, 'hideInMock': False, 'siteAddedListingNote': False, 'aisleListingNoteWithSplit': False, 'listingNoteDescriptionContentId': 2446061, 'formattedListingNoteDescription': 'Limited or Obstructed View (printed on ticket)'}]","[{'listingNoteBucketId': 21, 'formattedListingNoteContent': 'Limited view', 'displayOrder': 21, 'showsRawNoteText': False}]",2112590,False,False,Row 14,False,2456781,"¥2,456,781","¥2,456,781",10,Mobile Transfer ticket,3,1,USD,JPY,0.0,USD,"https://img.vggcdn.net/img/vfsimage2/812551/594_122793/0.jpg?im=Resize=(500,271)&v=771",3 hours ago,9,False,False,False,False,Czdw6%2fg0Q6%2bd9BFZLzKWN4V2RY4NdEifUA9aD7c93eg%3d,False,2026-07-18T01:20:39.6100000Z,False,False,False,False,False,False,0,False,,False,False,False,False,0,False,False,0,13387903270,False,52C00879-F742-42D1-8559-22BA30258A95,False,False,True,5,9.153838141237964,1.63228883,,,,,"[{'message': 'Amazing Value', 'qualifier': 'Based on price, view, seat quality and more', 'hasValue': True, 'messageType': 'ValueBased'}, {'message': 'Popular Pick', 'qualifier': '6 tickets sold for this event', 'hasValue': True, 'messageType': 'BoughtInLastHourSocialProofBased'}]",[],,,,,,"¥3,980,689",38.0,"¥1,523,908",,,,,,,,
13388100739,153020449,117,122792,117,2,19,19_19,19,19,19,False,False,1,,False,False,[1],594,Lower,1,True,"[{'listingNoteId': 814, 'listingNoteContentId': 2446060, 'formattedListingNoteContent': 'Limited or Obstructed View (printed on ticket)', 'listingNoteTypeId': 1, 'showToBuyer': True, 'hideInMock': False, 'siteAddedListingNote': False, 'aisleListingNoteWithSplit': False, 'listingNoteDescriptionContentId': 2446061, 'formattedListingNoteDescription': 'Limited or Obstructed View (printed on ticket)'}]","[{'listingNoteBucketId': 21, 'formattedListingNoteContent': 'Limited view', 'displayOrder': 21, 'showsRawNoteText': False}]",2112558,False,False,Row 19,False,2456781,"¥2,456,781","¥2,456,781",10,Mobile Transfer ticket,3,1,USD,JPY,0.0,USD,"https://img.vggcdn.net/img/vfsimage2/812551/594_122792/0.jpg?im=Resize=(500,271)&v=771",2 hours ago,9,False,False,False,False,Czdw6%2fg0Q6%2bd9BFZLzKWN4V2RY4NdEifUA9aD7c93eg%3d,False,2026-07-18T02:03:37.0170000Z,False,False,False,False,False,False,0,False,,False,False,False,False,0,False,False,0,13388100739,False,568272E1-43B7-4252-832B-9B85176B82A8,False,False,True,5,9.163883876012967,1.636267957,,,,,"[{'message': 'Amazing Value', 'qualifier': 'Based on price, view, seat quality and more', 'hasValue': True, 'messageType': 'ValueBased'}, {'message': 'Popular Pick', 'qualifier': '6 tickets sold for this event', 'hasValue': True, 'messageType': 'BoughtInLastHourSocialProofBased'}]",[],,,,,,,,,,,,,,,,
13388397729,153020449,126,122797,126,2,31,_,,,,False,False,3,,False,False,"[1, 3]",594,Lower,3,True,"[{'listingNoteId': -1, 'listingNoteContentId': 3338094, 'formattedListingNoteContent': 'Clear view', 'listingNoteTypeId': 3, 'showToBuyer': True, 'hideInMock': False, 'siteAddedListingNote': False, 'aisleListingNoteWithSplit': False, 'listingNoteDescriptionContentId': 3338095, 'formattedListingNoteDescription': ""You'll have an unrestricted view of the show.""}]","[{'listingNoteBucketId': 27, 'formattedListingNoteContent': 'Clear view', 'displayOrder': 8, 'showsRawNoteText': True, 'sourceListingNoteId': -1}]",2112789,False,False,Row 31,False,2479298,"¥2,479,298","¥2,479,298",10,Mobile Transfer ticket,3,1,USD,JPY,10990.0,USD,"https://img.vggcdn.net/img/vfsimage2/812551/594_122797/0.jpg?im=Resize=(500,271)&v=771",an hour ago,8,False,False,False,False,cqo80LH9h4eBor8zrZBbGUAXqHYEZgkcvjEPHEwQnls%3d,False,2026-07-18T03:25:29.2930000Z,False,False,False,False,False,False,0,False,,False,False,False,False,0,False,False,0,13388397729,False,7ADC0EC8-3BAA-41A4-8EFE-D0CFF1EC9BA7,False,False,True,4,7.577911681958013,1.263732799,,,,,"[{'message': 'Great Value', 'qualifier': 'Based on price, view, seat quality and more', 'hasValue': True, 'messageType': 'ValueBased'}, {'message': 'Popular Pick', 'qualifier': '6 tickets sold for this event', 'hasValue': True, 'messageType': 'BoughtInLastHourSocialProofBased'}]",[],,,,,,,,,,,,,,,,
13387921179,153020449,217,122849,217,2,13,_,,,,False,False,1,,False,False,[1],471,Middle,1,True,"[{'listingNoteId': -1, 'listingNoteContentId': 3338094, 'formattedListingNoteContent': 'Clear view', 'listingNoteTypeId': 3, 'showToBuyer': True, 'hideInMock': False, 'siteAddedListingNote': False, 'aisleListingNoteWithSplit': False, 'listingNoteDescriptionContentId': 3338095, 'formattedListingNoteDescription': ""You'll have an unrestricted view of the show.""}]","[{'listingNoteBucketId': 27, 'formattedListingNoteContent': 'Clear view', 'displayOrder': 8, 'showsRawNoteText': True, 'sourceListingNoteId': -1}]",702937,False,False,Row 13,False,2484074,"¥2,484,074","¥2,484,074",10,Mobile Transfer ticket,3,1,USD,JPY,10990.0,USD,"https://img.vggcdn.net/img/vfsimage2/812551/471_122849/0.jpg?im=Resize=(500,271)&v=771",3 hours ago,8,False,False,False,False,ILFzjXElhDdaRPjqrdnoZ7jzkh74MOvwiCJAfRTkTPc%3d,False,2026-07-18T01:23:34.2270000Z,False,False,False,False,False,False,0,False,,False,False,False,False,0,False,False,0,13387921179,False,C4429F2F-5D2D-4780-A230-FCE4C78039AE,False,False,True,4,7.9447528912391085,1.324534596,,,,,"[{'message': 'Great Value', 'qualifier': 'Based on price, view, seat quality and more', 'hasValue': True, 'messageType': 'ValueBased'}, {'message': 'Popular Pick', 'qualifier': '6 tickets sold for this event', 'hasValue': True, 'messageType': 'BoughtInLastHourSocialProofBased'}]",[],,,,,,,,,,,,,,,,
13387897175,153020449,149,122812,149,2,13,19_22,,,19,False,False,4,,False,False,"[1, 2, 3, 4]",594,Lower,4,True,"[{'listingNoteId': -1, 'listingNoteContentId': 3338094, 'formattedListingNoteContent': 'Clear view', 'listingNoteTypeId': 3, 'showToBuyer': True, 'hideInMock': False, 'siteAddedListingNote': False, 'aisleListingNoteWithSplit': False, 'listingNoteDescriptionContentId': 3338095, 'formattedListingNoteDescription': ""You'll have an unrestricted view of the show.""}]","[{'listingNoteBucketId': 27, 'formattedListingNoteContent': 'Clear view', 'displayOrder': 8, 'showsRawNoteText': True, 'sourceListingNoteId': -1}]",2113330,False,False,Row 13,False,2493254,"¥2,493,254","¥2,493,254",10,Mobile Transfer ticket,3,1,USD,JPY,10990.0,USD,"https://img.vggcdn.net/img/vfsimage2/812551/594_122812/0.jpg?im=Resize=(500,271)&v=771",3 hours ago,8,False,False,False,False,Q%2bBqHXBbwwvmsGeX%2bkDceDqXsYOAAAqROI4IimfB2hQ%3d,False,2026-07-18T01:19:13.0600000Z,False,False,False,False,False,False,0,False,,False,False,False,False,0,False,False,0,13387897175,False,4D9D4784-EB6F-464D-9B71-FAF8F1673EB1,False,False,True,4,8.487769759958441,1.426788113,,,,,"[{'message': 'Great Value', 'qualifier': 'Based on price, view, seat quality and more', 'hasValue': True, 'messageType': 'ValueBased'}, {'message': 'Popular Pick', 'qualifier': '6 tickets sold for this event', 'hasValue': True, 'messageType': 'BoughtInLastHourSocialProofBased'}]",[],,,,,,,,,,,,,,,,
13386841972,153020449,319,122912,319,2,10,1_4,,,1,False,False,4,,False,False,"[1, 2, 4]",407,Upper,4,True,"[{'listingNoteId': -1, 'listingNoteContentId': 3338094, 'formattedListingNoteContent': 'Clear view', 'listingNoteTypeId': 3, 'showToBuyer': True, 'hideInMock': False, 'siteAddedListingNote': False, 'aisleListingNoteWithSplit': False, 'listingNoteDescriptionContentId': 3338095, 'formattedListingNoteDescription': ""You'll have an unrestricted view of the show.""}]","[{'listingNoteBucketId': 14, 'formattedListingNoteContent': 'Aisle seat', 'displayOrder': 14, 'showsRawNoteText': True, 'sourceListingNoteId': 2024}, {'listingNoteBucketId': 27, 'formattedListingNoteContent': 'Clear view', 'displayOrder': 8, 'showsRawNoteText': True, 'sourceListingNoteId': -1}]",703923,False,False,Row 10,False,2523063,"¥2,523,063","¥2,523,063",1,Print-at-Home ticket,2,1,USD,JPY,5000.0,USD,"https://img.vggcdn.net/img/vfsimage2/812551/407_122912/0.jpg?im=Resize=(500,271)&v=771",6 hours ago,4,False,False,False,False,ZZM%2bFROkkwlnJU4g760nGN9I%2fwZUl0CHhuwkD%2fiMu3o%3d,False,2026-07-17T22:40:30.4970000Z,False,False,False,False,False,False,0,False,,False,False,False,False,0,False,False,0,13386841972,False,4E6570E9-868D-481F-9208-6BE3BB84E636,False,False,True,2,4.122072967335204,0.8361790833,,,,,"[{'message': 'Popular Pick', 'qualifier': '6 tickets sold for this event', 'hasValue': True, 'messageType': 'BoughtInLastHourSocialProofBased'}, {'message': 'Aisle Seat', 'qualifier': 'Easy access to your seat', 'hasValue': True, 'messageType': 'AisleSeatTicketAttributeBased'}]",[2024],,,,,,,,,,,,,,,,
13388066893,153020449,217,122849,217,2,10,18_18,,,18,False,False,1,,False,False,[1],471,Middle,1,True,"[{'listingNoteId': -1, 'listingNoteContentId': 3338094, 'formattedListingNoteContent': 'Clear view', 'listingNoteTypeId': 3, 'showToBuyer': True, 'hideInMock': False, 'siteAddedListingNote': False, 'aisleListingNoteWithSplit': False, 'listingNoteDescriptionContentId': 3338095, 'formattedListingNoteDescription': ""You'll have an unrestricted view of the show.""}]","[{'listingNoteBucketId': 27, 'formattedListingNoteContent': 'Clear view', 'displayOrder': 8, 'showsRawNoteText': True, 'sourceListingNoteId': -1}]",702934,False,False,Row 10,False,2531534,"¥2,531,534","¥2,531,534",10,Mobile Transfer ticket,3,14,USD,JPY,0.0,USD,"https://img.vggcdn.net/img/vfsimage2/812551/471_122849/0.jpg?im=Resize=(500,271)&v=771",3 hours ago,8,False,False,False,False,8nC8v5gR09aS%2bV39UYlIfIMpaKeDpkta0lMWEHPIwLQ%3d,False,2026-07-18T01:54:17.6200000Z,False,False,False,False,False,False,0,False,,False,False,False,False,0,False,False,0,13388066893,False,78D11133-2E00-4FBD-8DF7-A10D386A8060,False,False,True,4,8.422828963239262,1.436120465,,,,,"[{'message': 'Great Value', 'qualifier': 'Based on price, view, seat quality and more', 'hasValue': True, 'messageType': 'ValueBased'}, {'message': 'Popular Pick', 'qualifier': '6 tickets sold for this event', 'hasValue': True, 'messageType': 'BoughtInLastHourSocialProofBased'}]",[],,,,,,,,,,,,,,,,
13367629926,153020449,Argentina Supporters Standard Tier,2449434,Argentina Supporters Standard Tier,2,,_,,,,False,False,2,,False,False,"[1, 2]",36868,Argentina Supporters,2,True,"[{'listingNoteId': -1, 'listingNoteContentId': 3338094, 'formattedListingNoteContent': 'Clear view', 'listingNoteTypeId': 3, 'showToBuyer': True, 'hideInMock': False, 'siteAddedListingNote': False, 'aisleListingNoteWithSplit': False, 'listingNoteDescriptionContentId': 3338095, 'formattedListingNoteDescription': ""You'll have an unrestricted view of the show.""}]","[{'listingNoteBucketId': 27, 'formattedListingNoteContent': 'Clear view', 'displayOrder': 8, 'showsRawNoteText': True, 'sourceListingNoteId': -1}]",4849986,False,False,Row,True,2534760,"¥2,534,760","¥2,534,760",10,Mobile Transfer ticket,3,1,USD,JPY,10000.0,USD,"https://img.vggcdn.net/img/vfsimage2/812551/36868_2449434/0.jpg?im=Resize=(500,271)&v=771",2 days ago,7,False,False,False,False,JVwh%2fritykTL%2b%2fRSrAPwOrH0dOQ299CKzv%2bulYFaFQg%3d,False,2026-07-16T04:58:48.2770000Z,False,False,False,False,False,False,0,False,[7],False,False,False,False,0,False,False,0,13367629926,False,73B88D8E-06C5-4B33-9F5D-BF4C13D55311,False,False,True,4,7.166392393389292,1.231148835,,,,,"[{'message': 'Great Value', 'qualifier': 'Based on price, view, seat quality and more', 'hasValue': True, 'messageType': 'ValueBased'}, {'message': 'Popular Pick', 'qualifier': '6 tickets sold for this event', 'hasValue': True, 'messageType': 'BoughtInLastHourSocialProofBased'}]",[],,,,Last tickets,True,,,,,,,,,,,
13388044073,153020449,233,122860,233,2,14,21_21,,,21,False,False,1,,False,False,[1],471,Middle,1,True,"[{'listingNoteId': 814, 'listingNoteContentId': 2446060, 'formattedListingNoteContent': 'Limited or Obstructed View (printed on ticket)', 'listingNoteTypeId': 1, 'showToBuyer': True, 'hideInMock': False, 'siteAddedListingNote': False, 'aisleListingNoteWithSplit': False, 'listingNoteDescriptionContentId': 2446061, 'formattedListingNoteDescription': 'Limited or Obstructed View (printed on ticket)'}]","[{'listingNoteBucketId': 21, 'formattedListingNoteContent': 'Limited view', 'displayOrder': 21, 'showsRawNoteText': False}]",703259,False,False,Row 14,False,2534760,"¥2,534,760","¥2,534,760",10,Mobile Transfer ticket,3,1,USD,JPY,5750.0,USD,"https://img.vggcdn.net/img/vfsimage2/812551/471_122860/0.jpg?im=Resize=(500,271)&v=771",3 hours ago,6,False,False,False,False,JrtUcxFGMIKD08kXCUUem2B6U%2b%2boM7ExDeNXXGSrfnE%3d,False,2026-07-18T01:47:21.1230000Z,False,False,False,False,False,False,0,False,[7],False,False,False,False,0,False,False,0,13388044073,False,7253752B-FE16-4AE2-8BE1-D1289190F1B2,False,False,True,3,6.034897651820715,1.073118419,,,,,"[{'message': 'Popular Pick', 'qualifier': '6 tickets sold for this event', 'hasValue': True, 'messageType': 'BoughtInLastHourSocialProofBased'}]",[],,,,Last ticket,True,,,,,,,,,,,
13367394685,153020449,148,122811,148,2,15,18_18,18,18,18,False,False,1,,False,False,[1],594,Lower,1,True,"[{'listingNoteId': -1, 'listingNoteContentId': 3338094, 'formattedListingNoteContent': 'Clear view', 'listingNoteTypeId': 3, 'showToBuyer': True, 'hideInMock': False, 'siteAddedListingNote': False, 'aisleListingNoteWithSplit': False, 'listingNoteDescriptionContentId': 3338095, 'formattedListingNoteDescription': ""You'll have an unrestricted view of the show.""}]","[{'listingNoteBucketId': 27, 'formattedListingNoteContent': 'Clear view', 'displayOrder': 8, 'showsRawNoteText': True, 'sourceListingNoteId': -1}]",2113284,False,False,Row 15,False,2544508,"¥2,544,508","¥2,544,508",10,Mobile Transfer ticket,3,1,USD,JPY,,USD,"https://img.vggcdn.net/img/vfsimage2/812551/594_122811/0.jpg?im=Resize=(500,271)&v=771",2 days ago,9,False,False,False,False,tbLkoTf7Snujyg4h9CS1tssZgIjrydTYIKg6IOGpQT8%3d,False,2026-07-16T04:42:40.5030000Z,False,False,False,True,False,False,0,False,[6],False,False,False,False,0,False,False,0,13367394685,False,47E7BC14-2BC7-4BCF-8337-B818E61A3C14,False,False,True,5,8.77367032881212,1.548113427,,,,,"[{'message': 'Amazing Value', 'qualifier': 'Based on price, view, seat quality and more', 'hasValue': True, 'messageType': 'ValueBased'}, {'message': 'Popular Pick', 'qualifier': '6 tickets sold for this event', 'hasValue': True, 'messageType': 'BoughtInLastHourSocialProofBased'}]",[],Fan favorite,This section is in the top 10% of sections for this event when ranked based on a count of successful sales over the past 7 days on our site,True,Last ticket,True,,,,[7],,,,,,,
13383672256,153020449,207C,1530778,207C,2,14,5_5,5,5,5,False,False,1,,False,False,[1],471,Middle,1,True,"[{'listingNoteId': -1, 'listingNoteContentId': 3338094, 'formattedListingNoteContent': 'Clear view', 'listingNoteTypeId': 3, 'showToBuyer': True, 'hideInMock': False, 'siteAddedListingNote': False, 'aisleListingNoteWithSplit': False, 'listingNoteDescriptionContentId': 3338095, 'formattedListingNoteDescription': ""You'll have an unrestricted view of the show.""}]","[{'listingNoteBucketId': 27, 'formattedListingNoteContent': 'Clear view', 'displayOrder': 8, 'showsRawNoteText': True, 'sourceListingNoteId': -1}]",1593451,False,False,Row 14,False,2544508,"¥2,544,508","¥2,544,508",10,Mobile Transfer ticket,3,1,USD,JPY,10990.0,USD,"https://img.vggcdn.net/img/vfsimage2/812551/471_1530778/0.jpg?im=Resize=(500,271)&v=771",13 hours ago,2,False,False,False,False,tbLkoTf7Snujyg4h9CS1tssZgIjrydTYIKg6IOGpQT8%3d,False,2026-07-17T15:37:46.7030000Z,False,False,False,False,False,False,0,False,[7],False,False,False,False,0,False,False,0,13383672256,False,A83162CC-7C7C-4325-AA06-B87D6B19B13E,False,False,True,1,2.448527429138106,0.6530657106,,,,,"[{'message': 'Popular Pick', 'qualifier': '6 tickets sold for this event', 'hasValue': True, 'messageType': 'BoughtInLastHourSocialProofBased'}]",[],,,,Last ticket,True,,,,,,,,,,,
13354228968,153020449,336,122929,336,2,13,_,,,,False,False,1,,False,False,[1],407,Upper,1,True,"[{'listingNoteId': -1, 'listingNoteContentId': 3338094, 'formattedListingNoteContent': 'Clear view', 'listingNoteTypeId': 3, 'showToBuyer': True, 'hideInMock': False, 'siteAddedListingNote': False, 'aisleListingNoteWithSplit': False, 'listingNoteDescriptionContentId': 3338095, 'formattedListingNoteDescription': ""You'll have an unrestricted view of the show.""}]","[{'listingNoteBucketId': 27, 'formattedListingNoteContent': 'Clear view', 'displayOrder': 8, 'showsRawNoteText': True, 'sourceListingNoteId': -1}]",704300,False,False,Row 13,False,2562053,"¥2,562,053","¥2,562,053",10,Mobile Transfer ticket,3,1,USD,JPY,4000.0,USD,"https://img.vggcdn.net/img/vfsimage2/812551/407_122929/0.jpg?im=Resize=(500,271)&v=771",3 days ago,4,False,False,False,False,UDSgdghf%2fz%2bQCIL5v19d8YBOEDFYSnp6AoHX42mxEmg%3d,False,2026-07-15T00:20:55.5700000Z,False,False,False,False,False,False,0,False,,False,False,False,False,0,False,False,0,13354228968,False,CFE06C77-D272-4C30-97EC-A140A906ABCB,False,False,True,2,3.682197140709525,0.799197106,,,,,"[{'message': 'Popular Pick', 'qualifier': '6 tickets sold for this event', 'hasValue': True, 'messageType': 'BoughtInLastHourSocialProofBased'}]",[],,,,,,"¥4,549,334",44.0,"¥1,987,281",,,,,,,,
13388264807,153020449,205A,1530775,205A,2,1,_,,,,False,False,4,,False,False,"[1, 2, 4]",471,Middle,4,True,"[{'listingNoteId': 2025, 'listingNoteContentId': 3415843, 'formattedListingNoteContent': 'Front Row of Section', 'listingNoteTypeId': 6, 'showToBuyer': True, 'hideInMock': False, 'siteAddedListingNote': False, 'aisleListingNoteWithSplit': False, 'listingNoteDescriptionContentId': 3415843, 'formattedListingNoteDescription': 'Front Row of Section'}, {'listingNoteId': -1, 'listingNoteContentId': 3338094, 'formattedListingNoteContent': 'Clear view', 'listingNoteTypeId': 3, 'showToBuyer': True, 'hideInMock': False, 'siteAddedListingNote': False, 'aisleListingNoteWithSplit': False, 'listingNoteDescriptionContentId': 3338095, 'formattedListingNoteDescription': ""You'll have an unrestricted view of the show.""}]","[{'listingNoteBucketId': 14, 'formattedListingNoteContent': 'Front Row of Section', 'displayOrder': 14, 'showsRawNoteText': True, 'sourceListingNoteId': 2025}, {'listingNoteBucketId': 27, 'formattedListingNoteContent': 'Clear view', 'displayOrder': 8, 'showsRawNoteText': True, 'sourceListingNoteId': -1}]",1593529,False,False,Row 1,False,2593482,"¥2,593,482","¥2,593,482",10,Mobile Transfer ticket,3,1,USD,JPY,7380.0,USD,"https://img.vggcdn.net/img/vfsimage2/812551/471_1530775/0.jpg?im=Resize=(500,271)&v=771",2 hours ago,7,False,False,False,False,mejjTMroZpF6sxyy%2fwM7ufAjvim7%2fmCBViRL3nKnlOQ%3d,False,2026-07-18T02:44:12.4870000Z,False,False,False,False,False,False,0,False,,False,False,False,False,0,False,False,0,13388264807,False,81358C99-B549-4EB1-A3C1-A190E0232DC9,False,False,True,4,7.055563286611236,1.24389544,,,,,"[{'message': 'Great Value', 'qualifier': 'Based on price, view, seat quality and more', 'hasValue': True, 'messageType': 'ValueBased'}, {'message': 'Popular Pick', 'qualifier': '6 tickets sold for this event', 'hasValue': True, 'messageType': 'BoughtInLastHourSocialProofBased'}, {'message': 'Front Row', 'qualifier': 'Best seats in the house', 'hasValue': True, 'messageType': 'FirstRowTicketAttributeBased'}]",[2025],,,,,,,,,,,,,,,,
13388055650,153020449,109,122787,109,2,24,17_17,,,17,False,False,1,,False,False,[1],594,Lower,1,True,"[{'listingNoteId': -1, 'listingNoteContentId': 3338094, 'formattedListingNoteContent': 'Clear view', 'listingNoteTypeId': 3, 'showToBuyer': True, 'hideInMock': False, 'siteAddedListingNote': False, 'aisleListingNoteWithSplit': False, 'listingNoteDescriptionContentId': 3338095, 'formattedListingNoteDescription': ""You'll have an unrestricted view of the show.""}]","[{'listingNoteBucketId': 27, 'formattedListingNoteContent': 'Clear view', 'displayOrder': 8, 'showsRawNoteText': True, 'sourceListingNoteId': -1}]",2112302,False,False,Row 24,False,2604525,"¥2,604,525","¥2,604,525",10,Mobile Transfer ticket,3,14,USD,JPY,0.0,USD,"https://img.vggcdn.net/img/vfsimage2/812551/594_122787/0.jpg?im=Resize=(500,271)&v=771",3 hours ago,8,False,False,False,False,N1BNshbLKWmkOJpPhlDrVTHN2Z4BW9CgDJo8zfG3JIU%3d,False,2026-07-18T01:50:36.4630000Z,False,False,False,False,False,False,0,False,,False,False,False,False,0,False,False,0,13388055650,False,19BBBB82-79C2-4CF5-8502-82151EB33264,False,False,True,4,7.585743026655356,1.328825035,,,,,"[{'message': 'Great Value', 'qualifier': 'Based on price, view, seat quality and more', 'hasValue': True, 'messageType': 'ValueBased'}, {'message': 'Popular Pick', 'qualifier': '6 tickets sold for this event', 'hasValue': True, 'messageType': 'BoughtInLastHourSocialProofBased'}]",[],,,,,,,,,,,,,,,,
13387928585,153020449,118,122793,118,2,16,_,,,,False,False,4,,False,False,"[1, 2, 3, 4]",594,Lower,4,True,"[{'listingNoteId': 814, 'listingNoteContentId': 2446060, 'formattedListingNoteContent': 'Limited or Obstructed View (printed on ticket)', 'listingNoteTypeId': 1, 'showToBuyer': True, 'hideInMock': False, 'siteAddedListingNote': False, 'aisleListingNoteWithSplit': False, 'listingNoteDescriptionContentId': 2446061, 'formattedListingNoteDescription': 'Limited or Obstructed View (printed on ticket)'}]","[{'listingNoteBucketId': 21, 'formattedListingNoteContent': 'Limited view', 'displayOrder': 21, 'showsRawNoteText': False}]",2112592,False,False,Row 16,False,2617808,"¥2,617,808","¥2,617,808",10,Mobile Transfer ticket,3,1,USD,JPY,10990.0,USD,"https://img.vggcdn.net/img/vfsimage2/812551/594_122793/0.jpg?im=Resize=(500,271)&v=771",3 hours ago,9,False,False,False,False,fqTTJ3goeW%2bFUJfEeHWNvxkOPOFHFFXZzChkSZCiseg%3d,False,2026-07-18T01:24:36.4100000Z,False,False,False,False,False,False,0,False,,False,False,False,False,0,False,False,0,13387928585,False,CD3D592A-3226-4912-94F7-06C2945A45E3,False,False,True,5,8.776677921773818,1.593780325,,,,,"[{'message': 'Amazing Value', 'qualifier': 'Based on price, view, seat quality and more', 'hasValue': True, 'messageType': 'ValueBased'}, {'message': 'Popular Pick', 'qualifier': '6 tickets sold for this event', 'hasValue': True, 'messageType': 'BoughtInLastHourSocialProofBased'}]",[],,,,,,,,,,,,,,,,
13387928582,153020449,108,122786,108,2,16,_,,,,False,False,4,,False,False,"[1, 2, 3, 4]",594,Lower,4,True,"[{'listingNoteId': 814, 'listingNoteContentId': 2446060, 'formattedListingNoteContent': 'Limited or Obstructed View (printed on ticket)', 'listingNoteTypeId': 1, 'showToBuyer': True, 'hideInMock': False, 'siteAddedListingNote': False, 'aisleListingNoteWithSplit': False, 'listingNoteDescriptionContentId': 2446061, 'formattedListingNoteDescription': 'Limited or Obstructed View (printed on ticket)'}]","[{'listingNoteBucketId': 21, 'formattedListingNoteContent': 'Limited view', 'displayOrder': 21, 'showsRawNoteText': False}]",2112259,False,False,Row 16,False,2617808,"¥2,617,808","¥2,617,808",10,Mobile Transfer ticket,3,1,USD,JPY,10990.0,USD,"https://img.vggcdn.net/img/vfsimage2/812551/594_122786/0.jpg?im=Resize=(500,271)&v=771",3 hours ago,8,False,False,False,False,fqTTJ3goeW%2bFUJfEeHWNvxkOPOFHFFXZzChkSZCiseg%3d,False,2026-07-18T01:24:36.4000000Z,False,False,False,False,False,False,0,False,,False,False,False,False,0,False,False,0,13387928582,False,75729E3E-8C1A-4D4D-AC54-1DD1E8BCA46B,False,False,True,4,8.49,1.500553117,,,,,"[{'message': 'Great Value', 'qualifier': 'Based on price, view, seat quality and more', 'hasValue': True, 'messageType': 'ValueBased'}, {'message': 'Popular Pick', 'qualifier': '6 tickets sold for this event', 'hasValue': True, 'messageType': 'BoughtInLastHourSocialProofBased'}]",[],,,,,,,,,,,,,,,,
13386891497,153020449,231A,1530792,231A,2,2,16_19,,,16,False,False,4,,False,False,"[1, 2, 4]",471,Middle,4,True,"[{'listingNoteId': 2026, 'listingNoteContentId': 3415844, 'formattedListingNoteContent': 'Second Row of Section', 'listingNoteTypeId': 6, 'showToBuyer': True, 'hideInMock': False, 'siteAddedListingNote': False, 'aisleListingNoteWithSplit': False, 'listingNoteDescriptionContentId': 3415844, 'formattedListingNoteDescription': 'Second Row of Section'}, {'listingNoteId': -1, 'listingNoteContentId': 3338094, 'formattedListingNoteContent': 'Clear view', 'listingNoteTypeId': 3, 'showToBuyer': True, 'hideInMock': False, 'siteAddedListingNote': False, 'aisleListingNoteWithSplit': False, 'listingNoteDescriptionContentId': 3338095, 'formattedListingNoteDescription': ""You'll have an unrestricted view of the show.""}]","[{'listingNoteBucketId': 14, 'formattedListingNoteContent': 'Second Row of Section', 'displayOrder': 14, 'showsRawNoteText': True, 'sourceListingNoteId': 2026}, {'listingNoteBucketId': 27, 'formattedListingNoteContent': 'Clear view', 'displayOrder': 8, 'showsRawNoteText': True, 'sourceListingNoteId': -1}]",1593666,False,False,Row 2,False,2632234,"¥2,632,234","¥2,632,234",10,Mobile Transfer ticket,3,1,USD,JPY,0.0,USD,"https://img.vggcdn.net/img/vfsimage2/812551/471_1530792/0.jpg?im=Resize=(500,271)&v=771",6 hours ago,8,False,False,False,False,J6JR8OBaehhDB1kEU8m3nOjseNSqjvKH0g%2flMe1kwQY%3d,False,2026-07-17T22:45:21.2300000Z,False,False,False,False,False,False,0,False,[7],False,False,False,False,0,False,False,0,13386891497,False,CB3F0545-123A-40BB-A410-74834021A04D,False,False,True,4,7.512141215080776,1.331183615,,,,,"[{'message': 'Great Value', 'qualifier': 'Based on price, view, seat quality and more', 'hasValue': True, 'messageType': 'ValueBased'}, {'message': 'Popular Pick', 'qualifier': '6 tickets sold for this event', 'hasValue': True, 'messageType': 'BoughtInLastHourSocialProofBased'}, {'message': 'Second Row', 'qualifier': 'Premium close-up view', 'hasValue': True, 'messageType': 'SecondRowTicketAttributeBased'}]",[2026],,,,Last tickets,True,,,,,,,,,,,
13386360429,153020449,245C,1530797,245C,2,8,_,,,,False,False,1,,False,False,[1],471,Middle,1,True,"[{'listingNoteId': 175, 'listingNoteContentId': 2444706, 'formattedListingNoteContent': 'Unlimited Food and Drinks', 'listingNoteTypeId': 3, 'showToBuyer': True, 'hideInMock': False, 'siteAddedListingNote': False, 'aisleListingNoteWithSplit': False, 'listingNoteDescriptionContentId': 2444707, 'formattedListingNoteDescription': 'Includes unlimited food and drinks (beer, wine and soft drinks)'}, {'listingNoteId': 2344, 'listingNoteContentId': 4216766, 'formattedListingNoteContent': 'Includes Offsite Hospitality', 'listingNoteTypeId': 3, 'showToBuyer': True, 'hideInMock': False, 'siteAddedListingNote': False, 'aisleListingNoteWithSplit': False, 'formattedListingNoteDescription': ''}, {'listingNoteId': -1, 'listingNoteContentId': 3338094, 'formattedListingNoteContent': 'Clear view', 'listingNoteTypeId': 3, 'showToBuyer': True, 'hideInMock': False, 'siteAddedListingNote': False, 'aisleListingNoteWithSplit': False, 'listingNoteDescriptionContentId': 3338095, 'formattedListingNoteDescription': ""You'll have an unrestricted view of the show.""}]","[{'listingNoteBucketId': 7, 'formattedListingNoteContent': 'Food & beverages', 'displayOrder': 7, 'showsRawNoteText': False}, {'listingNoteBucketId': 0, 'formattedListingNoteContent': 'Includes Offsite Hospitality', 'displayOrder': 30, 'showsRawNoteText': True, 'sourceListingNoteId': 2344}, {'listingNoteBucketId': 27, 'formattedListingNoteContent': 'Clear view', 'displayOrder': 8, 'showsRawNoteText': True, 'sourceListingNoteId': -1}]",1593500,False,False,Row 8,False,2632234,"¥2,632,234","¥2,632,234",10,Mobile Transfer ticket,3,1,USD,JPY,81000.0,USD,"https://img.vggcdn.net/img/vfsimage2/812551/471_1530797/0.jpg?im=Resize=(500,271)&v=771",7 hours ago,6,False,False,False,False,XAOQSpHsuLA9bJM8SaMacpMCvVPEFVaOhvviMmRJgxo%3d,False,2026-07-17T21:27:35.4900000Z,False,False,False,False,False,False,0,False,[7],False,False,False,False,0,False,False,0,13386360429,False,483326AA-1963-44B1-A97A-9CD6325D4B0C,False,False,True,3,5.964607998578699,1.105408606,,,,,"[{'message': 'Popular Pick', 'qualifier': '6 tickets sold for this event', 'hasValue': True, 'messageType': 'BoughtInLastHourSocialProofBased'}]",[],,,,Last ticket,True,,,,,,,,,,,
13387939056,153020449,232C,1530794,232C,2,8,6_6,,,6,False,False,1,,False,False,[1],471,Middle,1,True,"[{'listingNoteId': 165, 'listingNoteContentId': 2444685, 'formattedListingNoteContent': 'Preferred Seating', 'listingNoteTypeId': 3, 'showToBuyer': True, 'hideInMock': False, 'siteAddedListingNote': False, 'aisleListingNoteWithSplit': False, 'listingNoteDescriptionContentId': 2444686, 'formattedListingNoteDescription': 'Preferred Seating'}, {'listingNoteId': 976, 'listingNoteContentId': 2446393, 'formattedListingNoteContent': 'VIP Entrance', 'listingNoteTypeId': 3, 'showToBuyer': True, 'hideInMock': False, 'siteAddedListingNote': False, 'aisleListingNoteWithSplit': False, 'formattedListingNoteDescription': ''}, {'listingNoteId': 1025, 'listingNoteContentId': 2446491, 'formattedListingNoteContent': 'Includes unlimited food and soft drinks', 'listingNoteTypeId': 3, 'showToBuyer': True, 'hideInMock': False, 'siteAddedListingNote': False, 'aisleListingNoteWithSplit': False, 'listingNoteDescriptionContentId': 2446492, 'formattedListingNoteDescription': 'Includes unlimited food and soft drinks'}, {'listingNoteId': 1288, 'listingNoteContentId': 2447097, 'formattedListingNoteContent': 'Includes buffet, beer and wine', 'listingNoteTypeId': 4, 'showToBuyer': True, 'hideInMock': False, 'siteAddedListingNote': False, 'aisleListingNoteWithSplit': False, 'listingNoteDescriptionContentId': 2447098, 'formattedListingNoteDescription': 'Includes buffet, beer and wine'}, {'listingNoteId': 1317, 'listingNoteContentId': 2447155, 'formattedListingNoteContent': 'Complimentary buffet with beer and champagne included', 'listingNoteTypeId': 4, 'showToBuyer': True, 'hideInMock': False, 'siteAddedListingNote': False, 'aisleListingNoteWithSplit': False, 'listingNoteDescriptionContentId': 2447156, 'formattedListingNoteDescription': 'Complimentary buffet with beer and champagne included'}, {'listingNoteId': 1607, 'listingNoteContentId': 2447736, 'formattedListingNoteContent': 'Includes complimentary buffet', 'listingNoteTypeId': 3, 'showToBuyer': True, 'hideInMock': False, 'siteAddedListingNote': False, 'aisleListingNoteWithSplit': False, 'listingNoteDescriptionContentId': 2447737, 'formattedListingNoteDescription': 'Includes complimentary buffet'}, {'listingNoteId': -1, 'listingNoteContentId': 3338094, 'formattedListingNoteContent': 'Clear view', 'listingNoteTypeId': 3, 'showToBuyer': True, 'hideInMock': False, 'siteAddedListingNote': False, 'aisleListingNoteWithSplit': False, 'listingNoteDescriptionContentId': 3338095, 'formattedListingNoteDescription': ""You'll have an unrestricted view of the show.""}]","[{'listingNoteBucketId': 7, 'formattedListingNoteContent': 'Food & beverages', 'displayOrder': 7, 'showsRawNoteText': False}, {'listingNoteBucketId': 10, 'formattedListingNoteContent': 'Exclusive entry', 'displayOrder': 10, 'showsRawNoteText': False}, {'listingNoteBucketId': 11, 'formattedListingNoteContent': 'Preferred Seating', 'displayOrder': 11, 'showsRawNoteText': True, 'sourceListingNoteId': 165}, {'listingNoteBucketId': 27, 'formattedListingNoteContent': 'Clear view', 'displayOrder': 8, 'showsRawNoteText': True, 'sourceListingNoteId': -1}]",1593486,False,False,Row 8,False,2659937,"¥2,659,937","¥2,659,937",10,Mobile Transfer ticket,3,1,USD,JPY,12000.0,USD,"https://img.vggcdn.net/img/vfsimage2/812551/471_1530794/0.jpg?im=Resize=(500,271)&v=771",3 hours ago,6,False,False,False,False,4dHlD2o5gRrZ9PZu9eBhuo2TrpDJOxxQLjuJkzhscQ8%3d,False,2026-07-18T01:26:46.2730000Z,False,False,False,False,False,False,0,False,[7],False,False,False,False,0,False,False,0,13387939056,False,3E36394E-9184-4C99-9290-D1AE479DBBBA,False,False,True,3,5.872825831705991,1.105408606,,,,,"[{'message': 'Popular Pick', 'qualifier': '6 tickets sold for this event', 'hasValue': True, 'messageType': 'BoughtInLastHourSocialProofBased'}, {'message': 'VIP', 'qualifier': 'Premium access and amenities', 'hasValue': True, 'messageType': 'VipTicketAttributeBased'}]",[976],,,,Last ticket,True,,,,,,,,,,,
13388306368,153020449,124,122796,124,2,4,_,,,,False,False,4,,False,False,"[1, 2, 4]",594,Lower,4,True,"[{'listingNoteId': -1, 'listingNoteContentId': 3338094, 'formattedListingNoteContent': 'Clear view', 'listingNoteTypeId': 3, 'showToBuyer': True, 'hideInMock': False, 'siteAddedListingNote': False, 'aisleListingNoteWithSplit': False, 'listingNoteDescriptionContentId': 3338095, 'formattedListingNoteDescription': ""You'll have an unrestricted view of the show.""}]","[{'listingNoteBucketId': 27, 'formattedListingNoteContent': 'Clear view', 'displayOrder': 8, 'showsRawNoteText': True, 'sourceListingNoteId': -1}]",2112749,False,False,Row 4,False,2666234,"¥2,666,234","¥2,666,234",10,Mobile Transfer ticket,3,1,USD,JPY,10990.0,USD,"https://img.vggcdn.net/img/vfsimage2/812551/594_122796/0.jpg?im=Resize=(500,271)&v=771",2 hours ago,9,False,False,False,False,NoxkbBKLd32%2fnwT6zLDnHwSG3hFjcxk5RfR7MCFNnmw%3d,False,2026-07-18T02:57:39.3530000Z,False,False,False,False,False,False,0,False,,False,False,False,False,0,False,False,0,13388306368,False,3EE2CF8A-87BC-4733-B69F-338969837712,False,False,True,5,8.641551784100725,1.576028866,,,,,"[{'message': 'Amazing Value', 'qualifier': 'Based on price, view, seat quality and more', 'hasValue': True, 'messageType': 'ValueBased'}, {'message': 'Popular Pick', 'qualifier': '6 tickets sold for this event', 'hasValue': True, 'messageType': 'BoughtInLastHourSocialProofBased'}]",[],,,,,,,,,,,,,,,,
13387832166,153020449,117,122792,117,2,15,21_21,21,21,21,False,False,1,,False,False,[1],594,Lower,1,True,"[{'listingNoteId': 814, 'listingNoteContentId': 2446060, 'formattedListingNoteContent': 'Limited or Obstructed View (printed on ticket)', 'listingNoteTypeId': 1, 'showToBuyer': True, 'hideInMock': False, 'siteAddedListingNote': False, 'aisleListingNoteWithSplit': False, 'listingNoteDescriptionContentId': 2446061, 'formattedListingNoteDescription': 'Limited or Obstructed View (printed on ticket)'}]","[{'listingNoteBucketId': 21, 'formattedListingNoteContent': 'Limited view', 'displayOrder': 21, 'showsRawNoteText': False}]",2112554,False,False,Row 15,False,2711579,"¥2,711,579","¥2,711,579",10,Mobile Transfer ticket,3,1,EUR,JPY,11000.0,EUR,"https://img.vggcdn.net/img/vfsimage2/812551/594_122792/0.jpg?im=Resize=(500,271)&v=771",3 hours ago,9,False,False,False,False,KDB%2bR1OnGO5cKfXlxbBdyJ0fIEkpI%2f0JplWyK%2bG5pJA%3d,False,2026-07-18T01:07:27.2570000Z,False,False,False,False,False,False,0,False,,False,False,False,False,0,False,False,0,13387832166,False,3362D337-7203-4F10-A567-990EEF72D58F,False,False,True,5,9.011827780416263,1.741732796,,,,,"[{'message': 'Amazing Value', 'qualifier': 'Based on price, view, seat quality and more', 'hasValue': True, 'messageType': 'ValueBased'}, {'message': 'Popular Pick', 'qualifier': '6 tickets sold for this event', 'hasValue': True, 'messageType': 'BoughtInLastHourSocialProofBased'}]",[],,,,,,,,,,,,,,,,
13387740657,153020449,124,122796,124,2,2,18_18,18,18,18,False,False,1,,False,False,[1],594,Lower,1,True,"[{'listingNoteId': 2026, 'listingNoteContentId': 3415844, 'formattedListingNoteContent': 'Second Row of Section', 'listingNoteTypeId': 6, 'showToBuyer': True, 'hideInMock': False, 'siteAddedListingNote': False, 'aisleListingNoteWithSplit': False, 'listingNoteDescriptionContentId': 3415844, 'formattedListingNoteDescription': 'Second Row of Section'}, {'listingNoteId': -1, 'listingNoteContentId': 3338094, 'formattedListingNoteContent': 'Clear view', 'listingNoteTypeId': 3, 'showToBuyer': True, 'hideInMock': False, 'siteAddedListingNote': False, 'aisleListingNoteWithSplit': False, 'listingNoteDescriptionContentId': 3338095, 'formattedListingNoteDescription': ""You'll have an unrestricted view of the show.""}]","[{'listingNoteBucketId': 14, 'formattedListingNoteContent': 'Second Row of Section', 'displayOrder': 14, 'showsRawNoteText': True, 'sourceListingNoteId': 2026}, {'listingNoteBucketId': 27, 'formattedListingNoteContent': 'Clear view', 'displayOrder': 8, 'showsRawNoteText': True, 'sourceListingNoteId': -1}]",2112727,False,False,Row 2,False,2729513,"¥2,729,513","¥2,729,513",10,Mobile Transfer ticket,3,1,CAD,JPY,15290.0,CAD,"https://img.vggcdn.net/img/vfsimage2/812551/594_122796/0.jpg?im=Resize=(500,271)&v=771",4 hours ago,9,False,False,False,False,H2SQ8Vrsb3jq1x0%2bbsEaLB352ERn5NKsz3IBWbCaYLI%3d,False,2026-07-18T00:42:32.3030000Z,False,False,False,False,False,False,0,False,,False,False,False,False,0,False,False,0,13387740657,False,77140739-AB5C-4E81-8FE3-97778ABB1595,False,False,True,5,8.638519352223804,1.612385673,,,,,"[{'message': 'Amazing Value', 'qualifier': 'Based on price, view, seat quality and more', 'hasValue': True, 'messageType': 'ValueBased'}, {'message': 'Popular Pick', 'qualifier': '6 tickets sold for this event', 'hasValue': True, 'messageType': 'BoughtInLastHourSocialProofBased'}, {'message': 'Second Row', 'qualifier': 'Premium close-up view', 'hasValue': True, 'messageType': 'SecondRowTicketAttributeBased'}]",[2026],,,,,,"¥4,634,295",41.0,"¥1,904,782",,,,,,,,
13380219291,153020449,146,122810,146,2,16,15_15,15,15,15,False,False,1,,False,False,[1],594,Lower,1,True,"[{'listingNoteId': -1, 'listingNoteContentId': 3338094, 'formattedListingNoteContent': 'Clear view', 'listingNoteTypeId': 3, 'showToBuyer': True, 'hideInMock': False, 'siteAddedListingNote': False, 'aisleListingNoteWithSplit': False, 'listingNoteDescriptionContentId': 3338095, 'formattedListingNoteDescription': ""You'll have an unrestricted view of the show.""}]","[{'listingNoteBucketId': 27, 'formattedListingNoteContent': 'Clear view', 'displayOrder': 8, 'showsRawNoteText': True, 'sourceListingNoteId': -1}]",2113238,False,False,Row 16,False,2772596,"¥2,772,596","¥2,772,596",10,Mobile Transfer ticket,3,1,USD,JPY,17000.0,USD,"https://img.vggcdn.net/img/vfsimage2/812551/594_122810/0.jpg?im=Resize=(500,271)&v=771",yesterday,7,False,False,False,False,XehxatrX%2b51e7COTcyeas6GovXU%2fWHpWLiUX4h46HJo%3d,False,2026-07-17T04:59:22.1400000Z,False,False,False,False,False,False,0,False,,False,False,False,False,0,False,False,0,13380219291,False,5BFC96A1-7BCE-4F51-B2D8-BEB88C1F5C2D,False,False,True,4,7.009011721533633,1.32285662,,,,,"[{'message': 'Great Value', 'qualifier': 'Based on price, view, seat quality and more', 'hasValue': True, 'messageType': 'ValueBased'}, {'message': 'Popular Pick', 'qualifier': '6 tickets sold for this event', 'hasValue': True, 'messageType': 'BoughtInLastHourSocialProofBased'}]",[],,,,,,,,,,,,,,,,
13226218584,153020449,331,122924,331,2,17,_,,,,False,False,1,,False,False,[1],407,Upper,4,True,"[{'listingNoteId': 74, 'listingNoteContentId': 1288630, 'formattedListingNoteContent': 'Over 18 Ticket', 'listingNoteTypeId': 2, 'showToBuyer': True, 'hideInMock': False, 'siteAddedListingNote': False, 'aisleListingNoteWithSplit': False, 'formattedListingNoteDescription': ''}, {'listingNoteId': -1, 'listingNoteContentId': 3338094, 'formattedListingNoteContent': 'Clear view', 'listingNoteTypeId': 3, 'showToBuyer': True, 'hideInMock': False, 'siteAddedListingNote': False, 'aisleListingNoteWithSplit': False, 'listingNoteDescriptionContentId': 3338095, 'formattedListingNoteDescription': ""You'll have an unrestricted view of the show.""}]","[{'listingNoteBucketId': 24, 'formattedListingNoteContent': 'Over 18 Ticket', 'displayOrder': 24, 'showsRawNoteText': True, 'sourceListingNoteId': 74}, {'listingNoteBucketId': 27, 'formattedListingNoteContent': 'Clear view', 'displayOrder': 8, 'showsRawNoteText': True, 'sourceListingNoteId': -1}]",2113932,False,False,Row 17,False,2788171,"¥2,788,171","¥2,788,171",10,Mobile Transfer ticket,3,1,EUR,JPY,1772.0,EUR,"https://img.vggcdn.net/img/vfsimage2/812551/407_122924/0.jpg?im=Resize=(500,271)&v=771",14 days ago,3,False,False,False,False,m634BVmmVzB1yApA4VoaTAxaiQdeE75R8VA4mEdBpfs%3d,False,2026-07-03T05:57:00.4270000Z,False,False,False,False,False,False,0,False,,False,False,False,False,0,False,False,0,13226218584,False,71155623-24C6-4BAB-97E2-A74FF6E7750F,False,False,True,2,2.5,0.7523624922,,,,,"[{'message': 'Popular Pick', 'qualifier': '6 tickets sold for this event', 'hasValue': True, 'messageType': 'BoughtInLastHourSocialProofBased'}]",[],,,,,,,,,,,,,,,,
13365113405,153020449,149,122812,149,2,9,12_12,,,12,False,False,1,,False,False,[1],594,Lower,1,True,"[{'listingNoteId': -1, 'listingNoteContentId': 3338094, 'formattedListingNoteContent': 'Clear view', 'listingNoteTypeId': 3, 'showToBuyer': True, 'hideInMock': False, 'siteAddedListingNote': False, 'aisleListingNoteWithSplit': False, 'listingNoteDescriptionContentId': 3338095, 'formattedListingNoteDescription': ""You'll have an unrestricted view of the show.""}]","[{'listingNoteBucketId': 27, 'formattedListingNoteContent': 'Clear view', 'displayOrder': 8, 'showsRawNoteText': True, 'sourceListingNoteId': -1}]",2113374,False,False,Row 9,False,2789956,"¥2,789,956","¥2,789,956",10,Mobile Transfer ticket,3,1,USD,JPY,0.01,USD,"https://img.vggcdn.net/img/vfsimage2/812551/594_122812/0.jpg?im=Resize=(500,271)&v=771",2 days ago,8,False,False,False,False,OOZYW70tlYD0STtpm%2fopPAUfqYfS%2fI99Vkm5AGeLbTY%3d,False,2026-07-15T23:49:53.4970000Z,False,False,False,False,False,False,0,False,,False,False,False,False,0,False,False,0,13365113405,False,C674765A-B154-4C8F-A509-E49C5315686D,False,False,True,4,7.969089121573873,1.492227076,,,,,"[{'message': 'Great Value', 'qualifier': 'Based on price, view, seat quality and more', 'hasValue': True, 'messageType': 'ValueBased'}, {'message': 'Popular Pick', 'qualifier': '6 tickets sold for this event', 'hasValue': True, 'messageType': 'BoughtInLastHourSocialProofBased'}]",[],,,,,,,,,,,,,,,,
13381624002,153020449,133,122801,133,2,,_,,,,False,False,3,,False,False,"[1, 3]",594,Lower,3,True,"[{'listingNoteId': -1, 'listingNoteContentId': 3338094, 'formattedListingNoteContent': 'Clear view', 'listingNoteTypeId': 3, 'showToBuyer': True, 'hideInMock': False, 'siteAddedListingNote': False, 'aisleListingNoteWithSplit': False, 'listingNoteDescriptionContentId': 3338095, 'formattedListingNoteDescription': ""You'll have an unrestricted view of the show.""}]","[{'listingNoteBucketId': 27, 'formattedListingNoteContent': 'Clear view', 'displayOrder': 8, 'showsRawNoteText': True, 'sourceListingNoteId': -1}]",108763,False,False,Row,True,2810473,"¥2,810,473","¥2,810,473",10,Mobile Transfer ticket,3,1,EUR,JPY,5570.0,EUR,"https://img.vggcdn.net/img/vfsimage2/812551/594_122801/0.jpg?im=Resize=(500,271)&v=771",20 hours ago,5,False,False,False,False,YWFz1kG1ktsyFAMwNuKkzPl5GZgNxFJ7zppJ2Gr7WH0%3d,False,2026-07-17T08:52:50.4630000Z,False,False,False,False,False,False,0,False,[7],False,False,False,False,0,False,False,0,13381624002,False,DA9CB2F3-E859-4346-AA78-E4EC1C7552AA,False,False,True,3,5.458710608731769,1.115548226,,,,,"[{'message': 'Popular Pick', 'qualifier': '6 tickets sold for this event', 'hasValue': True, 'messageType': 'BoughtInLastHourSocialProofBased'}]",[],,,,Last tickets,True,,,,,,,,,,,
13384129659,153020449,342,122935,342,2,14,_,,,,False,False,4,,False,False,"[1, 2, 3, 4]",407,Upper,4,True,"[{'listingNoteId': -1, 'listingNoteContentId': 3338094, 'formattedListingNoteContent': 'Clear view', 'listingNoteTypeId': 3, 'showToBuyer': True, 'hideInMock': False, 'siteAddedListingNote': False, 'aisleListingNoteWithSplit': False, 'listingNoteDescriptionContentId': 3338095, 'formattedListingNoteDescription': ""You'll have an unrestricted view of the show.""}]","[{'listingNoteBucketId': 27, 'formattedListingNoteContent': 'Clear view', 'displayOrder': 8, 'showsRawNoteText': True, 'sourceListingNoteId': -1}]",704430,False,False,Row 14,False,2811244,"¥2,811,244","¥2,811,244",10,Mobile Transfer ticket,3,1,USD,JPY,0.0,USD,"https://img.vggcdn.net/img/vfsimage2/812551/407_122935/0.jpg?im=Resize=(500,271)&v=771",12 hours ago,3,False,False,False,False,IK4RPlg55SPNbh9%2b9the961KgEUk7aZQ2tws5SOva98%3d,False,2026-07-17T16:37:34.2600000Z,False,False,False,False,False,False,0,False,,False,False,False,False,0,False,False,0,13384129659,False,A56D02D0-8927-40D2-B3D0-1711B6C0F59B,False,False,True,2,3.0530482366926015,0.8097118042,,,,,"[{'message': 'Popular Pick', 'qualifier': '6 tickets sold for this event', 'hasValue': True, 'messageType': 'BoughtInLastHourSocialProofBased'}]",[],,,,,,,,,,,,,,,,
13388212550,153020449,108,122786,108,2,15,_,,,,False,False,3,,False,False,"[1, 3]",594,Lower,3,True,"[{'listingNoteId': 814, 'listingNoteContentId': 2446060, 'formattedListingNoteContent': 'Limited or Obstructed View (printed on ticket)', 'listingNoteTypeId': 1, 'showToBuyer': True, 'hideInMock': False, 'siteAddedListingNote': False, 'aisleListingNoteWithSplit': False, 'listingNoteDescriptionContentId': 2446061, 'formattedListingNoteDescription': 'Limited or Obstructed View (printed on ticket)'}]","[{'listingNoteBucketId': 21, 'formattedListingNoteContent': 'Limited view', 'displayOrder': 21, 'showsRawNoteText': False}]",2112258,False,False,Row 15,False,2865979,"¥2,865,979","¥2,865,979",10,Mobile Transfer ticket,3,1,USD,JPY,1099.0,USD,"https://img.vggcdn.net/img/vfsimage2/812551/594_122786/0.jpg?im=Resize=(500,271)&v=771",2 hours ago,8,False,False,False,False,jzutkzZihJZHzFITmlXZpH9%2fSYebHYXgTFu3lgQ3Y%2bk%3d,False,2026-07-18T02:32:23.4700000Z,False,False,False,False,False,False,0,False,,False,False,False,False,0,False,False,0,13388212550,False,7B75E65E-812D-49D4-85ED-38C7788F5A54,False,False,True,4,7.867802752581497,1.513572,,,,,"[{'message': 'Great Value', 'qualifier': 'Based on price, view, seat quality and more', 'hasValue': True, 'messageType': 'ValueBased'}, {'message': 'Popular Pick', 'qualifier': '6 tickets sold for this event', 'hasValue': True, 'messageType': 'BoughtInLastHourSocialProofBased'}]",[],,,,,,,,,,,,,,,,
13387921180,153020449,217,122849,217,2,11,_,,,,False,False,3,,False,False,"[1, 3]",471,Middle,3,True,"[{'listingNoteId': -1, 'listingNoteContentId': 3338094, 'formattedListingNoteContent': 'Clear view', 'listingNoteTypeId': 3, 'showToBuyer': True, 'hideInMock': False, 'siteAddedListingNote': False, 'aisleListingNoteWithSplit': False, 'listingNoteDescriptionContentId': 3338095, 'formattedListingNoteDescription': ""You'll have an unrestricted view of the show.""}]","[{'listingNoteBucketId': 27, 'formattedListingNoteContent': 'Clear view', 'displayOrder': 8, 'showsRawNoteText': True, 'sourceListingNoteId': -1}]",702935,False,False,Row 11,False,2866170,"¥2,866,170","¥2,866,170",10,Mobile Transfer ticket,3,1,USD,JPY,10990.0,USD,"https://img.vggcdn.net/img/vfsimage2/812551/471_122849/0.jpg?im=Resize=(500,271)&v=771",3 hours ago,7,False,False,False,False,CAcRhqn9wLRHmAWJy549pLGSFPRltQfAz%2fUe6HXpcf0%3d,False,2026-07-18T01:23:34.2300000Z,False,False,False,False,False,False,0,False,,False,False,False,False,0,False,False,0,13387921180,False,0C587363-B8CD-4132-9E7F-8791FCEF24DE,False,False,True,4,7.202345626823951,1.397897973,,,,,"[{'message': 'Great Value', 'qualifier': 'Based on price, view, seat quality and more', 'hasValue': True, 'messageType': 'ValueBased'}, {'message': 'Popular Pick', 'qualifier': '6 tickets sold for this event', 'hasValue': True, 'messageType': 'BoughtInLastHourSocialProofBased'}]",[],,,,,,,,,,,,,,,,
13387921218,153020449,217,122849,217,2,12,_,,,,False,False,3,,False,False,"[1, 3]",471,Middle,3,True,"[{'listingNoteId': -1, 'listingNoteContentId': 3338094, 'formattedListingNoteContent': 'Clear view', 'listingNoteTypeId': 3, 'showToBuyer': True, 'hideInMock': False, 'siteAddedListingNote': False, 'aisleListingNoteWithSplit': False, 'listingNoteDescriptionContentId': 3338095, 'formattedListingNoteDescription': ""You'll have an unrestricted view of the show.""}]","[{'listingNoteBucketId': 27, 'formattedListingNoteContent': 'Clear view', 'displayOrder': 8, 'showsRawNoteText': True, 'sourceListingNoteId': -1}]",702936,False,False,Row 12,False,2866170,"¥2,866,170","¥2,866,170",10,Mobile Transfer ticket,3,1,USD,JPY,10990.0,USD,"https://img.vggcdn.net/img/vfsimage2/812551/471_122849/0.jpg?im=Resize=(500,271)&v=771",3 hours ago,7,False,False,False,False,CAcRhqn9wLRHmAWJy549pLGSFPRltQfAz%2fUe6HXpcf0%3d,False,2026-07-18T01:23:34.4100000Z,False,False,False,False,False,False,0,False,,False,False,False,False,0,False,False,0,13387921218,False,307C394F-46F4-49E7-A2B4-5C959CBBFBED,False,False,True,3,6.970930163051839,1.360712054,,,,,"[{'message': 'Popular Pick', 'qualifier': '6 tickets sold for this event', 'hasValue': True, 'messageType': 'BoughtInLastHourSocialProofBased'}]",[],,,,,,,,,,,,,,,,
13229979945,153020449,Lower,1546666,Lower,3,,_,,,,False,False,4,,False,False,"[1, 2, 3, 4]",594,Lower,4,True,"[{'listingNoteId': -1, 'listingNoteContentId': 3338094, 'formattedListingNoteContent': 'Clear view', 'listingNoteTypeId': 3, 'showToBuyer': True, 'hideInMock': False, 'siteAddedListingNote': False, 'aisleListingNoteWithSplit': False, 'listingNoteDescriptionContentId': 3338095, 'formattedListingNoteDescription': ""You'll have an unrestricted view of the show.""}]","[{'listingNoteBucketId': 27, 'formattedListingNoteContent': 'Clear view', 'displayOrder': 8, 'showsRawNoteText': True, 'sourceListingNoteId': -1}]",1641233,False,False,Row,True,2878862,"¥2,878,862","¥2,878,862",10,Mobile Transfer ticket,3,1,EUR,JPY,3000.0,EUR,"https://img.vggcdn.net/img/vfsimage2/812551/594_1546666/0.jpg?im=Resize=(500,271)&v=771",14 days ago,0,False,False,True,True,OjwJo5FgpJMW5dAvjmR1PdKZ8ni%2fOjar6LaajHZtFFU%3d,False,2026-07-03T14:53:33.3270000Z,False,False,False,False,False,False,0,False,[7],False,False,False,False,0,False,False,0,13229979945,False,95CE99C4-4AFB-4393-9AB6-3E9C44C2EF1D,False,False,True,0,,,,,,,"[{'message': 'Popular Pick', 'qualifier': '6 tickets sold for this event', 'hasValue': True, 'messageType': 'BoughtInLastHourSocialProofBased'}]",[],,,,Last tickets,True,,,,,,,,,,,
13386082810,153020449,131,122800,131,2,22,_,,,,False,False,1,,False,False,[1],594,Lower,1,True,"[{'listingNoteId': 2, 'listingNoteContentId': 1035272, 'formattedListingNoteContent': 'Ticket and meal package', 'listingNoteTypeId': 3, 'showToBuyer': True, 'hideInMock': False, 'siteAddedListingNote': False, 'aisleListingNoteWithSplit': False, 'listingNoteDescriptionContentId': 1277356, 'formattedListingNoteDescription': 'This package comes with a ticket to see your favorite performer along with a free meal!'}, {'listingNoteId': 189, 'listingNoteContentId': 2444744, 'formattedListingNoteContent': 'Complimentary Food & Soft drinks', 'listingNoteTypeId': 3, 'showToBuyer': True, 'hideInMock': False, 'siteAddedListingNote': False, 'aisleListingNoteWithSplit': False, 'listingNoteDescriptionContentId': 3876389, 'formattedListingNoteDescription': 'Complimentary Food & Soft drinks'}, {'listingNoteId': -1, 'listingNoteContentId': 3338094, 'formattedListingNoteContent': 'Clear view', 'listingNoteTypeId': 3, 'showToBuyer': True, 'hideInMock': False, 'siteAddedListingNote': False, 'aisleListingNoteWithSplit': False, 'listingNoteDescriptionContentId': 3338095, 'formattedListingNoteDescription': ""You'll have an unrestricted view of the show.""}]","[{'listingNoteBucketId': 7, 'formattedListingNoteContent': 'Food & beverages', 'displayOrder': 7, 'showsRawNoteText': False}, {'listingNoteBucketId': 27, 'formattedListingNoteContent': 'Clear view', 'displayOrder': 8, 'showsRawNoteText': True, 'sourceListingNoteId': -1}]",2112920,False,False,Row 22,False,2884212,"¥2,884,212","¥2,884,212",10,Mobile Transfer ticket,3,1,GBP,JPY,9000.0,GBP,"https://img.vggcdn.net/img/vfsimage2/812551/594_122800/0.jpg?im=Resize=(500,271)&v=771",8 hours ago,7,False,False,False,False,xd0p6bXfaqFq4ZQs9OPPgfg9zTC7IRv0pYaXI6OQ8TQ%3d,False,2026-07-17T20:37:40.2030000Z,False,False,False,False,False,False,0,False,[7],False,False,False,False,0,False,False,0,13386082810,False,CB00931B-7187-45D7-B7B5-39EE7D8A3A56,False,False,True,3,6.766144638730004,1.333864034,,,,,"[{'message': 'Popular Pick', 'qualifier': '6 tickets sold for this event', 'hasValue': True, 'messageType': 'BoughtInLastHourSocialProofBased'}]",[],,,,Last ticket,True,"¥4,229,744",32.0,"¥1,345,532",,,,,,,,
13315732316,153020449,343,122936,343,2,15,_,,,,False,False,1,,False,False,[1],407,Upper,1,True,"[{'listingNoteId': 138, 'listingNoteContentId': 2444629, 'formattedListingNoteContent': 'Paperless Tickets', 'listingNoteTypeId': 4, 'showToBuyer': True, 'hideInMock': False, 'siteAddedListingNote': False, 'aisleListingNoteWithSplit': False, 'listingNoteDescriptionContentId': 2444630, 'formattedListingNoteDescription': 'Paperless Tickets. Instructions for entry will be included in order confirmation email.'}, {'listingNoteId': 1013, 'listingNoteContentId': 2446467, 'formattedListingNoteContent': 'Food and Beverages Available for Purchase', 'listingNoteTypeId': 4, 'showToBuyer': True, 'hideInMock': False, 'siteAddedListingNote': False, 'aisleListingNoteWithSplit': False, 'listingNoteDescriptionContentId': 2446468, 'formattedListingNoteDescription': 'Food and Beverages Available for Purchase'}, {'listingNoteId': -1, 'listingNoteContentId': 3338094, 'formattedListingNoteContent': 'Clear view', 'listingNoteTypeId': 3, 'showToBuyer': True, 'hideInMock': False, 'siteAddedListingNote': False, 'aisleListingNoteWithSplit': False, 'listingNoteDescriptionContentId': 3338095, 'formattedListingNoteDescription': ""You'll have an unrestricted view of the show.""}]","[{'listingNoteBucketId': 8, 'formattedListingNoteContent': 'Food & beverage options', 'displayOrder': 8, 'showsRawNoteText': False}, {'listingNoteBucketId': 0, 'formattedListingNoteContent': 'Paperless Tickets', 'displayOrder': 30, 'showsRawNoteText': True, 'sourceListingNoteId': 138}, {'listingNoteBucketId': 27, 'formattedListingNoteContent': 'Clear view', 'displayOrder': 8, 'showsRawNoteText': True, 'sourceListingNoteId': -1}]",704453,False,False,Row 15,False,2906291,"¥2,906,291","¥2,906,291",10,Mobile Transfer ticket,3,1,USD,JPY,50.0,USD,"https://img.vggcdn.net/img/vfsimage2/812551/407_122936/0.jpg?im=Resize=(500,271)&v=771",7 days ago,2,False,False,False,False,kFXsDYbQQebC1r3%2fgKsJ8915dRrP79nW7YEKLbajSHA%3d,False,2026-07-10T15:20:09.2330000Z,False,False,False,False,False,False,0,False,[7],False,False,False,False,0,False,False,0,13315732316,False,249A38B6-B4F3-427E-AE49-7E72BF56D436,False,False,True,1,2.494991413728721,0.7786786296,,,,,"[{'message': 'Popular Pick', 'qualifier': '6 tickets sold for this event', 'hasValue': True, 'messageType': 'BoughtInLastHourSocialProofBased'}]",[],,,,Last ticket,True,,,,,,,,,,,
13364358738,153020449,FIFA Pavilion,2216545,FIFA Pavilion,2,,_,,,,False,False,1,,False,False,[1],1068,Hospitality,1,True,"[{'listingNoteId': 263, 'listingNoteContentId': 2444900, 'formattedListingNoteContent': 'VIP Club', 'listingNoteTypeId': 3, 'showToBuyer': True, 'hideInMock': False, 'siteAddedListingNote': False, 'aisleListingNoteWithSplit': False, 'listingNoteDescriptionContentId': 2444901, 'formattedListingNoteDescription': 'VIP Club - Club opens 90 minutes prior to tipoff and offers access to a lounge area with televisions, plush seating and private restrooms as well as all-inclusive food, draft beer, and house wine'}, {'listingNoteId': 424, 'listingNoteContentId': 2445241, 'formattedListingNoteContent': 'Access to VIP Club', 'listingNoteTypeId': 3, 'showToBuyer': True, 'hideInMock': False, 'siteAddedListingNote': False, 'aisleListingNoteWithSplit': False, 'formattedListingNoteDescription': ''}, {'listingNoteId': 1028, 'listingNoteContentId': 2446497, 'formattedListingNoteContent': 'Includes unlimited food and drinks (beer, wine and liquor)', 'listingNoteTypeId': 3, 'showToBuyer': True, 'hideInMock': False, 'siteAddedListingNote': False, 'aisleListingNoteWithSplit': False, 'listingNoteDescriptionContentId': 2446498, 'formattedListingNoteDescription': 'Includes unlimited food and drinks (beer, wine and liquor)'}, {'listingNoteId': -1, 'listingNoteContentId': 3338094, 'formattedListingNoteContent': 'Clear view', 'listingNoteTypeId': 3, 'showToBuyer': True, 'hideInMock': False, 'siteAddedListingNote': False, 'aisleListingNoteWithSplit': False, 'listingNoteDescriptionContentId': 3338095, 'formattedListingNoteDescription': ""You'll have an unrestricted view of the show.""}]","[{'listingNoteBucketId': 1, 'formattedListingNoteContent': 'VIP packages', 'displayOrder': 1, 'showsRawNoteText': False}, {'listingNoteBucketId': 7, 'formattedListingNoteContent': 'Food & beverages', 'displayOrder': 7, 'showsRawNoteText': False}, {'listingNoteBucketId': 27, 'formattedListingNoteContent': 'Clear view', 'displayOrder': 8, 'showsRawNoteText': True, 'sourceListingNoteId': -1}]",4415942,False,False,Row,True,2917344,"¥2,917,344","¥2,917,344",10,Mobile Transfer ticket,3,1,USD,JPY,20000.0,USD,"https://img.vggcdn.net/img/vfsimage2/812551/1068_2216545/0.jpg?im=Resize=(500,271)&v=771",2 days ago,7,False,False,False,False,yvrHMUYL5CRHtrfoC%2fsokPU3iMwskot2VBI3TldR8TA%3d,False,2026-07-15T21:49:03.6170000Z,False,False,False,False,False,False,0,False,[7],False,False,False,False,0,False,False,0,13364358738,False,B797AA7F-52C5-45BC-AFC4-423DD9B8CCF4,False,False,True,3,6.843017601461258,1.362416107,,,,,"[{'message': 'Popular Pick', 'qualifier': '6 tickets sold for this event', 'hasValue': True, 'messageType': 'BoughtInLastHourSocialProofBased'}]",[],,,,Last ticket,True,,,,,,,,,,,
13388308251,153020449,124,122796,124,2,1,_,,,,False,False,6,,False,False,"[1, 2, 3, 4, 5, 6]",594,Lower,6,True,"[{'listingNoteId': 811, 'listingNoteContentId': 2446054, 'formattedListingNoteContent': 'Actual 1st row of the section', 'listingNoteTypeId': 3, 'showToBuyer': True, 'hideInMock': False, 'siteAddedListingNote': False, 'aisleListingNoteWithSplit': False, 'listingNoteDescriptionContentId': 2446055, 'formattedListingNoteDescription': 'Actual 1st row of the section'}, {'listingNoteId': -1, 'listingNoteContentId': 3338094, 'formattedListingNoteContent': 'Clear view', 'listingNoteTypeId': 3, 'showToBuyer': True, 'hideInMock': False, 'siteAddedListingNote': False, 'aisleListingNoteWithSplit': False, 'listingNoteDescriptionContentId': 3338095, 'formattedListingNoteDescription': ""You'll have an unrestricted view of the show.""}]","[{'listingNoteBucketId': 0, 'formattedListingNoteContent': 'Actual 1st row of the section', 'displayOrder': 30, 'showsRawNoteText': True, 'sourceListingNoteId': 811}, {'listingNoteBucketId': 27, 'formattedListingNoteContent': 'Clear view', 'displayOrder': 8, 'showsRawNoteText': True, 'sourceListingNoteId': -1}]",2112716,False,False,Row 1,False,2924655,"¥2,924,655","¥2,924,655",10,Mobile Transfer ticket,3,1,USD,JPY,10990.0,USD,"https://img.vggcdn.net/img/vfsimage2/812551/594_122796/0.jpg?im=Resize=(500,271)&v=771",2 hours ago,8,False,False,False,False,FfTf0rikawSWQ1ytfDI3OicS218ZoXX%2fYxsZBbac178%3d,False,2026-07-18T02:58:06.2000000Z,False,False,False,False,False,False,0,False,,False,False,False,False,0,False,False,0,13388308251,False,C70BB385-C803-4F3F-BF88-89CE9A2DA959,False,False,True,4,8.29297217032251,1.630861575,,,,,"[{'message': 'Great Value', 'qualifier': 'Based on price, view, seat quality and more', 'hasValue': True, 'messageType': 'ValueBased'}, {'message': 'Popular Pick', 'qualifier': '6 tickets sold for this event', 'hasValue': True, 'messageType': 'BoughtInLastHourSocialProofBased'}, {'message': 'Front Row', 'qualifier': 'Best seats in the house', 'hasValue': True, 'messageType': 'FirstRowTicketAttributeBased'}]",[811],,,,,,,,,,,,,,,,
13388040590,153020449,108,122786,108,2,14,8_8,,,8,False,False,1,,False,False,[1],594,Lower,1,True,"[{'listingNoteId': 814, 'listingNoteContentId': 2446060, 'formattedListingNoteContent': 'Limited or Obstructed View (printed on ticket)', 'listingNoteTypeId': 1, 'showToBuyer': True, 'hideInMock': False, 'siteAddedListingNote': False, 'aisleListingNoteWithSplit': False, 'listingNoteDescriptionContentId': 2446061, 'formattedListingNoteDescription': 'Limited or Obstructed View (printed on ticket)'}]","[{'listingNoteBucketId': 21, 'formattedListingNoteContent': 'Limited view', 'displayOrder': 21, 'showsRawNoteText': False}]",2112257,False,False,Row 14,False,2924655,"¥2,924,655","¥2,924,655",10,Mobile Transfer ticket,3,1,USD,JPY,5750.0,USD,"https://img.vggcdn.net/img/vfsimage2/812551/594_122786/0.jpg?im=Resize=(500,271)&v=771",3 hours ago,8,False,False,False,False,WwJupdfnpIBfWKE%2b2REwy8IlUhtdrkI%2fjxf%2bDcF322I%3d,False,2026-07-18T01:47:10.6370000Z,False,False,False,False,False,False,0,False,,False,False,False,False,0,False,False,0,13388040590,False,E7CC5B4C-211C-4799-AA5A-BD2B6B04B891,False,False,True,4,7.773786396992816,1.526700314,,,,,"[{'message': 'Great Value', 'qualifier': 'Based on price, view, seat quality and more', 'hasValue': True, 'messageType': 'ValueBased'}, {'message': 'Popular Pick', 'qualifier': '6 tickets sold for this event', 'hasValue': True, 'messageType': 'BoughtInLastHourSocialProofBased'}]",[],,,,,,,,,,,,,,,,
13388042516,153020449,109,122787,109,2,18,5_5,,,5,False,False,1,,False,False,[1],594,Lower,1,True,"[{'listingNoteId': 814, 'listingNoteContentId': 2446060, 'formattedListingNoteContent': 'Limited or Obstructed View (printed on ticket)', 'listingNoteTypeId': 1, 'showToBuyer': True, 'hideInMock': False, 'siteAddedListingNote': False, 'aisleListingNoteWithSplit': False, 'listingNoteDescriptionContentId': 2446061, 'formattedListingNoteDescription': 'Limited or Obstructed View (printed on ticket)'}]","[{'listingNoteBucketId': 21, 'formattedListingNoteContent': 'Limited view', 'displayOrder': 21, 'showsRawNoteText': False}]",2112295,False,False,Row 18,False,2924655,"¥2,924,655","¥2,924,655",10,Mobile Transfer ticket,3,1,USD,JPY,5750.0,USD,"https://img.vggcdn.net/img/vfsimage2/812551/594_122787/0.jpg?im=Resize=(500,271)&v=771",3 hours ago,7,False,False,False,False,WwJupdfnpIBfWKE%2b2REwy8IlUhtdrkI%2fjxf%2bDcF322I%3d,False,2026-07-18T01:47:16.4800000Z,False,False,False,False,False,False,0,False,,False,False,False,False,0,False,False,0,13388042516,False,3B1E87A3-692E-4118-9FE5-A0D01488BCDC,False,False,True,4,7.312366647488425,1.44469559,,,,,"[{'message': 'Great Value', 'qualifier': 'Based on price, view, seat quality and more', 'hasValue': True, 'messageType': 'ValueBased'}, {'message': 'Popular Pick', 'qualifier': '6 tickets sold for this event', 'hasValue': True, 'messageType': 'BoughtInLastHourSocialProofBased'}]",[],,,,,,,,,,,,,,,,
13081692481,153020449,346,122939,346,2,18,24_24,,,24,False,False,1,,False,False,[1],407,Upper,1,True,"[{'listingNoteId': -1, 'listingNoteContentId': 3338094, 'formattedListingNoteContent': 'Clear view', 'listingNoteTypeId': 3, 'showToBuyer': True, 'hideInMock': False, 'siteAddedListingNote': False, 'aisleListingNoteWithSplit': False, 'listingNoteDescriptionContentId': 3338095, 'formattedListingNoteDescription': ""You'll have an unrestricted view of the show.""}]","[{'listingNoteBucketId': 27, 'formattedListingNoteContent': 'Clear view', 'displayOrder': 8, 'showsRawNoteText': True, 'sourceListingNoteId': -1}]",2113956,False,False,Row 18,False,2930903,"¥2,930,903","¥2,930,903",10,Mobile Transfer ticket,3,1,EUR,JPY,1720.0,EUR,"https://img.vggcdn.net/img/vfsimage2/812551/407_122939/0.jpg?im=Resize=(500,271)&v=771",28 days ago,2,False,False,False,False,CAcRhqn9wLRHmAWJy549pLGSFPRltQfAz%2fUe6HXpcf0%3d,False,2026-06-20T02:50:38.9870000Z,False,False,False,False,False,False,0,False,,False,False,False,False,0,False,False,0,13081692481,False,83343121-F76F-4E99-A063-9766F2E66D89,False,False,True,1,2.4860069520644195,0.7804819445,,,,,"[{'message': 'Popular Pick', 'qualifier': '6 tickets sold for this event', 'hasValue': True, 'messageType': 'BoughtInLastHourSocialProofBased'}]",[],,,,,,"¥5,421,167",46.0,"¥2,490,264",,,,,,,,
13388649991,153020449,149,122812,149,2,8,19_19,19,19,19,False,False,1,,False,False,[1],594,Lower,1,True,"[{'listingNoteId': -1, 'listingNoteContentId': 3338094, 'formattedListingNoteContent': 'Clear view', 'listingNoteTypeId': 3, 'showToBuyer': True, 'hideInMock': False, 'siteAddedListingNote': False, 'aisleListingNoteWithSplit': False, 'listingNoteDescriptionContentId': 3338095, 'formattedListingNoteDescription': ""You'll have an unrestricted view of the show.""}]","[{'listingNoteBucketId': 27, 'formattedListingNoteContent': 'Clear view', 'displayOrder': 8, 'showsRawNoteText': True, 'sourceListingNoteId': -1}]",2113373,False,False,Row 8,False,2983139,"¥2,983,139","¥2,983,139",10,Mobile Transfer ticket,3,1,USD,JPY,0.0,USD,"https://img.vggcdn.net/img/vfsimage2/812551/594_122812/0.jpg?im=Resize=(500,271)&v=771",44 minutes ago,8,False,False,False,False,snpqjewS6OkFMWOaTKFs5u86xX1cV9JS%2fkL%2fA0A68pQ%3d,False,2026-07-18T04:18:42.2730000Z,False,False,False,False,False,False,0,False,,False,False,False,False,0,False,False,0,13388649991,False,3762544D-71E5-4EBC-9AF0-C813FF168EC1,False,False,True,4,7.5090449720397325,1.509028498,,,,,"[{'message': 'Great Value', 'qualifier': 'Based on price, view, seat quality and more', 'hasValue': True, 'messageType': 'ValueBased'}, {'message': 'Popular Pick', 'qualifier': '6 tickets sold for this event', 'hasValue': True, 'messageType': 'BoughtInLastHourSocialProofBased'}]",[],,,,,,"¥3,980,598",25.0,"¥997,459",,,,,,,,
13386082537,153020449,103,122783,103,2,4,7_7,7,7,7,False,False,1,,False,False,[1],594,Lower,1,True,"[{'listingNoteId': -1, 'listingNoteContentId': 3338094, 'formattedListingNoteContent': 'Clear view', 'listingNoteTypeId': 3, 'showToBuyer': True, 'hideInMock': False, 'siteAddedListingNote': False, 'aisleListingNoteWithSplit': False, 'listingNoteDescriptionContentId': 3338095, 'formattedListingNoteDescription': ""You'll have an unrestricted view of the show.""}]","[{'listingNoteBucketId': 27, 'formattedListingNoteContent': 'Clear view', 'displayOrder': 8, 'showsRawNoteText': True, 'sourceListingNoteId': -1}]",2112143,False,False,Row 4,False,2983139,"¥2,983,139","¥2,983,139",10,Mobile Transfer ticket,3,1,USD,JPY,,USD,"https://img.vggcdn.net/img/vfsimage2/812551/594_122783/0.jpg?im=Resize=(500,271)&v=771",8 hours ago,7,False,False,False,False,snpqjewS6OkFMWOaTKFs5u86xX1cV9JS%2fkL%2fA0A68pQ%3d,False,2026-07-17T20:37:38.5970000Z,False,False,False,True,False,False,0,False,[6],False,False,False,False,0,False,False,0,13386082537,False,E1E76CEC-2D77-446D-AE7F-29505CAA41A0,False,False,True,4,7.043009784005585,1.429990262,,,,,"[{'message': 'Great Value', 'qualifier': 'Based on price, view, seat quality and more', 'hasValue': True, 'messageType': 'ValueBased'}, {'message': 'Popular Pick', 'qualifier': '6 tickets sold for this event', 'hasValue': True, 'messageType': 'BoughtInLastHourSocialProofBased'}]",[],Fan favorite,This section is in the top 10% of sections for this event when ranked based on a count of successful sales over the past 7 days on our site,True,,,,,,,,,,,,,
13387711652,153020449,109,122787,109,2,15,7_9,,,7,False,False,3,,False,False,"[1, 3]",594,Lower,3,True,"[{'listingNoteId': 814, 'listingNoteContentId': 2446060, 'formattedListingNoteContent': 'Limited or Obstructed View (printed on ticket)', 'listingNoteTypeId': 1, 'showToBuyer': True, 'hideInMock': False, 'siteAddedListingNote': False, 'aisleListingNoteWithSplit': False, 'listingNoteDescriptionContentId': 2446061, 'formattedListingNoteDescription': 'Limited or Obstructed View (printed on ticket)'}]","[{'listingNoteBucketId': 21, 'formattedListingNoteContent': 'Limited view', 'displayOrder': 21, 'showsRawNoteText': False}]",2112292,False,False,Row 15,False,3011189,"¥3,011,189","¥3,011,189",10,Mobile Transfer ticket,3,1,EUR,JPY,11000.0,EUR,"https://img.vggcdn.net/img/vfsimage2/812551/594_122787/0.jpg?im=Resize=(500,271)&v=771",4 hours ago,7,False,False,False,False,CAcRhqn9wLRHmAWJy549pLGSFPRltQfAz%2fUe6HXpcf0%3d,False,2026-07-18T00:36:56.8070000Z,False,False,False,False,False,False,0,False,,False,False,False,False,0,False,False,0,13387711652,False,66C8F207-808E-4A6C-8FDC-CF85E3BED8A1,False,False,True,4,7.412865894287135,1.506041195,,,,,"[{'message': 'Great Value', 'qualifier': 'Based on price, view, seat quality and more', 'hasValue': True, 'messageType': 'ValueBased'}, {'message': 'Popular Pick', 'qualifier': '6 tickets sold for this event', 'hasValue': True, 'messageType': 'BoughtInLastHourSocialProofBased'}]",[],,,,,,,,,,,,,,,,
13387928587,153020449,135,122803,135,2,33,_,,,,False,False,1,,False,False,[1],594,Lower,1,True,"[{'listingNoteId': 814, 'listingNoteContentId': 2446060, 'formattedListingNoteContent': 'Limited or Obstructed View (printed on ticket)', 'listingNoteTypeId': 1, 'showToBuyer': True, 'hideInMock': False, 'siteAddedListingNote': False, 'aisleListingNoteWithSplit': False, 'listingNoteDescriptionContentId': 2446061, 'formattedListingNoteDescription': 'Limited or Obstructed View (printed on ticket)'}]","[{'listingNoteBucketId': 21, 'formattedListingNoteContent': 'Limited view', 'displayOrder': 21, 'showsRawNoteText': False}]",2113048,False,False,Row 33,False,3057219,"¥3,057,219","¥3,057,219",10,Mobile Transfer ticket,3,1,USD,JPY,10990.0,USD,"https://img.vggcdn.net/img/vfsimage2/812551/594_122803/0.jpg?im=Resize=(500,271)&v=771",3 hours ago,7,False,False,False,False,MB%2b%2bIvN9%2bkYREer0VnjcU6Pq11kmevmZSDsddoI%2bBxM%3d,False,2026-07-18T01:24:36.4230000Z,False,False,False,False,False,False,0,False,,False,False,False,False,0,False,False,0,13387928587,False,2B5AAC5C-9D2B-4B80-8422-49D178C2CCD9,False,False,True,3,6.888392760243984,1.436318915,,,,,"[{'message': 'Popular Pick', 'qualifier': '6 tickets sold for this event', 'hasValue': True, 'messageType': 'BoughtInLastHourSocialProofBased'}]",[],,,,,,,,,,,,,,,,
13387928583,153020449,135,122803,135,2,34,_,,,,False,False,1,,False,False,[1],594,Lower,1,True,"[{'listingNoteId': 814, 'listingNoteContentId': 2446060, 'formattedListingNoteContent': 'Limited or Obstructed View (printed on ticket)', 'listingNoteTypeId': 1, 'showToBuyer': True, 'hideInMock': False, 'siteAddedListingNote': False, 'aisleListingNoteWithSplit': False, 'listingNoteDescriptionContentId': 2446061, 'formattedListingNoteDescription': 'Limited or Obstructed View (printed on ticket)'}]","[{'listingNoteBucketId': 21, 'formattedListingNoteContent': 'Limited view', 'displayOrder': 21, 'showsRawNoteText': False}]",2113049,False,False,Row 34,False,3057219,"¥3,057,219","¥3,057,219",10,Mobile Transfer ticket,3,1,USD,JPY,10990.0,USD,"https://img.vggcdn.net/img/vfsimage2/812551/594_122803/0.jpg?im=Resize=(500,271)&v=771",3 hours ago,7,False,False,False,False,MB%2b%2bIvN9%2bkYREer0VnjcU6Pq11kmevmZSDsddoI%2bBxM%3d,False,2026-07-18T01:24:36.4030000Z,False,False,False,False,False,False,0,False,,False,False,False,False,0,False,False,0,13387928583,False,AA5E98E6-BAD4-4224-8D11-9AF09F543506,False,False,True,3,6.7228491655082205,1.406424501,,,,,"[{'message': 'Popular Pick', 'qualifier': '6 tickets sold for this event', 'hasValue': True, 'messageType': 'BoughtInLastHourSocialProofBased'}]",[],,,,,,,,,,,,,,,,
13388295003,153020449,143,122808,143,2,24,8000_8002,,,8000,False,False,3,,False,False,"[1, 3]",594,Lower,3,True,"[{'listingNoteId': -1, 'listingNoteContentId': 3338094, 'formattedListingNoteContent': 'Clear view', 'listingNoteTypeId': 3, 'showToBuyer': True, 'hideInMock': False, 'siteAddedListingNote': False, 'aisleListingNoteWithSplit': False, 'listingNoteDescriptionContentId': 3338095, 'formattedListingNoteDescription': ""You'll have an unrestricted view of the show.""}]","[{'listingNoteBucketId': 27, 'formattedListingNoteContent': 'Clear view', 'displayOrder': 8, 'showsRawNoteText': True, 'sourceListingNoteId': -1}]",2113184,False,False,Row 24,False,3105624,"¥3,105,624","¥3,105,624",10,Mobile Transfer ticket,3,1,USD,JPY,0.0,USD,"https://img.vggcdn.net/img/vfsimage2/812551/594_122808/0.jpg?im=Resize=(500,271)&v=771",2 hours ago,7,False,False,False,False,IxMeX1GJhqRBs10xCPGxJpbWvwQ%2fzVkRfehdL%2bpTDeQ%3d,False,2026-07-18T02:53:10.2000000Z,False,False,False,False,False,False,0,False,,False,False,False,False,0,False,False,0,13388295003,False,CDF826BA-A2B7-4DEA-9E3F-7212CCF7B48C,False,False,True,3,6.8759384347884875,1.456734289,,,,,"[{'message': 'Popular Pick', 'qualifier': '6 tickets sold for this event', 'hasValue': True, 'messageType': 'BoughtInLastHourSocialProofBased'}]",[],,,,,,,,,,,,,,,,
13384002935,153020449,111A,1530766,111A,2,35,3_3,,,3,False,False,1,,False,False,[1],594,Lower,1,True,"[{'listingNoteId': -1, 'listingNoteContentId': 3338094, 'formattedListingNoteContent': 'Clear view', 'listingNoteTypeId': 3, 'showToBuyer': True, 'hideInMock': False, 'siteAddedListingNote': False, 'aisleListingNoteWithSplit': False, 'listingNoteDescriptionContentId': 3338095, 'formattedListingNoteDescription': ""You'll have an unrestricted view of the show.""}]","[{'listingNoteBucketId': 27, 'formattedListingNoteContent': 'Clear view', 'displayOrder': 8, 'showsRawNoteText': True, 'sourceListingNoteId': -1}]",2112388,False,False,Row 35,False,3116794,"¥3,116,794","¥3,116,794",10,Mobile Transfer ticket,3,14,USD,JPY,0.0,USD,"https://img.vggcdn.net/img/vfsimage2/812551/594_1530766/0.jpg?im=Resize=(500,271)&v=771",12 hours ago,6,False,False,False,False,SZgVQ%2fj2KCKN8S5ACUJcD8HCP75ELWRl0dJdbA6FCDI%3d,False,2026-07-17T16:24:55.3570000Z,False,False,False,False,False,False,0,False,,False,False,False,False,0,False,False,0,13384002935,False,39CD7BBE-2A76-43A1-A0E9-D73C0728F8D1,False,False,True,3,5.928251093484414,1.303602585,,,,,"[{'message': 'Popular Pick', 'qualifier': '6 tickets sold for this event', 'hasValue': True, 'messageType': 'BoughtInLastHourSocialProofBased'}]",[],,,,,,"¥4,069,668",23.0,"¥952,874",,,,,,,,
13367629921,153020449,Spain Supporters Standard Tier,2447958,Spain Supporters Standard Tier,2,,_,,,,False,False,2,,False,False,"[1, 2]",1666,Spain Supporters,2,True,"[{'listingNoteId': -1, 'listingNoteContentId': 3338094, 'formattedListingNoteContent': 'Clear view', 'listingNoteTypeId': 3, 'showToBuyer': True, 'hideInMock': False, 'siteAddedListingNote': False, 'aisleListingNoteWithSplit': False, 'listingNoteDescriptionContentId': 3338095, 'formattedListingNoteDescription': ""You'll have an unrestricted view of the show.""}]","[{'listingNoteBucketId': 27, 'formattedListingNoteContent': 'Clear view', 'displayOrder': 8, 'showsRawNoteText': True, 'sourceListingNoteId': -1}]",4847588,False,False,Row,True,3119602,"¥3,119,602","¥3,119,602",10,Mobile Transfer ticket,3,1,USD,JPY,10000.0,USD,"https://img.vggcdn.net/img/vfsimage2/812551/1666_2447958/0.jpg?im=Resize=(500,271)&v=771",2 days ago,6,False,False,False,False,igjMyzQP1%2bbqxfI%2b5AH3VhvvTkEJSdl4rwm2TVEgpHI%3d,False,2026-07-16T04:58:48.2230000Z,False,False,False,False,False,False,0,False,[7],False,False,False,False,0,False,False,0,13367629921,False,E62C24A1-D725-4E53-AF2C-648AC1E3DEC3,False,False,True,3,5.59864032455734,1.25740229,,,,,"[{'message': 'Popular Pick', 'qualifier': '6 tickets sold for this event', 'hasValue': True, 'messageType': 'BoughtInLastHourSocialProofBased'}]",[],,,,Last tickets,True,,,,,,,,,,,
13082004275,153020449,121,122794,121,2,15,15_15,15,15,15,False,False,1,,False,False,[1],594,Lower,1,True,"[{'listingNoteId': -1, 'listingNoteContentId': 3338094, 'formattedListingNoteContent': 'Clear view', 'listingNoteTypeId': 3, 'showToBuyer': True, 'hideInMock': False, 'siteAddedListingNote': False, 'aisleListingNoteWithSplit': False, 'listingNoteDescriptionContentId': 3338095, 'formattedListingNoteDescription': ""You'll have an unrestricted view of the show.""}]","[{'listingNoteBucketId': 27, 'formattedListingNoteContent': 'Clear view', 'displayOrder': 8, 'showsRawNoteText': True, 'sourceListingNoteId': -1}]",2112627,False,False,Row 15,False,3158591,"¥3,158,591","¥3,158,591",10,Mobile Transfer ticket,3,1,USD,JPY,,USD,"https://img.vggcdn.net/img/vfsimage2/812551/594_122794/0.jpg?im=Resize=(500,271)&v=771",28 days ago,6,False,False,False,False,LwoNpL0fwWm%2bqxvtOVX5Xm9eqYksECgwbU%2fkF4BlJdw%3d,False,2026-06-20T03:35:06.4300000Z,False,False,False,False,False,False,0,False,,False,False,False,False,0,False,False,0,13082004275,False,2FFE58E1-4200-4BFC-8F60-EC359265B1E8,False,False,True,3,6.2581304108478655,1.372853714,,,,,"[{'message': 'Popular Pick', 'qualifier': '6 tickets sold for this event', 'hasValue': True, 'messageType': 'BoughtInLastHourSocialProofBased'}]",[],,,,,,,,,,,,,,,,
13364048140,153020449,149,122812,149,2,7,12_14,,,12,False,False,3,,False,False,"[1, 3]",594,Lower,3,True,"[{'listingNoteId': -1, 'listingNoteContentId': 3338094, 'formattedListingNoteContent': 'Clear view', 'listingNoteTypeId': 3, 'showToBuyer': True, 'hideInMock': False, 'siteAddedListingNote': False, 'aisleListingNoteWithSplit': False, 'listingNoteDescriptionContentId': 3338095, 'formattedListingNoteDescription': ""You'll have an unrestricted view of the show.""}]","[{'listingNoteBucketId': 27, 'formattedListingNoteContent': 'Clear view', 'displayOrder': 8, 'showsRawNoteText': True, 'sourceListingNoteId': -1}]",2113372,False,False,Row 7,False,3205495,"¥3,205,495","¥3,205,495",10,Mobile Transfer ticket,3,1,USD,JPY,0.0,USD,"https://img.vggcdn.net/img/vfsimage2/812551/594_122812/0.jpg?im=Resize=(500,271)&v=771",2 days ago,7,False,False,False,False,aQJNqYksFe0behQBoDD%2fsFU07hbUQShYAtPHldLaZI0%3d,False,2026-07-15T20:58:41.9000000Z,False,False,False,False,False,False,0,False,,False,False,False,False,0,False,False,0,13364048140,False,7C44D168-A27E-4E32-9038-3107B0018B07,False,False,True,3,6.992051444083419,1.526010398,,,,,"[{'message': 'Popular Pick', 'qualifier': '8 tickets sold for this event', 'hasValue': True, 'messageType': 'BoughtInLastHourSocialProofBased'}]",[],,,,,,,,,,,,,,,,
13150475653,153020449,209,122842,209,2,12W,_,,,,False,False,1,,False,False,[1],471,Middle,1,True,"[{'listingNoteId': -1, 'listingNoteContentId': 3338094, 'formattedListingNoteContent': 'Clear view', 'listingNoteTypeId': 3, 'showToBuyer': True, 'hideInMock': False, 'siteAddedListingNote': False, 'aisleListingNoteWithSplit': False, 'listingNoteDescriptionContentId': 3338095, 'formattedListingNoteDescription': ""You'll have an unrestricted view of the show.""}]","[{'listingNoteBucketId': 27, 'formattedListingNoteContent': 'Clear view', 'displayOrder': 8, 'showsRawNoteText': True, 'sourceListingNoteId': -1}]",2113428,False,False,Row 12W,False,3206353,"¥3,206,353","¥3,206,353",10,Mobile Transfer ticket,3,1,USD,JPY,0.0,USD,"https://img.vggcdn.net/img/vfsimage2/812551/471_122842/0.jpg?im=Resize=(500,271)&v=771",22 days ago,4,False,False,False,False,4cWYD83NS31mwAqe9cjIYfkn6ZLkiPvseYOnGENwOFw%3d,False,2026-06-26T04:26:31.4400000Z,False,False,False,False,False,False,0,False,,False,False,False,False,0,False,False,0,13150475653,False,66FCB102-189B-4C36-81DE-AC36F6D4170D,False,False,True,2,4.257520452300916,1.082395447,,,,,"[{'message': 'Popular Pick', 'qualifier': '8 tickets sold for this event', 'hasValue': True, 'messageType': 'BoughtInLastHourSocialProofBased'}]",[],,,,,,"¥4,691,385",32.0,"¥1,485,032",,,,,,,,
13315774554,153020449,209,122842,209,2,4,_,,,,False,False,1,,False,False,[1],471,Middle,1,True,"[{'listingNoteId': 165, 'listingNoteContentId': 2444685, 'formattedListingNoteContent': 'Preferred Seating', 'listingNoteTypeId': 3, 'showToBuyer': True, 'hideInMock': False, 'siteAddedListingNote': False, 'aisleListingNoteWithSplit': False, 'listingNoteDescriptionContentId': 2444686, 'formattedListingNoteDescription': 'Preferred Seating'}, {'listingNoteId': -1, 'listingNoteContentId': 3338094, 'formattedListingNoteContent': 'Clear view', 'listingNoteTypeId': 3, 'showToBuyer': True, 'hideInMock': False, 'siteAddedListingNote': False, 'aisleListingNoteWithSplit': False, 'listingNoteDescriptionContentId': 3338095, 'formattedListingNoteDescription': ""You'll have an unrestricted view of the show.""}]","[{'listingNoteBucketId': 11, 'formattedListingNoteContent': 'Preferred Seating', 'displayOrder': 11, 'showsRawNoteText': True, 'sourceListingNoteId': 165}, {'listingNoteBucketId': 27, 'formattedListingNoteContent': 'Clear view', 'displayOrder': 8, 'showsRawNoteText': True, 'sourceListingNoteId': -1}]",702838,False,False,Row 4,False,3211812,"¥3,211,812","¥3,211,812",10,Mobile Transfer ticket,3,1,USD,JPY,0.0,USD,"https://img.vggcdn.net/img/vfsimage2/812551/471_122842/0.jpg?im=Resize=(500,271)&v=771",7 days ago,6,False,False,False,False,mpJQZMEv%2fkWIDzAdTay%2bw9kXtDNkmJmu5FNbLmpkgVI%3d,False,2026-07-10T15:26:53.5530000Z,False,False,False,False,False,False,0,False,,False,False,False,False,0,False,False,0,13315774554,False,CF56920B-51D1-4217-8235-CD4680C46241,False,False,True,3,6.041528962420972,1.360849678,,,,,"[{'message': 'Popular Pick', 'qualifier': '8 tickets sold for this event', 'hasValue': True, 'messageType': 'BoughtInLastHourSocialProofBased'}]",[],,,,,,"¥4,833,546",34.0,"¥1,621,734",,,,,,,,
13384673124,153020449,144,122809,144,2,10,4_4,,,4,False,False,1,,False,False,[1],594,Lower,1,True,"[{'listingNoteId': -1, 'listingNoteContentId': 3338094, 'formattedListingNoteContent': 'Clear view', 'listingNoteTypeId': 3, 'showToBuyer': True, 'hideInMock': False, 'siteAddedListingNote': False, 'aisleListingNoteWithSplit': False, 'listingNoteDescriptionContentId': 3338095, 'formattedListingNoteDescription': ""You'll have an unrestricted view of the show.""}]","[{'listingNoteBucketId': 27, 'formattedListingNoteContent': 'Clear view', 'displayOrder': 8, 'showsRawNoteText': True, 'sourceListingNoteId': -1}]",2113202,False,False,Row 10,False,3233657,"¥3,233,657","¥3,233,657",10,Mobile Transfer ticket,3,14,USD,JPY,0.0,USD,"https://img.vggcdn.net/img/vfsimage2/812551/594_122809/0.jpg?im=Resize=(500,271)&v=771",11 hours ago,7,False,False,False,False,v1evemdPSfaLRzuwbI2OhifVm1mKtO8aRHKodQZ1ZOA%3d,False,2026-07-17T17:37:18.5630000Z,False,False,False,False,False,False,0,False,,False,False,False,False,0,False,False,0,13384673124,False,3A226286-EBA8-436F-B0F2-4AC4375E29AE,False,False,True,4,7.360545614843779,1.606366535,,,,,"[{'message': 'Great Value', 'qualifier': 'Based on price, view, seat quality and more', 'hasValue': True, 'messageType': 'ValueBased'}, {'message': 'Popular Pick', 'qualifier': '8 tickets sold for this event', 'hasValue': True, 'messageType': 'BoughtInLastHourSocialProofBased'}]",[],,,,,,,,,,,,,,,,
13387634159,153020449,210,122843,210,2,12,5_7,,,5,False,False,3,,False,False,"[1, 2, 3]",471,Middle,3,True,"[{'listingNoteId': -1, 'listingNoteContentId': 3338094, 'formattedListingNoteContent': 'Clear view', 'listingNoteTypeId': 3, 'showToBuyer': True, 'hideInMock': False, 'siteAddedListingNote': False, 'aisleListingNoteWithSplit': False, 'listingNoteDescriptionContentId': 3338095, 'formattedListingNoteDescription': ""You'll have an unrestricted view of the show.""}]","[{'listingNoteBucketId': 27, 'formattedListingNoteContent': 'Clear view', 'displayOrder': 8, 'showsRawNoteText': True, 'sourceListingNoteId': -1}]",702858,False,False,Row 12,False,3253630,"¥3,253,630","¥3,253,630",10,Mobile Transfer ticket,3,1,GBP,JPY,8500.0,GBP,"https://img.vggcdn.net/img/vfsimage2/812551/471_122843/0.jpg?im=Resize=(500,271)&v=771",4 hours ago,5,False,False,False,False,el9Qowj%2fjC9CZxAy%2fdAtLq%2bc%2bPL%2bf5WlJpQjPtMa9Hc%3d,False,2026-07-18T00:18:37.0930000Z,False,False,False,False,False,False,0,False,[7],False,False,False,False,0,False,False,0,13387634159,False,F87FCEC7-AAE7-4F75-84F9-A7195888299A,False,False,True,3,5.2567146229111446,1.263804131,,,,,"[{'message': 'Popular Pick', 'qualifier': '8 tickets sold for this event', 'hasValue': True, 'messageType': 'BoughtInLastHourSocialProofBased'}]",[],,,,Last tickets,True,,,,,,,,,,,
13387639834,153020449,115C,1530769,115C,2,29,_,,,,False,False,1,,False,False,[1],594,Lower,1,True,"[{'listingNoteId': 814, 'listingNoteContentId': 2446060, 'formattedListingNoteContent': 'Limited or Obstructed View (printed on ticket)', 'listingNoteTypeId': 1, 'showToBuyer': True, 'hideInMock': False, 'siteAddedListingNote': False, 'aisleListingNoteWithSplit': False, 'listingNoteDescriptionContentId': 2446061, 'formattedListingNoteDescription': 'Limited or Obstructed View (printed on ticket)'}]","[{'listingNoteBucketId': 21, 'formattedListingNoteContent': 'Limited view', 'displayOrder': 21, 'showsRawNoteText': False}]",1590958,False,False,Row 29,False,3314781,"¥3,314,781","¥3,314,781",10,Mobile Transfer ticket,3,1,USD,JPY,10990.0,USD,"https://img.vggcdn.net/img/vfsimage2/812551/594_1530769/0.jpg?im=Resize=(500,271)&v=771",4 hours ago,9,False,False,False,False,BleWuT6GiGUWgQdxZggndoP8d64u7y4Z0V28bn2pcag%3d,False,2026-07-18T00:19:45.9200000Z,False,False,False,False,False,False,0,False,,False,False,False,False,0,False,False,0,13387639834,False,18B72B37-BF31-4FBF-8B82-619B5145D820,False,False,True,5,9.050381986101504,2.148637979,,,,,"[{'message': 'Amazing Value', 'qualifier': 'Based on price, view, seat quality and more', 'hasValue': True, 'messageType': 'ValueBased'}, {'message': 'Popular Pick', 'qualifier': '8 tickets sold for this event', 'hasValue': True, 'messageType': 'BoughtInLastHourSocialProofBased'}]",[],,,,,,,,,,,,,,,,
13377547900,153020449,126,122797,126,2,4,_,,,,False,False,1,,False,False,[1],594,Lower,1,True,"[{'listingNoteId': -1, 'listingNoteContentId': 3338094, 'formattedListingNoteContent': 'Clear view', 'listingNoteTypeId': 3, 'showToBuyer': True, 'hideInMock': False, 'siteAddedListingNote': False, 'aisleListingNoteWithSplit': False, 'listingNoteDescriptionContentId': 3338095, 'formattedListingNoteDescription': ""You'll have an unrestricted view of the show.""}]","[{'listingNoteBucketId': 27, 'formattedListingNoteContent': 'Clear view', 'displayOrder': 8, 'showsRawNoteText': True, 'sourceListingNoteId': -1}]",2112798,False,False,Row 4,False,3322077,"¥3,322,077","¥3,322,077",10,Mobile Transfer ticket,3,1,SGD,JPY,19357.0,SGD,"https://img.vggcdn.net/img/vfsimage2/812551/594_122797/0.jpg?im=Resize=(500,271)&v=771",yesterday,8,False,False,False,False,3ARwWFKJAMucW4zJ03OhWc%2fPvViWP2JbJnYKtlMoHHc%3d,False,2026-07-16T23:18:14.4900000Z,False,False,False,False,False,False,0,False,,False,False,False,False,0,False,False,0,13377547900,False,EDEF011C-4EA3-4F90-9952-84079482FA52,False,False,True,4,8.019937990703658,1.788343108,,,,,"[{'message': 'Great Value', 'qualifier': 'Based on price, view, seat quality and more', 'hasValue': True, 'messageType': 'ValueBased'}, {'message': 'Popular Pick', 'qualifier': '8 tickets sold for this event', 'hasValue': True, 'messageType': 'BoughtInLastHourSocialProofBased'}]",[],,,,,,,,,,,,,,,,
13387473943,153020449,144,122809,144,2,19,_,,,,False,False,3,,False,False,"[1, 3]",594,Lower,3,True,"[{'listingNoteId': -1, 'listingNoteContentId': 3338094, 'formattedListingNoteContent': 'Clear view', 'listingNoteTypeId': 3, 'showToBuyer': True, 'hideInMock': False, 'siteAddedListingNote': False, 'aisleListingNoteWithSplit': False, 'listingNoteDescriptionContentId': 3338095, 'formattedListingNoteDescription': ""You'll have an unrestricted view of the show.""}]","[{'listingNoteBucketId': 27, 'formattedListingNoteContent': 'Clear view', 'displayOrder': 8, 'showsRawNoteText': True, 'sourceListingNoteId': -1}]",2113211,False,False,Row 19,False,3630172,"¥3,630,172","¥3,630,172",10,Mobile Transfer ticket,3,1,USD,JPY,0.01,USD,"https://img.vggcdn.net/img/vfsimage2/812551/594_122809/0.jpg?im=Resize=(500,271)&v=771",5 hours ago,5,False,False,False,False,F4fPdgjsLXTANOgM3WDeHK83MMmrEN4XpIKoRSSeje0%3d,False,2026-07-17T23:45:29.9430000Z,False,False,False,False,False,False,0,False,,False,False,False,False,0,False,False,0,13387473943,False,6FD4BBE9-EE1D-438F-B176-E341BAA7EE06,False,False,True,3,5.303229092832532,1.41707551,,,,,"[{'message': 'Popular Pick', 'qualifier': '8 tickets sold for this event', 'hasValue': True, 'messageType': 'BoughtInLastHourSocialProofBased'}]",[],,,,,,,,,,,,,,,,
13382102329,153020449,116,122791,116,2,10,10_10,,,10,False,False,1,,False,False,[1],594,Lower,1,True,"[{'listingNoteId': -1, 'listingNoteContentId': 3338094, 'formattedListingNoteContent': 'Clear view', 'listingNoteTypeId': 3, 'showToBuyer': True, 'hideInMock': False, 'siteAddedListingNote': False, 'aisleListingNoteWithSplit': False, 'listingNoteDescriptionContentId': 3338095, 'formattedListingNoteDescription': ""You'll have an unrestricted view of the show.""}]","[{'listingNoteBucketId': 27, 'formattedListingNoteContent': 'Clear view', 'displayOrder': 8, 'showsRawNoteText': True, 'sourceListingNoteId': -1}]",2112514,False,False,Row 10,False,3780936,"¥3,780,936","¥3,780,936",10,Mobile Transfer ticket,3,1,EUR,JPY,10900.0,EUR,"https://img.vggcdn.net/img/vfsimage2/812551/594_122791/0.jpg?im=Resize=(500,271)&v=771",18 hours ago,9,False,False,False,False,nPnAcib3OFgW%2bddFIX9e7Pfqpicfk5drniuyW90Yxlg%3d,False,2026-07-17T10:45:14.1300000Z,False,False,False,False,False,False,0,False,[7],False,False,False,False,0,False,False,0,13382102329,False,42B5D6AB-49BA-4D39-A8EE-D05E368E48D7,False,False,True,5,8.655268682309417,2.241669012,,,,,"[{'message': 'Amazing Value', 'qualifier': 'Based on price, view, seat quality and more', 'hasValue': True, 'messageType': 'ValueBased'}, {'message': 'Popular Pick', 'qualifier': '8 tickets sold for this event', 'hasValue': True, 'messageType': 'BoughtInLastHourSocialProofBased'}]",[],,,,Last ticket,True,,,,,,,,,,,
13386856488,153020449,123,122795,123,2,17,1_4,,,1,False,False,4,,False,False,"[1, 2, 4]",594,Lower,4,True,"[{'listingNoteId': -1, 'listingNoteContentId': 3338094, 'formattedListingNoteContent': 'Clear view', 'listingNoteTypeId': 3, 'showToBuyer': True, 'hideInMock': False, 'siteAddedListingNote': False, 'aisleListingNoteWithSplit': False, 'listingNoteDescriptionContentId': 3338095, 'formattedListingNoteDescription': ""You'll have an unrestricted view of the show.""}]","[{'listingNoteBucketId': 14, 'formattedListingNoteContent': 'Aisle seat', 'displayOrder': 14, 'showsRawNoteText': True, 'sourceListingNoteId': 2024}, {'listingNoteBucketId': 27, 'formattedListingNoteContent': 'Clear view', 'displayOrder': 8, 'showsRawNoteText': True, 'sourceListingNoteId': -1}]",2112676,False,False,Row 17,False,3811664,"¥3,811,664","¥3,811,664",13,Mobile ticket,4,1,USD,JPY,5000.0,USD,"https://img.vggcdn.net/img/vfsimage2/812551/594_122795/0.jpg?im=Resize=(500,271)&v=771",6 hours ago,5,False,False,False,False,judUKfECDR0dCh517BAAtF671Uhcd4Iyj1z7%2b7Mt7xQ%3d,False,2026-07-17T22:41:54.0830000Z,False,False,False,False,False,False,0,False,,False,False,False,False,0,False,False,0,13386856488,False,FEA8B571-6814-484A-9B87-B2D012B93987,False,False,True,2,4.57528109443781,1.347934763,,,,,"[{'message': 'Popular Pick', 'qualifier': '6 tickets sold for this event', 'hasValue': True, 'messageType': 'BoughtInLastHourSocialProofBased'}, {'message': 'Aisle Seat', 'qualifier': 'Easy access to your seat', 'hasValue': True, 'messageType': 'AisleSeatTicketAttributeBased'}]",[2024],,,,,,,,,,,,,,,,
13386258853,153020449,143,122808,143,2,19,_,,,,False,False,3,,False,False,"[1, 3]",594,Lower,3,True,"[{'listingNoteId': -1, 'listingNoteContentId': 3338094, 'formattedListingNoteContent': 'Clear view', 'listingNoteTypeId': 3, 'showToBuyer': True, 'hideInMock': False, 'siteAddedListingNote': False, 'aisleListingNoteWithSplit': False, 'listingNoteDescriptionContentId': 3338095, 'formattedListingNoteDescription': ""You'll have an unrestricted view of the show.""}]","[{'listingNoteBucketId': 27, 'formattedListingNoteContent': 'Clear view', 'displayOrder': 8, 'showsRawNoteText': True, 'sourceListingNoteId': -1}]",2113178,False,False,Row 19,False,3821220,"¥3,821,220","¥3,821,220",10,Mobile Transfer ticket,3,1,USD,JPY,13086.0,USD,"https://img.vggcdn.net/img/vfsimage2/812551/594_122808/0.jpg?im=Resize=(500,271)&v=771",7 hours ago,6,False,False,False,False,gCLrHa0oqGJJLaeluD6Sqk5EH1G6%2fX%2bWk70b8l5dujk%3d,False,2026-07-17T21:07:11.7000000Z,False,False,False,False,False,False,0,False,,False,False,False,False,0,False,False,0,13386258853,False,F11904E1-C87D-4F16-8B0D-0FF8F604F2D1,False,False,True,3,6.055471365044079,1.621708929,,,,,"[{'message': 'Popular Pick', 'qualifier': '6 tickets sold for this event', 'hasValue': True, 'messageType': 'BoughtInLastHourSocialProofBased'}]",[],,,,,,,,,,,,,,,,
13384346256,153020449,115A,1530768,115A,2,34,7_7,,,7,False,False,1,,False,False,[1],594,Lower,1,True,"[{'listingNoteId': -1, 'listingNoteContentId': 3338094, 'formattedListingNoteContent': 'Clear view', 'listingNoteTypeId': 3, 'showToBuyer': True, 'hideInMock': False, 'siteAddedListingNote': False, 'aisleListingNoteWithSplit': False, 'listingNoteDescriptionContentId': 3338095, 'formattedListingNoteDescription': ""You'll have an unrestricted view of the show.""}]","[{'listingNoteBucketId': 27, 'formattedListingNoteContent': 'Clear view', 'displayOrder': 8, 'showsRawNoteText': True, 'sourceListingNoteId': -1}]",2112501,False,False,Row 34,False,3903289,"¥3,903,289","¥3,903,289",10,Mobile Transfer ticket,3,1,USD,JPY,9750.0,USD,"https://img.vggcdn.net/img/vfsimage2/812551/594_1530768/0.jpg?im=Resize=(500,271)&v=771",12 hours ago,4,False,False,False,False,uF3KQhXHUruz3SdpJMXHsvD4wKnaQT0qAibWn5AqX3o%3d,False,2026-07-17T17:01:20.5400000Z,False,False,False,False,False,False,0,False,,False,False,False,False,0,False,False,0,13384346256,False,E4F11AA7-989A-4AB5-9868-032798930398,False,False,True,2,4.463194189950012,1.35757537,,,,,"[{'message': 'Popular Pick', 'qualifier': '6 tickets sold for this event', 'hasValue': True, 'messageType': 'BoughtInLastHourSocialProofBased'}]",[],,,,,,"¥5,212,557",25.0,"¥1,309,268",,,,,,,,
13386449651,153020449,228A,1530789,228A,2,7,3_3,3,3,3,False,False,1,,False,False,[1],471,Middle,1,True,"[{'listingNoteId': -1, 'listingNoteContentId': 3338094, 'formattedListingNoteContent': 'Clear view', 'listingNoteTypeId': 3, 'showToBuyer': True, 'hideInMock': False, 'siteAddedListingNote': False, 'aisleListingNoteWithSplit': False, 'listingNoteDescriptionContentId': 3338095, 'formattedListingNoteDescription': ""You'll have an unrestricted view of the show.""}]","[{'listingNoteBucketId': 27, 'formattedListingNoteContent': 'Clear view', 'displayOrder': 8, 'showsRawNoteText': True, 'sourceListingNoteId': -1}]",1593647,False,False,Row 7,False,3948127,"¥3,948,127","¥3,948,127",10,Mobile Transfer ticket,3,1,USD,JPY,0.0,USD,"https://img.vggcdn.net/img/vfsimage2/812551/471_1530789/0.jpg?im=Resize=(500,271)&v=771",7 hours ago,3,False,False,False,False,K1t79e%2f8%2bgufIC%2f1XqwgQPDlwNgOs%2bBBlxVgxqrrKoU%3d,False,2026-07-17T21:44:54.7870000Z,False,False,False,False,False,False,0,False,[7],False,False,False,False,0,False,False,0,13386449651,False,E79B02D5-9B2F-456E-9B4D-39BC779DE3D1,False,False,True,2,2.825289279661689,1.106506671,,,,,"[{'message': 'Popular Pick', 'qualifier': '6 tickets sold for this event', 'hasValue': True, 'messageType': 'BoughtInLastHourSocialProofBased'}]",[],,,,Last ticket,True,,,,,,,,,,,
13348807789,153020449,108,122786,108,2,13,_,,,,False,False,4,,False,False,"[1, 2, 3, 4]",594,Lower,4,True,"[{'listingNoteId': 2027, 'listingNoteContentId': 3415845, 'formattedListingNoteContent': 'Third Row of Section', 'listingNoteTypeId': 6, 'showToBuyer': True, 'hideInMock': False, 'siteAddedListingNote': False, 'aisleListingNoteWithSplit': False, 'listingNoteDescriptionContentId': 3415845, 'formattedListingNoteDescription': 'Third Row of Section'}, {'listingNoteId': -1, 'listingNoteContentId': 3338094, 'formattedListingNoteContent': 'Clear view', 'listingNoteTypeId': 3, 'showToBuyer': True, 'hideInMock': False, 'siteAddedListingNote': False, 'aisleListingNoteWithSplit': False, 'listingNoteDescriptionContentId': 3338095, 'formattedListingNoteDescription': ""You'll have an unrestricted view of the show.""}]","[{'listingNoteBucketId': 14, 'formattedListingNoteContent': 'Third Row of Section', 'displayOrder': 14, 'showsRawNoteText': True, 'sourceListingNoteId': 2027}, {'listingNoteBucketId': 27, 'formattedListingNoteContent': 'Clear view', 'displayOrder': 8, 'showsRawNoteText': True, 'sourceListingNoteId': -1}]",2112256,False,False,Row 13,False,3986668,"¥3,986,668","¥3,986,668",10,Mobile Transfer ticket,3,1,USD,JPY,0.0,USD,"https://img.vggcdn.net/img/vfsimage2/812551/594_122786/0.jpg?im=Resize=(500,271)&v=771",3 days ago,5,False,False,False,False,0Ju%2f9ZthQsg4sun0OiBqejbpcPB4qk5eoNrPLLblTS4%3d,False,2026-07-14T14:41:08.2870000Z,False,False,False,False,False,False,0,False,,False,False,False,False,0,False,False,0,13348807789,False,A78EC8E6-9BAA-4F20-91B2-C94A44416973,False,False,True,3,5.203841685842101,1.539938978,,,,,"[{'message': 'Popular Pick', 'qualifier': '6 tickets sold for this event', 'hasValue': True, 'messageType': 'BoughtInLastHourSocialProofBased'}, {'message': 'Third Row', 'qualifier': 'Excellent proximity to the action', 'hasValue': True, 'messageType': 'ThirdRowTicketAttributeBased'}]",[2027],,,,,,"¥5,070,387",21.0,"¥1,083,719",,,,,,,,
13388050955,153020449,101,122782,101,2,2,17_17,,,17,False,False,1,,False,False,[1],594,Lower,1,True,"[{'listingNoteId': 2026, 'listingNoteContentId': 3415844, 'formattedListingNoteContent': 'Second Row of Section', 'listingNoteTypeId': 6, 'showToBuyer': True, 'hideInMock': False, 'siteAddedListingNote': False, 'aisleListingNoteWithSplit': False, 'listingNoteDescriptionContentId': 3415844, 'formattedListingNoteDescription': 'Second Row of Section'}, {'listingNoteId': -1, 'listingNoteContentId': 3338094, 'formattedListingNoteContent': 'Clear view', 'listingNoteTypeId': 3, 'showToBuyer': True, 'hideInMock': False, 'siteAddedListingNote': False, 'aisleListingNoteWithSplit': False, 'listingNoteDescriptionContentId': 3338095, 'formattedListingNoteDescription': ""You'll have an unrestricted view of the show.""}]","[{'listingNoteBucketId': 14, 'formattedListingNoteContent': 'Second Row of Section', 'displayOrder': 14, 'showsRawNoteText': True, 'sourceListingNoteId': 2026}, {'listingNoteBucketId': 27, 'formattedListingNoteContent': 'Clear view', 'displayOrder': 8, 'showsRawNoteText': True, 'sourceListingNoteId': -1}]",2112074,False,False,Row 2,False,4057852,"¥4,057,852","¥4,057,852",10,Mobile Transfer ticket,3,1,USD,JPY,0.0,USD,"https://img.vggcdn.net/img/vfsimage2/812551/594_122782/0.jpg?im=Resize=(500,271)&v=771",3 hours ago,6,False,False,False,False,oNQdjJ2iSisVRWfR3zHLRj0vtlovygwGb5fZdBdM6RA%3d,False,2026-07-18T01:49:15.2000000Z,False,False,False,False,False,False,0,False,,False,False,False,False,0,False,False,0,13388050955,False,C91FDB55-5337-4D7D-8722-929A5A5E8AB9,False,False,True,3,5.974088347725897,1.706054045,,,,,"[{'message': 'Popular Pick', 'qualifier': '6 tickets sold for this event', 'hasValue': True, 'messageType': 'BoughtInLastHourSocialProofBased'}, {'message': 'Second Row', 'qualifier': 'Premium close-up view', 'hasValue': True, 'messageType': 'SecondRowTicketAttributeBased'}]",[2026],,,,,,,,,,,,,,,,
13141570564,153020449,Middle,1546668,Middle,3,,_,,,,False,False,4,,False,False,"[1, 2, 4]",471,Middle,4,True,"[{'listingNoteId': -1, 'listingNoteContentId': 3338094, 'formattedListingNoteContent': 'Clear view', 'listingNoteTypeId': 3, 'showToBuyer': True, 'hideInMock': False, 'siteAddedListingNote': False, 'aisleListingNoteWithSplit': False, 'listingNoteDescriptionContentId': 3338095, 'formattedListingNoteDescription': ""You'll have an unrestricted view of the show.""}]","[{'listingNoteBucketId': 27, 'formattedListingNoteContent': 'Clear view', 'displayOrder': 8, 'showsRawNoteText': True, 'sourceListingNoteId': -1}]",1641235,False,False,Row,True,4091470,"¥4,091,470","¥4,091,470",10,Mobile Transfer ticket,3,1,EUR,JPY,1222.0,EUR,"https://img.vggcdn.net/img/vfsimage2/812551/471_1546668/0.jpg?im=Resize=(500,271)&v=771",22 days ago,0,False,False,True,True,lco6nNlfd3kpNR72NYzWXfeHUYku3Nt3WDr9Xh0M%2bGY%3d,False,2026-06-25T12:01:34.4200000Z,False,False,False,False,False,False,0,False,[7],False,False,False,False,0,False,False,0,13141570564,False,A900C61D-2EC3-4805-B194-8AFF57850C02,False,False,True,0,,,,,,,"[{'message': 'Popular Pick', 'qualifier': '6 tickets sold for this event', 'hasValue': True, 'messageType': 'BoughtInLastHourSocialProofBased'}]",[],,,,Last tickets,True,,,,,,,,,,,
12998151102,153020449,320,122913,320,2,8,5_6,5,6,5,False,False,2,,False,False,"[1, 2]",407,Upper,2,True,"[{'listingNoteId': -1, 'listingNoteContentId': 3338094, 'formattedListingNoteContent': 'Clear view', 'listingNoteTypeId': 3, 'showToBuyer': True, 'hideInMock': False, 'siteAddedListingNote': False, 'aisleListingNoteWithSplit': False, 'listingNoteDescriptionContentId': 3338095, 'formattedListingNoteDescription': ""You'll have an unrestricted view of the show.""}]","[{'listingNoteBucketId': 27, 'formattedListingNoteContent': 'Clear view', 'displayOrder': 8, 'showsRawNoteText': True, 'sourceListingNoteId': -1}]",703943,False,False,Row 8,False,4121819,"¥4,121,819","¥4,121,819",10,Mobile Transfer ticket,3,1,EUR,JPY,5500.0,EUR,"https://img.vggcdn.net/img/vfsimage2/812551/407_122913/0.jpg?im=Resize=(500,271)&v=771",36 days ago,2,False,False,False,False,6d2FoeRbjENB2BRCirXvMK3XgfRvy3z2J38FdpZdlK4%3d,False,2026-06-11T13:41:26.4070000Z,False,False,False,True,False,False,0,False,[6],False,False,False,False,0,False,False,0,12998151102,False,5D9129D5-1A56-4780-AB97-16538011FFB8,False,False,True,1,2.2716206560019234,0.9119621003,,,,,"[{'message': 'Popular Pick', 'qualifier': '6 tickets sold for this event', 'hasValue': True, 'messageType': 'BoughtInLastHourSocialProofBased'}]",[],Fan favorite,This section is in the top 10% of sections for this event when ranked based on a count of successful sales over the past 7 days on our site,True,,,,,,,,,,,,,
13387866389,153020449,142,122807,142,2,33,21_21,21,21,21,False,False,1,,False,False,[1],594,Lower,1,True,"[{'listingNoteId': 814, 'listingNoteContentId': 2446060, 'formattedListingNoteContent': 'Limited or Obstructed View (printed on ticket)', 'listingNoteTypeId': 1, 'showToBuyer': True, 'hideInMock': False, 'siteAddedListingNote': False, 'aisleListingNoteWithSplit': False, 'listingNoteDescriptionContentId': 2446061, 'formattedListingNoteDescription': 'Limited or Obstructed View (printed on ticket)'}]","[{'listingNoteBucketId': 21, 'formattedListingNoteContent': 'Limited view', 'displayOrder': 21, 'showsRawNoteText': False}]",2113160,False,False,Row 33,False,4211306,"¥4,211,306","¥4,211,306",10,Mobile Transfer ticket,3,1,USD,JPY,10000.0,USD,"https://img.vggcdn.net/img/vfsimage2/812551/594_122807/0.jpg?im=Resize=(500,271)&v=771",3 hours ago,4,False,False,False,False,TCEXQW4ggRmCSI4Y%2fd%2bbOK6z6djud1KRPzwb%2bSEdEME%3d,False,2026-07-18T01:13:10.2930000Z,False,False,False,False,False,False,0,False,,False,False,False,False,0,False,False,0,13387866389,False,1D2BFD7A-DAD7-4717-A65B-30A52EF62DDF,False,False,True,2,4.371542327529904,1.445226969,,,,,"[{'message': 'Popular Pick', 'qualifier': '6 tickets sold for this event', 'hasValue': True, 'messageType': 'BoughtInLastHourSocialProofBased'}]",[],,,,,,,,,,,,,,,,
13134939381,153020449,134,122802,134,2,,_,,,,False,False,2,,False,False,"[1, 2]",594,Lower,2,True,"[{'listingNoteId': -1, 'listingNoteContentId': 3338094, 'formattedListingNoteContent': 'Clear view', 'listingNoteTypeId': 3, 'showToBuyer': True, 'hideInMock': False, 'siteAddedListingNote': False, 'aisleListingNoteWithSplit': False, 'listingNoteDescriptionContentId': 3338095, 'formattedListingNoteDescription': ""You'll have an unrestricted view of the show.""}]","[{'listingNoteBucketId': 27, 'formattedListingNoteContent': 'Clear view', 'displayOrder': 8, 'showsRawNoteText': True, 'sourceListingNoteId': -1}]",108764,False,False,Row,True,4224742,"¥4,224,742","¥4,224,742",10,Mobile Transfer ticket,3,1,EUR,JPY,8500.0,EUR,"https://img.vggcdn.net/img/vfsimage2/812551/594_122802/0.jpg?im=Resize=(500,271)&v=771",23 days ago,2,False,False,False,False,nC5bF%2fcLsj7IEECgN2ZzCunkdYlZJyrKOUuOKMQWNyc%3d,False,2026-06-24T21:41:19.5400000Z,False,False,False,False,False,False,0,False,,False,False,False,False,0,False,False,0,13134939381,False,45E83CBF-CBDA-4EC0-B39B-B2F321A01B35,False,False,True,1,2.471656000645031,1.107567981,,,,,"[{'message': 'Popular Pick', 'qualifier': '6 tickets sold for this event', 'hasValue': True, 'messageType': 'BoughtInLastHourSocialProofBased'}]",[],,,,,,,,,,,,,,,,
13386086959,153020449,235,122862,235,2,9,_,,,,False,False,2,,False,False,"[1, 2]",471,Middle,2,True,"[{'listingNoteId': 263, 'listingNoteContentId': 2444900, 'formattedListingNoteContent': 'VIP Club', 'listingNoteTypeId': 3, 'showToBuyer': True, 'hideInMock': False, 'siteAddedListingNote': False, 'aisleListingNoteWithSplit': False, 'listingNoteDescriptionContentId': 2444901, 'formattedListingNoteDescription': 'VIP Club - Club opens 90 minutes prior to tipoff and offers access to a lounge area with televisions, plush seating and private restrooms as well as all-inclusive food, draft beer, and house wine'}, {'listingNoteId': 424, 'listingNoteContentId': 2445241, 'formattedListingNoteContent': 'Access to VIP Club', 'listingNoteTypeId': 3, 'showToBuyer': True, 'hideInMock': False, 'siteAddedListingNote': False, 'aisleListingNoteWithSplit': False, 'formattedListingNoteDescription': ''}, {'listingNoteId': 1367, 'listingNoteContentId': 2447255, 'formattedListingNoteContent': 'Includes club access', 'listingNoteTypeId': 3, 'showToBuyer': True, 'hideInMock': False, 'siteAddedListingNote': False, 'aisleListingNoteWithSplit': False, 'listingNoteDescriptionContentId': 2447256, 'formattedListingNoteDescription': 'Includes club access'}, {'listingNoteId': -1, 'listingNoteContentId': 3338094, 'formattedListingNoteContent': 'Clear view', 'listingNoteTypeId': 3, 'showToBuyer': True, 'hideInMock': False, 'siteAddedListingNote': False, 'aisleListingNoteWithSplit': False, 'listingNoteDescriptionContentId': 3338095, 'formattedListingNoteDescription': ""You'll have an unrestricted view of the show.""}]","[{'listingNoteBucketId': 1, 'formattedListingNoteContent': 'VIP packages', 'displayOrder': 1, 'showsRawNoteText': False}, {'listingNoteBucketId': 4, 'formattedListingNoteContent': 'Club access', 'displayOrder': 4, 'showsRawNoteText': False}, {'listingNoteBucketId': 27, 'formattedListingNoteContent': 'Clear view', 'displayOrder': 8, 'showsRawNoteText': True, 'sourceListingNoteId': -1}]",703280,False,False,Row 9,False,4497722,"¥4,497,722","¥4,497,722",10,Mobile Transfer ticket,3,1,USD,JPY,10900.0,USD,"https://img.vggcdn.net/img/vfsimage2/812551/471_122862/0.jpg?im=Resize=(500,271)&v=771",8 hours ago,5,False,False,False,False,gNP0Q8pxWHYEH4WO2LfP70IKdvIFkNC9A3ZotX7dhHc%3d,False,2026-07-17T20:38:02.3370000Z,False,False,False,False,False,False,0,False,,False,False,False,False,0,False,False,0,13386086959,False,C04E4640-C5F1-4832-90EE-ACF3BA1F590B,False,False,True,2,4.636069794422239,1.604439423,,,,,"[{'message': 'Popular Pick', 'qualifier': '6 tickets sold for this event', 'hasValue': True, 'messageType': 'BoughtInLastHourSocialProofBased'}]",[],,,,,,"¥6,388,629",30.0,"¥1,890,907",,,,,,,,
13374673023,153020449,109,122787,109,2,9,22_22,22,22,22,False,False,1,,False,False,[1],594,Lower,1,True,"[{'listingNoteId': -1, 'listingNoteContentId': 3338094, 'formattedListingNoteContent': 'Clear view', 'listingNoteTypeId': 3, 'showToBuyer': True, 'hideInMock': False, 'siteAddedListingNote': False, 'aisleListingNoteWithSplit': False, 'listingNoteDescriptionContentId': 3338095, 'formattedListingNoteDescription': ""You'll have an unrestricted view of the show.""}]","[{'listingNoteBucketId': 27, 'formattedListingNoteContent': 'Clear view', 'displayOrder': 8, 'showsRawNoteText': True, 'sourceListingNoteId': -1}]",2112322,False,False,Row 9,False,4562211,"¥4,562,211","¥4,562,211",10,Mobile Transfer ticket,3,1,USD,JPY,,USD,"https://img.vggcdn.net/img/vfsimage2/812551/594_122787/0.jpg?im=Resize=(500,271)&v=771",yesterday,5,False,False,False,False,fKg%2bE%2bqRomOS8soo5WJSqsPRxBo%2fUZZsQiAT9Js9NkI%3d,False,2026-07-16T17:44:09.5400000Z,False,False,False,False,False,False,0,False,,False,False,False,False,0,False,False,0,13374673023,False,49791080-5A6A-4371-BB91-DFC79E70CEEF,False,False,True,2,4.670774815143817,1.636002085,,,,,"[{'message': 'Popular Pick', 'qualifier': '6 tickets sold for this event', 'hasValue': True, 'messageType': 'BoughtInLastHourSocialProofBased'}]",[],,,,,,,,,,,,,,,,
13334390402,153020449,129,122799,129,2,31,_,,,,False,False,1,,False,False,[1],594,Lower,1,True,"[{'listingNoteId': 174, 'listingNoteContentId': 2444704, 'formattedListingNoteContent': 'VIP Club Access w/ private entrance & restrooms', 'listingNoteTypeId': 3, 'showToBuyer': True, 'hideInMock': False, 'siteAddedListingNote': False, 'aisleListingNoteWithSplit': False, 'listingNoteDescriptionContentId': 2444705, 'formattedListingNoteDescription': 'Tickets grant access to VIP private entrance, VIP club access and VIP private restrooms.'}, {'listingNoteId': 1025, 'listingNoteContentId': 2446491, 'formattedListingNoteContent': 'Includes unlimited food and soft drinks', 'listingNoteTypeId': 3, 'showToBuyer': True, 'hideInMock': False, 'siteAddedListingNote': False, 'aisleListingNoteWithSplit': False, 'listingNoteDescriptionContentId': 2446492, 'formattedListingNoteDescription': 'Includes unlimited food and soft drinks'}, {'listingNoteId': 1028, 'listingNoteContentId': 2446497, 'formattedListingNoteContent': 'Includes unlimited food and drinks (beer, wine and liquor)', 'listingNoteTypeId': 3, 'showToBuyer': True, 'hideInMock': False, 'siteAddedListingNote': False, 'aisleListingNoteWithSplit': False, 'listingNoteDescriptionContentId': 2446498, 'formattedListingNoteDescription': 'Includes unlimited food and drinks (beer, wine and liquor)'}, {'listingNoteId': 2246, 'listingNoteContentId': 4165609, 'formattedListingNoteContent': 'VIP Experience', 'listingNoteTypeId': 3, 'showToBuyer': True, 'hideInMock': False, 'siteAddedListingNote': False, 'aisleListingNoteWithSplit': False, 'listingNoteDescriptionContentId': 4165611, 'formattedListingNoteDescription': 'VIP Experience'}, {'listingNoteId': 2247, 'listingNoteContentId': 4165768, 'formattedListingNoteContent': 'Includes food, beer and wine', 'listingNoteTypeId': 3, 'showToBuyer': True, 'hideInMock': False, 'siteAddedListingNote': False, 'aisleListingNoteWithSplit': False, 'listingNoteDescriptionContentId': 4165769, 'formattedListingNoteDescription': 'Includes food, beer and wine'}, {'listingNoteId': 2254, 'listingNoteContentId': 4170837, 'formattedListingNoteContent': 'Includes food, beer, wine, and non-alcoholic beverages', 'listingNoteTypeId': 3, 'showToBuyer': True, 'hideInMock': False, 'siteAddedListingNote': False, 'aisleListingNoteWithSplit': False, 'listingNoteDescriptionContentId': 4170838, 'formattedListingNoteDescription': 'Includes food, beer, wine, and non-alcoholic beverages'}, {'listingNoteId': 2356, 'listingNoteContentId': 4257844, 'formattedListingNoteContent': 'All-Inclusive Food', 'listingNoteTypeId': 3, 'showToBuyer': True, 'hideInMock': False, 'siteAddedListingNote': False, 'aisleListingNoteWithSplit': False, 'formattedListingNoteDescription': ''}, {'listingNoteId': 2363, 'listingNoteContentId': 4281452, 'formattedListingNoteContent': 'Access to Premium Lounge', 'listingNoteTypeId': 3, 'showToBuyer': True, 'hideInMock': False, 'siteAddedListingNote': False, 'aisleListingNoteWithSplit': False, 'formattedListingNoteDescription': ''}, {'listingNoteId': 1021, 'listingNoteContentId': 2446483, 'formattedListingNoteContent': 'Includes unlimited food and drinks (beer and soft drinks)', 'listingNoteTypeId': 3, 'showToBuyer': True, 'hideInMock': False, 'siteAddedListingNote': False, 'aisleListingNoteWithSplit': False, 'listingNoteDescriptionContentId': 2446484, 'formattedListingNoteDescription': 'Includes unlimited food and drinks (beer and soft drinks)'}, {'listingNoteId': -1, 'listingNoteContentId': 3338094, 'formattedListingNoteContent': 'Clear view', 'listingNoteTypeId': 3, 'showToBuyer': True, 'hideInMock': False, 'siteAddedListingNote': False, 'aisleListingNoteWithSplit': False, 'listingNoteDescriptionContentId': 3338095, 'formattedListingNoteDescription': ""You'll have an unrestricted view of the show.""}]","[{'listingNoteBucketId': 1, 'formattedListingNoteContent': 'VIP packages', 'displayOrder': 1, 'showsRawNoteText': False}, {'listingNoteBucketId': 7, 'formattedListingNoteContent': 'Food & beverages', 'displayOrder': 7, 'showsRawNoteText': False}, {'listingNoteBucketId': 0, 'formattedListingNoteContent': 'Includes food, beer, wine, and non-alcoholic beverages', 'displayOrder': 30, 'showsRawNoteText': True, 'sourceListingNoteId': 2254}, {'listingNoteBucketId': 0, 'formattedListingNoteContent': 'All-Inclusive Food', 'displayOrder': 30, 'showsRawNoteText': True, 'sourceListingNoteId': 2356}, {'listingNoteBucketId': 0, 'formattedListingNoteContent': 'Access to Premium Lounge', 'displayOrder': 30, 'showsRawNoteText': True, 'sourceListingNoteId': 2363}, {'listingNoteBucketId': 27, 'formattedListingNoteContent': 'Clear view', 'displayOrder': 8, 'showsRawNoteText': True, 'sourceListingNoteId': -1}]",2112884,False,False,Row 31,False,4562211,"¥4,562,211","¥4,562,211",10,Mobile Transfer ticket,3,1,USD,JPY,,USD,"https://img.vggcdn.net/img/vfsimage2/812551/594_122799/0.jpg?im=Resize=(500,271)&v=771",6 days ago,2,False,False,False,False,fKg%2bE%2bqRomOS8soo5WJSqsPRxBo%2fUZZsQiAT9Js9NkI%3d,False,2026-07-12T04:55:54.9300000Z,False,False,False,False,False,False,0,False,,False,False,False,False,0,False,False,0,13334390402,False,67FD2F3E-C839-49A1-B5AF-4446D3B7AC2C,False,False,True,1,2.4360141247847285,1.157901689,,,,,"[{'message': 'Popular Pick', 'qualifier': '6 tickets sold for this event', 'hasValue': True, 'messageType': 'BoughtInLastHourSocialProofBased'}, {'message': 'VIP', 'qualifier': 'Premium access and amenities', 'hasValue': True, 'messageType': 'VipTicketAttributeBased'}]",[174],,,,,,,,,,,,,,,,
13386258821,153020449,140,122806,140,2,19,_,,,,False,False,1,,False,False,[1],594,Lower,1,True,"[{'listingNoteId': -1, 'listingNoteContentId': 3338094, 'formattedListingNoteContent': 'Clear view', 'listingNoteTypeId': 3, 'showToBuyer': True, 'hideInMock': False, 'siteAddedListingNote': False, 'aisleListingNoteWithSplit': False, 'listingNoteDescriptionContentId': 3338095, 'formattedListingNoteDescription': ""You'll have an unrestricted view of the show.""}]","[{'listingNoteBucketId': 27, 'formattedListingNoteContent': 'Clear view', 'displayOrder': 8, 'showsRawNoteText': True, 'sourceListingNoteId': -1}]",2113117,False,False,Row 19,False,5063225,"¥5,063,225","¥5,063,225",10,Mobile Transfer ticket,3,1,USD,JPY,0.0,USD,"https://img.vggcdn.net/img/vfsimage2/812551/594_122806/0.jpg?im=Resize=(500,271)&v=771",7 hours ago,7,False,False,False,False,lyTwmnvdI%2fmrfp5O3ltdBlAPUcSW4c%2fyR3W0FuM0Hdc%3d,False,2026-07-17T21:07:11.4530000Z,False,False,False,False,False,False,0,False,,False,False,False,False,0,False,False,0,13386258821,False,E6AD11B1-142C-4EB3-BA8E-123CEA8ECCC5,False,False,True,3,6.616043874297632,2.297465083,,,,,"[{'message': 'Popular Pick', 'qualifier': '6 tickets sold for this event', 'hasValue': True, 'messageType': 'BoughtInLastHourSocialProofBased'}]",[],,,,,,,,,,,,,,,,
13294504662,153020449,236,122863,236,2,3,_,,,,False,False,1,,False,False,[1],471,Middle,1,True,"[{'listingNoteId': 263, 'listingNoteContentId': 2444900, 'formattedListingNoteContent': 'VIP Club', 'listingNoteTypeId': 3, 'showToBuyer': True, 'hideInMock': False, 'siteAddedListingNote': False, 'aisleListingNoteWithSplit': False, 'listingNoteDescriptionContentId': 2444901, 'formattedListingNoteDescription': 'VIP Club - Club opens 90 minutes prior to tipoff and offers access to a lounge area with televisions, plush seating and private restrooms as well as all-inclusive food, draft beer, and house wine'}, {'listingNoteId': 424, 'listingNoteContentId': 2445241, 'formattedListingNoteContent': 'Access to VIP Club', 'listingNoteTypeId': 3, 'showToBuyer': True, 'hideInMock': False, 'siteAddedListingNote': False, 'aisleListingNoteWithSplit': False, 'formattedListingNoteDescription': ''}, {'listingNoteId': 1367, 'listingNoteContentId': 2447255, 'formattedListingNoteContent': 'Includes club access', 'listingNoteTypeId': 3, 'showToBuyer': True, 'hideInMock': False, 'siteAddedListingNote': False, 'aisleListingNoteWithSplit': False, 'listingNoteDescriptionContentId': 2447256, 'formattedListingNoteDescription': 'Includes club access'}, {'listingNoteId': 2027, 'listingNoteContentId': 3415845, 'formattedListingNoteContent': 'Third Row of Section', 'listingNoteTypeId': 6, 'showToBuyer': True, 'hideInMock': False, 'siteAddedListingNote': False, 'aisleListingNoteWithSplit': False, 'listingNoteDescriptionContentId': 3415845, 'formattedListingNoteDescription': 'Third Row of Section'}, {'listingNoteId': -1, 'listingNoteContentId': 3338094, 'formattedListingNoteContent': 'Clear view', 'listingNoteTypeId': 3, 'showToBuyer': True, 'hideInMock': False, 'siteAddedListingNote': False, 'aisleListingNoteWithSplit': False, 'listingNoteDescriptionContentId': 3338095, 'formattedListingNoteDescription': ""You'll have an unrestricted view of the show.""}]","[{'listingNoteBucketId': 1, 'formattedListingNoteContent': 'VIP packages', 'displayOrder': 1, 'showsRawNoteText': False}, {'listingNoteBucketId': 4, 'formattedListingNoteContent': 'Club access', 'displayOrder': 4, 'showsRawNoteText': False}, {'listingNoteBucketId': 14, 'formattedListingNoteContent': 'Third Row of Section', 'displayOrder': 14, 'showsRawNoteText': True, 'sourceListingNoteId': 2027}, {'listingNoteBucketId': 27, 'formattedListingNoteContent': 'Clear view', 'displayOrder': 8, 'showsRawNoteText': True, 'sourceListingNoteId': -1}]",703288,False,False,Row 3,False,5325631,"¥5,325,631","¥5,325,631",10,Mobile Transfer ticket,3,1,USD,JPY,27850.0,USD,"https://img.vggcdn.net/img/vfsimage2/812551/471_122863/0.jpg?im=Resize=(500,271)&v=771",9 days ago,4,False,False,False,False,5TuJ04U1rGIGZk9ZvKPsPHhXKkgMilj%2b6IVA9p7IlIs%3d,False,2026-07-09T02:34:24.4830000Z,False,False,False,False,False,False,0,False,[7],False,False,False,False,0,False,False,0,13294504662,False,47F108BF-4E86-4139-A779-88D0AFE62EE7,False,False,True,2,3.9183461085237594,1.714380036,,,,,"[{'message': 'Popular Pick', 'qualifier': '6 tickets sold for this event', 'hasValue': True, 'messageType': 'BoughtInLastHourSocialProofBased'}, {'message': 'Third Row', 'qualifier': 'Excellent proximity to the action', 'hasValue': True, 'messageType': 'ThirdRowTicketAttributeBased'}]",[2027],,,,Last ticket,True,"¥8,518,078",37.0,"¥3,192,447",,,,,,,,
13386258858,153020449,140,122806,140,2,18,_,,,,False,False,1,,False,False,[1],594,Lower,1,True,"[{'listingNoteId': -1, 'listingNoteContentId': 3338094, 'formattedListingNoteContent': 'Clear view', 'listingNoteTypeId': 3, 'showToBuyer': True, 'hideInMock': False, 'siteAddedListingNote': False, 'aisleListingNoteWithSplit': False, 'listingNoteDescriptionContentId': 3338095, 'formattedListingNoteDescription': ""You'll have an unrestricted view of the show.""}]","[{'listingNoteBucketId': 27, 'formattedListingNoteContent': 'Clear view', 'displayOrder': 8, 'showsRawNoteText': True, 'sourceListingNoteId': -1}]",2113116,False,False,Row 18,False,5349606,"¥5,349,606","¥5,349,606",10,Mobile Transfer ticket,3,1,USD,JPY,22000.0,USD,"https://img.vggcdn.net/img/vfsimage2/812551/594_122806/0.jpg?im=Resize=(500,271)&v=771",7 hours ago,6,False,False,False,False,5iGwa6YUzPfGBiZfHM4xBCf1%2b2BkYtMQCu0fSQRhYBI%3d,False,2026-07-17T21:07:11.7200000Z,False,False,False,False,False,False,0,False,,False,False,False,False,0,False,False,0,13386258858,False,0D0B1157-2273-440A-889C-020E7446301B,False,False,True,3,6.373276540465472,2.35608495,,,,,"[{'message': 'Popular Pick', 'qualifier': '6 tickets sold for this event', 'hasValue': True, 'messageType': 'BoughtInLastHourSocialProofBased'}]",[],,,,,,,,,,,,,,,,
13302234910,153020449,110,122788,110,2,,_,,,,False,False,2,,False,False,"[1, 2]",594,Lower,4,True,"[{'listingNoteId': -1, 'listingNoteContentId': 3338094, 'formattedListingNoteContent': 'Clear view', 'listingNoteTypeId': 3, 'showToBuyer': True, 'hideInMock': False, 'siteAddedListingNote': False, 'aisleListingNoteWithSplit': False, 'listingNoteDescriptionContentId': 3338095, 'formattedListingNoteDescription': ""You'll have an unrestricted view of the show.""}]","[{'listingNoteBucketId': 27, 'formattedListingNoteContent': 'Clear view', 'displayOrder': 8, 'showsRawNoteText': True, 'sourceListingNoteId': -1}]",108742,False,False,Row,True,5352879,"¥5,352,879","¥5,352,879",10,Mobile Transfer ticket,3,1,EUR,JPY,3000.0,EUR,"https://img.vggcdn.net/img/vfsimage2/812551/594_122788/0.jpg?im=Resize=(500,271)&v=771",8 days ago,2,False,False,False,False,aoJm%2f5g3Brvf1jBdpgLPNnZ17CWgKsiFW%2bI1c05esmA%3d,False,2026-07-09T13:45:24.3770000Z,False,False,False,False,False,False,0,False,[7],False,False,False,False,0,False,False,0,13302234910,False,EC809A48-223A-431B-A3FD-AD3C6802267B,False,False,True,1,2.3583922871538205,1.270356317,,,,,"[{'message': 'Popular Pick', 'qualifier': '6 tickets sold for this event', 'hasValue': True, 'messageType': 'BoughtInLastHourSocialProofBased'}]",[],,,,Last tickets,True,"¥6,891,496",22.0,"¥1,538,617",,,,,,,,
13375745056,153020449,235,122862,235,2,8,_,,,,False,False,3,,False,False,"[1, 2, 3]",471,Middle,3,True,"[{'listingNoteId': 263, 'listingNoteContentId': 2444900, 'formattedListingNoteContent': 'VIP Club', 'listingNoteTypeId': 3, 'showToBuyer': True, 'hideInMock': False, 'siteAddedListingNote': False, 'aisleListingNoteWithSplit': False, 'listingNoteDescriptionContentId': 2444901, 'formattedListingNoteDescription': 'VIP Club - Club opens 90 minutes prior to tipoff and offers access to a lounge area with televisions, plush seating and private restrooms as well as all-inclusive food, draft beer, and house wine'}, {'listingNoteId': 424, 'listingNoteContentId': 2445241, 'formattedListingNoteContent': 'Access to VIP Club', 'listingNoteTypeId': 3, 'showToBuyer': True, 'hideInMock': False, 'siteAddedListingNote': False, 'aisleListingNoteWithSplit': False, 'formattedListingNoteDescription': ''}, {'listingNoteId': 1367, 'listingNoteContentId': 2447255, 'formattedListingNoteContent': 'Includes club access', 'listingNoteTypeId': 3, 'showToBuyer': True, 'hideInMock': False, 'siteAddedListingNote': False, 'aisleListingNoteWithSplit': False, 'listingNoteDescriptionContentId': 2447256, 'formattedListingNoteDescription': 'Includes club access'}, {'listingNoteId': -1, 'listingNoteContentId': 3338094, 'formattedListingNoteContent': 'Clear view', 'listingNoteTypeId': 3, 'showToBuyer': True, 'hideInMock': False, 'siteAddedListingNote': False, 'aisleListingNoteWithSplit': False, 'listingNoteDescriptionContentId': 3338095, 'formattedListingNoteDescription': ""You'll have an unrestricted view of the show.""}]","[{'listingNoteBucketId': 1, 'formattedListingNoteContent': 'VIP packages', 'displayOrder': 1, 'showsRawNoteText': False}, {'listingNoteBucketId': 4, 'formattedListingNoteContent': 'Club access', 'displayOrder': 4, 'showsRawNoteText': False}, {'listingNoteBucketId': 27, 'formattedListingNoteContent': 'Clear view', 'displayOrder': 8, 'showsRawNoteText': True, 'sourceListingNoteId': -1}]",703279,False,False,Row 8,False,5417620,"¥5,417,620","¥5,417,620",10,Mobile Transfer ticket,3,1,USD,JPY,27850.0,USD,"https://img.vggcdn.net/img/vfsimage2/812551/471_122862/0.jpg?im=Resize=(500,271)&v=771",yesterday,3,False,False,False,False,UKnjTZwxcVZcr%2b7tg6CwxzzPZad4wqUgn2w2Q73%2fkv4%3d,False,2026-07-16T19:44:14.6730000Z,False,False,False,False,False,False,0,False,,False,False,False,False,0,False,False,0,13375745056,False,C298E291-B26D-4BAF-886F-FD3208DF8C05,False,False,True,2,3.4063679884008504,1.630477694,,,,,"[{'message': 'Popular Pick', 'qualifier': '6 tickets sold for this event', 'hasValue': True, 'messageType': 'BoughtInLastHourSocialProofBased'}]",[],,,,,,,,,,,,,,,,
13386424562,153020449,115A,1530768,115A,2,8,_,,,,False,False,3,,False,False,"[1, 3]",594,Lower,3,True,"[{'listingNoteId': -1, 'listingNoteContentId': 3338094, 'formattedListingNoteContent': 'Clear view', 'listingNoteTypeId': 3, 'showToBuyer': True, 'hideInMock': False, 'siteAddedListingNote': False, 'aisleListingNoteWithSplit': False, 'listingNoteDescriptionContentId': 3338095, 'formattedListingNoteDescription': ""You'll have an unrestricted view of the show.""}]","[{'listingNoteBucketId': 27, 'formattedListingNoteContent': 'Clear view', 'displayOrder': 8, 'showsRawNoteText': True, 'sourceListingNoteId': -1}]",2112509,False,False,Row 8,False,5570936,"¥5,570,936","¥5,570,936",10,Mobile Transfer ticket,3,1,USD,JPY,0.0,USD,"https://img.vggcdn.net/img/vfsimage2/812551/594_1530768/0.jpg?im=Resize=(500,271)&v=771",7 hours ago,6,False,False,False,False,%2be%2b0Q0ZLhl3uldoG8YbvC9ElCCV2rWg8SeKw80Kiei0%3d,False,2026-07-17T21:40:15.1800000Z,False,False,False,False,False,False,0,False,,False,False,False,False,0,False,False,0,13386424562,False,A51A61F0-258F-4BBD-91EA-44D6736A9866,False,False,True,3,6.210968973745383,2.406291563,,,,,"[{'message': 'Popular Pick', 'qualifier': '6 tickets sold for this event', 'hasValue': True, 'messageType': 'BoughtInLastHourSocialProofBased'}]",[],,,,,,,,,,,,,,,,
13382726477,153020449,142,122807,142,2,21,1_6,,,1,False,False,6,,False,False,"[1, 2, 3, 4, 6]",594,Lower,6,True,"[{'listingNoteId': -1, 'listingNoteContentId': 3338094, 'formattedListingNoteContent': 'Clear view', 'listingNoteTypeId': 3, 'showToBuyer': True, 'hideInMock': False, 'siteAddedListingNote': False, 'aisleListingNoteWithSplit': False, 'listingNoteDescriptionContentId': 3338095, 'formattedListingNoteDescription': ""You'll have an unrestricted view of the show.""}]","[{'listingNoteBucketId': 14, 'formattedListingNoteContent': 'Aisle seat', 'displayOrder': 14, 'showsRawNoteText': True, 'sourceListingNoteId': 2024}, {'listingNoteBucketId': 27, 'formattedListingNoteContent': 'Clear view', 'displayOrder': 8, 'showsRawNoteText': True, 'sourceListingNoteId': -1}]",2113147,False,False,Row 21,False,5724252,"¥5,724,252","¥5,724,252",10,Mobile Transfer ticket,3,1,USD,JPY,20000.0,USD,"https://img.vggcdn.net/img/vfsimage2/812551/594_122807/0.jpg?im=Resize=(500,271)&v=771",16 hours ago,4,False,False,False,False,7cXJ1l8X6pL6EVH7OUznQ4Uv6axH%2f529gn9B3oTEpSo%3d,False,2026-07-17T12:50:16.0400000Z,False,False,False,False,False,False,0,False,,False,False,False,False,0,False,False,0,13382726477,False,5DC979ED-7C1C-4D8B-BB2B-2BBC82CAE04F,False,False,True,2,3.878976304610179,1.832898782,,,,,"[{'message': 'Popular Pick', 'qualifier': '6 tickets sold for this event', 'hasValue': True, 'messageType': 'BoughtInLastHourSocialProofBased'}, {'message': 'Aisle Seat', 'qualifier': 'Easy access to your seat', 'hasValue': True, 'messageType': 'AisleSeatTicketAttributeBased'}]",[2024],,,,,,,,,,,,,,,,
13379712171,153020449,235,122862,235,2,4,_,,,,False,False,1,,False,False,[1],471,Middle,1,True,"[{'listingNoteId': 263, 'listingNoteContentId': 2444900, 'formattedListingNoteContent': 'VIP Club', 'listingNoteTypeId': 3, 'showToBuyer': True, 'hideInMock': False, 'siteAddedListingNote': False, 'aisleListingNoteWithSplit': False, 'listingNoteDescriptionContentId': 2444901, 'formattedListingNoteDescription': 'VIP Club - Club opens 90 minutes prior to tipoff and offers access to a lounge area with televisions, plush seating and private restrooms as well as all-inclusive food, draft beer, and house wine'}, {'listingNoteId': 424, 'listingNoteContentId': 2445241, 'formattedListingNoteContent': 'Access to VIP Club', 'listingNoteTypeId': 3, 'showToBuyer': True, 'hideInMock': False, 'siteAddedListingNote': False, 'aisleListingNoteWithSplit': False, 'formattedListingNoteDescription': ''}, {'listingNoteId': 1367, 'listingNoteContentId': 2447255, 'formattedListingNoteContent': 'Includes club access', 'listingNoteTypeId': 3, 'showToBuyer': True, 'hideInMock': False, 'siteAddedListingNote': False, 'aisleListingNoteWithSplit': False, 'listingNoteDescriptionContentId': 2447256, 'formattedListingNoteDescription': 'Includes club access'}, {'listingNoteId': -1, 'listingNoteContentId': 3338094, 'formattedListingNoteContent': 'Clear view', 'listingNoteTypeId': 3, 'showToBuyer': True, 'hideInMock': False, 'siteAddedListingNote': False, 'aisleListingNoteWithSplit': False, 'listingNoteDescriptionContentId': 3338095, 'formattedListingNoteDescription': ""You'll have an unrestricted view of the show.""}]","[{'listingNoteBucketId': 1, 'formattedListingNoteContent': 'VIP packages', 'displayOrder': 1, 'showsRawNoteText': False}, {'listingNoteBucketId': 4, 'formattedListingNoteContent': 'Club access', 'displayOrder': 4, 'showsRawNoteText': False}, {'listingNoteBucketId': 27, 'formattedListingNoteContent': 'Clear view', 'displayOrder': 8, 'showsRawNoteText': True, 'sourceListingNoteId': -1}]",703275,False,False,Row 4,False,6030885,"¥6,030,885","¥6,030,885",10,Mobile Transfer ticket,3,1,USD,JPY,10900.0,USD,"https://img.vggcdn.net/img/vfsimage2/812551/471_122862/0.jpg?im=Resize=(500,271)&v=771",yesterday,3,False,False,False,False,1tMVhLbz4jl1mvaG8rSIfoEA0WZyfkc5cBqqU9T%2fklE%3d,False,2026-07-17T03:59:21.4370000Z,False,False,False,False,False,False,0,False,,False,False,False,False,0,False,False,0,13379712171,False,359B6A14-3BAE-42FB-9499-16965FE6E5AF,False,False,True,2,3.0606640579325477,1.738813636,,,,,"[{'message': 'Popular Pick', 'qualifier': '6 tickets sold for this event', 'hasValue': True, 'messageType': 'BoughtInLastHourSocialProofBased'}]",[],,,,,,"¥9,633,474",37.0,"¥3,602,589",,,,,,,,
13385013255,153020449,6 S51,1538805,6 S51,2,,1_1,1,1,1,False,False,1,,False,False,[1],17328,Suite Level 6 West,1,True,"[{'listingNoteId': 2250, 'listingNoteContentId': 4167698, 'formattedListingNoteContent': 'Partial Suite (Shared)', 'listingNoteTypeId': 3, 'showToBuyer': True, 'hideInMock': False, 'siteAddedListingNote': False, 'aisleListingNoteWithSplit': False, 'listingNoteDescriptionContentId': 4167699, 'formattedListingNoteDescription': 'Partial Suite (Shared)'}, {'listingNoteId': -1, 'listingNoteContentId': 3338094, 'formattedListingNoteContent': 'Clear view', 'listingNoteTypeId': 3, 'showToBuyer': True, 'hideInMock': False, 'siteAddedListingNote': False, 'aisleListingNoteWithSplit': False, 'listingNoteDescriptionContentId': 3338095, 'formattedListingNoteDescription': ""You'll have an unrestricted view of the show.""}]","[{'listingNoteBucketId': 2, 'formattedListingNoteContent': 'Suite access', 'displayOrder': 2, 'showsRawNoteText': False}, {'listingNoteBucketId': 14, 'formattedListingNoteContent': 'Aisle seat', 'displayOrder': 14, 'showsRawNoteText': True, 'sourceListingNoteId': 2024}, {'listingNoteBucketId': 27, 'formattedListingNoteContent': 'Clear view', 'displayOrder': 8, 'showsRawNoteText': True, 'sourceListingNoteId': -1}]",1614189,False,False,Row,True,6038371,"¥6,038,371","¥6,038,371",10,Mobile Transfer ticket,3,1,USD,JPY,0.0,USD,"https://img.vggcdn.net/img/vfsimage2/812551/17328_1538805/0.jpg?im=Resize=(500,271)&v=771",10 hours ago,2,False,False,False,False,SF5OuZU%2fgjWUviu%2fUu%2bwEAOXqVd4o86CxrP33yKA7m0%3d,False,2026-07-17T18:28:20.0100000Z,False,False,False,False,False,False,0,False,,False,False,False,False,0,False,False,0,13385013255,False,30DA7B9C-208A-4E3C-8C11-7C63AE638F32,False,False,True,1,2.46815119750112,1.577970786,,,,,"[{'message': 'Popular Pick', 'qualifier': '6 tickets sold for this event', 'hasValue': True, 'messageType': 'BoughtInLastHourSocialProofBased'}, {'message': 'Aisle Seat', 'qualifier': 'Easy access to your seat', 'hasValue': True, 'messageType': 'AisleSeatTicketAttributeBased'}]",[2024],,,,,,"¥11,713,695",48.0,"¥5,675,324",,,,,,,,
13388320899,153020449,212,122845,212,2,6,_,,,,False,False,6,,False,False,"[1, 2, 3, 4, 6]",471,Middle,6,True,"[{'listingNoteId': 175, 'listingNoteContentId': 2444706, 'formattedListingNoteContent': 'Unlimited Food and Drinks', 'listingNoteTypeId': 3, 'showToBuyer': True, 'hideInMock': False, 'siteAddedListingNote': False, 'aisleListingNoteWithSplit': False, 'listingNoteDescriptionContentId': 2444707, 'formattedListingNoteDescription': 'Includes unlimited food and drinks (beer, wine and soft drinks)'}, {'listingNoteId': 1028, 'listingNoteContentId': 2446497, 'formattedListingNoteContent': 'Includes unlimited food and drinks (beer, wine and liquor)', 'listingNoteTypeId': 3, 'showToBuyer': True, 'hideInMock': False, 'siteAddedListingNote': False, 'aisleListingNoteWithSplit': False, 'listingNoteDescriptionContentId': 2446498, 'formattedListingNoteDescription': 'Includes unlimited food and drinks (beer, wine and liquor)'}, {'listingNoteId': 1021, 'listingNoteContentId': 2446483, 'formattedListingNoteContent': 'Includes unlimited food and drinks (beer and soft drinks)', 'listingNoteTypeId': 3, 'showToBuyer': True, 'hideInMock': False, 'siteAddedListingNote': False, 'aisleListingNoteWithSplit': False, 'listingNoteDescriptionContentId': 2446484, 'formattedListingNoteDescription': 'Includes unlimited food and drinks (beer and soft drinks)'}, {'listingNoteId': -1, 'listingNoteContentId': 3338094, 'formattedListingNoteContent': 'Clear view', 'listingNoteTypeId': 3, 'showToBuyer': True, 'hideInMock': False, 'siteAddedListingNote': False, 'aisleListingNoteWithSplit': False, 'listingNoteDescriptionContentId': 3338095, 'formattedListingNoteDescription': ""You'll have an unrestricted view of the show.""}]","[{'listingNoteBucketId': 7, 'formattedListingNoteContent': 'Food & beverages', 'displayOrder': 7, 'showsRawNoteText': False}, {'listingNoteBucketId': 27, 'formattedListingNoteContent': 'Clear view', 'displayOrder': 8, 'showsRawNoteText': True, 'sourceListingNoteId': -1}]",702878,False,False,Row 6,False,6234273,"¥6,234,273","¥6,234,273",10,Mobile Transfer ticket,3,1,USD,JPY,0.0,USD,"https://img.vggcdn.net/img/vfsimage2/812551/471_122845/0.jpg?im=Resize=(500,271)&v=771",an hour ago,4,False,False,False,False,3GCbo6WahAgAAgqJLmUbfneHDwXiGBGE43t%2bh3Pj3%2bU%3d,False,2026-07-18T03:03:20.3630000Z,False,False,False,False,False,False,0,False,[7],False,False,False,False,0,False,False,0,13388320899,False,A75C0ABC-316C-4741-BAEC-7D3AA4760A7D,False,False,True,2,4.181830197494412,2.082189803,,,,,"[{'message': 'Popular Pick', 'qualifier': '6 tickets sold for this event', 'hasValue': True, 'messageType': 'BoughtInLastHourSocialProofBased'}]",[],,,,Last tickets,True,,,,,,,,,,,
13385013414,153020449,6 S51,1538805,6 S51,2,BARST,14_17,14,17,14,False,False,4,,False,False,"[1, 2, 3, 4]",17328,Suite Level 6 West,4,True,"[{'listingNoteId': 2250, 'listingNoteContentId': 4167698, 'formattedListingNoteContent': 'Partial Suite (Shared)', 'listingNoteTypeId': 3, 'showToBuyer': True, 'hideInMock': False, 'siteAddedListingNote': False, 'aisleListingNoteWithSplit': False, 'listingNoteDescriptionContentId': 4167699, 'formattedListingNoteDescription': 'Partial Suite (Shared)'}, {'listingNoteId': -1, 'listingNoteContentId': 3338094, 'formattedListingNoteContent': 'Clear view', 'listingNoteTypeId': 3, 'showToBuyer': True, 'hideInMock': False, 'siteAddedListingNote': False, 'aisleListingNoteWithSplit': False, 'listingNoteDescriptionContentId': 3338095, 'formattedListingNoteDescription': ""You'll have an unrestricted view of the show.""}]","[{'listingNoteBucketId': 2, 'formattedListingNoteContent': 'Suite access', 'displayOrder': 2, 'showsRawNoteText': False}, {'listingNoteBucketId': 27, 'formattedListingNoteContent': 'Clear view', 'displayOrder': 8, 'showsRawNoteText': True, 'sourceListingNoteId': -1}]",1614189,False,False,Row BARST,True,6427914,"¥6,427,914","¥6,427,914",10,Mobile Transfer ticket,3,1,USD,JPY,0.0,USD,"https://img.vggcdn.net/img/vfsimage2/812551/17328_1538805/0.jpg?im=Resize=(500,271)&v=771",10 hours ago,2,False,False,False,False,OCEpGBuXENxd0fZ8fyBDM%2fGT4gmhEj7oL5YQYa4HFvA%3d,False,2026-07-17T18:28:21.0670000Z,False,False,False,False,False,False,0,False,,False,False,False,False,0,False,False,0,13385013414,False,50328D11-7EAD-4592-8A7F-E6468EB9EC10,False,False,True,1,2.3981272524922916,1.577970786,,,,,"[{'message': 'Popular Pick', 'qualifier': '6 tickets sold for this event', 'hasValue': True, 'messageType': 'BoughtInLastHourSocialProofBased'}]",[],,,,,,"¥11,518,430",44.0,"¥5,090,516",,,,,,,,
13388091339,153020449,111A,1530766,111A,2,7,3_3,3,3,3,False,False,1,,False,False,[1],594,Lower,1,True,"[{'listingNoteId': 165, 'listingNoteContentId': 2444685, 'formattedListingNoteContent': 'Preferred Seating', 'listingNoteTypeId': 3, 'showToBuyer': True, 'hideInMock': False, 'siteAddedListingNote': False, 'aisleListingNoteWithSplit': False, 'listingNoteDescriptionContentId': 2444686, 'formattedListingNoteDescription': 'Preferred Seating'}, {'listingNoteId': 811, 'listingNoteContentId': 2446054, 'formattedListingNoteContent': 'Actual 1st row of the section', 'listingNoteTypeId': 3, 'showToBuyer': True, 'hideInMock': False, 'siteAddedListingNote': False, 'aisleListingNoteWithSplit': False, 'listingNoteDescriptionContentId': 2446055, 'formattedListingNoteDescription': 'Actual 1st row of the section'}, {'listingNoteId': 2271, 'listingNoteContentId': 4178214, 'formattedListingNoteContent': 'Premium Front Row', 'listingNoteTypeId': 3, 'showToBuyer': True, 'hideInMock': False, 'siteAddedListingNote': False, 'aisleListingNoteWithSplit': False, 'formattedListingNoteDescription': ''}, {'listingNoteId': -1, 'listingNoteContentId': 3338094, 'formattedListingNoteContent': 'Clear view', 'listingNoteTypeId': 3, 'showToBuyer': True, 'hideInMock': False, 'siteAddedListingNote': False, 'aisleListingNoteWithSplit': False, 'listingNoteDescriptionContentId': 3338095, 'formattedListingNoteDescription': ""You'll have an unrestricted view of the show.""}]","[{'listingNoteBucketId': 11, 'formattedListingNoteContent': 'Preferred Seating', 'displayOrder': 11, 'showsRawNoteText': True, 'sourceListingNoteId': 165}, {'listingNoteBucketId': 0, 'formattedListingNoteContent': 'Actual 1st row of the section', 'displayOrder': 30, 'showsRawNoteText': True, 'sourceListingNoteId': 811}, {'listingNoteBucketId': 0, 'formattedListingNoteContent': 'Premium Front Row', 'displayOrder': 30, 'showsRawNoteText': True, 'sourceListingNoteId': 2271}, {'listingNoteBucketId': 27, 'formattedListingNoteContent': 'Clear view', 'displayOrder': 8, 'showsRawNoteText': True, 'sourceListingNoteId': -1}]",2112394,False,False,Row 7,False,6436043,"¥6,436,043","¥6,436,043",10,Mobile Transfer ticket,3,1,USD,JPY,0.0,USD,"https://img.vggcdn.net/img/vfsimage2/812551/594_1530766/0.jpg?im=Resize=(500,271)&v=771",3 hours ago,5,False,False,False,False,ER0nX2%2bfrSdF1iBzNF%2b1lXc9uLQ7pLHkfdslL7LglJ0%3d,False,2026-07-18T02:00:15.7470000Z,False,False,False,False,False,False,0,False,,False,False,False,False,0,False,False,0,13388091339,False,6AF53EC6-1A8C-4955-8AD2-6D03E6F79FA3,False,False,True,2,4.632185129062806,2.295656544,,,,,"[{'message': 'Popular Pick', 'qualifier': '6 tickets sold for this event', 'hasValue': True, 'messageType': 'BoughtInLastHourSocialProofBased'}, {'message': 'Front Row', 'qualifier': 'Best seats in the house', 'hasValue': True, 'messageType': 'FirstRowTicketAttributeBased'}]",[811],,,,,,,,,,,,,,,,
13385548354,153020449,115C,1530769,115C,2,3,9_9,9,9,9,False,False,1,,False,False,[1],594,Lower,1,True,"[{'listingNoteId': 2027, 'listingNoteContentId': 3415845, 'formattedListingNoteContent': 'Third Row of Section', 'listingNoteTypeId': 6, 'showToBuyer': True, 'hideInMock': False, 'siteAddedListingNote': False, 'aisleListingNoteWithSplit': False, 'listingNoteDescriptionContentId': 3415845, 'formattedListingNoteDescription': 'Third Row of Section'}, {'listingNoteId': -1, 'listingNoteContentId': 3338094, 'formattedListingNoteContent': 'Clear view', 'listingNoteTypeId': 3, 'showToBuyer': True, 'hideInMock': False, 'siteAddedListingNote': False, 'aisleListingNoteWithSplit': False, 'listingNoteDescriptionContentId': 3338095, 'formattedListingNoteDescription': ""You'll have an unrestricted view of the show.""}]","[{'listingNoteBucketId': 14, 'formattedListingNoteContent': 'Third Row of Section', 'displayOrder': 14, 'showsRawNoteText': True, 'sourceListingNoteId': 2027}, {'listingNoteBucketId': 27, 'formattedListingNoteContent': 'Clear view', 'displayOrder': 8, 'showsRawNoteText': True, 'sourceListingNoteId': -1}]",1641166,False,False,Row 3,False,6593561,"¥6,593,561","¥6,593,561",10,Mobile Transfer ticket,3,1,USD,JPY,,USD,"https://img.vggcdn.net/img/vfsimage2/812551/594_1530769/0.jpg?im=Resize=(500,271)&v=771",9 hours ago,8,False,False,False,False,qrhwp4Ghk39t4NJ005MhWbnEt%2fli9mnXKdaomenjJk0%3d,False,2026-07-17T19:38:06.2870000Z,False,False,False,False,True,False,0,False,[9],False,False,False,False,0,False,False,0,13385548354,False,86D70DCF-DB8A-45EF-B728-82645F2783F3,False,False,True,4,8.416379244525247,3.73766285,,,,,"[{'message': 'Great Value', 'qualifier': 'Based on price, view, seat quality and more', 'hasValue': True, 'messageType': 'ValueBased'}, {'message': 'Popular Pick', 'qualifier': '6 tickets sold for this event', 'hasValue': True, 'messageType': 'BoughtInLastHourSocialProofBased'}, {'message': 'Third Row', 'qualifier': 'Excellent proximity to the action', 'hasValue': True, 'messageType': 'ThirdRowTicketAttributeBased'}]",[2027],,,,,,"¥10,990,545",40.0,"¥4,396,984",,,,,Best view,Best view listing for the selected quantity for this event on our site.,True,6aa8a73f-b069-4147-a316-ffc9e9280c2b
13373727429,153020449,5 S37,1538858,5 S37,2,1,_,,,,False,False,4,,False,False,"[1, 2, 3, 4]",17325,Suite Level 5 East,4,True,"[{'listingNoteId': 11, 'listingNoteContentId': 1038686, 'formattedListingNoteContent': 'Includes VIP pass', 'listingNoteTypeId': 3, 'showToBuyer': True, 'hideInMock': False, 'siteAddedListingNote': False, 'aisleListingNoteWithSplit': False, 'listingNoteDescriptionContentId': 1277351, 'formattedListingNoteDescription': ""A VIP pass gives you great privileges that other ticket holders don't have!""}, {'listingNoteId': 93, 'listingNoteContentId': 1580908, 'formattedListingNoteContent': 'Access to VIP Lounge', 'listingNoteTypeId': 3, 'showToBuyer': True, 'hideInMock': False, 'siteAddedListingNote': False, 'aisleListingNoteWithSplit': False, 'listingNoteDescriptionContentId': 1580909, 'formattedListingNoteDescription': 'Included with the ticket is access to the VIP lounge in the venue.'}, {'listingNoteId': 175, 'listingNoteContentId': 2444706, 'formattedListingNoteContent': 'Unlimited Food and Drinks', 'listingNoteTypeId': 3, 'showToBuyer': True, 'hideInMock': False, 'siteAddedListingNote': False, 'aisleListingNoteWithSplit': False, 'listingNoteDescriptionContentId': 2444707, 'formattedListingNoteDescription': 'Includes unlimited food and drinks (beer, wine and soft drinks)'}, {'listingNoteId': 505, 'listingNoteContentId': 2445404, 'formattedListingNoteContent': 'Premium Seating', 'listingNoteTypeId': 4, 'showToBuyer': True, 'hideInMock': False, 'siteAddedListingNote': False, 'aisleListingNoteWithSplit': False, 'listingNoteDescriptionContentId': 4211339, 'formattedListingNoteDescription': 'Premium Seating'}, {'listingNoteId': 2061, 'listingNoteContentId': 3878124, 'formattedListingNoteContent': 'Premium open bar', 'listingNoteTypeId': 3, 'showToBuyer': True, 'hideInMock': False, 'siteAddedListingNote': False, 'aisleListingNoteWithSplit': False, 'listingNoteDescriptionContentId': 3878125, 'formattedListingNoteDescription': 'Premium open bar'}, {'listingNoteId': 2250, 'listingNoteContentId': 4167698, 'formattedListingNoteContent': 'Partial Suite (Shared)', 'listingNoteTypeId': 3, 'showToBuyer': True, 'hideInMock': False, 'siteAddedListingNote': False, 'aisleListingNoteWithSplit': False, 'listingNoteDescriptionContentId': 4167699, 'formattedListingNoteDescription': 'Partial Suite (Shared)'}, {'listingNoteId': 2267, 'listingNoteContentId': 4177538, 'formattedListingNoteContent': 'VIP Suite', 'listingNoteTypeId': 3, 'showToBuyer': True, 'hideInMock': False, 'siteAddedListingNote': False, 'aisleListingNoteWithSplit': False, 'listingNoteDescriptionContentId': 4177539, 'formattedListingNoteDescription': 'VIP Suite'}, {'listingNoteId': -1, 'listingNoteContentId': 3338094, 'formattedListingNoteContent': 'Clear view', 'listingNoteTypeId': 3, 'showToBuyer': True, 'hideInMock': False, 'siteAddedListingNote': False, 'aisleListingNoteWithSplit': False, 'listingNoteDescriptionContentId': 3338095, 'formattedListingNoteDescription': ""You'll have an unrestricted view of the show.""}]","[{'listingNoteBucketId': 1, 'formattedListingNoteContent': 'VIP packages', 'displayOrder': 1, 'showsRawNoteText': False}, {'listingNoteBucketId': 2, 'formattedListingNoteContent': 'Suite access', 'displayOrder': 2, 'showsRawNoteText': False}, {'listingNoteBucketId': 4, 'formattedListingNoteContent': 'Club access', 'displayOrder': 4, 'showsRawNoteText': False}, {'listingNoteBucketId': 7, 'formattedListingNoteContent': 'Food & beverages', 'displayOrder': 7, 'showsRawNoteText': False}, {'listingNoteBucketId': 8, 'formattedListingNoteContent': 'Food & beverage options', 'displayOrder': 8, 'showsRawNoteText': False}, {'listingNoteBucketId': 15, 'formattedListingNoteContent': 'Premium Seating', 'displayOrder': 15, 'showsRawNoteText': True, 'sourceListingNoteId': 505}, {'listingNoteBucketId': 0, 'formattedListingNoteContent': 'VIP Suite', 'displayOrder': 30, 'showsRawNoteText': True, 'sourceListingNoteId': 2267}, {'listingNoteBucketId': 27, 'formattedListingNoteContent': 'Clear view', 'displayOrder': 8, 'showsRawNoteText': True, 'sourceListingNoteId': -1}]",1614242,False,False,Row 1,True,6669146,"¥6,669,146","¥6,669,146",10,Mobile Transfer ticket,3,1,MXN,JPY,400000.0,MXN,"https://img.vggcdn.net/img/vfsimage2/812551/17325_1538858/0.jpg?im=Resize=(500,271)&v=771",yesterday,3,False,False,False,False,VkbUwrgEU%2fDTHHiiVGQE78UNEZwNnDRIQxe36bEyBGU%3d,False,2026-07-16T16:06:45.6670000Z,False,False,False,False,False,False,0,False,[7],False,False,False,False,0,False,False,0,13373727429,False,88436923-3BC1-489C-B87B-4634C201ABE5,False,False,True,2,2.7576740863023894,1.854322937,,,,,"[{'message': 'Popular Pick', 'qualifier': '6 tickets sold for this event', 'hasValue': True, 'messageType': 'BoughtInLastHourSocialProofBased'}]",[],,,,Last tickets,True,"¥11,001,869",39.0,"¥4,332,723",,,,,,,,
13039179808,153020449,129,122799,129,2,19,20_20,20,20,20,False,False,1,,False,False,[1],594,Lower,1,True,"[{'listingNoteId': 2344, 'listingNoteContentId': 4216766, 'formattedListingNoteContent': 'Includes Offsite Hospitality', 'listingNoteTypeId': 3, 'showToBuyer': True, 'hideInMock': False, 'siteAddedListingNote': False, 'aisleListingNoteWithSplit': False, 'formattedListingNoteDescription': ''}, {'listingNoteId': 1028, 'listingNoteContentId': 2446497, 'formattedListingNoteContent': 'Includes unlimited food and drinks (beer, wine and liquor)', 'listingNoteTypeId': 3, 'showToBuyer': True, 'hideInMock': False, 'siteAddedListingNote': False, 'aisleListingNoteWithSplit': False, 'listingNoteDescriptionContentId': 2446498, 'formattedListingNoteDescription': 'Includes unlimited food and drinks (beer, wine and liquor)'}, {'listingNoteId': 11, 'listingNoteContentId': 1038686, 'formattedListingNoteContent': 'Includes VIP pass', 'listingNoteTypeId': 3, 'showToBuyer': True, 'hideInMock': False, 'siteAddedListingNote': False, 'aisleListingNoteWithSplit': False, 'listingNoteDescriptionContentId': 1277351, 'formattedListingNoteDescription': ""A VIP pass gives you great privileges that other ticket holders don't have!""}, {'listingNoteId': 165, 'listingNoteContentId': 2444685, 'formattedListingNoteContent': 'Preferred Seating', 'listingNoteTypeId': 3, 'showToBuyer': True, 'hideInMock': False, 'siteAddedListingNote': False, 'aisleListingNoteWithSplit': False, 'listingNoteDescriptionContentId': 2444686, 'formattedListingNoteDescription': 'Preferred Seating'}, {'listingNoteId': 2249, 'listingNoteContentId': 4167477, 'formattedListingNoteContent': 'Reserved Seating', 'listingNoteTypeId': 3, 'showToBuyer': True, 'hideInMock': False, 'siteAddedListingNote': False, 'aisleListingNoteWithSplit': False, 'listingNoteDescriptionContentId': 4167478, 'formattedListingNoteDescription': 'Reserved Seating'}, {'listingNoteId': 1723, 'listingNoteContentId': 2731488, 'formattedListingNoteContent': 'Members Only', 'listingNoteTypeId': 2, 'showToBuyer': True, 'hideInMock': False, 'siteAddedListingNote': False, 'aisleListingNoteWithSplit': False, 'listingNoteDescriptionContentId': 2731489, 'formattedListingNoteDescription': 'You need to be a member to buy a ticket in this section.'}, {'listingNoteId': 102, 'listingNoteContentId': 1670084, 'formattedListingNoteContent': 'Resale not allowed', 'listingNoteTypeId': 2, 'showToBuyer': True, 'hideInMock': False, 'siteAddedListingNote': False, 'aisleListingNoteWithSplit': False, 'listingNoteDescriptionContentId': 1670085, 'formattedListingNoteDescription': 'Resale of these tickets is not allowed by the event organiser, and anyone found to be reselling these tickets risks being turned away from the event.'}, {'listingNoteId': 2351, 'listingNoteContentId': 4249194, 'formattedListingNoteContent': 'This ticket cannot be transferred again after you receive it', 'listingNoteTypeId': 2, 'showToBuyer': True, 'hideInMock': False, 'siteAddedListingNote': False, 'aisleListingNoteWithSplit': False, 'listingNoteDescriptionContentId': 4249195, 'formattedListingNoteDescription': 'These tickets will be delivered via the FWC2026 Mobile Tickets app, which restricts subsequent transfer'}, {'listingNoteId': -1, 'listingNoteContentId': 3338094, 'formattedListingNoteContent': 'Clear view', 'listingNoteTypeId': 3, 'showToBuyer': True, 'hideInMock': False, 'siteAddedListingNote': False, 'aisleListingNoteWithSplit': False, 'listingNoteDescriptionContentId': 3338095, 'formattedListingNoteDescription': ""You'll have an unrestricted view of the show.""}]","[{'listingNoteBucketId': 1, 'formattedListingNoteContent': 'VIP packages', 'displayOrder': 1, 'showsRawNoteText': False}, {'listingNoteBucketId': 7, 'formattedListingNoteContent': 'Food & beverages', 'displayOrder': 7, 'showsRawNoteText': False}, {'listingNoteBucketId': 11, 'formattedListingNoteContent': 'Preferred Seating', 'displayOrder': 11, 'showsRawNoteText': True, 'sourceListingNoteId': 165}, {'listingNoteBucketId': 11, 'formattedListingNoteContent': 'Reserved Seating', 'displayOrder': 11, 'showsRawNoteText': True, 'sourceListingNoteId': 2249}, {'listingNoteBucketId': 25, 'formattedListingNoteContent': 'Members Only', 'displayOrder': 25, 'showsRawNoteText': True, 'sourceListingNoteId': 1723}, {'listingNoteBucketId': 25, 'formattedListingNoteContent': 'Resale not allowed', 'displayOrder': 25, 'showsRawNoteText': True, 'sourceListingNoteId': 102}, {'listingNoteBucketId': 0, 'formattedListingNoteContent': 'Includes Offsite Hospitality', 'displayOrder': 30, 'showsRawNoteText': True, 'sourceListingNoteId': 2344}, {'listingNoteBucketId': 0, 'formattedListingNoteContent': 'This ticket cannot be transferred again after you receive it', 'displayOrder': 30, 'showsRawNoteText': True, 'sourceListingNoteId': 2351}, {'listingNoteBucketId': 27, 'formattedListingNoteContent': 'Clear view', 'displayOrder': 8, 'showsRawNoteText': True, 'sourceListingNoteId': -1}]",2112871,False,False,Row 19,False,7018545,"¥7,018,545","¥7,018,545",10,Mobile Transfer ticket,3,1,USD,JPY,,USD,"https://img.vggcdn.net/img/vfsimage2/812551/594_122799/0.jpg?im=Resize=(500,271)&v=771",32 days ago,2,False,False,False,False,6kntfuF5aGGxtY09sPnqFDbr6tIeJje5rwBG9Ik0FSo%3d,False,2026-06-15T23:17:01.4300000Z,False,False,False,False,False,False,0,False,,False,False,False,False,0,False,False,0,13039179808,False,62CE0556-07FB-4583-B277-9EF70005DF37,False,False,True,1,2.1190880643866037,1.387804584,,,,,"[{'message': 'Popular Pick', 'qualifier': '6 tickets sold for this event', 'hasValue': True, 'messageType': 'BoughtInLastHourSocialProofBased'}]",[],,,,,,,,,,,,,,,,
13360117497,153020449,Spain Supporters Premium Tier,2447957,Spain Supporters Premium Tier,2,,_,,,,False,False,4,,False,False,"[1, 2, 3, 4]",1666,Spain Supporters,4,True,"[{'listingNoteId': -1, 'listingNoteContentId': 3338094, 'formattedListingNoteContent': 'Clear view', 'listingNoteTypeId': 3, 'showToBuyer': True, 'hideInMock': False, 'siteAddedListingNote': False, 'aisleListingNoteWithSplit': False, 'listingNoteDescriptionContentId': 3338095, 'formattedListingNoteDescription': ""You'll have an unrestricted view of the show.""}]","[{'listingNoteBucketId': 27, 'formattedListingNoteContent': 'Clear view', 'displayOrder': 8, 'showsRawNoteText': True, 'sourceListingNoteId': -1}]",4847587,False,False,Row,True,7806077,"¥7,806,077","¥7,806,077",10,Mobile Transfer ticket,3,1,EUR,JPY,25.0,EUR,"https://img.vggcdn.net/img/vfsimage2/812551/1666_2447957/0.jpg?im=Resize=(500,271)&v=771",2 days ago,2,False,False,False,False,bQohbdDYJTCxSNURM3ERLHZYXKnum0SCgIJHo1%2bE3cQ%3d,False,2026-07-15T12:25:17.1600000Z,False,False,False,False,False,False,0,False,[7],False,False,False,False,0,False,False,0,13360117497,False,16176BB2-49A3-44F7-B42D-8664750694A8,False,False,True,1,1.8807598391290017,1.325108567,,,,,"[{'message': 'Popular Pick', 'qualifier': '6 tickets sold for this event', 'hasValue': True, 'messageType': 'BoughtInLastHourSocialProofBased'}]",[],,,,Last tickets,True,,,,,,,,,,,
13382694909,153020449,Spain Supporters Value Tier,2447959,Spain Supporters Value Tier,2,,_,,,,False,False,8,,False,False,"[1, 2, 3, 4, 5, 6, 7, 8]",1666,Spain Supporters,8,True,"[{'listingNoteId': -1, 'listingNoteContentId': 3338094, 'formattedListingNoteContent': 'Clear view', 'listingNoteTypeId': 3, 'showToBuyer': True, 'hideInMock': False, 'siteAddedListingNote': False, 'aisleListingNoteWithSplit': False, 'listingNoteDescriptionContentId': 3338095, 'formattedListingNoteDescription': ""You'll have an unrestricted view of the show.""}]","[{'listingNoteBucketId': 27, 'formattedListingNoteContent': 'Clear view', 'displayOrder': 8, 'showsRawNoteText': True, 'sourceListingNoteId': -1}]",4847589,False,False,Row,True,10036257,"¥10,036,257","¥10,036,257",10,Mobile Transfer ticket,3,1,EUR,JPY,10000.0,EUR,"https://img.vggcdn.net/img/vfsimage2/812551/1666_2447959/0.jpg?im=Resize=(500,271)&v=771",16 hours ago,1,False,False,False,False,8msoJuP7voQDbGuetbA76Q3wvBCC4NUKr3dJ2ippVOw%3d,False,2026-07-17T12:40:18.5000000Z,False,False,False,False,False,False,0,False,[7],False,False,False,False,0,False,False,0,13382694909,False,166DD545-026C-4C0B-9DD1-46892066C7D9,False,False,True,1,1.4038418150229433,1.325108567,,,,,"[{'message': 'Popular Pick', 'qualifier': '6 tickets sold for this event', 'hasValue': True, 'messageType': 'BoughtInLastHourSocialProofBased'}]",[],,,,Last tickets,True,,,,,,,,,,,
13369997536,153020449,113,122944,113,2,,_,,,,False,False,1,,False,False,[1],594,Lower,1,True,"[{'listingNoteId': 111, 'listingNoteContentId': 1703554, 'formattedListingNoteContent': 'Event Organiser', 'listingNoteTypeId': 5, 'showToBuyer': True, 'hideInMock': False, 'siteAddedListingNote': False, 'aisleListingNoteWithSplit': False, 'listingNoteDescriptionContentId': 1703553, 'formattedListingNoteDescription': 'the seller is an organiser of the event or a person acting on behalf of an organiser of the event'}, {'listingNoteId': -1, 'listingNoteContentId': 3338094, 'formattedListingNoteContent': 'Clear view', 'listingNoteTypeId': 3, 'showToBuyer': True, 'hideInMock': False, 'siteAddedListingNote': False, 'aisleListingNoteWithSplit': False, 'listingNoteDescriptionContentId': 3338095, 'formattedListingNoteDescription': ""You'll have an unrestricted view of the show.""}]","[{'listingNoteBucketId': 0, 'formattedListingNoteContent': 'Event Organiser', 'displayOrder': 30, 'showsRawNoteText': True, 'sourceListingNoteId': 111}, {'listingNoteBucketId': 27, 'formattedListingNoteContent': 'Clear view', 'displayOrder': 8, 'showsRawNoteText': True, 'sourceListingNoteId': -1}]",108747,False,False,Row,True,11151347,"¥11,151,347","¥11,151,347",10,Mobile Transfer ticket,3,1,EUR,JPY,10000.0,EUR,"https://img.vggcdn.net/img/vfsimage2/812551/594_122944/0.jpg?im=Resize=(500,271)&v=771",yesterday,3,False,False,False,False,YxkmZK9JF79Spkd4PaSd7hRCozLgpUKgZ2SbM3EdEfw%3d,False,2026-07-16T09:26:36.0230000Z,False,False,False,False,False,False,0,False,[7],False,False,False,False,0,False,False,0,13369997536,False,ED1B0932-43D0-4958-9359-9DA23D43DA86,False,False,True,2,3.1037014724304384,3.231938413,,,,,"[{'message': 'Popular Pick', 'qualifier': '6 tickets sold for this event', 'hasValue': True, 'messageType': 'BoughtInLastHourSocialProofBased'}]",[],,,,Last ticket,True,,,,,,,,,,,
