id,eventId,section,sectionId,sectionMapName,sectionType,row,seat,seatFrom,seatTo,seatFromInternal,hasSeatDetails,hasSeatDetailsExpansion,availableTickets,formattedFees,showRecentlySold,showPartnershipLogo,availableQuantities,ticketClass,ticketClassName,maxQuantity,hasListingNotes,listingNotes,listingNoteBuckets,rowId,isUsersListing,isPreUploaded,rowContent,isSpeculativeRow,rawPrice,price,formattedTotalPrice,ticketTypeId,ticketTypeName,ticketTypeGroupId,listingTypeId,listingCurrencyCode,buyerCurrencyCode,faceValueCurrencyCode,vfsUrl,formattedActiveSince,formattedDealScore,isSeatedTogether,showVfsInListing,hideSeatAndRowInfo,isUnmappedSection,aipHash,isMLBVerified,createdDateTime,showCheapestTag,showBestDealTag,showBestDealInSectionTag,showFanFavoriteTag,showBestViewTag,showTopChoiceTag,topChoiceBucket,isMostAffordable,winningMerchTags,suppressedMerchTags,isZoneTicketClass,isSponsored,isSponsoredSecondary,isMirrorListing,crossSellSource,isCheapestListing,isFavorite,aggregateFavorites,listingId,canBeRelisted,listingImpressionId,isBetterValueListing,hasRowLevelVfs,isDealScoreEligibleForDisplay,inventoryListingScore.starRating,inventoryListingScore.dealScore,inventoryListingScore.seatQualityScore,bestSellingInSectionMessage.message,bestSellingInSectionMessage.disclaimer,bestSellingInSectionMessage.hasValue,lastTicketInSectionMessage.message,lastTicketInSectionMessage.hasValue,bestPriceTagMessage.message,bestPriceTagMessage.disclaimer,bestPriceTagMessage.hasValue,bestPriceTagMessage.featureTrackingKey,listingHighlightData.highlightSiteMessagesWithType,listingHighlightData.listingNoteIdsReplacedByHighlight,strikeThroughPrice,strikeThroughDiscountPercent,strikeThroughAmountOff,faceValue,bestDealTagMessage.message,bestDealTagMessage.hasValue,bestDealTagMessage.featureTrackingKey,bestViewTagMessage.message,bestViewTagMessage.disclaimer,bestViewTagMessage.hasValue,bestViewTagMessage.featureTrackingKey
13388100640,153020449,349,122942,349,2,17,13_13,13,13,13,False,False,1,,False,False,[1],407,Upper,1,True,"[{'listingNoteId': -1, 'listingNoteContentId': 3338094, 'formattedListingNoteContent': 'Clear view', 'listingNoteTypeId': 3, 'showToBuyer': True, 'hideInMock': False, 'siteAddedListingNote': False, 'aisleListingNoteWithSplit': False, 'listingNoteDescriptionContentId': 3338095, 'formattedListingNoteDescription': ""You'll have an unrestricted view of the show.""}]","[{'listingNoteBucketId': 27, 'formattedListingNoteContent': 'Clear view', 'displayOrder': 8, 'showsRawNoteText': True, 'sourceListingNoteId': -1}]",2114021,False,False,Row 17,False,1597064,"¥1,597,064","¥1,597,064",10,Mobile Transfer ticket,3,1,USD,JPY,USD,"https://img.vggcdn.net/img/vfsimage2/812551/407_122942/0.jpg?im=Resize=(500,271)&v=771",11 hours ago,7,False,False,False,False,hcWr0E0G0kk3aYdx3lrbuyX6hSTk5roSZ0ZorHll5vI%3d,False,2026-07-18T02:03:33.4600000Z,True,False,False,True,False,False,0,False,[2],"[6, 7]",False,False,False,False,0,True,False,0,13388100640,False,0889C26A-4389-449E-814A-0B04273A77A7,False,False,True,3,6.99,0.7592844362,Fan favorite,This section is in the top 10% of sections for this event when ranked based on a count of successful sales over the past 7 days on our site,True,Last ticket,True,Best price,Lowest priced listing for the selected quantity for this event on our site.,True,6aa8a73f-b069-4147-a316-ffc9e9280c2b,"[{'message': 'Popular Pick', 'qualifier': '11 tickets sold for this event', 'hasValue': True, 'messageType': 'BoughtInLastHourSocialProofBased'}]",[],,,,,,,,,,,
13387500802,153020449,331,122924,331,2,24,28_28,28,28,28,False,False,1,,False,False,[1],407,Upper,1,True,"[{'listingNoteId': -1, 'listingNoteContentId': 3338094, 'formattedListingNoteContent': 'Clear view', 'listingNoteTypeId': 3, 'showToBuyer': True, 'hideInMock': False, 'siteAddedListingNote': False, 'aisleListingNoteWithSplit': False, 'listingNoteDescriptionContentId': 3338095, 'formattedListingNoteDescription': ""You'll have an unrestricted view of the show.""}]","[{'listingNoteBucketId': 27, 'formattedListingNoteContent': 'Clear view', 'displayOrder': 8, 'showsRawNoteText': True, 'sourceListingNoteId': -1}]",2113939,False,False,Row 24,False,1597064,"¥1,597,064","¥1,597,064",10,Mobile Transfer ticket,3,1,USD,JPY,USD,"https://img.vggcdn.net/img/vfsimage2/812551/407_122924/0.jpg?im=Resize=(500,271)&v=771",13 hours ago,7,False,False,False,False,hcWr0E0G0kk3aYdx3lrbuyX6hSTk5roSZ0ZorHll5vI%3d,False,2026-07-17T23:52:41.3300000Z,False,False,False,False,False,False,0,False,,,False,False,False,False,0,True,False,0,13387500802,False,8F610B18-D47B-42C8-8828-900DC3AEC4AA,False,False,True,3,6.65837605555496,0.7285758278,,,,,,,,,,"[{'message': 'Popular Pick', 'qualifier': '11 tickets sold for this event', 'hasValue': True, 'messageType': 'BoughtInLastHourSocialProofBased'}]",[],"¥2,018,730",21.0,"¥421,666",0.0,,,,,,,
13388397345,153020449,327,122920,327,2,21,_,,,,False,False,4,,False,False,"[1, 2, 4]",407,Upper,4,True,"[{'listingNoteId': -1, 'listingNoteContentId': 3338094, 'formattedListingNoteContent': 'Clear view', 'listingNoteTypeId': 3, 'showToBuyer': True, 'hideInMock': False, 'siteAddedListingNote': False, 'aisleListingNoteWithSplit': False, 'listingNoteDescriptionContentId': 3338095, 'formattedListingNoteDescription': ""You'll have an unrestricted view of the show.""}]","[{'listingNoteBucketId': 27, 'formattedListingNoteContent': 'Clear view', 'displayOrder': 8, 'showsRawNoteText': True, 'sourceListingNoteId': -1}]",2113852,False,False,Row 21,False,1601813,"¥1,601,813","¥1,601,813",10,Mobile Transfer ticket,3,1,USD,JPY,USD,"https://img.vggcdn.net/img/vfsimage2/812551/407_122920/0.jpg?im=Resize=(500,271)&v=771",9 hours ago,7,False,False,False,False,AMkxbb3sfIGeKsrOFJGa54Cb9SaIm1QZ7tVw8VxnzZw%3d,False,2026-07-18T03:25:19.0570000Z,False,False,False,False,False,False,0,False,,,False,False,False,False,0,False,False,0,13388397345,False,415A1CBC-18F3-406A-8418-6B088D07A13A,False,False,True,3,6.993210582255318,0.7609051932,,,,,,,,,,"[{'message': 'Popular Pick', 'qualifier': '11 tickets sold for this event', 'hasValue': True, 'messageType': 'BoughtInLastHourSocialProofBased'}]",[],,,,5785.0,,,,,,,
13390355193,153020449,306,122899,306,2,23,_,,,,False,False,1,,False,False,[1],407,Upper,1,True,"[{'listingNoteId': -1, 'listingNoteContentId': 3338094, 'formattedListingNoteContent': 'Clear view', 'listingNoteTypeId': 3, 'showToBuyer': True, 'hideInMock': False, 'siteAddedListingNote': False, 'aisleListingNoteWithSplit': False, 'listingNoteDescriptionContentId': 3338095, 'formattedListingNoteDescription': ""You'll have an unrestricted view of the show.""}]","[{'listingNoteBucketId': 27, 'formattedListingNoteContent': 'Clear view', 'displayOrder': 8, 'showsRawNoteText': True, 'sourceListingNoteId': -1}]",2113698,False,False,Row 23,False,1605252,"¥1,605,252","¥1,605,252",10,Mobile Transfer ticket,3,1,USD,JPY,USD,"https://img.vggcdn.net/img/vfsimage2/812551/407_122899/0.jpg?im=Resize=(500,271)&v=771",an hour ago,7,False,False,False,False,il4nx16%2fOkjx3GyCHBBtivFao8si0mw8JHKJZRd9Zmc%3d,False,2026-07-18T12:08:27.1430000Z,False,False,False,True,False,False,0,False,[6],,False,False,False,False,0,False,False,0,13390355193,False,F4E12F35-791A-4F31-A761-77168942134A,False,False,True,3,6.609340676216847,0.7280853518,Fan favorite,This section is in the top 10% of sections for this event when ranked based on a count of successful sales over the past 7 days on our site,True,,,,,,,"[{'message': 'Popular Pick', 'qualifier': '11 tickets sold for this event', 'hasValue': True, 'messageType': 'BoughtInLastHourSocialProofBased'}]",[],,,,2600.0,,,,,,,
13390480156,153020449,330,122923,330,2,22,_,,,,False,False,1,,False,False,[1],407,Upper,1,True,"[{'listingNoteId': -1, 'listingNoteContentId': 3338094, 'formattedListingNoteContent': 'Clear view', 'listingNoteTypeId': 3, 'showToBuyer': True, 'hideInMock': False, 'siteAddedListingNote': False, 'aisleListingNoteWithSplit': False, 'listingNoteDescriptionContentId': 3338095, 'formattedListingNoteDescription': ""You'll have an unrestricted view of the show.""}]","[{'listingNoteBucketId': 27, 'formattedListingNoteContent': 'Clear view', 'displayOrder': 8, 'showsRawNoteText': True, 'sourceListingNoteId': -1}]",2113917,False,False,Row 22,False,1615502,"¥1,615,502","¥1,615,502",10,Mobile Transfer ticket,3,1,GBP,JPY,GBP,"https://img.vggcdn.net/img/vfsimage2/812551/407_122923/0.jpg?im=Resize=(500,271)&v=771",45 minutes ago,7,False,False,False,False,G%2fvrIVtorsI40mUJjLLp975NxkQ9gmzWOid7P6Z6kSs%3d,False,2026-07-18T12:25:11.3430000Z,False,False,False,False,False,False,0,False,,,False,False,False,False,0,False,False,0,13390480156,False,0705AA25-E9FD-4094-AF19-1B189B152D16,False,False,True,3,6.885172222555696,0.7573236189,,,,,,,,,,"[{'message': 'Popular Pick', 'qualifier': '11 tickets sold for this event', 'hasValue': True, 'messageType': 'BoughtInLastHourSocialProofBased'}]",[],,,,3200.0,,,,,,,
13387139253,153020449,319,122912,319,2,14,9_9,9,9,9,False,False,1,,False,False,[1],407,Upper,1,True,"[{'listingNoteId': -1, 'listingNoteContentId': 3338094, 'formattedListingNoteContent': 'Clear view', 'listingNoteTypeId': 3, 'showToBuyer': True, 'hideInMock': False, 'siteAddedListingNote': False, 'aisleListingNoteWithSplit': False, 'listingNoteDescriptionContentId': 3338095, 'formattedListingNoteDescription': ""You'll have an unrestricted view of the show.""}]","[{'listingNoteBucketId': 27, 'formattedListingNoteContent': 'Clear view', 'displayOrder': 8, 'showsRawNoteText': True, 'sourceListingNoteId': -1}]",703927,False,False,Row 14,False,1623382,"¥1,623,382","¥1,623,382",10,Mobile Transfer ticket,3,1,USD,JPY,USD,"https://img.vggcdn.net/img/vfsimage2/812551/407_122912/0.jpg?im=Resize=(500,271)&v=771",13 hours ago,7,False,False,False,False,73n7IsKcL%2fImh50dIDDsxZ6tBYMC0D4jn6xkbxFKJws%3d,False,2026-07-17T23:11:03.1370000Z,False,False,False,False,False,False,0,False,,,False,False,False,False,0,False,False,0,13387139253,False,7E14BFDC-4F8F-4458-95E4-04E331090CA3,False,False,True,4,7.027427350071536,0.7751677852,,,,,,,,,,"[{'message': 'Great Value', 'qualifier': 'Based on price, view, seat quality and more', 'hasValue': True, 'messageType': 'ValueBased'}, {'message': 'Popular Pick', 'qualifier': '11 tickets sold for this event', 'hasValue': True, 'messageType': 'BoughtInLastHourSocialProofBased'}]",[],,,,0.0,,,,,,,
13385721960,153020449,328,122921,328,2,12,_,,,,False,False,1,,False,False,[1],407,Upper,1,True,"[{'listingNoteId': -1, 'listingNoteContentId': 3338094, 'formattedListingNoteContent': 'Clear view', 'listingNoteTypeId': 3, 'showToBuyer': True, 'hideInMock': False, 'siteAddedListingNote': False, 'aisleListingNoteWithSplit': False, 'listingNoteDescriptionContentId': 3338095, 'formattedListingNoteDescription': ""You'll have an unrestricted view of the show.""}]","[{'listingNoteBucketId': 27, 'formattedListingNoteContent': 'Clear view', 'displayOrder': 8, 'showsRawNoteText': True, 'sourceListingNoteId': -1}]",2113863,False,False,Row 12,False,1624357,"¥1,624,357","¥1,624,357",10,Mobile Transfer ticket,3,1,USD,JPY,USD,"https://img.vggcdn.net/img/vfsimage2/812551/407_122921/0.jpg?im=Resize=(500,271)&v=771",17 hours ago,7,False,False,False,False,us3O%2fCI7JRiAxmsohw2ZRi2r0SML1a00KaLb7yEr4sA%3d,False,2026-07-17T19:51:08.2830000Z,False,False,False,True,False,False,0,False,[6],[7],False,False,False,False,0,False,False,0,13385721960,False,66147A69-A5CA-4FAA-8BBB-DA31115C3DA0,False,False,True,3,6.95513447299998,0.7680119131,Fan favorite,This section is in the top 10% of sections for this event when ranked based on a count of successful sales over the past 7 days on our site,True,Last ticket,True,,,,,"[{'message': 'Popular Pick', 'qualifier': '11 tickets sold for this event', 'hasValue': True, 'messageType': 'BoughtInLastHourSocialProofBased'}]",[],,,,5785.0,,,,,,,
13385425307,153020449,322,122915,322,2,17,_,,,,False,False,1,,False,False,[1],407,Upper,1,True,"[{'listingNoteId': -1, 'listingNoteContentId': 3338094, 'formattedListingNoteContent': 'Clear view', 'listingNoteTypeId': 3, 'showToBuyer': True, 'hideInMock': False, 'siteAddedListingNote': False, 'aisleListingNoteWithSplit': False, 'listingNoteDescriptionContentId': 3338095, 'formattedListingNoteDescription': ""You'll have an unrestricted view of the show.""}]","[{'listingNoteBucketId': 27, 'formattedListingNoteContent': 'Clear view', 'displayOrder': 8, 'showsRawNoteText': True, 'sourceListingNoteId': -1}]",2113738,False,False,Row 17,False,1624357,"¥1,624,357","¥1,624,357",10,Mobile Transfer ticket,3,1,USD,JPY,USD,"https://img.vggcdn.net/img/vfsimage2/812551/407_122915/0.jpg?im=Resize=(500,271)&v=771",17 hours ago,7,False,False,False,False,us3O%2fCI7JRiAxmsohw2ZRi2r0SML1a00KaLb7yEr4sA%3d,False,2026-07-17T19:25:53.1070000Z,False,False,False,True,False,False,0,False,[6],,False,False,False,False,0,False,False,0,13385425307,False,AE838C76-0B25-473B-BAE7-04DBCF1F553E,False,False,True,3,6.707837950099638,0.745394451,Fan favorite,This section has the highest count of successful sales for this event over the past 7 days on our site,True,,,,,,,"[{'message': 'Popular Pick', 'qualifier': '11 tickets sold for this event', 'hasValue': True, 'messageType': 'BoughtInLastHourSocialProofBased'}]",[],,,,5785.0,,,,,,,
13311688111,153020449,348,122941,348,2,24,_,,,,False,False,4,,False,False,"[1, 2, 3, 4]",407,Upper,4,True,"[{'listingNoteId': -1, 'listingNoteContentId': 3338094, 'formattedListingNoteContent': 'Clear view', 'listingNoteTypeId': 3, 'showToBuyer': True, 'hideInMock': False, 'siteAddedListingNote': False, 'aisleListingNoteWithSplit': False, 'listingNoteDescriptionContentId': 3338095, 'formattedListingNoteDescription': ""You'll have an unrestricted view of the show.""}]","[{'listingNoteBucketId': 27, 'formattedListingNoteContent': 'Clear view', 'displayOrder': 8, 'showsRawNoteText': True, 'sourceListingNoteId': -1}]",2114006,False,False,Row 24,False,1624357,"¥1,624,357","¥1,624,357",10,Mobile Transfer ticket,3,1,USD,JPY,USD,"https://img.vggcdn.net/img/vfsimage2/812551/407_122941/0.jpg?im=Resize=(500,271)&v=771",8 days ago,7,False,False,False,False,us3O%2fCI7JRiAxmsohw2ZRi2r0SML1a00KaLb7yEr4sA%3d,False,2026-07-10T07:01:59.2400000Z,False,False,False,False,False,False,0,False,,,False,False,False,False,0,False,False,0,13311688111,False,D8491C31-882F-45C0-A127-A675B0D50952,False,False,True,3,6.515501673375784,0.7287039177,,,,,,,,,,"[{'message': 'Popular Pick', 'qualifier': '11 tickets sold for this event', 'hasValue': True, 'messageType': 'BoughtInLastHourSocialProofBased'}]",[],,,,2790.0,,,,,,,
13376916350,153020449,Upper,1546670,Upper,3,,_,,,,False,False,1,,False,False,[1],407,Upper,1,True,"[{'listingNoteId': -1, 'listingNoteContentId': 3338094, 'formattedListingNoteContent': 'Clear view', 'listingNoteTypeId': 3, 'showToBuyer': True, 'hideInMock': False, 'siteAddedListingNote': False, 'aisleListingNoteWithSplit': False, 'listingNoteDescriptionContentId': 3338095, 'formattedListingNoteDescription': ""You'll have an unrestricted view of the show.""}]","[{'listingNoteBucketId': 27, 'formattedListingNoteContent': 'Clear view', 'displayOrder': 8, 'showsRawNoteText': True, 'sourceListingNoteId': -1}]",1641237,False,False,Row,True,1635664,"¥1,635,664","¥1,635,664",10,Mobile Transfer ticket,3,1,USD,JPY,USD,"https://img.vggcdn.net/img/vfsimage2/812551/407_1546670/0.jpg?im=Resize=(500,271)&v=771",yesterday,0,False,False,True,True,k%2borcJvhgYnlb5qYku3DExDKqHgXpTSxx1J9uyvJAoY%3d,False,2026-07-16T22:05:13.2800000Z,False,False,False,False,False,False,0,False,[7],,False,False,False,False,0,False,False,0,13376916350,False,C433E387-42C6-4FFB-BEBA-04D6ABD4C141,False,False,True,0,,,,,,Last ticket,True,,,,,"[{'message': 'Popular Pick', 'qualifier': '11 tickets sold for this event', 'hasValue': True, 'messageType': 'BoughtInLastHourSocialProofBased'}]",[],,,,,,,,,,,
13364569078,153020449,306,122899,306,2,15,12_15,,,12,False,False,4,,False,False,"[1, 2, 3, 4]",407,Upper,4,True,"[{'listingNoteId': -1, 'listingNoteContentId': 3338094, 'formattedListingNoteContent': 'Clear view', 'listingNoteTypeId': 3, 'showToBuyer': True, 'hideInMock': False, 'siteAddedListingNote': False, 'aisleListingNoteWithSplit': False, 'listingNoteDescriptionContentId': 3338095, 'formattedListingNoteDescription': ""You'll have an unrestricted view of the show.""}]","[{'listingNoteBucketId': 27, 'formattedListingNoteContent': 'Clear view', 'displayOrder': 8, 'showsRawNoteText': True, 'sourceListingNoteId': -1}]",2113690,False,False,Row 15,False,1638574,"¥1,638,574","¥1,638,574",10,Mobile Transfer ticket,3,1,GBP,JPY,GBP,"https://img.vggcdn.net/img/vfsimage2/812551/407_122899/0.jpg?im=Resize=(500,271)&v=771",2 days ago,7,False,False,False,False,CFRDaVvfXQNSpaoaY%2b9%2bK44SJ2MIyaD2hG6zFjd4Eu0%3d,False,2026-07-15T22:36:59.5500000Z,False,False,False,True,False,False,0,False,[6],,False,False,False,False,0,False,False,0,13364569078,False,A14211F3-5209-49D8-8840-27E8EF02A2BE,False,False,True,3,6.7878589293468785,0.7598700443,Fan favorite,This section is in the top 10% of sections for this event when ranked based on a count of successful sales over the past 7 days on our site,True,,,,,,,"[{'message': 'Popular Pick', 'qualifier': '11 tickets sold for this event', 'hasValue': True, 'messageType': 'BoughtInLastHourSocialProofBased'}]",[],,,,4335.0,,,,,,,
13387762186,153020449,321,122914,321,2,17,_,,,,False,False,2,,False,False,"[1, 2]",407,Upper,2,True,"[{'listingNoteId': -1, 'listingNoteContentId': 3338094, 'formattedListingNoteContent': 'Clear view', 'listingNoteTypeId': 3, 'showToBuyer': True, 'hideInMock': False, 'siteAddedListingNote': False, 'aisleListingNoteWithSplit': False, 'listingNoteDescriptionContentId': 3338095, 'formattedListingNoteDescription': ""You'll have an unrestricted view of the show.""}]","[{'listingNoteBucketId': 27, 'formattedListingNoteContent': 'Clear view', 'displayOrder': 8, 'showsRawNoteText': True, 'sourceListingNoteId': -1}]",2113716,False,False,Row 17,False,1643462,"¥1,643,462","¥1,643,462",10,Mobile Transfer ticket,3,1,USD,JPY,USD,"https://img.vggcdn.net/img/vfsimage2/812551/407_122914/0.jpg?im=Resize=(500,271)&v=771",12 hours ago,6,False,False,False,False,FnDNgP9KNLaBm%2bTnaaMxtx6DK7qtQuPbAd%2b1AFOT%2f3k%3d,False,2026-07-18T00:48:16.9930000Z,False,False,False,True,False,False,0,False,[6],[7],False,False,False,False,0,False,False,0,13387762186,False,4AE9D08E-943C-40BE-87F9-35E4B121284E,False,False,True,3,6.294866746074462,0.7190986817,Fan favorite,This section is in the top 10% of sections for this event when ranked based on a count of successful sales over the past 7 days on our site,True,Last tickets,True,,,,,"[{'message': 'Popular Pick', 'qualifier': '11 tickets sold for this event', 'hasValue': True, 'messageType': 'BoughtInLastHourSocialProofBased'}]",[],,,,2600.0,,,,,,,
13389857402,153020449,327,122920,327,2,18,_,,,,False,False,4,,False,False,"[1, 2, 3, 4]",407,Upper,4,True,"[{'listingNoteId': -1, 'listingNoteContentId': 3338094, 'formattedListingNoteContent': 'Clear view', 'listingNoteTypeId': 3, 'showToBuyer': True, 'hideInMock': False, 'siteAddedListingNote': False, 'aisleListingNoteWithSplit': False, 'listingNoteDescriptionContentId': 3338095, 'formattedListingNoteDescription': ""You'll have an unrestricted view of the show.""}]","[{'listingNoteBucketId': 27, 'formattedListingNoteContent': 'Clear view', 'displayOrder': 8, 'showsRawNoteText': True, 'sourceListingNoteId': -1}]",2113849,False,False,Row 18,False,1653014,"¥1,653,014","¥1,653,014",10,Mobile Transfer ticket,3,1,USD,JPY,USD,"https://img.vggcdn.net/img/vfsimage2/812551/407_122920/0.jpg?im=Resize=(500,271)&v=771",3 hours ago,7,False,False,False,False,98Ze9C1XrvN6l2%2bPX7T6FEzT2vYyu2dpiVVRPVkUUlU%3d,False,2026-07-18T09:33:16.1400000Z,False,False,False,False,False,False,0,False,,,False,False,False,False,0,False,False,0,13389857402,False,58A53074-B309-48B2-B061-BA0D5E978249,False,False,True,3,6.87924777650561,0.7751677852,,,,,,,,,,"[{'message': 'Popular Pick', 'qualifier': '11 tickets sold for this event', 'hasValue': True, 'messageType': 'BoughtInLastHourSocialProofBased'}]",[],,,,6000.0,,,,,,,
13286549052,153020449,329,122922,329,2,26,29_29,29,29,29,False,False,1,,False,False,[1],407,Upper,1,True,"[{'listingNoteId': -1, 'listingNoteContentId': 3338094, 'formattedListingNoteContent': 'Clear view', 'listingNoteTypeId': 3, 'showToBuyer': True, 'hideInMock': False, 'siteAddedListingNote': False, 'aisleListingNoteWithSplit': False, 'listingNoteDescriptionContentId': 3338095, 'formattedListingNoteDescription': ""You'll have an unrestricted view of the show.""}]","[{'listingNoteBucketId': 27, 'formattedListingNoteContent': 'Clear view', 'displayOrder': 8, 'showsRawNoteText': True, 'sourceListingNoteId': -1}]",2113899,False,False,Row 26,False,1657985,"¥1,657,985","¥1,657,985",10,Mobile Transfer ticket,3,1,USD,JPY,USD,"https://img.vggcdn.net/img/vfsimage2/812551/407_122922/0.jpg?im=Resize=(500,271)&v=771",9 days ago,6,False,False,False,False,oLL2OxkHRIPD37ZnryBHRl%2fhfkXTqeL9mCQ5eYRyzxk%3d,False,2026-07-08T15:35:11.8600000Z,False,False,False,False,False,False,0,False,[7],,False,False,False,False,0,False,False,0,13286549052,False,29D3C927-B7A9-47B3-B6DC-F08FF30A7CFA,False,False,True,3,6.215232996447785,0.7188976532,,,,Last ticket,True,,,,,"[{'message': 'Popular Pick', 'qualifier': '11 tickets sold for this event', 'hasValue': True, 'messageType': 'BoughtInLastHourSocialProofBased'}]",[],"¥2,653,959",38.0,"¥995,974",,,,,,,,
13364433397,153020449,304,122897,304,2,5,3_3,3,3,3,False,False,1,,False,False,[1],407,Upper,1,True,"[{'listingNoteId': 2025, 'listingNoteContentId': 3415843, 'formattedListingNoteContent': 'Front Row of Section', 'listingNoteTypeId': 6, 'showToBuyer': True, 'hideInMock': False, 'siteAddedListingNote': False, 'aisleListingNoteWithSplit': False, 'listingNoteDescriptionContentId': 3415843, 'formattedListingNoteDescription': 'Front Row of Section'}, {'listingNoteId': -1, 'listingNoteContentId': 3338094, 'formattedListingNoteContent': 'Clear view', 'listingNoteTypeId': 3, 'showToBuyer': True, 'hideInMock': False, 'siteAddedListingNote': False, 'aisleListingNoteWithSplit': False, 'listingNoteDescriptionContentId': 3338095, 'formattedListingNoteDescription': ""You'll have an unrestricted view of the show.""}]","[{'listingNoteBucketId': 14, 'formattedListingNoteContent': 'Front Row of Section', 'displayOrder': 14, 'showsRawNoteText': True, 'sourceListingNoteId': 2025}, {'listingNoteBucketId': 27, 'formattedListingNoteContent': 'Clear view', 'displayOrder': 8, 'showsRawNoteText': True, 'sourceListingNoteId': -1}]",2113658,False,False,Row 5,False,1658473,"¥1,658,473","¥1,658,473",10,Mobile Transfer ticket,3,1,USD,JPY,USD,"https://img.vggcdn.net/img/vfsimage2/812551/407_122897/0.jpg?im=Resize=(500,271)&v=771",2 days ago,7,False,False,False,False,7j8zb63gdNsqc2TlhUocwkRN9v4J4bED86aJoEfXwvY%3d,False,2026-07-15T22:02:03.6100000Z,False,False,False,False,False,False,0,False,[7],,False,False,False,False,0,False,False,0,13364433397,False,8055DD9E-B9B6-40EB-A333-69361A6FC0EC,False,False,True,4,7.055027868712938,0.7951665512,,,,Last ticket,True,,,,,"[{'message': 'Great Value', 'qualifier': 'Based on price, view, seat quality and more', 'hasValue': True, 'messageType': 'ValueBased'}, {'message': 'Popular Pick', 'qualifier': '11 tickets sold for this event', 'hasValue': True, 'messageType': 'BoughtInLastHourSocialProofBased'}, {'message': 'Front Row', 'qualifier': 'Best seats in the house', 'hasValue': True, 'messageType': 'FirstRowTicketAttributeBased'}]",[2025],"¥2,104,209",21.0,"¥445,736",,,,,,,,
13358903655,153020449,Category 3,1989401,Category 3,3,,_,,,,False,False,5,,False,False,"[1, 2, 3, 5]",1247,Category 3,5,True,"[{'listingNoteId': 2309, 'listingNoteContentId': 4186652, 'formattedListingNoteContent': 'Spain Supporters Seats', 'listingNoteTypeId': 4, 'showToBuyer': True, 'hideInMock': False, 'siteAddedListingNote': False, 'aisleListingNoteWithSplit': False, 'listingNoteDescriptionContentId': 4186653, 'formattedListingNoteDescription': 'Spain Supporters Seats'}, {'listingNoteId': -1, 'listingNoteContentId': 3338094, 'formattedListingNoteContent': 'Clear view', 'listingNoteTypeId': 3, 'showToBuyer': True, 'hideInMock': False, 'siteAddedListingNote': False, 'aisleListingNoteWithSplit': False, 'listingNoteDescriptionContentId': 3338095, 'formattedListingNoteDescription': ""You'll have an unrestricted view of the show.""}]","[{'listingNoteBucketId': 0, 'formattedListingNoteContent': 'Spain Supporters Seats', 'displayOrder': 30, 'showsRawNoteText': True, 'sourceListingNoteId': 2309}, {'listingNoteBucketId': 27, 'formattedListingNoteContent': 'Clear view', 'displayOrder': 8, 'showsRawNoteText': True, 'sourceListingNoteId': -1}]",3325460,False,False,Row,True,1673081,"¥1,673,081","¥1,673,081",10,Mobile Transfer ticket,3,1,EUR,JPY,EUR,"https://img.vggcdn.net/img/vfsimage2/812551/1247_1989401/0.jpg?im=Resize=(500,271)&v=771",3 days ago,10,False,False,True,False,wVsjAi3OQ4gsPUZUNhOMm3x%2b5inYcNTShVWVi34Mdsg%3d,False,2026-07-15T09:14:18.7130000Z,False,False,False,False,False,False,0,False,[7],,False,False,False,False,0,False,False,0,13358903655,False,C9064616-B0DD-4C67-B38C-D20B5E5F1AE7,False,False,True,5,9.62861439170966,1.25740229,,,,Last tickets,True,,,,,"[{'message': 'Amazing Value', 'qualifier': 'Based on price, view, seat quality and more', 'hasValue': True, 'messageType': 'ValueBased'}, {'message': 'Popular Pick', 'qualifier': '11 tickets sold for this event', 'hasValue': True, 'messageType': 'BoughtInLastHourSocialProofBased'}]",[],"¥2,220,456",25.0,"¥547,375",1000.0,,,,,,,
13389578750,153020449,204,122837,204,2,13,6_6,,,6,False,False,1,,False,False,[1],471,Middle,1,True,"[{'listingNoteId': -1, 'listingNoteContentId': 3338094, 'formattedListingNoteContent': 'Clear view', 'listingNoteTypeId': 3, 'showToBuyer': True, 'hideInMock': False, 'siteAddedListingNote': False, 'aisleListingNoteWithSplit': False, 'listingNoteDescriptionContentId': 3338095, 'formattedListingNoteDescription': ""You'll have an unrestricted view of the show.""}]","[{'listingNoteBucketId': 27, 'formattedListingNoteContent': 'Clear view', 'displayOrder': 8, 'showsRawNoteText': True, 'sourceListingNoteId': -1}]",702765,False,False,Row 13,False,1678796,"¥1,678,796","¥1,678,796",10,Mobile Transfer ticket,3,1,USD,JPY,USD,"https://img.vggcdn.net/img/vfsimage2/812551/471_122837/0.jpg?im=Resize=(500,271)&v=771",5 hours ago,7,False,False,False,False,9dTrRt4hbLRRnmkcUH45khfDF38UKbteGerU%2bVBsRsk%3d,False,2026-07-18T07:25:55.2400000Z,False,False,False,False,False,False,0,False,,,False,False,False,False,0,False,False,0,13389578750,False,231C1EB1-2BE2-41F6-89AC-C3941779EAEF,False,False,True,4,7.409238901399245,0.8391526436,,,,,,,,,,"[{'message': 'Great Value', 'qualifier': 'Based on price, view, seat quality and more', 'hasValue': True, 'messageType': 'ValueBased'}, {'message': 'Popular Pick', 'qualifier': '11 tickets sold for this event', 'hasValue': True, 'messageType': 'BoughtInLastHourSocialProofBased'}]",[],,,,7380.0,,,,,,,
13371490033,153020449,322,122915,322,2,7,13_13,13,13,13,False,False,1,,False,False,[1],407,Upper,1,True,"[{'listingNoteId': 2027, 'listingNoteContentId': 3415845, 'formattedListingNoteContent': 'Third Row of Section', 'listingNoteTypeId': 6, 'showToBuyer': True, 'hideInMock': False, 'siteAddedListingNote': False, 'aisleListingNoteWithSplit': False, 'listingNoteDescriptionContentId': 3415845, 'formattedListingNoteDescription': 'Third Row of Section'}, {'listingNoteId': -1, 'listingNoteContentId': 3338094, 'formattedListingNoteContent': 'Clear view', 'listingNoteTypeId': 3, 'showToBuyer': True, 'hideInMock': False, 'siteAddedListingNote': False, 'aisleListingNoteWithSplit': False, 'listingNoteDescriptionContentId': 3338095, 'formattedListingNoteDescription': ""You'll have an unrestricted view of the show.""}]","[{'listingNoteBucketId': 14, 'formattedListingNoteContent': 'Third Row of Section', 'displayOrder': 14, 'showsRawNoteText': True, 'sourceListingNoteId': 2027}, {'listingNoteBucketId': 27, 'formattedListingNoteContent': 'Clear view', 'displayOrder': 8, 'showsRawNoteText': True, 'sourceListingNoteId': -1}]",2113750,False,False,Row 7,False,1684790,"¥1,684,790","¥1,684,790",10,Mobile Transfer ticket,3,1,USD,JPY,USD,"https://img.vggcdn.net/img/vfsimage2/812551/407_122915/0.jpg?im=Resize=(500,271)&v=771",2 days ago,7,False,False,False,False,ZOytFfAxbEiqPm6xFTWQ9tMOfS9jLqFY1tVTvIxFVKI%3d,False,2026-07-16T11:59:30.4600000Z,False,False,False,True,False,False,0,False,[6],,False,False,False,False,0,False,False,0,13371490033,False,F772210E-A77D-40A9-B53A-DD0F47F92FB9,False,False,True,3,6.788246023356909,0.781344551,Fan favorite,This section has the highest count of successful sales for this event over the past 7 days on our site,True,,,,,,,"[{'message': 'Popular Pick', 'qualifier': '11 tickets sold for this event', 'hasValue': True, 'messageType': 'BoughtInLastHourSocialProofBased'}, {'message': 'Third Row', 'qualifier': 'Excellent proximity to the action', 'hasValue': True, 'messageType': 'ThirdRowTicketAttributeBased'}]",[2027],,,,,,,,,,,
13389800298,153020449,307,122900,307,2,15,_,,,,False,False,3,,False,False,"[1, 2, 3]",407,Upper,3,True,"[{'listingNoteId': -1, 'listingNoteContentId': 3338094, 'formattedListingNoteContent': 'Clear view', 'listingNoteTypeId': 3, 'showToBuyer': True, 'hideInMock': False, 'siteAddedListingNote': False, 'aisleListingNoteWithSplit': False, 'listingNoteDescriptionContentId': 3338095, 'formattedListingNoteDescription': ""You'll have an unrestricted view of the show.""}]","[{'listingNoteBucketId': 27, 'formattedListingNoteContent': 'Clear view', 'displayOrder': 8, 'showsRawNoteText': True, 'sourceListingNoteId': -1}]",703664,False,False,Row 15,False,1689049,"¥1,689,049","¥1,689,049",10,Mobile Transfer ticket,3,1,EUR,JPY,EUR,"https://img.vggcdn.net/img/vfsimage2/812551/407_122900/0.jpg?im=Resize=(500,271)&v=771",4 hours ago,8,False,False,False,False,5qZ3ezp%2bQAy5CbQh%2bDPluZ98BrKWQjKGrU1PFCBIjv4%3d,False,2026-07-18T09:06:10.3370000Z,False,False,False,False,False,False,0,False,[7],,False,False,False,False,0,False,False,0,13389800298,False,E967597E-DB6E-459D-B318-C426BEDD8A34,False,False,True,4,8.417540630584172,0.9605973662,,,,Last tickets,True,,,,,"[{'message': 'Great Value', 'qualifier': 'Based on price, view, seat quality and more', 'hasValue': True, 'messageType': 'ValueBased'}, {'message': 'Popular Pick', 'qualifier': '11 tickets sold for this event', 'hasValue': True, 'messageType': 'BoughtInLastHourSocialProofBased'}]",[],,,,5000.0,,,,,,,
13345545577,153020449,325,122918,325,2,25,_,,,,False,False,4,,False,False,"[1, 2, 4]",407,Upper,4,True,"[{'listingNoteId': -1, 'listingNoteContentId': 3338094, 'formattedListingNoteContent': 'Clear view', 'listingNoteTypeId': 3, 'showToBuyer': True, 'hideInMock': False, 'siteAddedListingNote': False, 'aisleListingNoteWithSplit': False, 'listingNoteDescriptionContentId': 3338095, 'formattedListingNoteDescription': ""You'll have an unrestricted view of the show.""}]","[{'listingNoteBucketId': 27, 'formattedListingNoteContent': 'Clear view', 'displayOrder': 8, 'showsRawNoteText': True, 'sourceListingNoteId': -1}]",2113812,False,False,Row 25,False,1704645,"¥1,704,645","¥1,704,645",10,Mobile Transfer ticket,3,1,GBP,JPY,GBP,"https://img.vggcdn.net/img/vfsimage2/812551/407_122918/0.jpg?im=Resize=(500,271)&v=771",4 days ago,6,False,False,False,False,Rs47K6F3p4ePnzUpE4FmsHZgWvyy9Q%2b0n9lx%2fgj%2fQbM%3d,False,2026-07-13T21:22:58.8800000Z,False,False,False,False,False,False,0,False,[7],,False,False,False,False,0,False,False,0,13345545577,False,FC7F0AB7-90D2-4C13-9507-F3C0F7A22FE2,False,False,True,3,6.490567144828962,0.7629807491,,,,Last tickets,True,,,,,"[{'message': 'Popular Pick', 'qualifier': '11 tickets sold for this event', 'hasValue': True, 'messageType': 'BoughtInLastHourSocialProofBased'}]",[],,,,3000.0,,,,,,,
13388397353,153020449,327,122920,327,2,18,_,,,,False,False,1,,False,False,[1],407,Upper,1,True,"[{'listingNoteId': -1, 'listingNoteContentId': 3338094, 'formattedListingNoteContent': 'Clear view', 'listingNoteTypeId': 3, 'showToBuyer': True, 'hideInMock': False, 'siteAddedListingNote': False, 'aisleListingNoteWithSplit': False, 'listingNoteDescriptionContentId': 3338095, 'formattedListingNoteDescription': ""You'll have an unrestricted view of the show.""}]","[{'listingNoteBucketId': 27, 'formattedListingNoteContent': 'Clear view', 'displayOrder': 8, 'showsRawNoteText': True, 'sourceListingNoteId': -1}]",2113849,False,False,Row 18,False,1717187,"¥1,717,187","¥1,717,187",10,Mobile Transfer ticket,3,1,USD,JPY,USD,"https://img.vggcdn.net/img/vfsimage2/812551/407_122920/0.jpg?im=Resize=(500,271)&v=771",9 hours ago,7,False,False,False,False,0TNO%2b6BN223eSIKKZk2ODFgl7PlVf9sR%2fUwfK8Cz4Uk%3d,False,2026-07-18T03:25:19.1470000Z,False,False,False,False,False,False,0,False,,,False,False,False,False,0,False,False,0,13388397353,False,3BD0B74D-84F3-4C4E-9681-E3EF753E8BF8,False,False,True,3,6.555446438839765,0.7751677852,,,,,,,,,,"[{'message': 'Popular Pick', 'qualifier': '11 tickets sold for this event', 'hasValue': True, 'messageType': 'BoughtInLastHourSocialProofBased'}]",[],,,,5785.0,,,,,,,
13388397354,153020449,322,122915,322,2,16,_,,,,False,False,1,,False,False,[1],407,Upper,1,True,"[{'listingNoteId': -1, 'listingNoteContentId': 3338094, 'formattedListingNoteContent': 'Clear view', 'listingNoteTypeId': 3, 'showToBuyer': True, 'hideInMock': False, 'siteAddedListingNote': False, 'aisleListingNoteWithSplit': False, 'listingNoteDescriptionContentId': 3338095, 'formattedListingNoteDescription': ""You'll have an unrestricted view of the show.""}]","[{'listingNoteBucketId': 27, 'formattedListingNoteContent': 'Clear view', 'displayOrder': 8, 'showsRawNoteText': True, 'sourceListingNoteId': -1}]",2113737,False,False,Row 16,False,1723988,"¥1,723,988","¥1,723,988",10,Mobile Transfer ticket,3,1,USD,JPY,USD,"https://img.vggcdn.net/img/vfsimage2/812551/407_122915/0.jpg?im=Resize=(500,271)&v=771",9 hours ago,6,False,False,False,False,U%2biB8wiA%2bsml5Kx3cmtwGLtBgXpC4aJXVWKZhdx8dmk%3d,False,2026-07-18T03:25:19.1600000Z,False,False,False,True,False,False,0,False,[6],,False,False,False,False,0,False,False,0,13388397354,False,73366454-71D2-454E-8355-87627D87EB1B,False,False,True,3,6.224032973122245,0.7489143308,Fan favorite,This section has the highest count of successful sales for this event over the past 7 days on our site,True,,,,,,,"[{'message': 'Popular Pick', 'qualifier': '11 tickets sold for this event', 'hasValue': True, 'messageType': 'BoughtInLastHourSocialProofBased'}]",[],,,,5785.0,,,,,,,
13388397355,153020449,330,122923,330,2,17,_,,,,False,False,3,,False,False,"[1, 3]",407,Upper,3,True,"[{'listingNoteId': -1, 'listingNoteContentId': 3338094, 'formattedListingNoteContent': 'Clear view', 'listingNoteTypeId': 3, 'showToBuyer': True, 'hideInMock': False, 'siteAddedListingNote': False, 'aisleListingNoteWithSplit': False, 'listingNoteDescriptionContentId': 3338095, 'formattedListingNoteDescription': ""You'll have an unrestricted view of the show.""}]","[{'listingNoteBucketId': 27, 'formattedListingNoteContent': 'Clear view', 'displayOrder': 8, 'showsRawNoteText': True, 'sourceListingNoteId': -1}]",2113912,False,False,Row 17,False,1728286,"¥1,728,286","¥1,728,286",10,Mobile Transfer ticket,3,1,USD,JPY,USD,"https://img.vggcdn.net/img/vfsimage2/812551/407_122923/0.jpg?im=Resize=(500,271)&v=771",9 hours ago,7,False,False,False,False,x%2bPnxeAbP%2fpdkC%2f0Z%2b%2buFg6x2%2blQMeg%2bwxygVhRhFt4%3d,False,2026-07-18T03:25:19.1630000Z,False,False,False,False,False,False,0,False,,,False,False,False,False,0,False,False,0,13388397355,False,F109B2AE-DF9D-429D-A703-563496531315,False,False,True,3,6.73513041703153,0.7971018778,,,,,,,,,,"[{'message': 'Popular Pick', 'qualifier': '11 tickets sold for this event', 'hasValue': True, 'messageType': 'BoughtInLastHourSocialProofBased'}]",[],,,,5785.0,,,,,,,
13388397347,153020449,347,122940,347,2,17,_,,,,False,False,3,,False,False,"[1, 3]",407,Upper,3,True,"[{'listingNoteId': -1, 'listingNoteContentId': 3338094, 'formattedListingNoteContent': 'Clear view', 'listingNoteTypeId': 3, 'showToBuyer': True, 'hideInMock': False, 'siteAddedListingNote': False, 'aisleListingNoteWithSplit': False, 'listingNoteDescriptionContentId': 3338095, 'formattedListingNoteDescription': ""You'll have an unrestricted view of the show.""}]","[{'listingNoteBucketId': 27, 'formattedListingNoteContent': 'Clear view', 'displayOrder': 8, 'showsRawNoteText': True, 'sourceListingNoteId': -1}]",2113977,False,False,Row 17,False,1736884,"¥1,736,884","¥1,736,884",10,Mobile Transfer ticket,3,1,USD,JPY,USD,"https://img.vggcdn.net/img/vfsimage2/812551/407_122940/0.jpg?im=Resize=(500,271)&v=771",9 hours ago,6,False,False,False,False,xr3blDuQ9PWHRXMdY8WcqrI202IdcKLDD8raAOO8oTw%3d,False,2026-07-18T03:25:19.0800000Z,False,False,False,False,False,False,0,False,,,False,False,False,False,0,False,False,0,13388397347,False,2CA7B719-44D9-471A-B0FE-7D8DEDA06C21,False,False,True,3,6.180296397270877,0.7507841208,,,,,,,,,,"[{'message': 'Popular Pick', 'qualifier': '11 tickets sold for this event', 'hasValue': True, 'messageType': 'BoughtInLastHourSocialProofBased'}]",[],,,,5785.0,,,,,,,
13388397357,153020449,327,122920,327,2,19,_,,,,False,False,3,,False,False,"[1, 3]",407,Upper,3,True,"[{'listingNoteId': -1, 'listingNoteContentId': 3338094, 'formattedListingNoteContent': 'Clear view', 'listingNoteTypeId': 3, 'showToBuyer': True, 'hideInMock': False, 'siteAddedListingNote': False, 'aisleListingNoteWithSplit': False, 'listingNoteDescriptionContentId': 3338095, 'formattedListingNoteDescription': ""You'll have an unrestricted view of the show.""}]","[{'listingNoteBucketId': 27, 'formattedListingNoteContent': 'Clear view', 'displayOrder': 8, 'showsRawNoteText': True, 'sourceListingNoteId': -1}]",2113850,False,False,Row 19,False,1737628,"¥1,737,628","¥1,737,628",10,Mobile Transfer ticket,3,1,USD,JPY,USD,"https://img.vggcdn.net/img/vfsimage2/812551/407_122920/0.jpg?im=Resize=(500,271)&v=771",9 hours ago,6,False,False,False,False,lkfHcQStvCM%2f8wSZLMef3SE%2bVOu2V71zRXpTVmhrnww%3d,False,2026-07-18T03:25:19.1870000Z,False,False,False,False,False,False,0,False,,,False,False,False,False,0,False,False,0,13388397357,False,A1A8F6C7-60E4-4B48-8C8B-F8B60FC29288,False,False,True,3,6.40149678342959,0.7703844537,,,,,,,,,,"[{'message': 'Popular Pick', 'qualifier': '11 tickets sold for this event', 'hasValue': True, 'messageType': 'BoughtInLastHourSocialProofBased'}]",[],,,,5785.0,,,,,,,
13388397356,153020449,322,122915,322,2,16,_,,,,False,False,3,,False,False,"[1, 3]",407,Upper,3,True,"[{'listingNoteId': -1, 'listingNoteContentId': 3338094, 'formattedListingNoteContent': 'Clear view', 'listingNoteTypeId': 3, 'showToBuyer': True, 'hideInMock': False, 'siteAddedListingNote': False, 'aisleListingNoteWithSplit': False, 'listingNoteDescriptionContentId': 3338095, 'formattedListingNoteDescription': ""You'll have an unrestricted view of the show.""}]","[{'listingNoteBucketId': 27, 'formattedListingNoteContent': 'Clear view', 'displayOrder': 8, 'showsRawNoteText': True, 'sourceListingNoteId': -1}]",2113737,False,False,Row 16,False,1745481,"¥1,745,481","¥1,745,481",10,Mobile Transfer ticket,3,1,USD,JPY,USD,"https://img.vggcdn.net/img/vfsimage2/812551/407_122915/0.jpg?im=Resize=(500,271)&v=771",9 hours ago,6,False,False,False,False,9%2bIsd2ES%2fGYzmTyc7pMxSJG9rgx4XIA2gCW%2fYHtiEms%3d,False,2026-07-18T03:25:19.1870000Z,False,False,False,True,False,False,0,False,[6],,False,False,False,False,0,False,False,0,13388397356,False,6C7E32D5-9876-4CF7-8532-B105C0AC2B84,False,False,True,3,6.114352317861284,0.7489143308,Fan favorite,This section has the highest count of successful sales for this event over the past 7 days on our site,True,,,,,,,"[{'message': 'Popular Pick', 'qualifier': '11 tickets sold for this event', 'hasValue': True, 'messageType': 'BoughtInLastHourSocialProofBased'}]",[],,,,5785.0,,,,,,,
13388397313,153020449,327,122920,327,2,21,_,,,,False,False,4,,False,False,"[1, 2, 4]",407,Upper,4,True,"[{'listingNoteId': -1, 'listingNoteContentId': 3338094, 'formattedListingNoteContent': 'Clear view', 'listingNoteTypeId': 3, 'showToBuyer': True, 'hideInMock': False, 'siteAddedListingNote': False, 'aisleListingNoteWithSplit': False, 'listingNoteDescriptionContentId': 3338095, 'formattedListingNoteDescription': ""You'll have an unrestricted view of the show.""}]","[{'listingNoteBucketId': 27, 'formattedListingNoteContent': 'Clear view', 'displayOrder': 8, 'showsRawNoteText': True, 'sourceListingNoteId': -1}]",2113852,False,False,Row 21,False,1754078,"¥1,754,078","¥1,754,078",10,Mobile Transfer ticket,3,1,USD,JPY,USD,"https://img.vggcdn.net/img/vfsimage2/812551/407_122920/0.jpg?im=Resize=(500,271)&v=771",9 hours ago,6,False,False,False,False,bOX2UynCUqTfcMR9GtpIBcforVfqjJrEW5amd6INx80%3d,False,2026-07-18T03:25:18.7200000Z,False,False,False,False,False,False,0,False,,,False,False,False,False,0,False,False,0,13388397313,False,AA1E0298-089B-443F-B6FC-F78A4C6A8024,False,False,True,3,6.211504641514811,0.7609051932,,,,,,,,,,"[{'message': 'Popular Pick', 'qualifier': '11 tickets sold for this event', 'hasValue': True, 'messageType': 'BoughtInLastHourSocialProofBased'}]",[],,,,5785.0,,,,,,,
13388397358,153020449,350,122943,350,2,14,_,,,,False,False,3,,False,False,"[1, 3]",407,Upper,3,True,"[{'listingNoteId': -1, 'listingNoteContentId': 3338094, 'formattedListingNoteContent': 'Clear view', 'listingNoteTypeId': 3, 'showToBuyer': True, 'hideInMock': False, 'siteAddedListingNote': False, 'aisleListingNoteWithSplit': False, 'listingNoteDescriptionContentId': 3338095, 'formattedListingNoteDescription': ""You'll have an unrestricted view of the show.""}]","[{'listingNoteBucketId': 27, 'formattedListingNoteContent': 'Clear view', 'displayOrder': 8, 'showsRawNoteText': True, 'sourceListingNoteId': -1}]",2114040,False,False,Row 14,False,1754078,"¥1,754,078","¥1,754,078",10,Mobile Transfer ticket,3,1,USD,JPY,USD,"https://img.vggcdn.net/img/vfsimage2/812551/407_122943/0.jpg?im=Resize=(500,271)&v=771",9 hours ago,6,False,False,False,False,bOX2UynCUqTfcMR9GtpIBcforVfqjJrEW5amd6INx80%3d,False,2026-07-18T03:25:19.1900000Z,False,False,False,False,False,False,0,False,,,False,False,False,False,0,False,False,0,13388397358,False,749BF622-ED1A-494B-94E9-B874ACEBFEDC,False,False,True,3,6.232764774536203,0.7627462919,,,,,,,,,,"[{'message': 'Popular Pick', 'qualifier': '11 tickets sold for this event', 'hasValue': True, 'messageType': 'BoughtInLastHourSocialProofBased'}]",[],,,,5785.0,,,,,,,
13339886644,153020449,315,122908,315,2,24,19_19,19,19,19,False,False,1,,False,False,[1],407,Upper,1,True,"[{'listingNoteId': -1, 'listingNoteContentId': 3338094, 'formattedListingNoteContent': 'Clear view', 'listingNoteTypeId': 3, 'showToBuyer': True, 'hideInMock': False, 'siteAddedListingNote': False, 'aisleListingNoteWithSplit': False, 'listingNoteDescriptionContentId': 3338095, 'formattedListingNoteDescription': ""You'll have an unrestricted view of the show.""}]","[{'listingNoteBucketId': 27, 'formattedListingNoteContent': 'Clear view', 'displayOrder': 8, 'showsRawNoteText': True, 'sourceListingNoteId': -1}]",703849,False,False,Row 24,False,1754971,"¥1,754,971","¥1,754,971",10,Mobile Transfer ticket,3,1,USD,JPY,USD,"https://img.vggcdn.net/img/vfsimage2/812551/407_122908/0.jpg?im=Resize=(500,271)&v=771",5 days ago,4,False,False,False,False,I4W4RcSUSJ3%2fmuvQEXJkuzE1BlPdJzXjYpMR%2fXqFll4%3d,False,2026-07-12T21:23:20.9400000Z,False,False,False,False,False,False,0,False,[7],,False,False,False,False,0,False,False,0,13339886644,False,A2F2B9A5-01AA-41C0-8F1D-DAEED48435DF,False,False,True,2,4.3031424303808805,0.5982882089,,,,Last ticket,True,,,,,"[{'message': 'Popular Pick', 'qualifier': '11 tickets sold for this event', 'hasValue': True, 'messageType': 'BoughtInLastHourSocialProofBased'}]",[],"¥2,653,931",34.0,"¥898,960",7350.0,,,,,,,
13388397352,153020449,322,122915,322,2,14,_,,,,False,False,3,,False,False,"[1, 3]",407,Upper,3,True,"[{'listingNoteId': -1, 'listingNoteContentId': 3338094, 'formattedListingNoteContent': 'Clear view', 'listingNoteTypeId': 3, 'showToBuyer': True, 'hideInMock': False, 'siteAddedListingNote': False, 'aisleListingNoteWithSplit': False, 'listingNoteDescriptionContentId': 3338095, 'formattedListingNoteDescription': ""You'll have an unrestricted view of the show.""}]","[{'listingNoteBucketId': 27, 'formattedListingNoteContent': 'Clear view', 'displayOrder': 8, 'showsRawNoteText': True, 'sourceListingNoteId': -1}]",2113735,False,False,Row 14,False,1762675,"¥1,762,675","¥1,762,675",10,Mobile Transfer ticket,3,1,USD,JPY,USD,"https://img.vggcdn.net/img/vfsimage2/812551/407_122915/0.jpg?im=Resize=(500,271)&v=771",9 hours ago,6,False,False,False,False,1YiA5%2fwflXeniFv6N%2bIJH%2fTnIe3Mz2%2bfTVtRwYVx6IE%3d,False,2026-07-18T03:25:19.1330000Z,False,False,False,True,False,False,0,False,[6],,False,False,False,False,0,False,False,0,13388397352,False,9CCFFE04-8170-4677-9B8C-B067388AF2BD,False,False,True,3,6.110940491964323,0.7560036315,Fan favorite,This section has the highest count of successful sales for this event over the past 7 days on our site,True,,,,,,,"[{'message': 'Popular Pick', 'qualifier': '11 tickets sold for this event', 'hasValue': True, 'messageType': 'BoughtInLastHourSocialProofBased'}]",[],,,,5785.0,,,,,,,
13390779439,153020449,225A,1530785,225A,2,7,_,,,,False,False,1,,False,False,[1],471,Middle,1,True,"[{'listingNoteId': -1, 'listingNoteContentId': 3338094, 'formattedListingNoteContent': 'Clear view', 'listingNoteTypeId': 3, 'showToBuyer': True, 'hideInMock': False, 'siteAddedListingNote': False, 'aisleListingNoteWithSplit': False, 'listingNoteDescriptionContentId': 3338095, 'formattedListingNoteDescription': ""You'll have an unrestricted view of the show.""}]","[{'listingNoteBucketId': 27, 'formattedListingNoteContent': 'Clear view', 'displayOrder': 8, 'showsRawNoteText': True, 'sourceListingNoteId': -1}]",1593620,False,False,Row 7,False,1767643,"¥1,767,643","¥1,767,643",10,Mobile Transfer ticket,3,1,USD,JPY,USD,"https://img.vggcdn.net/img/vfsimage2/812551/471_1530785/0.jpg?im=Resize=(500,271)&v=771",11 minutes ago,9,False,False,False,False,COtvT8vJAA%2bx01uKxWYUCBH%2b8B1Kj%2fwA5DnyQuljOZc%3d,False,2026-07-18T12:58:37.1400000Z,False,False,False,False,False,False,0,False,,,False,False,False,False,0,False,False,0,13390779439,False,813BDC52-51BD-4938-A868-A3F118051E9C,False,False,True,5,9.048708407501215,1.148351963,,,,,,,,,,"[{'message': 'Amazing Value', 'qualifier': 'Based on price, view, seat quality and more', 'hasValue': True, 'messageType': 'ValueBased'}, {'message': 'Popular Pick', 'qualifier': '11 tickets sold for this event', 'hasValue': True, 'messageType': 'BoughtInLastHourSocialProofBased'}]",[],,,,6000.0,,,,,,,
13388397337,153020449,327,122920,327,2,21,_,,,,False,False,4,,False,False,"[1, 2, 4]",407,Upper,4,True,"[{'listingNoteId': -1, 'listingNoteContentId': 3338094, 'formattedListingNoteContent': 'Clear view', 'listingNoteTypeId': 3, 'showToBuyer': True, 'hideInMock': False, 'siteAddedListingNote': False, 'aisleListingNoteWithSplit': False, 'listingNoteDescriptionContentId': 3338095, 'formattedListingNoteDescription': ""You'll have an unrestricted view of the show.""}]","[{'listingNoteBucketId': 27, 'formattedListingNoteContent': 'Clear view', 'displayOrder': 8, 'showsRawNoteText': True, 'sourceListingNoteId': -1}]",2113852,False,False,Row 21,False,1771272,"¥1,771,272","¥1,771,272",10,Mobile Transfer ticket,3,1,USD,JPY,USD,"https://img.vggcdn.net/img/vfsimage2/812551/407_122920/0.jpg?im=Resize=(500,271)&v=771",9 hours ago,6,False,False,False,False,iVzyidRzX0FzbDoqUoB0UKGuQVMEoNcI92tYraVEqxY%3d,False,2026-07-18T03:25:18.9270000Z,False,False,False,False,False,False,0,False,,,False,False,False,False,0,False,False,0,13388397337,False,D0AEA618-ABEF-4581-A00C-5DD4767E1C33,False,False,True,3,6.12514767701208,0.7609051932,,,,,,,,,,"[{'message': 'Popular Pick', 'qualifier': '11 tickets sold for this event', 'hasValue': True, 'messageType': 'BoughtInLastHourSocialProofBased'}]",[],,,,5785.0,,,,,,,
13388379847,153020449,333,122926,333,2,26,15_15,15,15,15,False,False,1,,False,False,[1],407,Upper,1,True,"[{'listingNoteId': -1, 'listingNoteContentId': 3338094, 'formattedListingNoteContent': 'Clear view', 'listingNoteTypeId': 3, 'showToBuyer': True, 'hideInMock': False, 'siteAddedListingNote': False, 'aisleListingNoteWithSplit': False, 'listingNoteDescriptionContentId': 3338095, 'formattedListingNoteDescription': ""You'll have an unrestricted view of the show.""}]","[{'listingNoteBucketId': 27, 'formattedListingNoteContent': 'Clear view', 'displayOrder': 8, 'showsRawNoteText': True, 'sourceListingNoteId': -1}]",704247,False,False,Row 26,False,1784272,"¥1,784,272","¥1,784,272",10,Mobile Transfer ticket,3,1,USD,JPY,USD,"https://img.vggcdn.net/img/vfsimage2/812551/407_122926/0.jpg?im=Resize=(500,271)&v=771",9 hours ago,5,False,False,False,False,9YkePRFEYtr4fnwaF2BZXPo0jwE4u%2b4uA%2bpLuQz%2bPv4%3d,False,2026-07-18T03:18:00.1200000Z,False,False,False,True,False,False,0,False,[6],[7],False,False,False,False,0,False,False,0,13388379847,False,CC7AFD8A-378E-4BD5-AF45-E1742DE5D7F1,False,False,True,2,4.838575613768088,0.6618378068,Fan favorite,This section is in the top 10% of sections for this event when ranked based on a count of successful sales over the past 7 days on our site,True,Last ticket,True,,,,,"[{'message': 'Popular Pick', 'qualifier': '11 tickets sold for this event', 'hasValue': True, 'messageType': 'BoughtInLastHourSocialProofBased'}]",[],,,,0.0,,,,,,,
13388880121,153020449,204,122837,204,2,11,_,,,,False,False,2,,False,False,"[1, 2]",471,Middle,2,True,"[{'listingNoteId': -1, 'listingNoteContentId': 3338094, 'formattedListingNoteContent': 'Clear view', 'listingNoteTypeId': 3, 'showToBuyer': True, 'hideInMock': False, 'siteAddedListingNote': False, 'aisleListingNoteWithSplit': False, 'listingNoteDescriptionContentId': 3338095, 'formattedListingNoteDescription': ""You'll have an unrestricted view of the show.""}]","[{'listingNoteBucketId': 27, 'formattedListingNoteContent': 'Clear view', 'displayOrder': 8, 'showsRawNoteText': True, 'sourceListingNoteId': -1}]",702763,False,False,Row 11,False,1784590,"¥1,784,590","¥1,784,590",10,Mobile Transfer ticket,3,1,EUR,JPY,EUR,"https://img.vggcdn.net/img/vfsimage2/812551/471_122837/0.jpg?im=Resize=(500,271)&v=771",8 hours ago,7,False,False,False,False,ke8kZC11%2bUl6BrCcsFM9zfluOoEX%2b97N%2f4hD0rb%2f2es%3d,False,2026-07-18T04:51:47.7200000Z,False,False,False,False,False,False,0,False,,,False,False,False,False,0,False,False,0,13388880121,False,57471C7C-8D20-488C-A076-3B4C48E1A699,False,False,True,4,7.431511299563295,0.8945174088,,,,,,,,,,"[{'message': 'Great Value', 'qualifier': 'Based on price, view, seat quality and more', 'hasValue': True, 'messageType': 'ValueBased'}, {'message': 'Popular Pick', 'qualifier': '11 tickets sold for this event', 'hasValue': True, 'messageType': 'BoughtInLastHourSocialProofBased'}]",[],"¥2,534,587",30.0,"¥749,997",10990.0,,,,,,,
13091707010,153020449,320,122913,320,2,18,18_18,18,18,18,False,False,1,,False,False,[1],407,Upper,1,True,"[{'listingNoteId': -1, 'listingNoteContentId': 3338094, 'formattedListingNoteContent': 'Clear view', 'listingNoteTypeId': 3, 'showToBuyer': True, 'hideInMock': False, 'siteAddedListingNote': False, 'aisleListingNoteWithSplit': False, 'listingNoteDescriptionContentId': 3338095, 'formattedListingNoteDescription': ""You'll have an unrestricted view of the show.""}]","[{'listingNoteBucketId': 27, 'formattedListingNoteContent': 'Clear view', 'displayOrder': 8, 'showsRawNoteText': True, 'sourceListingNoteId': -1}]",703953,False,False,Row 18,False,1784804,"¥1,784,804","¥1,784,804",10,Mobile Transfer ticket,3,1,EUR,JPY,EUR,"https://img.vggcdn.net/img/vfsimage2/812551/407_122913/0.jpg?im=Resize=(500,271)&v=771",27 days ago,8,False,False,False,False,kAPiCYOLGxaV2myef1ghbZPc0D3WstTpnBdW43RyGZI%3d,False,2026-06-21T01:36:19.4300000Z,False,False,False,True,False,False,0,False,[6],,False,False,False,False,0,False,False,0,13091707010,False,FED38D70-F4F8-4311-B859-59FA92485EC3,False,False,True,4,7.955180435278183,0.9547966838,Fan favorite,This section is in the top 10% of sections for this event when ranked based on a count of successful sales over the past 7 days on our site,True,,,,,,,"[{'message': 'Great Value', 'qualifier': 'Based on price, view, seat quality and more', 'hasValue': True, 'messageType': 'ValueBased'}, {'message': 'Popular Pick', 'qualifier': '11 tickets sold for this event', 'hasValue': True, 'messageType': 'BoughtInLastHourSocialProofBased'}]",[],"¥3,578,220",50.0,"¥1,793,416",5000.0,,,,,,,
12927493504,153020449,346,122939,346,2,20,10_13,,,10,False,False,4,,False,False,"[1, 2, 3, 4]",407,Upper,4,True,"[{'listingNoteId': -1, 'listingNoteContentId': 3338094, 'formattedListingNoteContent': 'Clear view', 'listingNoteTypeId': 3, 'showToBuyer': True, 'hideInMock': False, 'siteAddedListingNote': False, 'aisleListingNoteWithSplit': False, 'listingNoteDescriptionContentId': 3338095, 'formattedListingNoteDescription': ""You'll have an unrestricted view of the show.""}]","[{'listingNoteBucketId': 27, 'formattedListingNoteContent': 'Clear view', 'displayOrder': 8, 'showsRawNoteText': True, 'sourceListingNoteId': -1}]",2113958,False,False,Row 20,False,1785752,"¥1,785,752","¥1,785,752",10,Mobile Transfer ticket,3,1,USD,JPY,USD,"https://img.vggcdn.net/img/vfsimage2/812551/407_122939/0.jpg?im=Resize=(500,271)&v=771",44 days ago,6,False,False,False,False,QBcM1lQag7M%2bSQznpNV8dk%2b%2fRxJ%2fokcWWWkPbYccaN0%3d,False,2026-06-04T09:19:58.6800000Z,False,False,False,False,False,False,0,False,,,False,False,False,False,0,False,False,0,12927493504,False,D191CDD7-D9EF-4126-A046-56845397E5B9,False,False,True,3,6.182089757436721,0.7720696725,,,,,,,,,,"[{'message': 'Popular Pick', 'qualifier': '11 tickets sold for this event', 'hasValue': True, 'messageType': 'BoughtInLastHourSocialProofBased'}]",[],"¥2,960,255",40.0,"¥1,174,503",3500.0,,,,,,,
13388397350,153020449,327,122920,327,2,20,_,,,,False,False,4,,False,False,"[1, 2, 4]",407,Upper,4,True,"[{'listingNoteId': -1, 'listingNoteContentId': 3338094, 'formattedListingNoteContent': 'Clear view', 'listingNoteTypeId': 3, 'showToBuyer': True, 'hideInMock': False, 'siteAddedListingNote': False, 'aisleListingNoteWithSplit': False, 'listingNoteDescriptionContentId': 3338095, 'formattedListingNoteDescription': ""You'll have an unrestricted view of the show.""}]","[{'listingNoteBucketId': 27, 'formattedListingNoteContent': 'Clear view', 'displayOrder': 8, 'showsRawNoteText': True, 'sourceListingNoteId': -1}]",2113851,False,False,Row 20,False,1805661,"¥1,805,661","¥1,805,661",10,Mobile Transfer ticket,3,1,USD,JPY,USD,"https://img.vggcdn.net/img/vfsimage2/812551/407_122920/0.jpg?im=Resize=(500,271)&v=771",9 hours ago,6,False,False,False,False,9CONSlbWvFTaRUaXlRMEISt%2bjFh3M3pjxVCA0SypnYU%3d,False,2026-07-18T03:25:19.1130000Z,False,False,False,False,False,False,0,False,,,False,False,False,False,0,False,False,0,13388397350,False,F3067EFC-DC59-4B47-B18D-FC603DC95065,False,False,True,3,6.008378573653092,0.7656303158,,,,,,,,,,"[{'message': 'Popular Pick', 'qualifier': '11 tickets sold for this event', 'hasValue': True, 'messageType': 'BoughtInLastHourSocialProofBased'}]",[],,,,5785.0,,,,,,,
13389648182,153020449,345,122938,345,2,22,24_27,,,24,False,False,4,,False,False,"[1, 2, 4]",407,Upper,4,True,"[{'listingNoteId': -1, 'listingNoteContentId': 3338094, 'formattedListingNoteContent': 'Clear view', 'listingNoteTypeId': 3, 'showToBuyer': True, 'hideInMock': False, 'siteAddedListingNote': False, 'aisleListingNoteWithSplit': False, 'listingNoteDescriptionContentId': 3338095, 'formattedListingNoteDescription': ""You'll have an unrestricted view of the show.""}]","[{'listingNoteBucketId': 27, 'formattedListingNoteContent': 'Clear view', 'displayOrder': 8, 'showsRawNoteText': True, 'sourceListingNoteId': -1}]",704504,False,False,Row 22,False,1806892,"¥1,806,892","¥1,806,892",10,Mobile Transfer ticket,3,1,EUR,JPY,EUR,"https://img.vggcdn.net/img/vfsimage2/812551/407_122938/0.jpg?im=Resize=(500,271)&v=771",5 hours ago,7,False,False,False,False,etHI2wB3bx11eglg%2bQJdsF4ad34XG4KlT5ccZEesUyc%3d,False,2026-07-18T08:00:23.5830000Z,False,False,False,False,False,False,0,False,[7],,False,False,False,False,0,False,False,0,13389648182,False,E161428D-DC5F-43B3-8131-AB0BA8B11B26,False,False,True,4,7.458165726565545,0.9086135573,,,,Last tickets,True,,,,,"[{'message': 'Great Value', 'qualifier': 'Based on price, view, seat quality and more', 'hasValue': True, 'messageType': 'ValueBased'}, {'message': 'Popular Pick', 'qualifier': '11 tickets sold for this event', 'hasValue': True, 'messageType': 'BoughtInLastHourSocialProofBased'}]",[],,,,2900.0,,,,,,,
13388397336,153020449,327,122920,327,2,20,_,,,,False,False,4,,False,False,"[1, 2, 4]",407,Upper,4,True,"[{'listingNoteId': -1, 'listingNoteContentId': 3338094, 'formattedListingNoteContent': 'Clear view', 'listingNoteTypeId': 3, 'showToBuyer': True, 'hideInMock': False, 'siteAddedListingNote': False, 'aisleListingNoteWithSplit': False, 'listingNoteDescriptionContentId': 3338095, 'formattedListingNoteDescription': ""You'll have an unrestricted view of the show.""}]","[{'listingNoteBucketId': 27, 'formattedListingNoteContent': 'Clear view', 'displayOrder': 8, 'showsRawNoteText': True, 'sourceListingNoteId': -1}]",2113851,False,False,Row 20,False,1822855,"¥1,822,855","¥1,822,855",10,Mobile Transfer ticket,3,1,USD,JPY,USD,"https://img.vggcdn.net/img/vfsimage2/812551/407_122920/0.jpg?im=Resize=(500,271)&v=771",9 hours ago,6,False,False,False,False,rvRE0QTb9dENN8hV%2bED%2bZgCvYgzkdTSdoTlrfqXEiiU%3d,False,2026-07-18T03:25:18.9030000Z,False,False,False,False,False,False,0,False,,,False,False,False,False,0,False,False,0,13388397336,False,A9ADE06D-4C05-49D5-B992-DD001E014C9F,False,False,True,3,5.92255456511647,0.7656303158,,,,,,,,,,"[{'message': 'Popular Pick', 'qualifier': '11 tickets sold for this event', 'hasValue': True, 'messageType': 'BoughtInLastHourSocialProofBased'}]",[],,,,5785.0,,,,,,,
13389583270,153020449,Category 2,1989400,Category 2,3,,_,,,,False,False,1,,False,False,[1],1246,Category 2,1,True,"[{'listingNoteId': 814, 'listingNoteContentId': 2446060, 'formattedListingNoteContent': 'Limited or Obstructed View (printed on ticket)', 'listingNoteTypeId': 1, 'showToBuyer': True, 'hideInMock': False, 'siteAddedListingNote': False, 'aisleListingNoteWithSplit': False, 'listingNoteDescriptionContentId': 2446061, 'formattedListingNoteDescription': 'Limited or Obstructed View (printed on ticket)'}]","[{'listingNoteBucketId': 21, 'formattedListingNoteContent': 'Limited view', 'displayOrder': 21, 'showsRawNoteText': False}]",3325459,False,False,Row,True,1836098,"¥1,836,098","¥1,836,098",10,Mobile Transfer ticket,3,1,EUR,JPY,EUR,"https://img.vggcdn.net/img/vfsimage2/812551/1246_1989400/0.jpg?im=Resize=(500,271)&v=771",5 hours ago,10,False,False,True,False,87twH%2bE50VZ%2fkD7Afj750hvBbGpvUN7Cl0w9dXk9yKw%3d,False,2026-07-18T07:28:10.9430000Z,False,False,False,False,False,False,0,False,[7],,False,False,False,False,0,False,False,0,13389583270,False,55D24176-AF91-47DA-B187-3504391C0E8A,False,False,True,5,9.61490700767758,1.374851954,,,,Last ticket,True,,,,,"[{'message': 'Amazing Value', 'qualifier': 'Based on price, view, seat quality and more', 'hasValue': True, 'messageType': 'ValueBased'}, {'message': 'Popular Pick', 'qualifier': '11 tickets sold for this event', 'hasValue': True, 'messageType': 'BoughtInLastHourSocialProofBased'}]",[],,,,6450.0,,,,,,,
13388050026,153020449,335,122928,335,2,17,_,,,,False,False,3,,False,False,"[1, 3]",407,Upper,3,True,"[{'listingNoteId': -1, 'listingNoteContentId': 3338094, 'formattedListingNoteContent': 'Clear view', 'listingNoteTypeId': 3, 'showToBuyer': True, 'hideInMock': False, 'siteAddedListingNote': False, 'aisleListingNoteWithSplit': False, 'listingNoteDescriptionContentId': 3338095, 'formattedListingNoteDescription': ""You'll have an unrestricted view of the show.""}]","[{'listingNoteBucketId': 27, 'formattedListingNoteContent': 'Clear view', 'displayOrder': 8, 'showsRawNoteText': True, 'sourceListingNoteId': -1}]",704282,False,False,Row 17,False,1836999,"¥1,836,999","¥1,836,999",10,Mobile Transfer ticket,3,1,EUR,JPY,EUR,"https://img.vggcdn.net/img/vfsimage2/812551/407_122928/0.jpg?im=Resize=(500,271)&v=771",11 hours ago,6,False,False,False,False,49Es8pL%2fLZf3UXhAfiJngKJ53Dhj29j0IYyK2HUxxCM%3d,False,2026-07-18T01:48:43.9600000Z,False,False,False,False,False,False,0,False,[7],,False,False,False,False,0,False,False,0,13388050026,False,3AA1CA6B-DF53-44E2-BB59-FD6FF8F2FD9B,False,False,True,3,6.293534376851181,0.804376279,,,,Last tickets,True,,,,,"[{'message': 'Popular Pick', 'qualifier': '11 tickets sold for this event', 'hasValue': True, 'messageType': 'BoughtInLastHourSocialProofBased'}]",[],,,,7380.0,,,,,,,
13364451805,153020449,348,122941,348,2,16,_,,,,False,False,4,,False,False,"[1, 2, 4]",407,Upper,4,True,"[{'listingNoteId': -1, 'listingNoteContentId': 3338094, 'formattedListingNoteContent': 'Clear view', 'listingNoteTypeId': 3, 'showToBuyer': True, 'hideInMock': False, 'siteAddedListingNote': False, 'aisleListingNoteWithSplit': False, 'listingNoteDescriptionContentId': 3338095, 'formattedListingNoteDescription': ""You'll have an unrestricted view of the show.""}]","[{'listingNoteBucketId': 27, 'formattedListingNoteContent': 'Clear view', 'displayOrder': 8, 'showsRawNoteText': True, 'sourceListingNoteId': -1}]",2113998,False,False,Row 16,False,1839824,"¥1,839,824","¥1,839,824",10,Mobile Transfer ticket,3,1,USD,JPY,USD,"https://img.vggcdn.net/img/vfsimage2/812551/407_122941/0.jpg?im=Resize=(500,271)&v=771",2 days ago,6,False,False,False,False,paI1AJjpWV8jOC8MOgB8%2fdlZRgv0S773bYdZuhqlQbs%3d,False,2026-07-15T22:05:22.3470000Z,False,False,False,False,False,False,0,False,,,False,False,False,False,0,False,False,0,13364451805,False,BAC56F9E-75A9-49E5-8C88-2BD859C92092,False,False,True,3,5.718722399656023,0.7558231346,,,,,,,,,,"[{'message': 'Popular Pick', 'qualifier': '11 tickets sold for this event', 'hasValue': True, 'messageType': 'BoughtInLastHourSocialProofBased'}]",[],,,,5785.0,,,,,,,
13388397340,153020449,327,122920,327,2,20,_,,,,False,False,4,,False,False,"[1, 2, 4]",407,Upper,4,True,"[{'listingNoteId': -1, 'listingNoteContentId': 3338094, 'formattedListingNoteContent': 'Clear view', 'listingNoteTypeId': 3, 'showToBuyer': True, 'hideInMock': False, 'siteAddedListingNote': False, 'aisleListingNoteWithSplit': False, 'listingNoteDescriptionContentId': 3338095, 'formattedListingNoteDescription': ""You'll have an unrestricted view of the show.""}]","[{'listingNoteBucketId': 27, 'formattedListingNoteContent': 'Clear view', 'displayOrder': 8, 'showsRawNoteText': True, 'sourceListingNoteId': -1}]",2113851,False,False,Row 20,False,1840050,"¥1,840,050","¥1,840,050",10,Mobile Transfer ticket,3,1,USD,JPY,USD,"https://img.vggcdn.net/img/vfsimage2/812551/407_122920/0.jpg?im=Resize=(500,271)&v=771",9 hours ago,6,False,False,False,False,vUBzHo4KpWkGYsLg2WrWjPsmYhjWCusw805ScEf95BQ%3d,False,2026-07-18T03:25:19.0000000Z,False,False,False,False,False,False,0,False,,,False,False,False,False,0,False,False,0,13388397340,False,049EB5E5-5763-47CB-B906-4FCD1F3E7F71,False,False,True,3,5.836724566629504,0.7656303158,,,,,,,,,,"[{'message': 'Popular Pick', 'qualifier': '11 tickets sold for this event', 'hasValue': True, 'messageType': 'BoughtInLastHourSocialProofBased'}]",[],,,,5785.0,,,,,,,
13386324506,153020449,310,122903,310,2,20,_,,,,False,False,4,,False,False,"[1, 2, 3, 4]",407,Upper,4,True,"[{'listingNoteId': -1, 'listingNoteContentId': 3338094, 'formattedListingNoteContent': 'Clear view', 'listingNoteTypeId': 3, 'showToBuyer': True, 'hideInMock': False, 'siteAddedListingNote': False, 'aisleListingNoteWithSplit': False, 'listingNoteDescriptionContentId': 3338095, 'formattedListingNoteDescription': ""You'll have an unrestricted view of the show.""}]","[{'listingNoteBucketId': 27, 'formattedListingNoteContent': 'Clear view', 'displayOrder': 8, 'showsRawNoteText': True, 'sourceListingNoteId': -1}]",703735,False,False,Row 20,False,1840345,"¥1,840,345","¥1,840,345",10,Mobile Transfer ticket,3,1,EUR,JPY,EUR,"https://img.vggcdn.net/img/vfsimage2/812551/407_122903/0.jpg?im=Resize=(500,271)&v=771",15 hours ago,5,False,False,False,False,mQVwbOKhTXAjfuGXQWqZHoTzHrss9Z5GXG%2bEWNpwt%2bU%3d,False,2026-07-17T21:20:55.5370000Z,False,False,False,False,False,False,0,False,[7],,False,False,False,False,0,False,False,0,13386324506,False,F1665F47-AF57-494B-A841-CD6873963399,False,False,True,3,5.020045799417642,0.7032113034,,,,Last tickets,True,,,,,"[{'message': 'Popular Pick', 'qualifier': '11 tickets sold for this event', 'hasValue': True, 'messageType': 'BoughtInLastHourSocialProofBased'}]",[],,,,1222.0,,,,,,,
13318315128,153020449,311,122904,311,2,21,_,,,,False,False,4,,False,False,"[1, 2, 3, 4]",407,Upper,4,True,"[{'listingNoteId': -1, 'listingNoteContentId': 3338094, 'formattedListingNoteContent': 'Clear view', 'listingNoteTypeId': 3, 'showToBuyer': True, 'hideInMock': False, 'siteAddedListingNote': False, 'aisleListingNoteWithSplit': False, 'listingNoteDescriptionContentId': 3338095, 'formattedListingNoteDescription': ""You'll have an unrestricted view of the show.""}]","[{'listingNoteBucketId': 27, 'formattedListingNoteContent': 'Clear view', 'displayOrder': 8, 'showsRawNoteText': True, 'sourceListingNoteId': -1}]",703758,False,False,Row 21,False,1840345,"¥1,840,345","¥1,840,345",10,Mobile Transfer ticket,3,1,EUR,JPY,EUR,"https://img.vggcdn.net/img/vfsimage2/812551/407_122904/0.jpg?im=Resize=(500,271)&v=771",7 days ago,5,False,False,False,False,mQVwbOKhTXAjfuGXQWqZHoTzHrss9Z5GXG%2bEWNpwt%2bU%3d,False,2026-07-10T19:24:07.4600000Z,False,False,False,False,False,False,0,False,,,False,False,False,False,0,False,False,0,13318315128,False,ECE68B8B-DD4F-489D-96CF-DCFA37C3A9DC,False,False,True,2,4.545811392063104,0.6512872162,,,,,,,,,,"[{'message': 'Popular Pick', 'qualifier': '11 tickets sold for this event', 'hasValue': True, 'messageType': 'BoughtInLastHourSocialProofBased'}]",[],,,,1222.0,,,,,,,
13388198710,153020449,305,122898,305,2,25,29_29,29,29,29,False,False,1,,False,False,[1],407,Upper,1,True,"[{'listingNoteId': -1, 'listingNoteContentId': 3338094, 'formattedListingNoteContent': 'Clear view', 'listingNoteTypeId': 3, 'showToBuyer': True, 'hideInMock': False, 'siteAddedListingNote': False, 'aisleListingNoteWithSplit': False, 'listingNoteDescriptionContentId': 3338095, 'formattedListingNoteDescription': ""You'll have an unrestricted view of the show.""}]","[{'listingNoteBucketId': 27, 'formattedListingNoteContent': 'Clear view', 'displayOrder': 8, 'showsRawNoteText': True, 'sourceListingNoteId': -1}]",2113678,False,False,Row 25,False,1842698,"¥1,842,698","¥1,842,698",10,Mobile Transfer ticket,3,1,USD,JPY,USD,"https://img.vggcdn.net/img/vfsimage2/812551/407_122898/0.jpg?im=Resize=(500,271)&v=771",10 hours ago,5,False,False,False,False,rlofZD1najO4oo1%2fZOrIFZV0fQ%2bHkDk2kSOkvAi0RE8%3d,False,2026-07-18T02:26:44.9100000Z,False,False,False,True,False,False,0,False,[6],,False,False,False,False,0,False,False,0,13388198710,False,7F90A8B7-0A83-4FF8-B083-4C4357CBA018,False,False,True,2,4.841425276940645,0.6838354225,Fan favorite,This section is in the top 10% of sections for this event when ranked based on a count of successful sales over the past 7 days on our site,True,,,,,,,"[{'message': 'Popular Pick', 'qualifier': '11 tickets sold for this event', 'hasValue': True, 'messageType': 'BoughtInLastHourSocialProofBased'}]",[],,,,5785.0,,,,,,,
13388397344,153020449,327,122920,327,2,20,_,,,,False,False,4,,False,False,"[1, 2, 4]",407,Upper,4,True,"[{'listingNoteId': -1, 'listingNoteContentId': 3338094, 'formattedListingNoteContent': 'Clear view', 'listingNoteTypeId': 3, 'showToBuyer': True, 'hideInMock': False, 'siteAddedListingNote': False, 'aisleListingNoteWithSplit': False, 'listingNoteDescriptionContentId': 3338095, 'formattedListingNoteDescription': ""You'll have an unrestricted view of the show.""}]","[{'listingNoteBucketId': 27, 'formattedListingNoteContent': 'Clear view', 'displayOrder': 8, 'showsRawNoteText': True, 'sourceListingNoteId': -1}]",2113851,False,False,Row 20,False,1857244,"¥1,857,244","¥1,857,244",10,Mobile Transfer ticket,3,1,USD,JPY,USD,"https://img.vggcdn.net/img/vfsimage2/812551/407_122920/0.jpg?im=Resize=(500,271)&v=771",9 hours ago,6,False,False,False,False,1hK%2fhw%2bMsrDEIEvrRQ%2fmbkRCcMhjs4lfEojjQ8lhts8%3d,False,2026-07-18T03:25:19.0530000Z,False,False,False,False,False,False,0,False,,,False,False,False,False,0,False,False,0,13388397344,False,3537E3EE-8ABF-418E-B0EE-7D2369E277DA,False,False,True,3,5.750894568142537,0.7656303158,,,,,,,,,,"[{'message': 'Popular Pick', 'qualifier': '11 tickets sold for this event', 'hasValue': True, 'messageType': 'BoughtInLastHourSocialProofBased'}]",[],,,,5785.0,,,,,,,
13311781074,153020449,305,122898,305,2,17,_,,,,False,False,7,,False,False,"[1, 2, 3, 4, 5, 6, 7]",407,Upper,7,True,"[{'listingNoteId': -1, 'listingNoteContentId': 3338094, 'formattedListingNoteContent': 'Clear view', 'listingNoteTypeId': 3, 'showToBuyer': True, 'hideInMock': False, 'siteAddedListingNote': False, 'aisleListingNoteWithSplit': False, 'listingNoteDescriptionContentId': 3338095, 'formattedListingNoteDescription': ""You'll have an unrestricted view of the show.""}]","[{'listingNoteBucketId': 27, 'formattedListingNoteContent': 'Clear view', 'displayOrder': 8, 'showsRawNoteText': True, 'sourceListingNoteId': -1}]",2113670,False,False,Row 17,False,1859346,"¥1,859,346","¥1,859,346",10,Mobile Transfer ticket,3,1,USD,JPY,USD,"https://img.vggcdn.net/img/vfsimage2/812551/407_122898/0.jpg?im=Resize=(500,271)&v=771",8 days ago,5,False,False,False,False,pauQwETDdYSXPytiXWNwmgGKE1ZOk3sBU%2b3OO29pLq0%3d,False,2026-07-10T07:19:52.1000000Z,False,False,False,True,False,False,0,False,[6],,False,False,False,False,0,False,False,0,13311781074,False,0DEFB666-CD94-488A-BEE9-F9468501D3A5,False,False,True,3,5.128202196257904,0.7182422299,Fan favorite,This section is in the top 10% of sections for this event when ranked based on a count of successful sales over the past 7 days on our site,True,,,,,,,"[{'message': 'Popular Pick', 'qualifier': '11 tickets sold for this event', 'hasValue': True, 'messageType': 'BoughtInLastHourSocialProofBased'}]",[],,,,5785.0,,,,,,,
13388064315,153020449,314,122907,314,2,8,1_1,1,1,1,False,False,1,,False,False,[1],407,Upper,1,True,"[{'listingNoteId': 814, 'listingNoteContentId': 2446060, 'formattedListingNoteContent': 'Limited or Obstructed View (printed on ticket)', 'listingNoteTypeId': 1, 'showToBuyer': True, 'hideInMock': False, 'siteAddedListingNote': False, 'aisleListingNoteWithSplit': False, 'listingNoteDescriptionContentId': 2446061, 'formattedListingNoteDescription': 'Limited or Obstructed View (printed on ticket)'}]","[{'listingNoteBucketId': 21, 'formattedListingNoteContent': 'Limited view', 'displayOrder': 21, 'showsRawNoteText': False}]",703811,False,False,Row 8,False,1862758,"¥1,862,758","¥1,862,758",10,Mobile Transfer ticket,3,1,EUR,JPY,EUR,"https://img.vggcdn.net/img/vfsimage2/812551/407_122907/0.jpg?im=Resize=(500,271)&v=771",11 hours ago,9,False,False,False,False,oLL2OxkHRIPD37ZnryBHRl%2fhfkXTqeL9mCQ5eYRyzxk%3d,False,2026-07-18T01:53:41.0600000Z,False,False,False,False,False,False,0,False,[7],,False,False,False,False,0,False,False,0,13388064315,False,59513032-5A88-40F6-A964-687E07EC68F7,False,False,True,5,8.68231710499794,1.114665508,,,,Last ticket,True,,,,,"[{'message': 'Amazing Value', 'qualifier': 'Based on price, view, seat quality and more', 'hasValue': True, 'messageType': 'ValueBased'}, {'message': 'Popular Pick', 'qualifier': '11 tickets sold for this event', 'hasValue': True, 'messageType': 'BoughtInLastHourSocialProofBased'}]",[],,,,7300.0,,,,,,,
13389514915,153020449,204,122837,204,2,10,_,,,,False,False,1,,False,False,[1],471,Middle,1,True,"[{'listingNoteId': -1, 'listingNoteContentId': 3338094, 'formattedListingNoteContent': 'Clear view', 'listingNoteTypeId': 3, 'showToBuyer': True, 'hideInMock': False, 'siteAddedListingNote': False, 'aisleListingNoteWithSplit': False, 'listingNoteDescriptionContentId': 3338095, 'formattedListingNoteDescription': ""You'll have an unrestricted view of the show.""}]","[{'listingNoteBucketId': 27, 'formattedListingNoteContent': 'Clear view', 'displayOrder': 8, 'showsRawNoteText': True, 'sourceListingNoteId': -1}]",702762,False,False,Row 10,False,1862975,"¥1,862,975","¥1,862,975",10,Mobile Transfer ticket,3,1,USD,JPY,USD,"https://img.vggcdn.net/img/vfsimage2/812551/471_122837/0.jpg?im=Resize=(500,271)&v=771",6 hours ago,7,False,False,False,False,jsz13f6s1bpTIPuKFFO5W5Jle2iG7jR2B9hQAyl0tN0%3d,False,2026-07-18T06:59:27.6670000Z,False,False,False,False,False,False,0,False,,,False,False,False,False,0,False,False,0,13389514915,False,24EF6942-4001-4DB7-8935-5AA26743A6AE,False,False,True,4,7.338265359705001,0.9234547256,,,,,,,,,,"[{'message': 'Great Value', 'qualifier': 'Based on price, view, seat quality and more', 'hasValue': True, 'messageType': 'ValueBased'}, {'message': 'Popular Pick', 'qualifier': '11 tickets sold for this event', 'hasValue': True, 'messageType': 'BoughtInLastHourSocialProofBased'}]",[],,,,7380.0,,,,,,,
13375494296,153020449,322,122915,322,2,7,_,,,,False,False,4,,False,False,"[1, 2, 4]",407,Upper,4,True,"[{'listingNoteId': 2027, 'listingNoteContentId': 3415845, 'formattedListingNoteContent': 'Third Row of Section', 'listingNoteTypeId': 6, 'showToBuyer': True, 'hideInMock': False, 'siteAddedListingNote': False, 'aisleListingNoteWithSplit': False, 'listingNoteDescriptionContentId': 3415845, 'formattedListingNoteDescription': 'Third Row of Section'}, {'listingNoteId': -1, 'listingNoteContentId': 3338094, 'formattedListingNoteContent': 'Clear view', 'listingNoteTypeId': 3, 'showToBuyer': True, 'hideInMock': False, 'siteAddedListingNote': False, 'aisleListingNoteWithSplit': False, 'listingNoteDescriptionContentId': 3338095, 'formattedListingNoteDescription': ""You'll have an unrestricted view of the show.""}]","[{'listingNoteBucketId': 14, 'formattedListingNoteContent': 'Third Row of Section', 'displayOrder': 14, 'showsRawNoteText': True, 'sourceListingNoteId': 2027}, {'listingNoteBucketId': 27, 'formattedListingNoteContent': 'Clear view', 'displayOrder': 8, 'showsRawNoteText': True, 'sourceListingNoteId': -1}]",2113750,False,False,Row 7,False,1862993,"¥1,862,993","¥1,862,993",10,Mobile Transfer ticket,3,1,USD,JPY,USD,"https://img.vggcdn.net/img/vfsimage2/812551/407_122915/0.jpg?im=Resize=(500,271)&v=771",yesterday,6,False,False,False,False,GQmR6K%2bRIxT3BnM1Jm29eCKVjbFTP%2f5qyjGLbonEnwY%3d,False,2026-07-16T19:16:44.1500000Z,False,False,False,True,False,False,0,False,[6],,False,False,False,False,0,False,False,0,13375494296,False,CCC5AD61-2022-4C18-842C-6C9C4FDCEBF9,False,False,True,3,5.916803241706444,0.781344551,Fan favorite,This section has the highest count of successful sales for this event over the past 7 days on our site,True,,,,,,,"[{'message': 'Popular Pick', 'qualifier': '11 tickets sold for this event', 'hasValue': True, 'messageType': 'BoughtInLastHourSocialProofBased'}, {'message': 'Third Row', 'qualifier': 'Excellent proximity to the action', 'hasValue': True, 'messageType': 'ThirdRowTicketAttributeBased'}]",[2027],,,,5785.0,,,,,,,
13388397351,153020449,327,122920,327,2,20,_,,,,False,False,4,,False,False,"[1, 2, 4]",407,Upper,4,True,"[{'listingNoteId': -1, 'listingNoteContentId': 3338094, 'formattedListingNoteContent': 'Clear view', 'listingNoteTypeId': 3, 'showToBuyer': True, 'hideInMock': False, 'siteAddedListingNote': False, 'aisleListingNoteWithSplit': False, 'listingNoteDescriptionContentId': 3338095, 'formattedListingNoteDescription': ""You'll have an unrestricted view of the show.""}]","[{'listingNoteBucketId': 27, 'formattedListingNoteContent': 'Clear view', 'displayOrder': 8, 'showsRawNoteText': True, 'sourceListingNoteId': -1}]",2113851,False,False,Row 20,False,1874438,"¥1,874,438","¥1,874,438",10,Mobile Transfer ticket,3,1,USD,JPY,USD,"https://img.vggcdn.net/img/vfsimage2/812551/407_122920/0.jpg?im=Resize=(500,271)&v=771",9 hours ago,6,False,False,False,False,0Z5IQM5nfD%2fXSkT5BOcVl0WXJrCs7dm3%2fZJjfI4I0h0%3d,False,2026-07-18T03:25:19.1130000Z,False,False,False,False,False,False,0,False,,,False,False,False,False,0,False,False,0,13388397351,False,C26C0FFE-537A-438E-8F32-380A5B2C58BB,False,False,True,3,5.67274149341164,0.7656303158,,,,,,,,,,"[{'message': 'Popular Pick', 'qualifier': '11 tickets sold for this event', 'hasValue': True, 'messageType': 'BoughtInLastHourSocialProofBased'}]",[],,,,5785.0,,,,,,,
13388376987,153020449,227A,1530787,227A,2,9,14_14,14,14,14,False,False,1,,False,False,[1],471,Middle,1,True,"[{'listingNoteId': -1, 'listingNoteContentId': 3338094, 'formattedListingNoteContent': 'Clear view', 'listingNoteTypeId': 3, 'showToBuyer': True, 'hideInMock': False, 'siteAddedListingNote': False, 'aisleListingNoteWithSplit': False, 'listingNoteDescriptionContentId': 3338095, 'formattedListingNoteDescription': ""You'll have an unrestricted view of the show.""}]","[{'listingNoteBucketId': 27, 'formattedListingNoteContent': 'Clear view', 'displayOrder': 8, 'showsRawNoteText': True, 'sourceListingNoteId': -1}]",1593637,False,False,Row 9,False,1877788,"¥1,877,788","¥1,877,788",10,Mobile Transfer ticket,3,1,USD,JPY,USD,"https://img.vggcdn.net/img/vfsimage2/812551/471_1530787/0.jpg?im=Resize=(500,271)&v=771",9 hours ago,9,False,False,False,False,uimunnqxBTShltCcOjTikG5B3832dB%2bZ8AnhCtZLjUA%3d,False,2026-07-18T03:17:08.1970000Z,False,False,False,False,False,False,0,False,,,False,False,False,False,0,False,False,0,13388376987,False,C2D50AF9-84DD-4104-81F2-1A5E80473A7C,False,False,True,5,8.97585136517532,1.199491418,,,,,,,,,,"[{'message': 'Amazing Value', 'qualifier': 'Based on price, view, seat quality and more', 'hasValue': True, 'messageType': 'ValueBased'}, {'message': 'Popular Pick', 'qualifier': '11 tickets sold for this event', 'hasValue': True, 'messageType': 'BoughtInLastHourSocialProofBased'}]",[],,,,0.0,,,,,,,
13388397338,153020449,327,122920,327,2,19,_,,,,False,False,4,,False,False,"[1, 2, 4]",407,Upper,4,True,"[{'listingNoteId': -1, 'listingNoteContentId': 3338094, 'formattedListingNoteContent': 'Clear view', 'listingNoteTypeId': 3, 'showToBuyer': True, 'hideInMock': False, 'siteAddedListingNote': False, 'aisleListingNoteWithSplit': False, 'listingNoteDescriptionContentId': 3338095, 'formattedListingNoteDescription': ""You'll have an unrestricted view of the show.""}]","[{'listingNoteBucketId': 27, 'formattedListingNoteContent': 'Clear view', 'displayOrder': 8, 'showsRawNoteText': True, 'sourceListingNoteId': -1}]",2113850,False,False,Row 19,False,1891633,"¥1,891,633","¥1,891,633",10,Mobile Transfer ticket,3,1,USD,JPY,USD,"https://img.vggcdn.net/img/vfsimage2/812551/407_122920/0.jpg?im=Resize=(500,271)&v=771",9 hours ago,6,False,False,False,False,0MvTagty%2fOribx2Ip4ku%2b75YBmBl5SjkX729nU4CMnU%3d,False,2026-07-18T03:25:18.9730000Z,False,False,False,False,False,False,0,False,,,False,False,False,False,0,False,False,0,13388397338,False,C691D01D-DF79-48F8-AE94-53C65E81FCF6,False,False,True,3,5.645173411489997,0.7703844537,,,,,,,,,,"[{'message': 'Popular Pick', 'qualifier': '11 tickets sold for this event', 'hasValue': True, 'messageType': 'BoughtInLastHourSocialProofBased'}]",[],,,,5785.0,,,,,,,
13388029365,153020449,312,122905,312,2,23,16_16,16,16,16,False,False,1,,False,False,[1],407,Upper,1,True,"[{'listingNoteId': -1, 'listingNoteContentId': 3338094, 'formattedListingNoteContent': 'Clear view', 'listingNoteTypeId': 3, 'showToBuyer': True, 'hideInMock': False, 'siteAddedListingNote': False, 'aisleListingNoteWithSplit': False, 'listingNoteDescriptionContentId': 3338095, 'formattedListingNoteDescription': ""You'll have an unrestricted view of the show.""}]","[{'listingNoteBucketId': 27, 'formattedListingNoteContent': 'Clear view', 'displayOrder': 8, 'showsRawNoteText': True, 'sourceListingNoteId': -1}]",703782,False,False,Row 23,False,1896113,"¥1,896,113","¥1,896,113",10,Mobile Transfer ticket,3,1,USD,JPY,USD,"https://img.vggcdn.net/img/vfsimage2/812551/407_122905/0.jpg?im=Resize=(500,271)&v=771",11 hours ago,4,False,False,False,False,%2blBxrqh3g%2bhH4VtSKTXn66yi1r9gw9qzi4a6QhoyDjw%3d,False,2026-07-18T01:45:41.0300000Z,False,False,False,False,False,False,0,False,[7],,False,False,False,False,0,False,False,0,13388029365,False,5F4F825F-DFB4-4AC9-8194-9067659802BF,False,False,True,2,3.762821019855813,0.5974860618,,,,Last ticket,True,,,,,"[{'message': 'Popular Pick', 'qualifier': '11 tickets sold for this event', 'hasValue': True, 'messageType': 'BoughtInLastHourSocialProofBased'}]",[],,,,0.0,,,,,,,
13388445293,153020449,Supporters Club,2439116,Supporters Club,2,,_,,,,False,False,1,,False,False,[1],1068,Hospitality,1,True,"[{'listingNoteId': 2344, 'listingNoteContentId': 4216766, 'formattedListingNoteContent': 'Includes Offsite Hospitality', 'listingNoteTypeId': 3, 'showToBuyer': True, 'hideInMock': False, 'siteAddedListingNote': False, 'aisleListingNoteWithSplit': False, 'formattedListingNoteDescription': ''}, {'listingNoteId': -1, 'listingNoteContentId': 3338094, 'formattedListingNoteContent': 'Clear view', 'listingNoteTypeId': 3, 'showToBuyer': True, 'hideInMock': False, 'siteAddedListingNote': False, 'aisleListingNoteWithSplit': False, 'listingNoteDescriptionContentId': 3338095, 'formattedListingNoteDescription': ""You'll have an unrestricted view of the show.""}]","[{'listingNoteBucketId': 0, 'formattedListingNoteContent': 'Includes Offsite Hospitality', 'displayOrder': 30, 'showsRawNoteText': True, 'sourceListingNoteId': 2344}, {'listingNoteBucketId': 27, 'formattedListingNoteContent': 'Clear view', 'displayOrder': 8, 'showsRawNoteText': True, 'sourceListingNoteId': -1}]",4837383,False,False,Row,True,1901021,"¥1,901,021","¥1,901,021",10,Mobile Transfer ticket,3,1,GBP,JPY,GBP,"https://img.vggcdn.net/img/vfsimage2/812551/1068_2439116/0.jpg?im=Resize=(500,271)&v=771",9 hours ago,10,False,False,False,False,uoFtaWmYN3NM4tjrsE%2f4E7TiXEl0De5ufxSBw9u5zd0%3d,False,2026-07-18T03:39:04.5630000Z,False,True,False,False,False,False,0,False,[1],,False,False,False,False,0,False,False,0,13388445293,False,62957E3C-EEFA-4D28-9642-2CEC5FED5432,False,False,True,5,9.978191960597407,1.577970786,,,,,,,,,,"[{'message': 'Amazing Value', 'qualifier': 'Based on price, view, seat quality and more', 'hasValue': True, 'messageType': 'ValueBased'}, {'message': 'Popular Pick', 'qualifier': '11 tickets sold for this event', 'hasValue': True, 'messageType': 'BoughtInLastHourSocialProofBased'}]",[],,,,2000.0,Best deal,True,6aa8a73f-b069-4147-a316-ffc9e9280c2b,,,,
13388397339,153020449,327,122920,327,2,19,_,,,,False,False,4,,False,False,"[1, 2, 4]",407,Upper,4,True,"[{'listingNoteId': -1, 'listingNoteContentId': 3338094, 'formattedListingNoteContent': 'Clear view', 'listingNoteTypeId': 3, 'showToBuyer': True, 'hideInMock': False, 'siteAddedListingNote': False, 'aisleListingNoteWithSplit': False, 'listingNoteDescriptionContentId': 3338095, 'formattedListingNoteDescription': ""You'll have an unrestricted view of the show.""}]","[{'listingNoteBucketId': 27, 'formattedListingNoteContent': 'Clear view', 'displayOrder': 8, 'showsRawNoteText': True, 'sourceListingNoteId': -1}]",2113850,False,False,Row 19,False,1908827,"¥1,908,827","¥1,908,827",10,Mobile Transfer ticket,3,1,USD,JPY,USD,"https://img.vggcdn.net/img/vfsimage2/812551/407_122920/0.jpg?im=Resize=(500,271)&v=771",9 hours ago,6,False,False,False,False,xtIQ4eI3r6IsGhwJSQZtkeOw8Fer5Z2p4hB9HrW1UQ0%3d,False,2026-07-18T03:25:18.9870000Z,False,False,False,False,False,False,0,False,,,False,False,False,False,0,False,False,0,13388397339,False,EC105A90-CE48-4BDF-AEA6-EC1C77DA7129,False,False,True,3,5.559897332215669,0.7703844537,,,,,,,,,,"[{'message': 'Popular Pick', 'qualifier': '11 tickets sold for this event', 'hasValue': True, 'messageType': 'BoughtInLastHourSocialProofBased'}]",[],,,,5785.0,,,,,,,
13354336531,153020449,313,122906,313,2,24,_,,,,False,False,3,,False,False,"[1, 3]",407,Upper,3,True,"[{'listingNoteId': -1, 'listingNoteContentId': 3338094, 'formattedListingNoteContent': 'Clear view', 'listingNoteTypeId': 3, 'showToBuyer': True, 'hideInMock': False, 'siteAddedListingNote': False, 'aisleListingNoteWithSplit': False, 'listingNoteDescriptionContentId': 3338095, 'formattedListingNoteDescription': ""You'll have an unrestricted view of the show.""}]","[{'listingNoteBucketId': 27, 'formattedListingNoteContent': 'Clear view', 'displayOrder': 8, 'showsRawNoteText': True, 'sourceListingNoteId': -1}]",703805,False,False,Row 24,False,1918953,"¥1,918,953","¥1,918,953",10,Mobile Transfer ticket,3,1,USD,JPY,USD,"https://img.vggcdn.net/img/vfsimage2/812551/407_122906/0.jpg?im=Resize=(500,271)&v=771",3 days ago,4,False,False,False,False,FjbhPU0p32wNwJo9SDLS%2bNEd8WShH6bh3b5jd3Gosx0%3d,False,2026-07-15T00:36:36.5130000Z,False,False,False,False,False,False,0,False,[7],,False,False,False,False,0,False,False,0,13354336531,False,2BA25FF4-509F-4615-B6AB-2156F8D01D5D,False,False,True,2,4.143393318822665,0.6385939064,,,,Last tickets,True,,,,,"[{'message': 'Popular Pick', 'qualifier': '11 tickets sold for this event', 'hasValue': True, 'messageType': 'BoughtInLastHourSocialProofBased'}]",[],,,,7380.0,,,,,,,
13390264345,153020449,303,122896,303,2,10,_,,,,False,False,3,,False,False,"[1, 3]",407,Upper,3,True,"[{'listingNoteId': -1, 'listingNoteContentId': 3338094, 'formattedListingNoteContent': 'Clear view', 'listingNoteTypeId': 3, 'showToBuyer': True, 'hideInMock': False, 'siteAddedListingNote': False, 'aisleListingNoteWithSplit': False, 'listingNoteDescriptionContentId': 3338095, 'formattedListingNoteDescription': ""You'll have an unrestricted view of the show.""}]","[{'listingNoteBucketId': 27, 'formattedListingNoteContent': 'Clear view', 'displayOrder': 8, 'showsRawNoteText': True, 'sourceListingNoteId': -1}]",2113619,False,False,Row 10,False,1925258,"¥1,925,258","¥1,925,258",10,Mobile Transfer ticket,3,1,USD,JPY,USD,"https://img.vggcdn.net/img/vfsimage2/812551/407_122896/0.jpg?im=Resize=(500,271)&v=771",an hour ago,5,False,False,False,False,jPbORfoTIYT9jMNTlyqekQxdVJo9xk4THoYyPO5pYOE%3d,False,2026-07-18T11:50:09.9500000Z,False,False,False,False,False,False,0,False,[7],,False,False,False,False,0,False,False,0,13390264345,False,05740CBB-29B5-4EED-A4CC-F04DA4CA56AC,False,False,True,3,5.4625407170618665,0.7691062488,,,,Last tickets,True,,,,,"[{'message': 'Popular Pick', 'qualifier': '11 tickets sold for this event', 'hasValue': True, 'messageType': 'BoughtInLastHourSocialProofBased'}]",[],,,,4185.0,,,,,,,
13388347162,153020449,347,122940,347,2,17,_,,,,False,False,4,,False,False,"[1, 2, 4]",407,Upper,4,True,"[{'listingNoteId': -1, 'listingNoteContentId': 3338094, 'formattedListingNoteContent': 'Clear view', 'listingNoteTypeId': 3, 'showToBuyer': True, 'hideInMock': False, 'siteAddedListingNote': False, 'aisleListingNoteWithSplit': False, 'listingNoteDescriptionContentId': 3338095, 'formattedListingNoteDescription': ""You'll have an unrestricted view of the show.""}]","[{'listingNoteBucketId': 27, 'formattedListingNoteContent': 'Clear view', 'displayOrder': 8, 'showsRawNoteText': True, 'sourceListingNoteId': -1}]",2113977,False,False,Row 17,False,1926021,"¥1,926,021","¥1,926,021",10,Mobile Transfer ticket,3,1,USD,JPY,USD,"https://img.vggcdn.net/img/vfsimage2/812551/407_122940/0.jpg?im=Resize=(500,271)&v=771",10 hours ago,5,False,False,False,False,UmKZe231lzFto3SRjayKxZxtPQuGkQEMSS%2fD2rizx9c%3d,False,2026-07-18T03:10:21.5030000Z,False,False,False,False,False,False,0,False,,,False,False,False,False,0,False,False,0,13388347162,False,F318FA9A-54C0-4586-AC77-0812D90E6CF4,False,False,True,3,5.225288331540138,0.7507841208,,,,,,,,,,"[{'message': 'Popular Pick', 'qualifier': '11 tickets sold for this event', 'hasValue': True, 'messageType': 'BoughtInLastHourSocialProofBased'}]",[],,,,5785.0,,,,,,,
13390264339,153020449,301,122894,301,2,7,_,,,,False,False,3,,False,False,"[1, 3]",407,Upper,3,True,"[{'listingNoteId': 2027, 'listingNoteContentId': 3415845, 'formattedListingNoteContent': 'Third Row of Section', 'listingNoteTypeId': 6, 'showToBuyer': True, 'hideInMock': False, 'siteAddedListingNote': False, 'aisleListingNoteWithSplit': False, 'listingNoteDescriptionContentId': 3415845, 'formattedListingNoteDescription': 'Third Row of Section'}, {'listingNoteId': -1, 'listingNoteContentId': 3338094, 'formattedListingNoteContent': 'Clear view', 'listingNoteTypeId': 3, 'showToBuyer': True, 'hideInMock': False, 'siteAddedListingNote': False, 'aisleListingNoteWithSplit': False, 'listingNoteDescriptionContentId': 3338095, 'formattedListingNoteDescription': ""You'll have an unrestricted view of the show.""}]","[{'listingNoteBucketId': 14, 'formattedListingNoteContent': 'Third Row of Section', 'displayOrder': 14, 'showsRawNoteText': True, 'sourceListingNoteId': 2027}, {'listingNoteBucketId': 27, 'formattedListingNoteContent': 'Clear view', 'displayOrder': 8, 'showsRawNoteText': True, 'sourceListingNoteId': -1}]",2113594,False,False,Row 7,False,1928887,"¥1,928,887","¥1,928,887",10,Mobile Transfer ticket,3,1,USD,JPY,USD,"https://img.vggcdn.net/img/vfsimage2/812551/407_122894/0.jpg?im=Resize=(500,271)&v=771",an hour ago,6,False,False,False,False,gmlXsgUKMc5fNANHpfu%2fb3YEqnl8cWebEUVZA%2bgioK0%3d,False,2026-07-18T11:50:09.9000000Z,False,False,False,False,False,False,0,False,,,False,False,False,False,0,False,False,0,13390264339,False,A0859FFC-AEA5-4291-AD7B-5AFD3EE0EC45,False,False,True,3,5.764030362355165,0.7962998324,,,,,,,,,,"[{'message': 'Popular Pick', 'qualifier': '11 tickets sold for this event', 'hasValue': True, 'messageType': 'BoughtInLastHourSocialProofBased'}, {'message': 'Third Row', 'qualifier': 'Excellent proximity to the action', 'hasValue': True, 'messageType': 'ThirdRowTicketAttributeBased'}]",[2027],,,,4875.32,,,,,,,
13347769336,153020449,344,122937,344,2,4,_,,,,False,False,3,,False,False,"[1, 3]",478,Loge,3,True,"[{'listingNoteId': -1, 'listingNoteContentId': 3338094, 'formattedListingNoteContent': 'Clear view', 'listingNoteTypeId': 3, 'showToBuyer': True, 'hideInMock': False, 'siteAddedListingNote': False, 'aisleListingNoteWithSplit': False, 'listingNoteDescriptionContentId': 3338095, 'formattedListingNoteDescription': ""You'll have an unrestricted view of the show.""}]","[{'listingNoteBucketId': 27, 'formattedListingNoteContent': 'Clear view', 'displayOrder': 8, 'showsRawNoteText': True, 'sourceListingNoteId': -1}]",1591268,False,False,Row 4,False,1940611,"¥1,940,611","¥1,940,611",10,Mobile Transfer ticket,3,1,GBP,JPY,GBP,"https://img.vggcdn.net/img/vfsimage2/812551/478_122937/0.jpg?im=Resize=(500,271)&v=771",4 days ago,6,False,False,False,False,e%2brR7xGXvLO48wUuZ6CIK%2bSS7TUElpeSqvkTbnvyFRM%3d,False,2026-07-14T09:41:47.8100000Z,False,False,False,False,False,False,0,False,,,False,False,False,False,0,False,False,0,13347769336,False,22F8D034-B8AD-4355-A901-2128B9A7BB35,False,False,True,3,6.411791763923194,0.8614308766,,,,,,,,,,"[{'message': 'Popular Pick', 'qualifier': '11 tickets sold for this event', 'hasValue': True, 'messageType': 'BoughtInLastHourSocialProofBased'}]",[],,,,3000.0,,,,,,,
13387921176,153020449,204,122837,204,2,11,_,,,,False,False,1,,False,False,[1],471,Middle,1,True,"[{'listingNoteId': -1, 'listingNoteContentId': 3338094, 'formattedListingNoteContent': 'Clear view', 'listingNoteTypeId': 3, 'showToBuyer': True, 'hideInMock': False, 'siteAddedListingNote': False, 'aisleListingNoteWithSplit': False, 'listingNoteDescriptionContentId': 3338095, 'formattedListingNoteDescription': ""You'll have an unrestricted view of the show.""}]","[{'listingNoteBucketId': 27, 'formattedListingNoteContent': 'Clear view', 'displayOrder': 8, 'showsRawNoteText': True, 'sourceListingNoteId': -1}]",702763,False,False,Row 11,False,1949139,"¥1,949,139","¥1,949,139",10,Mobile Transfer ticket,3,1,USD,JPY,USD,"https://img.vggcdn.net/img/vfsimage2/812551/471_122837/0.jpg?im=Resize=(500,271)&v=771",11 hours ago,7,False,False,False,False,01SoK3NxLBhcojuOunjOn8%2f9%2fHbKG8sS9qez%2f48bCz8%3d,False,2026-07-18T01:23:34.2130000Z,False,False,False,False,False,False,0,False,,,False,False,False,False,0,False,False,0,13387921176,False,C64DD1D4-42E6-42EB-A5D9-EC6A87557C5F,False,False,True,3,6.693737159807444,0.8945174088,,,,,,,,,,"[{'message': 'Popular Pick', 'qualifier': '11 tickets sold for this event', 'hasValue': True, 'messageType': 'BoughtInLastHourSocialProofBased'}]",[],,,,7380.0,,,,,,,
13384778618,153020449,Category 1,1989399,Category 1,3,,_,,,,False,False,1,,False,False,[1],1245,Category 1,1,True,"[{'listingNoteId': -1, 'listingNoteContentId': 3338094, 'formattedListingNoteContent': 'Clear view', 'listingNoteTypeId': 3, 'showToBuyer': True, 'hideInMock': False, 'siteAddedListingNote': False, 'aisleListingNoteWithSplit': False, 'listingNoteDescriptionContentId': 3338095, 'formattedListingNoteDescription': ""You'll have an unrestricted view of the show.""}]","[{'listingNoteBucketId': 27, 'formattedListingNoteContent': 'Clear view', 'displayOrder': 8, 'showsRawNoteText': True, 'sourceListingNoteId': -1}]",3325458,False,False,Row,True,1949919,"¥1,949,919","¥1,949,919",10,Mobile Transfer ticket,3,1,USD,JPY,USD,"https://img.vggcdn.net/img/vfsimage2/812551/1245_1989399/0.jpg?im=Resize=(500,271)&v=771",19 hours ago,9,False,False,True,False,I4W4RcSUSJ3%2fmuvQEXJkuzE1BlPdJzXjYpMR%2fXqFll4%3d,False,2026-07-17T17:52:11.3830000Z,False,False,False,False,False,False,0,False,[7],,False,False,False,False,0,False,False,0,13384778618,False,8AC64C9A-C9C1-460B-A581-CA8B63B7F24D,False,False,True,5,8.954308920931101,1.2394394,,,,Last ticket,True,,,,,"[{'message': 'Amazing Value', 'qualifier': 'Based on price, view, seat quality and more', 'hasValue': True, 'messageType': 'ValueBased'}, {'message': 'Popular Pick', 'qualifier': '11 tickets sold for this event', 'hasValue': True, 'messageType': 'BoughtInLastHourSocialProofBased'}]",[],,,,17500.0,,,,,,,
13386366317,153020449,330,122923,330,2,16,_,,,,False,False,4,,False,False,"[1, 2, 4]",407,Upper,4,True,"[{'listingNoteId': -1, 'listingNoteContentId': 3338094, 'formattedListingNoteContent': 'Clear view', 'listingNoteTypeId': 3, 'showToBuyer': True, 'hideInMock': False, 'siteAddedListingNote': False, 'aisleListingNoteWithSplit': False, 'listingNoteDescriptionContentId': 3338095, 'formattedListingNoteDescription': ""You'll have an unrestricted view of the show.""}]","[{'listingNoteBucketId': 27, 'formattedListingNoteContent': 'Clear view', 'displayOrder': 8, 'showsRawNoteText': True, 'sourceListingNoteId': -1}]",2113911,False,False,Row 16,False,1960410,"¥1,960,410","¥1,960,410",10,Mobile Transfer ticket,3,1,USD,JPY,USD,"https://img.vggcdn.net/img/vfsimage2/812551/407_122923/0.jpg?im=Resize=(500,271)&v=771",15 hours ago,6,False,False,False,False,U%2bT62biK%2fWlP5DtaWXXVMVDzraSrohAeZlIm98jdLMo%3d,False,2026-07-17T21:29:16.4600000Z,False,False,False,False,False,False,0,False,,,False,False,False,False,0,False,False,0,13386366317,False,63D64B7F-2EC1-4E82-B1E5-E529AB8AF258,False,False,True,3,5.7178751137135615,0.8053004093,,,,,,,,,,"[{'message': 'Popular Pick', 'qualifier': '11 tickets sold for this event', 'hasValue': True, 'messageType': 'BoughtInLastHourSocialProofBased'}]",[],,,,5785.0,,,,,,,
13235196517,153020449,331,122924,331,2,22,27_27,,,27,False,False,1,,False,False,[1],407,Upper,1,True,"[{'listingNoteId': -1, 'listingNoteContentId': 3338094, 'formattedListingNoteContent': 'Clear view', 'listingNoteTypeId': 3, 'showToBuyer': True, 'hideInMock': False, 'siteAddedListingNote': False, 'aisleListingNoteWithSplit': False, 'listingNoteDescriptionContentId': 3338095, 'formattedListingNoteDescription': ""You'll have an unrestricted view of the show.""}]","[{'listingNoteBucketId': 27, 'formattedListingNoteContent': 'Clear view', 'displayOrder': 8, 'showsRawNoteText': True, 'sourceListingNoteId': -1}]",2113937,False,False,Row 22,False,1963005,"¥1,963,005","¥1,963,005",10,Mobile Transfer ticket,3,1,EUR,JPY,EUR,"https://img.vggcdn.net/img/vfsimage2/812551/407_122924/0.jpg?im=Resize=(500,271)&v=771",14 days ago,5,False,False,False,False,I4W4RcSUSJ3%2fmuvQEXJkuzE1BlPdJzXjYpMR%2fXqFll4%3d,False,2026-07-04T00:25:43.8300000Z,False,False,False,False,False,False,0,False,,,False,False,False,False,0,False,False,0,13235196517,False,29BBF256-8471-4B23-BEE8-5FD3FFAFA486,False,False,True,2,4.897650282769747,0.7352945454,,,,,,,,,,"[{'message': 'Popular Pick', 'qualifier': '11 tickets sold for this event', 'hasValue': True, 'messageType': 'BoughtInLastHourSocialProofBased'}]",[],,,,2000.0,,,,,,,
13387963813,153020449,203A,1530773,203A,2,4,_,,,,False,False,1,,False,False,[1],471,Middle,1,True,"[{'listingNoteId': -1, 'listingNoteContentId': 3338094, 'formattedListingNoteContent': 'Clear view', 'listingNoteTypeId': 3, 'showToBuyer': True, 'hideInMock': False, 'siteAddedListingNote': False, 'aisleListingNoteWithSplit': False, 'listingNoteDescriptionContentId': 3338095, 'formattedListingNoteDescription': ""You'll have an unrestricted view of the show.""}]","[{'listingNoteBucketId': 27, 'formattedListingNoteContent': 'Clear view', 'displayOrder': 8, 'showsRawNoteText': True, 'sourceListingNoteId': -1}]",1593523,False,False,Row 4,False,1965256,"¥1,965,256","¥1,965,256",10,Mobile Transfer ticket,3,1,GBP,JPY,GBP,"https://img.vggcdn.net/img/vfsimage2/812551/471_1530773/0.jpg?im=Resize=(500,271)&v=771",11 hours ago,8,False,False,False,False,Fr4Iwh4sTkahTarCxyGlRs15jOJj0lXsni8DW8T8UeY%3d,False,2026-07-18T01:33:12.4470000Z,False,False,False,False,False,False,0,False,[7],,False,False,False,False,0,False,False,0,13387963813,False,5C4005C6-2617-491C-8DD1-84C7F3EB771D,False,False,True,4,8.33054978529674,1.104611135,,,,Last ticket,True,,,,,"[{'message': 'Great Value', 'qualifier': 'Based on price, view, seat quality and more', 'hasValue': True, 'messageType': 'ValueBased'}, {'message': 'Popular Pick', 'qualifier': '11 tickets sold for this event', 'hasValue': True, 'messageType': 'BoughtInLastHourSocialProofBased'}]",[],,,,5000.0,,,,,,,
13386324405,153020449,205A,1530775,205A,2,11,1_1,1,1,1,False,False,1,,False,False,[1],471,Middle,1,True,"[{'listingNoteId': -1, 'listingNoteContentId': 3338094, 'formattedListingNoteContent': 'Clear view', 'listingNoteTypeId': 3, 'showToBuyer': True, 'hideInMock': False, 'siteAddedListingNote': False, 'aisleListingNoteWithSplit': False, 'listingNoteDescriptionContentId': 3338095, 'formattedListingNoteDescription': ""You'll have an unrestricted view of the show.""}]","[{'listingNoteBucketId': 14, 'formattedListingNoteContent': 'Aisle seat', 'displayOrder': 14, 'showsRawNoteText': True, 'sourceListingNoteId': 2024}, {'listingNoteBucketId': 27, 'formattedListingNoteContent': 'Clear view', 'displayOrder': 8, 'showsRawNoteText': True, 'sourceListingNoteId': -1}]",1593531,False,False,Row 11,False,1965514,"¥1,965,514","¥1,965,514",10,Mobile Transfer ticket,3,1,USD,JPY,USD,"https://img.vggcdn.net/img/vfsimage2/812551/471_1530775/0.jpg?im=Resize=(500,271)&v=771",15 hours ago,6,False,False,False,False,O9IaHd4cdVMIF8Mhmwn%2baTdQtw8X32U3pKyVtD1yv3E%3d,False,2026-07-17T21:20:55.0200000Z,False,False,False,False,False,False,0,False,,,False,False,False,False,0,False,False,0,13386324405,False,F018B7AE-2AC8-4665-BC88-455D9C64CFF8,False,False,True,3,5.972209682196501,0.8300950617,,,,,,,,,,"[{'message': 'Popular Pick', 'qualifier': '11 tickets sold for this event', 'hasValue': True, 'messageType': 'BoughtInLastHourSocialProofBased'}, {'message': 'Aisle Seat', 'qualifier': 'Easy access to your seat', 'hasValue': True, 'messageType': 'AisleSeatTicketAttributeBased'}]",[2024],"¥2,606,488",25.0,"¥640,974",0.0,,,,,,,
13390713841,153020449,Supporters Club,2439116,Supporters Club,2,6,_,,,,False,False,1,,False,False,[1],1068,Hospitality,1,True,"[{'listingNoteId': 1025, 'listingNoteContentId': 2446491, 'formattedListingNoteContent': 'Includes unlimited food and soft drinks', 'listingNoteTypeId': 3, 'showToBuyer': True, 'hideInMock': False, 'siteAddedListingNote': False, 'aisleListingNoteWithSplit': False, 'listingNoteDescriptionContentId': 2446492, 'formattedListingNoteDescription': 'Includes unlimited food and soft drinks'}, {'listingNoteId': 2344, 'listingNoteContentId': 4216766, 'formattedListingNoteContent': 'Includes Offsite Hospitality', 'listingNoteTypeId': 3, 'showToBuyer': True, 'hideInMock': False, 'siteAddedListingNote': False, 'aisleListingNoteWithSplit': False, 'formattedListingNoteDescription': ''}, {'listingNoteId': -1, 'listingNoteContentId': 3338094, 'formattedListingNoteContent': 'Clear view', 'listingNoteTypeId': 3, 'showToBuyer': True, 'hideInMock': False, 'siteAddedListingNote': False, 'aisleListingNoteWithSplit': False, 'listingNoteDescriptionContentId': 3338095, 'formattedListingNoteDescription': ""You'll have an unrestricted view of the show.""}]","[{'listingNoteBucketId': 7, 'formattedListingNoteContent': 'Food & beverages', 'displayOrder': 7, 'showsRawNoteText': False}, {'listingNoteBucketId': 0, 'formattedListingNoteContent': 'Includes Offsite Hospitality', 'displayOrder': 30, 'showsRawNoteText': True, 'sourceListingNoteId': 2344}, {'listingNoteBucketId': 27, 'formattedListingNoteContent': 'Clear view', 'displayOrder': 8, 'showsRawNoteText': True, 'sourceListingNoteId': -1}]",4837383,False,False,Row 6,True,1966567,"¥1,966,567","¥1,966,567",10,Mobile Transfer ticket,3,1,GBP,JPY,GBP,"https://img.vggcdn.net/img/vfsimage2/812551/1068_2439116/0.jpg?im=Resize=(500,271)&v=771",17 minutes ago,10,False,False,False,False,VqA2lr6JXdjd%2fpylbMoLKFDGlO9lT6yq7OugTii4RF4%3d,False,2026-07-18T12:53:26.7700000Z,False,False,False,False,False,False,0,False,,,False,False,False,False,0,False,False,0,13390713841,False,2BEA6FDA-3693-4292-AA2B-C8943B7B18D6,False,False,True,5,9.862754853138036,1.577970786,,,,,,,,,,"[{'message': 'Amazing Value', 'qualifier': 'Based on price, view, seat quality and more', 'hasValue': True, 'messageType': 'ValueBased'}, {'message': 'Popular Pick', 'qualifier': '11 tickets sold for this event', 'hasValue': True, 'messageType': 'BoughtInLastHourSocialProofBased'}]",[],,,,2000.0,,,,,,,
13386454579,153020449,350,122943,350,2,16,_,,,,False,False,4,,False,False,"[1, 2, 4]",407,Upper,4,True,"[{'listingNoteId': -1, 'listingNoteContentId': 3338094, 'formattedListingNoteContent': 'Clear view', 'listingNoteTypeId': 3, 'showToBuyer': True, 'hideInMock': False, 'siteAddedListingNote': False, 'aisleListingNoteWithSplit': False, 'listingNoteDescriptionContentId': 3338095, 'formattedListingNoteDescription': ""You'll have an unrestricted view of the show.""}]","[{'listingNoteBucketId': 27, 'formattedListingNoteContent': 'Clear view', 'displayOrder': 8, 'showsRawNoteText': True, 'sourceListingNoteId': -1}]",2114042,False,False,Row 16,False,1977604,"¥1,977,604","¥1,977,604",10,Mobile Transfer ticket,3,1,USD,JPY,USD,"https://img.vggcdn.net/img/vfsimage2/812551/407_122943/0.jpg?im=Resize=(500,271)&v=771",15 hours ago,5,False,False,False,False,08ugqdK3UCY%2bfhDCOaSWOXGfBshbejy2GrcfKUf8dfw%3d,False,2026-07-17T21:46:02.5200000Z,False,False,False,False,False,False,0,False,,,False,False,False,False,0,False,False,0,13386454579,False,57B7BC90-63BC-43A2-B2F5-A7423527BB15,False,False,True,3,5.022044329142956,0.7558231346,,,,,,,,,,"[{'message': 'Popular Pick', 'qualifier': '11 tickets sold for this event', 'hasValue': True, 'messageType': 'BoughtInLastHourSocialProofBased'}]",[],,,,5785.0,,,,,,,
13390264340,153020449,301,122894,301,2,8,_,,,,False,False,5,,False,False,"[1, 2, 3, 5]",407,Upper,5,True,"[{'listingNoteId': -1, 'listingNoteContentId': 3338094, 'formattedListingNoteContent': 'Clear view', 'listingNoteTypeId': 3, 'showToBuyer': True, 'hideInMock': False, 'siteAddedListingNote': False, 'aisleListingNoteWithSplit': False, 'listingNoteDescriptionContentId': 3338095, 'formattedListingNoteDescription': ""You'll have an unrestricted view of the show.""}]","[{'listingNoteBucketId': 27, 'formattedListingNoteContent': 'Clear view', 'displayOrder': 8, 'showsRawNoteText': True, 'sourceListingNoteId': -1}]",2113595,False,False,Row 8,False,1991169,"¥1,991,169","¥1,991,169",10,Mobile Transfer ticket,3,1,USD,JPY,USD,"https://img.vggcdn.net/img/vfsimage2/812551/407_122894/0.jpg?im=Resize=(500,271)&v=771",an hour ago,5,False,False,False,False,3rtkmCHyYNJNdmIXUOviG7T6RQCAn%2bq%2fwozUsujoX9s%3d,False,2026-07-18T11:50:09.9000000Z,False,False,False,False,False,False,0,False,,,False,False,False,False,0,False,False,0,13390264340,False,ADF38BCF-48AE-4C5F-BBED-C5A71B4E573A,False,False,True,3,5.399797971707279,0.7908930164,,,,,,,,,,"[{'message': 'Popular Pick', 'qualifier': '11 tickets sold for this event', 'hasValue': True, 'messageType': 'BoughtInLastHourSocialProofBased'}]",[],,,,4875.32,,,,,,,
13387411322,153020449,206A,1530776,206A,2,6,16_16,,,16,False,False,1,,False,False,[1],471,Middle,1,True,"[{'listingNoteId': -1, 'listingNoteContentId': 3338094, 'formattedListingNoteContent': 'Clear view', 'listingNoteTypeId': 3, 'showToBuyer': True, 'hideInMock': False, 'siteAddedListingNote': False, 'aisleListingNoteWithSplit': False, 'listingNoteDescriptionContentId': 3338095, 'formattedListingNoteDescription': ""You'll have an unrestricted view of the show.""}]","[{'listingNoteBucketId': 27, 'formattedListingNoteContent': 'Clear view', 'displayOrder': 8, 'showsRawNoteText': True, 'sourceListingNoteId': -1}]",1593549,False,False,Row 6,False,1994756,"¥1,994,756","¥1,994,756",10,Mobile Transfer ticket,3,1,USD,JPY,USD,"https://img.vggcdn.net/img/vfsimage2/812551/471_1530776/0.jpg?im=Resize=(500,271)&v=771",13 hours ago,7,False,False,False,False,%2blBxrqh3g%2bhH4VtSKTXn66yi1r9gw9qzi4a6QhoyDjw%3d,False,2026-07-17T23:36:34.8200000Z,False,False,False,False,False,False,0,False,[7],,False,False,False,False,0,False,False,0,13387411322,False,3B95D9C8-7E3A-446C-8ACF-BF4F952302EE,False,False,True,4,7.361883289330456,0.9915794249,,,,Last ticket,True,,,,,"[{'message': 'Great Value', 'qualifier': 'Based on price, view, seat quality and more', 'hasValue': True, 'messageType': 'ValueBased'}, {'message': 'Popular Pick', 'qualifier': '11 tickets sold for this event', 'hasValue': True, 'messageType': 'BoughtInLastHourSocialProofBased'}]",[],,,,9000.0,,,,,,,
13388378252,153020449,228B,1530790,228B,2,12,_,,,,False,False,4,,False,False,"[1, 2, 4]",471,Middle,4,True,"[{'listingNoteId': -1, 'listingNoteContentId': 3338094, 'formattedListingNoteContent': 'Clear view', 'listingNoteTypeId': 3, 'showToBuyer': True, 'hideInMock': False, 'siteAddedListingNote': False, 'aisleListingNoteWithSplit': False, 'listingNoteDescriptionContentId': 3338095, 'formattedListingNoteDescription': ""You'll have an unrestricted view of the show.""}]","[{'listingNoteBucketId': 27, 'formattedListingNoteContent': 'Clear view', 'displayOrder': 8, 'showsRawNoteText': True, 'sourceListingNoteId': -1}]",2113505,False,False,Row 12,False,1998927,"¥1,998,927","¥1,998,927",10,Mobile Transfer ticket,3,1,USD,JPY,USD,"https://img.vggcdn.net/img/vfsimage2/812551/471_1530790/0.jpg?im=Resize=(500,271)&v=771",9 hours ago,7,False,False,False,False,kOyoJmM1Fe4Djta4VZQDyW30SDVCJKikwChA2H8XgOc%3d,False,2026-07-18T03:17:32.9170000Z,False,False,False,False,False,False,0,False,,,False,False,False,False,0,False,False,0,13388378252,False,08FA8997-77AB-48D6-A756-22F8ABF6EAA9,False,False,True,3,6.825003920568643,0.9320674077,,,,,,,,,,"[{'message': 'Popular Pick', 'qualifier': '11 tickets sold for this event', 'hasValue': True, 'messageType': 'BoughtInLastHourSocialProofBased'}]",[],,,,7380.0,,,,,,,
13314250406,153020449,Category 4,2140587,Category 4,3,,_,,,,False,False,2,,False,False,"[1, 2]",1327,Category 4,2,True,"[{'listingNoteId': -1, 'listingNoteContentId': 3338094, 'formattedListingNoteContent': 'Clear view', 'listingNoteTypeId': 3, 'showToBuyer': True, 'hideInMock': False, 'siteAddedListingNote': False, 'aisleListingNoteWithSplit': False, 'listingNoteDescriptionContentId': 3338095, 'formattedListingNoteDescription': ""You'll have an unrestricted view of the show.""}]","[{'listingNoteBucketId': 27, 'formattedListingNoteContent': 'Clear view', 'displayOrder': 8, 'showsRawNoteText': True, 'sourceListingNoteId': -1}]",4264996,False,False,Row,True,2001131,"¥2,001,131","¥2,001,131",10,Mobile Transfer ticket,3,1,USD,JPY,USD,"https://img.vggcdn.net/img/vfsimage2/812551/1327_2140587/0.jpg?im=Resize=(500,271)&v=771",8 days ago,9,False,False,True,False,uaiHD1pdxgwGLpP97bbDk9SwolerWOY%2f19ozTpNT8qI%3d,False,2026-07-10T12:22:05.0670000Z,False,False,False,False,False,False,0,False,[7],,False,False,False,False,0,False,False,0,13314250406,False,CD98E907-3EC7-4182-82E3-58C55623AA24,False,False,True,5,9.244400065880228,1.362416107,,,,Last tickets,True,,,,,"[{'message': 'Amazing Value', 'qualifier': 'Based on price, view, seat quality and more', 'hasValue': True, 'messageType': 'ValueBased'}, {'message': 'Popular Pick', 'qualifier': '11 tickets sold for this event', 'hasValue': True, 'messageType': 'BoughtInLastHourSocialProofBased'}]",[],,,,10000.0,,,,,,,
13375653128,153020449,Spain Supporters,2447956,Spain Supporters,3,,_,,,,False,False,2,,False,False,"[1, 2]",1666,Spain Supporters,2,True,"[{'listingNoteId': -1, 'listingNoteContentId': 3338094, 'formattedListingNoteContent': 'Clear view', 'listingNoteTypeId': 3, 'showToBuyer': True, 'hideInMock': False, 'siteAddedListingNote': False, 'aisleListingNoteWithSplit': False, 'listingNoteDescriptionContentId': 3338095, 'formattedListingNoteDescription': ""You'll have an unrestricted view of the show.""}]","[{'listingNoteBucketId': 27, 'formattedListingNoteContent': 'Clear view', 'displayOrder': 8, 'showsRawNoteText': True, 'sourceListingNoteId': -1}]",4847586,False,False,Row,True,2007608,"¥2,007,608","¥2,007,608",10,Mobile Transfer ticket,3,1,EUR,JPY,EUR,"https://img.vggcdn.net/img/vfsimage2/812551/1666_2447956/0.jpg?im=Resize=(500,271)&v=771",yesterday,0,False,False,True,True,WvYVfuyXjJdwi%2bMGaNYpIHJhvPQ7NAc970KT8tPia0o%3d,False,2026-07-16T19:33:25.1370000Z,False,False,False,False,False,False,0,False,[7],,False,False,False,False,0,False,False,0,13375653128,False,DB53D93F-2F03-4804-96FB-C42D85BED8E2,False,False,True,0,,,,,,Last tickets,True,,,,,"[{'message': 'Popular Pick', 'qualifier': '11 tickets sold for this event', 'hasValue': True, 'messageType': 'BoughtInLastHourSocialProofBased'}]",[],,,,1000.0,,,,,,,
13388375291,153020449,204,122837,204,2,14,_,,,,False,False,4,,False,False,"[1, 2, 4]",471,Middle,4,True,"[{'listingNoteId': -1, 'listingNoteContentId': 3338094, 'formattedListingNoteContent': 'Clear view', 'listingNoteTypeId': 3, 'showToBuyer': True, 'hideInMock': False, 'siteAddedListingNote': False, 'aisleListingNoteWithSplit': False, 'listingNoteDescriptionContentId': 3338095, 'formattedListingNoteDescription': ""You'll have an unrestricted view of the show.""}]","[{'listingNoteBucketId': 27, 'formattedListingNoteContent': 'Clear view', 'displayOrder': 8, 'showsRawNoteText': True, 'sourceListingNoteId': -1}]",702766,False,False,Row 14,False,2013046,"¥2,013,046","¥2,013,046",10,Mobile Transfer ticket,3,1,USD,JPY,USD,"https://img.vggcdn.net/img/vfsimage2/812551/471_122837/0.jpg?im=Resize=(500,271)&v=771",9 hours ago,6,False,False,False,False,ipbzujUJy4yu7ypjNz5kmltIopJV3mLKTvymIaI0fP8%3d,False,2026-07-18T03:16:32.2700000Z,False,False,False,False,False,False,0,False,,,False,False,False,False,0,False,False,0,13388375291,False,6F3963EE-2DC7-4876-AF63-EF8897FF33E0,False,False,True,3,5.554771658805751,0.8126765837,,,,,,,,,,"[{'message': 'Popular Pick', 'qualifier': '11 tickets sold for this event', 'hasValue': True, 'messageType': 'BoughtInLastHourSocialProofBased'}]",[],,,,7380.0,,,,,,,
13388378220,153020449,204,122837,204,2,11,_,,,,False,False,3,,False,False,"[1, 3]",471,Middle,3,True,"[{'listingNoteId': -1, 'listingNoteContentId': 3338094, 'formattedListingNoteContent': 'Clear view', 'listingNoteTypeId': 3, 'showToBuyer': True, 'hideInMock': False, 'siteAddedListingNote': False, 'aisleListingNoteWithSplit': False, 'listingNoteDescriptionContentId': 3338095, 'formattedListingNoteDescription': ""You'll have an unrestricted view of the show.""}]","[{'listingNoteBucketId': 27, 'formattedListingNoteContent': 'Clear view', 'displayOrder': 8, 'showsRawNoteText': True, 'sourceListingNoteId': -1}]",702763,False,False,Row 11,False,2015814,"¥2,015,814","¥2,015,814",10,Mobile Transfer ticket,3,1,USD,JPY,USD,"https://img.vggcdn.net/img/vfsimage2/812551/471_122837/0.jpg?im=Resize=(500,271)&v=771",9 hours ago,6,False,False,False,False,%2b%2bvH%2bi5npoUAjJ9yctG%2bRSuwcfp5mpQLbjElbOO5Lmw%3d,False,2026-07-18T03:17:32.5470000Z,False,False,False,False,False,False,0,False,,,False,False,False,False,0,False,False,0,13388378220,False,6E90E967-5120-4277-A0ED-F3FC99AC4D60,False,False,True,3,6.408872067901054,0.8945174088,,,,,,,,,,"[{'message': 'Popular Pick', 'qualifier': '11 tickets sold for this event', 'hasValue': True, 'messageType': 'BoughtInLastHourSocialProofBased'}]",[],,,,7380.0,,,,,,,
13387902394,153020449,204,122837,204,2,11,_,,,,False,False,4,,False,False,"[1, 2, 3, 4]",471,Middle,4,True,"[{'listingNoteId': -1, 'listingNoteContentId': 3338094, 'formattedListingNoteContent': 'Clear view', 'listingNoteTypeId': 3, 'showToBuyer': True, 'hideInMock': False, 'siteAddedListingNote': False, 'aisleListingNoteWithSplit': False, 'listingNoteDescriptionContentId': 3338095, 'formattedListingNoteDescription': ""You'll have an unrestricted view of the show.""}]","[{'listingNoteBucketId': 27, 'formattedListingNoteContent': 'Clear view', 'displayOrder': 8, 'showsRawNoteText': True, 'sourceListingNoteId': -1}]",702763,False,False,Row 11,False,2016006,"¥2,016,006","¥2,016,006",10,Mobile Transfer ticket,3,1,USD,JPY,USD,"https://img.vggcdn.net/img/vfsimage2/812551/471_122837/0.jpg?im=Resize=(500,271)&v=771",11 hours ago,6,False,False,False,False,nVwA6vJUW4bBToEXXeSQFQ%2bIwe7k1nYDfWkR4JBeKOY%3d,False,2026-07-18T01:20:31.6400000Z,False,False,False,False,False,False,0,False,,,False,False,False,False,0,False,False,0,13387902394,False,E6C31660-CA38-4B58-8203-5D5A9D1830F6,False,False,True,3,6.408056893241422,0.8945174088,,,,,,,,,,"[{'message': 'Popular Pick', 'qualifier': '11 tickets sold for this event', 'hasValue': True, 'messageType': 'BoughtInLastHourSocialProofBased'}]",[],,,,7380.0,,,,,,,
13385101871,153020449,221A,1530781,221A,2,11,_,,,,False,False,3,,False,False,"[1, 3]",471,Middle,3,True,"[{'listingNoteId': -1, 'listingNoteContentId': 3338094, 'formattedListingNoteContent': 'Clear view', 'listingNoteTypeId': 3, 'showToBuyer': True, 'hideInMock': False, 'siteAddedListingNote': False, 'aisleListingNoteWithSplit': False, 'listingNoteDescriptionContentId': 3338095, 'formattedListingNoteDescription': ""You'll have an unrestricted view of the show.""}]","[{'listingNoteBucketId': 27, 'formattedListingNoteContent': 'Clear view', 'displayOrder': 8, 'showsRawNoteText': True, 'sourceListingNoteId': -1}]",1593585,False,False,Row 11,False,2019371,"¥2,019,371","¥2,019,371",10,Mobile Transfer ticket,3,1,GBP,JPY,GBP,"https://img.vggcdn.net/img/vfsimage2/812551/471_1530781/0.jpg?im=Resize=(500,271)&v=771",18 hours ago,6,False,False,False,False,f5%2b9WtIi3o6IGvGCQEwWpAmkCxhVsEXggsUwWB0kuhg%3d,False,2026-07-17T18:43:25.3670000Z,False,False,False,False,False,False,0,False,[7],,False,False,False,False,0,False,False,0,13385101871,False,540A9740-C444-421A-9BCB-D73193BBA3A2,False,False,True,3,6.492027654981654,0.9048350685,,,,Last tickets,True,,,,,"[{'message': 'Popular Pick', 'qualifier': '11 tickets sold for this event', 'hasValue': True, 'messageType': 'BoughtInLastHourSocialProofBased'}]",[],"¥3,113,187",35.0,"¥1,093,816",8000.0,,,,,,,
13388378221,153020449,229,122855,229,2,10,_,,,,False,False,3,,False,False,"[1, 3]",471,Middle,3,True,"[{'listingNoteId': -1, 'listingNoteContentId': 3338094, 'formattedListingNoteContent': 'Clear view', 'listingNoteTypeId': 3, 'showToBuyer': True, 'hideInMock': False, 'siteAddedListingNote': False, 'aisleListingNoteWithSplit': False, 'listingNoteDescriptionContentId': 3338095, 'formattedListingNoteDescription': ""You'll have an unrestricted view of the show.""}]","[{'listingNoteBucketId': 27, 'formattedListingNoteContent': 'Clear view', 'displayOrder': 8, 'showsRawNoteText': True, 'sourceListingNoteId': -1}]",703185,False,False,Row 10,False,2020853,"¥2,020,853","¥2,020,853",10,Mobile Transfer ticket,3,1,USD,JPY,USD,"https://img.vggcdn.net/img/vfsimage2/812551/471_122855/0.jpg?im=Resize=(500,271)&v=771",9 hours ago,7,False,False,False,False,1QZjMyUSWF5nCwz7%2f%2bOQhDKCufJ42sOL%2bLuTEQ9Ohj0%3d,False,2026-07-18T03:17:32.5500000Z,False,False,False,True,False,False,0,False,[6],[7],False,False,False,False,0,False,False,0,13388378221,False,7C9B527D-924D-448E-B155-7A2E2B5BA0D0,False,False,True,3,6.794048962173782,0.9387479609,Fan favorite,This section is in the top 10% of sections for this event when ranked based on a count of successful sales over the past 7 days on our site,True,Last tickets,True,,,,,"[{'message': 'Popular Pick', 'qualifier': '11 tickets sold for this event', 'hasValue': True, 'messageType': 'BoughtInLastHourSocialProofBased'}]",[],,,,7380.0,,,,,,,
13387921172,153020449,227A,1530787,227A,2,9,_,,,,False,False,1,,False,False,[1],471,Middle,1,True,"[{'listingNoteId': -1, 'listingNoteContentId': 3338094, 'formattedListingNoteContent': 'Clear view', 'listingNoteTypeId': 3, 'showToBuyer': True, 'hideInMock': False, 'siteAddedListingNote': False, 'aisleListingNoteWithSplit': False, 'listingNoteDescriptionContentId': 3338095, 'formattedListingNoteDescription': ""You'll have an unrestricted view of the show.""}]","[{'listingNoteBucketId': 27, 'formattedListingNoteContent': 'Clear view', 'displayOrder': 8, 'showsRawNoteText': True, 'sourceListingNoteId': -1}]",1593637,False,False,Row 9,False,2025558,"¥2,025,558","¥2,025,558",10,Mobile Transfer ticket,3,1,USD,JPY,USD,"https://img.vggcdn.net/img/vfsimage2/812551/471_1530787/0.jpg?im=Resize=(500,271)&v=771",11 hours ago,9,False,False,False,False,UtBbv96aLlAJ7u845E9Dw%2fWg84qnGG%2fbnAs8JzheZf8%3d,False,2026-07-18T01:23:34.2070000Z,False,False,False,False,False,False,0,False,,,False,False,False,False,0,False,False,0,13387921172,False,9016A259-9C29-4341-BB78-79DB74FF8FDB,False,False,True,5,8.633482860971414,1.199491418,,,,,,,,,,"[{'message': 'Amazing Value', 'qualifier': 'Based on price, view, seat quality and more', 'hasValue': True, 'messageType': 'ValueBased'}, {'message': 'Popular Pick', 'qualifier': '11 tickets sold for this event', 'hasValue': True, 'messageType': 'BoughtInLastHourSocialProofBased'}]",[],,,,7380.0,,,,,,,
13388378255,153020449,227A,1530787,227A,2,10,_,,,,False,False,3,,False,False,"[1, 3]",471,Middle,3,True,"[{'listingNoteId': -1, 'listingNoteContentId': 3338094, 'formattedListingNoteContent': 'Clear view', 'listingNoteTypeId': 3, 'showToBuyer': True, 'hideInMock': False, 'siteAddedListingNote': False, 'aisleListingNoteWithSplit': False, 'listingNoteDescriptionContentId': 3338095, 'formattedListingNoteDescription': ""You'll have an unrestricted view of the show.""}]","[{'listingNoteBucketId': 27, 'formattedListingNoteContent': 'Clear view', 'displayOrder': 8, 'showsRawNoteText': True, 'sourceListingNoteId': -1}]",1593624,False,False,Row 10,False,2025893,"¥2,025,893","¥2,025,893",10,Mobile Transfer ticket,3,1,USD,JPY,USD,"https://img.vggcdn.net/img/vfsimage2/812551/471_1530787/0.jpg?im=Resize=(500,271)&v=771",9 hours ago,8,False,False,False,False,z%2bo1bU3d07doeRBrwGc7L902MMF6nXSGtE4b4k7zuD4%3d,False,2026-07-18T03:17:32.9330000Z,False,False,False,False,False,False,0,False,,,False,False,False,False,0,False,False,0,13388378255,False,2E97C970-116B-42AE-A5DF-D0EDC3A30641,False,False,True,4,8.488418586119097,1.163487061,,,,,,,,,,"[{'message': 'Great Value', 'qualifier': 'Based on price, view, seat quality and more', 'hasValue': True, 'messageType': 'ValueBased'}, {'message': 'Popular Pick', 'qualifier': '11 tickets sold for this event', 'hasValue': True, 'messageType': 'BoughtInLastHourSocialProofBased'}]",[],,,,7380.0,,,,,,,
13388378251,153020449,204,122837,204,2,9,_,,,,False,False,3,,False,False,"[1, 2, 3]",471,Middle,3,True,"[{'listingNoteId': -1, 'listingNoteContentId': 3338094, 'formattedListingNoteContent': 'Clear view', 'listingNoteTypeId': 3, 'showToBuyer': True, 'hideInMock': False, 'siteAddedListingNote': False, 'aisleListingNoteWithSplit': False, 'listingNoteDescriptionContentId': 3338095, 'formattedListingNoteDescription': ""You'll have an unrestricted view of the show.""}]","[{'listingNoteBucketId': 27, 'formattedListingNoteContent': 'Clear view', 'displayOrder': 8, 'showsRawNoteText': True, 'sourceListingNoteId': -1}]",702761,False,False,Row 9,False,2030931,"¥2,030,931","¥2,030,931",10,Mobile Transfer ticket,3,1,USD,JPY,USD,"https://img.vggcdn.net/img/vfsimage2/812551/471_122837/0.jpg?im=Resize=(500,271)&v=771",9 hours ago,7,False,False,False,False,ycN0fQyPhrfrpa0Lynlxn7W83ayKADXYx6IFvTfPvGw%3d,False,2026-07-18T03:17:32.9030000Z,False,False,False,False,False,False,0,False,,,False,False,False,False,0,False,False,0,13388378251,False,96A87BE0-EAE8-42F0-911C-26905B7411B2,False,False,True,3,6.878889399876896,0.9532622947,,,,,,,,,,"[{'message': 'Popular Pick', 'qualifier': '11 tickets sold for this event', 'hasValue': True, 'messageType': 'BoughtInLastHourSocialProofBased'}]",[],,,,7380.0,,,,,,,
13388375289,153020449,204,122837,204,2,12,_,,,,False,False,4,,False,False,"[1, 2, 4]",471,Middle,4,True,"[{'listingNoteId': -1, 'listingNoteContentId': 3338094, 'formattedListingNoteContent': 'Clear view', 'listingNoteTypeId': 3, 'showToBuyer': True, 'hideInMock': False, 'siteAddedListingNote': False, 'aisleListingNoteWithSplit': False, 'listingNoteDescriptionContentId': 3338095, 'formattedListingNoteDescription': ""You'll have an unrestricted view of the show.""}]","[{'listingNoteBucketId': 27, 'formattedListingNoteContent': 'Clear view', 'displayOrder': 8, 'showsRawNoteText': True, 'sourceListingNoteId': -1}]",702764,False,False,Row 12,False,2032151,"¥2,032,151","¥2,032,151",10,Mobile Transfer ticket,3,1,USD,JPY,USD,"https://img.vggcdn.net/img/vfsimage2/812551/471_122837/0.jpg?im=Resize=(500,271)&v=771",9 hours ago,6,False,False,False,False,VNWDIaRsRlKnpp2ex77Cu1ZWw5vKZNyp7BdvmChJzbI%3d,False,2026-07-18T03:16:32.2630000Z,False,False,False,False,False,False,0,False,,,False,False,False,False,0,False,False,0,13388375289,False,DD4DD85F-BD44-468C-850D-39A6716C3093,False,False,True,3,6.057630762658881,0.8664249367,,,,,,,,,,"[{'message': 'Popular Pick', 'qualifier': '11 tickets sold for this event', 'hasValue': True, 'messageType': 'BoughtInLastHourSocialProofBased'}]",[],,,,7380.0,,,,,,,
13388378256,153020449,225A,1530785,225A,2,7,_,,,,False,False,3,,False,False,"[1, 3]",471,Middle,3,True,"[{'listingNoteId': -1, 'listingNoteContentId': 3338094, 'formattedListingNoteContent': 'Clear view', 'listingNoteTypeId': 3, 'showToBuyer': True, 'hideInMock': False, 'siteAddedListingNote': False, 'aisleListingNoteWithSplit': False, 'listingNoteDescriptionContentId': 3338095, 'formattedListingNoteDescription': ""You'll have an unrestricted view of the show.""}]","[{'listingNoteBucketId': 27, 'formattedListingNoteContent': 'Clear view', 'displayOrder': 8, 'showsRawNoteText': True, 'sourceListingNoteId': -1}]",1593620,False,False,Row 7,False,2035970,"¥2,035,970","¥2,035,970",10,Mobile Transfer ticket,3,1,USD,JPY,USD,"https://img.vggcdn.net/img/vfsimage2/812551/471_1530785/0.jpg?im=Resize=(500,271)&v=771",9 hours ago,8,False,False,False,False,kPDSVacbdYodDaEQpyPEjKxYvs%2bjfF%2bcwTWH26tfWp0%3d,False,2026-07-18T03:17:32.9400000Z,False,False,False,False,False,False,0,False,,,False,False,False,False,0,False,False,0,13388378256,False,BCA7F1BD-3015-4FD0-91B3-F174EF231C21,False,False,True,4,8.35627068152915,1.148351963,,,,,,,,,,"[{'message': 'Great Value', 'qualifier': 'Based on price, view, seat quality and more', 'hasValue': True, 'messageType': 'ValueBased'}, {'message': 'Popular Pick', 'qualifier': '11 tickets sold for this event', 'hasValue': True, 'messageType': 'BoughtInLastHourSocialProofBased'}]",[],,,,7380.0,,,,,,,
13389005105,153020449,225A,1530785,225A,2,4,_,,,,False,False,3,,False,False,"[1, 3]",471,Middle,3,True,"[{'listingNoteId': -1, 'listingNoteContentId': 3338094, 'formattedListingNoteContent': 'Clear view', 'listingNoteTypeId': 3, 'showToBuyer': True, 'hideInMock': False, 'siteAddedListingNote': False, 'aisleListingNoteWithSplit': False, 'listingNoteDescriptionContentId': 3338095, 'formattedListingNoteDescription': ""You'll have an unrestricted view of the show.""}]","[{'listingNoteBucketId': 27, 'formattedListingNoteContent': 'Clear view', 'displayOrder': 8, 'showsRawNoteText': True, 'sourceListingNoteId': -1}]",1593617,False,False,Row 4,False,2041009,"¥2,041,009","¥2,041,009",10,Mobile Transfer ticket,3,1,USD,JPY,USD,"https://img.vggcdn.net/img/vfsimage2/812551/471_1530785/0.jpg?im=Resize=(500,271)&v=771",8 hours ago,9,False,False,False,False,zfFunqrd7kzoAyK71FtEWHbS%2fdKBoG9CIog9pueqrQ4%3d,False,2026-07-18T05:09:24.4570000Z,False,False,False,False,False,False,0,False,,,False,False,False,False,0,False,False,0,13389005105,False,4DA6264B-0D31-46EF-A3B2-91902B148F92,False,False,True,5,8.953277425516225,1.297047225,,,,,,,,,,"[{'message': 'Amazing Value', 'qualifier': 'Based on price, view, seat quality and more', 'hasValue': True, 'messageType': 'ValueBased'}, {'message': 'Popular Pick', 'qualifier': '11 tickets sold for this event', 'hasValue': True, 'messageType': 'BoughtInLastHourSocialProofBased'}]",[],,,,7380.0,,,,,,,
13390264338,153020449,301,122894,301,2,7,_,,,,False,False,6,,False,False,"[1, 2, 3, 4, 6]",407,Upper,6,True,"[{'listingNoteId': 2027, 'listingNoteContentId': 3415845, 'formattedListingNoteContent': 'Third Row of Section', 'listingNoteTypeId': 6, 'showToBuyer': True, 'hideInMock': False, 'siteAddedListingNote': False, 'aisleListingNoteWithSplit': False, 'listingNoteDescriptionContentId': 3415845, 'formattedListingNoteDescription': 'Third Row of Section'}, {'listingNoteId': -1, 'listingNoteContentId': 3338094, 'formattedListingNoteContent': 'Clear view', 'listingNoteTypeId': 3, 'showToBuyer': True, 'hideInMock': False, 'siteAddedListingNote': False, 'aisleListingNoteWithSplit': False, 'listingNoteDescriptionContentId': 3338095, 'formattedListingNoteDescription': ""You'll have an unrestricted view of the show.""}]","[{'listingNoteBucketId': 14, 'formattedListingNoteContent': 'Third Row of Section', 'displayOrder': 14, 'showsRawNoteText': True, 'sourceListingNoteId': 2027}, {'listingNoteBucketId': 27, 'formattedListingNoteContent': 'Clear view', 'displayOrder': 8, 'showsRawNoteText': True, 'sourceListingNoteId': -1}]",2113594,False,False,Row 7,False,2045618,"¥2,045,618","¥2,045,618",10,Mobile Transfer ticket,3,1,USD,JPY,USD,"https://img.vggcdn.net/img/vfsimage2/812551/407_122894/0.jpg?im=Resize=(500,271)&v=771",an hour ago,5,False,False,False,False,YwEn0AoiP3nioksnmzO4w0U%2bXm%2bUNGGsVpVi85OHFsU%3d,False,2026-07-18T11:50:09.8930000Z,False,False,False,False,False,False,0,False,,,False,False,False,False,0,False,False,0,13390264338,False,3A6AD78A-8633-4F1B-948A-56674300AFB4,False,False,True,3,5.203793832484243,0.7962998324,,,,,,,,,,"[{'message': 'Popular Pick', 'qualifier': '11 tickets sold for this event', 'hasValue': True, 'messageType': 'BoughtInLastHourSocialProofBased'}, {'message': 'Third Row', 'qualifier': 'Excellent proximity to the action', 'hasValue': True, 'messageType': 'ThirdRowTicketAttributeBased'}]",[2027],,,,4875.32,,,,,,,
13388792730,153020449,350,122943,350,2,14,_,,,,False,False,4,,False,False,"[1, 2, 4]",407,Upper,4,True,"[{'listingNoteId': -1, 'listingNoteContentId': 3338094, 'formattedListingNoteContent': 'Clear view', 'listingNoteTypeId': 3, 'showToBuyer': True, 'hideInMock': False, 'siteAddedListingNote': False, 'aisleListingNoteWithSplit': False, 'listingNoteDescriptionContentId': 3338095, 'formattedListingNoteDescription': ""You'll have an unrestricted view of the show.""}]","[{'listingNoteBucketId': 27, 'formattedListingNoteContent': 'Clear view', 'displayOrder': 8, 'showsRawNoteText': True, 'sourceListingNoteId': -1}]",2114040,False,False,Row 14,False,2046382,"¥2,046,382","¥2,046,382",10,Mobile Transfer ticket,3,1,USD,JPY,USD,"https://img.vggcdn.net/img/vfsimage2/812551/407_122943/0.jpg?im=Resize=(500,271)&v=771",8 hours ago,5,False,False,False,False,d5g%2fwFyXUyfoEFQ1Bb4Iyfsd5btFAdbhKk0t0viH8qk%3d,False,2026-07-18T04:40:44.7970000Z,False,False,False,False,False,False,0,False,,,False,False,False,False,0,False,False,0,13388792730,False,8C047540-FF09-4934-BC2D-8CB105AED6A9,False,False,True,2,4.867755431732585,0.7627462919,,,,,,,,,,"[{'message': 'Popular Pick', 'qualifier': '11 tickets sold for this event', 'hasValue': True, 'messageType': 'BoughtInLastHourSocialProofBased'}]",[],,,,5785.0,,,,,,,
13388009537,153020449,204,122837,204,2,7,_,,,,False,False,1,,False,False,[1],471,Middle,1,True,"[{'listingNoteId': -1, 'listingNoteContentId': 3338094, 'formattedListingNoteContent': 'Clear view', 'listingNoteTypeId': 3, 'showToBuyer': True, 'hideInMock': False, 'siteAddedListingNote': False, 'aisleListingNoteWithSplit': False, 'listingNoteDescriptionContentId': 3338095, 'formattedListingNoteDescription': ""You'll have an unrestricted view of the show.""}]","[{'listingNoteBucketId': 27, 'formattedListingNoteContent': 'Clear view', 'displayOrder': 8, 'showsRawNoteText': True, 'sourceListingNoteId': -1}]",702759,False,False,Row 7,False,2054215,"¥2,054,215","¥2,054,215",10,Mobile Transfer ticket,3,1,USD,JPY,USD,"https://img.vggcdn.net/img/vfsimage2/812551/471_122837/0.jpg?im=Resize=(500,271)&v=771",11 hours ago,7,False,False,False,False,3yLGUqmR43htIwDL%2bDW5HNREqj7lowKSWznmVIIn9zI%3d,False,2026-07-18T01:42:00.1730000Z,False,False,False,False,False,False,0,False,,,False,False,False,False,0,False,False,0,13388009537,False,B737D812-ABB1-402F-A593-F0D5A7A74990,False,False,True,4,7.316102287122107,1.015593664,,,,,,,,,,"[{'message': 'Great Value', 'qualifier': 'Based on price, view, seat quality and more', 'hasValue': True, 'messageType': 'ValueBased'}, {'message': 'Popular Pick', 'qualifier': '11 tickets sold for this event', 'hasValue': True, 'messageType': 'BoughtInLastHourSocialProofBased'}]",[],,,,10750.0,,,,,,,
13373771975,153020449,311,122904,311,2,8,_,,,,False,False,3,,False,False,"[1, 2, 3]",407,Upper,3,True,"[{'listingNoteId': -1, 'listingNoteContentId': 3338094, 'formattedListingNoteContent': 'Clear view', 'listingNoteTypeId': 3, 'showToBuyer': True, 'hideInMock': False, 'siteAddedListingNote': False, 'aisleListingNoteWithSplit': False, 'listingNoteDescriptionContentId': 3338095, 'formattedListingNoteDescription': ""You'll have an unrestricted view of the show.""}]","[{'listingNoteBucketId': 27, 'formattedListingNoteContent': 'Clear view', 'displayOrder': 8, 'showsRawNoteText': True, 'sourceListingNoteId': -1}]",703745,False,False,Row 8,False,2062511,"¥2,062,511","¥2,062,511",10,Mobile Transfer ticket,3,1,GBP,JPY,GBP,"https://img.vggcdn.net/img/vfsimage2/812551/407_122904/0.jpg?im=Resize=(500,271)&v=771",yesterday,7,False,False,False,False,Off1xvYGSSszn1SF0Q%2fx%2fTNtTIbi40nW1oyD5yfHa%2bQ%3d,False,2026-07-16T16:11:41.9300000Z,False,False,False,False,False,False,0,False,,,False,False,False,False,0,False,False,0,13373771975,False,0B429706-3FC6-4D9A-A4C5-501549573383,False,False,True,3,6.518146490224415,0.9270082586,,,,,,,,,,"[{'message': 'Popular Pick', 'qualifier': '11 tickets sold for this event', 'hasValue': True, 'messageType': 'BoughtInLastHourSocialProofBased'}]",[],,,,1111.0,,,,,,,
13388375288,153020449,204,122837,204,2,12,_,,,,False,False,4,,False,False,"[1, 2, 4]",471,Middle,4,True,"[{'listingNoteId': -1, 'listingNoteContentId': 3338094, 'formattedListingNoteContent': 'Clear view', 'listingNoteTypeId': 3, 'showToBuyer': True, 'hideInMock': False, 'siteAddedListingNote': False, 'aisleListingNoteWithSplit': False, 'listingNoteDescriptionContentId': 3338095, 'formattedListingNoteDescription': ""You'll have an unrestricted view of the show.""}]","[{'listingNoteBucketId': 27, 'formattedListingNoteContent': 'Clear view', 'displayOrder': 8, 'showsRawNoteText': True, 'sourceListingNoteId': -1}]",702764,False,False,Row 12,False,2070360,"¥2,070,360","¥2,070,360",10,Mobile Transfer ticket,3,1,USD,JPY,USD,"https://img.vggcdn.net/img/vfsimage2/812551/471_122837/0.jpg?im=Resize=(500,271)&v=771",9 hours ago,6,False,False,False,False,tzBkizc0qIxnq%2fTlbsepE6BD37cDBWhVuBvnLUwKDQ4%3d,False,2026-07-18T03:16:32.2600000Z,False,False,False,False,False,False,0,False,,,False,False,False,False,0,False,False,0,13388375288,False,2EEF1009-E6E4-4FE0-B5DF-8BCD400CEB63,False,False,True,3,5.889092660561612,0.8664249367,,,,,,,,,,"[{'message': 'Popular Pick', 'qualifier': '11 tickets sold for this event', 'hasValue': True, 'messageType': 'BoughtInLastHourSocialProofBased'}]",[],,,,7380.0,,,,,,,
13131180435,153020449,316,122909,316,2,13,14_14,14,14,14,False,False,1,,False,False,[1],407,Upper,1,True,"[{'listingNoteId': -1, 'listingNoteContentId': 3338094, 'formattedListingNoteContent': 'Clear view', 'listingNoteTypeId': 3, 'showToBuyer': True, 'hideInMock': False, 'siteAddedListingNote': False, 'aisleListingNoteWithSplit': False, 'listingNoteDescriptionContentId': 3338095, 'formattedListingNoteDescription': ""You'll have an unrestricted view of the show.""}]","[{'listingNoteBucketId': 27, 'formattedListingNoteContent': 'Clear view', 'displayOrder': 8, 'showsRawNoteText': True, 'sourceListingNoteId': -1}]",703860,False,False,Row 13,False,2070786,"¥2,070,786","¥2,070,786",10,Mobile Transfer ticket,3,1,USD,JPY,USD,"https://img.vggcdn.net/img/vfsimage2/812551/407_122909/0.jpg?im=Resize=(500,271)&v=771",23 days ago,5,False,False,False,False,FiR7Dxf%2b9RhaojEg0K8ofMzIOwV%2fl0to%2fB6U1VC02nc%3d,False,2026-06-24T15:01:03.1330000Z,False,False,False,False,False,False,0,False,,,False,False,False,False,0,False,False,0,13131180435,False,5A697C0C-7E88-464B-A9C1-60A8B6945F64,False,False,True,3,5.212663763892408,0.8068280863,,,,,,,,,,"[{'message': 'Popular Pick', 'qualifier': '11 tickets sold for this event', 'hasValue': True, 'messageType': 'BoughtInLastHourSocialProofBased'}]",[],"¥4,170,346",50.0,"¥2,099,560",,,,,,,,
13388064370,153020449,126,122797,126,2,43,21_21,21,21,21,False,False,1,,False,False,[1],594,Lower,1,True,"[{'listingNoteId': -1, 'listingNoteContentId': 3338094, 'formattedListingNoteContent': 'Clear view', 'listingNoteTypeId': 3, 'showToBuyer': True, 'hideInMock': False, 'siteAddedListingNote': False, 'aisleListingNoteWithSplit': False, 'listingNoteDescriptionContentId': 3338095, 'formattedListingNoteDescription': ""You'll have an unrestricted view of the show.""}]","[{'listingNoteBucketId': 27, 'formattedListingNoteContent': 'Clear view', 'displayOrder': 8, 'showsRawNoteText': True, 'sourceListingNoteId': -1}]",2112802,False,False,Row 43,False,2076049,"¥2,076,049","¥2,076,049",10,Mobile Transfer ticket,3,1,USD,JPY,USD,"https://img.vggcdn.net/img/vfsimage2/812551/594_122797/0.jpg?im=Resize=(500,271)&v=771",11 hours ago,8,False,False,False,False,lbqZjCVKBDbM%2f22F3U4ffuS4PpsxijyVqA2MAghFd1o%3d,False,2026-07-18T01:53:43.2700000Z,False,False,False,False,False,False,0,False,,,False,False,False,False,0,False,False,0,13388064370,False,48580247-4B4F-4A7F-95D9-31A01CAF608E,False,False,True,4,7.736152372691174,1.080250209,,,,,,,,,,"[{'message': 'Great Value', 'qualifier': 'Based on price, view, seat quality and more', 'hasValue': True, 'messageType': 'ValueBased'}, {'message': 'Popular Pick', 'qualifier': '11 tickets sold for this event', 'hasValue': True, 'messageType': 'BoughtInLastHourSocialProofBased'}]",[],,,,0.0,,,,,,,
13387967343,153020449,227A,1530787,227A,2,9,_,,,,False,False,4,,False,False,"[1, 2, 4]",471,Middle,4,True,"[{'listingNoteId': -1, 'listingNoteContentId': 3338094, 'formattedListingNoteContent': 'Clear view', 'listingNoteTypeId': 3, 'showToBuyer': True, 'hideInMock': False, 'siteAddedListingNote': False, 'aisleListingNoteWithSplit': False, 'listingNoteDescriptionContentId': 3338095, 'formattedListingNoteDescription': ""You'll have an unrestricted view of the show.""}]","[{'listingNoteBucketId': 27, 'formattedListingNoteContent': 'Clear view', 'displayOrder': 8, 'showsRawNoteText': True, 'sourceListingNoteId': -1}]",1593637,False,False,Row 9,False,2082873,"¥2,082,873","¥2,082,873",10,Mobile Transfer ticket,3,1,USD,JPY,USD,"https://img.vggcdn.net/img/vfsimage2/812551/471_1530787/0.jpg?im=Resize=(500,271)&v=771",11 hours ago,9,False,False,False,False,3scDIbuGN4spcZyZMBDaj73edUixs9A2ovfeOtIcc5s%3d,False,2026-07-18T01:33:33.9000000Z,False,False,False,False,False,False,0,False,,,False,False,False,False,0,False,False,0,13387967343,False,5D1980E0-FF35-4438-8243-685CAF83C498,False,False,True,5,8.50069141290506,1.199491418,,,,,,,,,,"[{'message': 'Amazing Value', 'qualifier': 'Based on price, view, seat quality and more', 'hasValue': True, 'messageType': 'ValueBased'}, {'message': 'Popular Pick', 'qualifier': '11 tickets sold for this event', 'hasValue': True, 'messageType': 'BoughtInLastHourSocialProofBased'}]",[],,,,7380.0,,,,,,,
13386258770,153020449,341,122934,341,2,18,_,,,,False,False,6,,False,False,"[1, 2, 3, 4, 6]",407,Upper,6,True,"[{'listingNoteId': -1, 'listingNoteContentId': 3338094, 'formattedListingNoteContent': 'Clear view', 'listingNoteTypeId': 3, 'showToBuyer': True, 'hideInMock': False, 'siteAddedListingNote': False, 'aisleListingNoteWithSplit': False, 'listingNoteDescriptionContentId': 3338095, 'formattedListingNoteDescription': ""You'll have an unrestricted view of the show.""}]","[{'listingNoteBucketId': 27, 'formattedListingNoteContent': 'Clear view', 'displayOrder': 8, 'showsRawNoteText': True, 'sourceListingNoteId': -1}]",704412,False,False,Row 18,False,2084783,"¥2,084,783","¥2,084,783",10,Mobile Transfer ticket,3,1,USD,JPY,USD,"https://img.vggcdn.net/img/vfsimage2/812551/407_122934/0.jpg?im=Resize=(500,271)&v=771",16 hours ago,5,False,False,False,False,nhKBJNhDYrEm3AVuAF%2fo8ZcfF%2fkPMqm6A5WtzQBZqOU%3d,False,2026-07-17T21:07:11.2430000Z,False,False,False,False,False,False,0,False,[7],,False,False,False,False,0,False,False,0,13386258770,False,6029FBBD-215F-4E18-9A52-124CE35D2F79,False,False,True,3,5.165408314900614,0.8083873733,,,,Last tickets,True,,,,,"[{'message': 'Popular Pick', 'qualifier': '11 tickets sold for this event', 'hasValue': True, 'messageType': 'BoughtInLastHourSocialProofBased'}]",[],,,,8340.0,,,,,,,
13388375269,153020449,204,122837,204,2,12,_,,,,False,False,4,,False,False,"[1, 2, 4]",471,Middle,4,True,"[{'listingNoteId': -1, 'listingNoteContentId': 3338094, 'formattedListingNoteContent': 'Clear view', 'listingNoteTypeId': 3, 'showToBuyer': True, 'hideInMock': False, 'siteAddedListingNote': False, 'aisleListingNoteWithSplit': False, 'listingNoteDescriptionContentId': 3338095, 'formattedListingNoteDescription': ""You'll have an unrestricted view of the show.""}]","[{'listingNoteBucketId': 27, 'formattedListingNoteContent': 'Clear view', 'displayOrder': 8, 'showsRawNoteText': True, 'sourceListingNoteId': -1}]",702764,False,False,Row 12,False,2089465,"¥2,089,465","¥2,089,465",10,Mobile Transfer ticket,3,1,USD,JPY,USD,"https://img.vggcdn.net/img/vfsimage2/812551/471_122837/0.jpg?im=Resize=(500,271)&v=771",9 hours ago,6,False,False,False,False,voN8HxCtK81mRqR7a6sSKJYlCIGoS5R5IRxzK0xVOiU%3d,False,2026-07-18T03:16:31.8800000Z,False,False,False,False,False,False,0,False,,,False,False,False,False,0,False,False,0,13388375269,False,857EF679-806C-48D8-9DCD-453D6408A10C,False,False,True,3,5.804820962955048,0.8664249367,,,,,,,,,,"[{'message': 'Popular Pick', 'qualifier': '11 tickets sold for this event', 'hasValue': True, 'messageType': 'BoughtInLastHourSocialProofBased'}]",[],,,,7380.0,,,,,,,
13388375268,153020449,227A,1530787,227A,2,11,_,,,,False,False,4,,False,False,"[1, 2, 4]",471,Middle,4,True,"[{'listingNoteId': -1, 'listingNoteContentId': 3338094, 'formattedListingNoteContent': 'Clear view', 'listingNoteTypeId': 3, 'showToBuyer': True, 'hideInMock': False, 'siteAddedListingNote': False, 'aisleListingNoteWithSplit': False, 'listingNoteDescriptionContentId': 3338095, 'formattedListingNoteDescription': ""You'll have an unrestricted view of the show.""}]","[{'listingNoteBucketId': 27, 'formattedListingNoteContent': 'Clear view', 'displayOrder': 8, 'showsRawNoteText': True, 'sourceListingNoteId': -1}]",1593625,False,False,Row 11,False,2108570,"¥2,108,570","¥2,108,570",10,Mobile Transfer ticket,3,1,USD,JPY,USD,"https://img.vggcdn.net/img/vfsimage2/812551/471_1530787/0.jpg?im=Resize=(500,271)&v=771",9 hours ago,8,False,False,False,False,X8%2fdekfvRqLTHuQ%2fQPZEsOLdehIbwL%2fT8FZHm6tZLb0%3d,False,2026-07-18T03:16:31.8800000Z,False,False,False,False,False,False,0,False,,,False,False,False,False,0,False,False,0,13388375268,False,91EA8691-4B52-4323-98C0-727E1E236FD5,False,False,True,4,7.958410050435926,1.128509577,,,,,,,,,,"[{'message': 'Great Value', 'qualifier': 'Based on price, view, seat quality and more', 'hasValue': True, 'messageType': 'ValueBased'}, {'message': 'Popular Pick', 'qualifier': '11 tickets sold for this event', 'hasValue': True, 'messageType': 'BoughtInLastHourSocialProofBased'}]",[],,,,7380.0,,,,,,,
13354336552,153020449,316,122909,316,2,11,_,,,,False,False,4,,False,False,"[1, 2, 4]",407,Upper,4,True,"[{'listingNoteId': -1, 'listingNoteContentId': 3338094, 'formattedListingNoteContent': 'Clear view', 'listingNoteTypeId': 3, 'showToBuyer': True, 'hideInMock': False, 'siteAddedListingNote': False, 'aisleListingNoteWithSplit': False, 'listingNoteDescriptionContentId': 3338095, 'formattedListingNoteDescription': ""You'll have an unrestricted view of the show.""}]","[{'listingNoteBucketId': 27, 'formattedListingNoteContent': 'Clear view', 'displayOrder': 8, 'showsRawNoteText': True, 'sourceListingNoteId': -1}]",703858,False,False,Row 11,False,2115733,"¥2,115,733","¥2,115,733",10,Mobile Transfer ticket,3,1,USD,JPY,USD,"https://img.vggcdn.net/img/vfsimage2/812551/407_122909/0.jpg?im=Resize=(500,271)&v=771",3 days ago,5,False,False,False,False,vt4M4TpUC7XbcMAvCCuCX5AHGWOPIMC%2fE5THLv6NoW4%3d,False,2026-07-15T00:36:36.5770000Z,False,False,False,False,False,False,0,False,,,False,False,False,False,0,False,False,0,13354336552,False,8C3E3A80-9988-4240-8483-D81255831243,False,False,True,3,5.4369376696573655,0.8436374913,,,,,,,,,,"[{'message': 'Popular Pick', 'qualifier': '11 tickets sold for this event', 'hasValue': True, 'messageType': 'BoughtInLastHourSocialProofBased'}]",[],,,,7380.0,,,,,,,
13390549462,153020449,104,122784,104,2,45,12_12,12,12,12,False,False,1,,False,False,[1],594,Lower,1,True,"[{'listingNoteId': -1, 'listingNoteContentId': 3338094, 'formattedListingNoteContent': 'Clear view', 'listingNoteTypeId': 3, 'showToBuyer': True, 'hideInMock': False, 'siteAddedListingNote': False, 'aisleListingNoteWithSplit': False, 'listingNoteDescriptionContentId': 3338095, 'formattedListingNoteDescription': ""You'll have an unrestricted view of the show.""}]","[{'listingNoteBucketId': 27, 'formattedListingNoteContent': 'Clear view', 'displayOrder': 8, 'showsRawNoteText': True, 'sourceListingNoteId': -1}]",2112198,False,False,Row 45,False,2132545,"¥2,132,545","¥2,132,545",10,Mobile Transfer ticket,3,1,USD,JPY,USD,"https://img.vggcdn.net/img/vfsimage2/812551/594_122784/0.jpg?im=Resize=(500,271)&v=771",35 minutes ago,7,False,False,False,False,Ms4timMUIfja1TMtJNvfINrU5Av%2bs9ddF7koSIclW%2fI%3d,False,2026-07-18T12:35:23.5430000Z,False,False,False,True,False,False,0,False,[6],,False,False,False,False,0,False,False,0,13390549462,False,91078334-10F2-403B-9C34-C0FA9740A11A,False,False,True,3,6.802014164966569,0.9916036226,Fan favorite,This section is in the top 10% of sections for this event when ranked based on a count of successful sales over the past 7 days on our site,True,,,,,,,"[{'message': 'Popular Pick', 'qualifier': '11 tickets sold for this event', 'hasValue': True, 'messageType': 'BoughtInLastHourSocialProofBased'}]",[],,,,,,,,,,,
13388733832,153020449,205A,1530775,205A,2,3,3_3,3,3,3,False,False,1,,False,False,[1],471,Middle,1,True,"[{'listingNoteId': 2027, 'listingNoteContentId': 3415845, 'formattedListingNoteContent': 'Third Row of Section', 'listingNoteTypeId': 6, 'showToBuyer': True, 'hideInMock': False, 'siteAddedListingNote': False, 'aisleListingNoteWithSplit': False, 'listingNoteDescriptionContentId': 3415845, 'formattedListingNoteDescription': 'Third Row of Section'}, {'listingNoteId': -1, 'listingNoteContentId': 3338094, 'formattedListingNoteContent': 'Clear view', 'listingNoteTypeId': 3, 'showToBuyer': True, 'hideInMock': False, 'siteAddedListingNote': False, 'aisleListingNoteWithSplit': False, 'listingNoteDescriptionContentId': 3338095, 'formattedListingNoteDescription': ""You'll have an unrestricted view of the show.""}]","[{'listingNoteBucketId': 14, 'formattedListingNoteContent': 'Third Row of Section', 'displayOrder': 14, 'showsRawNoteText': True, 'sourceListingNoteId': 2027}, {'listingNoteBucketId': 27, 'formattedListingNoteContent': 'Clear view', 'displayOrder': 8, 'showsRawNoteText': True, 'sourceListingNoteId': -1}]",1593534,False,False,Row 3,False,2133071,"¥2,133,071","¥2,133,071",10,Mobile Transfer ticket,3,1,USD,JPY,USD,"https://img.vggcdn.net/img/vfsimage2/812551/471_1530775/0.jpg?im=Resize=(500,271)&v=771",8 hours ago,8,False,False,False,False,rp0yTCZAQJ3mNtGN5YNazNwnVIWWSn2%2bOACN%2fgj6vqU%3d,False,2026-07-18T04:33:03.0530000Z,False,False,False,False,False,False,0,False,,,False,False,False,False,0,False,False,0,13388733832,False,77D2C8E7-20FF-4F53-A1CE-9F2F7ADB5185,False,False,True,4,8.001662444551707,1.148005168,,,,,,,,,,"[{'message': 'Great Value', 'qualifier': 'Based on price, view, seat quality and more', 'hasValue': True, 'messageType': 'ValueBased'}, {'message': 'Hidden gem', 'qualifier': ""Fans haven't spotted this one yet"", 'hasValue': True, 'messageType': 'HiddenGem'}, {'message': 'Third Row', 'qualifier': 'Excellent proximity to the action', 'hasValue': True, 'messageType': 'ThirdRowTicketAttributeBased'}]",[2027],"¥2,843,405",25.0,"¥710,334",7630.0,,,,,,,
13388955631,153020449,319,122912,319,2,1,3_3,,,3,False,False,1,,False,False,[1],478,Loge,1,True,"[{'listingNoteId': 2025, 'listingNoteContentId': 3415843, 'formattedListingNoteContent': 'Front Row of Section', 'listingNoteTypeId': 6, 'showToBuyer': True, 'hideInMock': False, 'siteAddedListingNote': False, 'aisleListingNoteWithSplit': False, 'listingNoteDescriptionContentId': 3415843, 'formattedListingNoteDescription': 'Front Row of Section'}, {'listingNoteId': -1, 'listingNoteContentId': 3338094, 'formattedListingNoteContent': 'Clear view', 'listingNoteTypeId': 3, 'showToBuyer': True, 'hideInMock': False, 'siteAddedListingNote': False, 'aisleListingNoteWithSplit': False, 'listingNoteDescriptionContentId': 3338095, 'formattedListingNoteDescription': ""You'll have an unrestricted view of the show.""}]","[{'listingNoteBucketId': 14, 'formattedListingNoteContent': 'Front Row of Section', 'displayOrder': 14, 'showsRawNoteText': True, 'sourceListingNoteId': 2025}, {'listingNoteBucketId': 27, 'formattedListingNoteContent': 'Clear view', 'displayOrder': 8, 'showsRawNoteText': True, 'sourceListingNoteId': -1}]",1591109,False,False,Row 1,False,2142936,"¥2,142,936","¥2,142,936",10,Mobile Transfer ticket,3,14,USD,JPY,USD,"https://img.vggcdn.net/img/vfsimage2/812551/478_122912/0.jpg?im=Resize=(500,271)&v=771",8 hours ago,7,False,False,False,False,zkIyVyw03zOXLP42oU8dQueDywfNr%2bVsOG3mlHJxeq0%3d,False,2026-07-18T05:03:44.6170000Z,False,False,False,False,False,False,0,False,,,False,False,False,False,0,False,False,0,13388955631,False,4BB51607-4A44-4B14-A3C7-3A55A555F785,False,False,True,3,6.751803696199673,0.9903846434,,,,,,,,,,"[{'message': 'Popular Pick', 'qualifier': '11 tickets sold for this event', 'hasValue': True, 'messageType': 'BoughtInLastHourSocialProofBased'}, {'message': 'Front Row', 'qualifier': 'Best seats in the house', 'hasValue': True, 'messageType': 'FirstRowTicketAttributeBased'}]",[2025],,,,0.0,,,,,,,
13388321729,153020449,205A,1530775,205A,2,2,_,,,,False,False,4,,False,False,"[1, 2, 4]",471,Middle,4,True,"[{'listingNoteId': 810, 'listingNoteContentId': 2446052, 'formattedListingNoteContent': 'Actual 2nd row of section', 'listingNoteTypeId': 3, 'showToBuyer': True, 'hideInMock': False, 'siteAddedListingNote': False, 'aisleListingNoteWithSplit': False, 'listingNoteDescriptionContentId': 2446053, 'formattedListingNoteDescription': 'Actual 2nd row of section'}, {'listingNoteId': -1, 'listingNoteContentId': 3338094, 'formattedListingNoteContent': 'Clear view', 'listingNoteTypeId': 3, 'showToBuyer': True, 'hideInMock': False, 'siteAddedListingNote': False, 'aisleListingNoteWithSplit': False, 'listingNoteDescriptionContentId': 3338095, 'formattedListingNoteDescription': ""You'll have an unrestricted view of the show.""}]","[{'listingNoteBucketId': 14, 'formattedListingNoteContent': 'Actual 2nd row of section', 'displayOrder': 14, 'showsRawNoteText': True, 'sourceListingNoteId': 810}, {'listingNoteBucketId': 27, 'formattedListingNoteContent': 'Clear view', 'displayOrder': 8, 'showsRawNoteText': True, 'sourceListingNoteId': -1}]",1593533,False,False,Row 2,False,2144866,"¥2,144,866","¥2,144,866",10,Mobile Transfer ticket,3,1,USD,JPY,USD,"https://img.vggcdn.net/img/vfsimage2/812551/471_1530775/0.jpg?im=Resize=(500,271)&v=771",10 hours ago,8,False,False,False,False,VNmzPi8XmJ5RZpmv24M1jHKfH%2bXSEBPR8xYH6UuSN18%3d,False,2026-07-18T03:03:41.5300000Z,False,False,False,False,False,False,0,False,,,False,False,False,False,0,False,False,0,13388321729,False,C116279A-F8E9-48FB-897C-056204784003,False,False,True,4,8.265104792208549,1.195032793,,,,,,,,,,"[{'message': 'Great Value', 'qualifier': 'Based on price, view, seat quality and more', 'hasValue': True, 'messageType': 'ValueBased'}, {'message': 'Hidden gem', 'qualifier': ""Fans haven't spotted this one yet"", 'hasValue': True, 'messageType': 'HiddenGem'}, {'message': 'Second Row', 'qualifier': 'Premium close-up view', 'hasValue': True, 'messageType': 'SecondRowTicketAttributeBased'}]",[810],,,,7380.0,,,,,,,
13388375279,153020449,225A,1530785,225A,2,9,_,,,,False,False,4,,False,False,"[1, 2, 4]",471,Middle,4,True,"[{'listingNoteId': -1, 'listingNoteContentId': 3338094, 'formattedListingNoteContent': 'Clear view', 'listingNoteTypeId': 3, 'showToBuyer': True, 'hideInMock': False, 'siteAddedListingNote': False, 'aisleListingNoteWithSplit': False, 'listingNoteDescriptionContentId': 3338095, 'formattedListingNoteDescription': ""You'll have an unrestricted view of the show.""}]","[{'listingNoteBucketId': 27, 'formattedListingNoteContent': 'Clear view', 'displayOrder': 8, 'showsRawNoteText': True, 'sourceListingNoteId': -1}]",1593622,False,False,Row 9,False,2146780,"¥2,146,780","¥2,146,780",10,Mobile Transfer ticket,3,1,USD,JPY,USD,"https://img.vggcdn.net/img/vfsimage2/812551/471_1530785/0.jpg?im=Resize=(500,271)&v=771",9 hours ago,7,False,False,False,False,hG92dTWYCyekxpMVT2sazDeIExv3qxBIlXNe7YgTyB0%3d,False,2026-07-18T03:16:32.0700000Z,False,False,False,False,False,False,0,False,,,False,False,False,False,0,False,False,0,13388375279,False,91A3C5E0-FB15-483F-8CCC-D1317E3312ED,False,False,True,4,7.29309512236688,1.058476426,,,,,,,,,,"[{'message': 'Great Value', 'qualifier': 'Based on price, view, seat quality and more', 'hasValue': True, 'messageType': 'ValueBased'}, {'message': 'Popular Pick', 'qualifier': '11 tickets sold for this event', 'hasValue': True, 'messageType': 'BoughtInLastHourSocialProofBased'}]",[],,,,7380.0,,,,,,,
13354520864,153020449,347,122940,347,2,16,5_7,,,5,False,False,3,,False,False,"[1, 2, 3]",407,Upper,3,True,"[{'listingNoteId': -1, 'listingNoteContentId': 3338094, 'formattedListingNoteContent': 'Clear view', 'listingNoteTypeId': 3, 'showToBuyer': True, 'hideInMock': False, 'siteAddedListingNote': False, 'aisleListingNoteWithSplit': False, 'listingNoteDescriptionContentId': 3338095, 'formattedListingNoteDescription': ""You'll have an unrestricted view of the show.""}]","[{'listingNoteBucketId': 27, 'formattedListingNoteContent': 'Clear view', 'displayOrder': 8, 'showsRawNoteText': True, 'sourceListingNoteId': -1}]",2113976,False,False,Row 16,False,2157935,"¥2,157,935","¥2,157,935",10,Mobile Transfer ticket,3,1,EUR,JPY,EUR,"https://img.vggcdn.net/img/vfsimage2/812551/407_122940/0.jpg?im=Resize=(500,271)&v=771",3 days ago,4,False,False,False,False,PKB1Vpvak4jBcC%2boMr7S1Ss%2bwfd9r8vBN3ErjH1YiCo%3d,False,2026-07-15T00:57:58.7930000Z,False,False,False,False,False,False,0,False,,,False,False,False,False,0,False,False,0,13354520864,False,6979F43E-093C-49BF-B8EA-D46BF5220345,False,False,True,2,4.4793184029387945,0.7558231346,,,,,,,,,,"[{'message': 'Popular Pick', 'qualifier': '11 tickets sold for this event', 'hasValue': True, 'messageType': 'BoughtInLastHourSocialProofBased'}]",[],,,,5059.0,,,,,,,
13388298123,153020449,126,122797,126,2,29,_,,,,False,False,4,,False,False,"[1, 2, 4]",594,Lower,4,True,"[{'listingNoteId': -1, 'listingNoteContentId': 3338094, 'formattedListingNoteContent': 'Clear view', 'listingNoteTypeId': 3, 'showToBuyer': True, 'hideInMock': False, 'siteAddedListingNote': False, 'aisleListingNoteWithSplit': False, 'listingNoteDescriptionContentId': 3338095, 'formattedListingNoteDescription': ""You'll have an unrestricted view of the show.""}]","[{'listingNoteBucketId': 27, 'formattedListingNoteContent': 'Clear view', 'displayOrder': 8, 'showsRawNoteText': True, 'sourceListingNoteId': -1}]",2112786,False,False,Row 29,False,2164361,"¥2,164,361","¥2,164,361",10,Mobile Transfer ticket,3,1,USD,JPY,USD,"https://img.vggcdn.net/img/vfsimage2/812551/594_122797/0.jpg?im=Resize=(500,271)&v=771",10 hours ago,9,False,False,False,False,MNX7NiVvdwIdYDjJfBEp37l6rv9lByKwMQQEdkeX%2bZg%3d,False,2026-07-18T02:54:52.6000000Z,False,False,False,False,False,False,0,False,,,False,False,False,False,0,False,False,0,13388298123,False,341BF8AA-7059-47F4-8F06-618CDB408CAD,False,False,True,5,8.688774234536847,1.296988872,,,,,,,,,,"[{'message': 'Amazing Value', 'qualifier': 'Based on price, view, seat quality and more', 'hasValue': True, 'messageType': 'ValueBased'}, {'message': 'Popular Pick', 'qualifier': '11 tickets sold for this event', 'hasValue': True, 'messageType': 'BoughtInLastHourSocialProofBased'}]",[],,,,10990.0,,,,,,,
13378238832,153020449,103,122783,103,2,41,18_18,18,18,18,False,False,1,,False,False,[1],594,Lower,1,True,"[{'listingNoteId': -1, 'listingNoteContentId': 3338094, 'formattedListingNoteContent': 'Clear view', 'listingNoteTypeId': 3, 'showToBuyer': True, 'hideInMock': False, 'siteAddedListingNote': False, 'aisleListingNoteWithSplit': False, 'listingNoteDescriptionContentId': 3338095, 'formattedListingNoteDescription': ""You'll have an unrestricted view of the show.""}]","[{'listingNoteBucketId': 27, 'formattedListingNoteContent': 'Clear view', 'displayOrder': 8, 'showsRawNoteText': True, 'sourceListingNoteId': -1}]",2112145,False,False,Row 41,False,2195155,"¥2,195,155","¥2,195,155",10,Mobile Transfer ticket,3,1,MXN,JPY,MXN,"https://img.vggcdn.net/img/vfsimage2/812551/594_122783/0.jpg?im=Resize=(500,271)&v=771",yesterday,6,False,False,False,False,qI9zRs1G2UL0CRuZv6IU6ftwvwU69XdCa7BD2YaRIvo%3d,False,2026-07-17T00:41:35.0770000Z,False,False,False,True,False,False,0,False,[6],,False,False,False,False,0,False,False,0,13378238832,False,5751074D-8FFC-4F58-8937-4146BC4487D6,False,False,True,3,6.406716399993592,0.9738733428,Fan favorite,This section is in the top 10% of sections for this event when ranked based on a count of successful sales over the past 7 days on our site,True,,,,,,,"[{'message': 'Popular Pick', 'qualifier': '11 tickets sold for this event', 'hasValue': True, 'messageType': 'BoughtInLastHourSocialProofBased'}]",[],,,,205510.0,,,,,,,
13388375267,153020449,204,122837,204,2,8,_,,,,False,False,4,,False,False,"[1, 2, 4]",471,Middle,4,True,"[{'listingNoteId': -1, 'listingNoteContentId': 3338094, 'formattedListingNoteContent': 'Clear view', 'listingNoteTypeId': 3, 'showToBuyer': True, 'hideInMock': False, 'siteAddedListingNote': False, 'aisleListingNoteWithSplit': False, 'listingNoteDescriptionContentId': 3338095, 'formattedListingNoteDescription': ""You'll have an unrestricted view of the show.""}]","[{'listingNoteBucketId': 27, 'formattedListingNoteContent': 'Clear view', 'displayOrder': 8, 'showsRawNoteText': True, 'sourceListingNoteId': -1}]",702760,False,False,Row 8,False,2204094,"¥2,204,094","¥2,204,094",10,Mobile Transfer ticket,3,1,USD,JPY,USD,"https://img.vggcdn.net/img/vfsimage2/812551/471_122837/0.jpg?im=Resize=(500,271)&v=771",9 hours ago,6,False,False,False,False,kBCIzcfyxAlR7r4F2woRx9GrLZZrBV0KopiLAKA8Idc%3d,False,2026-07-18T03:16:31.8770000Z,False,False,False,False,False,False,0,False,,,False,False,False,False,0,False,False,0,13388375267,False,A7A9CF5E-045A-4A21-BA3D-ED96EB76D0DE,False,False,True,3,6.460336478297345,0.983966288,,,,,,,,,,"[{'message': 'Popular Pick', 'qualifier': '11 tickets sold for this event', 'hasValue': True, 'messageType': 'BoughtInLastHourSocialProofBased'}]",[],,,,7380.0,,,,,,,
13388375273,153020449,225A,1530785,225A,2,8,_,,,,False,False,4,,False,False,"[1, 2, 4]",471,Middle,4,True,"[{'listingNoteId': -1, 'listingNoteContentId': 3338094, 'formattedListingNoteContent': 'Clear view', 'listingNoteTypeId': 3, 'showToBuyer': True, 'hideInMock': False, 'siteAddedListingNote': False, 'aisleListingNoteWithSplit': False, 'listingNoteDescriptionContentId': 3338095, 'formattedListingNoteDescription': ""You'll have an unrestricted view of the show.""}]","[{'listingNoteBucketId': 27, 'formattedListingNoteContent': 'Clear view', 'displayOrder': 8, 'showsRawNoteText': True, 'sourceListingNoteId': -1}]",1593621,False,False,Row 8,False,2223199,"¥2,223,199","¥2,223,199",10,Mobile Transfer ticket,3,1,USD,JPY,USD,"https://img.vggcdn.net/img/vfsimage2/812551/471_1530785/0.jpg?im=Resize=(500,271)&v=771",9 hours ago,7,False,False,False,False,j8wRLll08f1McRS6XWQp9cRnq1EPPF7uFUMYOMGowuA%3d,False,2026-07-18T03:16:31.9700000Z,False,False,False,False,False,False,0,False,,,False,False,False,False,0,False,False,0,13388375273,False,2560A8E6-E5E9-4DAC-BC29-31579A34947B,False,False,True,4,7.3419273393212885,1.102536312,,,,,,,,,,"[{'message': 'Great Value', 'qualifier': 'Based on price, view, seat quality and more', 'hasValue': True, 'messageType': 'ValueBased'}, {'message': 'Popular Pick', 'qualifier': '11 tickets sold for this event', 'hasValue': True, 'messageType': 'BoughtInLastHourSocialProofBased'}]",[],,,,7380.0,,,,,,,
13364211724,153020449,318,122911,318,2,5,16_16,16,16,16,False,False,1,,False,False,[1],407,Upper,1,True,"[{'listingNoteId': -1, 'listingNoteContentId': 3338094, 'formattedListingNoteContent': 'Clear view', 'listingNoteTypeId': 3, 'showToBuyer': True, 'hideInMock': False, 'siteAddedListingNote': False, 'aisleListingNoteWithSplit': False, 'listingNoteDescriptionContentId': 3338095, 'formattedListingNoteDescription': ""You'll have an unrestricted view of the show.""}]","[{'listingNoteBucketId': 27, 'formattedListingNoteContent': 'Clear view', 'displayOrder': 8, 'showsRawNoteText': True, 'sourceListingNoteId': -1}]",703896,False,False,Row 5,False,2228108,"¥2,228,108","¥2,228,108",10,Mobile Transfer ticket,3,1,USD,JPY,USD,"https://img.vggcdn.net/img/vfsimage2/812551/407_122911/0.jpg?im=Resize=(500,271)&v=771",2 days ago,6,False,False,False,False,ILFzjXElhDdaRPjqrdnoZ7jzkh74MOvwiCJAfRTkTPc%3d,False,2026-07-15T21:27:47.2830000Z,False,False,False,False,False,False,0,False,[7],,False,False,False,False,0,False,False,0,13364211724,False,43672B48-C75A-47CF-9BD7-6D55BAACB2E9,False,False,True,3,6.185781553167984,0.9637732843,,,,Last ticket,True,,,,,"[{'message': 'Popular Pick', 'qualifier': '11 tickets sold for this event', 'hasValue': True, 'messageType': 'BoughtInLastHourSocialProofBased'}]",[],,,,,,,,,,,
13342605089,153020449,104,122784,104,2,23,17_17,17,17,17,False,False,1,,False,False,[1],594,Lower,1,True,"[{'listingNoteId': -1, 'listingNoteContentId': 3338094, 'formattedListingNoteContent': 'Clear view', 'listingNoteTypeId': 3, 'showToBuyer': True, 'hideInMock': False, 'siteAddedListingNote': False, 'aisleListingNoteWithSplit': False, 'listingNoteDescriptionContentId': 3338095, 'formattedListingNoteDescription': ""You'll have an unrestricted view of the show.""}]","[{'listingNoteBucketId': 27, 'formattedListingNoteContent': 'Clear view', 'displayOrder': 8, 'showsRawNoteText': True, 'sourceListingNoteId': -1}]",2112174,False,False,Row 23,False,2228693,"¥2,228,693","¥2,228,693",10,Mobile Transfer ticket,3,1,USD,JPY,USD,"https://img.vggcdn.net/img/vfsimage2/812551/594_122784/0.jpg?im=Resize=(500,271)&v=771",5 days ago,8,False,False,False,False,9pHjFlGWSiB0eLBtX%2fEuRpf7Pg7DRfWXJQJ57ccUp74%3d,False,2026-07-13T07:40:57.6000000Z,False,False,False,True,False,False,0,False,[6],,False,False,False,False,0,False,False,0,13342605089,False,8503CAC2-DEC1-4E3C-BB52-C7241234E8B7,False,False,True,4,8.477573154964652,1.27807123,Fan favorite,This section is in the top 10% of sections for this event when ranked based on a count of successful sales over the past 7 days on our site,True,,,,,,,"[{'message': 'Great Value', 'qualifier': 'Based on price, view, seat quality and more', 'hasValue': True, 'messageType': 'ValueBased'}, {'message': 'Popular Pick', 'qualifier': '11 tickets sold for this event', 'hasValue': True, 'messageType': 'BoughtInLastHourSocialProofBased'}]",[],,,,,,,,,,,
13375642950,153020449,Argentina Supporters,2449432,Argentina Supporters,3,,_,,,,False,False,2,,False,False,"[1, 2]",36868,Argentina Supporters,2,True,"[{'listingNoteId': -1, 'listingNoteContentId': 3338094, 'formattedListingNoteContent': 'Clear view', 'listingNoteTypeId': 3, 'showToBuyer': True, 'hideInMock': False, 'siteAddedListingNote': False, 'aisleListingNoteWithSplit': False, 'listingNoteDescriptionContentId': 3338095, 'formattedListingNoteDescription': ""You'll have an unrestricted view of the show.""}]","[{'listingNoteBucketId': 27, 'formattedListingNoteContent': 'Clear view', 'displayOrder': 8, 'showsRawNoteText': True, 'sourceListingNoteId': -1}]",4849984,False,False,Row,True,2230626,"¥2,230,626","¥2,230,626",10,Mobile Transfer ticket,3,1,EUR,JPY,EUR,"https://img.vggcdn.net/img/vfsimage2/812551/36868_2449432/0.jpg?im=Resize=(500,271)&v=771",yesterday,0,False,False,True,True,R3Ot6TLQGRnNyQ0I%2bawptbpUuL7C2FIeDnOAA74O7Wc%3d,False,2026-07-16T19:32:05.2900000Z,False,False,False,False,False,False,0,False,[7],,False,False,False,False,0,False,False,0,13375642950,False,B80BC71A-F7D7-4F7C-AD56-71741D81159F,False,False,True,0,,,,,,Last tickets,True,,,,,"[{'message': 'Popular Pick', 'qualifier': '11 tickets sold for this event', 'hasValue': True, 'messageType': 'BoughtInLastHourSocialProofBased'}]",[],,,,1000.0,,,,,,,
13303441840,153020449,228B,1530790,228B,2,8,22_23,,,22,False,False,2,,False,False,"[1, 2]",471,Middle,2,True,"[{'listingNoteId': -1, 'listingNoteContentId': 3338094, 'formattedListingNoteContent': 'Clear view', 'listingNoteTypeId': 3, 'showToBuyer': True, 'hideInMock': False, 'siteAddedListingNote': False, 'aisleListingNoteWithSplit': False, 'listingNoteDescriptionContentId': 3338095, 'formattedListingNoteDescription': ""You'll have an unrestricted view of the show.""}]","[{'listingNoteBucketId': 27, 'formattedListingNoteContent': 'Clear view', 'displayOrder': 8, 'showsRawNoteText': True, 'sourceListingNoteId': -1}]",2113518,False,False,Row 8,False,2242339,"¥2,242,339","¥2,242,339",10,Mobile Transfer ticket,3,1,USD,JPY,USD,"https://img.vggcdn.net/img/vfsimage2/812551/471_1530790/0.jpg?im=Resize=(500,271)&v=771",8 days ago,6,False,False,False,False,IKEGJ3U41I5Eu8jBhIdr0HfmgoCJD0vmUYz9k1fmFdk%3d,False,2026-07-09T15:50:11.5470000Z,False,False,False,False,False,False,0,False,,,False,False,False,False,0,False,False,0,13303441840,False,E7716784-D1E6-4B67-A91C-FAEB9D07ECFA,False,False,True,3,6.384477322844704,0.9922490341,,,,,,,,,,"[{'message': 'Popular Pick', 'qualifier': '11 tickets sold for this event', 'hasValue': True, 'messageType': 'BoughtInLastHourSocialProofBased'}]",[],,,,500.0,,,,,,,
13388384380,153020449,227A,1530787,227A,2,8,_,,,,False,False,4,,False,False,"[1, 2, 4]",471,Middle,4,True,"[{'listingNoteId': -1, 'listingNoteContentId': 3338094, 'formattedListingNoteContent': 'Clear view', 'listingNoteTypeId': 3, 'showToBuyer': True, 'hideInMock': False, 'siteAddedListingNote': False, 'aisleListingNoteWithSplit': False, 'listingNoteDescriptionContentId': 3338095, 'formattedListingNoteDescription': ""You'll have an unrestricted view of the show.""}]","[{'listingNoteBucketId': 27, 'formattedListingNoteContent': 'Clear view', 'displayOrder': 8, 'showsRawNoteText': True, 'sourceListingNoteId': -1}]",1593636,False,False,Row 8,False,2261408,"¥2,261,408","¥2,261,408",10,Mobile Transfer ticket,3,1,USD,JPY,USD,"https://img.vggcdn.net/img/vfsimage2/812551/471_1530787/0.jpg?im=Resize=(500,271)&v=771",9 hours ago,8,False,False,False,False,06aC9GZ8Cvhw8aI7z9%2bn9eyK3mmBaEM3Z9VUDvKP9Iw%3d,False,2026-07-18T03:19:44.3100000Z,False,False,False,False,False,False,0,False,,,False,False,False,False,0,False,False,0,13388384380,False,02EC7453-AEE9-4290-9940-E104D88BECB3,False,False,True,4,8.123474887212474,1.236552798,,,,,,,,,,"[{'message': 'Great Value', 'qualifier': 'Based on price, view, seat quality and more', 'hasValue': True, 'messageType': 'ValueBased'}, {'message': 'Popular Pick', 'qualifier': '11 tickets sold for this event', 'hasValue': True, 'messageType': 'BoughtInLastHourSocialProofBased'}]",[],,,,7380.0,,,,,,,
13321902226,153020449,344,122937,344,2,3,13_13,13,13,13,False,False,1,,False,False,[1],478,Loge,1,True,"[{'listingNoteId': -1, 'listingNoteContentId': 3338094, 'formattedListingNoteContent': 'Clear view', 'listingNoteTypeId': 3, 'showToBuyer': True, 'hideInMock': False, 'siteAddedListingNote': False, 'aisleListingNoteWithSplit': False, 'listingNoteDescriptionContentId': 3338095, 'formattedListingNoteDescription': ""You'll have an unrestricted view of the show.""}]","[{'listingNoteBucketId': 27, 'formattedListingNoteContent': 'Clear view', 'displayOrder': 8, 'showsRawNoteText': True, 'sourceListingNoteId': -1}]",1591267,False,False,Row 3,False,2279750,"¥2,279,750","¥2,279,750",10,Mobile Transfer ticket,3,1,USD,JPY,USD,"https://img.vggcdn.net/img/vfsimage2/812551/478_122937/0.jpg?im=Resize=(500,271)&v=771",7 days ago,5,False,False,False,False,7ByhPC%2fbL%2f7Tnuj6aOWue0gqPFPwR8hxtno5vAaJ%2b2k%3d,False,2026-07-11T01:59:46.4600000Z,False,False,False,False,False,False,0,False,,,False,False,False,False,0,False,False,0,13321902226,False,C1BF7957-D81B-492B-96F9-3739BFD65500,False,False,True,3,5.038267519326272,0.8727423851,,,,,,,,,,"[{'message': 'Popular Pick', 'qualifier': '11 tickets sold for this event', 'hasValue': True, 'messageType': 'BoughtInLastHourSocialProofBased'}]",[],"¥3,222,495",29.0,"¥942,745",,,,,,,,
13377987103,153020449,334,122927,334,2,,_,,,,False,False,2,,False,False,"[1, 2]",407,Upper,2,True,"[{'listingNoteId': -1, 'listingNoteContentId': 3338094, 'formattedListingNoteContent': 'Clear view', 'listingNoteTypeId': 3, 'showToBuyer': True, 'hideInMock': False, 'siteAddedListingNote': False, 'aisleListingNoteWithSplit': False, 'listingNoteDescriptionContentId': 3338095, 'formattedListingNoteDescription': ""You'll have an unrestricted view of the show.""}]","[{'listingNoteBucketId': 27, 'formattedListingNoteContent': 'Clear view', 'displayOrder': 8, 'showsRawNoteText': True, 'sourceListingNoteId': -1}]",108899,False,False,Row,True,2280627,"¥2,280,627","¥2,280,627",10,Mobile Transfer ticket,3,1,USD,JPY,USD,"https://img.vggcdn.net/img/vfsimage2/812551/407_122927/0.jpg?im=Resize=(500,271)&v=771",yesterday,3,False,False,False,False,ofZxfrFxb0ereAmj5He%2f3HvGVbyuBcSJ0JO4UmflgHs%3d,False,2026-07-17T00:14:48.3470000Z,False,False,False,True,False,False,0,False,[6],[7],False,False,False,False,0,False,False,0,13377987103,False,111CF3D3-1EB8-4F98-BF8A-12D9A92437A3,False,False,True,2,3.109694971097203,0.6587196376,Fan favorite,This section is in the top 10% of sections for this event when ranked based on a count of successful sales over the past 7 days on our site,True,Last tickets,True,,,,,"[{'message': 'Popular Pick', 'qualifier': '11 tickets sold for this event', 'hasValue': True, 'messageType': 'BoughtInLastHourSocialProofBased'}]",[],,,,10000.0,,,,,,,
13285866325,153020449,323,122916,323,2,5,19_19,19,19,19,False,False,1,,False,False,[1],407,Upper,1,True,"[{'listingNoteId': 811, 'listingNoteContentId': 2446054, 'formattedListingNoteContent': 'Actual 1st row of the section', 'listingNoteTypeId': 3, 'showToBuyer': True, 'hideInMock': False, 'siteAddedListingNote': False, 'aisleListingNoteWithSplit': False, 'listingNoteDescriptionContentId': 2446055, 'formattedListingNoteDescription': 'Actual 1st row of the section'}, {'listingNoteId': -1, 'listingNoteContentId': 3338094, 'formattedListingNoteContent': 'Clear view', 'listingNoteTypeId': 3, 'showToBuyer': True, 'hideInMock': False, 'siteAddedListingNote': False, 'aisleListingNoteWithSplit': False, 'listingNoteDescriptionContentId': 3338095, 'formattedListingNoteDescription': ""You'll have an unrestricted view of the show.""}]","[{'listingNoteBucketId': 0, 'formattedListingNoteContent': 'Actual 1st row of the section', 'displayOrder': 30, 'showsRawNoteText': True, 'sourceListingNoteId': 811}, {'listingNoteBucketId': 27, 'formattedListingNoteContent': 'Clear view', 'displayOrder': 8, 'showsRawNoteText': True, 'sourceListingNoteId': -1}]",2113770,False,False,Row 5,False,2281153,"¥2,281,153","¥2,281,153",10,Mobile Transfer ticket,3,1,USD,JPY,USD,"https://img.vggcdn.net/img/vfsimage2/812551/407_122916/0.jpg?im=Resize=(500,271)&v=771",9 days ago,4,False,False,False,False,87dPHZm%2baJOkesQSkmhNg3KyKaQn3Fqud5h7dPC67FM%3d,False,2026-07-08T14:20:34.4970000Z,False,False,False,False,False,False,0,False,[7],,False,False,False,False,0,False,False,0,13285866325,False,BB364014-0F02-4084-A59C-C8207931D5C3,False,False,True,2,4.4910093650699245,0.8004422494,,,,Last ticket,True,,,,,"[{'message': 'Popular Pick', 'qualifier': '11 tickets sold for this event', 'hasValue': True, 'messageType': 'BoughtInLastHourSocialProofBased'}, {'message': 'Front Row', 'qualifier': 'Best seats in the house', 'hasValue': True, 'messageType': 'FirstRowTicketAttributeBased'}]",[811],,,,,,,,,,,
13387903270,153020449,118,122793,118,2,14,4_4,4,4,4,False,False,1,,False,False,[1],594,Lower,1,True,"[{'listingNoteId': 814, 'listingNoteContentId': 2446060, 'formattedListingNoteContent': 'Limited or Obstructed View (printed on ticket)', 'listingNoteTypeId': 1, 'showToBuyer': True, 'hideInMock': False, 'siteAddedListingNote': False, 'aisleListingNoteWithSplit': False, 'listingNoteDescriptionContentId': 2446061, 'formattedListingNoteDescription': 'Limited or Obstructed View (printed on ticket)'}]","[{'listingNoteBucketId': 21, 'formattedListingNoteContent': 'Limited view', 'displayOrder': 21, 'showsRawNoteText': False}]",2112590,False,False,Row 14,False,2281329,"¥2,281,329","¥2,281,329",10,Mobile Transfer ticket,3,1,USD,JPY,USD,"https://img.vggcdn.net/img/vfsimage2/812551/594_122793/0.jpg?im=Resize=(500,271)&v=771",11 hours ago,9,False,False,False,False,ILFzjXElhDdaRPjqrdnoZ7jzkh74MOvwiCJAfRTkTPc%3d,False,2026-07-18T01:20:39.6100000Z,False,False,False,False,False,False,0,False,,,False,False,False,False,0,False,False,0,13387903270,False,40E4005C-F5C1-40D8-8327-DC3DFDDD3F71,False,False,True,5,9.442079022259364,1.63228883,,,,,,,,,,"[{'message': 'Amazing Value', 'qualifier': 'Based on price, view, seat quality and more', 'hasValue': True, 'messageType': 'ValueBased'}, {'message': 'Popular Pick', 'qualifier': '11 tickets sold for this event', 'hasValue': True, 'messageType': 'BoughtInLastHourSocialProofBased'}]",[],"¥3,980,729",43.0,"¥1,699,400",0.0,,,,,,,
13390620576,153020449,118,122793,118,2,15,12_12,12,12,12,False,False,1,,False,False,[1],594,Lower,1,True,"[{'listingNoteId': -1, 'listingNoteContentId': 3338094, 'formattedListingNoteContent': 'Clear view', 'listingNoteTypeId': 3, 'showToBuyer': True, 'hideInMock': False, 'siteAddedListingNote': False, 'aisleListingNoteWithSplit': False, 'listingNoteDescriptionContentId': 3338095, 'formattedListingNoteDescription': ""You'll have an unrestricted view of the show.""}]","[{'listingNoteBucketId': 27, 'formattedListingNoteContent': 'Clear view', 'displayOrder': 8, 'showsRawNoteText': True, 'sourceListingNoteId': -1}]",2112591,False,False,Row 15,False,2281329,"¥2,281,329","¥2,281,329",10,Mobile Transfer ticket,3,1,USD,JPY,USD,"https://img.vggcdn.net/img/vfsimage2/812551/594_122793/0.jpg?im=Resize=(500,271)&v=771",26 minutes ago,9,False,False,False,False,ILFzjXElhDdaRPjqrdnoZ7jzkh74MOvwiCJAfRTkTPc%3d,False,2026-07-18T12:44:32.9400000Z,False,False,False,False,False,False,0,False,,,False,False,False,False,0,False,False,0,13390620576,False,CCC4997E-7779-4815-9921-23231E98EEE8,False,False,True,5,9.395458896774223,1.612925571,,,,,,,,,,"[{'message': 'Amazing Value', 'qualifier': 'Based on price, view, seat quality and more', 'hasValue': True, 'messageType': 'ValueBased'}, {'message': 'Popular Pick', 'qualifier': '11 tickets sold for this event', 'hasValue': True, 'messageType': 'BoughtInLastHourSocialProofBased'}]",[],,,,,,,,,,,
13388596279,153020449,101,122782,101,2,17,10_10,,,10,False,False,1,,False,False,[1],594,Lower,1,True,"[{'listingNoteId': -1, 'listingNoteContentId': 3338094, 'formattedListingNoteContent': 'Clear view', 'listingNoteTypeId': 3, 'showToBuyer': True, 'hideInMock': False, 'siteAddedListingNote': False, 'aisleListingNoteWithSplit': False, 'listingNoteDescriptionContentId': 3338095, 'formattedListingNoteDescription': ""You'll have an unrestricted view of the show.""}]","[{'listingNoteBucketId': 27, 'formattedListingNoteContent': 'Clear view', 'displayOrder': 8, 'showsRawNoteText': True, 'sourceListingNoteId': -1}]",2112071,False,False,Row 17,False,2289109,"¥2,289,109","¥2,289,109",10,Mobile Transfer ticket,3,14,USD,JPY,USD,"https://img.vggcdn.net/img/vfsimage2/812551/594_122782/0.jpg?im=Resize=(500,271)&v=771",8 hours ago,9,False,False,False,False,BOOZQDuHQpGqvLEmfbFYzIs8B0Ip1WxtBU%2bZgivlwCM%3d,False,2026-07-18T04:10:51.4000000Z,False,False,False,False,False,False,0,False,,,False,False,False,False,0,False,False,0,13388596279,False,1ACEADF4-2A09-4962-8242-67C3223EB3CF,False,False,True,5,8.739840482768603,1.387036462,,,,,,,,,,"[{'message': 'Amazing Value', 'qualifier': 'Based on price, view, seat quality and more', 'hasValue': True, 'messageType': 'ValueBased'}, {'message': 'Popular Pick', 'qualifier': '11 tickets sold for this event', 'hasValue': True, 'messageType': 'BoughtInLastHourSocialProofBased'}]",[],,,,0.0,,,,,,,
13388297534,153020449,126,122797,126,2,28,_,,,,False,False,4,,False,False,"[1, 2, 4]",594,Lower,4,True,"[{'listingNoteId': -1, 'listingNoteContentId': 3338094, 'formattedListingNoteContent': 'Clear view', 'listingNoteTypeId': 3, 'showToBuyer': True, 'hideInMock': False, 'siteAddedListingNote': False, 'aisleListingNoteWithSplit': False, 'listingNoteDescriptionContentId': 3338095, 'formattedListingNoteDescription': ""You'll have an unrestricted view of the show.""}]","[{'listingNoteBucketId': 27, 'formattedListingNoteContent': 'Clear view', 'displayOrder': 8, 'showsRawNoteText': True, 'sourceListingNoteId': -1}]",2112785,False,False,Row 28,False,2298874,"¥2,298,874","¥2,298,874",10,Mobile Transfer ticket,3,1,USD,JPY,USD,"https://img.vggcdn.net/img/vfsimage2/812551/594_122797/0.jpg?im=Resize=(500,271)&v=771",10 hours ago,8,False,False,False,False,cZQi4iV2RIy7SiX3Yia8tFTTWWGIOJNLiV%2fzjEQSZcc%3d,False,2026-07-18T02:54:37.6200000Z,False,False,False,False,False,False,0,False,,,False,False,False,False,0,False,False,0,13388297534,False,A0DF5FC5-FA0D-4D40-A288-29B0763BFFB0,False,False,True,4,8.453227385638316,1.313921268,,,,,,,,,,"[{'message': 'Great Value', 'qualifier': 'Based on price, view, seat quality and more', 'hasValue': True, 'messageType': 'ValueBased'}, {'message': 'Popular Pick', 'qualifier': '11 tickets sold for this event', 'hasValue': True, 'messageType': 'BoughtInLastHourSocialProofBased'}]",[],,,,10990.0,,,,,,,
13383685186,153020449,104,122784,104,2,22,19_19,19,19,19,False,False,1,,False,False,[1],594,Lower,1,True,"[{'listingNoteId': -1, 'listingNoteContentId': 3338094, 'formattedListingNoteContent': 'Clear view', 'listingNoteTypeId': 3, 'showToBuyer': True, 'hideInMock': False, 'siteAddedListingNote': False, 'aisleListingNoteWithSplit': False, 'listingNoteDescriptionContentId': 3338095, 'formattedListingNoteDescription': ""You'll have an unrestricted view of the show.""}]","[{'listingNoteBucketId': 27, 'formattedListingNoteContent': 'Clear view', 'displayOrder': 8, 'showsRawNoteText': True, 'sourceListingNoteId': -1}]",2112173,False,False,Row 22,False,2298874,"¥2,298,874","¥2,298,874",10,Mobile Transfer ticket,3,1,USD,JPY,USD,"https://img.vggcdn.net/img/vfsimage2/812551/594_122784/0.jpg?im=Resize=(500,271)&v=771",21 hours ago,8,False,False,False,False,vwnRWULrZ6y8P%2fram2maD8pEuvdsXeSBSZvnzfnaXtw%3d,False,2026-07-17T15:39:16.9800000Z,False,False,False,True,False,False,0,False,[6],,False,False,False,False,0,False,False,0,13383685186,False,EDE06E90-6E0A-42C1-97D6-C673A3537A96,False,False,True,4,8.334096800306309,1.292788402,Fan favorite,This section is in the top 10% of sections for this event when ranked based on a count of successful sales over the past 7 days on our site,True,,,,,,,"[{'message': 'Great Value', 'qualifier': 'Based on price, view, seat quality and more', 'hasValue': True, 'messageType': 'ValueBased'}, {'message': 'Popular Pick', 'qualifier': '11 tickets sold for this event', 'hasValue': True, 'messageType': 'BoughtInLastHourSocialProofBased'}]",[],,,,,,,,,,,
13390553220,153020449,342,122935,342,2,15,_,,,,False,False,4,,False,False,"[1, 2, 3, 4]",407,Upper,4,True,"[{'listingNoteId': -1, 'listingNoteContentId': 3338094, 'formattedListingNoteContent': 'Clear view', 'listingNoteTypeId': 3, 'showToBuyer': True, 'hideInMock': False, 'siteAddedListingNote': False, 'aisleListingNoteWithSplit': False, 'listingNoteDescriptionContentId': 3338095, 'formattedListingNoteDescription': ""You'll have an unrestricted view of the show.""}]","[{'listingNoteBucketId': 27, 'formattedListingNoteContent': 'Clear view', 'displayOrder': 8, 'showsRawNoteText': True, 'sourceListingNoteId': -1}]",704431,False,False,Row 15,False,2300190,"¥2,300,190","¥2,300,190",10,Mobile Transfer ticket,3,1,USD,JPY,USD,"https://img.vggcdn.net/img/vfsimage2/812551/407_122935/0.jpg?im=Resize=(500,271)&v=771",34 minutes ago,4,False,False,False,False,qT3%2fnuY05JL53EwOwvUhvrbw%2fW3QaTBalSVm3ReVGU8%3d,False,2026-07-18T12:36:11.0330000Z,False,False,False,False,False,False,0,False,,,False,False,False,False,0,False,False,0,13390553220,False,0BB5C716-D970-4706-82E1-37508E02484A,False,False,True,2,4.43146323848683,0.7997160059,,,,,,,,,,"[{'message': 'Popular Pick', 'qualifier': '11 tickets sold for this event', 'hasValue': True, 'messageType': 'BoughtInLastHourSocialProofBased'}]",[],,,,0.0,,,,,,,
13388297532,153020449,126,122797,126,2,28,_,,,,False,False,4,,False,False,"[1, 2, 4]",594,Lower,4,True,"[{'listingNoteId': -1, 'listingNoteContentId': 3338094, 'formattedListingNoteContent': 'Clear view', 'listingNoteTypeId': 3, 'showToBuyer': True, 'hideInMock': False, 'siteAddedListingNote': False, 'aisleListingNoteWithSplit': False, 'listingNoteDescriptionContentId': 3338095, 'formattedListingNoteDescription': ""You'll have an unrestricted view of the show.""}]","[{'listingNoteBucketId': 27, 'formattedListingNoteContent': 'Clear view', 'displayOrder': 8, 'showsRawNoteText': True, 'sourceListingNoteId': -1}]",2112785,False,False,Row 28,False,2318369,"¥2,318,369","¥2,318,369",10,Mobile Transfer ticket,3,1,USD,JPY,USD,"https://img.vggcdn.net/img/vfsimage2/812551/594_122797/0.jpg?im=Resize=(500,271)&v=771",10 hours ago,8,False,False,False,False,QxEWZpR36o0y6eJbI6FkuzaIjvH%2fETb6xD%2bjmAf6O9A%3d,False,2026-07-18T02:54:37.5600000Z,False,False,False,False,False,False,0,False,,,False,False,False,False,0,False,False,0,13388297532,False,5CE6E269-AEF9-4B01-ABDA-0E1A97D0B5A1,False,False,True,4,8.391413041444224,1.313921268,,,,,,,,,,"[{'message': 'Great Value', 'qualifier': 'Based on price, view, seat quality and more', 'hasValue': True, 'messageType': 'ValueBased'}, {'message': 'Popular Pick', 'qualifier': '11 tickets sold for this event', 'hasValue': True, 'messageType': 'BoughtInLastHourSocialProofBased'}]",[],,,,10990.0,,,,,,,
13387843153,153020449,108,122786,108,2,24,7_7,,,7,False,False,1,,False,False,[1],594,Lower,1,True,"[{'listingNoteId': -1, 'listingNoteContentId': 3338094, 'formattedListingNoteContent': 'Clear view', 'listingNoteTypeId': 3, 'showToBuyer': True, 'hideInMock': False, 'siteAddedListingNote': False, 'aisleListingNoteWithSplit': False, 'listingNoteDescriptionContentId': 3338095, 'formattedListingNoteDescription': ""You'll have an unrestricted view of the show.""}]","[{'listingNoteBucketId': 27, 'formattedListingNoteContent': 'Clear view', 'displayOrder': 8, 'showsRawNoteText': True, 'sourceListingNoteId': -1}]",2112267,False,False,Row 24,False,2331846,"¥2,331,846","¥2,331,846",10,Mobile Transfer ticket,3,14,USD,JPY,USD,"https://img.vggcdn.net/img/vfsimage2/812551/594_122786/0.jpg?im=Resize=(500,271)&v=771",12 hours ago,9,False,False,False,False,ugtGTADjzPSiNDVPFnzwKMK8K%2fyUDFHpFjF84rychu8%3d,False,2026-07-18T01:09:14.2930000Z,False,False,False,False,False,False,0,False,,,False,False,False,False,0,False,False,0,13387843153,False,141FB279-A27E-41BD-9E77-257AB26ACB0E,False,False,True,5,8.698241016649082,1.400233682,,,,,,,,,,"[{'message': 'Amazing Value', 'qualifier': 'Based on price, view, seat quality and more', 'hasValue': True, 'messageType': 'ValueBased'}, {'message': 'Popular Pick', 'qualifier': '11 tickets sold for this event', 'hasValue': True, 'messageType': 'BoughtInLastHourSocialProofBased'}]",[],,,,0.0,,,,,,,
13387948028,153020449,101,122782,101,2,15,4_4,,,4,False,False,1,,False,False,[1],594,Lower,1,True,"[{'listingNoteId': -1, 'listingNoteContentId': 3338094, 'formattedListingNoteContent': 'Clear view', 'listingNoteTypeId': 3, 'showToBuyer': True, 'hideInMock': False, 'siteAddedListingNote': False, 'aisleListingNoteWithSplit': False, 'listingNoteDescriptionContentId': 3338095, 'formattedListingNoteDescription': ""You'll have an unrestricted view of the show.""}]","[{'listingNoteBucketId': 27, 'formattedListingNoteContent': 'Clear view', 'displayOrder': 8, 'showsRawNoteText': True, 'sourceListingNoteId': -1}]",2112069,False,False,Row 15,False,2337708,"¥2,337,708","¥2,337,708",10,Mobile Transfer ticket,3,14,USD,JPY,USD,"https://img.vggcdn.net/img/vfsimage2/812551/594_122782/0.jpg?im=Resize=(500,271)&v=771",11 hours ago,9,False,False,False,False,ZxaryFX5Qwro9K%2f%2bzTeshlRQHbhaourAYNezSYLE9kM%3d,False,2026-07-18T01:29:13.9870000Z,False,False,False,False,False,False,0,False,,,False,False,False,False,0,False,False,0,13387948028,False,1F2E34E4-87C9-4E3B-80C5-0DFFA431D127,False,False,True,5,8.770797918354756,1.426116576,,,,,,,,,,"[{'message': 'Amazing Value', 'qualifier': 'Based on price, view, seat quality and more', 'hasValue': True, 'messageType': 'ValueBased'}, {'message': 'Popular Pick', 'qualifier': '11 tickets sold for this event', 'hasValue': True, 'messageType': 'BoughtInLastHourSocialProofBased'}]",[],,,,0.0,,,,,,,
13388297535,153020449,126,122797,126,2,28,_,,,,False,False,4,,False,False,"[1, 2, 4]",594,Lower,4,True,"[{'listingNoteId': -1, 'listingNoteContentId': 3338094, 'formattedListingNoteContent': 'Clear view', 'listingNoteTypeId': 3, 'showToBuyer': True, 'hideInMock': False, 'siteAddedListingNote': False, 'aisleListingNoteWithSplit': False, 'listingNoteDescriptionContentId': 3338095, 'formattedListingNoteDescription': ""You'll have an unrestricted view of the show.""}]","[{'listingNoteBucketId': 27, 'formattedListingNoteContent': 'Clear view', 'displayOrder': 8, 'showsRawNoteText': True, 'sourceListingNoteId': -1}]",2112785,False,False,Row 28,False,2337864,"¥2,337,864","¥2,337,864",10,Mobile Transfer ticket,3,1,USD,JPY,USD,"https://img.vggcdn.net/img/vfsimage2/812551/594_122797/0.jpg?im=Resize=(500,271)&v=771",10 hours ago,8,False,False,False,False,2HBbb3B2Zl3LIngqV7C%2bzlGAs09DkdsI4JSsQ6BvbW8%3d,False,2026-07-18T02:54:37.6400000Z,False,False,False,False,False,False,0,False,,,False,False,False,False,0,False,False,0,13388297535,False,879204BC-B87B-49A7-969B-EB622148F479,False,False,True,4,8.329602502146363,1.313921268,,,,,,,,,,"[{'message': 'Great Value', 'qualifier': 'Based on price, view, seat quality and more', 'hasValue': True, 'messageType': 'ValueBased'}, {'message': 'Popular Pick', 'qualifier': '11 tickets sold for this event', 'hasValue': True, 'messageType': 'BoughtInLastHourSocialProofBased'}]",[],,,,10990.0,,,,,,,
13380219291,153020449,146,122810,146,2,16,15_15,15,15,15,False,False,1,,False,False,[1],594,Lower,1,True,"[{'listingNoteId': -1, 'listingNoteContentId': 3338094, 'formattedListingNoteContent': 'Clear view', 'listingNoteTypeId': 3, 'showToBuyer': True, 'hideInMock': False, 'siteAddedListingNote': False, 'aisleListingNoteWithSplit': False, 'listingNoteDescriptionContentId': 3338095, 'formattedListingNoteDescription': ""You'll have an unrestricted view of the show.""}]","[{'listingNoteBucketId': 27, 'formattedListingNoteContent': 'Clear view', 'displayOrder': 8, 'showsRawNoteText': True, 'sourceListingNoteId': -1}]",2113238,False,False,Row 16,False,2349404,"¥2,349,404","¥2,349,404",10,Mobile Transfer ticket,3,1,USD,JPY,USD,"https://img.vggcdn.net/img/vfsimage2/812551/594_122810/0.jpg?im=Resize=(500,271)&v=771",yesterday,8,False,False,False,False,AciI0J2PvGRPfVdxMi4%2fRyhCGyuOzn%2ff6ev%2fPv2Lcds%3d,False,2026-07-17T04:59:22.1400000Z,False,False,False,False,False,False,0,False,[7],,False,False,False,False,0,False,False,0,13380219291,False,A613216D-4F13-4153-8A73-C5750B3D142B,False,False,True,4,8.343314855097827,1.32285662,,,,Last ticket,True,,,,,"[{'message': 'Great Value', 'qualifier': 'Based on price, view, seat quality and more', 'hasValue': True, 'messageType': 'ValueBased'}, {'message': 'Popular Pick', 'qualifier': '11 tickets sold for this event', 'hasValue': True, 'messageType': 'BoughtInLastHourSocialProofBased'}]",[],"¥3,184,571",26.0,"¥835,167",17000.0,,,,,,,
13388402164,153020449,101,122782,101,2,16,_,,,,False,False,3,,False,False,"[1, 3]",594,Lower,3,True,"[{'listingNoteId': -1, 'listingNoteContentId': 3338094, 'formattedListingNoteContent': 'Clear view', 'listingNoteTypeId': 3, 'showToBuyer': True, 'hideInMock': False, 'siteAddedListingNote': False, 'aisleListingNoteWithSplit': False, 'listingNoteDescriptionContentId': 3338095, 'formattedListingNoteDescription': ""You'll have an unrestricted view of the show.""}]","[{'listingNoteBucketId': 27, 'formattedListingNoteContent': 'Clear view', 'displayOrder': 8, 'showsRawNoteText': True, 'sourceListingNoteId': -1}]",2112070,False,False,Row 16,False,2350148,"¥2,350,148","¥2,350,148",10,Mobile Transfer ticket,3,1,USD,JPY,USD,"https://img.vggcdn.net/img/vfsimage2/812551/594_122782/0.jpg?im=Resize=(500,271)&v=771",9 hours ago,9,False,False,False,False,Gqz99H7q0MeV1BobasPbeI0NS8mwxZzEVINnT1yK6gc%3d,False,2026-07-18T03:27:30.3700000Z,False,False,False,False,False,False,0,False,,,False,False,False,False,0,False,False,0,13388402164,False,681AFAF3-CB59-46AB-A8B4-DA57F2D9DC83,False,False,True,5,8.682530130189825,1.406451433,,,,,,,,,,"[{'message': 'Amazing Value', 'qualifier': 'Based on price, view, seat quality and more', 'hasValue': True, 'messageType': 'ValueBased'}, {'message': 'Popular Pick', 'qualifier': '11 tickets sold for this event', 'hasValue': True, 'messageType': 'BoughtInLastHourSocialProofBased'}]",[],,,,10990.0,,,,,,,
13388297529,153020449,126,122797,126,2,27,_,,,,False,False,4,,False,False,"[1, 2, 4]",594,Lower,4,True,"[{'listingNoteId': -1, 'listingNoteContentId': 3338094, 'formattedListingNoteContent': 'Clear view', 'listingNoteTypeId': 3, 'showToBuyer': True, 'hideInMock': False, 'siteAddedListingNote': False, 'aisleListingNoteWithSplit': False, 'listingNoteDescriptionContentId': 3338095, 'formattedListingNoteDescription': ""You'll have an unrestricted view of the show.""}]","[{'listingNoteBucketId': 27, 'formattedListingNoteContent': 'Clear view', 'displayOrder': 8, 'showsRawNoteText': True, 'sourceListingNoteId': -1}]",2112784,False,False,Row 27,False,2357358,"¥2,357,358","¥2,357,358",10,Mobile Transfer ticket,3,1,USD,JPY,USD,"https://img.vggcdn.net/img/vfsimage2/812551/594_122797/0.jpg?im=Resize=(500,271)&v=771",10 hours ago,8,False,False,False,False,MBtzqG%2bCeMmH0oQc8qdBtBbGAcdOTT8tVSq84ej9Oko%3d,False,2026-07-18T02:54:37.5530000Z,False,False,False,False,False,False,0,False,,,False,False,False,False,0,False,False,0,13388297529,False,B3CB3906-BBD1-498C-A5DA-89F33B178AA1,False,False,True,4,8.364011977801015,1.331059867,,,,,,,,,,"[{'message': 'Great Value', 'qualifier': 'Based on price, view, seat quality and more', 'hasValue': True, 'messageType': 'ValueBased'}, {'message': 'Popular Pick', 'qualifier': '11 tickets sold for this event', 'hasValue': True, 'messageType': 'BoughtInLastHourSocialProofBased'}]",[],,,,10990.0,,,,,,,
13388056782,153020449,126,122797,126,2,26,17_20,,,17,False,False,4,,False,False,"[1, 2, 4]",594,Lower,4,True,"[{'listingNoteId': -1, 'listingNoteContentId': 3338094, 'formattedListingNoteContent': 'Clear view', 'listingNoteTypeId': 3, 'showToBuyer': True, 'hideInMock': False, 'siteAddedListingNote': False, 'aisleListingNoteWithSplit': False, 'listingNoteDescriptionContentId': 3338095, 'formattedListingNoteDescription': ""You'll have an unrestricted view of the show.""}]","[{'listingNoteBucketId': 27, 'formattedListingNoteContent': 'Clear view', 'displayOrder': 8, 'showsRawNoteText': True, 'sourceListingNoteId': -1}]",2112783,False,False,Row 26,False,2364191,"¥2,364,191","¥2,364,191",10,Mobile Transfer ticket,3,1,USD,JPY,USD,"https://img.vggcdn.net/img/vfsimage2/812551/594_122797/0.jpg?im=Resize=(500,271)&v=771",11 hours ago,8,False,False,False,False,MfdFbNeiU%2fkiFQVKPDEFEtYw6CYddJC0myO%2bFao%2bGkE%3d,False,2026-07-18T01:51:16.9700000Z,False,False,False,False,False,False,0,False,,,False,False,False,False,0,False,False,0,13388056782,False,622FC44C-31FD-42E9-A858-4763D50B38E8,False,False,True,4,8.437805712483472,1.348407182,,,,,,,,,,"[{'message': 'Great Value', 'qualifier': 'Based on price, view, seat quality and more', 'hasValue': True, 'messageType': 'ValueBased'}, {'message': 'Popular Pick', 'qualifier': '11 tickets sold for this event', 'hasValue': True, 'messageType': 'BoughtInLastHourSocialProofBased'}]",[],,,,0.0,,,,,,,
13388402165,153020449,101,122782,101,2,15,_,,,,False,False,3,,False,False,"[1, 3]",594,Lower,3,True,"[{'listingNoteId': -1, 'listingNoteContentId': 3338094, 'formattedListingNoteContent': 'Clear view', 'listingNoteTypeId': 3, 'showToBuyer': True, 'hideInMock': False, 'siteAddedListingNote': False, 'aisleListingNoteWithSplit': False, 'listingNoteDescriptionContentId': 3338095, 'formattedListingNoteDescription': ""You'll have an unrestricted view of the show.""}]","[{'listingNoteBucketId': 27, 'formattedListingNoteContent': 'Clear view', 'displayOrder': 8, 'showsRawNoteText': True, 'sourceListingNoteId': -1}]",2112069,False,False,Row 15,False,2369253,"¥2,369,253","¥2,369,253",10,Mobile Transfer ticket,3,1,USD,JPY,USD,"https://img.vggcdn.net/img/vfsimage2/812551/594_122782/0.jpg?im=Resize=(500,271)&v=771",9 hours ago,9,False,False,False,False,ciEvUhtqjqUQSwhc07yLt4u2S0wwqYcdaZlOpW0jU2k%3d,False,2026-07-18T03:27:30.3730000Z,False,False,False,False,False,False,0,False,,,False,False,False,False,0,False,False,0,13388402165,False,B59D800B-9781-4738-8455-F633574937D0,False,False,True,5,8.709322175370422,1.426116576,,,,,,,,,,"[{'message': 'Amazing Value', 'qualifier': 'Based on price, view, seat quality and more', 'hasValue': True, 'messageType': 'ValueBased'}, {'message': 'Popular Pick', 'qualifier': '11 tickets sold for this event', 'hasValue': True, 'messageType': 'BoughtInLastHourSocialProofBased'}]",[],,,,10990.0,,,,,,,
13386736150,153020449,104,122784,104,2,26,_,,,,False,False,1,,False,False,[1],594,Lower,1,True,"[{'listingNoteId': -1, 'listingNoteContentId': 3338094, 'formattedListingNoteContent': 'Clear view', 'listingNoteTypeId': 3, 'showToBuyer': True, 'hideInMock': False, 'siteAddedListingNote': False, 'aisleListingNoteWithSplit': False, 'listingNoteDescriptionContentId': 3338095, 'formattedListingNoteDescription': ""You'll have an unrestricted view of the show.""}]","[{'listingNoteBucketId': 27, 'formattedListingNoteContent': 'Clear view', 'displayOrder': 8, 'showsRawNoteText': True, 'sourceListingNoteId': -1}]",2112177,False,False,Row 26,False,2374221,"¥2,374,221","¥2,374,221",10,Mobile Transfer ticket,3,1,USD,JPY,USD,"https://img.vggcdn.net/img/vfsimage2/812551/594_122784/0.jpg?im=Resize=(500,271)&v=771",14 hours ago,8,False,False,False,False,7qqRycH6h%2buerJGIYrATi3Z9rwPBUkwwBODUHRvF1ps%3d,False,2026-07-17T22:29:09.0930000Z,False,False,False,True,False,False,0,False,[6],,False,False,False,False,0,False,False,0,13386736150,False,510EF5ED-8CD3-429D-B220-65D2E3F4575F,False,False,True,4,7.7324715679076945,1.234865981,Fan favorite,This section is in the top 10% of sections for this event when ranked based on a count of successful sales over the past 7 days on our site,True,,,,,,,"[{'message': 'Great Value', 'qualifier': 'Based on price, view, seat quality and more', 'hasValue': True, 'messageType': 'ValueBased'}, {'message': 'Popular Pick', 'qualifier': '11 tickets sold for this event', 'hasValue': True, 'messageType': 'BoughtInLastHourSocialProofBased'}]",[],,,,9982.0,,,,,,,
13388298124,153020449,126,122797,126,2,27,_,,,,False,False,4,,False,False,"[1, 2, 4]",594,Lower,4,True,"[{'listingNoteId': -1, 'listingNoteContentId': 3338094, 'formattedListingNoteContent': 'Clear view', 'listingNoteTypeId': 3, 'showToBuyer': True, 'hideInMock': False, 'siteAddedListingNote': False, 'aisleListingNoteWithSplit': False, 'listingNoteDescriptionContentId': 3338095, 'formattedListingNoteDescription': ""You'll have an unrestricted view of the show.""}]","[{'listingNoteBucketId': 27, 'formattedListingNoteContent': 'Clear view', 'displayOrder': 8, 'showsRawNoteText': True, 'sourceListingNoteId': -1}]",2112784,False,False,Row 27,False,2376853,"¥2,376,853","¥2,376,853",10,Mobile Transfer ticket,3,1,USD,JPY,USD,"https://img.vggcdn.net/img/vfsimage2/812551/594_122797/0.jpg?im=Resize=(500,271)&v=771",10 hours ago,8,False,False,False,False,mIhKd%2f7sBeIYkqYQC%2bPzrTEsq7jromhnokcixha4PHM%3d,False,2026-07-18T02:54:52.6000000Z,False,False,False,False,False,False,0,False,,,False,False,False,False,0,False,False,0,13388298124,False,0574A95A-5127-426E-A565-524CAA98975D,False,False,True,4,8.302993549165535,1.331059867,,,,,,,,,,"[{'message': 'Great Value', 'qualifier': 'Based on price, view, seat quality and more', 'hasValue': True, 'messageType': 'ValueBased'}, {'message': 'Popular Pick', 'qualifier': '11 tickets sold for this event', 'hasValue': True, 'messageType': 'BoughtInLastHourSocialProofBased'}]",[],,,,10990.0,,,,,,,
13387897175,153020449,149,122812,149,2,13,19_22,,,19,False,False,4,,False,False,"[1, 2, 3, 4]",594,Lower,4,True,"[{'listingNoteId': -1, 'listingNoteContentId': 3338094, 'formattedListingNoteContent': 'Clear view', 'listingNoteTypeId': 3, 'showToBuyer': True, 'hideInMock': False, 'siteAddedListingNote': False, 'aisleListingNoteWithSplit': False, 'listingNoteDescriptionContentId': 3338095, 'formattedListingNoteDescription': ""You'll have an unrestricted view of the show.""}]","[{'listingNoteBucketId': 27, 'formattedListingNoteContent': 'Clear view', 'displayOrder': 8, 'showsRawNoteText': True, 'sourceListingNoteId': -1}]",2113330,False,False,Row 13,False,2386600,"¥2,386,600","¥2,386,600",10,Mobile Transfer ticket,3,1,USD,JPY,USD,"https://img.vggcdn.net/img/vfsimage2/812551/594_122812/0.jpg?im=Resize=(500,271)&v=771",11 hours ago,9,False,False,False,False,nyyzGDYM9TXLniRZMFPKwz9Ch2XUDmRitLkLGg5T7ZA%3d,False,2026-07-18T01:19:13.0600000Z,False,False,False,False,False,False,0,False,,,False,False,False,False,0,False,False,0,13387897175,False,DD8DBBA8-19E4-4657-928E-CF7A52B1D419,False,False,True,5,8.6777083076126,1.426788113,,,,,,,,,,"[{'message': 'Amazing Value', 'qualifier': 'Based on price, view, seat quality and more', 'hasValue': True, 'messageType': 'ValueBased'}, {'message': 'Popular Pick', 'qualifier': '11 tickets sold for this event', 'hasValue': True, 'messageType': 'BoughtInLastHourSocialProofBased'}]",[],,,,10990.0,,,,,,,
13388278154,153020449,123,122795,123,2,39,_,,,,False,False,4,,False,False,"[1, 2, 4]",594,Lower,4,True,"[{'listingNoteId': -1, 'listingNoteContentId': 3338094, 'formattedListingNoteContent': 'Clear view', 'listingNoteTypeId': 3, 'showToBuyer': True, 'hideInMock': False, 'siteAddedListingNote': False, 'aisleListingNoteWithSplit': False, 'listingNoteDescriptionContentId': 3338095, 'formattedListingNoteDescription': ""You'll have an unrestricted view of the show.""}]","[{'listingNoteBucketId': 27, 'formattedListingNoteContent': 'Clear view', 'displayOrder': 8, 'showsRawNoteText': True, 'sourceListingNoteId': -1}]",2112700,False,False,Row 39,False,2388548,"¥2,388,548","¥2,388,548",10,Mobile Transfer ticket,3,1,USD,JPY,USD,"https://img.vggcdn.net/img/vfsimage2/812551/594_122795/0.jpg?im=Resize=(500,271)&v=771",10 hours ago,7,False,False,False,False,oxdNd2i7YRhJjxsI1GcVH9Og5jnw1xp6MSEe0bEdVOc%3d,False,2026-07-18T02:47:46.3600000Z,False,False,False,False,False,False,0,False,,,False,False,False,False,0,False,False,0,13388278154,False,B0DB94DB-AABD-4DF3-A514-7D72D5EC511B,False,False,True,3,6.81560986594315,1.112506548,,,,,,,,,,"[{'message': 'Popular Pick', 'qualifier': '11 tickets sold for this event', 'hasValue': True, 'messageType': 'BoughtInLastHourSocialProofBased'}]",[],,,,12499.99,,,,,,,
13388297533,153020449,126,122797,126,2,26,_,,,,False,False,4,,False,False,"[1, 2, 4]",594,Lower,4,True,"[{'listingNoteId': -1, 'listingNoteContentId': 3338094, 'formattedListingNoteContent': 'Clear view', 'listingNoteTypeId': 3, 'showToBuyer': True, 'hideInMock': False, 'siteAddedListingNote': False, 'aisleListingNoteWithSplit': False, 'listingNoteDescriptionContentId': 3338095, 'formattedListingNoteDescription': ""You'll have an unrestricted view of the show.""}]","[{'listingNoteBucketId': 27, 'formattedListingNoteContent': 'Clear view', 'displayOrder': 8, 'showsRawNoteText': True, 'sourceListingNoteId': -1}]",2112783,False,False,Row 26,False,2396348,"¥2,396,348","¥2,396,348",10,Mobile Transfer ticket,3,1,USD,JPY,USD,"https://img.vggcdn.net/img/vfsimage2/812551/594_122797/0.jpg?im=Resize=(500,271)&v=771",10 hours ago,8,False,False,False,False,Qgkt6Pl3p2M35%2bpe8aDDozD1wCGG2pttkiyh%2b6Fr%2feE%3d,False,2026-07-18T02:54:37.5670000Z,False,False,False,False,False,False,0,False,,,False,False,False,False,0,False,False,0,13388297533,False,7A19708E-1AA6-4F45-9624-D1FF6C718A03,False,False,True,4,8.338453560406002,1.348407182,,,,,,,,,,"[{'message': 'Great Value', 'qualifier': 'Based on price, view, seat quality and more', 'hasValue': True, 'messageType': 'ValueBased'}, {'message': 'Popular Pick', 'qualifier': '11 tickets sold for this event', 'hasValue': True, 'messageType': 'BoughtInLastHourSocialProofBased'}]",[],,,,10990.0,,,,,,,
13389404561,153020449,148,122811,148,2,12,19_19,19,19,19,False,False,1,,False,False,[1],594,Lower,1,True,"[{'listingNoteId': -1, 'listingNoteContentId': 3338094, 'formattedListingNoteContent': 'Clear view', 'listingNoteTypeId': 3, 'showToBuyer': True, 'hideInMock': False, 'siteAddedListingNote': False, 'aisleListingNoteWithSplit': False, 'listingNoteDescriptionContentId': 3338095, 'formattedListingNoteDescription': ""You'll have an unrestricted view of the show.""}]","[{'listingNoteBucketId': 27, 'formattedListingNoteContent': 'Clear view', 'displayOrder': 8, 'showsRawNoteText': True, 'sourceListingNoteId': -1}]",2113281,False,False,Row 12,False,2404146,"¥2,404,146","¥2,404,146",10,Mobile Transfer ticket,3,1,USD,JPY,USD,"https://img.vggcdn.net/img/vfsimage2/812551/594_122811/0.jpg?im=Resize=(500,271)&v=771",6 hours ago,9,False,False,False,False,fqTTJ3goeW%2bFUJfEeHWNvxkOPOFHFFXZzChkSZCiseg%3d,False,2026-07-18T06:21:24.0130000Z,False,False,False,True,False,False,0,False,[6],[7],False,False,False,False,0,False,False,0,13389404561,False,F1B6CE78-7D8E-4B24-B295-09FDB4BBB54A,False,False,True,5,9.20576489923882,1.621507828,Fan favorite,This section is in the top 10% of sections for this event when ranked based on a count of successful sales over the past 7 days on our site,True,Last ticket,True,,,,,"[{'message': 'Amazing Value', 'qualifier': 'Based on price, view, seat quality and more', 'hasValue': True, 'messageType': 'ValueBased'}, {'message': 'Popular Pick', 'qualifier': '11 tickets sold for this event', 'hasValue': True, 'messageType': 'BoughtInLastHourSocialProofBased'}]",[],,,,0.0,,,,,,,
13387957781,153020449,109,122787,109,2,28,4_4,,,4,False,False,1,,False,False,[1],594,Lower,1,True,"[{'listingNoteId': -1, 'listingNoteContentId': 3338094, 'formattedListingNoteContent': 'Clear view', 'listingNoteTypeId': 3, 'showToBuyer': True, 'hideInMock': False, 'siteAddedListingNote': False, 'aisleListingNoteWithSplit': False, 'listingNoteDescriptionContentId': 3338095, 'formattedListingNoteDescription': ""You'll have an unrestricted view of the show.""}]","[{'listingNoteBucketId': 27, 'formattedListingNoteContent': 'Clear view', 'displayOrder': 8, 'showsRawNoteText': True, 'sourceListingNoteId': -1}]",2112306,False,False,Row 28,False,2409754,"¥2,409,754","¥2,409,754",10,Mobile Transfer ticket,3,14,USD,JPY,USD,"https://img.vggcdn.net/img/vfsimage2/812551/594_122787/0.jpg?im=Resize=(500,271)&v=771",11 hours ago,8,False,False,False,False,Mx9h7opMPCaNpb6OkR17bny8B0l8lGl2FmNiBX5RrpI%3d,False,2026-07-18T01:32:02.8830000Z,False,False,False,False,False,False,0,False,,,False,False,False,False,0,False,False,0,13387957781,False,CD17B5DD-635B-4DD6-95A4-D3A102848843,False,False,True,4,7.751647215816254,1.256359028,,,,,,,,,,"[{'message': 'Great Value', 'qualifier': 'Based on price, view, seat quality and more', 'hasValue': True, 'messageType': 'ValueBased'}, {'message': 'Popular Pick', 'qualifier': '11 tickets sold for this event', 'hasValue': True, 'messageType': 'BoughtInLastHourSocialProofBased'}]",[],,,,0.0,,,,,,,
13388840841,153020449,126,122797,126,2,25,_,,,,False,False,4,,False,False,"[1, 2, 4]",594,Lower,4,True,"[{'listingNoteId': -1, 'listingNoteContentId': 3338094, 'formattedListingNoteContent': 'Clear view', 'listingNoteTypeId': 3, 'showToBuyer': True, 'hideInMock': False, 'siteAddedListingNote': False, 'aisleListingNoteWithSplit': False, 'listingNoteDescriptionContentId': 3338095, 'formattedListingNoteDescription': ""You'll have an unrestricted view of the show.""}]","[{'listingNoteBucketId': 27, 'formattedListingNoteContent': 'Clear view', 'displayOrder': 8, 'showsRawNoteText': True, 'sourceListingNoteId': -1}]",2112782,False,False,Row 25,False,2415842,"¥2,415,842","¥2,415,842",10,Mobile Transfer ticket,3,1,USD,JPY,USD,"https://img.vggcdn.net/img/vfsimage2/812551/594_122797/0.jpg?im=Resize=(500,271)&v=771",8 hours ago,8,False,False,False,False,xj28QsAK5gJIa631oK1AquvETj%2bmm2nX%2bF84XWGiNxU%3d,False,2026-07-18T04:47:12.2570000Z,False,False,False,False,False,False,0,False,,,False,False,False,False,0,False,False,0,13388840841,False,348CF502-4218-4640-9A9C-6B196D5E14DB,False,False,True,4,8.374148620325553,1.365965754,,,,,,,,,,"[{'message': 'Great Value', 'qualifier': 'Based on price, view, seat quality and more', 'hasValue': True, 'messageType': 'ValueBased'}, {'message': 'Popular Pick', 'qualifier': '11 tickets sold for this event', 'hasValue': True, 'messageType': 'BoughtInLastHourSocialProofBased'}]",[],,,,10990.0,,,,,,,
13390769183,153020449,103,122783,103,2,23,1_1,1,1,1,False,False,1,,False,False,[1],594,Lower,1,True,"[{'listingNoteId': -1, 'listingNoteContentId': 3338094, 'formattedListingNoteContent': 'Clear view', 'listingNoteTypeId': 3, 'showToBuyer': True, 'hideInMock': False, 'siteAddedListingNote': False, 'aisleListingNoteWithSplit': False, 'listingNoteDescriptionContentId': 3338095, 'formattedListingNoteDescription': ""You'll have an unrestricted view of the show.""}]","[{'listingNoteBucketId': 14, 'formattedListingNoteContent': 'Aisle seat', 'displayOrder': 14, 'showsRawNoteText': True, 'sourceListingNoteId': 2024}, {'listingNoteBucketId': 27, 'formattedListingNoteContent': 'Clear view', 'displayOrder': 8, 'showsRawNoteText': True, 'sourceListingNoteId': -1}]",2112125,False,False,Row 23,False,2417792,"¥2,417,792","¥2,417,792",10,Mobile Transfer ticket,3,1,USD,JPY,USD,"https://img.vggcdn.net/img/vfsimage2/812551/594_122783/0.jpg?im=Resize=(500,271)&v=771",13 minutes ago,7,False,False,False,False,Ms4timMUIfja1TMtJNvfINrU5Av%2bs9ddF7koSIclW%2fI%3d,False,2026-07-18T12:57:26.6300000Z,False,False,False,True,False,False,0,False,[6],,False,False,False,False,0,False,False,0,13390769183,False,E31DD72D-29B0-45D0-809C-A840388A7342,False,False,True,4,7.174420576624217,1.175612478,Fan favorite,This section is in the top 10% of sections for this event when ranked based on a count of successful sales over the past 7 days on our site,True,,,,,,,"[{'message': 'Great Value', 'qualifier': 'Based on price, view, seat quality and more', 'hasValue': True, 'messageType': 'ValueBased'}, {'message': 'Popular Pick', 'qualifier': '11 tickets sold for this event', 'hasValue': True, 'messageType': 'BoughtInLastHourSocialProofBased'}, {'message': 'Aisle Seat', 'qualifier': 'Easy access to your seat', 'hasValue': True, 'messageType': 'AisleSeatTicketAttributeBased'}]",[2024],,,,11995.0,,,,,,,
13384822875,153020449,121,122794,121,2,36,26_26,26,26,26,False,False,1,,False,False,[1],594,Lower,1,True,"[{'listingNoteId': -1, 'listingNoteContentId': 3338094, 'formattedListingNoteContent': 'Clear view', 'listingNoteTypeId': 3, 'showToBuyer': True, 'hideInMock': False, 'siteAddedListingNote': False, 'aisleListingNoteWithSplit': False, 'listingNoteDescriptionContentId': 3338095, 'formattedListingNoteDescription': ""You'll have an unrestricted view of the show.""}]","[{'listingNoteBucketId': 27, 'formattedListingNoteContent': 'Clear view', 'displayOrder': 8, 'showsRawNoteText': True, 'sourceListingNoteId': -1}]",2112649,False,False,Row 36,False,2443135,"¥2,443,135","¥2,443,135",10,Mobile Transfer ticket,3,1,USD,JPY,USD,"https://img.vggcdn.net/img/vfsimage2/812551/594_122794/0.jpg?im=Resize=(500,271)&v=771",19 hours ago,6,False,False,False,False,Czdw6%2fg0Q6%2bd9BFZLzKWN4V2RY4NdEifUA9aD7c93eg%3d,False,2026-07-17T17:59:42.0370000Z,False,False,False,False,False,False,0,False,,,False,False,False,False,0,False,False,0,13384822875,False,2E2DAD3B-ADDB-41B8-8446-90ABBBBFDF10,False,False,True,3,6.2861345225366225,1.068945931,,,,,,,,,,"[{'message': 'Popular Pick', 'qualifier': '11 tickets sold for this event', 'hasValue': True, 'messageType': 'BoughtInLastHourSocialProofBased'}]",[],,,,,,,,,,,
13388153094,153020449,336,122929,336,2,1,20_26,,,20,False,False,7,,False,False,"[1, 2, 3, 4, 5, 6, 7]",478,Loge,7,True,"[{'listingNoteId': 2025, 'listingNoteContentId': 3415843, 'formattedListingNoteContent': 'Front Row of Section', 'listingNoteTypeId': 6, 'showToBuyer': True, 'hideInMock': False, 'siteAddedListingNote': False, 'aisleListingNoteWithSplit': False, 'listingNoteDescriptionContentId': 3415843, 'formattedListingNoteDescription': 'Front Row of Section'}, {'listingNoteId': -1, 'listingNoteContentId': 3338094, 'formattedListingNoteContent': 'Clear view', 'listingNoteTypeId': 3, 'showToBuyer': True, 'hideInMock': False, 'siteAddedListingNote': False, 'aisleListingNoteWithSplit': False, 'listingNoteDescriptionContentId': 3338095, 'formattedListingNoteDescription': ""You'll have an unrestricted view of the show.""}]","[{'listingNoteBucketId': 14, 'formattedListingNoteContent': 'Front Row of Section', 'displayOrder': 14, 'showsRawNoteText': True, 'sourceListingNoteId': 2025}, {'listingNoteBucketId': 27, 'formattedListingNoteContent': 'Clear view', 'displayOrder': 8, 'showsRawNoteText': True, 'sourceListingNoteId': -1}]",1591187,False,False,Row 1,False,2456781,"¥2,456,781","¥2,456,781",10,Mobile Transfer ticket,3,1,USD,JPY,USD,"https://img.vggcdn.net/img/vfsimage2/812551/478_122929/0.jpg?im=Resize=(500,271)&v=771",10 hours ago,5,False,False,False,False,Czdw6%2fg0Q6%2bd9BFZLzKWN4V2RY4NdEifUA9aD7c93eg%3d,False,2026-07-18T02:14:39.5970000Z,False,False,False,False,False,False,0,False,,,False,False,False,False,0,False,False,0,13388153094,False,F2211445-012D-4CCA-ADD0-71B1D7F88CDA,False,False,True,2,4.975743702182644,0.9323844348,,,,,,,,,,"[{'message': 'Popular Pick', 'qualifier': '11 tickets sold for this event', 'hasValue': True, 'messageType': 'BoughtInLastHourSocialProofBased'}, {'message': 'Front Row', 'qualifier': 'Best seats in the house', 'hasValue': True, 'messageType': 'FirstRowTicketAttributeBased'}]",[2025],"¥3,791,133",35.0,"¥1,334,352",8500.0,,,,,,,
13354228968,153020449,336,122929,336,2,13,_,,,,False,False,1,,False,False,[1],407,Upper,1,True,"[{'listingNoteId': -1, 'listingNoteContentId': 3338094, 'formattedListingNoteContent': 'Clear view', 'listingNoteTypeId': 3, 'showToBuyer': True, 'hideInMock': False, 'siteAddedListingNote': False, 'aisleListingNoteWithSplit': False, 'listingNoteDescriptionContentId': 3338095, 'formattedListingNoteDescription': ""You'll have an unrestricted view of the show.""}]","[{'listingNoteBucketId': 27, 'formattedListingNoteContent': 'Clear view', 'displayOrder': 8, 'showsRawNoteText': True, 'sourceListingNoteId': -1}]",704300,False,False,Row 13,False,2456781,"¥2,456,781","¥2,456,781",10,Mobile Transfer ticket,3,1,USD,JPY,USD,"https://img.vggcdn.net/img/vfsimage2/812551/407_122929/0.jpg?im=Resize=(500,271)&v=771",3 days ago,4,False,False,False,False,Czdw6%2fg0Q6%2bd9BFZLzKWN4V2RY4NdEifUA9aD7c93eg%3d,False,2026-07-15T00:20:55.5700000Z,False,False,False,False,False,False,0,False,,,False,False,False,False,0,False,False,0,13354228968,False,CA13F47E-DFF7-4F28-97EA-CE37C6FF4F8E,False,False,True,2,3.9851788925751004,0.799197106,,,,,,,,,,"[{'message': 'Popular Pick', 'qualifier': '11 tickets sold for this event', 'hasValue': True, 'messageType': 'BoughtInLastHourSocialProofBased'}]",[],"¥4,549,359",46.0,"¥2,092,578",4000.0,,,,,,,
13384975965,153020449,324,122917,324,2,25,_,,,,False,False,1,,False,False,[1],407,Upper,1,True,"[{'listingNoteId': -1, 'listingNoteContentId': 3338094, 'formattedListingNoteContent': 'Clear view', 'listingNoteTypeId': 3, 'showToBuyer': True, 'hideInMock': False, 'siteAddedListingNote': False, 'aisleListingNoteWithSplit': False, 'listingNoteDescriptionContentId': 3338095, 'formattedListingNoteDescription': ""You'll have an unrestricted view of the show.""}]","[{'listingNoteBucketId': 27, 'formattedListingNoteContent': 'Clear view', 'displayOrder': 8, 'showsRawNoteText': True, 'sourceListingNoteId': -1}]",2113790,False,False,Row 25,False,2456781,"¥2,456,781","¥2,456,781",10,Mobile Transfer ticket,3,1,USD,JPY,USD,"https://img.vggcdn.net/img/vfsimage2/812551/407_122917/0.jpg?im=Resize=(500,271)&v=771",18 hours ago,3,False,False,False,False,Czdw6%2fg0Q6%2bd9BFZLzKWN4V2RY4NdEifUA9aD7c93eg%3d,False,2026-07-17T18:22:44.0330000Z,False,False,False,False,False,False,0,False,[7],,False,False,False,False,0,False,False,0,13384975965,False,63087CEA-63C7-47F2-B6E2-9B8AA7918848,False,False,True,2,3.295846647762729,0.7269352183,,,,Last ticket,True,,,,,"[{'message': 'Popular Pick', 'qualifier': '11 tickets sold for this event', 'hasValue': True, 'messageType': 'BoughtInLastHourSocialProofBased'}]",[],"¥3,791,133",35.0,"¥1,334,352",10350.0,,,,,,,
13390549329,153020449,326,122919,326,2,22,17_17,17,17,17,False,False,1,,False,False,[1],407,Upper,1,True,"[{'listingNoteId': -1, 'listingNoteContentId': 3338094, 'formattedListingNoteContent': 'Clear view', 'listingNoteTypeId': 3, 'showToBuyer': True, 'hideInMock': False, 'siteAddedListingNote': False, 'aisleListingNoteWithSplit': False, 'listingNoteDescriptionContentId': 3338095, 'formattedListingNoteDescription': ""You'll have an unrestricted view of the show.""}]","[{'listingNoteBucketId': 27, 'formattedListingNoteContent': 'Clear view', 'displayOrder': 8, 'showsRawNoteText': True, 'sourceListingNoteId': -1}]",2113831,False,False,Row 22,False,2456781,"¥2,456,781","¥2,456,781",10,Mobile Transfer ticket,3,1,USD,JPY,USD,"https://img.vggcdn.net/img/vfsimage2/812551/407_122919/0.jpg?im=Resize=(500,271)&v=771",35 minutes ago,3,False,False,False,False,Czdw6%2fg0Q6%2bd9BFZLzKWN4V2RY4NdEifUA9aD7c93eg%3d,False,2026-07-18T12:35:03.1500000Z,False,False,False,False,False,False,0,False,[7],,False,False,False,False,0,False,False,0,13390549329,False,3B269CE9-FE2B-489C-84A8-D7E76F5B3D4C,False,False,True,2,2.993771854049599,0.6992300141,,,,Last ticket,True,,,,,"[{'message': 'Popular Pick', 'qualifier': '11 tickets sold for this event', 'hasValue': True, 'messageType': 'BoughtInLastHourSocialProofBased'}]",[],,,,0.0,,,,,,,
13388397729,153020449,126,122797,126,2,31,_,,,,False,False,3,,False,False,"[1, 3]",594,Lower,3,True,"[{'listingNoteId': -1, 'listingNoteContentId': 3338094, 'formattedListingNoteContent': 'Clear view', 'listingNoteTypeId': 3, 'showToBuyer': True, 'hideInMock': False, 'siteAddedListingNote': False, 'aisleListingNoteWithSplit': False, 'listingNoteDescriptionContentId': 3338095, 'formattedListingNoteDescription': ""You'll have an unrestricted view of the show.""}]","[{'listingNoteBucketId': 27, 'formattedListingNoteContent': 'Clear view', 'displayOrder': 8, 'showsRawNoteText': True, 'sourceListingNoteId': -1}]",2112789,False,False,Row 31,False,2464014,"¥2,464,014","¥2,464,014",10,Mobile Transfer ticket,3,1,USD,JPY,USD,"https://img.vggcdn.net/img/vfsimage2/812551/594_122797/0.jpg?im=Resize=(500,271)&v=771",9 hours ago,8,False,False,False,False,SI%2fOExaujAd%2fgSLslJfYysa4kezSO1OeZsorb8f0iJQ%3d,False,2026-07-18T03:25:29.2930000Z,False,False,False,False,False,False,0,False,,,False,False,False,False,0,False,False,0,13388397729,False,F59C2EC4-F3F5-41AB-8A56-7C01BCC77D86,False,False,True,4,7.619385443714262,1.263732799,,,,,,,,,,"[{'message': 'Great Value', 'qualifier': 'Based on price, view, seat quality and more', 'hasValue': True, 'messageType': 'ValueBased'}, {'message': 'Popular Pick', 'qualifier': '11 tickets sold for this event', 'hasValue': True, 'messageType': 'BoughtInLastHourSocialProofBased'}]",[],,,,10990.0,,,,,,,
13390442972,153020449,149,122812,149,2,14,_,,,,False,False,1,,False,False,[1],594,Lower,1,True,"[{'listingNoteId': -1, 'listingNoteContentId': 3338094, 'formattedListingNoteContent': 'Clear view', 'listingNoteTypeId': 3, 'showToBuyer': True, 'hideInMock': False, 'siteAddedListingNote': False, 'aisleListingNoteWithSplit': False, 'listingNoteDescriptionContentId': 3338095, 'formattedListingNoteDescription': ""You'll have an unrestricted view of the show.""}]","[{'listingNoteBucketId': 27, 'formattedListingNoteContent': 'Clear view', 'displayOrder': 8, 'showsRawNoteText': True, 'sourceListingNoteId': -1}]",2113331,False,False,Row 14,False,2479298,"¥2,479,298","¥2,479,298",10,Mobile Transfer ticket,3,1,USD,JPY,USD,"https://img.vggcdn.net/img/vfsimage2/812551/594_122812/0.jpg?im=Resize=(500,271)&v=771",52 minutes ago,8,False,False,False,False,cqo80LH9h4eBor8zrZBbGUAXqHYEZgkcvjEPHEwQnls%3d,False,2026-07-18T12:17:54.7330000Z,False,False,False,False,False,False,0,False,,,False,False,False,False,0,False,False,0,13390442972,False,BD3B2E5F-7BA7-4DDD-BB5E-3538FDF476E0,False,False,True,4,8.421192840744151,1.410860715,,,,,,,,,,"[{'message': 'Great Value', 'qualifier': 'Based on price, view, seat quality and more', 'hasValue': True, 'messageType': 'ValueBased'}, {'message': 'Popular Pick', 'qualifier': '11 tickets sold for this event', 'hasValue': True, 'messageType': 'BoughtInLastHourSocialProofBased'}]",[],,,,10990.0,,,,,,,
13388597434,153020449,124,122796,124,2,8,14_14,,,14,False,False,1,,False,False,[1],594,Lower,1,True,"[{'listingNoteId': -1, 'listingNoteContentId': 3338094, 'formattedListingNoteContent': 'Clear view', 'listingNoteTypeId': 3, 'showToBuyer': True, 'hideInMock': False, 'siteAddedListingNote': False, 'aisleListingNoteWithSplit': False, 'listingNoteDescriptionContentId': 3338095, 'formattedListingNoteDescription': ""You'll have an unrestricted view of the show.""}]","[{'listingNoteBucketId': 27, 'formattedListingNoteContent': 'Clear view', 'displayOrder': 8, 'showsRawNoteText': True, 'sourceListingNoteId': -1}]",2112763,False,False,Row 8,False,2483881,"¥2,483,881","¥2,483,881",10,Mobile Transfer ticket,3,14,USD,JPY,USD,"https://img.vggcdn.net/img/vfsimage2/812551/594_122796/0.jpg?im=Resize=(500,271)&v=771",8 hours ago,9,False,False,False,False,3IhHy7SmEYy3gAA0o8th%2bUBa95AlbASbLgNLqfp2H9M%3d,False,2026-07-18T04:11:05.8570000Z,False,False,False,False,False,False,0,False,,,False,False,False,False,0,False,False,0,13388597434,False,90950687-CAAC-4E55-9200-81DCD8720ECD,False,False,True,5,8.741544059573744,1.505636007,,,,,,,,,,"[{'message': 'Amazing Value', 'qualifier': 'Based on price, view, seat quality and more', 'hasValue': True, 'messageType': 'ValueBased'}, {'message': 'Popular Pick', 'qualifier': '11 tickets sold for this event', 'hasValue': True, 'messageType': 'BoughtInLastHourSocialProofBased'}]",[],,,,0.0,,,,,,,
13390059802,153020449,217,122849,217,2,13,_,,,,False,False,1,,False,False,[1],471,Middle,1,True,"[{'listingNoteId': -1, 'listingNoteContentId': 3338094, 'formattedListingNoteContent': 'Clear view', 'listingNoteTypeId': 3, 'showToBuyer': True, 'hideInMock': False, 'siteAddedListingNote': False, 'aisleListingNoteWithSplit': False, 'listingNoteDescriptionContentId': 3338095, 'formattedListingNoteDescription': ""You'll have an unrestricted view of the show.""}]","[{'listingNoteBucketId': 27, 'formattedListingNoteContent': 'Clear view', 'displayOrder': 8, 'showsRawNoteText': True, 'sourceListingNoteId': -1}]",702937,False,False,Row 13,False,2484074,"¥2,484,074","¥2,484,074",10,Mobile Transfer ticket,3,1,USD,JPY,USD,"https://img.vggcdn.net/img/vfsimage2/812551/471_122849/0.jpg?im=Resize=(500,271)&v=771",2 hours ago,8,False,False,False,False,ILFzjXElhDdaRPjqrdnoZ7jzkh74MOvwiCJAfRTkTPc%3d,False,2026-07-18T10:46:24.0130000Z,False,False,False,False,False,False,0,False,,,False,False,False,False,0,False,False,0,13390059802,False,6FE6C619-B113-4BBC-ACEA-E88F8F048C4A,False,False,True,4,7.929107327625886,1.324534596,,,,,,,,,,"[{'message': 'Great Value', 'qualifier': 'Based on price, view, seat quality and more', 'hasValue': True, 'messageType': 'ValueBased'}, {'message': 'Popular Pick', 'qualifier': '11 tickets sold for this event', 'hasValue': True, 'messageType': 'BoughtInLastHourSocialProofBased'}]",[],,,,10990.0,,,,,,,
13387928582,153020449,108,122786,108,2,16,_,,,,False,False,4,,False,False,"[1, 2, 3, 4]",594,Lower,4,True,"[{'listingNoteId': 814, 'listingNoteContentId': 2446060, 'formattedListingNoteContent': 'Limited or Obstructed View (printed on ticket)', 'listingNoteTypeId': 1, 'showToBuyer': True, 'hideInMock': False, 'siteAddedListingNote': False, 'aisleListingNoteWithSplit': False, 'listingNoteDescriptionContentId': 2446061, 'formattedListingNoteDescription': 'Limited or Obstructed View (printed on ticket)'}]","[{'listingNoteBucketId': 21, 'formattedListingNoteContent': 'Limited view', 'displayOrder': 21, 'showsRawNoteText': False}]",2112259,False,False,Row 16,False,2522284,"¥2,522,284","¥2,522,284",10,Mobile Transfer ticket,3,1,USD,JPY,USD,"https://img.vggcdn.net/img/vfsimage2/812551/594_122786/0.jpg?im=Resize=(500,271)&v=771",11 hours ago,9,False,False,False,False,RGYp4zDlmKB1hkjmFJziEBXzk24tOmCZ2dlEx1q4pWU%3d,False,2026-07-18T01:24:36.4000000Z,False,False,False,False,False,False,0,False,,,False,False,False,False,0,False,False,0,13387928582,False,3270D31D-12A4-435C-9B21-CE127D21401D,False,False,True,5,8.65489148646435,1.500553117,,,,,,,,,,"[{'message': 'Amazing Value', 'qualifier': 'Based on price, view, seat quality and more', 'hasValue': True, 'messageType': 'ValueBased'}, {'message': 'Popular Pick', 'qualifier': '11 tickets sold for this event', 'hasValue': True, 'messageType': 'BoughtInLastHourSocialProofBased'}]",[],,,,10990.0,,,,,,,
13386841972,153020449,319,122912,319,2,10,1_4,,,1,False,False,4,,False,False,"[1, 2, 4]",407,Upper,4,True,"[{'listingNoteId': -1, 'listingNoteContentId': 3338094, 'formattedListingNoteContent': 'Clear view', 'listingNoteTypeId': 3, 'showToBuyer': True, 'hideInMock': False, 'siteAddedListingNote': False, 'aisleListingNoteWithSplit': False, 'listingNoteDescriptionContentId': 3338095, 'formattedListingNoteDescription': ""You'll have an unrestricted view of the show.""}]","[{'listingNoteBucketId': 14, 'formattedListingNoteContent': 'Aisle seat', 'displayOrder': 14, 'showsRawNoteText': True, 'sourceListingNoteId': 2024}, {'listingNoteBucketId': 27, 'formattedListingNoteContent': 'Clear view', 'displayOrder': 8, 'showsRawNoteText': True, 'sourceListingNoteId': -1}]",703923,False,False,Row 10,False,2523063,"¥2,523,063","¥2,523,063",1,Print-at-Home ticket,2,1,USD,JPY,USD,"https://img.vggcdn.net/img/vfsimage2/812551/407_122912/0.jpg?im=Resize=(500,271)&v=771",14 hours ago,4,False,False,False,False,ZZM%2bFROkkwlnJU4g760nGN9I%2fwZUl0CHhuwkD%2fiMu3o%3d,False,2026-07-17T22:40:30.4970000Z,False,False,False,False,False,False,0,False,,,False,False,False,False,0,False,False,0,13386841972,False,40E68A99-2A00-4C28-B029-8B3DA0E942FE,False,False,True,2,4.113027874684054,0.8361790833,,,,,,,,,,"[{'message': 'Popular Pick', 'qualifier': '11 tickets sold for this event', 'hasValue': True, 'messageType': 'BoughtInLastHourSocialProofBased'}, {'message': 'Aisle Seat', 'qualifier': 'Easy access to your seat', 'hasValue': True, 'messageType': 'AisleSeatTicketAttributeBased'}]",[2024],,,,5000.0,,,,,,,
13388308298,153020449,124,122796,124,2,5,_,,,,False,False,3,,False,False,"[1, 2, 3]",594,Lower,3,True,"[{'listingNoteId': -1, 'listingNoteContentId': 3338094, 'formattedListingNoteContent': 'Clear view', 'listingNoteTypeId': 3, 'showToBuyer': True, 'hideInMock': False, 'siteAddedListingNote': False, 'aisleListingNoteWithSplit': False, 'listingNoteDescriptionContentId': 3338095, 'formattedListingNoteDescription': ""You'll have an unrestricted view of the show.""}]","[{'listingNoteBucketId': 27, 'formattedListingNoteContent': 'Clear view', 'displayOrder': 8, 'showsRawNoteText': True, 'sourceListingNoteId': -1}]",2112760,False,False,Row 5,False,2532811,"¥2,532,811","¥2,532,811",10,Mobile Transfer ticket,3,1,USD,JPY,USD,"https://img.vggcdn.net/img/vfsimage2/812551/594_122796/0.jpg?im=Resize=(500,271)&v=771",10 hours ago,9,False,False,False,False,JMzMhe0ImUhmWs7Q5mYUpQMSHX2I34SqYprsenKnuPM%3d,False,2026-07-18T02:58:06.6130000Z,False,False,False,False,False,False,0,False,,,False,False,False,False,0,False,False,0,13388308298,False,74BC81D8-3880-4681-8894-BDB84DE7EA39,False,False,True,5,8.808745410706642,1.558143697,,,,,,,,,,"[{'message': 'Amazing Value', 'qualifier': 'Based on price, view, seat quality and more', 'hasValue': True, 'messageType': 'ValueBased'}, {'message': 'Popular Pick', 'qualifier': '11 tickets sold for this event', 'hasValue': True, 'messageType': 'BoughtInLastHourSocialProofBased'}]",[],,,,10990.0,,,,,,,
13367629926,153020449,Argentina Supporters Standard Tier,2449434,Argentina Supporters Standard Tier,2,,_,,,,False,False,2,,False,False,"[1, 2]",36868,Argentina Supporters,2,True,"[{'listingNoteId': -1, 'listingNoteContentId': 3338094, 'formattedListingNoteContent': 'Clear view', 'listingNoteTypeId': 3, 'showToBuyer': True, 'hideInMock': False, 'siteAddedListingNote': False, 'aisleListingNoteWithSplit': False, 'listingNoteDescriptionContentId': 3338095, 'formattedListingNoteDescription': ""You'll have an unrestricted view of the show.""}]","[{'listingNoteBucketId': 27, 'formattedListingNoteContent': 'Clear view', 'displayOrder': 8, 'showsRawNoteText': True, 'sourceListingNoteId': -1}]",4849986,False,False,Row,True,2534760,"¥2,534,760","¥2,534,760",10,Mobile Transfer ticket,3,1,USD,JPY,USD,"https://img.vggcdn.net/img/vfsimage2/812551/36868_2449434/0.jpg?im=Resize=(500,271)&v=771",2 days ago,7,False,False,False,False,JVwh%2fritykTL%2b%2fRSrAPwOrH0dOQ299CKzv%2bulYFaFQg%3d,False,2026-07-16T04:58:48.2770000Z,False,False,False,False,False,False,0,False,[7],,False,False,False,False,0,False,False,0,13367629926,False,DBB437AC-936E-4E19-AC6D-A82724777C35,False,False,True,4,7.165038447069672,1.231148835,,,,Last tickets,True,,,,,"[{'message': 'Great Value', 'qualifier': 'Based on price, view, seat quality and more', 'hasValue': True, 'messageType': 'ValueBased'}, {'message': 'Popular Pick', 'qualifier': '11 tickets sold for this event', 'hasValue': True, 'messageType': 'BoughtInLastHourSocialProofBased'}]",[],,,,10000.0,,,,,,,
13388044073,153020449,233,122860,233,2,14,21_21,,,21,False,False,1,,False,False,[1],471,Middle,1,True,"[{'listingNoteId': 814, 'listingNoteContentId': 2446060, 'formattedListingNoteContent': 'Limited or Obstructed View (printed on ticket)', 'listingNoteTypeId': 1, 'showToBuyer': True, 'hideInMock': False, 'siteAddedListingNote': False, 'aisleListingNoteWithSplit': False, 'listingNoteDescriptionContentId': 2446061, 'formattedListingNoteDescription': 'Limited or Obstructed View (printed on ticket)'}]","[{'listingNoteBucketId': 21, 'formattedListingNoteContent': 'Limited view', 'displayOrder': 21, 'showsRawNoteText': False}]",703259,False,False,Row 14,False,2534760,"¥2,534,760","¥2,534,760",10,Mobile Transfer ticket,3,1,USD,JPY,USD,"https://img.vggcdn.net/img/vfsimage2/812551/471_122860/0.jpg?im=Resize=(500,271)&v=771",11 hours ago,6,False,False,False,False,JrtUcxFGMIKD08kXCUUem2B6U%2b%2boM7ExDeNXXGSrfnE%3d,False,2026-07-18T01:47:21.1230000Z,False,False,False,False,False,False,0,False,[7],,False,False,False,False,0,False,False,0,13388044073,False,1BD09AE7-ED7D-4076-8253-7212CE82F2B7,False,False,True,3,5.99378379500471,1.073118419,,,,Last ticket,True,,,,,"[{'message': 'Popular Pick', 'qualifier': '11 tickets sold for this event', 'hasValue': True, 'messageType': 'BoughtInLastHourSocialProofBased'}]",[],,,,5750.0,,,,,,,
13383672256,153020449,207C,1530778,207C,2,14,5_5,5,5,5,False,False,1,,False,False,[1],471,Middle,1,True,"[{'listingNoteId': -1, 'listingNoteContentId': 3338094, 'formattedListingNoteContent': 'Clear view', 'listingNoteTypeId': 3, 'showToBuyer': True, 'hideInMock': False, 'siteAddedListingNote': False, 'aisleListingNoteWithSplit': False, 'listingNoteDescriptionContentId': 3338095, 'formattedListingNoteDescription': ""You'll have an unrestricted view of the show.""}]","[{'listingNoteBucketId': 27, 'formattedListingNoteContent': 'Clear view', 'displayOrder': 8, 'showsRawNoteText': True, 'sourceListingNoteId': -1}]",1593451,False,False,Row 14,False,2544508,"¥2,544,508","¥2,544,508",10,Mobile Transfer ticket,3,1,USD,JPY,USD,"https://img.vggcdn.net/img/vfsimage2/812551/471_1530778/0.jpg?im=Resize=(500,271)&v=771",21 hours ago,2,False,False,False,False,tbLkoTf7Snujyg4h9CS1tssZgIjrydTYIKg6IOGpQT8%3d,False,2026-07-17T15:37:46.7030000Z,False,False,False,False,False,False,0,False,[7],,False,False,False,False,0,False,False,0,13383672256,False,93E77B81-60C4-4FB5-9659-BC5B0E7510F7,False,False,True,1,2.453498724517068,0.6530657106,,,,Last ticket,True,,,,,"[{'message': 'Popular Pick', 'qualifier': '11 tickets sold for this event', 'hasValue': True, 'messageType': 'BoughtInLastHourSocialProofBased'}]",[],,,,10990.0,,,,,,,
13388298475,153020449,124,122796,124,2,8,_,,,,False,False,4,,False,False,"[1, 2, 4]",594,Lower,4,True,"[{'listingNoteId': -1, 'listingNoteContentId': 3338094, 'formattedListingNoteContent': 'Clear view', 'listingNoteTypeId': 3, 'showToBuyer': True, 'hideInMock': False, 'siteAddedListingNote': False, 'aisleListingNoteWithSplit': False, 'listingNoteDescriptionContentId': 3338095, 'formattedListingNoteDescription': ""You'll have an unrestricted view of the show.""}]","[{'listingNoteBucketId': 27, 'formattedListingNoteContent': 'Clear view', 'displayOrder': 8, 'showsRawNoteText': True, 'sourceListingNoteId': -1}]",2112763,False,False,Row 8,False,2553846,"¥2,553,846","¥2,553,846",10,Mobile Transfer ticket,3,1,USD,JPY,USD,"https://img.vggcdn.net/img/vfsimage2/812551/594_122796/0.jpg?im=Resize=(500,271)&v=771",10 hours ago,9,False,False,False,False,%2fFq9qF81zzWqV3FJNxyBkjTvRhEefp1uB%2bNJlNHtvI0%3d,False,2026-07-18T02:54:59.9230000Z,False,False,False,False,False,False,0,False,,,False,False,False,False,0,False,False,0,13388298475,False,FE454717-C5CC-41F5-926A-8F1FDFA064D6,False,False,True,5,8.612403368448009,1.505636007,,,,,,,,,,"[{'message': 'Amazing Value', 'qualifier': 'Based on price, view, seat quality and more', 'hasValue': True, 'messageType': 'ValueBased'}, {'message': 'Popular Pick', 'qualifier': '11 tickets sold for this event', 'hasValue': True, 'messageType': 'BoughtInLastHourSocialProofBased'}]",[],,,,10990.0,,,,,,,
13387080696,153020449,128,122798,128,2,21,_,,,,False,False,1,,False,False,[1],594,Lower,1,True,"[{'listingNoteId': -1, 'listingNoteContentId': 3338094, 'formattedListingNoteContent': 'Clear view', 'listingNoteTypeId': 3, 'showToBuyer': True, 'hideInMock': False, 'siteAddedListingNote': False, 'aisleListingNoteWithSplit': False, 'listingNoteDescriptionContentId': 3338095, 'formattedListingNoteDescription': ""You'll have an unrestricted view of the show.""}]","[{'listingNoteBucketId': 27, 'formattedListingNoteContent': 'Clear view', 'displayOrder': 8, 'showsRawNoteText': True, 'sourceListingNoteId': -1}]",2112826,False,False,Row 21,False,2565153,"¥2,565,153","¥2,565,153",10,Mobile Transfer ticket,3,1,EUR,JPY,EUR,"https://img.vggcdn.net/img/vfsimage2/812551/594_122798/0.jpg?im=Resize=(500,271)&v=771",14 hours ago,8,False,False,False,False,TQxZlisxx%2f8306nacjvnL4pZIZU0kSkM4j%2b22a%2fzrnA%3d,False,2026-07-17T23:05:59.8100000Z,False,False,False,False,False,False,0,False,[7],,False,False,False,False,0,False,False,0,13387080696,False,F4FE3052-C8BA-4EC9-A4F5-D6766DE23C5D,False,False,True,4,8.306736509337671,1.437252908,,,,Last ticket,True,,,,,"[{'message': 'Great Value', 'qualifier': 'Based on price, view, seat quality and more', 'hasValue': True, 'messageType': 'ValueBased'}, {'message': 'Popular Pick', 'qualifier': '11 tickets sold for this event', 'hasValue': True, 'messageType': 'BoughtInLastHourSocialProofBased'}]",[],,,,10990.0,,,,,,,
13389892129,153020449,Lower,1546666,Lower,3,,_,,,,False,False,10,,False,False,"[1, 2, 3, 4]",594,Lower,4,True,"[{'listingNoteId': -1, 'listingNoteContentId': 3338094, 'formattedListingNoteContent': 'Clear view', 'listingNoteTypeId': 3, 'showToBuyer': True, 'hideInMock': False, 'siteAddedListingNote': False, 'aisleListingNoteWithSplit': False, 'listingNoteDescriptionContentId': 3338095, 'formattedListingNoteDescription': ""You'll have an unrestricted view of the show.""}]","[{'listingNoteBucketId': 27, 'formattedListingNoteContent': 'Clear view', 'displayOrder': 8, 'showsRawNoteText': True, 'sourceListingNoteId': -1}]",1641233,False,False,Row,True,2565153,"¥2,565,153","¥2,565,153",10,Mobile Transfer ticket,3,1,EUR,JPY,EUR,"https://img.vggcdn.net/img/vfsimage2/812551/594_1546666/0.jpg?im=Resize=(500,271)&v=771",3 hours ago,0,False,False,True,True,TQxZlisxx%2f8306nacjvnL4pZIZU0kSkM4j%2b22a%2fzrnA%3d,False,2026-07-18T09:49:31.1170000Z,False,False,False,False,False,False,0,False,[7],,False,False,False,False,0,False,False,0,13389892129,False,22B81416-A671-4E62-9FA9-BE81148437A7,False,False,True,0,,,,,,Last tickets,True,,,,,"[{'message': 'Popular Pick', 'qualifier': '11 tickets sold for this event', 'hasValue': True, 'messageType': 'BoughtInLastHourSocialProofBased'}]",[],,,,10990.0,,,,,,,
13388384308,153020449,205A,1530775,205A,2,2,_,,,,False,False,4,,False,False,"[1, 2, 4]",471,Middle,4,True,"[{'listingNoteId': 2026, 'listingNoteContentId': 3415844, 'formattedListingNoteContent': 'Second Row of Section', 'listingNoteTypeId': 6, 'showToBuyer': True, 'hideInMock': False, 'siteAddedListingNote': False, 'aisleListingNoteWithSplit': False, 'listingNoteDescriptionContentId': 3415844, 'formattedListingNoteDescription': 'Second Row of Section'}, {'listingNoteId': -1, 'listingNoteContentId': 3338094, 'formattedListingNoteContent': 'Clear view', 'listingNoteTypeId': 3, 'showToBuyer': True, 'hideInMock': False, 'siteAddedListingNote': False, 'aisleListingNoteWithSplit': False, 'listingNoteDescriptionContentId': 3338095, 'formattedListingNoteDescription': ""You'll have an unrestricted view of the show.""}]","[{'listingNoteBucketId': 14, 'formattedListingNoteContent': 'Second Row of Section', 'displayOrder': 14, 'showsRawNoteText': True, 'sourceListingNoteId': 2026}, {'listingNoteBucketId': 27, 'formattedListingNoteContent': 'Clear view', 'displayOrder': 8, 'showsRawNoteText': True, 'sourceListingNoteId': -1}]",1593533,False,False,Row 2,False,2579501,"¥2,579,501","¥2,579,501",10,Mobile Transfer ticket,3,1,USD,JPY,USD,"https://img.vggcdn.net/img/vfsimage2/812551/471_1530775/0.jpg?im=Resize=(500,271)&v=771",9 hours ago,7,False,False,False,False,dzfan%2bATQX7cnUxHAtsaTKw7UXiuqhEa1tez3Jc%2bvXU%3d,False,2026-07-18T03:19:38.2900000Z,False,False,False,False,False,False,0,False,,,False,False,False,False,0,False,False,0,13388384308,False,AB9D1501-C587-42B0-B25E-9F754D1C2026,False,False,True,3,6.771466979907951,1.195032793,,,,,,,,,,"[{'message': 'Popular Pick', 'qualifier': '11 tickets sold for this event', 'hasValue': True, 'messageType': 'BoughtInLastHourSocialProofBased'}, {'message': 'Second Row', 'qualifier': 'Premium close-up view', 'hasValue': True, 'messageType': 'SecondRowTicketAttributeBased'}]",[2026],,,,7380.0,,,,,,,
13388017937,153020449,109,122787,109,2,27,7_7,,,7,False,False,1,,False,False,[1],594,Lower,1,True,"[{'listingNoteId': -1, 'listingNoteContentId': 3338094, 'formattedListingNoteContent': 'Clear view', 'listingNoteTypeId': 3, 'showToBuyer': True, 'hideInMock': False, 'siteAddedListingNote': False, 'aisleListingNoteWithSplit': False, 'listingNoteDescriptionContentId': 3338095, 'formattedListingNoteDescription': ""You'll have an unrestricted view of the show.""}]","[{'listingNoteBucketId': 27, 'formattedListingNoteContent': 'Clear view', 'displayOrder': 8, 'showsRawNoteText': True, 'sourceListingNoteId': -1}]",2112305,False,False,Row 27,False,2585048,"¥2,585,048","¥2,585,048",10,Mobile Transfer ticket,3,14,USD,JPY,USD,"https://img.vggcdn.net/img/vfsimage2/812551/594_122787/0.jpg?im=Resize=(500,271)&v=771",11 hours ago,7,False,False,False,False,CdYdIN72raT4KhJwnID99BGROA2MdCxn1f7EmoeTkY4%3d,False,2026-07-18T01:44:06.0070000Z,False,False,False,False,False,False,0,False,,,False,False,False,False,0,False,False,0,13388017937,False,FC00A50B-2201-4305-BE63-9021EAAC7059,False,False,True,4,7.289908140326695,1.274130508,,,,,,,,,,"[{'message': 'Great Value', 'qualifier': 'Based on price, view, seat quality and more', 'hasValue': True, 'messageType': 'ValueBased'}, {'message': 'Popular Pick', 'qualifier': '11 tickets sold for this event', 'hasValue': True, 'messageType': 'BoughtInLastHourSocialProofBased'}]",[],,,,0.0,,,,,,,
13388298473,153020449,124,122796,124,2,10,_,,,,False,False,4,,False,False,"[1, 2, 4]",594,Lower,4,True,"[{'listingNoteId': -1, 'listingNoteContentId': 3338094, 'formattedListingNoteContent': 'Clear view', 'listingNoteTypeId': 3, 'showToBuyer': True, 'hideInMock': False, 'siteAddedListingNote': False, 'aisleListingNoteWithSplit': False, 'listingNoteDescriptionContentId': 3338095, 'formattedListingNoteDescription': ""You'll have an unrestricted view of the show.""}]","[{'listingNoteBucketId': 27, 'formattedListingNoteContent': 'Clear view', 'displayOrder': 8, 'showsRawNoteText': True, 'sourceListingNoteId': -1}]",2112717,False,False,Row 10,False,2592055,"¥2,592,055","¥2,592,055",10,Mobile Transfer ticket,3,1,USD,JPY,USD,"https://img.vggcdn.net/img/vfsimage2/812551/594_122796/0.jpg?im=Resize=(500,271)&v=771",10 hours ago,8,False,False,False,False,sxR0nVG9K0gEoHretZ6r3jhGAWidmzRl1SLDrGr9LU0%3d,False,2026-07-18T02:54:59.9170000Z,False,False,False,False,False,False,0,False,,,False,False,False,False,0,False,False,0,13388298473,False,2999EF7D-9E4A-4F95-8345-7244D4825E30,False,False,True,4,8.403927386198056,1.471566917,,,,,,,,,,"[{'message': 'Great Value', 'qualifier': 'Based on price, view, seat quality and more', 'hasValue': True, 'messageType': 'ValueBased'}, {'message': 'Popular Pick', 'qualifier': '11 tickets sold for this event', 'hasValue': True, 'messageType': 'BoughtInLastHourSocialProofBased'}]",[],,,,10990.0,,,,,,,
13384790123,153020449,131,122800,131,2,28,29_,,,29,False,False,1,,False,False,[1],594,Lower,1,True,"[{'listingNoteId': -1, 'listingNoteContentId': 3338094, 'formattedListingNoteContent': 'Clear view', 'listingNoteTypeId': 3, 'showToBuyer': True, 'hideInMock': False, 'siteAddedListingNote': False, 'aisleListingNoteWithSplit': False, 'listingNoteDescriptionContentId': 3338095, 'formattedListingNoteDescription': ""You'll have an unrestricted view of the show.""}]","[{'listingNoteBucketId': 27, 'formattedListingNoteContent': 'Clear view', 'displayOrder': 8, 'showsRawNoteText': True, 'sourceListingNoteId': -1}]",2112926,False,False,Row 28,False,2597044,"¥2,597,044","¥2,597,044",10,Mobile Transfer ticket,3,1,BRL,JPY,BRL,"https://img.vggcdn.net/img/vfsimage2/812551/594_122800/0.jpg?im=Resize=(500,271)&v=771",19 hours ago,7,False,False,False,False,xYroZ4h940khNV42FUsCZFatihIkl7cLSB%2bSGU8fBos%3d,False,2026-07-17T17:53:40.7570000Z,False,False,False,False,False,False,0,False,,,False,False,False,False,0,False,False,0,13384790123,False,B090532C-CB64-4814-9F0F-0EC2BD9ED45B,False,False,True,4,7.06617368758057,1.247029714,,,,,,,,,,"[{'message': 'Great Value', 'qualifier': 'Based on price, view, seat quality and more', 'hasValue': True, 'messageType': 'ValueBased'}, {'message': 'Popular Pick', 'qualifier': '11 tickets sold for this event', 'hasValue': True, 'messageType': 'BoughtInLastHourSocialProofBased'}]",[],"¥3,393,431",23.0,"¥796,387",1500.0,,,,,,,
13388298470,153020449,124,122796,124,2,9,_,,,,False,False,4,,False,False,"[1, 2, 4]",594,Lower,4,True,"[{'listingNoteId': -1, 'listingNoteContentId': 3338094, 'formattedListingNoteContent': 'Clear view', 'listingNoteTypeId': 3, 'showToBuyer': True, 'hideInMock': False, 'siteAddedListingNote': False, 'aisleListingNoteWithSplit': False, 'listingNoteDescriptionContentId': 3338095, 'formattedListingNoteDescription': ""You'll have an unrestricted view of the show.""}]","[{'listingNoteBucketId': 27, 'formattedListingNoteContent': 'Clear view', 'displayOrder': 8, 'showsRawNoteText': True, 'sourceListingNoteId': -1}]",2112764,False,False,Row 9,False,2611160,"¥2,611,160","¥2,611,160",10,Mobile Transfer ticket,3,1,USD,JPY,USD,"https://img.vggcdn.net/img/vfsimage2/812551/594_122796/0.jpg?im=Resize=(500,271)&v=771",10 hours ago,8,False,False,False,False,1ExTDK5a3NbI2sjNUI2bF6EyjUPnJHJ8Y%2bYmIrCCMpU%3d,False,2026-07-18T02:54:59.9130000Z,False,False,False,False,False,False,0,False,,,False,False,False,False,0,False,False,0,13388298470,False,97DC86AC-F68B-40DE-B694-7B9C9FF188CF,False,False,True,4,8.433968650245175,1.488509206,,,,,,,,,,"[{'message': 'Great Value', 'qualifier': 'Based on price, view, seat quality and more', 'hasValue': True, 'messageType': 'ValueBased'}, {'message': 'Popular Pick', 'qualifier': '11 tickets sold for this event', 'hasValue': True, 'messageType': 'BoughtInLastHourSocialProofBased'}]",[],,,,10990.0,,,,,,,
13388306367,153020449,124,122796,124,2,5,_,,,,False,False,4,,False,False,"[1, 2, 4]",594,Lower,4,True,"[{'listingNoteId': -1, 'listingNoteContentId': 3338094, 'formattedListingNoteContent': 'Clear view', 'listingNoteTypeId': 3, 'showToBuyer': True, 'hideInMock': False, 'siteAddedListingNote': False, 'aisleListingNoteWithSplit': False, 'listingNoteDescriptionContentId': 3338095, 'formattedListingNoteDescription': ""You'll have an unrestricted view of the show.""}]","[{'listingNoteBucketId': 27, 'formattedListingNoteContent': 'Clear view', 'displayOrder': 8, 'showsRawNoteText': True, 'sourceListingNoteId': -1}]",2112760,False,False,Row 5,False,2612723,"¥2,612,723","¥2,612,723",10,Mobile Transfer ticket,3,1,USD,JPY,USD,"https://img.vggcdn.net/img/vfsimage2/812551/594_122796/0.jpg?im=Resize=(500,271)&v=771",10 hours ago,9,False,False,False,False,GaocDHFBgc2nmMDVUcYEKX%2fbBtE3AieZtafwnUq%2b5TE%3d,False,2026-07-18T02:57:39.3470000Z,False,False,False,False,False,False,0,False,,,False,False,False,False,0,False,False,0,13388306367,False,85C91849-CE70-4923-9F4E-9BA952D98259,False,False,True,5,8.666213422844544,1.558143697,,,,,,,,,,"[{'message': 'Amazing Value', 'qualifier': 'Based on price, view, seat quality and more', 'hasValue': True, 'messageType': 'ValueBased'}, {'message': 'Popular Pick', 'qualifier': '11 tickets sold for this event', 'hasValue': True, 'messageType': 'BoughtInLastHourSocialProofBased'}]",[],,,,10990.0,,,,,,,
13388298477,153020449,124,122796,124,2,8,_,,,,False,False,4,,False,False,"[1, 2, 4]",594,Lower,4,True,"[{'listingNoteId': -1, 'listingNoteContentId': 3338094, 'formattedListingNoteContent': 'Clear view', 'listingNoteTypeId': 3, 'showToBuyer': True, 'hideInMock': False, 'siteAddedListingNote': False, 'aisleListingNoteWithSplit': False, 'listingNoteDescriptionContentId': 3338095, 'formattedListingNoteDescription': ""You'll have an unrestricted view of the show.""}]","[{'listingNoteBucketId': 27, 'formattedListingNoteContent': 'Clear view', 'displayOrder': 8, 'showsRawNoteText': True, 'sourceListingNoteId': -1}]",2112763,False,False,Row 8,False,2630265,"¥2,630,265","¥2,630,265",10,Mobile Transfer ticket,3,1,USD,JPY,USD,"https://img.vggcdn.net/img/vfsimage2/812551/594_122796/0.jpg?im=Resize=(500,271)&v=771",10 hours ago,8,False,False,False,False,BANgwRNU7A7uugstRD24V%2bhdlgZfFNV8ywm3XKwP7IQ%3d,False,2026-07-18T02:54:59.9300000Z,False,False,False,False,False,False,0,False,,,False,False,False,False,0,False,False,0,13388298477,False,ECBFDFF1-D680-4693-B115-6067275CAE7D,False,False,True,4,8.464222282616573,1.505636007,,,,,,,,,,"[{'message': 'Great Value', 'qualifier': 'Based on price, view, seat quality and more', 'hasValue': True, 'messageType': 'ValueBased'}, {'message': 'Popular Pick', 'qualifier': '11 tickets sold for this event', 'hasValue': True, 'messageType': 'BoughtInLastHourSocialProofBased'}]",[],,,,10990.0,,,,,,,
13388306368,153020449,124,122796,124,2,4,_,,,,False,False,4,,False,False,"[1, 2, 4]",594,Lower,4,True,"[{'listingNoteId': -1, 'listingNoteContentId': 3338094, 'formattedListingNoteContent': 'Clear view', 'listingNoteTypeId': 3, 'showToBuyer': True, 'hideInMock': False, 'siteAddedListingNote': False, 'aisleListingNoteWithSplit': False, 'listingNoteDescriptionContentId': 3338095, 'formattedListingNoteDescription': ""You'll have an unrestricted view of the show.""}]","[{'listingNoteBucketId': 27, 'formattedListingNoteContent': 'Clear view', 'displayOrder': 8, 'showsRawNoteText': True, 'sourceListingNoteId': -1}]",2112749,False,False,Row 4,False,2631828,"¥2,631,828","¥2,631,828",10,Mobile Transfer ticket,3,1,USD,JPY,USD,"https://img.vggcdn.net/img/vfsimage2/812551/594_122796/0.jpg?im=Resize=(500,271)&v=771",10 hours ago,9,False,False,False,False,srvplMZYZUVEer8a1gBlJUtfU36kGfjRbmqaORlkRMQ%3d,False,2026-07-18T02:57:39.3530000Z,False,False,False,False,False,False,0,False,,,False,False,False,False,0,False,False,0,13388306368,False,D3FE710C-0267-4906-82F3-1DD822DB05CD,False,False,True,5,8.68539842887993,1.576028866,,,,,,,,,,"[{'message': 'Amazing Value', 'qualifier': 'Based on price, view, seat quality and more', 'hasValue': True, 'messageType': 'ValueBased'}, {'message': 'Popular Pick', 'qualifier': '11 tickets sold for this event', 'hasValue': True, 'messageType': 'BoughtInLastHourSocialProofBased'}]",[],,,,10990.0,,,,,,,
13386891497,153020449,231A,1530792,231A,2,2,16_19,,,16,False,False,4,,False,False,"[1, 2, 4]",471,Middle,4,True,"[{'listingNoteId': 2026, 'listingNoteContentId': 3415844, 'formattedListingNoteContent': 'Second Row of Section', 'listingNoteTypeId': 6, 'showToBuyer': True, 'hideInMock': False, 'siteAddedListingNote': False, 'aisleListingNoteWithSplit': False, 'listingNoteDescriptionContentId': 3415844, 'formattedListingNoteDescription': 'Second Row of Section'}, {'listingNoteId': -1, 'listingNoteContentId': 3338094, 'formattedListingNoteContent': 'Clear view', 'listingNoteTypeId': 3, 'showToBuyer': True, 'hideInMock': False, 'siteAddedListingNote': False, 'aisleListingNoteWithSplit': False, 'listingNoteDescriptionContentId': 3338095, 'formattedListingNoteDescription': ""You'll have an unrestricted view of the show.""}]","[{'listingNoteBucketId': 14, 'formattedListingNoteContent': 'Second Row of Section', 'displayOrder': 14, 'showsRawNoteText': True, 'sourceListingNoteId': 2026}, {'listingNoteBucketId': 27, 'formattedListingNoteContent': 'Clear view', 'displayOrder': 8, 'showsRawNoteText': True, 'sourceListingNoteId': -1}]",1593666,False,False,Row 2,False,2632234,"¥2,632,234","¥2,632,234",10,Mobile Transfer ticket,3,1,USD,JPY,USD,"https://img.vggcdn.net/img/vfsimage2/812551/471_1530792/0.jpg?im=Resize=(500,271)&v=771",14 hours ago,8,False,False,False,False,J6JR8OBaehhDB1kEU8m3nOjseNSqjvKH0g%2flMe1kwQY%3d,False,2026-07-17T22:45:21.2300000Z,False,False,False,False,False,False,0,False,[7],,False,False,False,False,0,False,False,0,13386891497,False,82E60B53-A38C-471B-9466-8114610690D9,False,False,True,4,7.504438912372337,1.331183615,,,,Last tickets,True,,,,,"[{'message': 'Great Value', 'qualifier': 'Based on price, view, seat quality and more', 'hasValue': True, 'messageType': 'ValueBased'}, {'message': 'Popular Pick', 'qualifier': '11 tickets sold for this event', 'hasValue': True, 'messageType': 'BoughtInLastHourSocialProofBased'}, {'message': 'Second Row', 'qualifier': 'Premium close-up view', 'hasValue': True, 'messageType': 'SecondRowTicketAttributeBased'}]",[2026],,,,0.0,,,,,,,
13386360429,153020449,245C,1530797,245C,2,8,_,,,,False,False,1,,False,False,[1],471,Middle,1,True,"[{'listingNoteId': 175, 'listingNoteContentId': 2444706, 'formattedListingNoteContent': 'Unlimited Food and Drinks', 'listingNoteTypeId': 3, 'showToBuyer': True, 'hideInMock': False, 'siteAddedListingNote': False, 'aisleListingNoteWithSplit': False, 'listingNoteDescriptionContentId': 2444707, 'formattedListingNoteDescription': 'Includes unlimited food and drinks (beer, wine and soft drinks)'}, {'listingNoteId': 2344, 'listingNoteContentId': 4216766, 'formattedListingNoteContent': 'Includes Offsite Hospitality', 'listingNoteTypeId': 3, 'showToBuyer': True, 'hideInMock': False, 'siteAddedListingNote': False, 'aisleListingNoteWithSplit': False, 'formattedListingNoteDescription': ''}, {'listingNoteId': -1, 'listingNoteContentId': 3338094, 'formattedListingNoteContent': 'Clear view', 'listingNoteTypeId': 3, 'showToBuyer': True, 'hideInMock': False, 'siteAddedListingNote': False, 'aisleListingNoteWithSplit': False, 'listingNoteDescriptionContentId': 3338095, 'formattedListingNoteDescription': ""You'll have an unrestricted view of the show.""}]","[{'listingNoteBucketId': 7, 'formattedListingNoteContent': 'Food & beverages', 'displayOrder': 7, 'showsRawNoteText': False}, {'listingNoteBucketId': 0, 'formattedListingNoteContent': 'Includes Offsite Hospitality', 'displayOrder': 30, 'showsRawNoteText': True, 'sourceListingNoteId': 2344}, {'listingNoteBucketId': 27, 'formattedListingNoteContent': 'Clear view', 'displayOrder': 8, 'showsRawNoteText': True, 'sourceListingNoteId': -1}]",1593500,False,False,Row 8,False,2632234,"¥2,632,234","¥2,632,234",10,Mobile Transfer ticket,3,1,USD,JPY,USD,"https://img.vggcdn.net/img/vfsimage2/812551/471_1530797/0.jpg?im=Resize=(500,271)&v=771",15 hours ago,6,False,False,False,False,XAOQSpHsuLA9bJM8SaMacpMCvVPEFVaOhvviMmRJgxo%3d,False,2026-07-17T21:27:35.4900000Z,False,False,False,False,False,False,0,False,[7],,False,False,False,False,0,False,False,0,13386360429,False,C908212C-1975-47BA-92AF-2AC90C18ACFE,False,False,True,3,5.920433597487688,1.105408606,,,,Last ticket,True,,,,,"[{'message': 'Popular Pick', 'qualifier': '11 tickets sold for this event', 'hasValue': True, 'messageType': 'BoughtInLastHourSocialProofBased'}]",[],,,,81000.0,,,,,,,
13387914969,153020449,217,122849,217,2,12,17_18,,,17,False,False,2,,False,False,"[1, 2]",471,Middle,2,True,"[{'listingNoteId': -1, 'listingNoteContentId': 3338094, 'formattedListingNoteContent': 'Clear view', 'listingNoteTypeId': 3, 'showToBuyer': True, 'hideInMock': False, 'siteAddedListingNote': False, 'aisleListingNoteWithSplit': False, 'listingNoteDescriptionContentId': 3338095, 'formattedListingNoteDescription': ""You'll have an unrestricted view of the show.""}]","[{'listingNoteBucketId': 27, 'formattedListingNoteContent': 'Clear view', 'displayOrder': 8, 'showsRawNoteText': True, 'sourceListingNoteId': -1}]",702936,False,False,Row 12,False,2646036,"¥2,646,036","¥2,646,036",10,Mobile Transfer ticket,3,1,USD,JPY,USD,"https://img.vggcdn.net/img/vfsimage2/812551/471_122849/0.jpg?im=Resize=(500,271)&v=771",11 hours ago,8,False,False,False,False,AyGRX%2ffGol7kUPOdUBEPZnMxYB540GOaRc%2fXHHxy0kU%3d,False,2026-07-18T01:22:15.4930000Z,False,False,False,False,False,False,0,False,,,False,False,False,False,0,False,False,0,13387914969,False,9117137D-56A7-43AB-8DB9-E0481779FA29,False,False,True,4,7.640918350919928,1.360712054,,,,,,,,,,"[{'message': 'Great Value', 'qualifier': 'Based on price, view, seat quality and more', 'hasValue': True, 'messageType': 'ValueBased'}, {'message': 'Popular Pick', 'qualifier': '11 tickets sold for this event', 'hasValue': True, 'messageType': 'BoughtInLastHourSocialProofBased'}]",[],"¥4,429,102",40.0,"¥1,783,066",10990.0,,,,,,,
13387921180,153020449,217,122849,217,2,11,_,,,,False,False,3,,False,False,"[1, 3]",471,Middle,3,True,"[{'listingNoteId': -1, 'listingNoteContentId': 3338094, 'formattedListingNoteContent': 'Clear view', 'listingNoteTypeId': 3, 'showToBuyer': True, 'hideInMock': False, 'siteAddedListingNote': False, 'aisleListingNoteWithSplit': False, 'listingNoteDescriptionContentId': 3338095, 'formattedListingNoteDescription': ""You'll have an unrestricted view of the show.""}]","[{'listingNoteBucketId': 27, 'formattedListingNoteContent': 'Clear view', 'displayOrder': 8, 'showsRawNoteText': True, 'sourceListingNoteId': -1}]",702935,False,False,Row 11,False,2675122,"¥2,675,122","¥2,675,122",10,Mobile Transfer ticket,3,1,USD,JPY,USD,"https://img.vggcdn.net/img/vfsimage2/812551/471_122849/0.jpg?im=Resize=(500,271)&v=771",11 hours ago,8,False,False,False,False,Czdw6%2fg0Q6%2bd9BFZLzKWN4V2RY4NdEifUA9aD7c93eg%3d,False,2026-07-18T01:23:34.2300000Z,False,False,False,False,False,False,0,False,,,False,False,False,False,0,False,False,0,13387921180,False,6E188DD7-26F6-4EE3-BE44-94FECB5F9856,False,False,True,4,7.769707125374673,1.397897973,,,,,,,,,,"[{'message': 'Great Value', 'qualifier': 'Based on price, view, seat quality and more', 'hasValue': True, 'messageType': 'ValueBased'}, {'message': 'Popular Pick', 'qualifier': '11 tickets sold for this event', 'hasValue': True, 'messageType': 'BoughtInLastHourSocialProofBased'}]",[],,,,10990.0,,,,,,,
13387921218,153020449,217,122849,217,2,12,_,,,,False,False,3,,False,False,"[1, 3]",471,Middle,3,True,"[{'listingNoteId': -1, 'listingNoteContentId': 3338094, 'formattedListingNoteContent': 'Clear view', 'listingNoteTypeId': 3, 'showToBuyer': True, 'hideInMock': False, 'siteAddedListingNote': False, 'aisleListingNoteWithSplit': False, 'listingNoteDescriptionContentId': 3338095, 'formattedListingNoteDescription': ""You'll have an unrestricted view of the show.""}]","[{'listingNoteBucketId': 27, 'formattedListingNoteContent': 'Clear view', 'displayOrder': 8, 'showsRawNoteText': True, 'sourceListingNoteId': -1}]",702936,False,False,Row 12,False,2694227,"¥2,694,227","¥2,694,227",10,Mobile Transfer ticket,3,1,USD,JPY,USD,"https://img.vggcdn.net/img/vfsimage2/812551/471_122849/0.jpg?im=Resize=(500,271)&v=771",11 hours ago,7,False,False,False,False,el9Qowj%2fjC9CZxAy%2fdAtLq%2bc%2bPL%2bf5WlJpQjPtMa9Hc%3d,False,2026-07-18T01:23:34.4100000Z,False,False,False,False,False,False,0,False,,,False,False,False,False,0,False,False,0,13387921218,False,3D2244A6-4658-4273-AEE8-311908846FFD,False,False,True,4,7.49337188300379,1.360712054,,,,,,,,,,"[{'message': 'Great Value', 'qualifier': 'Based on price, view, seat quality and more', 'hasValue': True, 'messageType': 'ValueBased'}, {'message': 'Popular Pick', 'qualifier': '11 tickets sold for this event', 'hasValue': True, 'messageType': 'BoughtInLastHourSocialProofBased'}]",[],,,,10990.0,,,,,,,
13389264011,153020449,101,122782,101,2,14,9_9,9,9,9,False,False,1,,False,False,[1],594,Lower,1,True,"[{'listingNoteId': -1, 'listingNoteContentId': 3338094, 'formattedListingNoteContent': 'Clear view', 'listingNoteTypeId': 3, 'showToBuyer': True, 'hideInMock': False, 'siteAddedListingNote': False, 'aisleListingNoteWithSplit': False, 'listingNoteDescriptionContentId': 3338095, 'formattedListingNoteDescription': ""You'll have an unrestricted view of the show.""}]","[{'listingNoteBucketId': 27, 'formattedListingNoteContent': 'Clear view', 'displayOrder': 8, 'showsRawNoteText': True, 'sourceListingNoteId': -1}]",2112068,False,False,Row 14,False,2719960,"¥2,719,960","¥2,719,960",10,Mobile Transfer ticket,3,1,USD,JPY,USD,"https://img.vggcdn.net/img/vfsimage2/812551/594_122782/0.jpg?im=Resize=(500,271)&v=771",7 hours ago,8,False,False,False,False,rrCBgESVrS2yGkCbBuqquiRhu6EMny0mBs%2bkHJkLfgY%3d,False,2026-07-18T05:52:02.5300000Z,False,False,False,False,False,False,0,False,,,False,False,False,False,0,False,False,0,13389264011,False,36ECFBA0-C1A1-48B4-B19F-D4912B6FF5B1,False,False,True,4,7.905881627548128,1.446035113,,,,,,,,,,"[{'message': 'Great Value', 'qualifier': 'Based on price, view, seat quality and more', 'hasValue': True, 'messageType': 'ValueBased'}, {'message': 'Popular Pick', 'qualifier': '11 tickets sold for this event', 'hasValue': True, 'messageType': 'BoughtInLastHourSocialProofBased'}]",[],,,,0.0,,,,,,,
13387740657,153020449,124,122796,124,2,2,18_18,18,18,18,False,False,1,,False,False,[1],594,Lower,1,True,"[{'listingNoteId': 2026, 'listingNoteContentId': 3415844, 'formattedListingNoteContent': 'Second Row of Section', 'listingNoteTypeId': 6, 'showToBuyer': True, 'hideInMock': False, 'siteAddedListingNote': False, 'aisleListingNoteWithSplit': False, 'listingNoteDescriptionContentId': 3415844, 'formattedListingNoteDescription': 'Second Row of Section'}, {'listingNoteId': -1, 'listingNoteContentId': 3338094, 'formattedListingNoteContent': 'Clear view', 'listingNoteTypeId': 3, 'showToBuyer': True, 'hideInMock': False, 'siteAddedListingNote': False, 'aisleListingNoteWithSplit': False, 'listingNoteDescriptionContentId': 3338095, 'formattedListingNoteDescription': ""You'll have an unrestricted view of the show.""}]","[{'listingNoteBucketId': 14, 'formattedListingNoteContent': 'Second Row of Section', 'displayOrder': 14, 'showsRawNoteText': True, 'sourceListingNoteId': 2026}, {'listingNoteBucketId': 27, 'formattedListingNoteContent': 'Clear view', 'displayOrder': 8, 'showsRawNoteText': True, 'sourceListingNoteId': -1}]",2112727,False,False,Row 2,False,2729513,"¥2,729,513","¥2,729,513",10,Mobile Transfer ticket,3,1,CAD,JPY,CAD,"https://img.vggcdn.net/img/vfsimage2/812551/594_122796/0.jpg?im=Resize=(500,271)&v=771",12 hours ago,9,False,False,False,False,H2SQ8Vrsb3jq1x0%2bbsEaLB352ERn5NKsz3IBWbCaYLI%3d,False,2026-07-18T00:42:32.3030000Z,False,False,False,False,False,False,0,False,,,False,False,False,False,0,False,False,0,13387740657,False,25E87029-767C-4AC3-B745-70CBF1433576,False,False,True,5,8.621657802350247,1.612385673,,,,,,,,,,"[{'message': 'Amazing Value', 'qualifier': 'Based on price, view, seat quality and more', 'hasValue': True, 'messageType': 'ValueBased'}, {'message': 'Popular Pick', 'qualifier': '11 tickets sold for this event', 'hasValue': True, 'messageType': 'BoughtInLastHourSocialProofBased'}, {'message': 'Second Row', 'qualifier': 'Premium close-up view', 'hasValue': True, 'messageType': 'SecondRowTicketAttributeBased'}]",[2026],"¥4,634,295",41.0,"¥1,904,782",15290.0,,,,,,,
13388649991,153020449,149,122812,149,2,8,19_19,19,19,19,False,False,1,,False,False,[1],594,Lower,1,True,"[{'listingNoteId': -1, 'listingNoteContentId': 3338094, 'formattedListingNoteContent': 'Clear view', 'listingNoteTypeId': 3, 'showToBuyer': True, 'hideInMock': False, 'siteAddedListingNote': False, 'aisleListingNoteWithSplit': False, 'listingNoteDescriptionContentId': 3338095, 'formattedListingNoteDescription': ""You'll have an unrestricted view of the show.""}]","[{'listingNoteBucketId': 27, 'formattedListingNoteContent': 'Clear view', 'displayOrder': 8, 'showsRawNoteText': True, 'sourceListingNoteId': -1}]",2113373,False,False,Row 8,False,2737505,"¥2,737,505","¥2,737,505",10,Mobile Transfer ticket,3,1,USD,JPY,USD,"https://img.vggcdn.net/img/vfsimage2/812551/594_122812/0.jpg?im=Resize=(500,271)&v=771",8 hours ago,8,False,False,False,False,M%2fKYVcpRGPWXyLvswE09NXAl7sDUIuPTK0pUOl7H85A%3d,False,2026-07-18T04:18:42.2730000Z,False,False,False,False,False,False,0,False,,,False,False,False,False,0,False,False,0,13388649991,False,B2AEA8BF-04EF-4FF1-B1BD-AEB79CDDC65C,False,False,True,4,8.184513033684334,1.509028498,,,,,,,,,,"[{'message': 'Great Value', 'qualifier': 'Based on price, view, seat quality and more', 'hasValue': True, 'messageType': 'ValueBased'}, {'message': 'Popular Pick', 'qualifier': '11 tickets sold for this event', 'hasValue': True, 'messageType': 'BoughtInLastHourSocialProofBased'}]",[],"¥3,980,636",31.0,"¥1,243,131",0.0,,,,,,,
13390284812,153020449,108,122786,108,2,15,_,,,,False,False,3,,False,False,"[1, 3]",594,Lower,3,True,"[{'listingNoteId': 814, 'listingNoteContentId': 2446060, 'formattedListingNoteContent': 'Limited or Obstructed View (printed on ticket)', 'listingNoteTypeId': 1, 'showToBuyer': True, 'hideInMock': False, 'siteAddedListingNote': False, 'aisleListingNoteWithSplit': False, 'listingNoteDescriptionContentId': 2446061, 'formattedListingNoteDescription': 'Limited or Obstructed View (printed on ticket)'}]","[{'listingNoteBucketId': 21, 'formattedListingNoteContent': 'Limited view', 'displayOrder': 21, 'showsRawNoteText': False}]",2112258,False,False,Row 15,False,2770646,"¥2,770,646","¥2,770,646",10,Mobile Transfer ticket,3,1,USD,JPY,USD,"https://img.vggcdn.net/img/vfsimage2/812551/594_122786/0.jpg?im=Resize=(500,271)&v=771",an hour ago,8,False,False,False,False,tbLkoTf7Snujyg4h9CS1tssZgIjrydTYIKg6IOGpQT8%3d,False,2026-07-18T11:59:25.3700000Z,False,False,False,False,False,False,0,False,,,False,False,False,False,0,False,False,0,13390284812,False,FA11226C-00E3-41EF-9278-604002E17EC1,False,False,True,4,8.115973918993854,1.513572,,,,,,,,,,"[{'message': 'Great Value', 'qualifier': 'Based on price, view, seat quality and more', 'hasValue': True, 'messageType': 'ValueBased'}, {'message': 'Popular Pick', 'qualifier': '11 tickets sold for this event', 'hasValue': True, 'messageType': 'BoughtInLastHourSocialProofBased'}]",[],,,,1099.0,,,,,,,
13388264807,153020449,205A,1530775,205A,2,1,_,,,,False,False,3,,False,False,"[1, 3]",471,Middle,3,True,"[{'listingNoteId': 2025, 'listingNoteContentId': 3415843, 'formattedListingNoteContent': 'Front Row of Section', 'listingNoteTypeId': 6, 'showToBuyer': True, 'hideInMock': False, 'siteAddedListingNote': False, 'aisleListingNoteWithSplit': False, 'listingNoteDescriptionContentId': 3415843, 'formattedListingNoteDescription': 'Front Row of Section'}, {'listingNoteId': -1, 'listingNoteContentId': 3338094, 'formattedListingNoteContent': 'Clear view', 'listingNoteTypeId': 3, 'showToBuyer': True, 'hideInMock': False, 'siteAddedListingNote': False, 'aisleListingNoteWithSplit': False, 'listingNoteDescriptionContentId': 3338095, 'formattedListingNoteDescription': ""You'll have an unrestricted view of the show.""}]","[{'listingNoteBucketId': 14, 'formattedListingNoteContent': 'Front Row of Section', 'displayOrder': 14, 'showsRawNoteText': True, 'sourceListingNoteId': 2025}, {'listingNoteBucketId': 27, 'formattedListingNoteContent': 'Clear view', 'displayOrder': 8, 'showsRawNoteText': True, 'sourceListingNoteId': -1}]",1593529,False,False,Row 1,False,2770646,"¥2,770,646","¥2,770,646",10,Mobile Transfer ticket,3,1,USD,JPY,USD,"https://img.vggcdn.net/img/vfsimage2/812551/471_1530775/0.jpg?im=Resize=(500,271)&v=771",10 hours ago,7,False,False,False,False,tbLkoTf7Snujyg4h9CS1tssZgIjrydTYIKg6IOGpQT8%3d,False,2026-07-18T02:44:12.4870000Z,False,False,False,False,False,False,0,False,,,False,False,False,False,0,False,False,0,13388264807,False,E40E3791-4916-4181-87DD-9C210D5C184C,False,False,True,3,6.508184412699744,1.24389544,,,,,,,,,,"[{'message': 'Popular Pick', 'qualifier': '11 tickets sold for this event', 'hasValue': True, 'messageType': 'BoughtInLastHourSocialProofBased'}, {'message': 'Front Row', 'qualifier': 'Best seats in the house', 'hasValue': True, 'messageType': 'FirstRowTicketAttributeBased'}]",[2025],,,,7380.0,,,,,,,
13384129659,153020449,342,122935,342,2,14,_,,,,False,False,4,,False,False,"[1, 2, 3, 4]",407,Upper,4,True,"[{'listingNoteId': -1, 'listingNoteContentId': 3338094, 'formattedListingNoteContent': 'Clear view', 'listingNoteTypeId': 3, 'showToBuyer': True, 'hideInMock': False, 'siteAddedListingNote': False, 'aisleListingNoteWithSplit': False, 'listingNoteDescriptionContentId': 3338095, 'formattedListingNoteDescription': ""You'll have an unrestricted view of the show.""}]","[{'listingNoteBucketId': 27, 'formattedListingNoteContent': 'Clear view', 'displayOrder': 8, 'showsRawNoteText': True, 'sourceListingNoteId': -1}]",704430,False,False,Row 14,False,2811244,"¥2,811,244","¥2,811,244",10,Mobile Transfer ticket,3,1,USD,JPY,USD,"https://img.vggcdn.net/img/vfsimage2/812551/407_122935/0.jpg?im=Resize=(500,271)&v=771",20 hours ago,3,False,False,False,False,IK4RPlg55SPNbh9%2b9the961KgEUk7aZQ2tws5SOva98%3d,False,2026-07-17T16:37:34.2600000Z,False,False,False,False,False,False,0,False,,,False,False,False,False,0,False,False,0,13384129659,False,F17798EC-EB05-4094-8E1E-7CE63E8BD85A,False,False,True,2,3.0875349642458936,0.8097118042,,,,,,,,,,"[{'message': 'Popular Pick', 'qualifier': '11 tickets sold for this event', 'hasValue': True, 'messageType': 'BoughtInLastHourSocialProofBased'}]",[],,,,0.0,,,,,,,
13388099960,153020449,205A,1530775,205A,2,1,_,,,,False,False,3,,False,False,"[1, 3]",471,Middle,3,True,"[{'listingNoteId': 2025, 'listingNoteContentId': 3415843, 'formattedListingNoteContent': 'Front Row of Section', 'listingNoteTypeId': 6, 'showToBuyer': True, 'hideInMock': False, 'siteAddedListingNote': False, 'aisleListingNoteWithSplit': False, 'listingNoteDescriptionContentId': 3415843, 'formattedListingNoteDescription': 'Front Row of Section'}, {'listingNoteId': -1, 'listingNoteContentId': 3338094, 'formattedListingNoteContent': 'Clear view', 'listingNoteTypeId': 3, 'showToBuyer': True, 'hideInMock': False, 'siteAddedListingNote': False, 'aisleListingNoteWithSplit': False, 'listingNoteDescriptionContentId': 3338095, 'formattedListingNoteDescription': ""You'll have an unrestricted view of the show.""}]","[{'listingNoteBucketId': 14, 'formattedListingNoteContent': 'Front Row of Section', 'displayOrder': 14, 'showsRawNoteText': True, 'sourceListingNoteId': 2025}, {'listingNoteBucketId': 27, 'formattedListingNoteContent': 'Clear view', 'displayOrder': 8, 'showsRawNoteText': True, 'sourceListingNoteId': -1}]",1593529,False,False,Row 1,False,2866073,"¥2,866,073","¥2,866,073",10,Mobile Transfer ticket,3,1,USD,JPY,USD,"https://img.vggcdn.net/img/vfsimage2/812551/471_1530775/0.jpg?im=Resize=(500,271)&v=771",11 hours ago,6,False,False,False,False,pabVjBrSAI7wF2DioizmLk%2b3ADMVD6frSj31%2fhcavX0%3d,False,2026-07-18T02:03:14.5400000Z,False,False,False,False,False,False,0,False,,,False,False,False,False,0,False,False,0,13388099960,False,B145C1AD-83A9-4992-B1D4-A561E8D5E3FF,False,False,True,3,6.214996702281567,1.24389544,,,,,,,,,,"[{'message': 'Popular Pick', 'qualifier': '11 tickets sold for this event', 'hasValue': True, 'messageType': 'BoughtInLastHourSocialProofBased'}, {'message': 'Front Row', 'qualifier': 'Best seats in the house', 'hasValue': True, 'messageType': 'FirstRowTicketAttributeBased'}]",[2025],,,,7380.0,,,,,,,
13388316602,153020449,124,122796,124,2,2,_,,,,False,False,3,,False,False,"[1, 3]",594,Lower,3,True,"[{'listingNoteId': 2026, 'listingNoteContentId': 3415844, 'formattedListingNoteContent': 'Second Row of Section', 'listingNoteTypeId': 6, 'showToBuyer': True, 'hideInMock': False, 'siteAddedListingNote': False, 'aisleListingNoteWithSplit': False, 'listingNoteDescriptionContentId': 3415844, 'formattedListingNoteDescription': 'Second Row of Section'}, {'listingNoteId': -1, 'listingNoteContentId': 3338094, 'formattedListingNoteContent': 'Clear view', 'listingNoteTypeId': 3, 'showToBuyer': True, 'hideInMock': False, 'siteAddedListingNote': False, 'aisleListingNoteWithSplit': False, 'listingNoteDescriptionContentId': 3338095, 'formattedListingNoteDescription': ""You'll have an unrestricted view of the show.""}]","[{'listingNoteBucketId': 14, 'formattedListingNoteContent': 'Second Row of Section', 'displayOrder': 14, 'showsRawNoteText': True, 'sourceListingNoteId': 2026}, {'listingNoteBucketId': 27, 'formattedListingNoteContent': 'Clear view', 'displayOrder': 8, 'showsRawNoteText': True, 'sourceListingNoteId': -1}]",2112727,False,False,Row 2,False,2866269,"¥2,866,269","¥2,866,269",10,Mobile Transfer ticket,3,1,USD,JPY,USD,"https://img.vggcdn.net/img/vfsimage2/812551/594_122796/0.jpg?im=Resize=(500,271)&v=771",10 hours ago,8,False,False,False,False,FnFg9FN9YbwFb8RHpyrWEpXHu56mvBzHjbGHvVguss4%3d,False,2026-07-18T03:01:59.3500000Z,False,False,False,False,False,False,0,False,,,False,False,False,False,0,False,False,0,13388316602,False,0DBEC54B-43D8-4D5D-88D2-AC5DDF0600A9,False,False,True,4,8.33619155985339,1.612385673,,,,,,,,,,"[{'message': 'Great Value', 'qualifier': 'Based on price, view, seat quality and more', 'hasValue': True, 'messageType': 'ValueBased'}, {'message': 'Popular Pick', 'qualifier': '11 tickets sold for this event', 'hasValue': True, 'messageType': 'BoughtInLastHourSocialProofBased'}, {'message': 'Second Row', 'qualifier': 'Premium close-up view', 'hasValue': True, 'messageType': 'SecondRowTicketAttributeBased'}]",[2026],,,,10990.0,,,,,,,
13082004275,153020449,121,122794,121,2,15,15_15,15,15,15,False,False,1,,False,False,[1],594,Lower,1,True,"[{'listingNoteId': -1, 'listingNoteContentId': 3338094, 'formattedListingNoteContent': 'Clear view', 'listingNoteTypeId': 3, 'showToBuyer': True, 'hideInMock': False, 'siteAddedListingNote': False, 'aisleListingNoteWithSplit': False, 'listingNoteDescriptionContentId': 3338095, 'formattedListingNoteDescription': ""You'll have an unrestricted view of the show.""}]","[{'listingNoteBucketId': 27, 'formattedListingNoteContent': 'Clear view', 'displayOrder': 8, 'showsRawNoteText': True, 'sourceListingNoteId': -1}]",2112627,False,False,Row 15,False,2877867,"¥2,877,867","¥2,877,867",10,Mobile Transfer ticket,3,1,USD,JPY,USD,"https://img.vggcdn.net/img/vfsimage2/812551/594_122794/0.jpg?im=Resize=(500,271)&v=771",28 days ago,7,False,False,False,False,%2f1MOhJ2Wy8pAfXjVg%2fP5%2bCKmM3Kt1wP3IxGT2q6YySo%3d,False,2026-06-20T03:35:06.4300000Z,False,False,False,False,False,False,0,False,,,False,False,False,False,0,False,False,0,13082004275,False,051CB968-98E1-451F-B4F3-E608290F58BD,False,False,True,4,7.009034989121733,1.372853714,,,,,,,,,,"[{'message': 'Great Value', 'qualifier': 'Based on price, view, seat quality and more', 'hasValue': True, 'messageType': 'ValueBased'}, {'message': 'Popular Pick', 'qualifier': '11 tickets sold for this event', 'hasValue': True, 'messageType': 'BoughtInLastHourSocialProofBased'}]",[],,,,,,,,,,,
13141570561,153020449,109,122787,109,2,25,_,,,,False,False,4,,False,False,"[1, 2, 4]",594,Lower,4,True,"[{'listingNoteId': -1, 'listingNoteContentId': 3338094, 'formattedListingNoteContent': 'Clear view', 'listingNoteTypeId': 3, 'showToBuyer': True, 'hideInMock': False, 'siteAddedListingNote': False, 'aisleListingNoteWithSplit': False, 'listingNoteDescriptionContentId': 3338095, 'formattedListingNoteDescription': ""You'll have an unrestricted view of the show.""}]","[{'listingNoteBucketId': 27, 'formattedListingNoteContent': 'Clear view', 'displayOrder': 8, 'showsRawNoteText': True, 'sourceListingNoteId': -1}]",2112303,False,False,Row 25,False,2878694,"¥2,878,694","¥2,878,694",10,Mobile Transfer ticket,3,1,EUR,JPY,EUR,"https://img.vggcdn.net/img/vfsimage2/812551/594_122787/0.jpg?im=Resize=(500,271)&v=771",23 days ago,7,False,False,False,False,dnFvI3%2fDJkyPI9ol%2fa6KyIInuZ22KcBNaym25zp4HxA%3d,False,2026-06-25T12:01:34.4100000Z,False,False,False,False,False,False,0,False,,,False,False,False,False,0,False,False,0,13141570561,False,877A20BD-65BD-4814-ACA6-E0C3A3EAD4E6,False,False,True,3,6.624765656842698,1.310360566,,,,,,,,,,"[{'message': 'Popular Pick', 'qualifier': '11 tickets sold for this event', 'hasValue': True, 'messageType': 'BoughtInLastHourSocialProofBased'}]",[],"¥4,845,745",41.0,"¥1,967,051",1222.0,,,,,,,
13390825163,153020449,FIFA Pavilion,2216545,FIFA Pavilion,2,22,_,,,,False,False,1,,False,False,[1],1068,Hospitality,1,True,"[{'listingNoteId': 2, 'listingNoteContentId': 1035272, 'formattedListingNoteContent': 'Ticket and meal package', 'listingNoteTypeId': 3, 'showToBuyer': True, 'hideInMock': False, 'siteAddedListingNote': False, 'aisleListingNoteWithSplit': False, 'listingNoteDescriptionContentId': 1277356, 'formattedListingNoteDescription': 'This package comes with a ticket to see your favorite performer along with a free meal!'}, {'listingNoteId': 189, 'listingNoteContentId': 2444744, 'formattedListingNoteContent': 'Complimentary Food & Soft drinks', 'listingNoteTypeId': 3, 'showToBuyer': True, 'hideInMock': False, 'siteAddedListingNote': False, 'aisleListingNoteWithSplit': False, 'listingNoteDescriptionContentId': 3876389, 'formattedListingNoteDescription': 'Complimentary Food & Soft drinks'}, {'listingNoteId': -1, 'listingNoteContentId': 3338094, 'formattedListingNoteContent': 'Clear view', 'listingNoteTypeId': 3, 'showToBuyer': True, 'hideInMock': False, 'siteAddedListingNote': False, 'aisleListingNoteWithSplit': False, 'listingNoteDescriptionContentId': 3338095, 'formattedListingNoteDescription': ""You'll have an unrestricted view of the show.""}]","[{'listingNoteBucketId': 7, 'formattedListingNoteContent': 'Food & beverages', 'displayOrder': 7, 'showsRawNoteText': False}, {'listingNoteBucketId': 27, 'formattedListingNoteContent': 'Clear view', 'displayOrder': 8, 'showsRawNoteText': True, 'sourceListingNoteId': -1}]",4415942,False,False,Row 22,True,2884212,"¥2,884,212","¥2,884,212",10,Mobile Transfer ticket,3,1,GBP,JPY,GBP,"https://img.vggcdn.net/img/vfsimage2/812551/1068_2216545/0.jpg?im=Resize=(500,271)&v=771",4 minutes ago,7,False,False,False,False,xd0p6bXfaqFq4ZQs9OPPgfg9zTC7IRv0pYaXI6OQ8TQ%3d,False,2026-07-18T13:06:41.2770000Z,False,False,False,False,False,False,0,False,[7],,False,False,False,False,0,False,False,0,13390825163,False,81287981-C2C5-44FA-9642-E13633B05A28,False,False,True,3,6.930026658508774,1.362416107,,,,Last ticket,True,,,,,"[{'message': 'Popular Pick', 'qualifier': '11 tickets sold for this event', 'hasValue': True, 'messageType': 'BoughtInLastHourSocialProofBased'}]",[],,,,9000.0,,,,,,,
13386082810,153020449,131,122800,131,2,22,_,,,,False,False,1,,False,False,[1],594,Lower,1,True,"[{'listingNoteId': 2, 'listingNoteContentId': 1035272, 'formattedListingNoteContent': 'Ticket and meal package', 'listingNoteTypeId': 3, 'showToBuyer': True, 'hideInMock': False, 'siteAddedListingNote': False, 'aisleListingNoteWithSplit': False, 'listingNoteDescriptionContentId': 1277356, 'formattedListingNoteDescription': 'This package comes with a ticket to see your favorite performer along with a free meal!'}, {'listingNoteId': 189, 'listingNoteContentId': 2444744, 'formattedListingNoteContent': 'Complimentary Food & Soft drinks', 'listingNoteTypeId': 3, 'showToBuyer': True, 'hideInMock': False, 'siteAddedListingNote': False, 'aisleListingNoteWithSplit': False, 'listingNoteDescriptionContentId': 3876389, 'formattedListingNoteDescription': 'Complimentary Food & Soft drinks'}, {'listingNoteId': -1, 'listingNoteContentId': 3338094, 'formattedListingNoteContent': 'Clear view', 'listingNoteTypeId': 3, 'showToBuyer': True, 'hideInMock': False, 'siteAddedListingNote': False, 'aisleListingNoteWithSplit': False, 'listingNoteDescriptionContentId': 3338095, 'formattedListingNoteDescription': ""You'll have an unrestricted view of the show.""}]","[{'listingNoteBucketId': 7, 'formattedListingNoteContent': 'Food & beverages', 'displayOrder': 7, 'showsRawNoteText': False}, {'listingNoteBucketId': 27, 'formattedListingNoteContent': 'Clear view', 'displayOrder': 8, 'showsRawNoteText': True, 'sourceListingNoteId': -1}]",2112920,False,False,Row 22,False,2884212,"¥2,884,212","¥2,884,212",10,Mobile Transfer ticket,3,1,GBP,JPY,GBP,"https://img.vggcdn.net/img/vfsimage2/812551/594_122800/0.jpg?im=Resize=(500,271)&v=771",16 hours ago,7,False,False,False,False,xd0p6bXfaqFq4ZQs9OPPgfg9zTC7IRv0pYaXI6OQ8TQ%3d,False,2026-07-17T20:37:40.2030000Z,False,False,False,False,False,False,0,False,,,False,False,False,False,0,False,False,0,13386082810,False,92C50826-CCEF-463F-B5DE-9065839D1C9C,False,False,True,3,6.756870657004791,1.333864034,,,,,,,,,,"[{'message': 'Popular Pick', 'qualifier': '11 tickets sold for this event', 'hasValue': True, 'messageType': 'BoughtInLastHourSocialProofBased'}]",[],"¥4,229,744",32.0,"¥1,345,532",9000.0,,,,,,,
13315732316,153020449,343,122936,343,2,15,_,,,,False,False,1,,False,False,[1],407,Upper,1,True,"[{'listingNoteId': 138, 'listingNoteContentId': 2444629, 'formattedListingNoteContent': 'Paperless Tickets', 'listingNoteTypeId': 4, 'showToBuyer': True, 'hideInMock': False, 'siteAddedListingNote': False, 'aisleListingNoteWithSplit': False, 'listingNoteDescriptionContentId': 2444630, 'formattedListingNoteDescription': 'Paperless Tickets. Instructions for entry will be included in order confirmation email.'}, {'listingNoteId': 1013, 'listingNoteContentId': 2446467, 'formattedListingNoteContent': 'Food and Beverages Available for Purchase', 'listingNoteTypeId': 4, 'showToBuyer': True, 'hideInMock': False, 'siteAddedListingNote': False, 'aisleListingNoteWithSplit': False, 'listingNoteDescriptionContentId': 2446468, 'formattedListingNoteDescription': 'Food and Beverages Available for Purchase'}, {'listingNoteId': -1, 'listingNoteContentId': 3338094, 'formattedListingNoteContent': 'Clear view', 'listingNoteTypeId': 3, 'showToBuyer': True, 'hideInMock': False, 'siteAddedListingNote': False, 'aisleListingNoteWithSplit': False, 'listingNoteDescriptionContentId': 3338095, 'formattedListingNoteDescription': ""You'll have an unrestricted view of the show.""}]","[{'listingNoteBucketId': 8, 'formattedListingNoteContent': 'Food & beverage options', 'displayOrder': 8, 'showsRawNoteText': False}, {'listingNoteBucketId': 0, 'formattedListingNoteContent': 'Paperless Tickets', 'displayOrder': 30, 'showsRawNoteText': True, 'sourceListingNoteId': 138}, {'listingNoteBucketId': 27, 'formattedListingNoteContent': 'Clear view', 'displayOrder': 8, 'showsRawNoteText': True, 'sourceListingNoteId': -1}]",704453,False,False,Row 15,False,2906291,"¥2,906,291","¥2,906,291",10,Mobile Transfer ticket,3,1,USD,JPY,USD,"https://img.vggcdn.net/img/vfsimage2/812551/407_122936/0.jpg?im=Resize=(500,271)&v=771",7 days ago,3,False,False,False,False,kFXsDYbQQebC1r3%2fgKsJ8915dRrP79nW7YEKLbajSHA%3d,False,2026-07-10T15:20:09.2330000Z,False,False,False,False,False,False,0,False,[7],,False,False,False,False,0,False,False,0,13315732316,False,C0BEEDC1-7A7E-4A64-90E7-9501CA58B171,False,False,True,2,2.5,0.7786786296,,,,Last ticket,True,,,,,"[{'message': 'Popular Pick', 'qualifier': '11 tickets sold for this event', 'hasValue': True, 'messageType': 'BoughtInLastHourSocialProofBased'}]",[],,,,50.0,,,,,,,
13387832166,153020449,117,122792,117,2,15,21_21,21,21,21,False,False,1,,False,False,[1],594,Lower,1,True,"[{'listingNoteId': 814, 'listingNoteContentId': 2446060, 'formattedListingNoteContent': 'Limited or Obstructed View (printed on ticket)', 'listingNoteTypeId': 1, 'showToBuyer': True, 'hideInMock': False, 'siteAddedListingNote': False, 'aisleListingNoteWithSplit': False, 'listingNoteDescriptionContentId': 2446061, 'formattedListingNoteDescription': 'Limited or Obstructed View (printed on ticket)'}]","[{'listingNoteBucketId': 21, 'formattedListingNoteContent': 'Limited view', 'displayOrder': 21, 'showsRawNoteText': False}]",2112554,False,False,Row 15,False,2908592,"¥2,908,592","¥2,908,592",10,Mobile Transfer ticket,3,1,EUR,JPY,EUR,"https://img.vggcdn.net/img/vfsimage2/812551/594_122792/0.jpg?im=Resize=(500,271)&v=771",12 hours ago,9,False,False,False,False,kbHUNRrmdTWC996Kl%2bGjHn%2fQsA8wgD4YzBcyzuKKonc%3d,False,2026-07-18T01:07:27.2570000Z,False,False,False,False,False,False,0,False,[7],,False,False,False,False,0,False,False,0,13387832166,False,8E6C55FD-6A8C-4BF1-8C53-593AD7F50015,False,False,True,5,8.685238051458578,1.741732796,,,,Last ticket,True,,,,,"[{'message': 'Amazing Value', 'qualifier': 'Based on price, view, seat quality and more', 'hasValue': True, 'messageType': 'ValueBased'}, {'message': 'Popular Pick', 'qualifier': '11 tickets sold for this event', 'hasValue': True, 'messageType': 'BoughtInLastHourSocialProofBased'}]",[],,,,11000.0,,,,,,,
13388040631,153020449,108,122786,108,2,14,12_12,,,12,False,False,1,,False,False,[1],594,Lower,1,True,"[{'listingNoteId': 814, 'listingNoteContentId': 2446060, 'formattedListingNoteContent': 'Limited or Obstructed View (printed on ticket)', 'listingNoteTypeId': 1, 'showToBuyer': True, 'hideInMock': False, 'siteAddedListingNote': False, 'aisleListingNoteWithSplit': False, 'listingNoteDescriptionContentId': 2446061, 'formattedListingNoteDescription': 'Limited or Obstructed View (printed on ticket)'}]","[{'listingNoteBucketId': 21, 'formattedListingNoteContent': 'Limited view', 'displayOrder': 21, 'showsRawNoteText': False}]",2112257,False,False,Row 14,False,2924655,"¥2,924,655","¥2,924,655",10,Mobile Transfer ticket,3,1,USD,JPY,USD,"https://img.vggcdn.net/img/vfsimage2/812551/594_122786/0.jpg?im=Resize=(500,271)&v=771",11 hours ago,8,False,False,False,False,WwJupdfnpIBfWKE%2b2REwy8IlUhtdrkI%2fjxf%2bDcF322I%3d,False,2026-07-18T01:47:10.8170000Z,False,False,False,False,False,False,0,False,,,False,False,False,False,0,False,False,0,13388040631,False,AEBAC7DA-D349-4900-B50B-317EC746D6E9,False,False,True,4,7.761279979973679,1.526700314,,,,,,,,,,"[{'message': 'Great Value', 'qualifier': 'Based on price, view, seat quality and more', 'hasValue': True, 'messageType': 'ValueBased'}, {'message': 'Popular Pick', 'qualifier': '11 tickets sold for this event', 'hasValue': True, 'messageType': 'BoughtInLastHourSocialProofBased'}]",[],,,,5750.0,,,,,,,
13388042516,153020449,109,122787,109,2,18,5_5,,,5,False,False,1,,False,False,[1],594,Lower,1,True,"[{'listingNoteId': 814, 'listingNoteContentId': 2446060, 'formattedListingNoteContent': 'Limited or Obstructed View (printed on ticket)', 'listingNoteTypeId': 1, 'showToBuyer': True, 'hideInMock': False, 'siteAddedListingNote': False, 'aisleListingNoteWithSplit': False, 'listingNoteDescriptionContentId': 2446061, 'formattedListingNoteDescription': 'Limited or Obstructed View (printed on ticket)'}]","[{'listingNoteBucketId': 21, 'formattedListingNoteContent': 'Limited view', 'displayOrder': 21, 'showsRawNoteText': False}]",2112295,False,False,Row 18,False,2924655,"¥2,924,655","¥2,924,655",10,Mobile Transfer ticket,3,1,USD,JPY,USD,"https://img.vggcdn.net/img/vfsimage2/812551/594_122787/0.jpg?im=Resize=(500,271)&v=771",11 hours ago,7,False,False,False,False,WwJupdfnpIBfWKE%2b2REwy8IlUhtdrkI%2fjxf%2bDcF322I%3d,False,2026-07-18T01:47:16.4800000Z,False,False,False,False,False,False,0,False,,,False,False,False,False,0,False,False,0,13388042516,False,1E5049AD-CDCD-4E02-B169-9CBC9542320E,False,False,True,4,7.308332441597479,1.44469559,,,,,,,,,,"[{'message': 'Great Value', 'qualifier': 'Based on price, view, seat quality and more', 'hasValue': True, 'messageType': 'ValueBased'}, {'message': 'Popular Pick', 'qualifier': '11 tickets sold for this event', 'hasValue': True, 'messageType': 'BoughtInLastHourSocialProofBased'}]",[],,,,5750.0,,,,,,,
13387192807,153020449,350,122943,350,2,6,13_14,13,14,13,False,False,2,,False,False,"[1, 2]",407,Upper,2,True,"[{'listingNoteId': 2026, 'listingNoteContentId': 3415844, 'formattedListingNoteContent': 'Second Row of Section', 'listingNoteTypeId': 6, 'showToBuyer': True, 'hideInMock': False, 'siteAddedListingNote': False, 'aisleListingNoteWithSplit': False, 'listingNoteDescriptionContentId': 3415844, 'formattedListingNoteDescription': 'Second Row of Section'}, {'listingNoteId': -1, 'listingNoteContentId': 3338094, 'formattedListingNoteContent': 'Clear view', 'listingNoteTypeId': 3, 'showToBuyer': True, 'hideInMock': False, 'siteAddedListingNote': False, 'aisleListingNoteWithSplit': False, 'listingNoteDescriptionContentId': 3338095, 'formattedListingNoteDescription': ""You'll have an unrestricted view of the show.""}]","[{'listingNoteBucketId': 14, 'formattedListingNoteContent': 'Second Row of Section', 'displayOrder': 14, 'showsRawNoteText': True, 'sourceListingNoteId': 2026}, {'listingNoteBucketId': 27, 'formattedListingNoteContent': 'Clear view', 'displayOrder': 8, 'showsRawNoteText': True, 'sourceListingNoteId': -1}]",2114054,False,False,Row 6,False,2924655,"¥2,924,655","¥2,924,655",16,Mobile Transfer ticket,3,1,USD,JPY,USD,"https://img.vggcdn.net/img/vfsimage2/812551/407_122943/0.jpg?im=Resize=(500,271)&v=771",13 hours ago,3,False,False,False,False,CAcRhqn9wLRHmAWJy549pLGSFPRltQfAz%2fUe6HXpcf0%3d,False,2026-07-17T23:15:08.9900000Z,False,False,False,False,False,False,0,False,,,False,False,False,False,0,False,False,0,13387192807,False,C7AC30F5-9690-4303-A0F1-F09B368BD0E8,False,False,True,2,2.5795007678887325,0.7910693256,,,,,,,,,,"[{'message': 'Popular Pick', 'qualifier': '11 tickets sold for this event', 'hasValue': True, 'messageType': 'BoughtInLastHourSocialProofBased'}, {'message': 'Second Row', 'qualifier': 'Premium close-up view', 'hasValue': True, 'messageType': 'SecondRowTicketAttributeBased'}]",[2026],,,,26085.0,,,,,,,
13081692481,153020449,346,122939,346,2,18,24_24,,,24,False,False,1,,False,False,[1],407,Upper,1,True,"[{'listingNoteId': -1, 'listingNoteContentId': 3338094, 'formattedListingNoteContent': 'Clear view', 'listingNoteTypeId': 3, 'showToBuyer': True, 'hideInMock': False, 'siteAddedListingNote': False, 'aisleListingNoteWithSplit': False, 'listingNoteDescriptionContentId': 3338095, 'formattedListingNoteDescription': ""You'll have an unrestricted view of the show.""}]","[{'listingNoteBucketId': 27, 'formattedListingNoteContent': 'Clear view', 'displayOrder': 8, 'showsRawNoteText': True, 'sourceListingNoteId': -1}]",2113956,False,False,Row 18,False,2930903,"¥2,930,903","¥2,930,903",10,Mobile Transfer ticket,3,1,EUR,JPY,EUR,"https://img.vggcdn.net/img/vfsimage2/812551/407_122939/0.jpg?im=Resize=(500,271)&v=771",28 days ago,2,False,False,False,False,CAcRhqn9wLRHmAWJy549pLGSFPRltQfAz%2fUe6HXpcf0%3d,False,2026-06-20T02:50:38.9870000Z,False,False,False,False,False,False,0,False,,,False,False,False,False,0,False,False,0,13081692481,False,24165ABD-6044-46F1-BBA7-DEAD95A4119A,False,False,True,1,2.49354431132264,0.7804819445,,,,,,,,,,"[{'message': 'Popular Pick', 'qualifier': '11 tickets sold for this event', 'hasValue': True, 'messageType': 'BoughtInLastHourSocialProofBased'}]",[],"¥5,421,167",46.0,"¥2,490,264",1720.0,,,,,,,
13386082537,153020449,103,122783,103,2,4,7_7,7,7,7,False,False,1,,False,False,[1],594,Lower,1,True,"[{'listingNoteId': -1, 'listingNoteContentId': 3338094, 'formattedListingNoteContent': 'Clear view', 'listingNoteTypeId': 3, 'showToBuyer': True, 'hideInMock': False, 'siteAddedListingNote': False, 'aisleListingNoteWithSplit': False, 'listingNoteDescriptionContentId': 3338095, 'formattedListingNoteDescription': ""You'll have an unrestricted view of the show.""}]","[{'listingNoteBucketId': 27, 'formattedListingNoteContent': 'Clear view', 'displayOrder': 8, 'showsRawNoteText': True, 'sourceListingNoteId': -1}]",2112143,False,False,Row 4,False,2983139,"¥2,983,139","¥2,983,139",10,Mobile Transfer ticket,3,1,USD,JPY,USD,"https://img.vggcdn.net/img/vfsimage2/812551/594_122783/0.jpg?im=Resize=(500,271)&v=771",16 hours ago,7,False,False,False,False,snpqjewS6OkFMWOaTKFs5u86xX1cV9JS%2fkL%2fA0A68pQ%3d,False,2026-07-17T20:37:38.5970000Z,False,False,False,True,False,False,0,False,[6],,False,False,False,False,0,False,False,0,13386082537,False,C4954717-8517-4B9F-894E-ED36F16C3C33,False,False,True,4,7.051227842473141,1.429990262,Fan favorite,This section is in the top 10% of sections for this event when ranked based on a count of successful sales over the past 7 days on our site,True,,,,,,,"[{'message': 'Great Value', 'qualifier': 'Based on price, view, seat quality and more', 'hasValue': True, 'messageType': 'ValueBased'}, {'message': 'Popular Pick', 'qualifier': '11 tickets sold for this event', 'hasValue': True, 'messageType': 'BoughtInLastHourSocialProofBased'}]",[],,,,,,,,,,,
13387866389,153020449,142,122807,142,2,33,21_21,21,21,21,False,False,1,,False,False,[1],594,Lower,1,True,"[{'listingNoteId': 814, 'listingNoteContentId': 2446060, 'formattedListingNoteContent': 'Limited or Obstructed View (printed on ticket)', 'listingNoteTypeId': 1, 'showToBuyer': True, 'hideInMock': False, 'siteAddedListingNote': False, 'aisleListingNoteWithSplit': False, 'listingNoteDescriptionContentId': 2446061, 'formattedListingNoteDescription': 'Limited or Obstructed View (printed on ticket)'}]","[{'listingNoteBucketId': 21, 'formattedListingNoteContent': 'Limited view', 'displayOrder': 21, 'showsRawNoteText': False}]",2113160,False,False,Row 33,False,2983139,"¥2,983,139","¥2,983,139",10,Mobile Transfer ticket,3,1,USD,JPY,USD,"https://img.vggcdn.net/img/vfsimage2/812551/594_122807/0.jpg?im=Resize=(500,271)&v=771",11 hours ago,7,False,False,False,False,snpqjewS6OkFMWOaTKFs5u86xX1cV9JS%2fkL%2fA0A68pQ%3d,False,2026-07-18T01:13:10.2930000Z,False,False,False,False,False,False,0,False,,,False,False,False,False,0,False,False,0,13387866389,False,80A0EF1E-78DA-43F6-85D2-9843A56DA7A2,False,False,True,4,7.142841740096561,1.445226969,,,,,,,,,,"[{'message': 'Great Value', 'qualifier': 'Based on price, view, seat quality and more', 'hasValue': True, 'messageType': 'ValueBased'}, {'message': 'Popular Pick', 'qualifier': '11 tickets sold for this event', 'hasValue': True, 'messageType': 'BoughtInLastHourSocialProofBased'}]",[],"¥4,549,254",34.0,"¥1,566,115",10000.0,,,,,,,
13387928587,153020449,135,122803,135,2,33,_,,,,False,False,1,,False,False,[1],594,Lower,1,True,"[{'listingNoteId': 814, 'listingNoteContentId': 2446060, 'formattedListingNoteContent': 'Limited or Obstructed View (printed on ticket)', 'listingNoteTypeId': 1, 'showToBuyer': True, 'hideInMock': False, 'siteAddedListingNote': False, 'aisleListingNoteWithSplit': False, 'listingNoteDescriptionContentId': 2446061, 'formattedListingNoteDescription': 'Limited or Obstructed View (printed on ticket)'}]","[{'listingNoteBucketId': 21, 'formattedListingNoteContent': 'Limited view', 'displayOrder': 21, 'showsRawNoteText': False}]",2113048,False,False,Row 33,False,2999904,"¥2,999,904","¥2,999,904",10,Mobile Transfer ticket,3,1,USD,JPY,USD,"https://img.vggcdn.net/img/vfsimage2/812551/594_122803/0.jpg?im=Resize=(500,271)&v=771",11 hours ago,7,False,False,False,False,OUvUz%2bOYxSpwtlxQgXvNAhVop495wAcWzbF%2fv%2bIf82Y%3d,False,2026-07-18T01:24:36.4230000Z,False,False,False,False,False,False,0,False,,,False,False,False,False,0,False,False,0,13387928587,False,41B0D020-0057-4E3F-BFD5-234F29CC70BA,False,False,True,4,7.040887932494846,1.436318915,,,,,,,,,,"[{'message': 'Great Value', 'qualifier': 'Based on price, view, seat quality and more', 'hasValue': True, 'messageType': 'ValueBased'}, {'message': 'Popular Pick', 'qualifier': '11 tickets sold for this event', 'hasValue': True, 'messageType': 'BoughtInLastHourSocialProofBased'}]",[],,,,10990.0,,,,,,,
13387928583,153020449,135,122803,135,2,34,_,,,,False,False,1,,False,False,[1],594,Lower,1,True,"[{'listingNoteId': 814, 'listingNoteContentId': 2446060, 'formattedListingNoteContent': 'Limited or Obstructed View (printed on ticket)', 'listingNoteTypeId': 1, 'showToBuyer': True, 'hideInMock': False, 'siteAddedListingNote': False, 'aisleListingNoteWithSplit': False, 'listingNoteDescriptionContentId': 2446061, 'formattedListingNoteDescription': 'Limited or Obstructed View (printed on ticket)'}]","[{'listingNoteBucketId': 21, 'formattedListingNoteContent': 'Limited view', 'displayOrder': 21, 'showsRawNoteText': False}]",2113049,False,False,Row 34,False,2999904,"¥2,999,904","¥2,999,904",10,Mobile Transfer ticket,3,1,USD,JPY,USD,"https://img.vggcdn.net/img/vfsimage2/812551/594_122803/0.jpg?im=Resize=(500,271)&v=771",11 hours ago,7,False,False,False,False,OUvUz%2bOYxSpwtlxQgXvNAhVop495wAcWzbF%2fv%2bIf82Y%3d,False,2026-07-18T01:24:36.4030000Z,False,False,False,False,False,False,0,False,,,False,False,False,False,0,False,False,0,13387928583,False,014BD644-1396-4BE6-B076-F6B04D22C92F,False,False,True,3,6.868777308887998,1.406424501,,,,,,,,,,"[{'message': 'Popular Pick', 'qualifier': '11 tickets sold for this event', 'hasValue': True, 'messageType': 'BoughtInLastHourSocialProofBased'}]",[],,,,10990.0,,,,,,,
13387711652,153020449,109,122787,109,2,15,7_9,,,7,False,False,3,,False,False,"[1, 3]",594,Lower,3,True,"[{'listingNoteId': 814, 'listingNoteContentId': 2446060, 'formattedListingNoteContent': 'Limited or Obstructed View (printed on ticket)', 'listingNoteTypeId': 1, 'showToBuyer': True, 'hideInMock': False, 'siteAddedListingNote': False, 'aisleListingNoteWithSplit': False, 'listingNoteDescriptionContentId': 2446061, 'formattedListingNoteDescription': 'Limited or Obstructed View (printed on ticket)'}]","[{'listingNoteBucketId': 21, 'formattedListingNoteContent': 'Limited view', 'displayOrder': 21, 'showsRawNoteText': False}]",2112292,False,False,Row 15,False,3011189,"¥3,011,189","¥3,011,189",10,Mobile Transfer ticket,3,1,EUR,JPY,EUR,"https://img.vggcdn.net/img/vfsimage2/812551/594_122787/0.jpg?im=Resize=(500,271)&v=771",12 hours ago,7,False,False,False,False,CAcRhqn9wLRHmAWJy549pLGSFPRltQfAz%2fUe6HXpcf0%3d,False,2026-07-18T00:36:56.8070000Z,False,False,False,False,False,False,0,False,,,False,False,False,False,0,False,False,0,13387711652,False,3E37BBAE-3EDC-4248-931A-41B7CA74C5AA,False,False,True,4,7.412438193537877,1.506041195,,,,,,,,,,"[{'message': 'Great Value', 'qualifier': 'Based on price, view, seat quality and more', 'hasValue': True, 'messageType': 'ValueBased'}, {'message': 'Popular Pick', 'qualifier': '11 tickets sold for this event', 'hasValue': True, 'messageType': 'BoughtInLastHourSocialProofBased'}]",[],,,,11000.0,,,,,,,
13194156391,153020449,232C,1530794,232C,2,,_,,,,False,False,2,,False,False,"[1, 2]",471,Middle,2,True,"[{'listingNoteId': 175, 'listingNoteContentId': 2444706, 'formattedListingNoteContent': 'Unlimited Food and Drinks', 'listingNoteTypeId': 3, 'showToBuyer': True, 'hideInMock': False, 'siteAddedListingNote': False, 'aisleListingNoteWithSplit': False, 'listingNoteDescriptionContentId': 2444707, 'formattedListingNoteDescription': 'Includes unlimited food and drinks (beer, wine and soft drinks)'}, {'listingNoteId': 1538, 'listingNoteContentId': 2447598, 'formattedListingNoteContent': 'Early VIP Entrance', 'listingNoteTypeId': 4, 'showToBuyer': True, 'hideInMock': False, 'siteAddedListingNote': False, 'aisleListingNoteWithSplit': False, 'listingNoteDescriptionContentId': 2447599, 'formattedListingNoteDescription': 'Early VIP Entrance'}, {'listingNoteId': 2035, 'listingNoteContentId': 3542472, 'formattedListingNoteContent': 'Includes food, wine, beer and soft drinks (no liquor)', 'listingNoteTypeId': 3, 'showToBuyer': True, 'hideInMock': False, 'siteAddedListingNote': False, 'aisleListingNoteWithSplit': False, 'listingNoteDescriptionContentId': 3542473, 'formattedListingNoteDescription': 'Includes food, wine, beer and soft drinks (no liquor)'}, {'listingNoteId': 2344, 'listingNoteContentId': 4216766, 'formattedListingNoteContent': 'Includes Offsite Hospitality', 'listingNoteTypeId': 3, 'showToBuyer': True, 'hideInMock': False, 'siteAddedListingNote': False, 'aisleListingNoteWithSplit': False, 'formattedListingNoteDescription': ''}, {'listingNoteId': -1, 'listingNoteContentId': 3338094, 'formattedListingNoteContent': 'Clear view', 'listingNoteTypeId': 3, 'showToBuyer': True, 'hideInMock': False, 'siteAddedListingNote': False, 'aisleListingNoteWithSplit': False, 'listingNoteDescriptionContentId': 3338095, 'formattedListingNoteDescription': ""You'll have an unrestricted view of the show.""}]","[{'listingNoteBucketId': 7, 'formattedListingNoteContent': 'Food & beverages', 'displayOrder': 7, 'showsRawNoteText': False}, {'listingNoteBucketId': 10, 'formattedListingNoteContent': 'Exclusive entry', 'displayOrder': 10, 'showsRawNoteText': False}, {'listingNoteBucketId': 0, 'formattedListingNoteContent': 'Includes Offsite Hospitality', 'displayOrder': 30, 'showsRawNoteText': True, 'sourceListingNoteId': 2344}, {'listingNoteBucketId': 27, 'formattedListingNoteContent': 'Clear view', 'displayOrder': 8, 'showsRawNoteText': True, 'sourceListingNoteId': -1}]",1582978,False,False,Row,True,3015567,"¥3,015,567","¥3,015,567",10,Mobile Transfer ticket,3,1,GBP,JPY,GBP,"https://img.vggcdn.net/img/vfsimage2/812551/471_1530794/0.jpg?im=Resize=(500,271)&v=771",18 days ago,3,False,False,False,False,IKEGJ3U41I5Eu8jBhIdr0HfmgoCJD0vmUYz9k1fmFdk%3d,False,2026-06-30T12:25:35.3870000Z,False,False,False,False,False,False,0,False,,,False,False,False,False,0,False,False,0,13194156391,False,E64EA907-6B0A-4108-8959-0140E3B36E85,False,False,True,2,2.946919109358082,0.853252778,,,,,,,,,,"[{'message': 'Popular Pick', 'qualifier': '11 tickets sold for this event', 'hasValue': True, 'messageType': 'BoughtInLastHourSocialProofBased'}]",[],"¥3,845,290",22.0,"¥829,723",10000.0,,,,,,,
13390775898,153020449,143,122808,143,2,24,1_3,,,1,False,False,3,,False,False,"[1, 3]",594,Lower,3,True,"[{'listingNoteId': -1, 'listingNoteContentId': 3338094, 'formattedListingNoteContent': 'Clear view', 'listingNoteTypeId': 3, 'showToBuyer': True, 'hideInMock': False, 'siteAddedListingNote': False, 'aisleListingNoteWithSplit': False, 'listingNoteDescriptionContentId': 3338095, 'formattedListingNoteDescription': ""You'll have an unrestricted view of the show.""}]","[{'listingNoteBucketId': 14, 'formattedListingNoteContent': 'Aisle seat', 'displayOrder': 14, 'showsRawNoteText': True, 'sourceListingNoteId': 2024}, {'listingNoteBucketId': 27, 'formattedListingNoteContent': 'Clear view', 'displayOrder': 8, 'showsRawNoteText': True, 'sourceListingNoteId': -1}]",2113184,False,False,Row 24,False,3024078,"¥3,024,078","¥3,024,078",10,Mobile Transfer ticket,3,1,USD,JPY,USD,"https://img.vggcdn.net/img/vfsimage2/812551/594_122808/0.jpg?im=Resize=(500,271)&v=771",12 minutes ago,7,False,False,False,False,gsQpD0w7qNKgcSb3DD1b6LYknJjupHPgWCzN399QLVw%3d,False,2026-07-18T12:58:08.1770000Z,False,False,False,False,False,False,0,False,,,False,False,False,False,0,False,False,0,13390775898,False,40D0AA2A-1A93-4F25-A588-AD879F7DE5B4,False,False,True,4,7.093683149472409,1.456734289,,,,,,,,,,"[{'message': 'Great Value', 'qualifier': 'Based on price, view, seat quality and more', 'hasValue': True, 'messageType': 'ValueBased'}, {'message': 'Popular Pick', 'qualifier': '11 tickets sold for this event', 'hasValue': True, 'messageType': 'BoughtInLastHourSocialProofBased'}, {'message': 'Aisle Seat', 'qualifier': 'Easy access to your seat', 'hasValue': True, 'messageType': 'AisleSeatTicketAttributeBased'}]",[2024],,,,0.0,,,,,,,
13384002935,153020449,111A,1530766,111A,2,35,3_3,,,3,False,False,1,,False,False,[1],594,Lower,1,True,"[{'listingNoteId': -1, 'listingNoteContentId': 3338094, 'formattedListingNoteContent': 'Clear view', 'listingNoteTypeId': 3, 'showToBuyer': True, 'hideInMock': False, 'siteAddedListingNote': False, 'aisleListingNoteWithSplit': False, 'listingNoteDescriptionContentId': 3338095, 'formattedListingNoteDescription': ""You'll have an unrestricted view of the show.""}]","[{'listingNoteBucketId': 27, 'formattedListingNoteContent': 'Clear view', 'displayOrder': 8, 'showsRawNoteText': True, 'sourceListingNoteId': -1}]",2112388,False,False,Row 35,False,3068196,"¥3,068,196","¥3,068,196",10,Mobile Transfer ticket,3,14,USD,JPY,USD,"https://img.vggcdn.net/img/vfsimage2/812551/594_1530766/0.jpg?im=Resize=(500,271)&v=771",20 hours ago,6,False,False,False,False,7UR%2bVEMnH3ox7i2j32zvetZ1h%2bBoaTpc7QYDwHY5ve8%3d,False,2026-07-17T16:24:55.3570000Z,False,False,False,False,False,False,0,False,,,False,False,False,False,0,False,False,0,13384002935,False,DE13D5A6-E517-4668-89CC-F6430F82FEDD,False,False,True,3,6.025690343423683,1.303602585,,,,,,,,,,"[{'message': 'Popular Pick', 'qualifier': '11 tickets sold for this event', 'hasValue': True, 'messageType': 'BoughtInLastHourSocialProofBased'}]",[],"¥4,069,675",25.0,"¥1,001,479",0.0,,,,,,,
13387634159,153020449,210,122843,210,2,12,5_7,,,5,False,False,3,,False,False,"[1, 2, 3]",471,Middle,3,True,"[{'listingNoteId': -1, 'listingNoteContentId': 3338094, 'formattedListingNoteContent': 'Clear view', 'listingNoteTypeId': 3, 'showToBuyer': True, 'hideInMock': False, 'siteAddedListingNote': False, 'aisleListingNoteWithSplit': False, 'listingNoteDescriptionContentId': 3338095, 'formattedListingNoteDescription': ""You'll have an unrestricted view of the show.""}]","[{'listingNoteBucketId': 27, 'formattedListingNoteContent': 'Clear view', 'displayOrder': 8, 'showsRawNoteText': True, 'sourceListingNoteId': -1}]",702858,False,False,Row 12,False,3069052,"¥3,069,052","¥3,069,052",10,Mobile Transfer ticket,3,1,GBP,JPY,GBP,"https://img.vggcdn.net/img/vfsimage2/812551/471_122843/0.jpg?im=Resize=(500,271)&v=771",12 hours ago,6,False,False,False,False,kEKv6mnFU0H%2fgk82lOJWaNAv2Ack8Iwx%2bBAXuJDCF%2bg%3d,False,2026-07-18T00:18:37.0930000Z,False,False,False,False,False,False,0,False,[7],,False,False,False,False,0,False,False,0,13387634159,False,0D0888A8-F901-45B1-AE65-B5F5CEE54178,False,False,True,3,5.739880487983042,1.263804131,,,,Last tickets,True,,,,,"[{'message': 'Popular Pick', 'qualifier': '11 tickets sold for this event', 'hasValue': True, 'messageType': 'BoughtInLastHourSocialProofBased'}]",[],,,,8500.0,,,,,,,
13367629921,153020449,Spain Supporters Standard Tier,2447958,Spain Supporters Standard Tier,2,,_,,,,False,False,2,,False,False,"[1, 2]",1666,Spain Supporters,2,True,"[{'listingNoteId': -1, 'listingNoteContentId': 3338094, 'formattedListingNoteContent': 'Clear view', 'listingNoteTypeId': 3, 'showToBuyer': True, 'hideInMock': False, 'siteAddedListingNote': False, 'aisleListingNoteWithSplit': False, 'listingNoteDescriptionContentId': 3338095, 'formattedListingNoteDescription': ""You'll have an unrestricted view of the show.""}]","[{'listingNoteBucketId': 27, 'formattedListingNoteContent': 'Clear view', 'displayOrder': 8, 'showsRawNoteText': True, 'sourceListingNoteId': -1}]",4847588,False,False,Row,True,3119602,"¥3,119,602","¥3,119,602",10,Mobile Transfer ticket,3,1,USD,JPY,USD,"https://img.vggcdn.net/img/vfsimage2/812551/1666_2447958/0.jpg?im=Resize=(500,271)&v=771",2 days ago,6,False,False,False,False,igjMyzQP1%2bbqxfI%2b5AH3VhvvTkEJSdl4rwm2TVEgpHI%3d,False,2026-07-16T04:58:48.2230000Z,False,False,False,False,False,False,0,False,[7],,False,False,False,False,0,False,False,0,13367629921,False,8E0F0E60-8BE5-4F92-A107-8D2CA7514E02,False,False,True,3,5.538998116142515,1.25740229,,,,Last tickets,True,,,,,"[{'message': 'Popular Pick', 'qualifier': '11 tickets sold for this event', 'hasValue': True, 'messageType': 'BoughtInLastHourSocialProofBased'}]",[],,,,10000.0,,,,,,,
13388308290,153020449,232C,1530794,232C,2,14,_,,,,False,False,4,,False,False,"[1, 2, 3, 4]",471,Middle,4,True,"[{'listingNoteId': -1, 'listingNoteContentId': 3338094, 'formattedListingNoteContent': 'Clear view', 'listingNoteTypeId': 3, 'showToBuyer': True, 'hideInMock': False, 'siteAddedListingNote': False, 'aisleListingNoteWithSplit': False, 'listingNoteDescriptionContentId': 3338095, 'formattedListingNoteDescription': ""You'll have an unrestricted view of the show.""}]","[{'listingNoteBucketId': 27, 'formattedListingNoteContent': 'Clear view', 'displayOrder': 8, 'showsRawNoteText': True, 'sourceListingNoteId': -1}]",1593479,False,False,Row 14,False,3119602,"¥3,119,602","¥3,119,602",10,Mobile Transfer ticket,3,1,USD,JPY,USD,"https://img.vggcdn.net/img/vfsimage2/812551/471_1530794/0.jpg?im=Resize=(500,271)&v=771",10 hours ago,3,False,False,False,False,GVjq8PWgKuX%2fyeuI2z1ccUvPtBuxAwsbdcKuskGxOzk%3d,False,2026-07-18T02:58:06.5730000Z,False,False,False,False,False,False,0,False,,,False,False,False,False,0,False,False,0,13388308290,False,E1DCF6C0-1093-4987-BCB8-9983CC04F79A,False,False,True,2,2.9737663486340926,0.885675885,,,,,,,,,,"[{'message': 'Popular Pick', 'qualifier': '11 tickets sold for this event', 'hasValue': True, 'messageType': 'BoughtInLastHourSocialProofBased'}]",[],"¥3,976,977",22.0,"¥857,375",10990.0,,,,,,,
13387639834,153020449,115C,1530769,115C,2,29,_,,,,False,False,1,,False,False,[1],594,Lower,1,True,"[{'listingNoteId': 814, 'listingNoteContentId': 2446060, 'formattedListingNoteContent': 'Limited or Obstructed View (printed on ticket)', 'listingNoteTypeId': 1, 'showToBuyer': True, 'hideInMock': False, 'siteAddedListingNote': False, 'aisleListingNoteWithSplit': False, 'listingNoteDescriptionContentId': 2446061, 'formattedListingNoteDescription': 'Limited or Obstructed View (printed on ticket)'}]","[{'listingNoteBucketId': 21, 'formattedListingNoteContent': 'Limited view', 'displayOrder': 21, 'showsRawNoteText': False}]",1590958,False,False,Row 29,False,3119819,"¥3,119,819","¥3,119,819",10,Mobile Transfer ticket,3,1,USD,JPY,USD,"https://img.vggcdn.net/img/vfsimage2/812551/594_1530769/0.jpg?im=Resize=(500,271)&v=771",12 hours ago,9,False,False,False,False,MBWV%2bBwdyA7GRGpWwwPJHP6UoV%2fmuGneBLV%2f17ZgiPA%3d,False,2026-07-18T00:19:45.9200000Z,False,False,False,False,False,False,0,False,,,False,False,False,False,0,False,False,0,13387639834,False,BC9C18B3-48EC-4A3D-B80E-DD2569CA2425,False,False,True,5,9.290787313848154,2.148637979,,,,,,,,,,"[{'message': 'Amazing Value', 'qualifier': 'Based on price, view, seat quality and more', 'hasValue': True, 'messageType': 'ValueBased'}, {'message': 'Popular Pick', 'qualifier': '11 tickets sold for this event', 'hasValue': True, 'messageType': 'BoughtInLastHourSocialProofBased'}]",[],,,,10990.0,,,,,,,
13117244578,153020449,133,122801,133,2,,_,,,,False,False,2,,False,False,"[1, 2]",594,Lower,2,True,"[{'listingNoteId': -1, 'listingNoteContentId': 3338094, 'formattedListingNoteContent': 'Clear view', 'listingNoteTypeId': 3, 'showToBuyer': True, 'hideInMock': False, 'siteAddedListingNote': False, 'aisleListingNoteWithSplit': False, 'listingNoteDescriptionContentId': 3338095, 'formattedListingNoteDescription': ""You'll have an unrestricted view of the show.""}]","[{'listingNoteBucketId': 27, 'formattedListingNoteContent': 'Clear view', 'displayOrder': 8, 'showsRawNoteText': True, 'sourceListingNoteId': -1}]",108763,False,False,Row,True,3135464,"¥3,135,464","¥3,135,464",10,Mobile Transfer ticket,3,1,EUR,JPY,EUR,"https://img.vggcdn.net/img/vfsimage2/812551/594_122801/0.jpg?im=Resize=(500,271)&v=771",25 days ago,5,False,False,False,False,V%2fl6aHF1MT0nwuEFBWr9uhsuv9KKnqJEXBrQ4q%2bBUxU%3d,False,2026-06-23T11:06:53.9670000Z,False,False,False,False,False,False,0,False,[7],,False,False,False,False,0,False,False,0,13117244578,False,ED6AEA75-67CA-4C57-9129-92D9DDB58CCB,False,False,True,2,4.579035355820684,1.115548226,,,,Last tickets,True,,,,,"[{'message': 'Popular Pick', 'qualifier': '11 tickets sold for this event', 'hasValue': True, 'messageType': 'BoughtInLastHourSocialProofBased'}]",[],,,,8500.0,,,,,,,
13384673124,153020449,144,122809,144,2,10,4_4,,,4,False,False,1,,False,False,[1],594,Lower,1,True,"[{'listingNoteId': -1, 'listingNoteContentId': 3338094, 'formattedListingNoteContent': 'Clear view', 'listingNoteTypeId': 3, 'showToBuyer': True, 'hideInMock': False, 'siteAddedListingNote': False, 'aisleListingNoteWithSplit': False, 'listingNoteDescriptionContentId': 3338095, 'formattedListingNoteDescription': ""You'll have an unrestricted view of the show.""}]","[{'listingNoteBucketId': 27, 'formattedListingNoteContent': 'Clear view', 'displayOrder': 8, 'showsRawNoteText': True, 'sourceListingNoteId': -1}]",2113202,False,False,Row 10,False,3136271,"¥3,136,271","¥3,136,271",10,Mobile Transfer ticket,3,14,USD,JPY,USD,"https://img.vggcdn.net/img/vfsimage2/812551/594_122809/0.jpg?im=Resize=(500,271)&v=771",19 hours ago,8,False,False,False,False,QWklocWkyx5JtYoejur8X18I%2bI8q12eoEcm5O9S8c1I%3d,False,2026-07-17T17:37:18.5630000Z,False,False,False,False,False,False,0,False,,,False,False,False,False,0,False,False,0,13384673124,False,F3267484-A76B-47AC-BE47-B785735F6B11,False,False,True,4,7.608197384947906,1.606366535,,,,,,,,,,"[{'message': 'Great Value', 'qualifier': 'Based on price, view, seat quality and more', 'hasValue': True, 'messageType': 'ValueBased'}, {'message': 'Popular Pick', 'qualifier': '11 tickets sold for this event', 'hasValue': True, 'messageType': 'BoughtInLastHourSocialProofBased'}]",[],,,,0.0,,,,,,,
13388354022,153020449,109,122787,109,2,16,_,,,,False,False,3,,False,False,"[1, 3]",594,Lower,3,True,"[{'listingNoteId': 814, 'listingNoteContentId': 2446060, 'formattedListingNoteContent': 'Limited or Obstructed View (printed on ticket)', 'listingNoteTypeId': 1, 'showToBuyer': True, 'hideInMock': False, 'siteAddedListingNote': False, 'aisleListingNoteWithSplit': False, 'listingNoteDescriptionContentId': 2446061, 'formattedListingNoteDescription': 'Limited or Obstructed View (printed on ticket)'}]","[{'listingNoteBucketId': 21, 'formattedListingNoteContent': 'Limited view', 'displayOrder': 21, 'showsRawNoteText': False}]",2112293,False,False,Row 16,False,3152645,"¥3,152,645","¥3,152,645",10,Mobile Transfer ticket,3,1,USD,JPY,USD,"https://img.vggcdn.net/img/vfsimage2/812551/594_122787/0.jpg?im=Resize=(500,271)&v=771",9 hours ago,7,False,False,False,False,qUSyGy2INR1KCtH0wUt%2be6khJfJC%2fk2tOV84NRUChYQ%3d,False,2026-07-18T03:11:45.8900000Z,False,False,False,False,False,False,0,False,,,False,False,False,False,0,False,False,0,13388354022,False,27CD7036-7F4B-4F25-A933-1FA615B28980,False,False,True,3,6.908768078825601,1.485331372,,,,,,,,,,"[{'message': 'Popular Pick', 'qualifier': '11 tickets sold for this event', 'hasValue': True, 'messageType': 'BoughtInLastHourSocialProofBased'}]",[],,,,10990.0,,,,,,,
13389323881,153020449,115A,1530768,115A,2,31,_8,,,,False,False,1,,False,False,[1],594,Lower,1,True,"[{'listingNoteId': -1, 'listingNoteContentId': 3338094, 'formattedListingNoteContent': 'Clear view', 'listingNoteTypeId': 3, 'showToBuyer': True, 'hideInMock': False, 'siteAddedListingNote': False, 'aisleListingNoteWithSplit': False, 'listingNoteDescriptionContentId': 3338095, 'formattedListingNoteDescription': ""You'll have an unrestricted view of the show.""}]","[{'listingNoteBucketId': 27, 'formattedListingNoteContent': 'Clear view', 'displayOrder': 8, 'showsRawNoteText': True, 'sourceListingNoteId': -1}]",2112498,False,False,Row 31,False,3195612,"¥3,195,612","¥3,195,612",10,Mobile Transfer ticket,3,1,USD,JPY,USD,"https://img.vggcdn.net/img/vfsimage2/812551/594_1530768/0.jpg?im=Resize=(500,271)&v=771",7 hours ago,7,False,False,False,False,4YCPbByRGxnMGlkah%2fBSQqgkrnNSqHVF6s2nODoscfc%3d,False,2026-07-18T06:05:13.1430000Z,False,False,False,False,False,False,0,False,,,False,False,False,False,0,False,False,0,13389323881,False,D037A08A-C096-4869-8E22-E6FA3874FEA6,False,False,True,3,6.607763787644691,1.45170077,,,,,,,,,,"[{'message': 'Popular Pick', 'qualifier': '11 tickets sold for this event', 'hasValue': True, 'messageType': 'BoughtInLastHourSocialProofBased'}]",[],,,,0.0,,,,,,,
13364048140,153020449,149,122812,149,2,7,12_14,,,12,False,False,3,,False,False,"[1, 3]",594,Lower,3,True,"[{'listingNoteId': -1, 'listingNoteContentId': 3338094, 'formattedListingNoteContent': 'Clear view', 'listingNoteTypeId': 3, 'showToBuyer': True, 'hideInMock': False, 'siteAddedListingNote': False, 'aisleListingNoteWithSplit': False, 'listingNoteDescriptionContentId': 3338095, 'formattedListingNoteDescription': ""You'll have an unrestricted view of the show.""}]","[{'listingNoteBucketId': 27, 'formattedListingNoteContent': 'Clear view', 'displayOrder': 8, 'showsRawNoteText': True, 'sourceListingNoteId': -1}]",2113372,False,False,Row 7,False,3205495,"¥3,205,495","¥3,205,495",10,Mobile Transfer ticket,3,1,USD,JPY,USD,"https://img.vggcdn.net/img/vfsimage2/812551/594_122812/0.jpg?im=Resize=(500,271)&v=771",2 days ago,7,False,False,False,False,aQJNqYksFe0behQBoDD%2fsFU07hbUQShYAtPHldLaZI0%3d,False,2026-07-15T20:58:41.9000000Z,False,False,False,False,False,False,0,False,,,False,False,False,False,0,False,False,0,13364048140,False,42E87C1D-6510-4C25-95A0-9829AE79D4AA,False,False,True,3,6.9926138713874115,1.526010398,,,,,,,,,,"[{'message': 'Popular Pick', 'qualifier': '11 tickets sold for this event', 'hasValue': True, 'messageType': 'BoughtInLastHourSocialProofBased'}]",[],,,,0.0,,,,,,,
13150475653,153020449,209,122842,209,2,12W,_,,,,False,False,1,,False,False,[1],471,Middle,1,True,"[{'listingNoteId': -1, 'listingNoteContentId': 3338094, 'formattedListingNoteContent': 'Clear view', 'listingNoteTypeId': 3, 'showToBuyer': True, 'hideInMock': False, 'siteAddedListingNote': False, 'aisleListingNoteWithSplit': False, 'listingNoteDescriptionContentId': 3338095, 'formattedListingNoteDescription': ""You'll have an unrestricted view of the show.""}]","[{'listingNoteBucketId': 27, 'formattedListingNoteContent': 'Clear view', 'displayOrder': 8, 'showsRawNoteText': True, 'sourceListingNoteId': -1}]",2113428,False,False,Row 12W,False,3206353,"¥3,206,353","¥3,206,353",10,Mobile Transfer ticket,3,1,USD,JPY,USD,"https://img.vggcdn.net/img/vfsimage2/812551/471_122842/0.jpg?im=Resize=(500,271)&v=771",22 days ago,4,False,False,False,False,4cWYD83NS31mwAqe9cjIYfkn6ZLkiPvseYOnGENwOFw%3d,False,2026-06-26T04:26:31.4400000Z,False,False,False,False,False,False,0,False,,,False,False,False,False,0,False,False,0,13150475653,False,8100A28A-DE7F-44E6-8F54-24745C7D380E,False,False,True,2,4.2370618027820335,1.082395447,,,,,,,,,,"[{'message': 'Popular Pick', 'qualifier': '11 tickets sold for this event', 'hasValue': True, 'messageType': 'BoughtInLastHourSocialProofBased'}]",[],"¥4,691,385",32.0,"¥1,485,032",0.0,,,,,,,
13315774554,153020449,209,122842,209,2,4,_,,,,False,False,1,,False,False,[1],471,Middle,1,True,"[{'listingNoteId': 165, 'listingNoteContentId': 2444685, 'formattedListingNoteContent': 'Preferred Seating', 'listingNoteTypeId': 3, 'showToBuyer': True, 'hideInMock': False, 'siteAddedListingNote': False, 'aisleListingNoteWithSplit': False, 'listingNoteDescriptionContentId': 2444686, 'formattedListingNoteDescription': 'Preferred Seating'}, {'listingNoteId': -1, 'listingNoteContentId': 3338094, 'formattedListingNoteContent': 'Clear view', 'listingNoteTypeId': 3, 'showToBuyer': True, 'hideInMock': False, 'siteAddedListingNote': False, 'aisleListingNoteWithSplit': False, 'listingNoteDescriptionContentId': 3338095, 'formattedListingNoteDescription': ""You'll have an unrestricted view of the show.""}]","[{'listingNoteBucketId': 11, 'formattedListingNoteContent': 'Preferred Seating', 'displayOrder': 11, 'showsRawNoteText': True, 'sourceListingNoteId': 165}, {'listingNoteBucketId': 27, 'formattedListingNoteContent': 'Clear view', 'displayOrder': 8, 'showsRawNoteText': True, 'sourceListingNoteId': -1}]",702838,False,False,Row 4,False,3211812,"¥3,211,812","¥3,211,812",10,Mobile Transfer ticket,3,1,USD,JPY,USD,"https://img.vggcdn.net/img/vfsimage2/812551/471_122842/0.jpg?im=Resize=(500,271)&v=771",7 days ago,6,False,False,False,False,mpJQZMEv%2fkWIDzAdTay%2bw9kXtDNkmJmu5FNbLmpkgVI%3d,False,2026-07-10T15:26:53.5530000Z,False,False,False,False,False,False,0,False,,,False,False,False,False,0,False,False,0,13315774554,False,6E590585-2317-45C5-B3D8-DB3F6CC0154E,False,False,True,3,6.000703845394642,1.360849678,,,,,,,,,,"[{'message': 'Popular Pick', 'qualifier': '11 tickets sold for this event', 'hasValue': True, 'messageType': 'BoughtInLastHourSocialProofBased'}]",[],"¥4,833,546",34.0,"¥1,621,734",0.0,,,,,,,
13388308251,153020449,124,122796,124,2,1,_,,,,False,False,6,,False,False,"[1, 2, 3, 4, 5, 6]",594,Lower,6,True,"[{'listingNoteId': 811, 'listingNoteContentId': 2446054, 'formattedListingNoteContent': 'Actual 1st row of the section', 'listingNoteTypeId': 3, 'showToBuyer': True, 'hideInMock': False, 'siteAddedListingNote': False, 'aisleListingNoteWithSplit': False, 'listingNoteDescriptionContentId': 2446055, 'formattedListingNoteDescription': 'Actual 1st row of the section'}, {'listingNoteId': -1, 'listingNoteContentId': 3338094, 'formattedListingNoteContent': 'Clear view', 'listingNoteTypeId': 3, 'showToBuyer': True, 'hideInMock': False, 'siteAddedListingNote': False, 'aisleListingNoteWithSplit': False, 'listingNoteDescriptionContentId': 3338095, 'formattedListingNoteDescription': ""You'll have an unrestricted view of the show.""}]","[{'listingNoteBucketId': 0, 'formattedListingNoteContent': 'Actual 1st row of the section', 'displayOrder': 30, 'showsRawNoteText': True, 'sourceListingNoteId': 811}, {'listingNoteBucketId': 27, 'formattedListingNoteContent': 'Clear view', 'displayOrder': 8, 'showsRawNoteText': True, 'sourceListingNoteId': -1}]",2112716,False,False,Row 1,False,3217075,"¥3,217,075","¥3,217,075",10,Mobile Transfer ticket,3,1,USD,JPY,USD,"https://img.vggcdn.net/img/vfsimage2/812551/594_122796/0.jpg?im=Resize=(500,271)&v=771",10 hours ago,8,False,False,False,False,gJiWpVXu%2fOoP9HPJ84ieNiT6sddTZcwIO4avT7YCKZg%3d,False,2026-07-18T02:58:06.2000000Z,False,False,False,False,False,False,0,False,,,False,False,False,False,0,False,False,0,13388308251,False,06D210AB-EF98-421B-88E2-ED19AD54ABC7,False,False,True,4,7.523930357384023,1.630861575,,,,,,,,,,"[{'message': 'Great Value', 'qualifier': 'Based on price, view, seat quality and more', 'hasValue': True, 'messageType': 'ValueBased'}, {'message': 'Popular Pick', 'qualifier': '11 tickets sold for this event', 'hasValue': True, 'messageType': 'BoughtInLastHourSocialProofBased'}, {'message': 'Front Row', 'qualifier': 'Best seats in the house', 'hasValue': True, 'messageType': 'FirstRowTicketAttributeBased'}]",[811],,,,10990.0,,,,,,,
13226218584,153020449,331,122924,331,2,17,_,,,,False,False,1,,False,False,[1],407,Upper,4,True,"[{'listingNoteId': 74, 'listingNoteContentId': 1288630, 'formattedListingNoteContent': 'Over 18 Ticket', 'listingNoteTypeId': 2, 'showToBuyer': True, 'hideInMock': False, 'siteAddedListingNote': False, 'aisleListingNoteWithSplit': False, 'formattedListingNoteDescription': ''}, {'listingNoteId': -1, 'listingNoteContentId': 3338094, 'formattedListingNoteContent': 'Clear view', 'listingNoteTypeId': 3, 'showToBuyer': True, 'hideInMock': False, 'siteAddedListingNote': False, 'aisleListingNoteWithSplit': False, 'listingNoteDescriptionContentId': 3338095, 'formattedListingNoteDescription': ""You'll have an unrestricted view of the show.""}]","[{'listingNoteBucketId': 24, 'formattedListingNoteContent': 'Over 18 Ticket', 'displayOrder': 24, 'showsRawNoteText': True, 'sourceListingNoteId': 74}, {'listingNoteBucketId': 27, 'formattedListingNoteContent': 'Clear view', 'displayOrder': 8, 'showsRawNoteText': True, 'sourceListingNoteId': -1}]",2113932,False,False,Row 17,False,3234207,"¥3,234,207","¥3,234,207",10,Mobile Transfer ticket,3,1,EUR,JPY,EUR,"https://img.vggcdn.net/img/vfsimage2/812551/407_122924/0.jpg?im=Resize=(500,271)&v=771",15 days ago,2,False,False,False,False,mnJ%2b9WismGZF3ifcAqm2BgJkkuulOoua9ZXDybiG7rs%3d,False,2026-07-03T05:57:00.4270000Z,False,False,False,False,False,False,0,False,,,False,False,False,False,0,False,False,0,13226218584,False,4960D7EC-F8A3-4E2A-9A9A-50AD353409D6,False,False,True,1,2.339074687964518,0.7523624922,,,,,,,,,,"[{'message': 'Popular Pick', 'qualifier': '11 tickets sold for this event', 'hasValue': True, 'messageType': 'BoughtInLastHourSocialProofBased'}]",[],,,,1772.0,,,,,,,
13390264295,153020449,144,122809,144,2,19,_,,,,False,False,3,,False,False,"[1, 3]",594,Lower,3,True,"[{'listingNoteId': -1, 'listingNoteContentId': 3338094, 'formattedListingNoteContent': 'Clear view', 'listingNoteTypeId': 3, 'showToBuyer': True, 'hideInMock': False, 'siteAddedListingNote': False, 'aisleListingNoteWithSplit': False, 'listingNoteDescriptionContentId': 3338095, 'formattedListingNoteDescription': ""You'll have an unrestricted view of the show.""}]","[{'listingNoteBucketId': 27, 'formattedListingNoteContent': 'Clear view', 'displayOrder': 8, 'showsRawNoteText': True, 'sourceListingNoteId': -1}]",2113211,False,False,Row 19,False,3248075,"¥3,248,075","¥3,248,075",10,Mobile Transfer ticket,3,1,USD,JPY,USD,"https://img.vggcdn.net/img/vfsimage2/812551/594_122809/0.jpg?im=Resize=(500,271)&v=771",an hour ago,6,False,False,False,False,Usgig36IsH02tuCEJb591agZuCjv8Vx61ApbywI0tPA%3d,False,2026-07-18T11:50:09.6100000Z,False,False,False,False,False,False,0,False,,,False,False,False,False,0,False,False,0,13390264295,False,B7B89776-431C-495A-A3EC-2CD45470A38E,False,False,True,3,6.26073836763809,1.41707551,,,,,,,,,,"[{'message': 'Popular Pick', 'qualifier': '11 tickets sold for this event', 'hasValue': True, 'messageType': 'BoughtInLastHourSocialProofBased'}]",[],,,,0.01,,,,,,,
13388207453,153020449,217,122849,217,2,10,21_24,21,24,21,False,False,4,,False,False,"[1, 2, 4]",471,Middle,4,True,"[{'listingNoteId': -1, 'listingNoteContentId': 3338094, 'formattedListingNoteContent': 'Clear view', 'listingNoteTypeId': 3, 'showToBuyer': True, 'hideInMock': False, 'siteAddedListingNote': False, 'aisleListingNoteWithSplit': False, 'listingNoteDescriptionContentId': 3338095, 'formattedListingNoteDescription': ""You'll have an unrestricted view of the show.""}]","[{'listingNoteBucketId': 27, 'formattedListingNoteContent': 'Clear view', 'displayOrder': 8, 'showsRawNoteText': True, 'sourceListingNoteId': -1}]",702934,False,False,Row 10,False,3357114,"¥3,357,114","¥3,357,114",10,Mobile Transfer ticket,3,1,USD,JPY,USD,"https://img.vggcdn.net/img/vfsimage2/812551/471_122849/0.jpg?im=Resize=(500,271)&v=771",10 hours ago,6,False,False,False,False,VcDM0a23Z2aYk8zIUuFXcbm28kdtUZKdlAaasssnGwU%3d,False,2026-07-18T02:31:26.5570000Z,False,False,False,False,False,False,0,False,,,False,False,False,False,0,False,False,0,13388207453,False,96273235-1685-40FD-AD5C-2A0EBBEEC4DC,False,False,True,3,6.086725698270643,1.436120465,,,,,,,,,,"[{'message': 'Popular Pick', 'qualifier': '11 tickets sold for this event', 'hasValue': True, 'messageType': 'BoughtInLastHourSocialProofBased'}]",[],,,,10990.0,,,,,,,
13386258853,153020449,143,122808,143,2,19,_,,,,False,False,3,,False,False,"[1, 3]",594,Lower,3,True,"[{'listingNoteId': -1, 'listingNoteContentId': 3338094, 'formattedListingNoteContent': 'Clear view', 'listingNoteTypeId': 3, 'showToBuyer': True, 'hideInMock': False, 'siteAddedListingNote': False, 'aisleListingNoteWithSplit': False, 'listingNoteDescriptionContentId': 3338095, 'formattedListingNoteDescription': ""You'll have an unrestricted view of the show.""}]","[{'listingNoteBucketId': 27, 'formattedListingNoteContent': 'Clear view', 'displayOrder': 8, 'showsRawNoteText': True, 'sourceListingNoteId': -1}]",2113178,False,False,Row 19,False,3439123,"¥3,439,123","¥3,439,123",10,Mobile Transfer ticket,3,1,USD,JPY,USD,"https://img.vggcdn.net/img/vfsimage2/812551/594_122808/0.jpg?im=Resize=(500,271)&v=771",16 hours ago,7,False,False,False,False,KosqbYq8v20evxBBw%2fDbhg6Rj2YnWxZk%2fxNS0U2rWsY%3d,False,2026-07-17T21:07:11.7000000Z,False,False,False,False,False,False,0,False,,,False,False,False,False,0,False,False,0,13386258853,False,270021F6-52A1-4BAF-9390-AC0B74DC011E,False,False,True,3,6.915707447922808,1.621708929,,,,,,,,,,"[{'message': 'Popular Pick', 'qualifier': '11 tickets sold for this event', 'hasValue': True, 'messageType': 'BoughtInLastHourSocialProofBased'}]",[],,,,13086.0,,,,,,,
13382102329,153020449,116,122791,116,2,10,10_10,,,10,False,False,1,,False,False,[1],594,Lower,1,True,"[{'listingNoteId': -1, 'listingNoteContentId': 3338094, 'formattedListingNoteContent': 'Clear view', 'listingNoteTypeId': 3, 'showToBuyer': True, 'hideInMock': False, 'siteAddedListingNote': False, 'aisleListingNoteWithSplit': False, 'listingNoteDescriptionContentId': 3338095, 'formattedListingNoteDescription': ""You'll have an unrestricted view of the show.""}]","[{'listingNoteBucketId': 27, 'formattedListingNoteContent': 'Clear view', 'displayOrder': 8, 'showsRawNoteText': True, 'sourceListingNoteId': -1}]",2112514,False,False,Row 10,False,3734771,"¥3,734,771","¥3,734,771",10,Mobile Transfer ticket,3,1,EUR,JPY,EUR,"https://img.vggcdn.net/img/vfsimage2/812551/594_122791/0.jpg?im=Resize=(500,271)&v=771",yesterday,9,False,False,False,False,%2bcccquQ%2bEZKiJOp7FftZxqk67wUPEDhm9m%2fUSvzW9BQ%3d,False,2026-07-17T10:45:14.1300000Z,False,False,False,False,False,False,0,False,[7],,False,False,False,False,0,False,False,0,13382102329,False,7CFB35D4-2D08-4B2D-A627-7C741373581A,False,False,True,5,8.695846109886169,2.241669012,,,,Last ticket,True,,,,,"[{'message': 'Amazing Value', 'qualifier': 'Based on price, view, seat quality and more', 'hasValue': True, 'messageType': 'ValueBased'}, {'message': 'Popular Pick', 'qualifier': '11 tickets sold for this event', 'hasValue': True, 'messageType': 'BoughtInLastHourSocialProofBased'}]",[],,,,10900.0,,,,,,,
13377547900,153020449,126,122797,126,2,4,_,,,,False,False,1,,False,False,[1],594,Lower,1,True,"[{'listingNoteId': -1, 'listingNoteContentId': 3338094, 'formattedListingNoteContent': 'Clear view', 'listingNoteTypeId': 3, 'showToBuyer': True, 'hideInMock': False, 'siteAddedListingNote': False, 'aisleListingNoteWithSplit': False, 'listingNoteDescriptionContentId': 3338095, 'formattedListingNoteDescription': ""You'll have an unrestricted view of the show.""}]","[{'listingNoteBucketId': 27, 'formattedListingNoteContent': 'Clear view', 'displayOrder': 8, 'showsRawNoteText': True, 'sourceListingNoteId': -1}]",2112798,False,False,Row 4,False,3775026,"¥3,775,026","¥3,775,026",10,Mobile Transfer ticket,3,1,SGD,JPY,SGD,"https://img.vggcdn.net/img/vfsimage2/812551/594_122797/0.jpg?im=Resize=(500,271)&v=771",yesterday,7,False,False,False,False,tn4qoi8hVNnHODjYV7mFBNfIPxEBTqBi8q9rYHuz%2fCo%3d,False,2026-07-16T23:18:14.4900000Z,False,False,False,False,False,False,0,False,,,False,False,False,False,0,False,False,0,13377547900,False,D6957EAE-D51D-425C-97B1-80CC5E4407D0,False,False,True,3,6.952953383499704,1.788343108,,,,,,,,,,"[{'message': 'Popular Pick', 'qualifier': '11 tickets sold for this event', 'hasValue': True, 'messageType': 'BoughtInLastHourSocialProofBased'}]",[],,,,19357.0,,,,,,,
13386856488,153020449,123,122795,123,2,17,1_4,,,1,False,False,4,,False,False,"[1, 2, 4]",594,Lower,4,True,"[{'listingNoteId': -1, 'listingNoteContentId': 3338094, 'formattedListingNoteContent': 'Clear view', 'listingNoteTypeId': 3, 'showToBuyer': True, 'hideInMock': False, 'siteAddedListingNote': False, 'aisleListingNoteWithSplit': False, 'listingNoteDescriptionContentId': 3338095, 'formattedListingNoteDescription': ""You'll have an unrestricted view of the show.""}]","[{'listingNoteBucketId': 14, 'formattedListingNoteContent': 'Aisle seat', 'displayOrder': 14, 'showsRawNoteText': True, 'sourceListingNoteId': 2024}, {'listingNoteBucketId': 27, 'formattedListingNoteContent': 'Clear view', 'displayOrder': 8, 'showsRawNoteText': True, 'sourceListingNoteId': -1}]",2112676,False,False,Row 17,False,3811664,"¥3,811,664","¥3,811,664",13,Mobile ticket,4,1,USD,JPY,USD,"https://img.vggcdn.net/img/vfsimage2/812551/594_122795/0.jpg?im=Resize=(500,271)&v=771",14 hours ago,5,False,False,False,False,judUKfECDR0dCh517BAAtF671Uhcd4Iyj1z7%2b7Mt7xQ%3d,False,2026-07-17T22:41:54.0830000Z,False,False,False,False,False,False,0,False,,,False,False,False,False,0,False,False,0,13386856488,False,0FFF2E66-8CB7-4371-BC18-70D8575D7F1A,False,False,True,2,4.540326902328027,1.347934763,,,,,,,,,,"[{'message': 'Popular Pick', 'qualifier': '11 tickets sold for this event', 'hasValue': True, 'messageType': 'BoughtInLastHourSocialProofBased'}, {'message': 'Aisle Seat', 'qualifier': 'Easy access to your seat', 'hasValue': True, 'messageType': 'AisleSeatTicketAttributeBased'}]",[2024],,,,5000.0,,,,,,,
13387994276,153020449,109,122787,109,2,16,_,,,,False,False,4,,False,False,"[1, 2, 4]",594,Lower,4,True,"[{'listingNoteId': 814, 'listingNoteContentId': 2446060, 'formattedListingNoteContent': 'Limited or Obstructed View (printed on ticket)', 'listingNoteTypeId': 1, 'showToBuyer': True, 'hideInMock': False, 'siteAddedListingNote': False, 'aisleListingNoteWithSplit': False, 'listingNoteDescriptionContentId': 2446061, 'formattedListingNoteDescription': 'Limited or Obstructed View (printed on ticket)'}]","[{'listingNoteBucketId': 21, 'formattedListingNoteContent': 'Limited view', 'displayOrder': 21, 'showsRawNoteText': False}]",2112293,False,False,Row 16,False,3821220,"¥3,821,220","¥3,821,220",10,Mobile Transfer ticket,3,1,USD,JPY,USD,"https://img.vggcdn.net/img/vfsimage2/812551/594_122787/0.jpg?im=Resize=(500,271)&v=771",11 hours ago,5,False,False,False,False,gCLrHa0oqGJJLaeluD6Sqk5EH1G6%2fX%2bWk70b8l5dujk%3d,False,2026-07-18T01:38:36.1070000Z,False,False,False,False,False,False,0,False,,,False,False,False,False,0,False,False,0,13387994276,False,351C38B3-8A20-4B1F-AAF3-C5AE2E7E380C,False,False,True,3,5.188532180206988,1.485331372,,,,,,,,,,"[{'message': 'Popular Pick', 'qualifier': '11 tickets sold for this event', 'hasValue': True, 'messageType': 'BoughtInLastHourSocialProofBased'}]",[],,,,10990.0,,,,,,,
13374673023,153020449,109,122787,109,2,9,22_22,22,22,22,False,False,1,,False,False,[1],594,Lower,1,True,"[{'listingNoteId': -1, 'listingNoteContentId': 3338094, 'formattedListingNoteContent': 'Clear view', 'listingNoteTypeId': 3, 'showToBuyer': True, 'hideInMock': False, 'siteAddedListingNote': False, 'aisleListingNoteWithSplit': False, 'listingNoteDescriptionContentId': 3338095, 'formattedListingNoteDescription': ""You'll have an unrestricted view of the show.""}]","[{'listingNoteBucketId': 27, 'formattedListingNoteContent': 'Clear view', 'displayOrder': 8, 'showsRawNoteText': True, 'sourceListingNoteId': -1}]",2112322,False,False,Row 9,False,3860401,"¥3,860,401","¥3,860,401",10,Mobile Transfer ticket,3,1,USD,JPY,USD,"https://img.vggcdn.net/img/vfsimage2/812551/594_122787/0.jpg?im=Resize=(500,271)&v=771",yesterday,6,False,False,False,False,uF3KQhXHUruz3SdpJMXHsvD4wKnaQT0qAibWn5AqX3o%3d,False,2026-07-16T17:44:09.5400000Z,False,False,False,False,False,False,0,False,,,False,False,False,False,0,False,False,0,13374673023,False,4ABF0253-84A3-4AF0-8C98-56A02B9D88A1,False,False,True,3,6.002390518286868,1.636002085,,,,,,,,,,"[{'message': 'Popular Pick', 'qualifier': '11 tickets sold for this event', 'hasValue': True, 'messageType': 'BoughtInLastHourSocialProofBased'}]",[],"¥4,928,239",22.0,"¥1,067,838",,,,,,,,
13388309931,153020449,109,122787,109,2,15,_,,,,False,False,4,,False,False,"[1, 2, 4]",594,Lower,4,True,"[{'listingNoteId': 814, 'listingNoteContentId': 2446060, 'formattedListingNoteContent': 'Limited or Obstructed View (printed on ticket)', 'listingNoteTypeId': 1, 'showToBuyer': True, 'hideInMock': False, 'siteAddedListingNote': False, 'aisleListingNoteWithSplit': False, 'listingNoteDescriptionContentId': 2446061, 'formattedListingNoteDescription': 'Limited or Obstructed View (printed on ticket)'}]","[{'listingNoteBucketId': 21, 'formattedListingNoteContent': 'Limited view', 'displayOrder': 21, 'showsRawNoteText': False}]",2112292,False,False,Row 15,False,3878534,"¥3,878,534","¥3,878,534",10,Mobile Transfer ticket,3,1,USD,JPY,USD,"https://img.vggcdn.net/img/vfsimage2/812551/594_122787/0.jpg?im=Resize=(500,271)&v=771",10 hours ago,5,False,False,False,False,GKRiJk%2blhKnY9RBZ10JWv6nrCHV2AqYtnw0fWM1JlG0%3d,False,2026-07-18T02:58:33.4300000Z,False,False,False,False,False,False,0,False,,,False,False,False,False,0,False,False,0,13388309931,False,3476E029-4888-45F4-A4F6-ADC4C8683C19,False,False,True,3,5.17827582127503,1.506041195,,,,,,,,,,"[{'message': 'Popular Pick', 'qualifier': '11 tickets sold for this event', 'hasValue': True, 'messageType': 'BoughtInLastHourSocialProofBased'}]",[],,,,10990.0,,,,,,,
13386449651,153020449,228A,1530789,228A,2,7,3_3,3,3,3,False,False,1,,False,False,[1],471,Middle,1,True,"[{'listingNoteId': -1, 'listingNoteContentId': 3338094, 'formattedListingNoteContent': 'Clear view', 'listingNoteTypeId': 3, 'showToBuyer': True, 'hideInMock': False, 'siteAddedListingNote': False, 'aisleListingNoteWithSplit': False, 'listingNoteDescriptionContentId': 3338095, 'formattedListingNoteDescription': ""You'll have an unrestricted view of the show.""}]","[{'listingNoteBucketId': 27, 'formattedListingNoteContent': 'Clear view', 'displayOrder': 8, 'showsRawNoteText': True, 'sourceListingNoteId': -1}]",1593647,False,False,Row 7,False,3948127,"¥3,948,127","¥3,948,127",10,Mobile Transfer ticket,3,1,USD,JPY,USD,"https://img.vggcdn.net/img/vfsimage2/812551/471_1530789/0.jpg?im=Resize=(500,271)&v=771",15 hours ago,3,False,False,False,False,K1t79e%2f8%2bgufIC%2f1XqwgQPDlwNgOs%2bBBlxVgxqrrKoU%3d,False,2026-07-17T21:44:54.7870000Z,False,False,False,False,False,False,0,False,[7],,False,False,False,False,0,False,False,0,13386449651,False,E22150E1-2D76-44A4-876A-1C8C636E852B,False,False,True,2,2.87016587060366,1.106506671,,,,Last ticket,True,,,,,"[{'message': 'Popular Pick', 'qualifier': '11 tickets sold for this event', 'hasValue': True, 'messageType': 'BoughtInLastHourSocialProofBased'}]",[],,,,0.0,,,,,,,
13274022365,153020449,134,122802,134,2,27,15_17,,,15,False,False,3,,False,False,"[1, 2, 3]",594,Lower,3,True,"[{'listingNoteId': -1, 'listingNoteContentId': 3338094, 'formattedListingNoteContent': 'Clear view', 'listingNoteTypeId': 3, 'showToBuyer': True, 'hideInMock': False, 'siteAddedListingNote': False, 'aisleListingNoteWithSplit': False, 'listingNoteDescriptionContentId': 3338095, 'formattedListingNoteDescription': ""You'll have an unrestricted view of the show.""}]","[{'listingNoteBucketId': 27, 'formattedListingNoteContent': 'Clear view', 'displayOrder': 8, 'showsRawNoteText': True, 'sourceListingNoteId': -1}]",2113007,False,False,Row 27,False,3981670,"¥3,981,670","¥3,981,670",10,Mobile Transfer ticket,3,1,AED,JPY,AED,"https://img.vggcdn.net/img/vfsimage2/812551/594_122802/0.jpg?im=Resize=(500,271)&v=771",10 days ago,4,False,False,False,False,zO7O25OB%2fqxw7kHHsY2bgQPMXZo6UiXbzdtCHt8weM0%3d,False,2026-07-07T15:58:25.4900000Z,False,False,False,False,False,False,0,False,,,False,False,False,False,0,False,False,0,13274022365,False,E1DC6805-1154-425F-A392-88F7D790B4A1,False,False,True,2,4.011279433307317,1.300231612,,,,,,,,,,"[{'message': 'Popular Pick', 'qualifier': '11 tickets sold for this event', 'hasValue': True, 'messageType': 'BoughtInLastHourSocialProofBased'}]",[],,,,17000.0,,,,,,,
13348807789,153020449,108,122786,108,2,13,_,,,,False,False,4,,False,False,"[1, 2, 3, 4]",594,Lower,4,True,"[{'listingNoteId': 2027, 'listingNoteContentId': 3415845, 'formattedListingNoteContent': 'Third Row of Section', 'listingNoteTypeId': 6, 'showToBuyer': True, 'hideInMock': False, 'siteAddedListingNote': False, 'aisleListingNoteWithSplit': False, 'listingNoteDescriptionContentId': 3415845, 'formattedListingNoteDescription': 'Third Row of Section'}, {'listingNoteId': -1, 'listingNoteContentId': 3338094, 'formattedListingNoteContent': 'Clear view', 'listingNoteTypeId': 3, 'showToBuyer': True, 'hideInMock': False, 'siteAddedListingNote': False, 'aisleListingNoteWithSplit': False, 'listingNoteDescriptionContentId': 3338095, 'formattedListingNoteDescription': ""You'll have an unrestricted view of the show.""}]","[{'listingNoteBucketId': 14, 'formattedListingNoteContent': 'Third Row of Section', 'displayOrder': 14, 'showsRawNoteText': True, 'sourceListingNoteId': 2027}, {'listingNoteBucketId': 27, 'formattedListingNoteContent': 'Clear view', 'displayOrder': 8, 'showsRawNoteText': True, 'sourceListingNoteId': -1}]",2112256,False,False,Row 13,False,3986668,"¥3,986,668","¥3,986,668",10,Mobile Transfer ticket,3,1,USD,JPY,USD,"https://img.vggcdn.net/img/vfsimage2/812551/594_122786/0.jpg?im=Resize=(500,271)&v=771",3 days ago,5,False,False,False,False,0Ju%2f9ZthQsg4sun0OiBqejbpcPB4qk5eoNrPLLblTS4%3d,False,2026-07-14T14:41:08.2870000Z,False,False,False,False,False,False,0,False,,,False,False,False,False,0,False,False,0,13348807789,False,C51670AC-C40C-4B3A-A2FA-E31169248B9E,False,False,True,3,5.126542082453578,1.539938978,,,,,,,,,,"[{'message': 'Popular Pick', 'qualifier': '11 tickets sold for this event', 'hasValue': True, 'messageType': 'BoughtInLastHourSocialProofBased'}, {'message': 'Third Row', 'qualifier': 'Excellent proximity to the action', 'hasValue': True, 'messageType': 'ThirdRowTicketAttributeBased'}]",[2027],"¥5,070,387",21.0,"¥1,083,719",0.0,,,,,,,
13388050955,153020449,101,122782,101,2,2,17_17,,,17,False,False,1,,False,False,[1],594,Lower,1,True,"[{'listingNoteId': 2026, 'listingNoteContentId': 3415844, 'formattedListingNoteContent': 'Second Row of Section', 'listingNoteTypeId': 6, 'showToBuyer': True, 'hideInMock': False, 'siteAddedListingNote': False, 'aisleListingNoteWithSplit': False, 'listingNoteDescriptionContentId': 3415844, 'formattedListingNoteDescription': 'Second Row of Section'}, {'listingNoteId': -1, 'listingNoteContentId': 3338094, 'formattedListingNoteContent': 'Clear view', 'listingNoteTypeId': 3, 'showToBuyer': True, 'hideInMock': False, 'siteAddedListingNote': False, 'aisleListingNoteWithSplit': False, 'listingNoteDescriptionContentId': 3338095, 'formattedListingNoteDescription': ""You'll have an unrestricted view of the show.""}]","[{'listingNoteBucketId': 14, 'formattedListingNoteContent': 'Second Row of Section', 'displayOrder': 14, 'showsRawNoteText': True, 'sourceListingNoteId': 2026}, {'listingNoteBucketId': 27, 'formattedListingNoteContent': 'Clear view', 'displayOrder': 8, 'showsRawNoteText': True, 'sourceListingNoteId': -1}]",2112074,False,False,Row 2,False,4057852,"¥4,057,852","¥4,057,852",10,Mobile Transfer ticket,3,1,USD,JPY,USD,"https://img.vggcdn.net/img/vfsimage2/812551/594_122782/0.jpg?im=Resize=(500,271)&v=771",11 hours ago,6,False,False,False,False,oNQdjJ2iSisVRWfR3zHLRj0vtlovygwGb5fZdBdM6RA%3d,False,2026-07-18T01:49:15.2000000Z,False,False,False,False,False,False,0,False,,,False,False,False,False,0,False,False,0,13388050955,False,EB58D85B-0C74-4854-A631-8A6561F0426A,False,False,True,3,5.930326738944554,1.706054045,,,,,,,,,,"[{'message': 'Popular Pick', 'qualifier': '11 tickets sold for this event', 'hasValue': True, 'messageType': 'BoughtInLastHourSocialProofBased'}, {'message': 'Second Row', 'qualifier': 'Premium close-up view', 'hasValue': True, 'messageType': 'SecondRowTicketAttributeBased'}]",[2026],,,,0.0,,,,,,,
13141570564,153020449,Middle,1546668,Middle,3,,_,,,,False,False,4,,False,False,"[1, 2, 4]",471,Middle,4,True,"[{'listingNoteId': -1, 'listingNoteContentId': 3338094, 'formattedListingNoteContent': 'Clear view', 'listingNoteTypeId': 3, 'showToBuyer': True, 'hideInMock': False, 'siteAddedListingNote': False, 'aisleListingNoteWithSplit': False, 'listingNoteDescriptionContentId': 3338095, 'formattedListingNoteDescription': ""You'll have an unrestricted view of the show.""}]","[{'listingNoteBucketId': 27, 'formattedListingNoteContent': 'Clear view', 'displayOrder': 8, 'showsRawNoteText': True, 'sourceListingNoteId': -1}]",1641235,False,False,Row,True,4091470,"¥4,091,470","¥4,091,470",10,Mobile Transfer ticket,3,1,EUR,JPY,EUR,"https://img.vggcdn.net/img/vfsimage2/812551/471_1546668/0.jpg?im=Resize=(500,271)&v=771",23 days ago,0,False,False,True,True,lco6nNlfd3kpNR72NYzWXfeHUYku3Nt3WDr9Xh0M%2bGY%3d,False,2026-06-25T12:01:34.4200000Z,False,False,False,False,False,False,0,False,[7],,False,False,False,False,0,False,False,0,13141570564,False,13FD9264-53F2-4522-8D89-8F4A5B8D7B9B,False,False,True,0,,,,,,Last tickets,True,,,,,"[{'message': 'Popular Pick', 'qualifier': '11 tickets sold for this event', 'hasValue': True, 'messageType': 'BoughtInLastHourSocialProofBased'}]",[],,,,1222.0,,,,,,,
12998151102,153020449,320,122913,320,2,8,5_6,5,6,5,False,False,2,,False,False,"[1, 2]",407,Upper,2,True,"[{'listingNoteId': -1, 'listingNoteContentId': 3338094, 'formattedListingNoteContent': 'Clear view', 'listingNoteTypeId': 3, 'showToBuyer': True, 'hideInMock': False, 'siteAddedListingNote': False, 'aisleListingNoteWithSplit': False, 'listingNoteDescriptionContentId': 3338095, 'formattedListingNoteDescription': ""You'll have an unrestricted view of the show.""}]","[{'listingNoteBucketId': 27, 'formattedListingNoteContent': 'Clear view', 'displayOrder': 8, 'showsRawNoteText': True, 'sourceListingNoteId': -1}]",703943,False,False,Row 8,False,4121819,"¥4,121,819","¥4,121,819",10,Mobile Transfer ticket,3,1,EUR,JPY,EUR,"https://img.vggcdn.net/img/vfsimage2/812551/407_122913/0.jpg?im=Resize=(500,271)&v=771",36 days ago,2,False,False,False,False,6d2FoeRbjENB2BRCirXvMK3XgfRvy3z2J38FdpZdlK4%3d,False,2026-06-11T13:41:26.4070000Z,False,False,False,True,False,False,0,False,[6],,False,False,False,False,0,False,False,0,12998151102,False,965A573F-B556-4BEB-AEB8-2E9CB26F8628,False,False,True,1,2.2762327739367887,0.9119621003,Fan favorite,This section is in the top 10% of sections for this event when ranked based on a count of successful sales over the past 7 days on our site,True,,,,,,,"[{'message': 'Popular Pick', 'qualifier': '11 tickets sold for this event', 'hasValue': True, 'messageType': 'BoughtInLastHourSocialProofBased'}]",[],,,,5500.0,,,,,,,
13351097261,153020449,134,122802,134,2,8,20_20,20,20,20,False,False,1,,False,False,[1],594,Lower,1,True,"[{'listingNoteId': -1, 'listingNoteContentId': 3338094, 'formattedListingNoteContent': 'Clear view', 'listingNoteTypeId': 3, 'showToBuyer': True, 'hideInMock': False, 'siteAddedListingNote': False, 'aisleListingNoteWithSplit': False, 'listingNoteDescriptionContentId': 3338095, 'formattedListingNoteDescription': ""You'll have an unrestricted view of the show.""}]","[{'listingNoteBucketId': 27, 'formattedListingNoteContent': 'Clear view', 'displayOrder': 8, 'showsRawNoteText': True, 'sourceListingNoteId': -1}]",2113020,False,False,Row 8,False,4289285,"¥4,289,285","¥4,289,285",10,Mobile Transfer ticket,3,1,USD,JPY,USD,"https://img.vggcdn.net/img/vfsimage2/812551/594_122802/0.jpg?im=Resize=(500,271)&v=771",3 days ago,6,False,False,False,False,IeCgVo%2bMAE2VQyR77ABosoN%2fY3K0Y6GYuN4dgvPaskE%3d,False,2026-07-14T16:50:38.1100000Z,False,False,False,False,False,False,0,False,,,False,False,False,False,0,False,False,0,13351097261,False,F7BDFCDF-14E8-49BC-A391-AFD1961E92FF,False,False,True,3,6.332620807961012,1.886883891,,,,,,,,,,"[{'message': 'Popular Pick', 'qualifier': '11 tickets sold for this event', 'hasValue': True, 'messageType': 'BoughtInLastHourSocialProofBased'}]",[],"¥8,529,573",50.0,"¥4,240,288",,,,,,,,
13386086959,153020449,235,122862,235,2,9,_,,,,False,False,2,,False,False,"[1, 2]",471,Middle,2,True,"[{'listingNoteId': 263, 'listingNoteContentId': 2444900, 'formattedListingNoteContent': 'VIP Club', 'listingNoteTypeId': 3, 'showToBuyer': True, 'hideInMock': False, 'siteAddedListingNote': False, 'aisleListingNoteWithSplit': False, 'listingNoteDescriptionContentId': 2444901, 'formattedListingNoteDescription': 'VIP Club - Club opens 90 minutes prior to tipoff and offers access to a lounge area with televisions, plush seating and private restrooms as well as all-inclusive food, draft beer, and house wine'}, {'listingNoteId': 424, 'listingNoteContentId': 2445241, 'formattedListingNoteContent': 'Access to VIP Club', 'listingNoteTypeId': 3, 'showToBuyer': True, 'hideInMock': False, 'siteAddedListingNote': False, 'aisleListingNoteWithSplit': False, 'formattedListingNoteDescription': ''}, {'listingNoteId': 1367, 'listingNoteContentId': 2447255, 'formattedListingNoteContent': 'Includes club access', 'listingNoteTypeId': 3, 'showToBuyer': True, 'hideInMock': False, 'siteAddedListingNote': False, 'aisleListingNoteWithSplit': False, 'listingNoteDescriptionContentId': 2447256, 'formattedListingNoteDescription': 'Includes club access'}, {'listingNoteId': -1, 'listingNoteContentId': 3338094, 'formattedListingNoteContent': 'Clear view', 'listingNoteTypeId': 3, 'showToBuyer': True, 'hideInMock': False, 'siteAddedListingNote': False, 'aisleListingNoteWithSplit': False, 'listingNoteDescriptionContentId': 3338095, 'formattedListingNoteDescription': ""You'll have an unrestricted view of the show.""}]","[{'listingNoteBucketId': 1, 'formattedListingNoteContent': 'VIP packages', 'displayOrder': 1, 'showsRawNoteText': False}, {'listingNoteBucketId': 4, 'formattedListingNoteContent': 'Club access', 'displayOrder': 4, 'showsRawNoteText': False}, {'listingNoteBucketId': 27, 'formattedListingNoteContent': 'Clear view', 'displayOrder': 8, 'showsRawNoteText': True, 'sourceListingNoteId': -1}]",703280,False,False,Row 9,False,4497722,"¥4,497,722","¥4,497,722",10,Mobile Transfer ticket,3,1,USD,JPY,USD,"https://img.vggcdn.net/img/vfsimage2/812551/471_122862/0.jpg?im=Resize=(500,271)&v=771",16 hours ago,5,False,False,False,False,gNP0Q8pxWHYEH4WO2LfP70IKdvIFkNC9A3ZotX7dhHc%3d,False,2026-07-17T20:38:02.3370000Z,False,False,False,False,False,False,0,False,,,False,False,False,False,0,False,False,0,13386086959,False,5B8D5FAC-697B-474E-B2DF-178480A566F2,False,False,True,2,4.595445824909522,1.604439423,,,,,,,,,,"[{'message': 'Popular Pick', 'qualifier': '11 tickets sold for this event', 'hasValue': True, 'messageType': 'BoughtInLastHourSocialProofBased'}]",[],"¥6,388,629",30.0,"¥1,890,907",10900.0,,,,,,,
13334390402,153020449,129,122799,129,2,31,_,,,,False,False,1,,False,False,[1],594,Lower,1,True,"[{'listingNoteId': 174, 'listingNoteContentId': 2444704, 'formattedListingNoteContent': 'VIP Club Access w/ private entrance & restrooms', 'listingNoteTypeId': 3, 'showToBuyer': True, 'hideInMock': False, 'siteAddedListingNote': False, 'aisleListingNoteWithSplit': False, 'listingNoteDescriptionContentId': 2444705, 'formattedListingNoteDescription': 'Tickets grant access to VIP private entrance, VIP club access and VIP private restrooms.'}, {'listingNoteId': 1025, 'listingNoteContentId': 2446491, 'formattedListingNoteContent': 'Includes unlimited food and soft drinks', 'listingNoteTypeId': 3, 'showToBuyer': True, 'hideInMock': False, 'siteAddedListingNote': False, 'aisleListingNoteWithSplit': False, 'listingNoteDescriptionContentId': 2446492, 'formattedListingNoteDescription': 'Includes unlimited food and soft drinks'}, {'listingNoteId': 1028, 'listingNoteContentId': 2446497, 'formattedListingNoteContent': 'Includes unlimited food and drinks (beer, wine and liquor)', 'listingNoteTypeId': 3, 'showToBuyer': True, 'hideInMock': False, 'siteAddedListingNote': False, 'aisleListingNoteWithSplit': False, 'listingNoteDescriptionContentId': 2446498, 'formattedListingNoteDescription': 'Includes unlimited food and drinks (beer, wine and liquor)'}, {'listingNoteId': 2246, 'listingNoteContentId': 4165609, 'formattedListingNoteContent': 'VIP Experience', 'listingNoteTypeId': 3, 'showToBuyer': True, 'hideInMock': False, 'siteAddedListingNote': False, 'aisleListingNoteWithSplit': False, 'listingNoteDescriptionContentId': 4165611, 'formattedListingNoteDescription': 'VIP Experience'}, {'listingNoteId': 2247, 'listingNoteContentId': 4165768, 'formattedListingNoteContent': 'Includes food, beer and wine', 'listingNoteTypeId': 3, 'showToBuyer': True, 'hideInMock': False, 'siteAddedListingNote': False, 'aisleListingNoteWithSplit': False, 'listingNoteDescriptionContentId': 4165769, 'formattedListingNoteDescription': 'Includes food, beer and wine'}, {'listingNoteId': 2254, 'listingNoteContentId': 4170837, 'formattedListingNoteContent': 'Includes food, beer, wine, and non-alcoholic beverages', 'listingNoteTypeId': 3, 'showToBuyer': True, 'hideInMock': False, 'siteAddedListingNote': False, 'aisleListingNoteWithSplit': False, 'listingNoteDescriptionContentId': 4170838, 'formattedListingNoteDescription': 'Includes food, beer, wine, and non-alcoholic beverages'}, {'listingNoteId': 2356, 'listingNoteContentId': 4257844, 'formattedListingNoteContent': 'All-Inclusive Food', 'listingNoteTypeId': 3, 'showToBuyer': True, 'hideInMock': False, 'siteAddedListingNote': False, 'aisleListingNoteWithSplit': False, 'formattedListingNoteDescription': ''}, {'listingNoteId': 2363, 'listingNoteContentId': 4281452, 'formattedListingNoteContent': 'Access to Premium Lounge', 'listingNoteTypeId': 3, 'showToBuyer': True, 'hideInMock': False, 'siteAddedListingNote': False, 'aisleListingNoteWithSplit': False, 'formattedListingNoteDescription': ''}, {'listingNoteId': 1021, 'listingNoteContentId': 2446483, 'formattedListingNoteContent': 'Includes unlimited food and drinks (beer and soft drinks)', 'listingNoteTypeId': 3, 'showToBuyer': True, 'hideInMock': False, 'siteAddedListingNote': False, 'aisleListingNoteWithSplit': False, 'listingNoteDescriptionContentId': 2446484, 'formattedListingNoteDescription': 'Includes unlimited food and drinks (beer and soft drinks)'}, {'listingNoteId': -1, 'listingNoteContentId': 3338094, 'formattedListingNoteContent': 'Clear view', 'listingNoteTypeId': 3, 'showToBuyer': True, 'hideInMock': False, 'siteAddedListingNote': False, 'aisleListingNoteWithSplit': False, 'listingNoteDescriptionContentId': 3338095, 'formattedListingNoteDescription': ""You'll have an unrestricted view of the show.""}]","[{'listingNoteBucketId': 1, 'formattedListingNoteContent': 'VIP packages', 'displayOrder': 1, 'showsRawNoteText': False}, {'listingNoteBucketId': 7, 'formattedListingNoteContent': 'Food & beverages', 'displayOrder': 7, 'showsRawNoteText': False}, {'listingNoteBucketId': 0, 'formattedListingNoteContent': 'Includes food, beer, wine, and non-alcoholic beverages', 'displayOrder': 30, 'showsRawNoteText': True, 'sourceListingNoteId': 2254}, {'listingNoteBucketId': 0, 'formattedListingNoteContent': 'All-Inclusive Food', 'displayOrder': 30, 'showsRawNoteText': True, 'sourceListingNoteId': 2356}, {'listingNoteBucketId': 0, 'formattedListingNoteContent': 'Access to Premium Lounge', 'displayOrder': 30, 'showsRawNoteText': True, 'sourceListingNoteId': 2363}, {'listingNoteBucketId': 27, 'formattedListingNoteContent': 'Clear view', 'displayOrder': 8, 'showsRawNoteText': True, 'sourceListingNoteId': -1}]",2112884,False,False,Row 31,False,4562211,"¥4,562,211","¥4,562,211",10,Mobile Transfer ticket,3,1,USD,JPY,USD,"https://img.vggcdn.net/img/vfsimage2/812551/594_122799/0.jpg?im=Resize=(500,271)&v=771",6 days ago,2,False,False,False,False,fKg%2bE%2bqRomOS8soo5WJSqsPRxBo%2fUZZsQiAT9Js9NkI%3d,False,2026-07-12T04:55:54.9300000Z,False,False,False,False,False,False,0,False,,,False,False,False,False,0,False,False,0,13334390402,False,426FF1B7-C960-4F2C-B1DE-A8E0874CB3A3,False,False,True,1,2.440960014145621,1.157901689,,,,,,,,,,"[{'message': 'Popular Pick', 'qualifier': '11 tickets sold for this event', 'hasValue': True, 'messageType': 'BoughtInLastHourSocialProofBased'}, {'message': 'VIP', 'qualifier': 'Premium access and amenities', 'hasValue': True, 'messageType': 'VipTicketAttributeBased'}]",[174],,,,,,,,,,,
13386258821,153020449,140,122806,140,2,19,_,,,,False,False,1,,False,False,[1],594,Lower,1,True,"[{'listingNoteId': -1, 'listingNoteContentId': 3338094, 'formattedListingNoteContent': 'Clear view', 'listingNoteTypeId': 3, 'showToBuyer': True, 'hideInMock': False, 'siteAddedListingNote': False, 'aisleListingNoteWithSplit': False, 'listingNoteDescriptionContentId': 3338095, 'formattedListingNoteDescription': ""You'll have an unrestricted view of the show.""}]","[{'listingNoteBucketId': 27, 'formattedListingNoteContent': 'Clear view', 'displayOrder': 8, 'showsRawNoteText': True, 'sourceListingNoteId': -1}]",2113117,False,False,Row 19,False,4967509,"¥4,967,509","¥4,967,509",10,Mobile Transfer ticket,3,1,USD,JPY,USD,"https://img.vggcdn.net/img/vfsimage2/812551/594_122806/0.jpg?im=Resize=(500,271)&v=771",16 hours ago,7,False,False,False,False,%2bMuUJpyUWZDOrkgemWsA0dobu5Xt7bvnP61pqyB8cKM%3d,False,2026-07-17T21:07:11.4530000Z,False,False,False,False,False,False,0,False,,,False,False,False,False,0,False,False,0,13386258821,False,ABFB8670-3A19-43A9-BA62-7E4BEFF161B1,False,False,True,3,6.756829636176404,2.297465083,,,,,,,,,,"[{'message': 'Popular Pick', 'qualifier': '11 tickets sold for this event', 'hasValue': True, 'messageType': 'BoughtInLastHourSocialProofBased'}]",[],,,,0.0,,,,,,,
13386258858,153020449,140,122806,140,2,18,_,,,,False,False,1,,False,False,[1],594,Lower,1,True,"[{'listingNoteId': -1, 'listingNoteContentId': 3338094, 'formattedListingNoteContent': 'Clear view', 'listingNoteTypeId': 3, 'showToBuyer': True, 'hideInMock': False, 'siteAddedListingNote': False, 'aisleListingNoteWithSplit': False, 'listingNoteDescriptionContentId': 3338095, 'formattedListingNoteDescription': ""You'll have an unrestricted view of the show.""}]","[{'listingNoteBucketId': 27, 'formattedListingNoteContent': 'Clear view', 'displayOrder': 8, 'showsRawNoteText': True, 'sourceListingNoteId': -1}]",2113116,False,False,Row 18,False,5158558,"¥5,158,558","¥5,158,558",10,Mobile Transfer ticket,3,1,USD,JPY,USD,"https://img.vggcdn.net/img/vfsimage2/812551/594_122806/0.jpg?im=Resize=(500,271)&v=771",16 hours ago,7,False,False,False,False,oq52dDam6%2bYCbvMYetBCoxs%2f7%2fDbV4ZmcpRKtJeePl4%3d,False,2026-07-17T21:07:11.7200000Z,False,False,False,False,False,False,0,False,,,False,False,False,False,0,False,False,0,13386258858,False,B9BF13BF-F1B0-48AF-8D32-C948E334F3C5,False,False,True,3,6.652508187181406,2.35608495,,,,,,,,,,"[{'message': 'Popular Pick', 'qualifier': '11 tickets sold for this event', 'hasValue': True, 'messageType': 'BoughtInLastHourSocialProofBased'}]",[],,,,22000.0,,,,,,,
13294504662,153020449,236,122863,236,2,3,_,,,,False,False,1,,False,False,[1],471,Middle,1,True,"[{'listingNoteId': 263, 'listingNoteContentId': 2444900, 'formattedListingNoteContent': 'VIP Club', 'listingNoteTypeId': 3, 'showToBuyer': True, 'hideInMock': False, 'siteAddedListingNote': False, 'aisleListingNoteWithSplit': False, 'listingNoteDescriptionContentId': 2444901, 'formattedListingNoteDescription': 'VIP Club - Club opens 90 minutes prior to tipoff and offers access to a lounge area with televisions, plush seating and private restrooms as well as all-inclusive food, draft beer, and house wine'}, {'listingNoteId': 424, 'listingNoteContentId': 2445241, 'formattedListingNoteContent': 'Access to VIP Club', 'listingNoteTypeId': 3, 'showToBuyer': True, 'hideInMock': False, 'siteAddedListingNote': False, 'aisleListingNoteWithSplit': False, 'formattedListingNoteDescription': ''}, {'listingNoteId': 1367, 'listingNoteContentId': 2447255, 'formattedListingNoteContent': 'Includes club access', 'listingNoteTypeId': 3, 'showToBuyer': True, 'hideInMock': False, 'siteAddedListingNote': False, 'aisleListingNoteWithSplit': False, 'listingNoteDescriptionContentId': 2447256, 'formattedListingNoteDescription': 'Includes club access'}, {'listingNoteId': 2027, 'listingNoteContentId': 3415845, 'formattedListingNoteContent': 'Third Row of Section', 'listingNoteTypeId': 6, 'showToBuyer': True, 'hideInMock': False, 'siteAddedListingNote': False, 'aisleListingNoteWithSplit': False, 'listingNoteDescriptionContentId': 3415845, 'formattedListingNoteDescription': 'Third Row of Section'}, {'listingNoteId': -1, 'listingNoteContentId': 3338094, 'formattedListingNoteContent': 'Clear view', 'listingNoteTypeId': 3, 'showToBuyer': True, 'hideInMock': False, 'siteAddedListingNote': False, 'aisleListingNoteWithSplit': False, 'listingNoteDescriptionContentId': 3338095, 'formattedListingNoteDescription': ""You'll have an unrestricted view of the show.""}]","[{'listingNoteBucketId': 1, 'formattedListingNoteContent': 'VIP packages', 'displayOrder': 1, 'showsRawNoteText': False}, {'listingNoteBucketId': 4, 'formattedListingNoteContent': 'Club access', 'displayOrder': 4, 'showsRawNoteText': False}, {'listingNoteBucketId': 14, 'formattedListingNoteContent': 'Third Row of Section', 'displayOrder': 14, 'showsRawNoteText': True, 'sourceListingNoteId': 2027}, {'listingNoteBucketId': 27, 'formattedListingNoteContent': 'Clear view', 'displayOrder': 8, 'showsRawNoteText': True, 'sourceListingNoteId': -1}]",703288,False,False,Row 3,False,5325631,"¥5,325,631","¥5,325,631",10,Mobile Transfer ticket,3,1,USD,JPY,USD,"https://img.vggcdn.net/img/vfsimage2/812551/471_122863/0.jpg?im=Resize=(500,271)&v=771",9 days ago,4,False,False,False,False,5TuJ04U1rGIGZk9ZvKPsPHhXKkgMilj%2b6IVA9p7IlIs%3d,False,2026-07-09T02:34:24.4830000Z,False,False,False,False,False,False,0,False,[7],,False,False,False,False,0,False,False,0,13294504662,False,4273EF03-8415-4E7B-80F2-DDE1E1F0931B,False,False,True,2,3.9088363479162065,1.714380036,,,,Last ticket,True,,,,,"[{'message': 'Popular Pick', 'qualifier': '11 tickets sold for this event', 'hasValue': True, 'messageType': 'BoughtInLastHourSocialProofBased'}, {'message': 'Third Row', 'qualifier': 'Excellent proximity to the action', 'hasValue': True, 'messageType': 'ThirdRowTicketAttributeBased'}]",[2027],"¥8,518,078",37.0,"¥3,192,447",27850.0,,,,,,,
13302234910,153020449,110,122788,110,2,,_,,,,False,False,2,,False,False,"[1, 2]",594,Lower,4,True,"[{'listingNoteId': -1, 'listingNoteContentId': 3338094, 'formattedListingNoteContent': 'Clear view', 'listingNoteTypeId': 3, 'showToBuyer': True, 'hideInMock': False, 'siteAddedListingNote': False, 'aisleListingNoteWithSplit': False, 'listingNoteDescriptionContentId': 3338095, 'formattedListingNoteDescription': ""You'll have an unrestricted view of the show.""}]","[{'listingNoteBucketId': 27, 'formattedListingNoteContent': 'Clear view', 'displayOrder': 8, 'showsRawNoteText': True, 'sourceListingNoteId': -1}]",108742,False,False,Row,True,5352879,"¥5,352,879","¥5,352,879",10,Mobile Transfer ticket,3,1,EUR,JPY,EUR,"https://img.vggcdn.net/img/vfsimage2/812551/594_122788/0.jpg?im=Resize=(500,271)&v=771",8 days ago,2,False,False,False,False,aoJm%2f5g3Brvf1jBdpgLPNnZ17CWgKsiFW%2bI1c05esmA%3d,False,2026-07-09T13:45:24.3770000Z,False,False,False,False,False,False,0,False,[7],,False,False,False,False,0,False,False,0,13302234910,False,EBD4C3F5-BADD-47FD-9CEA-1499E6BE3861,False,False,True,1,2.363180579308274,1.270356317,,,,Last tickets,True,,,,,"[{'message': 'Popular Pick', 'qualifier': '11 tickets sold for this event', 'hasValue': True, 'messageType': 'BoughtInLastHourSocialProofBased'}]",[],"¥6,891,496",22.0,"¥1,538,617",3000.0,,,,,,,
13375745056,153020449,235,122862,235,2,8,_,,,,False,False,3,,False,False,"[1, 2, 3]",471,Middle,3,True,"[{'listingNoteId': 263, 'listingNoteContentId': 2444900, 'formattedListingNoteContent': 'VIP Club', 'listingNoteTypeId': 3, 'showToBuyer': True, 'hideInMock': False, 'siteAddedListingNote': False, 'aisleListingNoteWithSplit': False, 'listingNoteDescriptionContentId': 2444901, 'formattedListingNoteDescription': 'VIP Club - Club opens 90 minutes prior to tipoff and offers access to a lounge area with televisions, plush seating and private restrooms as well as all-inclusive food, draft beer, and house wine'}, {'listingNoteId': 424, 'listingNoteContentId': 2445241, 'formattedListingNoteContent': 'Access to VIP Club', 'listingNoteTypeId': 3, 'showToBuyer': True, 'hideInMock': False, 'siteAddedListingNote': False, 'aisleListingNoteWithSplit': False, 'formattedListingNoteDescription': ''}, {'listingNoteId': 1367, 'listingNoteContentId': 2447255, 'formattedListingNoteContent': 'Includes club access', 'listingNoteTypeId': 3, 'showToBuyer': True, 'hideInMock': False, 'siteAddedListingNote': False, 'aisleListingNoteWithSplit': False, 'listingNoteDescriptionContentId': 2447256, 'formattedListingNoteDescription': 'Includes club access'}, {'listingNoteId': -1, 'listingNoteContentId': 3338094, 'formattedListingNoteContent': 'Clear view', 'listingNoteTypeId': 3, 'showToBuyer': True, 'hideInMock': False, 'siteAddedListingNote': False, 'aisleListingNoteWithSplit': False, 'listingNoteDescriptionContentId': 3338095, 'formattedListingNoteDescription': ""You'll have an unrestricted view of the show.""}]","[{'listingNoteBucketId': 1, 'formattedListingNoteContent': 'VIP packages', 'displayOrder': 1, 'showsRawNoteText': False}, {'listingNoteBucketId': 4, 'formattedListingNoteContent': 'Club access', 'displayOrder': 4, 'showsRawNoteText': False}, {'listingNoteBucketId': 27, 'formattedListingNoteContent': 'Clear view', 'displayOrder': 8, 'showsRawNoteText': True, 'sourceListingNoteId': -1}]",703279,False,False,Row 8,False,5417620,"¥5,417,620","¥5,417,620",10,Mobile Transfer ticket,3,1,USD,JPY,USD,"https://img.vggcdn.net/img/vfsimage2/812551/471_122862/0.jpg?im=Resize=(500,271)&v=771",yesterday,3,False,False,False,False,UKnjTZwxcVZcr%2b7tg6CwxzzPZad4wqUgn2w2Q73%2fkv4%3d,False,2026-07-16T19:44:14.6730000Z,False,False,False,False,False,False,0,False,,,False,False,False,False,0,False,False,0,13375745056,False,F1B1EBD8-4320-4982-8CAE-0E248FB266C6,False,False,True,2,3.421806677278293,1.630477694,,,,,,,,,,"[{'message': 'Popular Pick', 'qualifier': '11 tickets sold for this event', 'hasValue': True, 'messageType': 'BoughtInLastHourSocialProofBased'}]",[],,,,27850.0,,,,,,,
13386424562,153020449,115A,1530768,115A,2,8,_,,,,False,False,3,,False,False,"[1, 3]",594,Lower,3,True,"[{'listingNoteId': -1, 'listingNoteContentId': 3338094, 'formattedListingNoteContent': 'Clear view', 'listingNoteTypeId': 3, 'showToBuyer': True, 'hideInMock': False, 'siteAddedListingNote': False, 'aisleListingNoteWithSplit': False, 'listingNoteDescriptionContentId': 3338095, 'formattedListingNoteDescription': ""You'll have an unrestricted view of the show.""}]","[{'listingNoteBucketId': 27, 'formattedListingNoteContent': 'Clear view', 'displayOrder': 8, 'showsRawNoteText': True, 'sourceListingNoteId': -1}]",2112509,False,False,Row 8,False,5570936,"¥5,570,936","¥5,570,936",10,Mobile Transfer ticket,3,1,USD,JPY,USD,"https://img.vggcdn.net/img/vfsimage2/812551/594_1530768/0.jpg?im=Resize=(500,271)&v=771",15 hours ago,6,False,False,False,False,%2be%2b0Q0ZLhl3uldoG8YbvC9ElCCV2rWg8SeKw80Kiei0%3d,False,2026-07-17T21:40:15.1800000Z,False,False,False,False,False,False,0,False,,,False,False,False,False,0,False,False,0,13386424562,False,A31BD3BB-1013-4F09-8169-EEF4ACF1D63E,False,False,True,3,6.1718860247860166,2.406291563,,,,,,,,,,"[{'message': 'Popular Pick', 'qualifier': '11 tickets sold for this event', 'hasValue': True, 'messageType': 'BoughtInLastHourSocialProofBased'}]",[],,,,0.0,,,,,,,
13389356320,153020449,111C,1530767,111C,2,2,9_9,9,9,9,False,False,1,,False,False,[1],594,Lower,1,True,"[{'listingNoteId': 2026, 'listingNoteContentId': 3415844, 'formattedListingNoteContent': 'Second Row of Section', 'listingNoteTypeId': 6, 'showToBuyer': True, 'hideInMock': False, 'siteAddedListingNote': False, 'aisleListingNoteWithSplit': False, 'listingNoteDescriptionContentId': 3415844, 'formattedListingNoteDescription': 'Second Row of Section'}, {'listingNoteId': -1, 'listingNoteContentId': 3338094, 'formattedListingNoteContent': 'Clear view', 'listingNoteTypeId': 3, 'showToBuyer': True, 'hideInMock': False, 'siteAddedListingNote': False, 'aisleListingNoteWithSplit': False, 'listingNoteDescriptionContentId': 3338095, 'formattedListingNoteDescription': ""You'll have an unrestricted view of the show.""}]","[{'listingNoteBucketId': 14, 'formattedListingNoteContent': 'Second Row of Section', 'displayOrder': 14, 'showsRawNoteText': True, 'sourceListingNoteId': 2026}, {'listingNoteBucketId': 27, 'formattedListingNoteContent': 'Clear view', 'displayOrder': 8, 'showsRawNoteText': True, 'sourceListingNoteId': -1}]",1641150,False,False,Row 2,False,5653525,"¥5,653,525","¥5,653,525",10,Mobile Transfer ticket,3,1,USD,JPY,USD,"https://img.vggcdn.net/img/vfsimage2/812551/594_1530767/0.jpg?im=Resize=(500,271)&v=771",7 hours ago,6,False,False,False,False,vckTumvyKquoYLFEMUbblHtgfLPBfkEgOEbpdB01dkg%3d,False,2026-07-18T06:08:20.4030000Z,False,False,False,False,False,False,0,False,[7],,False,False,False,False,0,False,False,0,13389356320,False,EB51E52A-0F3E-48E7-869A-9E2A1F4460BA,False,False,True,3,6.492714360821096,2.532975633,,,,Last ticket,True,,,,,"[{'message': 'Popular Pick', 'qualifier': '11 tickets sold for this event', 'hasValue': True, 'messageType': 'BoughtInLastHourSocialProofBased'}, {'message': 'Second Row', 'qualifier': 'Premium close-up view', 'hasValue': True, 'messageType': 'SecondRowTicketAttributeBased'}]",[2026],,,,0.0,,,,,,,
13382726477,153020449,142,122807,142,2,21,1_6,,,1,False,False,6,,False,False,"[1, 2, 3, 4, 6]",594,Lower,6,True,"[{'listingNoteId': -1, 'listingNoteContentId': 3338094, 'formattedListingNoteContent': 'Clear view', 'listingNoteTypeId': 3, 'showToBuyer': True, 'hideInMock': False, 'siteAddedListingNote': False, 'aisleListingNoteWithSplit': False, 'listingNoteDescriptionContentId': 3338095, 'formattedListingNoteDescription': ""You'll have an unrestricted view of the show.""}]","[{'listingNoteBucketId': 14, 'formattedListingNoteContent': 'Aisle seat', 'displayOrder': 14, 'showsRawNoteText': True, 'sourceListingNoteId': 2024}, {'listingNoteBucketId': 27, 'formattedListingNoteContent': 'Clear view', 'displayOrder': 8, 'showsRawNoteText': True, 'sourceListingNoteId': -1}]",2113147,False,False,Row 21,False,5724252,"¥5,724,252","¥5,724,252",10,Mobile Transfer ticket,3,1,USD,JPY,USD,"https://img.vggcdn.net/img/vfsimage2/812551/594_122807/0.jpg?im=Resize=(500,271)&v=771",yesterday,4,False,False,False,False,7cXJ1l8X6pL6EVH7OUznQ4Uv6axH%2f529gn9B3oTEpSo%3d,False,2026-07-17T12:50:16.0400000Z,False,False,False,False,False,False,0,False,,,False,False,False,False,0,False,False,0,13382726477,False,10E810E6-B9DB-45A6-B79E-11D35B637900,False,False,True,2,3.871385015760631,1.832898782,,,,,,,,,,"[{'message': 'Popular Pick', 'qualifier': '11 tickets sold for this event', 'hasValue': True, 'messageType': 'BoughtInLastHourSocialProofBased'}, {'message': 'Aisle Seat', 'qualifier': 'Easy access to your seat', 'hasValue': True, 'messageType': 'AisleSeatTicketAttributeBased'}]",[2024],,,,20000.0,,,,,,,
13379712171,153020449,235,122862,235,2,4,_,,,,False,False,1,,False,False,[1],471,Middle,1,True,"[{'listingNoteId': 263, 'listingNoteContentId': 2444900, 'formattedListingNoteContent': 'VIP Club', 'listingNoteTypeId': 3, 'showToBuyer': True, 'hideInMock': False, 'siteAddedListingNote': False, 'aisleListingNoteWithSplit': False, 'listingNoteDescriptionContentId': 2444901, 'formattedListingNoteDescription': 'VIP Club - Club opens 90 minutes prior to tipoff and offers access to a lounge area with televisions, plush seating and private restrooms as well as all-inclusive food, draft beer, and house wine'}, {'listingNoteId': 424, 'listingNoteContentId': 2445241, 'formattedListingNoteContent': 'Access to VIP Club', 'listingNoteTypeId': 3, 'showToBuyer': True, 'hideInMock': False, 'siteAddedListingNote': False, 'aisleListingNoteWithSplit': False, 'formattedListingNoteDescription': ''}, {'listingNoteId': 1367, 'listingNoteContentId': 2447255, 'formattedListingNoteContent': 'Includes club access', 'listingNoteTypeId': 3, 'showToBuyer': True, 'hideInMock': False, 'siteAddedListingNote': False, 'aisleListingNoteWithSplit': False, 'listingNoteDescriptionContentId': 2447256, 'formattedListingNoteDescription': 'Includes club access'}, {'listingNoteId': -1, 'listingNoteContentId': 3338094, 'formattedListingNoteContent': 'Clear view', 'listingNoteTypeId': 3, 'showToBuyer': True, 'hideInMock': False, 'siteAddedListingNote': False, 'aisleListingNoteWithSplit': False, 'listingNoteDescriptionContentId': 3338095, 'formattedListingNoteDescription': ""You'll have an unrestricted view of the show.""}]","[{'listingNoteBucketId': 1, 'formattedListingNoteContent': 'VIP packages', 'displayOrder': 1, 'showsRawNoteText': False}, {'listingNoteBucketId': 4, 'formattedListingNoteContent': 'Club access', 'displayOrder': 4, 'showsRawNoteText': False}, {'listingNoteBucketId': 27, 'formattedListingNoteContent': 'Clear view', 'displayOrder': 8, 'showsRawNoteText': True, 'sourceListingNoteId': -1}]",703275,False,False,Row 4,False,6030885,"¥6,030,885","¥6,030,885",10,Mobile Transfer ticket,3,1,USD,JPY,USD,"https://img.vggcdn.net/img/vfsimage2/812551/471_122862/0.jpg?im=Resize=(500,271)&v=771",yesterday,3,False,False,False,False,1tMVhLbz4jl1mvaG8rSIfoEA0WZyfkc5cBqqU9T%2fklE%3d,False,2026-07-17T03:59:21.4370000Z,False,False,False,False,False,False,0,False,,,False,False,False,False,0,False,False,0,13379712171,False,6A40B52F-C8E7-4DE4-B7CD-2C9E32BB43AA,False,False,True,2,3.093707651906457,1.738813636,,,,,,,,,,"[{'message': 'Popular Pick', 'qualifier': '11 tickets sold for this event', 'hasValue': True, 'messageType': 'BoughtInLastHourSocialProofBased'}]",[],"¥9,633,474",37.0,"¥3,602,589",10900.0,,,,,,,
13385013255,153020449,6 S51,1538805,6 S51,2,,1_1,1,1,1,False,False,1,,False,False,[1],17328,Suite Level 6 West,1,True,"[{'listingNoteId': 2250, 'listingNoteContentId': 4167698, 'formattedListingNoteContent': 'Partial Suite (Shared)', 'listingNoteTypeId': 3, 'showToBuyer': True, 'hideInMock': False, 'siteAddedListingNote': False, 'aisleListingNoteWithSplit': False, 'listingNoteDescriptionContentId': 4167699, 'formattedListingNoteDescription': 'Partial Suite (Shared)'}, {'listingNoteId': -1, 'listingNoteContentId': 3338094, 'formattedListingNoteContent': 'Clear view', 'listingNoteTypeId': 3, 'showToBuyer': True, 'hideInMock': False, 'siteAddedListingNote': False, 'aisleListingNoteWithSplit': False, 'listingNoteDescriptionContentId': 3338095, 'formattedListingNoteDescription': ""You'll have an unrestricted view of the show.""}]","[{'listingNoteBucketId': 2, 'formattedListingNoteContent': 'Suite access', 'displayOrder': 2, 'showsRawNoteText': False}, {'listingNoteBucketId': 14, 'formattedListingNoteContent': 'Aisle seat', 'displayOrder': 14, 'showsRawNoteText': True, 'sourceListingNoteId': 2024}, {'listingNoteBucketId': 27, 'formattedListingNoteContent': 'Clear view', 'displayOrder': 8, 'showsRawNoteText': True, 'sourceListingNoteId': -1}]",1614189,False,False,Row,True,6038371,"¥6,038,371","¥6,038,371",10,Mobile Transfer ticket,3,1,USD,JPY,USD,"https://img.vggcdn.net/img/vfsimage2/812551/17328_1538805/0.jpg?im=Resize=(500,271)&v=771",18 hours ago,2,False,False,False,False,SF5OuZU%2fgjWUviu%2fUu%2bwEAOXqVd4o86CxrP33yKA7m0%3d,False,2026-07-17T18:28:20.0100000Z,False,False,False,False,False,False,0,False,,,False,False,False,False,0,False,False,0,13385013255,False,4D22838B-352B-4532-B005-70DCD0D1C07B,False,False,True,1,2.4731623354188343,1.577970786,,,,,,,,,,"[{'message': 'Popular Pick', 'qualifier': '11 tickets sold for this event', 'hasValue': True, 'messageType': 'BoughtInLastHourSocialProofBased'}, {'message': 'Aisle Seat', 'qualifier': 'Easy access to your seat', 'hasValue': True, 'messageType': 'AisleSeatTicketAttributeBased'}]",[2024],"¥11,713,695",48.0,"¥5,675,324",0.0,,,,,,,
13373727429,153020449,5 S37,1538858,5 S37,2,1,_,,,,False,False,4,,False,False,"[1, 2, 3, 4]",17325,Suite Level 5 East,4,True,"[{'listingNoteId': 11, 'listingNoteContentId': 1038686, 'formattedListingNoteContent': 'Includes VIP pass', 'listingNoteTypeId': 3, 'showToBuyer': True, 'hideInMock': False, 'siteAddedListingNote': False, 'aisleListingNoteWithSplit': False, 'listingNoteDescriptionContentId': 1277351, 'formattedListingNoteDescription': ""A VIP pass gives you great privileges that other ticket holders don't have!""}, {'listingNoteId': 93, 'listingNoteContentId': 1580908, 'formattedListingNoteContent': 'Access to VIP Lounge', 'listingNoteTypeId': 3, 'showToBuyer': True, 'hideInMock': False, 'siteAddedListingNote': False, 'aisleListingNoteWithSplit': False, 'listingNoteDescriptionContentId': 1580909, 'formattedListingNoteDescription': 'Included with the ticket is access to the VIP lounge in the venue.'}, {'listingNoteId': 175, 'listingNoteContentId': 2444706, 'formattedListingNoteContent': 'Unlimited Food and Drinks', 'listingNoteTypeId': 3, 'showToBuyer': True, 'hideInMock': False, 'siteAddedListingNote': False, 'aisleListingNoteWithSplit': False, 'listingNoteDescriptionContentId': 2444707, 'formattedListingNoteDescription': 'Includes unlimited food and drinks (beer, wine and soft drinks)'}, {'listingNoteId': 505, 'listingNoteContentId': 2445404, 'formattedListingNoteContent': 'Premium Seating', 'listingNoteTypeId': 4, 'showToBuyer': True, 'hideInMock': False, 'siteAddedListingNote': False, 'aisleListingNoteWithSplit': False, 'listingNoteDescriptionContentId': 4211339, 'formattedListingNoteDescription': 'Premium Seating'}, {'listingNoteId': 2061, 'listingNoteContentId': 3878124, 'formattedListingNoteContent': 'Premium open bar', 'listingNoteTypeId': 3, 'showToBuyer': True, 'hideInMock': False, 'siteAddedListingNote': False, 'aisleListingNoteWithSplit': False, 'listingNoteDescriptionContentId': 3878125, 'formattedListingNoteDescription': 'Premium open bar'}, {'listingNoteId': 2250, 'listingNoteContentId': 4167698, 'formattedListingNoteContent': 'Partial Suite (Shared)', 'listingNoteTypeId': 3, 'showToBuyer': True, 'hideInMock': False, 'siteAddedListingNote': False, 'aisleListingNoteWithSplit': False, 'listingNoteDescriptionContentId': 4167699, 'formattedListingNoteDescription': 'Partial Suite (Shared)'}, {'listingNoteId': 2267, 'listingNoteContentId': 4177538, 'formattedListingNoteContent': 'VIP Suite', 'listingNoteTypeId': 3, 'showToBuyer': True, 'hideInMock': False, 'siteAddedListingNote': False, 'aisleListingNoteWithSplit': False, 'listingNoteDescriptionContentId': 4177539, 'formattedListingNoteDescription': 'VIP Suite'}, {'listingNoteId': -1, 'listingNoteContentId': 3338094, 'formattedListingNoteContent': 'Clear view', 'listingNoteTypeId': 3, 'showToBuyer': True, 'hideInMock': False, 'siteAddedListingNote': False, 'aisleListingNoteWithSplit': False, 'listingNoteDescriptionContentId': 3338095, 'formattedListingNoteDescription': ""You'll have an unrestricted view of the show.""}]","[{'listingNoteBucketId': 1, 'formattedListingNoteContent': 'VIP packages', 'displayOrder': 1, 'showsRawNoteText': False}, {'listingNoteBucketId': 2, 'formattedListingNoteContent': 'Suite access', 'displayOrder': 2, 'showsRawNoteText': False}, {'listingNoteBucketId': 4, 'formattedListingNoteContent': 'Club access', 'displayOrder': 4, 'showsRawNoteText': False}, {'listingNoteBucketId': 7, 'formattedListingNoteContent': 'Food & beverages', 'displayOrder': 7, 'showsRawNoteText': False}, {'listingNoteBucketId': 8, 'formattedListingNoteContent': 'Food & beverage options', 'displayOrder': 8, 'showsRawNoteText': False}, {'listingNoteBucketId': 15, 'formattedListingNoteContent': 'Premium Seating', 'displayOrder': 15, 'showsRawNoteText': True, 'sourceListingNoteId': 505}, {'listingNoteBucketId': 0, 'formattedListingNoteContent': 'VIP Suite', 'displayOrder': 30, 'showsRawNoteText': True, 'sourceListingNoteId': 2267}, {'listingNoteBucketId': 27, 'formattedListingNoteContent': 'Clear view', 'displayOrder': 8, 'showsRawNoteText': True, 'sourceListingNoteId': -1}]",1614242,False,False,Row 1,True,6113421,"¥6,113,421","¥6,113,421",10,Mobile Transfer ticket,3,1,MXN,JPY,MXN,"https://img.vggcdn.net/img/vfsimage2/812551/17325_1538858/0.jpg?im=Resize=(500,271)&v=771",yesterday,3,False,False,False,False,9QKocFl8quINsCPzITLB7KfnC%2bRi9QkNqC94buzlHJw%3d,False,2026-07-16T16:06:45.6670000Z,False,False,False,False,False,False,0,False,[7],,False,False,False,False,0,False,False,0,13373727429,False,F682F741-886A-499E-BC32-475CD654031D,False,False,True,2,3.479996492791995,1.854322937,,,,Last tickets,True,,,,,"[{'message': 'Popular Pick', 'qualifier': '11 tickets sold for this event', 'hasValue': True, 'messageType': 'BoughtInLastHourSocialProofBased'}]",[],"¥11,001,917",44.0,"¥4,888,496",400000.0,,,,,,,
13388320899,153020449,212,122845,212,2,6,_,,,,False,False,6,,False,False,"[1, 2, 3, 4, 6]",471,Middle,6,True,"[{'listingNoteId': 175, 'listingNoteContentId': 2444706, 'formattedListingNoteContent': 'Unlimited Food and Drinks', 'listingNoteTypeId': 3, 'showToBuyer': True, 'hideInMock': False, 'siteAddedListingNote': False, 'aisleListingNoteWithSplit': False, 'listingNoteDescriptionContentId': 2444707, 'formattedListingNoteDescription': 'Includes unlimited food and drinks (beer, wine and soft drinks)'}, {'listingNoteId': 1028, 'listingNoteContentId': 2446497, 'formattedListingNoteContent': 'Includes unlimited food and drinks (beer, wine and liquor)', 'listingNoteTypeId': 3, 'showToBuyer': True, 'hideInMock': False, 'siteAddedListingNote': False, 'aisleListingNoteWithSplit': False, 'listingNoteDescriptionContentId': 2446498, 'formattedListingNoteDescription': 'Includes unlimited food and drinks (beer, wine and liquor)'}, {'listingNoteId': 1021, 'listingNoteContentId': 2446483, 'formattedListingNoteContent': 'Includes unlimited food and drinks (beer and soft drinks)', 'listingNoteTypeId': 3, 'showToBuyer': True, 'hideInMock': False, 'siteAddedListingNote': False, 'aisleListingNoteWithSplit': False, 'listingNoteDescriptionContentId': 2446484, 'formattedListingNoteDescription': 'Includes unlimited food and drinks (beer and soft drinks)'}, {'listingNoteId': -1, 'listingNoteContentId': 3338094, 'formattedListingNoteContent': 'Clear view', 'listingNoteTypeId': 3, 'showToBuyer': True, 'hideInMock': False, 'siteAddedListingNote': False, 'aisleListingNoteWithSplit': False, 'listingNoteDescriptionContentId': 3338095, 'formattedListingNoteDescription': ""You'll have an unrestricted view of the show.""}]","[{'listingNoteBucketId': 7, 'formattedListingNoteContent': 'Food & beverages', 'displayOrder': 7, 'showsRawNoteText': False}, {'listingNoteBucketId': 27, 'formattedListingNoteContent': 'Clear view', 'displayOrder': 8, 'showsRawNoteText': True, 'sourceListingNoteId': -1}]",702878,False,False,Row 6,False,6234273,"¥6,234,273","¥6,234,273",10,Mobile Transfer ticket,3,1,USD,JPY,USD,"https://img.vggcdn.net/img/vfsimage2/812551/471_122845/0.jpg?im=Resize=(500,271)&v=771",10 hours ago,4,False,False,False,False,3GCbo6WahAgAAgqJLmUbfneHDwXiGBGE43t%2bh3Pj3%2bU%3d,False,2026-07-18T03:03:20.3630000Z,False,False,False,False,False,False,0,False,[7],,False,False,False,False,0,False,False,0,13388320899,False,D5F4AC16-9CAC-472E-8704-D8994881B2CB,False,False,True,2,4.161757516299311,2.082189803,,,,Last tickets,True,,,,,"[{'message': 'Popular Pick', 'qualifier': '11 tickets sold for this event', 'hasValue': True, 'messageType': 'BoughtInLastHourSocialProofBased'}]",[],,,,0.0,,,,,,,
13389988375,153020449,Spain Supporters Value Tier,2447959,Spain Supporters Value Tier,2,,_,,,,False,False,6,,False,False,"[1, 2, 3, 4, 5, 6]",1666,Spain Supporters,6,True,"[{'listingNoteId': -1, 'listingNoteContentId': 3338094, 'formattedListingNoteContent': 'Clear view', 'listingNoteTypeId': 3, 'showToBuyer': True, 'hideInMock': False, 'siteAddedListingNote': False, 'aisleListingNoteWithSplit': False, 'listingNoteDescriptionContentId': 3338095, 'formattedListingNoteDescription': ""You'll have an unrestricted view of the show.""}]","[{'listingNoteBucketId': 27, 'formattedListingNoteContent': 'Clear view', 'displayOrder': 8, 'showsRawNoteText': True, 'sourceListingNoteId': -1}]",4847589,False,False,Row,True,6244951,"¥6,244,951","¥6,244,951",10,Mobile Transfer ticket,3,1,EUR,JPY,EUR,"https://img.vggcdn.net/img/vfsimage2/812551/1666_2447959/0.jpg?im=Resize=(500,271)&v=771",2 hours ago,2,False,False,False,False,XDMSwBSTEgLTBj%2bYZXkFAqKZOfpZHNLVceMh4gEvURw%3d,False,2026-07-18T10:15:27.9000000Z,False,False,False,False,False,False,0,False,[7],,False,False,False,False,0,False,False,0,13389988375,False,81218C66-8376-4F73-920B-78843AECCD74,False,False,True,1,2.221316734257006,1.325108567,,,,Last tickets,True,,,,,"[{'message': 'Popular Pick', 'qualifier': '11 tickets sold for this event', 'hasValue': True, 'messageType': 'BoughtInLastHourSocialProofBased'}]",[],,,,9000.0,,,,,,,
13385013414,153020449,6 S51,1538805,6 S51,2,BARST,14_17,14,17,14,False,False,4,,False,False,"[1, 2, 3, 4]",17328,Suite Level 6 West,4,True,"[{'listingNoteId': 2250, 'listingNoteContentId': 4167698, 'formattedListingNoteContent': 'Partial Suite (Shared)', 'listingNoteTypeId': 3, 'showToBuyer': True, 'hideInMock': False, 'siteAddedListingNote': False, 'aisleListingNoteWithSplit': False, 'listingNoteDescriptionContentId': 4167699, 'formattedListingNoteDescription': 'Partial Suite (Shared)'}, {'listingNoteId': -1, 'listingNoteContentId': 3338094, 'formattedListingNoteContent': 'Clear view', 'listingNoteTypeId': 3, 'showToBuyer': True, 'hideInMock': False, 'siteAddedListingNote': False, 'aisleListingNoteWithSplit': False, 'listingNoteDescriptionContentId': 3338095, 'formattedListingNoteDescription': ""You'll have an unrestricted view of the show.""}]","[{'listingNoteBucketId': 2, 'formattedListingNoteContent': 'Suite access', 'displayOrder': 2, 'showsRawNoteText': False}, {'listingNoteBucketId': 27, 'formattedListingNoteContent': 'Clear view', 'displayOrder': 8, 'showsRawNoteText': True, 'sourceListingNoteId': -1}]",1614189,False,False,Row BARST,True,6427914,"¥6,427,914","¥6,427,914",10,Mobile Transfer ticket,3,1,USD,JPY,USD,"https://img.vggcdn.net/img/vfsimage2/812551/17328_1538805/0.jpg?im=Resize=(500,271)&v=771",18 hours ago,2,False,False,False,False,OCEpGBuXENxd0fZ8fyBDM%2fGT4gmhEj7oL5YQYa4HFvA%3d,False,2026-07-17T18:28:21.0670000Z,False,False,False,False,False,False,0,False,,,False,False,False,False,0,False,False,0,13385013414,False,19053D70-F02E-4B45-91A8-77B48957D7B1,False,False,True,1,2.402996219360543,1.577970786,,,,,,,,,,"[{'message': 'Popular Pick', 'qualifier': '11 tickets sold for this event', 'hasValue': True, 'messageType': 'BoughtInLastHourSocialProofBased'}]",[],"¥11,518,430",44.0,"¥5,090,516",0.0,,,,,,,
13388091339,153020449,111A,1530766,111A,2,7,3_3,3,3,3,False,False,1,,False,False,[1],594,Lower,1,True,"[{'listingNoteId': 165, 'listingNoteContentId': 2444685, 'formattedListingNoteContent': 'Preferred Seating', 'listingNoteTypeId': 3, 'showToBuyer': True, 'hideInMock': False, 'siteAddedListingNote': False, 'aisleListingNoteWithSplit': False, 'listingNoteDescriptionContentId': 2444686, 'formattedListingNoteDescription': 'Preferred Seating'}, {'listingNoteId': 811, 'listingNoteContentId': 2446054, 'formattedListingNoteContent': 'Actual 1st row of the section', 'listingNoteTypeId': 3, 'showToBuyer': True, 'hideInMock': False, 'siteAddedListingNote': False, 'aisleListingNoteWithSplit': False, 'listingNoteDescriptionContentId': 2446055, 'formattedListingNoteDescription': 'Actual 1st row of the section'}, {'listingNoteId': 2271, 'listingNoteContentId': 4178214, 'formattedListingNoteContent': 'Premium Front Row', 'listingNoteTypeId': 3, 'showToBuyer': True, 'hideInMock': False, 'siteAddedListingNote': False, 'aisleListingNoteWithSplit': False, 'formattedListingNoteDescription': ''}, {'listingNoteId': -1, 'listingNoteContentId': 3338094, 'formattedListingNoteContent': 'Clear view', 'listingNoteTypeId': 3, 'showToBuyer': True, 'hideInMock': False, 'siteAddedListingNote': False, 'aisleListingNoteWithSplit': False, 'listingNoteDescriptionContentId': 3338095, 'formattedListingNoteDescription': ""You'll have an unrestricted view of the show.""}]","[{'listingNoteBucketId': 11, 'formattedListingNoteContent': 'Preferred Seating', 'displayOrder': 11, 'showsRawNoteText': True, 'sourceListingNoteId': 165}, {'listingNoteBucketId': 0, 'formattedListingNoteContent': 'Actual 1st row of the section', 'displayOrder': 30, 'showsRawNoteText': True, 'sourceListingNoteId': 811}, {'listingNoteBucketId': 0, 'formattedListingNoteContent': 'Premium Front Row', 'displayOrder': 30, 'showsRawNoteText': True, 'sourceListingNoteId': 2271}, {'listingNoteBucketId': 27, 'formattedListingNoteContent': 'Clear view', 'displayOrder': 8, 'showsRawNoteText': True, 'sourceListingNoteId': -1}]",2112394,False,False,Row 7,False,6436043,"¥6,436,043","¥6,436,043",10,Mobile Transfer ticket,3,1,USD,JPY,USD,"https://img.vggcdn.net/img/vfsimage2/812551/594_1530766/0.jpg?im=Resize=(500,271)&v=771",11 hours ago,5,False,False,False,False,ER0nX2%2bfrSdF1iBzNF%2b1lXc9uLQ7pLHkfdslL7LglJ0%3d,False,2026-07-18T02:00:15.7470000Z,False,False,False,False,False,False,0,False,,,False,False,False,False,0,False,False,0,13388091339,False,F6887AC0-A2FB-4A33-BD30-CDCA16CD2D40,False,False,True,2,4.590776469527997,2.295656544,,,,,,,,,,"[{'message': 'Popular Pick', 'qualifier': '11 tickets sold for this event', 'hasValue': True, 'messageType': 'BoughtInLastHourSocialProofBased'}, {'message': 'Front Row', 'qualifier': 'Best seats in the house', 'hasValue': True, 'messageType': 'FirstRowTicketAttributeBased'}]",[811],,,,0.0,,,,,,,
13385548354,153020449,115C,1530769,115C,2,3,9_9,9,9,9,False,False,1,,False,False,[1],594,Lower,1,True,"[{'listingNoteId': 2027, 'listingNoteContentId': 3415845, 'formattedListingNoteContent': 'Third Row of Section', 'listingNoteTypeId': 6, 'showToBuyer': True, 'hideInMock': False, 'siteAddedListingNote': False, 'aisleListingNoteWithSplit': False, 'listingNoteDescriptionContentId': 3415845, 'formattedListingNoteDescription': 'Third Row of Section'}, {'listingNoteId': -1, 'listingNoteContentId': 3338094, 'formattedListingNoteContent': 'Clear view', 'listingNoteTypeId': 3, 'showToBuyer': True, 'hideInMock': False, 'siteAddedListingNote': False, 'aisleListingNoteWithSplit': False, 'listingNoteDescriptionContentId': 3338095, 'formattedListingNoteDescription': ""You'll have an unrestricted view of the show.""}]","[{'listingNoteBucketId': 14, 'formattedListingNoteContent': 'Third Row of Section', 'displayOrder': 14, 'showsRawNoteText': True, 'sourceListingNoteId': 2027}, {'listingNoteBucketId': 27, 'formattedListingNoteContent': 'Clear view', 'displayOrder': 8, 'showsRawNoteText': True, 'sourceListingNoteId': -1}]",1641166,False,False,Row 3,False,6593561,"¥6,593,561","¥6,593,561",10,Mobile Transfer ticket,3,1,USD,JPY,USD,"https://img.vggcdn.net/img/vfsimage2/812551/594_1530769/0.jpg?im=Resize=(500,271)&v=771",17 hours ago,8,False,False,False,False,qrhwp4Ghk39t4NJ005MhWbnEt%2fli9mnXKdaomenjJk0%3d,False,2026-07-17T19:38:06.2870000Z,False,False,False,False,True,False,0,False,[9],,False,False,False,False,0,False,False,0,13385548354,False,7BCCF387-C06E-4B7D-AB13-6E029395BC12,False,False,True,4,8.392553723504951,3.73766285,,,,,,,,,,"[{'message': 'Great Value', 'qualifier': 'Based on price, view, seat quality and more', 'hasValue': True, 'messageType': 'ValueBased'}, {'message': 'Popular Pick', 'qualifier': '11 tickets sold for this event', 'hasValue': True, 'messageType': 'BoughtInLastHourSocialProofBased'}, {'message': 'Third Row', 'qualifier': 'Excellent proximity to the action', 'hasValue': True, 'messageType': 'ThirdRowTicketAttributeBased'}]",[2027],"¥10,990,545",40.0,"¥4,396,984",,,,,Best view,Best view listing for the selected quantity for this event on our site.,True,6aa8a73f-b069-4147-a316-ffc9e9280c2b
13039179808,153020449,129,122799,129,2,19,20_20,20,20,20,False,False,1,,False,False,[1],594,Lower,1,True,"[{'listingNoteId': 2344, 'listingNoteContentId': 4216766, 'formattedListingNoteContent': 'Includes Offsite Hospitality', 'listingNoteTypeId': 3, 'showToBuyer': True, 'hideInMock': False, 'siteAddedListingNote': False, 'aisleListingNoteWithSplit': False, 'formattedListingNoteDescription': ''}, {'listingNoteId': 1028, 'listingNoteContentId': 2446497, 'formattedListingNoteContent': 'Includes unlimited food and drinks (beer, wine and liquor)', 'listingNoteTypeId': 3, 'showToBuyer': True, 'hideInMock': False, 'siteAddedListingNote': False, 'aisleListingNoteWithSplit': False, 'listingNoteDescriptionContentId': 2446498, 'formattedListingNoteDescription': 'Includes unlimited food and drinks (beer, wine and liquor)'}, {'listingNoteId': 11, 'listingNoteContentId': 1038686, 'formattedListingNoteContent': 'Includes VIP pass', 'listingNoteTypeId': 3, 'showToBuyer': True, 'hideInMock': False, 'siteAddedListingNote': False, 'aisleListingNoteWithSplit': False, 'listingNoteDescriptionContentId': 1277351, 'formattedListingNoteDescription': ""A VIP pass gives you great privileges that other ticket holders don't have!""}, {'listingNoteId': 165, 'listingNoteContentId': 2444685, 'formattedListingNoteContent': 'Preferred Seating', 'listingNoteTypeId': 3, 'showToBuyer': True, 'hideInMock': False, 'siteAddedListingNote': False, 'aisleListingNoteWithSplit': False, 'listingNoteDescriptionContentId': 2444686, 'formattedListingNoteDescription': 'Preferred Seating'}, {'listingNoteId': 2249, 'listingNoteContentId': 4167477, 'formattedListingNoteContent': 'Reserved Seating', 'listingNoteTypeId': 3, 'showToBuyer': True, 'hideInMock': False, 'siteAddedListingNote': False, 'aisleListingNoteWithSplit': False, 'listingNoteDescriptionContentId': 4167478, 'formattedListingNoteDescription': 'Reserved Seating'}, {'listingNoteId': 1723, 'listingNoteContentId': 2731488, 'formattedListingNoteContent': 'Members Only', 'listingNoteTypeId': 2, 'showToBuyer': True, 'hideInMock': False, 'siteAddedListingNote': False, 'aisleListingNoteWithSplit': False, 'listingNoteDescriptionContentId': 2731489, 'formattedListingNoteDescription': 'You need to be a member to buy a ticket in this section.'}, {'listingNoteId': 102, 'listingNoteContentId': 1670084, 'formattedListingNoteContent': 'Resale not allowed', 'listingNoteTypeId': 2, 'showToBuyer': True, 'hideInMock': False, 'siteAddedListingNote': False, 'aisleListingNoteWithSplit': False, 'listingNoteDescriptionContentId': 1670085, 'formattedListingNoteDescription': 'Resale of these tickets is not allowed by the event organiser, and anyone found to be reselling these tickets risks being turned away from the event.'}, {'listingNoteId': 2351, 'listingNoteContentId': 4249194, 'formattedListingNoteContent': 'This ticket cannot be transferred again after you receive it', 'listingNoteTypeId': 2, 'showToBuyer': True, 'hideInMock': False, 'siteAddedListingNote': False, 'aisleListingNoteWithSplit': False, 'listingNoteDescriptionContentId': 4249195, 'formattedListingNoteDescription': 'These tickets will be delivered via the FWC2026 Mobile Tickets app, which restricts subsequent transfer'}, {'listingNoteId': -1, 'listingNoteContentId': 3338094, 'formattedListingNoteContent': 'Clear view', 'listingNoteTypeId': 3, 'showToBuyer': True, 'hideInMock': False, 'siteAddedListingNote': False, 'aisleListingNoteWithSplit': False, 'listingNoteDescriptionContentId': 3338095, 'formattedListingNoteDescription': ""You'll have an unrestricted view of the show.""}]","[{'listingNoteBucketId': 1, 'formattedListingNoteContent': 'VIP packages', 'displayOrder': 1, 'showsRawNoteText': False}, {'listingNoteBucketId': 7, 'formattedListingNoteContent': 'Food & beverages', 'displayOrder': 7, 'showsRawNoteText': False}, {'listingNoteBucketId': 11, 'formattedListingNoteContent': 'Preferred Seating', 'displayOrder': 11, 'showsRawNoteText': True, 'sourceListingNoteId': 165}, {'listingNoteBucketId': 11, 'formattedListingNoteContent': 'Reserved Seating', 'displayOrder': 11, 'showsRawNoteText': True, 'sourceListingNoteId': 2249}, {'listingNoteBucketId': 25, 'formattedListingNoteContent': 'Members Only', 'displayOrder': 25, 'showsRawNoteText': True, 'sourceListingNoteId': 1723}, {'listingNoteBucketId': 25, 'formattedListingNoteContent': 'Resale not allowed', 'displayOrder': 25, 'showsRawNoteText': True, 'sourceListingNoteId': 102}, {'listingNoteBucketId': 0, 'formattedListingNoteContent': 'Includes Offsite Hospitality', 'displayOrder': 30, 'showsRawNoteText': True, 'sourceListingNoteId': 2344}, {'listingNoteBucketId': 0, 'formattedListingNoteContent': 'This ticket cannot be transferred again after you receive it', 'displayOrder': 30, 'showsRawNoteText': True, 'sourceListingNoteId': 2351}, {'listingNoteBucketId': 27, 'formattedListingNoteContent': 'Clear view', 'displayOrder': 8, 'showsRawNoteText': True, 'sourceListingNoteId': -1}]",2112871,False,False,Row 19,False,7018545,"¥7,018,545","¥7,018,545",10,Mobile Transfer ticket,3,1,USD,JPY,USD,"https://img.vggcdn.net/img/vfsimage2/812551/594_122799/0.jpg?im=Resize=(500,271)&v=771",32 days ago,2,False,False,False,False,6kntfuF5aGGxtY09sPnqFDbr6tIeJje5rwBG9Ik0FSo%3d,False,2026-06-15T23:17:01.4300000Z,False,False,False,False,False,False,0,False,,,False,False,False,False,0,False,False,0,13039179808,False,49E0D146-E9CA-46F9-A01A-D9509121AFDE,False,False,True,1,2.123390492277234,1.387804584,,,,,,,,,,"[{'message': 'Popular Pick', 'qualifier': '11 tickets sold for this event', 'hasValue': True, 'messageType': 'BoughtInLastHourSocialProofBased'}]",[],,,,,,,,,,,
13346680337,153020449,112,122789,112,2,22,_,,,,False,False,5,,False,False,"[1, 2, 3, 4, 5]",594,Lower,5,True,"[{'listingNoteId': -1, 'listingNoteContentId': 3338094, 'formattedListingNoteContent': 'Clear view', 'listingNoteTypeId': 3, 'showToBuyer': True, 'hideInMock': False, 'siteAddedListingNote': False, 'aisleListingNoteWithSplit': False, 'listingNoteDescriptionContentId': 3338095, 'formattedListingNoteDescription': ""You'll have an unrestricted view of the show.""}]","[{'listingNoteBucketId': 27, 'formattedListingNoteContent': 'Clear view', 'displayOrder': 8, 'showsRawNoteText': True, 'sourceListingNoteId': -1}]",2112412,False,False,Row 22,False,7102763,"¥7,102,763","¥7,102,763",10,Mobile Transfer ticket,3,1,USD,JPY,USD,"https://img.vggcdn.net/img/vfsimage2/812551/594_122789/0.jpg?im=Resize=(500,271)&v=771",4 days ago,3,False,False,False,False,JOwTr%2bXmR49xtKwYHkxRxoHW0ietnOtWJ1GogsKw3hg%3d,False,2026-07-14T02:26:25.1270000Z,False,False,False,False,False,False,0,False,[7],,False,False,False,False,0,False,False,0,13346680337,False,4078A1FF-22CF-46F9-B57C-3BA0116478B6,False,False,True,2,2.9424756708870876,2.008979178,,,,Last tickets,True,,,,,"[{'message': 'Popular Pick', 'qualifier': '11 tickets sold for this event', 'hasValue': True, 'messageType': 'BoughtInLastHourSocialProofBased'}]",[],"¥10,424,727",32.0,"¥3,321,964",0.0,,,,,,,
13360117497,153020449,Spain Supporters Premium Tier,2447957,Spain Supporters Premium Tier,2,,_,,,,False,False,4,,False,False,"[1, 2, 3, 4]",1666,Spain Supporters,4,True,"[{'listingNoteId': -1, 'listingNoteContentId': 3338094, 'formattedListingNoteContent': 'Clear view', 'listingNoteTypeId': 3, 'showToBuyer': True, 'hideInMock': False, 'siteAddedListingNote': False, 'aisleListingNoteWithSplit': False, 'listingNoteDescriptionContentId': 3338095, 'formattedListingNoteDescription': ""You'll have an unrestricted view of the show.""}]","[{'listingNoteBucketId': 27, 'formattedListingNoteContent': 'Clear view', 'displayOrder': 8, 'showsRawNoteText': True, 'sourceListingNoteId': -1}]",4847587,False,False,Row,True,7806077,"¥7,806,077","¥7,806,077",10,Mobile Transfer ticket,3,1,EUR,JPY,EUR,"https://img.vggcdn.net/img/vfsimage2/812551/1666_2447957/0.jpg?im=Resize=(500,271)&v=771",3 days ago,2,False,False,False,False,bQohbdDYJTCxSNURM3ERLHZYXKnum0SCgIJHo1%2bE3cQ%3d,False,2026-07-15T12:25:17.1600000Z,False,False,False,False,False,False,0,False,[7],,False,False,False,False,0,False,False,0,13360117497,False,D131319A-BAEF-4043-A5A7-92BD78D40D6F,False,False,True,1,1.8864621411978582,1.325108567,,,,Last tickets,True,,,,,"[{'message': 'Popular Pick', 'qualifier': '11 tickets sold for this event', 'hasValue': True, 'messageType': 'BoughtInLastHourSocialProofBased'}]",[],,,,25.0,,,,,,,
13369997536,153020449,113,122944,113,2,,_,,,,False,False,1,,False,False,[1],594,Lower,1,True,"[{'listingNoteId': 111, 'listingNoteContentId': 1703554, 'formattedListingNoteContent': 'Event Organiser', 'listingNoteTypeId': 5, 'showToBuyer': True, 'hideInMock': False, 'siteAddedListingNote': False, 'aisleListingNoteWithSplit': False, 'listingNoteDescriptionContentId': 1703553, 'formattedListingNoteDescription': 'the seller is an organiser of the event or a person acting on behalf of an organiser of the event'}, {'listingNoteId': -1, 'listingNoteContentId': 3338094, 'formattedListingNoteContent': 'Clear view', 'listingNoteTypeId': 3, 'showToBuyer': True, 'hideInMock': False, 'siteAddedListingNote': False, 'aisleListingNoteWithSplit': False, 'listingNoteDescriptionContentId': 3338095, 'formattedListingNoteDescription': ""You'll have an unrestricted view of the show.""}]","[{'listingNoteBucketId': 0, 'formattedListingNoteContent': 'Event Organiser', 'displayOrder': 30, 'showsRawNoteText': True, 'sourceListingNoteId': 111}, {'listingNoteBucketId': 27, 'formattedListingNoteContent': 'Clear view', 'displayOrder': 8, 'showsRawNoteText': True, 'sourceListingNoteId': -1}]",108747,False,False,Row,True,11151347,"¥11,151,347","¥11,151,347",10,Mobile Transfer ticket,3,1,EUR,JPY,EUR,"https://img.vggcdn.net/img/vfsimage2/812551/594_122944/0.jpg?im=Resize=(500,271)&v=771",2 days ago,3,False,False,False,False,YxkmZK9JF79Spkd4PaSd7hRCozLgpUKgZ2SbM3EdEfw%3d,False,2026-07-16T09:26:36.0230000Z,False,False,False,False,False,False,0,False,[7],,False,False,False,False,0,False,False,0,13369997536,False,6B001075-206A-430A-899B-F36CDB9A32AF,False,False,True,2,3.134048105893713,3.231938413,,,,Last ticket,True,,,,,"[{'message': 'Popular Pick', 'qualifier': '11 tickets sold for this event', 'hasValue': True, 'messageType': 'BoughtInLastHourSocialProofBased'}]",[],,,,10000.0,,,,,,,
