id,eventId,section,sectionId,sectionMapName,sectionType,row,seat,seatFromInternal,hasSeatDetails,hasSeatDetailsExpansion,availableTickets,formattedFees,showRecentlySold,showPartnershipLogo,availableQuantities,ticketClass,ticketClassName,maxQuantity,hasListingNotes,listingNotes,listingNoteBuckets,rowId,isUsersListing,isPreUploaded,rowContent,isSpeculativeRow,rawPrice,price,formattedTotalPrice,ticketTypeId,ticketTypeName,ticketTypeGroupId,listingTypeId,listingCurrencyCode,buyerCurrencyCode,faceValue,faceValueCurrencyCode,vfsUrl,formattedActiveSince,formattedDealScore,isSeatedTogether,showVfsInListing,hideSeatAndRowInfo,isUnmappedSection,aipHash,isMLBVerified,createdDateTime,showCheapestTag,showBestDealTag,showBestDealInSectionTag,showFanFavoriteTag,showBestViewTag,showTopChoiceTag,topChoiceBucket,isMostAffordable,isZoneTicketClass,isSponsored,isSponsoredSecondary,isMirrorListing,crossSellSource,isCheapestListing,isFavorite,aggregateFavorites,listingId,canBeRelisted,listingImpressionId,isBetterValueListing,hasRowLevelVfs,isDealScoreEligibleForDisplay,inventoryListingScore.starRating,inventoryListingScore.dealScore,inventoryListingScore.seatQualityScore,bestPriceTagMessage.message,bestPriceTagMessage.disclaimer,bestPriceTagMessage.hasValue,bestPriceTagMessage.featureTrackingKey,listingHighlightData.highlightSiteMessagesWithType,listingHighlightData.listingNoteIdsReplacedByHighlight,seatFrom,seatTo,strikeThroughPrice,strikeThroughDiscountPercent,strikeThroughAmountOff,lastTicketInSectionMessage.message,lastTicketInSectionMessage.hasValue,bestSellingInSectionMessage.message,bestSellingInSectionMessage.disclaimer,bestSellingInSectionMessage.hasValue,bestDealTagMessage.message,bestDealTagMessage.hasValue,bestDealTagMessage.featureTrackingKey
13395200326,153020449,303,122896,303,2,,_,,False,False,1,,False,False,[1],407,Upper,1,True,"[{'listingNoteId': -1, 'listingNoteContentId': 3338094, 'formattedListingNoteContent': 'Clear view', 'listingNoteTypeId': 3, 'showToBuyer': True, 'hideInMock': False, 'siteAddedListingNote': False, 'aisleListingNoteWithSplit': False, 'listingNoteDescriptionContentId': 3338095, 'formattedListingNoteDescription': ""You'll have an unrestricted view of the show.""}]","[{'listingNoteBucketId': 27, 'formattedListingNoteContent': 'Clear view', 'displayOrder': 8, 'showsRawNoteText': True, 'sourceListingNoteId': -1}]",108868,False,False,Row,True,1263451,"¥1,263,451","¥1,263,451",10,Mobile Transfer ticket,3,1,USD,JPY,4116.0,USD,"https://img.vggcdn.net/img/vfsimage2/812551/407_122896/0.jpg?im=Resize=(500,271)&v=771",a minute ago,7.0,False,False,False,False,7f40m2xT6APgAxiSQH7LbZfs%2fXt%2f1YsUaPwxorrbXN0%3d,False,2026-07-19T05:47:57.6570000Z,True,False,False,False,False,False,0,False,False,False,False,False,0,True,False,0,13395200326,False,26379056-9D22-446A-A799-3053B6ECC084,False,False,True,3,6.963192416220995,0.7132467024,Best price,Lowest priced listing for the selected quantity for this event on our site.,True,6aa8a73f-b069-4147-a316-ffc9e9280c2b,"[{'message': 'Popular Pick', 'qualifier': '58 tickets sold for this event', 'hasValue': True, 'messageType': 'BoughtInLastHourSocialProofBased'}]",[],,,,,,,,,,,,,
13395190095,153020449,323,122916,323,2,23,3_3,3,False,False,1,,False,False,[1],407,Upper,1,True,"[{'listingNoteId': -1, 'listingNoteContentId': 3338094, 'formattedListingNoteContent': 'Clear view', 'listingNoteTypeId': 3, 'showToBuyer': True, 'hideInMock': False, 'siteAddedListingNote': False, 'aisleListingNoteWithSplit': False, 'listingNoteDescriptionContentId': 3338095, 'formattedListingNoteDescription': ""You'll have an unrestricted view of the show.""}]","[{'listingNoteBucketId': 27, 'formattedListingNoteContent': 'Clear view', 'displayOrder': 8, 'showsRawNoteText': True, 'sourceListingNoteId': -1}]",2113766,False,False,Row 23,False,1331698,"¥1,331,698","¥1,331,698",10,Mobile Transfer ticket,3,1,USD,JPY,0.0,USD,"https://img.vggcdn.net/img/vfsimage2/812551/407_122916/0.jpg?im=Resize=(500,271)&v=771",3 minutes ago,6.7,False,False,False,False,JuETWRAydH%2fR%2f%2bAQvwnerrEl%2fdBYq%2fSKVpGRfY%2fYfCQ%3d,False,2026-07-19T05:45:52.0130000Z,False,False,False,False,False,False,0,False,False,False,False,False,0,False,False,0,13395190095,False,021E70BC-A687-4AE9-8A83-9B12A798B741,False,False,True,3,6.720047428401551,0.7287234345,,,,,"[{'message': 'Popular Pick', 'qualifier': '58 tickets sold for this event', 'hasValue': True, 'messageType': 'BoughtInLastHourSocialProofBased'}]",[],3,3,,,,,,,,,,,
13393649097,153020449,350,122943,350,2,13,12_12,12,False,False,1,,False,False,[1],407,Upper,4,True,"[{'listingNoteId': -1, 'listingNoteContentId': 3338094, 'formattedListingNoteContent': 'Clear view', 'listingNoteTypeId': 3, 'showToBuyer': True, 'hideInMock': False, 'siteAddedListingNote': False, 'aisleListingNoteWithSplit': False, 'listingNoteDescriptionContentId': 3338095, 'formattedListingNoteDescription': ""You'll have an unrestricted view of the show.""}]","[{'listingNoteBucketId': 27, 'formattedListingNoteContent': 'Clear view', 'displayOrder': 8, 'showsRawNoteText': True, 'sourceListingNoteId': -1}]",2114039,False,False,Row 13,False,1354096,"¥1,354,096","¥1,354,096",10,Mobile Transfer ticket,3,1,USD,JPY,5750.0,USD,"https://img.vggcdn.net/img/vfsimage2/812551/407_122943/0.jpg?im=Resize=(500,271)&v=771",6 hours ago,7.0,False,False,False,False,PM5zJiLLcC4xE%2fTGrO92Cg0fXXz976hQ5VBUetX1mO8%3d,False,2026-07-18T23:37:31.1530000Z,False,False,False,False,False,False,0,False,False,False,False,False,0,False,False,0,13393649097,False,CF1686EE-D80C-4FBD-9E06-04124FF2C420,False,False,True,3,6.9811963869608045,0.7662312632,,,,,"[{'message': 'Popular Pick', 'qualifier': '58 tickets sold for this event', 'hasValue': True, 'messageType': 'BoughtInLastHourSocialProofBased'}]",[],,,"¥1,706,085",21.0,"¥351,989",Last ticket,True,,,,,,
13394928074,153020449,347,122940,347,2,26,_,,False,False,1,,False,False,[1],407,Upper,1,True,"[{'listingNoteId': -1, 'listingNoteContentId': 3338094, 'formattedListingNoteContent': 'Clear view', 'listingNoteTypeId': 3, 'showToBuyer': True, 'hideInMock': False, 'siteAddedListingNote': False, 'aisleListingNoteWithSplit': False, 'listingNoteDescriptionContentId': 3338095, 'formattedListingNoteDescription': ""You'll have an unrestricted view of the show.""}]","[{'listingNoteBucketId': 27, 'formattedListingNoteContent': 'Clear view', 'displayOrder': 8, 'showsRawNoteText': True, 'sourceListingNoteId': -1}]",2113986,False,False,Row 26,False,1354182,"¥1,354,182","¥1,354,182",10,Mobile Transfer ticket,3,1,EUR,JPY,5100.0,EUR,"https://img.vggcdn.net/img/vfsimage2/812551/407_122940/0.jpg?im=Resize=(500,271)&v=771",52 minutes ago,6.3,False,False,False,False,scdpLBY6%2fQNecYHyP0w%2fPxuJQPK8zGEtB30oePvZpc8%3d,False,2026-07-19T04:57:27.9470000Z,False,False,False,False,False,False,0,False,False,False,False,False,0,False,False,0,13394928074,False,3F5FB441-FC43-46B5-B5BE-FAAA4C68F895,False,False,True,3,6.337172896798516,0.7068836344,,,,,"[{'message': 'Popular Pick', 'qualifier': '58 tickets sold for this event', 'hasValue': True, 'messageType': 'BoughtInLastHourSocialProofBased'}]",[],,,,,,,,,,,,,
13395171439,153020449,345,122938,345,2,21,6_6,6,False,False,1,,False,False,[1],407,Upper,1,True,"[{'listingNoteId': -1, 'listingNoteContentId': 3338094, 'formattedListingNoteContent': 'Clear view', 'listingNoteTypeId': 3, 'showToBuyer': True, 'hideInMock': False, 'siteAddedListingNote': False, 'aisleListingNoteWithSplit': False, 'listingNoteDescriptionContentId': 3338095, 'formattedListingNoteDescription': ""You'll have an unrestricted view of the show.""}]","[{'listingNoteBucketId': 27, 'formattedListingNoteContent': 'Clear view', 'displayOrder': 8, 'showsRawNoteText': True, 'sourceListingNoteId': -1}]",704503,False,False,Row 21,False,1354856,"¥1,354,856","¥1,354,856",10,Mobile Transfer ticket,3,1,USD,JPY,5785.0,USD,"https://img.vggcdn.net/img/vfsimage2/812551/407_122938/0.jpg?im=Resize=(500,271)&v=771",7 minutes ago,8.2,False,False,False,False,9y3xajMKuEHKir78swrg%2b6yGDKVR1FEZb5QxvlyS3sQ%3d,False,2026-07-19T05:41:43.7700000Z,False,False,False,False,False,False,0,False,False,False,False,False,0,False,False,0,13395171439,False,BBEFB444-52D6-4FFB-8FAE-08BF939719E6,False,False,True,4,8.224910522513708,0.9142620722,,,,,"[{'message': 'Great Value', 'qualifier': 'Based on price, view, seat quality and more', 'hasValue': True, 'messageType': 'ValueBased'}, {'message': 'Popular Pick', 'qualifier': '58 tickets sold for this event', 'hasValue': True, 'messageType': 'BoughtInLastHourSocialProofBased'}]",[],6,6,,,,,,,,,,,
13393608652,153020449,318,122911,318,2,26,25_25,25,False,False,1,,False,False,[1],407,Upper,1,True,"[{'listingNoteId': -1, 'listingNoteContentId': 3338094, 'formattedListingNoteContent': 'Clear view', 'listingNoteTypeId': 3, 'showToBuyer': True, 'hideInMock': False, 'siteAddedListingNote': False, 'aisleListingNoteWithSplit': False, 'listingNoteDescriptionContentId': 3338095, 'formattedListingNoteDescription': ""You'll have an unrestricted view of the show.""}]","[{'listingNoteBucketId': 27, 'formattedListingNoteContent': 'Clear view', 'displayOrder': 8, 'showsRawNoteText': True, 'sourceListingNoteId': -1}]",703917,False,False,Row 26,False,1368892,"¥1,368,892","¥1,368,892",10,Mobile Transfer ticket,3,1,USD,JPY,8500.0,USD,"https://img.vggcdn.net/img/vfsimage2/812551/407_122911/0.jpg?im=Resize=(500,271)&v=771",6 hours ago,5.7,False,False,False,False,RcN0DmceGIRGw94Jh7CY%2frx6Z5za62eik3AspDWxSzA%3d,False,2026-07-18T23:27:01.6130000Z,False,False,False,False,False,False,0,False,False,False,False,False,0,False,False,0,13393608652,False,690F868D-50CA-476F-B2A2-8C8BE06AE0BA,False,False,True,3,5.705025620244439,0.6640409074,,,,,"[{'message': 'Popular Pick', 'qualifier': '58 tickets sold for this event', 'hasValue': True, 'messageType': 'BoughtInLastHourSocialProofBased'}]",[],25,25,"¥1,905,123",28.0,"¥536,231",,,,,,,,
13393942100,153020449,326,122919,326,2,7,_,,False,False,1,,False,False,[1],407,Upper,1,True,"[{'listingNoteId': 2027, 'listingNoteContentId': 3415845, 'formattedListingNoteContent': 'Third Row of Section', 'listingNoteTypeId': 6, 'showToBuyer': True, 'hideInMock': False, 'siteAddedListingNote': False, 'aisleListingNoteWithSplit': False, 'listingNoteDescriptionContentId': 3415845, 'formattedListingNoteDescription': 'Third Row of Section'}, {'listingNoteId': -1, 'listingNoteContentId': 3338094, 'formattedListingNoteContent': 'Clear view', 'listingNoteTypeId': 3, 'showToBuyer': True, 'hideInMock': False, 'siteAddedListingNote': False, 'aisleListingNoteWithSplit': False, 'listingNoteDescriptionContentId': 3338095, 'formattedListingNoteDescription': ""You'll have an unrestricted view of the show.""}]","[{'listingNoteBucketId': 14, 'formattedListingNoteContent': 'Third Row of Section', 'displayOrder': 14, 'showsRawNoteText': True, 'sourceListingNoteId': 2027}, {'listingNoteBucketId': 27, 'formattedListingNoteContent': 'Clear view', 'displayOrder': 8, 'showsRawNoteText': True, 'sourceListingNoteId': -1}]",2113838,False,False,Row 7,False,1372791,"¥1,372,791","¥1,372,791",10,Mobile Transfer ticket,3,1,USD,JPY,5785.0,USD,"https://img.vggcdn.net/img/vfsimage2/812551/407_122919/0.jpg?im=Resize=(500,271)&v=771",4 hours ago,7.0,False,False,False,False,wQL8JxTZ0g%2bHLVAQC0RXH5xchs5xub9qb6lpomQXhYM%3d,False,2026-07-19T00:53:03.6600000Z,False,False,False,False,False,False,0,False,False,False,False,False,0,False,False,0,13393942100,False,E85D8113-61D0-4A9C-B613-F4829EDD436A,False,False,True,3,6.987902489482578,0.7774937024,,,,,"[{'message': 'Popular Pick', 'qualifier': '58 tickets sold for this event', 'hasValue': True, 'messageType': 'BoughtInLastHourSocialProofBased'}, {'message': 'Third Row', 'qualifier': 'Excellent proximity to the action', 'hasValue': True, 'messageType': 'ThirdRowTicketAttributeBased'}]",[2027],,,,,,Last ticket,True,,,,,,
13385292842,153020449,Category 3,1989401,Category 3,3,,_,,False,False,1,,False,False,[1],1247,Category 3,1,True,"[{'listingNoteId': -1, 'listingNoteContentId': 3338094, 'formattedListingNoteContent': 'Clear view', 'listingNoteTypeId': 3, 'showToBuyer': True, 'hideInMock': False, 'siteAddedListingNote': False, 'aisleListingNoteWithSplit': False, 'listingNoteDescriptionContentId': 3338095, 'formattedListingNoteDescription': ""You'll have an unrestricted view of the show.""}]","[{'listingNoteBucketId': 27, 'formattedListingNoteContent': 'Clear view', 'displayOrder': 8, 'showsRawNoteText': True, 'sourceListingNoteId': -1}]",3325460,False,False,Row,True,1375362,"¥1,375,362","¥1,375,362",10,Mobile Transfer ticket,3,1,EUR,JPY,3500.0,EUR,"https://img.vggcdn.net/img/vfsimage2/812551/1247_1989401/0.jpg?im=Resize=(500,271)&v=771",yesterday,9.3,False,False,True,False,G%2fvrIVtorsI40mUJjLLp975NxkQ9gmzWOid7P6Z6kSs%3d,False,2026-07-17T19:10:22.2170000Z,False,False,False,False,False,False,0,False,False,False,False,False,0,False,False,0,13385292842,False,5D686F80-22E4-4D5C-B0C7-FB25D98E00C6,False,False,True,5,9.319209441460888,1.25740229,,,,,"[{'message': 'Amazing Value', 'qualifier': 'Based on price, view, seat quality and more', 'hasValue': True, 'messageType': 'ValueBased'}, {'message': 'Popular Pick', 'qualifier': '58 tickets sold for this event', 'hasValue': True, 'messageType': 'BoughtInLastHourSocialProofBased'}]",[],,,"¥2,037,964",33.0,"¥662,602",Last ticket,True,,,,,,
13394914181,153020449,345,122938,345,2,13,_,,False,False,1,,False,False,[1],407,Upper,1,True,"[{'listingNoteId': -1, 'listingNoteContentId': 3338094, 'formattedListingNoteContent': 'Clear view', 'listingNoteTypeId': 3, 'showToBuyer': True, 'hideInMock': False, 'siteAddedListingNote': False, 'aisleListingNoteWithSplit': False, 'listingNoteDescriptionContentId': 3338095, 'formattedListingNoteDescription': ""You'll have an unrestricted view of the show.""}]","[{'listingNoteBucketId': 27, 'formattedListingNoteContent': 'Clear view', 'displayOrder': 8, 'showsRawNoteText': True, 'sourceListingNoteId': -1}]",704495,False,False,Row 13,False,1381449,"¥1,381,449","¥1,381,449",10,Mobile Transfer ticket,3,1,USD,JPY,7229.0,USD,"https://img.vggcdn.net/img/vfsimage2/812551/407_122938/0.jpg?im=Resize=(500,271)&v=771",56 minutes ago,8.4,False,False,False,False,GPX3RwTRHNTSHgkd8STQvcsVo51V%2blpW8Rx%2fV%2bXRHVA%3d,False,2026-07-19T04:53:03.4630000Z,False,False,False,False,False,False,0,False,False,False,False,False,0,False,False,0,13394914181,False,AF1AD9A8-6AA9-497E-A470-E37D6488D5B5,False,False,True,4,8.417049241443777,0.9607321525,,,,,"[{'message': 'Great Value', 'qualifier': 'Based on price, view, seat quality and more', 'hasValue': True, 'messageType': 'ValueBased'}, {'message': 'Popular Pick', 'qualifier': '58 tickets sold for this event', 'hasValue': True, 'messageType': 'BoughtInLastHourSocialProofBased'}]",[],,,,,,,,,,,,,
13387866089,153020449,327,122920,327,2,19,_,,False,False,4,,False,False,"[1, 2, 3, 4]",407,Upper,4,True,"[{'listingNoteId': -1, 'listingNoteContentId': 3338094, 'formattedListingNoteContent': 'Clear view', 'listingNoteTypeId': 3, 'showToBuyer': True, 'hideInMock': False, 'siteAddedListingNote': False, 'aisleListingNoteWithSplit': False, 'listingNoteDescriptionContentId': 3338095, 'formattedListingNoteDescription': ""You'll have an unrestricted view of the show.""}]","[{'listingNoteBucketId': 27, 'formattedListingNoteContent': 'Clear view', 'displayOrder': 8, 'showsRawNoteText': True, 'sourceListingNoteId': -1}]",2113850,False,False,Row 19,False,1385183,"¥1,385,183","¥1,385,183",10,Mobile Transfer ticket,3,1,EUR,JPY,5785.0,EUR,"https://img.vggcdn.net/img/vfsimage2/812551/407_122920/0.jpg?im=Resize=(500,271)&v=771",yesterday,6.8,False,False,False,False,ozIGBOXwn8ALuAqt9K%2bFrbBdAmX%2fpYN7J%2fx2GHWtWl4%3d,False,2026-07-18T01:13:07.8100000Z,False,False,False,False,False,False,0,False,False,False,False,False,0,False,False,0,13387866089,False,93FE6DC6-1BE2-4107-8987-D2A769222768,False,False,True,3,6.847439537299211,0.7703844537,,,,,"[{'message': 'Popular Pick', 'qualifier': '58 tickets sold for this event', 'hasValue': True, 'messageType': 'BoughtInLastHourSocialProofBased'}]",[],,,"¥2,214,798",37.0,"¥829,615",,,Fan favorite,This section is in the top 10% of sections for this event when ranked based on a count of successful sales over the past 7 days on our site,True,,,
13393724843,153020449,325,122918,325,2,20,_,,False,False,1,,False,False,[1],407,Upper,1,True,"[{'listingNoteId': 124, 'listingNoteContentId': 1809869, 'formattedListingNoteContent': 'Under 16s accompanied by an adult', 'listingNoteTypeId': 2, 'showToBuyer': True, 'hideInMock': False, 'siteAddedListingNote': False, 'aisleListingNoteWithSplit': False, 'listingNoteDescriptionContentId': 1809870, 'formattedListingNoteDescription': 'Children under 16 must be accompanied by an adult to the event'}, {'listingNoteId': -1, 'listingNoteContentId': 3338094, 'formattedListingNoteContent': 'Clear view', 'listingNoteTypeId': 3, 'showToBuyer': True, 'hideInMock': False, 'siteAddedListingNote': False, 'aisleListingNoteWithSplit': False, 'listingNoteDescriptionContentId': 3338095, 'formattedListingNoteDescription': ""You'll have an unrestricted view of the show.""}]","[{'listingNoteBucketId': 24, 'formattedListingNoteContent': 'Under 16s accompanied by an adult', 'displayOrder': 24, 'showsRawNoteText': True, 'sourceListingNoteId': 124}, {'listingNoteBucketId': 27, 'formattedListingNoteContent': 'Clear view', 'displayOrder': 8, 'showsRawNoteText': True, 'sourceListingNoteId': -1}]",2113807,False,False,Row 20,False,1402861,"¥1,402,861","¥1,402,861",10,Mobile Transfer ticket,3,1,EUR,JPY,5057.0,EUR,"https://img.vggcdn.net/img/vfsimage2/812551/407_122918/0.jpg?im=Resize=(500,271)&v=771",5 hours ago,6.9,False,False,False,False,Jk%2bpbJWAwng73rRS9NZFXszA%2fI4b0MnKu38mf6hj5wo%3d,False,2026-07-19T00:01:22.8530000Z,False,False,False,False,False,False,0,False,False,False,False,False,0,False,False,0,13393724843,False,44B0BECD-9CC2-4939-9279-66B1960031C9,False,False,True,3,6.930335962375081,0.7886019214,,,,,"[{'message': 'Popular Pick', 'qualifier': '58 tickets sold for this event', 'hasValue': True, 'messageType': 'BoughtInLastHourSocialProofBased'}]",[],,,,,,,,,,,,,
13393855519,153020449,325,122918,325,2,19,_,,False,False,1,,False,False,[1],407,Upper,1,True,"[{'listingNoteId': -1, 'listingNoteContentId': 3338094, 'formattedListingNoteContent': 'Clear view', 'listingNoteTypeId': 3, 'showToBuyer': True, 'hideInMock': False, 'siteAddedListingNote': False, 'aisleListingNoteWithSplit': False, 'listingNoteDescriptionContentId': 3338095, 'formattedListingNoteDescription': ""You'll have an unrestricted view of the show.""}]","[{'listingNoteBucketId': 27, 'formattedListingNoteContent': 'Clear view', 'displayOrder': 8, 'showsRawNoteText': True, 'sourceListingNoteId': -1}]",2113806,False,False,Row 19,False,1403228,"¥1,403,228","¥1,403,228",10,Mobile Transfer ticket,3,1,USD,JPY,7343.0,USD,"https://img.vggcdn.net/img/vfsimage2/812551/407_122918/0.jpg?im=Resize=(500,271)&v=771",5 hours ago,7.0,False,False,False,False,nJMbeSXv%2bA9Dg0YmSY1t6WocWoy%2fT%2fgoy7TO7INXEYw%3d,False,2026-07-19T00:31:36.9500000Z,False,False,False,False,False,False,0,False,False,False,False,False,0,False,False,0,13393855519,False,2BFDD0E1-12BF-44AA-9131-A95897A7ECAF,False,False,True,3,6.979125413265956,0.7938276426,,,,,"[{'message': 'Popular Pick', 'qualifier': '58 tickets sold for this event', 'hasValue': True, 'messageType': 'BoughtInLastHourSocialProofBased'}]",[],,,,,,,,,,,,,
13393622811,153020449,318,122911,318,2,12,_,,False,False,2,,False,False,"[1, 2]",407,Upper,2,True,"[{'listingNoteId': -1, 'listingNoteContentId': 3338094, 'formattedListingNoteContent': 'Clear view', 'listingNoteTypeId': 3, 'showToBuyer': True, 'hideInMock': False, 'siteAddedListingNote': False, 'aisleListingNoteWithSplit': False, 'listingNoteDescriptionContentId': 3338095, 'formattedListingNoteDescription': ""You'll have an unrestricted view of the show.""}]","[{'listingNoteBucketId': 27, 'formattedListingNoteContent': 'Clear view', 'displayOrder': 8, 'showsRawNoteText': True, 'sourceListingNoteId': -1}]",703903,False,False,Row 12,False,1403805,"¥1,403,805","¥1,403,805",10,Mobile Transfer ticket,3,1,USD,JPY,7380.0,USD,"https://img.vggcdn.net/img/vfsimage2/812551/407_122911/0.jpg?im=Resize=(500,271)&v=771",6 hours ago,7.5,False,False,False,False,KSAVo15biUaPkGBjhrJqzkCIp%2fVImS3TqxY3ex5dAL8%3d,False,2026-07-18T23:31:25.0400000Z,False,False,False,False,False,False,0,False,False,False,False,False,0,False,False,0,13393622811,False,B99520C8-CA7F-4564-A032-F679BEB9853A,False,False,True,4,7.498996734611765,0.8517760202,,,,,"[{'message': 'Great Value', 'qualifier': 'Based on price, view, seat quality and more', 'hasValue': True, 'messageType': 'ValueBased'}, {'message': 'Popular Pick', 'qualifier': '58 tickets sold for this event', 'hasValue': True, 'messageType': 'BoughtInLastHourSocialProofBased'}]",[],,,,,,,,,,,,,
13388100640,153020449,349,122942,349,2,17,13_13,13,False,False,1,,False,False,[1],407,Upper,1,True,"[{'listingNoteId': -1, 'listingNoteContentId': 3338094, 'formattedListingNoteContent': 'Clear view', 'listingNoteTypeId': 3, 'showToBuyer': True, 'hideInMock': False, 'siteAddedListingNote': False, 'aisleListingNoteWithSplit': False, 'listingNoteDescriptionContentId': 3338095, 'formattedListingNoteDescription': ""You'll have an unrestricted view of the show.""}]","[{'listingNoteBucketId': 27, 'formattedListingNoteContent': 'Clear view', 'displayOrder': 8, 'showsRawNoteText': True, 'sourceListingNoteId': -1}]",2114021,False,False,Row 17,False,1403805,"¥1,403,805","¥1,403,805",10,Mobile Transfer ticket,3,1,USD,JPY,,USD,"https://img.vggcdn.net/img/vfsimage2/812551/407_122942/0.jpg?im=Resize=(500,271)&v=771",yesterday,6.6,False,False,False,False,4BgFHJhIHP%2bkAR%2fqQXXsgzV%2f5ARFuGRP9Sp5wTiXrOk%3d,False,2026-07-18T02:03:33.4600000Z,False,False,False,False,False,False,0,False,False,False,False,False,0,False,False,0,13388100640,False,33B421E7-78AA-4F53-AC4F-DCF191FBCCD3,False,False,True,3,6.627041354766069,0.7592844362,,,,,"[{'message': 'Popular Pick', 'qualifier': '58 tickets sold for this event', 'hasValue': True, 'messageType': 'BoughtInLastHourSocialProofBased'}]",[],13,13,,,,Last ticket,True,Fan favorite,This section is in the top 10% of sections for this event when ranked based on a count of successful sales over the past 7 days on our site,True,,,
13393086900,153020449,348,122941,348,2,24,_,,False,False,2,,False,False,"[1, 2]",407,Upper,2,True,"[{'listingNoteId': -1, 'listingNoteContentId': 3338094, 'formattedListingNoteContent': 'Clear view', 'listingNoteTypeId': 3, 'showToBuyer': True, 'hideInMock': False, 'siteAddedListingNote': False, 'aisleListingNoteWithSplit': False, 'listingNoteDescriptionContentId': 3338095, 'formattedListingNoteDescription': ""You'll have an unrestricted view of the show.""}]","[{'listingNoteBucketId': 27, 'formattedListingNoteContent': 'Clear view', 'displayOrder': 8, 'showsRawNoteText': True, 'sourceListingNoteId': -1}]",2114006,False,False,Row 24,False,1403980,"¥1,403,980","¥1,403,980",10,Mobile Transfer ticket,3,1,USD,JPY,2790.0,USD,"https://img.vggcdn.net/img/vfsimage2/812551/407_122941/0.jpg?im=Resize=(500,271)&v=771",7 hours ago,6.3,False,False,False,False,2t6egtSJaTnwel6xQb%2b5cPeIi6vI%2f4eXBEwd9plmNYQ%3d,False,2026-07-18T21:57:54.6830000Z,False,False,False,False,False,False,0,False,False,False,False,False,0,False,False,0,13393086900,False,572DF4B9-4603-4735-B606-A2A3CB67F006,False,False,True,3,6.289490565902913,0.7287039177,,,,,"[{'message': 'Popular Pick', 'qualifier': '58 tickets sold for this event', 'hasValue': True, 'messageType': 'BoughtInLastHourSocialProofBased'}]",[],,,,,,,,,,,,,
13394179357,153020449,310,122903,310,2,24,11_11,11,False,False,1,,False,False,[1],407,Upper,1,True,"[{'listingNoteId': 2357, 'listingNoteContentId': 4257845, 'formattedListingNoteContent': 'Separate Entrance', 'listingNoteTypeId': 3, 'showToBuyer': True, 'hideInMock': False, 'siteAddedListingNote': False, 'aisleListingNoteWithSplit': False, 'formattedListingNoteDescription': ''}, {'listingNoteId': -1, 'listingNoteContentId': 3338094, 'formattedListingNoteContent': 'Clear view', 'listingNoteTypeId': 3, 'showToBuyer': True, 'hideInMock': False, 'siteAddedListingNote': False, 'aisleListingNoteWithSplit': False, 'listingNoteDescriptionContentId': 3338095, 'formattedListingNoteDescription': ""You'll have an unrestricted view of the show.""}]","[{'listingNoteBucketId': 0, 'formattedListingNoteContent': 'Separate Entrance', 'displayOrder': 30, 'showsRawNoteText': True, 'sourceListingNoteId': 2357}, {'listingNoteBucketId': 27, 'formattedListingNoteContent': 'Clear view', 'displayOrder': 8, 'showsRawNoteText': True, 'sourceListingNoteId': -1}]",703739,False,False,Row 24,False,1403980,"¥1,403,980","¥1,403,980",10,Mobile Transfer ticket,3,1,USD,JPY,9000.0,USD,"https://img.vggcdn.net/img/vfsimage2/812551/407_122903/0.jpg?im=Resize=(500,271)&v=771",3 hours ago,5.3,False,False,False,False,wQL8JxTZ0g%2bHLVAQC0RXH5xchs5xub9qb6lpomQXhYM%3d,False,2026-07-19T02:06:58.2930000Z,False,False,False,False,False,False,0,False,False,False,False,False,0,False,False,0,13394179357,False,EABB12F9-BD7F-4CB0-9CF1-77EA635196DC,False,False,True,3,5.291512716877433,0.6509600152,,,,,"[{'message': 'Popular Pick', 'qualifier': '58 tickets sold for this event', 'hasValue': True, 'messageType': 'BoughtInLastHourSocialProofBased'}]",[],11,11,,,,Last ticket,True,,,,,,
13393812990,153020449,327,122920,327,2,17,19_22,19,False,False,4,,False,False,"[1, 2, 4]",407,Upper,4,True,"[{'listingNoteId': -1, 'listingNoteContentId': 3338094, 'formattedListingNoteContent': 'Clear view', 'listingNoteTypeId': 3, 'showToBuyer': True, 'hideInMock': False, 'siteAddedListingNote': False, 'aisleListingNoteWithSplit': False, 'listingNoteDescriptionContentId': 3338095, 'formattedListingNoteDescription': ""You'll have an unrestricted view of the show.""}]","[{'listingNoteBucketId': 27, 'formattedListingNoteContent': 'Clear view', 'displayOrder': 8, 'showsRawNoteText': True, 'sourceListingNoteId': -1}]",2113848,False,False,Row 17,False,1404565,"¥1,404,565","¥1,404,565",10,Mobile Transfer ticket,3,1,USD,JPY,0.0,USD,"https://img.vggcdn.net/img/vfsimage2/812551/407_122920/0.jpg?im=Resize=(500,271)&v=771",5 hours ago,6.8,False,False,False,False,3MI1xN8vvtspmIAUGuqXLShETOJfssRa9WujYRCQP7g%3d,False,2026-07-19T00:16:25.8900000Z,False,False,False,False,False,False,0,False,False,False,False,False,0,False,False,0,13393812990,False,1A2CBACC-50B8-4AAE-A499-D40A7694C53C,False,False,True,3,6.835576954175585,0.7799804895,,,,,"[{'message': 'Popular Pick', 'qualifier': '58 tickets sold for this event', 'hasValue': True, 'messageType': 'BoughtInLastHourSocialProofBased'}]",[],,,,,,,,Fan favorite,This section is in the top 10% of sections for this event when ranked based on a count of successful sales over the past 7 days on our site,True,,,
13394398469,153020449,306,122899,306,2,24,_,,False,False,3,,False,False,"[1, 2, 3]",407,Upper,3,True,"[{'listingNoteId': -1, 'listingNoteContentId': 3338094, 'formattedListingNoteContent': 'Clear view', 'listingNoteTypeId': 3, 'showToBuyer': True, 'hideInMock': False, 'siteAddedListingNote': False, 'aisleListingNoteWithSplit': False, 'listingNoteDescriptionContentId': 3338095, 'formattedListingNoteDescription': ""You'll have an unrestricted view of the show.""}]","[{'listingNoteBucketId': 27, 'formattedListingNoteContent': 'Clear view', 'displayOrder': 8, 'showsRawNoteText': True, 'sourceListingNoteId': -1}]",2113699,False,False,Row 24,False,1413727,"¥1,413,727","¥1,413,727",10,Mobile Transfer ticket,3,1,USD,JPY,2790.0,USD,"https://img.vggcdn.net/img/vfsimage2/812551/407_122899/0.jpg?im=Resize=(500,271)&v=771",2 hours ago,6.2,False,False,False,False,1zLPrrF0RiNv6Pbt0fWVrp8VjznV0bjdm%2fBBP0OBLjY%3d,False,2026-07-19T03:04:49.9600000Z,False,False,False,False,False,False,0,False,False,False,False,False,0,False,False,0,13394398469,False,AB952D65-AA19-4388-83BC-CA1515C3DE4F,False,False,True,3,6.179202516735651,0.7242058546,,,,,"[{'message': 'Popular Pick', 'qualifier': '58 tickets sold for this event', 'hasValue': True, 'messageType': 'BoughtInLastHourSocialProofBased'}]",[],,,,,,,,Fan favorite,This section is in the top 10% of sections for this event when ranked based on a count of successful sales over the past 7 days on our site,True,,,
13391052996,153020449,328,122921,328,2,26,16_16,16,False,False,1,,False,False,[1],407,Upper,1,True,"[{'listingNoteId': -1, 'listingNoteContentId': 3338094, 'formattedListingNoteContent': 'Clear view', 'listingNoteTypeId': 3, 'showToBuyer': True, 'hideInMock': False, 'siteAddedListingNote': False, 'aisleListingNoteWithSplit': False, 'listingNoteDescriptionContentId': 3338095, 'formattedListingNoteDescription': ""You'll have an unrestricted view of the show.""}]","[{'listingNoteBucketId': 27, 'formattedListingNoteContent': 'Clear view', 'displayOrder': 8, 'showsRawNoteText': True, 'sourceListingNoteId': -1}]",2113877,False,False,Row 26,False,1430296,"¥1,430,296","¥1,430,296",10,Mobile Transfer ticket,3,1,USD,JPY,,USD,"https://img.vggcdn.net/img/vfsimage2/812551/407_122921/0.jpg?im=Resize=(500,271)&v=771",15 hours ago,6.1,False,False,False,False,XNS5AOKrjDQUglpxVYQkR%2fHSaFLVqD5Kz3Bi2K4gw6I%3d,False,2026-07-18T13:49:42.1730000Z,False,False,False,False,False,False,0,False,False,False,False,False,0,False,False,0,13391052996,False,D014B386-9C8B-41A8-8640-459A62186058,False,False,True,3,6.103318029566543,0.7261878374,,,,,"[{'message': 'Popular Pick', 'qualifier': '58 tickets sold for this event', 'hasValue': True, 'messageType': 'BoughtInLastHourSocialProofBased'}]",[],16,16,"¥1,838,757",22.0,"¥408,461",,,Fan favorite,This section is in the top 10% of sections for this event when ranked based on a count of successful sales over the past 7 days on our site,True,,,
13394995872,153020449,204,122837,204,2,14,11_11,11,False,False,1,,False,False,[1],471,Middle,1,True,"[{'listingNoteId': -1, 'listingNoteContentId': 3338094, 'formattedListingNoteContent': 'Clear view', 'listingNoteTypeId': 3, 'showToBuyer': True, 'hideInMock': False, 'siteAddedListingNote': False, 'aisleListingNoteWithSplit': False, 'listingNoteDescriptionContentId': 3338095, 'formattedListingNoteDescription': ""You'll have an unrestricted view of the show.""}]","[{'listingNoteBucketId': 27, 'formattedListingNoteContent': 'Clear view', 'displayOrder': 8, 'showsRawNoteText': True, 'sourceListingNoteId': -1}]",702766,False,False,Row 14,False,1439068,"¥1,439,068","¥1,439,068",10,Mobile Transfer ticket,3,1,USD,JPY,,USD,"https://img.vggcdn.net/img/vfsimage2/812551/471_122837/0.jpg?im=Resize=(500,271)&v=771",40 minutes ago,7.0,False,False,False,False,ckHZa%2bwvsyShYPHJqRhCi4aPD1cdDqp76gnlUMR915k%3d,False,2026-07-19T05:09:03.5100000Z,False,False,False,False,False,False,0,False,False,False,False,False,0,False,False,0,13394995872,False,F0A806A8-EEEB-4902-B685-9D1E652DFC07,False,False,True,3,6.965607004026556,0.8126765837,,,,,"[{'message': 'Popular Pick', 'qualifier': '58 tickets sold for this event', 'hasValue': True, 'messageType': 'BoughtInLastHourSocialProofBased'}]",[],11,11,,,,,,Fan favorite,This section is in the top 10% of sections for this event when ranked based on a count of successful sales over the past 7 days on our site,True,,,
13387139253,153020449,319,122912,319,2,14,9_9,9,False,False,1,,False,False,[1],407,Upper,1,True,"[{'listingNoteId': -1, 'listingNoteContentId': 3338094, 'formattedListingNoteContent': 'Clear view', 'listingNoteTypeId': 3, 'showToBuyer': True, 'hideInMock': False, 'siteAddedListingNote': False, 'aisleListingNoteWithSplit': False, 'listingNoteDescriptionContentId': 3338095, 'formattedListingNoteDescription': ""You'll have an unrestricted view of the show.""}]","[{'listingNoteBucketId': 27, 'formattedListingNoteContent': 'Clear view', 'displayOrder': 8, 'showsRawNoteText': True, 'sourceListingNoteId': -1}]",703927,False,False,Row 14,False,1439068,"¥1,439,068","¥1,439,068",10,Mobile Transfer ticket,3,1,USD,JPY,0.0,USD,"https://img.vggcdn.net/img/vfsimage2/812551/407_122912/0.jpg?im=Resize=(500,271)&v=771",yesterday,6.6,False,False,False,False,ckHZa%2bwvsyShYPHJqRhCi4aPD1cdDqp76gnlUMR915k%3d,False,2026-07-17T23:11:03.1370000Z,False,False,False,False,False,False,0,False,False,False,False,False,0,False,False,0,13387139253,False,D3FE968E-CAAE-4F3E-883A-4389FCF2A5D3,False,False,True,3,6.593983273302164,0.7751677852,,,,,"[{'message': 'Popular Pick', 'qualifier': '58 tickets sold for this event', 'hasValue': True, 'messageType': 'BoughtInLastHourSocialProofBased'}]",[],9,9,"¥2,274,748",37.0,"¥835,680",Last ticket,True,,,,,,
13393600653,153020449,322,122915,322,2,21,_,,False,False,4,,False,False,"[1, 2, 3, 4]",407,Upper,4,True,"[{'listingNoteId': -1, 'listingNoteContentId': 3338094, 'formattedListingNoteContent': 'Clear view', 'listingNoteTypeId': 3, 'showToBuyer': True, 'hideInMock': False, 'siteAddedListingNote': False, 'aisleListingNoteWithSplit': False, 'listingNoteDescriptionContentId': 3338095, 'formattedListingNoteDescription': ""You'll have an unrestricted view of the show.""}]","[{'listingNoteBucketId': 27, 'formattedListingNoteContent': 'Clear view', 'displayOrder': 8, 'showsRawNoteText': True, 'sourceListingNoteId': -1}]",2113742,False,False,Row 21,False,1442967,"¥1,442,967","¥1,442,967",10,Mobile Transfer ticket,3,1,USD,JPY,5785.0,USD,"https://img.vggcdn.net/img/vfsimage2/812551/407_122915/0.jpg?im=Resize=(500,271)&v=771",6 hours ago,6.1,False,False,False,False,q0W181ZxQ3EmtSP6YW6pMVh1Q8wP6ued%2fqHfkSRpxCQ%3d,False,2026-07-18T23:23:36.3330000Z,False,False,False,False,False,False,0,False,False,False,False,False,0,False,False,0,13393600653,False,46166D8B-E7EF-4952-87F0-7F9FD9953853,False,False,True,3,6.089949152174057,0.7314782792,,,,,"[{'message': 'Popular Pick', 'qualifier': '58 tickets sold for this event', 'hasValue': True, 'messageType': 'BoughtInLastHourSocialProofBased'}]",[],,,,,,,,Fan favorite,This section has the highest count of successful sales for this event over the past 7 days on our site,True,,,
13279339891,153020449,328,122921,328,2,24,27_27,27,False,False,1,,False,False,[1],407,Upper,1,True,"[{'listingNoteId': -1, 'listingNoteContentId': 3338094, 'formattedListingNoteContent': 'Clear view', 'listingNoteTypeId': 3, 'showToBuyer': True, 'hideInMock': False, 'siteAddedListingNote': False, 'aisleListingNoteWithSplit': False, 'listingNoteDescriptionContentId': 3338095, 'formattedListingNoteDescription': ""You'll have an unrestricted view of the show.""}]","[{'listingNoteBucketId': 27, 'formattedListingNoteContent': 'Clear view', 'displayOrder': 8, 'showsRawNoteText': True, 'sourceListingNoteId': -1}]",2113875,False,False,Row 24,False,1456905,"¥1,456,905","¥1,456,905",10,Mobile Transfer ticket,3,1,USD,JPY,3450.0,USD,"https://img.vggcdn.net/img/vfsimage2/812551/407_122921/0.jpg?im=Resize=(500,271)&v=771",11 days ago,6.0,False,False,False,False,LdqHBcV31Cv6V7CQpn46X9g7fswC4ebowXgEkhU2Pqc%3d,False,2026-07-08T01:45:10.4300000Z,False,False,False,False,False,False,0,False,False,False,False,False,0,False,False,0,13279339891,False,F58EC6DB-2666-4DCE-9A0C-DAC0B6A7A979,False,False,True,3,6.01368346789003,0.7320207949,,,,,"[{'message': 'Popular Pick', 'qualifier': '58 tickets sold for this event', 'hasValue': True, 'messageType': 'BoughtInLastHourSocialProofBased'}]",[],27,27,,,,,,Fan favorite,This section is in the top 10% of sections for this event when ranked based on a count of successful sales over the past 7 days on our site,True,,,
13311688126,153020449,304,122897,304,2,23,_,,False,False,8,,False,False,"[1, 2, 3, 4, 5, 6, 7, 8]",407,Upper,8,True,"[{'listingNoteId': -1, 'listingNoteContentId': 3338094, 'formattedListingNoteContent': 'Clear view', 'listingNoteTypeId': 3, 'showToBuyer': True, 'hideInMock': False, 'siteAddedListingNote': False, 'aisleListingNoteWithSplit': False, 'listingNoteDescriptionContentId': 3338095, 'formattedListingNoteDescription': ""You'll have an unrestricted view of the show.""}]","[{'listingNoteBucketId': 27, 'formattedListingNoteContent': 'Clear view', 'displayOrder': 8, 'showsRawNoteText': True, 'sourceListingNoteId': -1}]",2113654,False,False,Row 23,False,1462461,"¥1,462,461","¥1,462,461",10,Mobile Transfer ticket,3,1,USD,JPY,2790.0,USD,"https://img.vggcdn.net/img/vfsimage2/812551/407_122897/0.jpg?im=Resize=(500,271)&v=771",8 days ago,5.8,False,False,False,False,XQ1%2bOnwA50S5JCBDdmha9xHfuZQtehIIaD0RxaWwKvY%3d,False,2026-07-10T07:01:59.6470000Z,False,False,False,False,False,False,0,False,False,False,False,False,0,False,False,0,13311688126,False,EA1602EE-C02B-4830-9D67-4D1A08C162CA,False,False,True,3,5.846886505364694,0.7208835704,,,,,"[{'message': 'Popular Pick', 'qualifier': '58 tickets sold for this event', 'hasValue': True, 'messageType': 'BoughtInLastHourSocialProofBased'}]",[],,,"¥1,961,839",25.0,"¥499,378",Last tickets,True,,,,,,
13311781074,153020449,305,122898,305,2,17,_,,False,False,7,,False,False,"[1, 2, 3, 4, 5, 6, 7]",407,Upper,7,True,"[{'listingNoteId': -1, 'listingNoteContentId': 3338094, 'formattedListingNoteContent': 'Clear view', 'listingNoteTypeId': 3, 'showToBuyer': True, 'hideInMock': False, 'siteAddedListingNote': False, 'aisleListingNoteWithSplit': False, 'listingNoteDescriptionContentId': 3338095, 'formattedListingNoteDescription': ""You'll have an unrestricted view of the show.""}]","[{'listingNoteBucketId': 27, 'formattedListingNoteContent': 'Clear view', 'displayOrder': 8, 'showsRawNoteText': True, 'sourceListingNoteId': -1}]",2113670,False,False,Row 17,False,1462461,"¥1,462,461","¥1,462,461",10,Mobile Transfer ticket,3,1,USD,JPY,5785.0,USD,"https://img.vggcdn.net/img/vfsimage2/812551/407_122898/0.jpg?im=Resize=(500,271)&v=771",8 days ago,5.8,False,False,False,False,XQ1%2bOnwA50S5JCBDdmha9xHfuZQtehIIaD0RxaWwKvY%3d,False,2026-07-10T07:19:52.1000000Z,False,False,False,False,False,False,0,False,False,False,False,False,0,False,False,0,13311781074,False,9217CE55-95FD-4FDF-9FCD-798FD83B6A50,False,False,True,3,5.814528842185014,0.7182422299,,,,,"[{'message': 'Popular Pick', 'qualifier': '58 tickets sold for this event', 'hasValue': True, 'messageType': 'BoughtInLastHourSocialProofBased'}]",[],,,"¥2,013,575",27.0,"¥551,114",,,,,,,,
13395026690,153020449,333,122926,333,2,1,13_13,13,False,False,1,,False,False,[1],478,Loge,1,True,"[{'listingNoteId': 2025, 'listingNoteContentId': 3415843, 'formattedListingNoteContent': 'Front Row of Section', 'listingNoteTypeId': 6, 'showToBuyer': True, 'hideInMock': False, 'siteAddedListingNote': False, 'aisleListingNoteWithSplit': False, 'listingNoteDescriptionContentId': 3415843, 'formattedListingNoteDescription': 'Front Row of Section'}, {'listingNoteId': -1, 'listingNoteContentId': 3338094, 'formattedListingNoteContent': 'Clear view', 'listingNoteTypeId': 3, 'showToBuyer': True, 'hideInMock': False, 'siteAddedListingNote': False, 'aisleListingNoteWithSplit': False, 'listingNoteDescriptionContentId': 3338095, 'formattedListingNoteDescription': ""You'll have an unrestricted view of the show.""}]","[{'listingNoteBucketId': 14, 'formattedListingNoteContent': 'Front Row of Section', 'displayOrder': 14, 'showsRawNoteText': True, 'sourceListingNoteId': 2025}, {'listingNoteBucketId': 27, 'formattedListingNoteContent': 'Clear view', 'displayOrder': 8, 'showsRawNoteText': True, 'sourceListingNoteId': -1}]",1591148,False,False,Row 1,False,1465385,"¥1,465,385","¥1,465,385",10,Mobile Transfer ticket,3,1,USD,JPY,,USD,"https://img.vggcdn.net/img/vfsimage2/812551/478_122926/0.jpg?im=Resize=(500,271)&v=771",37 minutes ago,7.6,False,False,False,False,eD5hAgnxh%2bfLRiSjHrdJrDJ0MKRe8dhSyskDnGyrr8I%3d,False,2026-07-19T05:12:12.1200000Z,False,False,False,False,False,False,0,False,False,False,False,False,0,False,False,0,13395026690,False,7578C0EC-0B02-4B62-BF4E-B1B5ACF853FB,False,False,True,4,7.627476995617514,0.9053105714,,,,,"[{'message': 'Great Value', 'qualifier': 'Based on price, view, seat quality and more', 'hasValue': True, 'messageType': 'ValueBased'}, {'message': 'Popular Pick', 'qualifier': '58 tickets sold for this event', 'hasValue': True, 'messageType': 'BoughtInLastHourSocialProofBased'}, {'message': 'Front Row', 'qualifier': 'Best seats in the house', 'hasValue': True, 'messageType': 'FirstRowTicketAttributeBased'}]",[2025],13,13,,,,,,,,,,,
13394148408,153020449,322,122915,322,2,14,_,,False,False,4,,False,False,"[1, 2, 4]",407,Upper,4,True,"[{'listingNoteId': -1, 'listingNoteContentId': 3338094, 'formattedListingNoteContent': 'Clear view', 'listingNoteTypeId': 3, 'showToBuyer': True, 'hideInMock': False, 'siteAddedListingNote': False, 'aisleListingNoteWithSplit': False, 'listingNoteDescriptionContentId': 3338095, 'formattedListingNoteDescription': ""You'll have an unrestricted view of the show.""}]","[{'listingNoteBucketId': 27, 'formattedListingNoteContent': 'Clear view', 'displayOrder': 8, 'showsRawNoteText': True, 'sourceListingNoteId': -1}]",2113735,False,False,Row 14,False,1488621,"¥1,488,621","¥1,488,621",10,Mobile Transfer ticket,3,1,USD,JPY,5785.0,USD,"https://img.vggcdn.net/img/vfsimage2/812551/407_122915/0.jpg?im=Resize=(500,271)&v=771",3 hours ago,6.1,False,False,False,False,WRTYQ4xfAC9%2bLEbQndmAjVHoYWXd3QPlORsaErrQtVY%3d,False,2026-07-19T01:56:35.1630000Z,False,False,False,False,False,False,0,False,False,False,False,False,0,False,False,0,13394148408,False,1C398632-4984-4EEE-A679-AC1786BFE194,False,False,True,3,6.105509621365292,0.7560036315,,,,,"[{'message': 'Popular Pick', 'qualifier': '58 tickets sold for this event', 'hasValue': True, 'messageType': 'BoughtInLastHourSocialProofBased'}]",[],,,,,,,,Fan favorite,This section has the highest count of successful sales for this event over the past 7 days on our site,True,,,
13393961293,153020449,341,122934,341,2,19,_,,False,False,3,,False,False,"[1, 2, 3]",407,Upper,3,True,"[{'listingNoteId': -1, 'listingNoteContentId': 3338094, 'formattedListingNoteContent': 'Clear view', 'listingNoteTypeId': 3, 'showToBuyer': True, 'hideInMock': False, 'siteAddedListingNote': False, 'aisleListingNoteWithSplit': False, 'listingNoteDescriptionContentId': 3338095, 'formattedListingNoteDescription': ""You'll have an unrestricted view of the show.""}]","[{'listingNoteBucketId': 27, 'formattedListingNoteContent': 'Clear view', 'displayOrder': 8, 'showsRawNoteText': True, 'sourceListingNoteId': -1}]",704413,False,False,Row 19,False,1492633,"¥1,492,633","¥1,492,633",10,Mobile Transfer ticket,3,1,USD,JPY,0.0,USD,"https://img.vggcdn.net/img/vfsimage2/812551/407_122934/0.jpg?im=Resize=(500,271)&v=771",4 hours ago,6.5,False,False,False,False,2ZGB8VhBPg7wt%2bZTaHEq2mdFm9vqMlUoazuRmVflo%2fA%3d,False,2026-07-19T00:59:57.7370000Z,False,False,False,False,False,False,0,False,False,False,False,False,0,False,False,0,13393961293,False,881D27AA-49CB-4468-93A3-8D4E86710D2D,False,False,True,3,6.520125190715955,0.7967214221,,,,,"[{'message': 'Popular Pick', 'qualifier': '58 tickets sold for this event', 'hasValue': True, 'messageType': 'BoughtInLastHourSocialProofBased'}]",[],,,,,,,,,,,,,
13375352284,153020449,328,122921,328,2,17,_,,False,False,1,,False,False,[1],407,Upper,6,True,"[{'listingNoteId': -1, 'listingNoteContentId': 3338094, 'formattedListingNoteContent': 'Clear view', 'listingNoteTypeId': 3, 'showToBuyer': True, 'hideInMock': False, 'siteAddedListingNote': False, 'aisleListingNoteWithSplit': False, 'listingNoteDescriptionContentId': 3338095, 'formattedListingNoteDescription': ""You'll have an unrestricted view of the show.""}]","[{'listingNoteBucketId': 27, 'formattedListingNoteContent': 'Clear view', 'displayOrder': 8, 'showsRawNoteText': True, 'sourceListingNoteId': -1}]",2113868,False,False,Row 17,False,1493212,"¥1,493,212","¥1,493,212",10,Mobile Transfer ticket,3,1,EUR,JPY,5000.0,EUR,"https://img.vggcdn.net/img/vfsimage2/812551/407_122921/0.jpg?im=Resize=(500,271)&v=771",2 days ago,6.0,False,False,False,False,TUwBr1evVo7Mdn1BVQmECSHrZfTaHBS%2fpsbHtiAlSPM%3d,False,2026-07-16T18:57:41.1730000Z,False,False,False,False,False,False,0,False,False,False,False,False,0,False,False,0,13375352284,False,FB94D5E9-73DF-4638-9728-F22F76ECE022,False,False,True,3,6.042769890568065,0.7528061779,,,,,"[{'message': 'Popular Pick', 'qualifier': '58 tickets sold for this event', 'hasValue': True, 'messageType': 'BoughtInLastHourSocialProofBased'}]",[],,,"¥2,460,847",39.0,"¥967,635",,,Fan favorite,This section is in the top 10% of sections for this event when ranked based on a count of successful sales over the past 7 days on our site,True,,,
13375358480,153020449,347,122940,347,2,25,_,,False,False,2,,False,False,"[1, 2]",407,Upper,6,True,"[{'listingNoteId': -1, 'listingNoteContentId': 3338094, 'formattedListingNoteContent': 'Clear view', 'listingNoteTypeId': 3, 'showToBuyer': True, 'hideInMock': False, 'siteAddedListingNote': False, 'aisleListingNoteWithSplit': False, 'listingNoteDescriptionContentId': 3338095, 'formattedListingNoteDescription': ""You'll have an unrestricted view of the show.""}]","[{'listingNoteBucketId': 27, 'formattedListingNoteContent': 'Clear view', 'displayOrder': 8, 'showsRawNoteText': True, 'sourceListingNoteId': -1}]",2113985,False,False,Row 25,False,1493212,"¥1,493,212","¥1,493,212",10,Mobile Transfer ticket,3,1,EUR,JPY,5000.0,EUR,"https://img.vggcdn.net/img/vfsimage2/812551/407_122940/0.jpg?im=Resize=(500,271)&v=771",2 days ago,5.5,False,False,False,False,TUwBr1evVo7Mdn1BVQmECSHrZfTaHBS%2fpsbHtiAlSPM%3d,False,2026-07-16T18:58:16.2100000Z,False,False,False,False,False,False,0,False,False,False,False,False,0,False,False,0,13375358480,False,C9DD110A-4F16-46EC-864A-961C7AB1D583,False,False,True,3,5.5450537958901505,0.7116350248,,,,,"[{'message': 'Popular Pick', 'qualifier': '58 tickets sold for this event', 'hasValue': True, 'messageType': 'BoughtInLastHourSocialProofBased'}]",[],,,"¥2,460,847",39.0,"¥967,635",,,,,,,,
13393684032,153020449,335,122928,335,2,8,_,,False,False,2,,False,False,"[1, 2]",407,Upper,2,True,"[{'listingNoteId': -1, 'listingNoteContentId': 3338094, 'formattedListingNoteContent': 'Clear view', 'listingNoteTypeId': 3, 'showToBuyer': True, 'hideInMock': False, 'siteAddedListingNote': False, 'aisleListingNoteWithSplit': False, 'listingNoteDescriptionContentId': 3338095, 'formattedListingNoteDescription': ""You'll have an unrestricted view of the show.""}]","[{'listingNoteBucketId': 27, 'formattedListingNoteContent': 'Clear view', 'displayOrder': 8, 'showsRawNoteText': True, 'sourceListingNoteId': -1}]",704273,False,False,Row 8,False,1494607,"¥1,494,607","¥1,494,607",10,Mobile Transfer ticket,3,1,SGD,JPY,9532.01,SGD,"https://img.vggcdn.net/img/vfsimage2/812551/407_122928/0.jpg?im=Resize=(500,271)&v=771",6 hours ago,7.1,False,False,False,False,%2blBxrqh3g%2bhH4VtSKTXn66yi1r9gw9qzi4a6QhoyDjw%3d,False,2026-07-18T23:46:39.7000000Z,False,False,False,False,False,False,0,False,False,False,False,False,0,False,False,0,13393684032,False,90717DFB-F345-452E-9B75-D7E8C924AEC8,False,False,True,4,7.096334181180558,0.858848419,,,,,"[{'message': 'Great Value', 'qualifier': 'Based on price, view, seat quality and more', 'hasValue': True, 'messageType': 'ValueBased'}, {'message': 'Popular Pick', 'qualifier': '58 tickets sold for this event', 'hasValue': True, 'messageType': 'BoughtInLastHourSocialProofBased'}]",[],,,"¥1,894,873",21.0,"¥400,266",Last tickets,True,,,,,,
13393775398,153020449,315,122908,315,2,24,_,,False,False,1,,False,False,[1],407,Upper,1,True,"[{'listingNoteId': -1, 'listingNoteContentId': 3338094, 'formattedListingNoteContent': 'Clear view', 'listingNoteTypeId': 3, 'showToBuyer': True, 'hideInMock': False, 'siteAddedListingNote': False, 'aisleListingNoteWithSplit': False, 'listingNoteDescriptionContentId': 3338095, 'formattedListingNoteDescription': ""You'll have an unrestricted view of the show.""}]","[{'listingNoteBucketId': 27, 'formattedListingNoteContent': 'Clear view', 'displayOrder': 8, 'showsRawNoteText': True, 'sourceListingNoteId': -1}]",703849,False,False,Row 24,False,1509551,"¥1,509,551","¥1,509,551",10,Mobile Transfer ticket,3,1,USD,JPY,7838.4,USD,"https://img.vggcdn.net/img/vfsimage2/812551/407_122908/0.jpg?im=Resize=(500,271)&v=771",5 hours ago,4.4,False,False,False,False,6uXp9Pw6WCcQd8n%2fTJ71AZAjYen4FmttYzB0z2qFsHg%3d,False,2026-07-19T00:08:58.7630000Z,False,False,False,False,False,False,0,False,False,False,False,False,0,False,False,0,13393775398,False,88CBDBF0-D8A6-4B1C-B141-E6004ECF8EB1,False,False,True,2,4.3562849384308855,0.5982882089,,,,,"[{'message': 'Popular Pick', 'qualifier': '58 tickets sold for this event', 'hasValue': True, 'messageType': 'BoughtInLastHourSocialProofBased'}]",[],,,,,,Last ticket,True,,,,,,
13392904213,153020449,Supporters Club,2439116,Supporters Club,2,11,_,,False,False,6,,False,False,"[1, 2, 3, 4, 6]",1068,Hospitality,6,True,"[{'listingNoteId': 2344, 'listingNoteContentId': 4216766, 'formattedListingNoteContent': 'Includes Offsite Hospitality', 'listingNoteTypeId': 3, 'showToBuyer': True, 'hideInMock': False, 'siteAddedListingNote': False, 'aisleListingNoteWithSplit': False, 'formattedListingNoteDescription': ''}, {'listingNoteId': -1, 'listingNoteContentId': 3338094, 'formattedListingNoteContent': 'Clear view', 'listingNoteTypeId': 3, 'showToBuyer': True, 'hideInMock': False, 'siteAddedListingNote': False, 'aisleListingNoteWithSplit': False, 'listingNoteDescriptionContentId': 3338095, 'formattedListingNoteDescription': ""You'll have an unrestricted view of the show.""}]","[{'listingNoteBucketId': 0, 'formattedListingNoteContent': 'Includes Offsite Hospitality', 'displayOrder': 30, 'showsRawNoteText': True, 'sourceListingNoteId': 2344}, {'listingNoteBucketId': 27, 'formattedListingNoteContent': 'Clear view', 'displayOrder': 8, 'showsRawNoteText': True, 'sourceListingNoteId': -1}]",4837383,False,False,Row 11,True,1526438,"¥1,526,438","¥1,526,438",10,Mobile Transfer ticket,3,1,USD,JPY,19000.0,USD,"https://img.vggcdn.net/img/vfsimage2/812551/1068_2439116/0.jpg?im=Resize=(500,271)&v=771",8 hours ago,9.6,False,False,False,False,d6mQwsx%2fVfvqXVGJSudQYUtR9%2b%2bjPP6mBmv33j%2bdHf0%3d,False,2026-07-18T21:12:56.0600000Z,False,False,False,False,False,False,0,False,False,False,False,False,0,False,False,0,13392904213,False,04DDAED5-AFB0-47C3-A31F-FB1F44F470D8,False,False,True,5,9.638349359954262,1.577970786,,,,,"[{'message': 'Amazing Value', 'qualifier': 'Based on price, view, seat quality and more', 'hasValue': True, 'messageType': 'ValueBased'}, {'message': 'Popular Pick', 'qualifier': '58 tickets sold for this event', 'hasValue': True, 'messageType': 'BoughtInLastHourSocialProofBased'}]",[],,,"¥2,114,542",28.0,"¥588,104",,,,,,,,
13392385971,153020449,322,122915,322,2,13,_,,False,False,4,,False,False,"[1, 2, 4]",407,Upper,4,True,"[{'listingNoteId': -1, 'listingNoteContentId': 3338094, 'formattedListingNoteContent': 'Clear view', 'listingNoteTypeId': 3, 'showToBuyer': True, 'hideInMock': False, 'siteAddedListingNote': False, 'aisleListingNoteWithSplit': False, 'listingNoteDescriptionContentId': 3338095, 'formattedListingNoteDescription': ""You'll have an unrestricted view of the show.""}]","[{'listingNoteBucketId': 27, 'formattedListingNoteContent': 'Clear view', 'displayOrder': 8, 'showsRawNoteText': True, 'sourceListingNoteId': -1}]",2113734,False,False,Row 13,False,1530745,"¥1,530,745","¥1,530,745",10,Mobile Transfer ticket,3,1,USD,JPY,5785.0,USD,"https://img.vggcdn.net/img/vfsimage2/812551/407_122915/0.jpg?im=Resize=(500,271)&v=771",10 hours ago,5.9,False,False,False,False,83JIaIS94pZFpnXTEJ56Y7wPp3%2f3d7caBod50KDDSKE%3d,False,2026-07-18T18:51:30.3830000Z,False,False,False,False,False,False,0,False,False,False,False,False,0,False,False,0,13392385971,False,8CFEEAE8-BFA7-450B-9770-1F82374A0BC0,False,False,True,3,5.905045150890146,0.7595732072,,,,,"[{'message': 'Popular Pick', 'qualifier': '58 tickets sold for this event', 'hasValue': True, 'messageType': 'BoughtInLastHourSocialProofBased'}]",[],,,,,,,,Fan favorite,This section has the highest count of successful sales for this event over the past 7 days on our site,True,,,
13389583270,153020449,Category 2,1989400,Category 2,3,,_,,False,False,1,,False,False,[1],1246,Category 2,1,True,"[{'listingNoteId': 814, 'listingNoteContentId': 2446060, 'formattedListingNoteContent': 'Limited or Obstructed View (printed on ticket)', 'listingNoteTypeId': 1, 'showToBuyer': True, 'hideInMock': False, 'siteAddedListingNote': False, 'aisleListingNoteWithSplit': False, 'listingNoteDescriptionContentId': 2446061, 'formattedListingNoteDescription': 'Limited or Obstructed View (printed on ticket)'}]","[{'listingNoteBucketId': 21, 'formattedListingNoteContent': 'Limited view', 'displayOrder': 21, 'showsRawNoteText': False}]",3325459,False,False,Row,True,1532544,"¥1,532,544","¥1,532,544",10,Mobile Transfer ticket,3,1,EUR,JPY,6450.0,EUR,"https://img.vggcdn.net/img/vfsimage2/812551/1246_1989400/0.jpg?im=Resize=(500,271)&v=771",22 hours ago,9.3,False,False,True,False,0LlqcD6HfknZgwHYXocd6oGotmcHP1pga8tHSEGqsX8%3d,False,2026-07-18T07:28:10.9430000Z,False,False,False,False,False,False,0,False,False,False,False,False,0,False,False,0,13389583270,False,DB19FDF4-B275-4D4E-A0CA-66DCA9B4AF2A,False,False,True,5,9.266400491854311,1.374851954,,,,,"[{'message': 'Amazing Value', 'qualifier': 'Based on price, view, seat quality and more', 'hasValue': True, 'messageType': 'ValueBased'}, {'message': 'Popular Pick', 'qualifier': '58 tickets sold for this event', 'hasValue': True, 'messageType': 'BoughtInLastHourSocialProofBased'}]",[],,,"¥2,037,914",25.0,"¥505,370",Last ticket,True,,,,,,
13393707530,153020449,336,122929,336,2,23,2_2,2,False,False,1,,False,False,[1],407,Upper,1,True,"[{'listingNoteId': -1, 'listingNoteContentId': 3338094, 'formattedListingNoteContent': 'Clear view', 'listingNoteTypeId': 3, 'showToBuyer': True, 'hideInMock': False, 'siteAddedListingNote': False, 'aisleListingNoteWithSplit': False, 'listingNoteDescriptionContentId': 3338095, 'formattedListingNoteDescription': ""You'll have an unrestricted view of the show.""}]","[{'listingNoteBucketId': 27, 'formattedListingNoteContent': 'Clear view', 'displayOrder': 8, 'showsRawNoteText': True, 'sourceListingNoteId': -1}]",704310,False,False,Row 23,False,1540249,"¥1,540,249","¥1,540,249",10,Mobile Transfer ticket,3,1,BRL,JPY,35000.0,BRL,"https://img.vggcdn.net/img/vfsimage2/812551/407_122929/0.jpg?im=Resize=(500,271)&v=771",5 hours ago,5.1,False,False,False,False,hxKZ%2fbGdQtaf%2bts2XzeDrkrC3UJ9l74k5QOICWCBuZo%3d,False,2026-07-18T23:53:55.5500000Z,False,False,False,False,False,False,0,False,False,False,False,False,0,False,False,0,13393707530,False,C48127A7-D102-4105-AE09-5EA4A8776D83,False,False,True,3,5.138603859794338,0.7026756382,,,,,"[{'message': 'Popular Pick', 'qualifier': '58 tickets sold for this event', 'hasValue': True, 'messageType': 'BoughtInLastHourSocialProofBased'}]",[],2,2,"¥2,033,425",24.0,"¥493,176",,,,,,,,
13394388066,153020449,306,122899,306,2,12,_,,False,False,4,,False,False,"[1, 2, 4]",407,Upper,4,True,"[{'listingNoteId': -1, 'listingNoteContentId': 3338094, 'formattedListingNoteContent': 'Clear view', 'listingNoteTypeId': 3, 'showToBuyer': True, 'hideInMock': False, 'siteAddedListingNote': False, 'aisleListingNoteWithSplit': False, 'listingNoteDescriptionContentId': 3338095, 'formattedListingNoteDescription': ""You'll have an unrestricted view of the show.""}]","[{'listingNoteBucketId': 27, 'formattedListingNoteContent': 'Clear view', 'displayOrder': 8, 'showsRawNoteText': True, 'sourceListingNoteId': -1}]",2113687,False,False,Row 12,False,1544785,"¥1,544,785","¥1,544,785",10,Mobile Transfer ticket,3,1,USD,JPY,5785.0,USD,"https://img.vggcdn.net/img/vfsimage2/812551/407_122899/0.jpg?im=Resize=(500,271)&v=771",2 hours ago,6.0,False,False,False,False,G5V36Bbl42HAVuzxYvYXCqd89v1SW24W0qNlnMxOsyg%3d,False,2026-07-19T03:01:50.1000000Z,False,False,False,False,False,False,0,False,False,False,False,False,0,False,False,0,13394388066,False,29D3695F-B075-4F8B-8BCB-E96DF166179E,False,False,True,3,5.96840504957928,0.7721397974,,,,,"[{'message': 'Popular Pick', 'qualifier': '58 tickets sold for this event', 'hasValue': True, 'messageType': 'BoughtInLastHourSocialProofBased'}]",[],,,,,,,,Fan favorite,This section is in the top 10% of sections for this event when ranked based on a count of successful sales over the past 7 days on our site,True,,,
13388009512,153020449,204,122837,204,2,10,_,,False,False,2,,False,False,"[1, 2]",471,Middle,2,True,"[{'listingNoteId': -1, 'listingNoteContentId': 3338094, 'formattedListingNoteContent': 'Clear view', 'listingNoteTypeId': 3, 'showToBuyer': True, 'hideInMock': False, 'siteAddedListingNote': False, 'aisleListingNoteWithSplit': False, 'listingNoteDescriptionContentId': 3338095, 'formattedListingNoteDescription': ""You'll have an unrestricted view of the show.""}]","[{'listingNoteBucketId': 27, 'formattedListingNoteContent': 'Clear view', 'displayOrder': 8, 'showsRawNoteText': True, 'sourceListingNoteId': -1}]",702762,False,False,Row 10,False,1547842,"¥1,547,842","¥1,547,842",10,Mobile Transfer ticket,3,1,USD,JPY,8100.0,USD,"https://img.vggcdn.net/img/vfsimage2/812551/471_122837/0.jpg?im=Resize=(500,271)&v=771",yesterday,7.4,False,False,False,False,00JBLsnMZUvfxGxyVU9y7SBj%2birfZO57hN7VjwYyxJk%3d,False,2026-07-18T01:41:59.9000000Z,False,False,False,False,False,False,0,False,False,False,False,False,0,False,False,0,13388009512,False,08BE3E11-1B5A-4876-80AE-3F5519133B24,False,False,True,4,7.3762564150579095,0.9234547256,,,,,"[{'message': 'Great Value', 'qualifier': 'Based on price, view, seat quality and more', 'hasValue': True, 'messageType': 'ValueBased'}, {'message': 'Popular Pick', 'qualifier': '58 tickets sold for this event', 'hasValue': True, 'messageType': 'BoughtInLastHourSocialProofBased'}]",[],,,"¥2,085,154",26.0,"¥537,312",,,Fan favorite,This section is in the top 10% of sections for this event when ranked based on a count of successful sales over the past 7 days on our site,True,,,
13394062403,153020449,340,122933,340,2,20,_,,False,False,1,,False,False,[1],407,Upper,1,True,"[{'listingNoteId': -1, 'listingNoteContentId': 3338094, 'formattedListingNoteContent': 'Clear view', 'listingNoteTypeId': 3, 'showToBuyer': True, 'hideInMock': False, 'siteAddedListingNote': False, 'aisleListingNoteWithSplit': False, 'listingNoteDescriptionContentId': 3338095, 'formattedListingNoteDescription': ""You'll have an unrestricted view of the show.""}]","[{'listingNoteBucketId': 27, 'formattedListingNoteContent': 'Clear view', 'displayOrder': 8, 'showsRawNoteText': True, 'sourceListingNoteId': -1}]",704392,False,False,Row 20,False,1547842,"¥1,547,842","¥1,547,842",10,Mobile Transfer ticket,3,1,USD,JPY,7380.0,USD,"https://img.vggcdn.net/img/vfsimage2/812551/407_122933/0.jpg?im=Resize=(500,271)&v=771",4 hours ago,6.6,False,False,False,False,00JBLsnMZUvfxGxyVU9y7SBj%2birfZO57hN7VjwYyxJk%3d,False,2026-07-19T01:31:44.3170000Z,False,False,False,False,False,False,0,False,False,False,False,False,0,False,False,0,13394062403,False,8DC06990-BDFE-43DC-B272-29B3D508C720,False,False,True,3,6.643716860551499,0.8389602093,,,,,"[{'message': 'Popular Pick', 'qualifier': '58 tickets sold for this event', 'hasValue': True, 'messageType': 'BoughtInLastHourSocialProofBased'}]",[],,,,,,Last ticket,True,,,,,,
13229968819,153020449,Upper,1546670,Upper,3,,_,,False,False,6,,False,False,"[1, 2, 3, 4, 5, 6]",407,Upper,6,True,"[{'listingNoteId': -1, 'listingNoteContentId': 3338094, 'formattedListingNoteContent': 'Clear view', 'listingNoteTypeId': 3, 'showToBuyer': True, 'hideInMock': False, 'siteAddedListingNote': False, 'aisleListingNoteWithSplit': False, 'listingNoteDescriptionContentId': 3338095, 'formattedListingNoteDescription': ""You'll have an unrestricted view of the show.""}]","[{'listingNoteBucketId': 27, 'formattedListingNoteContent': 'Clear view', 'displayOrder': 8, 'showsRawNoteText': True, 'sourceListingNoteId': -1}]",1641237,False,False,Row,True,1552137,"¥1,552,137","¥1,552,137",10,Mobile Transfer ticket,3,1,EUR,JPY,3000.0,EUR,"https://img.vggcdn.net/img/vfsimage2/812551/407_1546670/0.jpg?im=Resize=(500,271)&v=771",15 days ago,0.0,False,False,True,False,PM5zJiLLcC4xE%2fTGrO92Cg0fXXz976hQ5VBUetX1mO8%3d,False,2026-07-03T14:52:38.7330000Z,False,False,False,False,False,False,0,False,False,False,False,False,0,False,False,0,13229968819,False,90E41A47-4D42-4207-A68E-410B9DFE8E84,False,False,True,0,,,,,,,"[{'message': 'Popular Pick', 'qualifier': '58 tickets sold for this event', 'hasValue': True, 'messageType': 'BoughtInLastHourSocialProofBased'}]",[],,,"¥3,076,033",50.0,"¥1,523,896",Last tickets,True,,,,,,
13369265339,153020449,307,122900,307,2,24,33_33,33,False,False,1,,False,False,[1],407,Upper,1,True,"[{'listingNoteId': -1, 'listingNoteContentId': 3338094, 'formattedListingNoteContent': 'Clear view', 'listingNoteTypeId': 3, 'showToBuyer': True, 'hideInMock': False, 'siteAddedListingNote': False, 'aisleListingNoteWithSplit': False, 'listingNoteDescriptionContentId': 3338095, 'formattedListingNoteDescription': ""You'll have an unrestricted view of the show.""}]","[{'listingNoteBucketId': 27, 'formattedListingNoteContent': 'Clear view', 'displayOrder': 8, 'showsRawNoteText': True, 'sourceListingNoteId': -1}]",703673,False,False,Row 24,False,1553106,"¥1,553,106","¥1,553,106",10,Mobile Transfer ticket,3,1,USD,JPY,3450.0,USD,"https://img.vggcdn.net/img/vfsimage2/812551/407_122900/0.jpg?im=Resize=(500,271)&v=771",2 days ago,7.6,False,False,False,False,etHI2wB3bx11eglg%2bQJdsF4ad34XG4KlT5ccZEesUyc%3d,False,2026-07-16T06:59:33.4470000Z,False,False,False,False,False,False,0,False,False,False,False,False,0,False,False,0,13369265339,False,3DC4382D-D08C-4C8A-8986-4B8926BDAC19,False,False,True,4,7.565290608930402,0.9506794355,,,,,"[{'message': 'Great Value', 'qualifier': 'Based on price, view, seat quality and more', 'hasValue': True, 'messageType': 'ValueBased'}, {'message': 'Popular Pick', 'qualifier': '58 tickets sold for this event', 'hasValue': True, 'messageType': 'BoughtInLastHourSocialProofBased'}]",[],33,33,"¥2,464,270",37.0,"¥911,164",,,,,,,,
13391199181,153020449,311,122904,311,2,13,12_13,12,False,False,2,,False,False,"[1, 2]",407,Upper,2,True,"[{'listingNoteId': -1, 'listingNoteContentId': 3338094, 'formattedListingNoteContent': 'Clear view', 'listingNoteTypeId': 3, 'showToBuyer': True, 'hideInMock': False, 'siteAddedListingNote': False, 'aisleListingNoteWithSplit': False, 'listingNoteDescriptionContentId': 3338095, 'formattedListingNoteDescription': ""You'll have an unrestricted view of the show.""}]","[{'listingNoteBucketId': 27, 'formattedListingNoteContent': 'Clear view', 'displayOrder': 8, 'showsRawNoteText': True, 'sourceListingNoteId': -1}]",703750,False,False,Row 13,False,1555552,"¥1,555,552","¥1,555,552",10,Mobile Transfer ticket,3,1,USD,JPY,0.0,USD,"https://img.vggcdn.net/img/vfsimage2/812551/407_122904/0.jpg?im=Resize=(500,271)&v=771",15 hours ago,6.3,False,False,False,False,l95zCm6hcZrdRYWFLpY4RSWd4JD90JQ0XRDjRaJba4U%3d,False,2026-07-18T14:20:21.7030000Z,False,False,False,False,False,False,0,False,False,False,False,False,0,False,False,0,13391199181,False,E2C18568-B225-420F-96B0-AD4482010D74,False,False,True,3,6.32298545109608,0.8106243529,,,,,"[{'message': 'Popular Pick', 'qualifier': '58 tickets sold for this event', 'hasValue': True, 'messageType': 'BoughtInLastHourSocialProofBased'}]",[],,,"¥2,230,103",30.0,"¥674,551",,,,,,,,
13373771975,153020449,311,122904,311,2,8,_,,False,False,3,,False,False,"[1, 2, 3]",407,Upper,3,True,"[{'listingNoteId': -1, 'listingNoteContentId': 3338094, 'formattedListingNoteContent': 'Clear view', 'listingNoteTypeId': 3, 'showToBuyer': True, 'hideInMock': False, 'siteAddedListingNote': False, 'aisleListingNoteWithSplit': False, 'listingNoteDescriptionContentId': 3338095, 'formattedListingNoteDescription': ""You'll have an unrestricted view of the show.""}]","[{'listingNoteBucketId': 27, 'formattedListingNoteContent': 'Clear view', 'displayOrder': 8, 'showsRawNoteText': True, 'sourceListingNoteId': -1}]",703745,False,False,Row 8,False,1556393,"¥1,556,393","¥1,556,393",10,Mobile Transfer ticket,3,1,GBP,JPY,1111.0,GBP,"https://img.vggcdn.net/img/vfsimage2/812551/407_122904/0.jpg?im=Resize=(500,271)&v=771",2 days ago,7.4,False,False,False,False,dVQMMZkRe4z4oRHjweWNCBl1vs%2fBli5ymI7Qd6z%2bohU%3d,False,2026-07-16T16:11:41.9300000Z,False,False,False,False,False,False,0,False,False,False,False,False,0,False,False,0,13373771975,False,0F2DC931-A651-490B-806B-86FBF07D58DA,False,False,True,4,7.3663200462945895,0.9270082586,,,,,"[{'message': 'Great Value', 'qualifier': 'Based on price, view, seat quality and more', 'hasValue': True, 'messageType': 'ValueBased'}, {'message': 'Popular Pick', 'qualifier': '58 tickets sold for this event', 'hasValue': True, 'messageType': 'BoughtInLastHourSocialProofBased'}]",[],,,"¥2,340,408",33.0,"¥784,015",,,,,,,,
13393672217,153020449,316,122909,316,2,21,26_26,26,False,False,1,,False,False,[1],407,Upper,1,True,"[{'listingNoteId': -1, 'listingNoteContentId': 3338094, 'formattedListingNoteContent': 'Clear view', 'listingNoteTypeId': 3, 'showToBuyer': True, 'hideInMock': False, 'siteAddedListingNote': False, 'aisleListingNoteWithSplit': False, 'listingNoteDescriptionContentId': 3338095, 'formattedListingNoteDescription': ""You'll have an unrestricted view of the show.""}]","[{'listingNoteBucketId': 27, 'formattedListingNoteContent': 'Clear view', 'displayOrder': 8, 'showsRawNoteText': True, 'sourceListingNoteId': -1}]",703868,False,False,Row 21,False,1556842,"¥1,556,842","¥1,556,842",10,Mobile Transfer ticket,3,1,EUR,JPY,5575.0,EUR,"https://img.vggcdn.net/img/vfsimage2/812551/407_122909/0.jpg?im=Resize=(500,271)&v=771",6 hours ago,4.8,False,False,False,False,RcN0DmceGIRGw94Jh7CY%2frx6Z5za62eik3AspDWxSzA%3d,False,2026-07-18T23:42:22.4470000Z,False,False,False,False,False,False,0,False,False,False,False,False,0,False,False,0,13393672217,False,ED74AAB8-1BF0-47FC-8D91-7A13C6CC179A,False,False,True,2,4.819522083976218,0.6738856482,,,,,"[{'message': 'Popular Pick', 'qualifier': '58 tickets sold for this event', 'hasValue': True, 'messageType': 'BoughtInLastHourSocialProofBased'}]",[],26,26,,,,,,,,,,,
13392419781,153020449,322,122915,322,2,12,_,,False,False,4,,False,False,"[1, 2, 4]",407,Upper,4,True,"[{'listingNoteId': -1, 'listingNoteContentId': 3338094, 'formattedListingNoteContent': 'Clear view', 'listingNoteTypeId': 3, 'showToBuyer': True, 'hideInMock': False, 'siteAddedListingNote': False, 'aisleListingNoteWithSplit': False, 'listingNoteDescriptionContentId': 3338095, 'formattedListingNoteDescription': ""You'll have an unrestricted view of the show.""}]","[{'listingNoteBucketId': 27, 'formattedListingNoteContent': 'Clear view', 'displayOrder': 8, 'showsRawNoteText': True, 'sourceListingNoteId': -1}]",2113733,False,False,Row 12,False,1558827,"¥1,558,827","¥1,558,827",10,Mobile Transfer ticket,3,1,USD,JPY,5785.0,USD,"https://img.vggcdn.net/img/vfsimage2/812551/407_122915/0.jpg?im=Resize=(500,271)&v=771",10 hours ago,5.8,False,False,False,False,Z9pJ4JG9OgSLf39bgztMYkkGGcIy42D4n9ys1QNqXb0%3d,False,2026-07-18T18:59:37.5630000Z,False,False,False,False,False,False,0,False,False,False,False,False,0,False,False,0,13392419781,False,85E29D07-A9E5-485D-BA9E-18630521BF6F,False,False,True,3,5.786916109050053,0.7631595036,,,,,"[{'message': 'Popular Pick', 'qualifier': '58 tickets sold for this event', 'hasValue': True, 'messageType': 'BoughtInLastHourSocialProofBased'}]",[],,,,,,,,Fan favorite,This section has the highest count of successful sales for this event over the past 7 days on our site,True,,,
13394497387,153020449,343,122936,343,2,17,_,,False,False,4,,False,False,"[1, 2, 4]",407,Upper,4,True,"[{'listingNoteId': -1, 'listingNoteContentId': 3338094, 'formattedListingNoteContent': 'Clear view', 'listingNoteTypeId': 3, 'showToBuyer': True, 'hideInMock': False, 'siteAddedListingNote': False, 'aisleListingNoteWithSplit': False, 'listingNoteDescriptionContentId': 3338095, 'formattedListingNoteDescription': ""You'll have an unrestricted view of the show.""}]","[{'listingNoteBucketId': 27, 'formattedListingNoteContent': 'Clear view', 'displayOrder': 8, 'showsRawNoteText': True, 'sourceListingNoteId': -1}]",704455,False,False,Row 17,False,1560037,"¥1,560,037","¥1,560,037",10,Mobile Transfer ticket,3,1,USD,JPY,7900.0,USD,"https://img.vggcdn.net/img/vfsimage2/812551/407_122936/0.jpg?im=Resize=(500,271)&v=771",2 hours ago,5.7,False,False,False,False,kr45zvk3e8P%2b4Kpmvo1Zd%2fn%2bhw3mZylQ4gmHkZwNuQ8%3d,False,2026-07-19T03:32:36.8370000Z,False,False,False,False,False,False,0,False,False,False,False,False,0,False,False,0,13394497387,False,1114B15A-8B18-47C3-B4C2-D7C55D33AF9D,False,False,True,3,5.72492874825077,0.7584437357,,,,,"[{'message': 'Popular Pick', 'qualifier': '58 tickets sold for this event', 'hasValue': True, 'messageType': 'BoughtInLastHourSocialProofBased'}]",[],,,,,,,,,,,,,
13394497386,153020449,344,122937,344,2,17,_,,False,False,4,,False,False,"[1, 2, 4]",407,Upper,4,True,"[{'listingNoteId': -1, 'listingNoteContentId': 3338094, 'formattedListingNoteContent': 'Clear view', 'listingNoteTypeId': 3, 'showToBuyer': True, 'hideInMock': False, 'siteAddedListingNote': False, 'aisleListingNoteWithSplit': False, 'listingNoteDescriptionContentId': 3338095, 'formattedListingNoteDescription': ""You'll have an unrestricted view of the show.""}]","[{'listingNoteBucketId': 27, 'formattedListingNoteContent': 'Clear view', 'displayOrder': 8, 'showsRawNoteText': True, 'sourceListingNoteId': -1}]",704477,False,False,Row 17,False,1560037,"¥1,560,037","¥1,560,037",10,Mobile Transfer ticket,3,1,USD,JPY,7900.0,USD,"https://img.vggcdn.net/img/vfsimage2/812551/407_122937/0.jpg?im=Resize=(500,271)&v=771",2 hours ago,5.3,False,False,False,False,kr45zvk3e8P%2b4Kpmvo1Zd%2fn%2bhw3mZylQ4gmHkZwNuQ8%3d,False,2026-07-19T03:32:36.8070000Z,False,False,False,False,False,False,0,False,False,False,False,False,0,False,False,0,13394497386,False,6F916699-C9B0-43AB-A25E-6A38E785BE31,False,False,True,3,5.33474266330087,0.7266507738,,,,,"[{'message': 'Popular Pick', 'qualifier': '58 tickets sold for this event', 'hasValue': True, 'messageType': 'BoughtInLastHourSocialProofBased'}]",[],,,,,,,,,,,,,
13394497404,153020449,344,122937,344,2,18,_,,False,False,4,,False,False,"[1, 2, 4]",407,Upper,4,True,"[{'listingNoteId': -1, 'listingNoteContentId': 3338094, 'formattedListingNoteContent': 'Clear view', 'listingNoteTypeId': 3, 'showToBuyer': True, 'hideInMock': False, 'siteAddedListingNote': False, 'aisleListingNoteWithSplit': False, 'listingNoteDescriptionContentId': 3338095, 'formattedListingNoteDescription': ""You'll have an unrestricted view of the show.""}]","[{'listingNoteBucketId': 27, 'formattedListingNoteContent': 'Clear view', 'displayOrder': 8, 'showsRawNoteText': True, 'sourceListingNoteId': -1}]",704478,False,False,Row 18,False,1560037,"¥1,560,037","¥1,560,037",10,Mobile Transfer ticket,3,1,USD,JPY,7900.0,USD,"https://img.vggcdn.net/img/vfsimage2/812551/407_122937/0.jpg?im=Resize=(500,271)&v=771",2 hours ago,5.2,False,False,False,False,kr45zvk3e8P%2b4Kpmvo1Zd%2fn%2bhw3mZylQ4gmHkZwNuQ8%3d,False,2026-07-19T03:32:37.0330000Z,False,False,False,False,False,False,0,False,False,False,False,False,0,False,False,0,13394497404,False,E186E503-D5E0-4EA4-A93F-6840BFC9D8F9,False,False,True,3,5.211681517048572,0.7171692431,,,,,"[{'message': 'Popular Pick', 'qualifier': '58 tickets sold for this event', 'hasValue': True, 'messageType': 'BoughtInLastHourSocialProofBased'}]",[],,,,,,,,,,,,,
13346407517,153020449,303,122896,303,2,25,_,,False,False,2,,False,False,"[1, 2]",407,Upper,2,True,"[{'listingNoteId': -1, 'listingNoteContentId': 3338094, 'formattedListingNoteContent': 'Clear view', 'listingNoteTypeId': 3, 'showToBuyer': True, 'hideInMock': False, 'siteAddedListingNote': False, 'aisleListingNoteWithSplit': False, 'listingNoteDescriptionContentId': 3338095, 'formattedListingNoteDescription': ""You'll have an unrestricted view of the show.""}]","[{'listingNoteBucketId': 27, 'formattedListingNoteContent': 'Clear view', 'displayOrder': 8, 'showsRawNoteText': True, 'sourceListingNoteId': -1}]",2113634,False,False,Row 25,False,1561078,"¥1,561,078","¥1,561,078",10,Mobile Transfer ticket,3,1,EUR,JPY,3350.0,EUR,"https://img.vggcdn.net/img/vfsimage2/812551/407_122896/0.jpg?im=Resize=(500,271)&v=771",5 days ago,5.2,False,False,False,False,ih5yLaB%2bbAWOZ3W4QSWECQj5E%2f1S%2fkdNZ4R6YyFGTC8%3d,False,2026-07-14T00:59:39.5300000Z,False,False,False,False,False,False,0,False,False,False,False,False,0,False,False,0,13346407517,False,EE200E00-7995-428B-A655-AF4248E1E826,False,False,True,3,5.237328297065316,0.7196045196,,,,,"[{'message': 'Popular Pick', 'qualifier': '58 tickets sold for this event', 'hasValue': True, 'messageType': 'BoughtInLastHourSocialProofBased'}]",[],,,"¥2,460,824",37.0,"¥899,746",,,,,,,,
13395175673,153020449,312,122905,312,2,3,_,,False,False,1,,False,False,[1],478,Loge,1,True,"[{'listingNoteId': 2027, 'listingNoteContentId': 3415845, 'formattedListingNoteContent': 'Third Row of Section', 'listingNoteTypeId': 6, 'showToBuyer': True, 'hideInMock': False, 'siteAddedListingNote': False, 'aisleListingNoteWithSplit': False, 'listingNoteDescriptionContentId': 3415845, 'formattedListingNoteDescription': 'Third Row of Section'}, {'listingNoteId': -1, 'listingNoteContentId': 3338094, 'formattedListingNoteContent': 'Clear view', 'listingNoteTypeId': 3, 'showToBuyer': True, 'hideInMock': False, 'siteAddedListingNote': False, 'aisleListingNoteWithSplit': False, 'listingNoteDescriptionContentId': 3338095, 'formattedListingNoteDescription': ""You'll have an unrestricted view of the show.""}]","[{'listingNoteBucketId': 14, 'formattedListingNoteContent': 'Third Row of Section', 'displayOrder': 14, 'showsRawNoteText': True, 'sourceListingNoteId': 2027}, {'listingNoteBucketId': 27, 'formattedListingNoteContent': 'Clear view', 'displayOrder': 8, 'showsRawNoteText': True, 'sourceListingNoteId': -1}]",1591046,False,False,Row 3,False,1561488,"¥1,561,488","¥1,561,488",10,Mobile Transfer ticket,3,1,USD,JPY,0.0,USD,"https://img.vggcdn.net/img/vfsimage2/812551/478_122905/0.jpg?im=Resize=(500,271)&v=771",7 minutes ago,8.8,False,False,False,False,Wx%2fh%2fYeIhlKJtPe2B4Q%2bCIG%2f6f%2f%2fKxWQENe9%2bF5kWq4%3d,False,2026-07-19T05:42:25.3500000Z,False,False,False,False,False,False,0,False,False,False,False,False,0,False,False,0,13395175673,False,6042589D-1D16-4C10-BDAD-DF34F5B8DBAD,False,False,True,5,8.78296750917076,1.195021198,,,,,"[{'message': 'Amazing Value', 'qualifier': 'Based on price, view, seat quality and more', 'hasValue': True, 'messageType': 'ValueBased'}, {'message': 'Popular Pick', 'qualifier': '58 tickets sold for this event', 'hasValue': True, 'messageType': 'BoughtInLastHourSocialProofBased'}, {'message': 'Third Row', 'qualifier': 'Excellent proximity to the action', 'hasValue': True, 'messageType': 'ThirdRowTicketAttributeBased'}]",[2027],,,,,,Last ticket,True,,,,,,
13226218584,153020449,331,122924,331,2,17,_,,False,False,1,,False,False,[1],407,Upper,4,True,"[{'listingNoteId': 74, 'listingNoteContentId': 1288630, 'formattedListingNoteContent': 'Over 18 Ticket', 'listingNoteTypeId': 2, 'showToBuyer': True, 'hideInMock': False, 'siteAddedListingNote': False, 'aisleListingNoteWithSplit': False, 'formattedListingNoteDescription': ''}, {'listingNoteId': -1, 'listingNoteContentId': 3338094, 'formattedListingNoteContent': 'Clear view', 'listingNoteTypeId': 3, 'showToBuyer': True, 'hideInMock': False, 'siteAddedListingNote': False, 'aisleListingNoteWithSplit': False, 'listingNoteDescriptionContentId': 3338095, 'formattedListingNoteDescription': ""You'll have an unrestricted view of the show.""}]","[{'listingNoteBucketId': 24, 'formattedListingNoteContent': 'Over 18 Ticket', 'displayOrder': 24, 'showsRawNoteText': True, 'sourceListingNoteId': 74}, {'listingNoteBucketId': 27, 'formattedListingNoteContent': 'Clear view', 'displayOrder': 8, 'showsRawNoteText': True, 'sourceListingNoteId': -1}]",2113932,False,False,Row 17,False,1568212,"¥1,568,212","¥1,568,212",10,Mobile Transfer ticket,3,1,EUR,JPY,1772.0,EUR,"https://img.vggcdn.net/img/vfsimage2/812551/407_122924/0.jpg?im=Resize=(500,271)&v=771",15 days ago,5.6,False,False,False,False,wQL8JxTZ0g%2bHLVAQC0RXH5xchs5xub9qb6lpomQXhYM%3d,False,2026-07-03T05:57:00.4270000Z,False,False,False,False,False,False,0,False,False,False,False,False,0,False,False,0,13226218584,False,66BF1534-B579-4EF8-89BB-227A4C295639,False,False,True,3,5.605718715411105,0.7523624922,,,,,"[{'message': 'Popular Pick', 'qualifier': '58 tickets sold for this event', 'hasValue': True, 'messageType': 'BoughtInLastHourSocialProofBased'}]",[],,,,,,Last ticket,True,,,,,,
13347745634,153020449,103,122783,103,2,,_,,False,False,1,,False,False,[1],594,Lower,1,True,"[{'listingNoteId': -1, 'listingNoteContentId': 3338094, 'formattedListingNoteContent': 'Clear view', 'listingNoteTypeId': 3, 'showToBuyer': True, 'hideInMock': False, 'siteAddedListingNote': False, 'aisleListingNoteWithSplit': False, 'listingNoteDescriptionContentId': 3338095, 'formattedListingNoteDescription': ""You'll have an unrestricted view of the show.""}]","[{'listingNoteBucketId': 27, 'formattedListingNoteContent': 'Clear view', 'displayOrder': 8, 'showsRawNoteText': True, 'sourceListingNoteId': -1}]",108736,False,False,Row,True,1570531,"¥1,570,531","¥1,570,531",10,Mobile Transfer ticket,3,1,AED,JPY,11000.0,AED,"https://img.vggcdn.net/img/vfsimage2/812551/594_122783/0.jpg?im=Resize=(500,271)&v=771",4 days ago,7.0,False,False,False,False,dU8UizRiMN5Ycd4qvbIJCzs8I7nV28gAe%2bH%2fR5gZ9NM%3d,False,2026-07-14T09:29:06.3100000Z,False,False,False,False,False,False,0,False,False,False,False,False,0,False,False,0,13347745634,False,A48AB3C3-6F6A-41D8-94C4-ED2FB18D2595,False,False,True,3,6.951827006940681,0.8853497618,,,,,"[{'message': 'Popular Pick', 'qualifier': '58 tickets sold for this event', 'hasValue': True, 'messageType': 'BoughtInLastHourSocialProofBased'}]",[],,,,,,,,Fan favorite,This section is in the top 10% of sections for this event when ranked based on a count of successful sales over the past 7 days on our site,True,,,
13375328648,153020449,303,122896,303,2,12,_,,False,False,1,,False,False,[1],407,Upper,6,True,"[{'listingNoteId': -1, 'listingNoteContentId': 3338094, 'formattedListingNoteContent': 'Clear view', 'listingNoteTypeId': 3, 'showToBuyer': True, 'hideInMock': False, 'siteAddedListingNote': False, 'aisleListingNoteWithSplit': False, 'listingNoteDescriptionContentId': 3338095, 'formattedListingNoteDescription': ""You'll have an unrestricted view of the show.""}]","[{'listingNoteBucketId': 27, 'formattedListingNoteContent': 'Clear view', 'displayOrder': 8, 'showsRawNoteText': True, 'sourceListingNoteId': -1}]",2113621,False,False,Row 12,False,1571779,"¥1,571,779","¥1,571,779",10,Mobile Transfer ticket,3,1,EUR,JPY,5000.0,EUR,"https://img.vggcdn.net/img/vfsimage2/812551/407_122896/0.jpg?im=Resize=(500,271)&v=771",2 days ago,5.7,False,False,False,False,wQL8JxTZ0g%2bHLVAQC0RXH5xchs5xub9qb6lpomQXhYM%3d,False,2026-07-16T18:55:17.1300000Z,False,False,False,False,False,False,0,False,False,False,False,False,0,False,False,0,13375328648,False,37F992FC-AAC5-42F0-974E-EB2961243D69,False,False,True,3,5.703433434825952,0.7623165436,,,,,"[{'message': 'Popular Pick', 'qualifier': '58 tickets sold for this event', 'hasValue': True, 'messageType': 'BoughtInLastHourSocialProofBased'}]",[],,,"¥2,460,822",36.0,"¥889,043",,,,,,,,
13392497058,153020449,322,122915,322,2,11,_,,False,False,4,,False,False,"[1, 2, 4]",407,Upper,4,True,"[{'listingNoteId': -1, 'listingNoteContentId': 3338094, 'formattedListingNoteContent': 'Clear view', 'listingNoteTypeId': 3, 'showToBuyer': True, 'hideInMock': False, 'siteAddedListingNote': False, 'aisleListingNoteWithSplit': False, 'listingNoteDescriptionContentId': 3338095, 'formattedListingNoteDescription': ""You'll have an unrestricted view of the show.""}]","[{'listingNoteBucketId': 27, 'formattedListingNoteContent': 'Clear view', 'displayOrder': 8, 'showsRawNoteText': True, 'sourceListingNoteId': -1}]",2113732,False,False,Row 11,False,1586909,"¥1,586,909","¥1,586,909",10,Mobile Transfer ticket,3,1,USD,JPY,5785.0,USD,"https://img.vggcdn.net/img/vfsimage2/812551/407_122915/0.jpg?im=Resize=(500,271)&v=771",10 hours ago,5.7,False,False,False,False,Wdi4jvkeXTRqNH7xsJutlmCcIeMtxgyNMrvsbZ9gFfc%3d,False,2026-07-18T19:21:37.2630000Z,False,False,False,False,False,False,0,False,False,False,False,False,0,False,False,0,13392497058,False,BECE4029-F264-45F8-BA6C-581E8C28F299,False,False,True,3,5.669694009933595,0.7667625991,,,,,"[{'message': 'Popular Pick', 'qualifier': '58 tickets sold for this event', 'hasValue': True, 'messageType': 'BoughtInLastHourSocialProofBased'}]",[],,,,,,,,Fan favorite,This section has the highest count of successful sales for this event over the past 7 days on our site,True,,,
13393295027,153020449,330,122923,330,2,13,100_101,100,False,False,2,,False,False,"[1, 2]",407,Upper,2,True,"[{'listingNoteId': -1, 'listingNoteContentId': 3338094, 'formattedListingNoteContent': 'Clear view', 'listingNoteTypeId': 3, 'showToBuyer': True, 'hideInMock': False, 'siteAddedListingNote': False, 'aisleListingNoteWithSplit': False, 'listingNoteDescriptionContentId': 3338095, 'formattedListingNoteDescription': ""You'll have an unrestricted view of the show.""}]","[{'listingNoteBucketId': 27, 'formattedListingNoteContent': 'Clear view', 'displayOrder': 8, 'showsRawNoteText': True, 'sourceListingNoteId': -1}]",2113908,False,False,Row 13,False,1592838,"¥1,592,838","¥1,592,838",10,Mobile Transfer ticket,3,1,AED,JPY,400.0,AED,"https://img.vggcdn.net/img/vfsimage2/812551/407_122923/0.jpg?im=Resize=(500,271)&v=771",7 hours ago,6.3,False,False,False,False,BF6Ub8mFT6LbcRzN62%2bqgo3GQ19l9ePw2pKHtlk3B38%3d,False,2026-07-18T22:37:00.6530000Z,False,False,False,False,False,False,0,False,False,False,False,False,0,False,False,0,13393295027,False,09858D18-121A-486E-8E11-70170BD67632,False,False,True,3,6.326353026996064,0.8303966184,,,,,"[{'message': 'Popular Pick', 'qualifier': '58 tickets sold for this event', 'hasValue': True, 'messageType': 'BoughtInLastHourSocialProofBased'}]",[],,,,,,Last tickets,True,,,,,,
13394485896,153020449,342,122935,342,2,15,_,,False,False,4,,False,False,"[1, 2, 3, 4]",407,Upper,4,True,"[{'listingNoteId': -1, 'listingNoteContentId': 3338094, 'formattedListingNoteContent': 'Clear view', 'listingNoteTypeId': 3, 'showToBuyer': True, 'hideInMock': False, 'siteAddedListingNote': False, 'aisleListingNoteWithSplit': False, 'listingNoteDescriptionContentId': 3338095, 'formattedListingNoteDescription': ""You'll have an unrestricted view of the show.""}]","[{'listingNoteBucketId': 27, 'formattedListingNoteContent': 'Clear view', 'displayOrder': 8, 'showsRawNoteText': True, 'sourceListingNoteId': -1}]",704431,False,False,Row 15,False,1594838,"¥1,594,838","¥1,594,838",10,Mobile Transfer ticket,3,1,USD,JPY,0.0,USD,"https://img.vggcdn.net/img/vfsimage2/812551/407_122935/0.jpg?im=Resize=(500,271)&v=771",2 hours ago,6.0,False,False,False,False,8y%2bxyDVa4wPlKr8wvJ0M91wFHfK9uRnOjSsNM3HZglI%3d,False,2026-07-19T03:27:41.2970000Z,False,False,False,False,False,False,0,False,False,False,False,False,0,False,False,0,13394485896,False,46391A9C-F21F-4BD4-8ED0-99C93238FAE5,False,False,True,3,5.996451699716459,0.7997160059,,,,,"[{'message': 'Popular Pick', 'qualifier': '58 tickets sold for this event', 'hasValue': True, 'messageType': 'BoughtInLastHourSocialProofBased'}]",[],,,,,,,,,,,,,
13392497046,153020449,322,122915,322,2,10,_,,False,False,4,,False,False,"[1, 2, 4]",407,Upper,4,True,"[{'listingNoteId': -1, 'listingNoteContentId': 3338094, 'formattedListingNoteContent': 'Clear view', 'listingNoteTypeId': 3, 'showToBuyer': True, 'hideInMock': False, 'siteAddedListingNote': False, 'aisleListingNoteWithSplit': False, 'listingNoteDescriptionContentId': 3338095, 'formattedListingNoteDescription': ""You'll have an unrestricted view of the show.""}]","[{'listingNoteBucketId': 27, 'formattedListingNoteContent': 'Clear view', 'displayOrder': 8, 'showsRawNoteText': True, 'sourceListingNoteId': -1}]",2113731,False,False,Row 10,False,1600951,"¥1,600,951","¥1,600,951",10,Mobile Transfer ticket,3,1,USD,JPY,5785.0,USD,"https://img.vggcdn.net/img/vfsimage2/812551/407_122915/0.jpg?im=Resize=(500,271)&v=771",10 hours ago,5.6,False,False,False,False,ySESP6g0tbpgVaFh8qLEE01rz%2bWtP%2bif7p43QskAgGI%3d,False,2026-07-18T19:21:36.7900000Z,False,False,False,False,False,False,0,False,False,False,False,False,0,False,False,0,13392497046,False,48D4E47D-3B9D-4B4D-A887-D942A4989330,False,False,True,3,5.632813040412353,0.7703825723,,,,,"[{'message': 'Popular Pick', 'qualifier': '58 tickets sold for this event', 'hasValue': True, 'messageType': 'BoughtInLastHourSocialProofBased'}]",[],,,,,,,,Fan favorite,This section has the highest count of successful sales for this event over the past 7 days on our site,True,,,
13392490749,153020449,307,122900,307,2,2,_,,False,False,4,,False,False,"[1, 2, 3, 4]",478,Loge,4,True,"[{'listingNoteId': 2026, 'listingNoteContentId': 3415844, 'formattedListingNoteContent': 'Second Row of Section', 'listingNoteTypeId': 6, 'showToBuyer': True, 'hideInMock': False, 'siteAddedListingNote': False, 'aisleListingNoteWithSplit': False, 'listingNoteDescriptionContentId': 3415844, 'formattedListingNoteDescription': 'Second Row of Section'}, {'listingNoteId': -1, 'listingNoteContentId': 3338094, 'formattedListingNoteContent': 'Clear view', 'listingNoteTypeId': 3, 'showToBuyer': True, 'hideInMock': False, 'siteAddedListingNote': False, 'aisleListingNoteWithSplit': False, 'listingNoteDescriptionContentId': 3338095, 'formattedListingNoteDescription': ""You'll have an unrestricted view of the show.""}]","[{'listingNoteBucketId': 14, 'formattedListingNoteContent': 'Second Row of Section', 'displayOrder': 14, 'showsRawNoteText': True, 'sourceListingNoteId': 2026}, {'listingNoteBucketId': 27, 'formattedListingNoteContent': 'Clear view', 'displayOrder': 8, 'showsRawNoteText': True, 'sourceListingNoteId': -1}]",1590980,False,False,Row 2,False,1606030,"¥1,606,030","¥1,606,030",10,Mobile Transfer ticket,3,1,USD,JPY,0.0,USD,"https://img.vggcdn.net/img/vfsimage2/812551/478_122900/0.jpg?im=Resize=(500,271)&v=771",10 hours ago,7.5,False,False,False,False,AiTn7056CdCopll%2bRVyQ4pzvkYWafsAzRwE1MFJkgYs%3d,False,2026-07-18T19:19:19.1070000Z,False,False,False,False,False,False,0,False,False,False,False,False,0,False,False,0,13392490749,False,7129E319-728E-4D0D-9B18-97D07DAC0AE6,False,False,True,4,7.506481587581413,0.9750993377,,,,,"[{'message': 'Great Value', 'qualifier': 'Based on price, view, seat quality and more', 'hasValue': True, 'messageType': 'ValueBased'}, {'message': 'Popular Pick', 'qualifier': '58 tickets sold for this event', 'hasValue': True, 'messageType': 'BoughtInLastHourSocialProofBased'}, {'message': 'Second Row', 'qualifier': 'Premium close-up view', 'hasValue': True, 'messageType': 'SecondRowTicketAttributeBased'}]",[2026],,,"¥2,126,841",24.0,"¥520,811",,,,,,,,
13387897309,153020449,225A,1530785,225A,2,10,4_7,4,False,False,4,,False,False,"[1, 2, 4]",471,Middle,4,True,"[{'listingNoteId': -1, 'listingNoteContentId': 3338094, 'formattedListingNoteContent': 'Clear view', 'listingNoteTypeId': 3, 'showToBuyer': True, 'hideInMock': False, 'siteAddedListingNote': False, 'aisleListingNoteWithSplit': False, 'listingNoteDescriptionContentId': 3338095, 'formattedListingNoteDescription': ""You'll have an unrestricted view of the show.""}]","[{'listingNoteBucketId': 27, 'formattedListingNoteContent': 'Clear view', 'displayOrder': 8, 'showsRawNoteText': True, 'sourceListingNoteId': -1}]",1593610,False,False,Row 10,False,1607694,"¥1,607,694","¥1,607,694",10,Mobile Transfer ticket,3,1,USD,JPY,0.0,USD,"https://img.vggcdn.net/img/vfsimage2/812551/471_1530785/0.jpg?im=Resize=(500,271)&v=771",yesterday,7.8,False,False,False,False,xWNUFZZ%2fZnSfcOGT6IERIOT3R2%2bU8xcLuREidUEQ1iw%3d,False,2026-07-18T01:19:17.8730000Z,False,False,False,False,False,False,0,False,False,False,False,False,0,False,False,0,13387897309,False,707D6196-B7BE-4C3A-8DDC-DA6ECBE788FB,False,False,True,4,7.791456352296438,1.016105021,,,,,"[{'message': 'Great Value', 'qualifier': 'Based on price, view, seat quality and more', 'hasValue': True, 'messageType': 'ValueBased'}, {'message': 'Popular Pick', 'qualifier': '58 tickets sold for this event', 'hasValue': True, 'messageType': 'BoughtInLastHourSocialProofBased'}]",[],,,"¥2,814,368",43.0,"¥1,206,674",Last tickets,True,,,,,,
13394647246,153020449,343,122936,343,2,7,2_2,2,False,False,1,,False,False,[1],407,Upper,1,True,"[{'listingNoteId': -1, 'listingNoteContentId': 3338094, 'formattedListingNoteContent': 'Clear view', 'listingNoteTypeId': 3, 'showToBuyer': True, 'hideInMock': False, 'siteAddedListingNote': False, 'aisleListingNoteWithSplit': False, 'listingNoteDescriptionContentId': 3338095, 'formattedListingNoteDescription': ""You'll have an unrestricted view of the show.""}]","[{'listingNoteBucketId': 27, 'formattedListingNoteContent': 'Clear view', 'displayOrder': 8, 'showsRawNoteText': True, 'sourceListingNoteId': -1}]",704445,False,False,Row 7,False,1607694,"¥1,607,694","¥1,607,694",10,Mobile Transfer ticket,3,1,USD,JPY,0.0,USD,"https://img.vggcdn.net/img/vfsimage2/812551/407_122936/0.jpg?im=Resize=(500,271)&v=771",an hour ago,6.6,False,False,False,False,xWNUFZZ%2fZnSfcOGT6IERIOT3R2%2bU8xcLuREidUEQ1iw%3d,False,2026-07-19T04:11:28.0300000Z,False,False,False,False,False,False,0,False,False,False,False,False,0,False,False,0,13394647246,False,172FF5C5-35DE-430E-B029-A5D620CB8EA1,False,False,True,3,6.582856912233805,0.8648162098,,,,,"[{'message': 'Popular Pick', 'qualifier': '58 tickets sold for this event', 'hasValue': True, 'messageType': 'BoughtInLastHourSocialProofBased'}]",[],,,,,,,,,,,,,
13394712846,153020449,227A,1530787,227A,2,9,4_6,4,False,False,3,,False,False,"[1, 3]",471,Middle,3,True,"[{'listingNoteId': -1, 'listingNoteContentId': 3338094, 'formattedListingNoteContent': 'Clear view', 'listingNoteTypeId': 3, 'showToBuyer': True, 'hideInMock': False, 'siteAddedListingNote': False, 'aisleListingNoteWithSplit': False, 'listingNoteDescriptionContentId': 3338095, 'formattedListingNoteDescription': ""You'll have an unrestricted view of the show.""}]","[{'listingNoteBucketId': 27, 'formattedListingNoteContent': 'Clear view', 'displayOrder': 8, 'showsRawNoteText': True, 'sourceListingNoteId': -1}]",1593637,False,False,Row 9,False,1631608,"¥1,631,608","¥1,631,608",10,Mobile Transfer ticket,3,1,USD,JPY,10990.0,USD,"https://img.vggcdn.net/img/vfsimage2/812551/471_1530787/0.jpg?im=Resize=(500,271)&v=771",an hour ago,8.6,False,False,False,False,zWv82EPfzv1eQ823rVvA0o%2fKRbj9KEuY54IXR3Xco1Q%3d,False,2026-07-19T04:25:11.5030000Z,False,False,False,False,False,False,0,False,False,False,False,False,0,False,False,0,13394712846,False,C897A37E-3F26-4FF6-AF24-3879E9A0F4B2,False,False,True,5,8.647785771212316,1.199491418,,,,,"[{'message': 'Amazing Value', 'qualifier': 'Based on price, view, seat quality and more', 'hasValue': True, 'messageType': 'ValueBased'}, {'message': 'Popular Pick', 'qualifier': '58 tickets sold for this event', 'hasValue': True, 'messageType': 'BoughtInLastHourSocialProofBased'}]",[],,,,,,,,,,,,,
13394497345,153020449,227B,1530788,227B,2,16,7_7,7,False,False,1,,False,False,[1],471,Middle,1,True,"[{'listingNoteId': -1, 'listingNoteContentId': 3338094, 'formattedListingNoteContent': 'Clear view', 'listingNoteTypeId': 3, 'showToBuyer': True, 'hideInMock': False, 'siteAddedListingNote': False, 'aisleListingNoteWithSplit': False, 'listingNoteDescriptionContentId': 3338095, 'formattedListingNoteDescription': ""You'll have an unrestricted view of the show.""}]","[{'listingNoteBucketId': 27, 'formattedListingNoteContent': 'Clear view', 'displayOrder': 8, 'showsRawNoteText': True, 'sourceListingNoteId': -1}]",2113491,False,False,Row 16,False,1649599,"¥1,649,599","¥1,649,599",10,Mobile Transfer ticket,3,1,USD,JPY,,USD,"https://img.vggcdn.net/img/vfsimage2/812551/471_1530788/0.jpg?im=Resize=(500,271)&v=771",2 hours ago,7.6,False,False,False,False,4bFxGrMHEqNwsE%2fmUFhLdzOL8KwuPuAjnW8sQeiTKNk%3d,False,2026-07-19T03:32:35.4000000Z,False,False,False,False,False,False,0,False,False,False,False,False,0,False,False,0,13394497345,False,710462A9-9992-4CCA-8A02-A1B3FD829FC1,False,False,True,4,7.64776674705716,1.021493425,,,,,"[{'message': 'Great Value', 'qualifier': 'Based on price, view, seat quality and more', 'hasValue': True, 'messageType': 'ValueBased'}, {'message': 'Popular Pick', 'qualifier': '58 tickets sold for this event', 'hasValue': True, 'messageType': 'BoughtInLastHourSocialProofBased'}]",[],7,7,,,,Last ticket,True,,,,,,
13388308299,153020449,104,122784,104,2,46,_,,False,False,1,,False,False,[1],594,Lower,1,True,"[{'listingNoteId': -1, 'listingNoteContentId': 3338094, 'formattedListingNoteContent': 'Clear view', 'listingNoteTypeId': 3, 'showToBuyer': True, 'hideInMock': False, 'siteAddedListingNote': False, 'aisleListingNoteWithSplit': False, 'listingNoteDescriptionContentId': 3338095, 'formattedListingNoteDescription': ""You'll have an unrestricted view of the show.""}]","[{'listingNoteBucketId': 27, 'formattedListingNoteContent': 'Clear view', 'displayOrder': 8, 'showsRawNoteText': True, 'sourceListingNoteId': -1}]",2112199,False,False,Row 46,False,1658371,"¥1,658,371","¥1,658,371",10,Mobile Transfer ticket,3,1,USD,JPY,10990.0,USD,"https://img.vggcdn.net/img/vfsimage2/812551/594_122784/0.jpg?im=Resize=(500,271)&v=771",yesterday,7.3,False,False,False,False,Y23MBa0YyOwdL4sHOSDiYPDsGSDpmYI1Mpb0MtGkqNo%3d,False,2026-07-18T02:58:06.6130000Z,False,False,False,False,False,False,0,False,False,False,False,False,0,False,False,0,13388308299,False,0857B3F0-DAB6-4E16-A480-4528FD15DE30,False,False,True,4,7.308894716790127,0.9801373144,,,,,"[{'message': 'Great Value', 'qualifier': 'Based on price, view, seat quality and more', 'hasValue': True, 'messageType': 'ValueBased'}, {'message': 'Popular Pick', 'qualifier': '58 tickets sold for this event', 'hasValue': True, 'messageType': 'BoughtInLastHourSocialProofBased'}]",[],,,"¥2,688,146",38.0,"¥1,029,775",,,Fan favorite,This section is in the top 10% of sections for this event when ranked based on a count of successful sales over the past 7 days on our site,True,,,
13394331944,153020449,124,122796,124,2,29,8_10,8,False,False,3,,False,False,"[1, 3]",594,Lower,3,True,"[{'listingNoteId': -1, 'listingNoteContentId': 3338094, 'formattedListingNoteContent': 'Clear view', 'listingNoteTypeId': 3, 'showToBuyer': True, 'hideInMock': False, 'siteAddedListingNote': False, 'aisleListingNoteWithSplit': False, 'listingNoteDescriptionContentId': 3338095, 'formattedListingNoteDescription': ""You'll have an unrestricted view of the show.""}]","[{'listingNoteBucketId': 27, 'formattedListingNoteContent': 'Clear view', 'displayOrder': 8, 'showsRawNoteText': True, 'sourceListingNoteId': -1}]",2112737,False,False,Row 29,False,1688322,"¥1,688,322","¥1,688,322",10,Mobile Transfer ticket,3,1,USD,JPY,0.0,USD,"https://img.vggcdn.net/img/vfsimage2/812551/594_122796/0.jpg?im=Resize=(500,271)&v=771",3 hours ago,8.5,False,False,False,False,IIBUwBHMda4UzdgY1aOfvx3j6ftJQMHKVKA7NWwcJK0%3d,False,2026-07-19T02:48:18.5830000Z,False,False,False,False,False,False,0,False,False,False,False,False,0,False,False,0,13394331944,False,05FB275A-81E9-40F2-8491-59637EE05805,False,False,True,4,8.468721884764093,1.182200756,,,,,"[{'message': 'Great Value', 'qualifier': 'Based on price, view, seat quality and more', 'hasValue': True, 'messageType': 'ValueBased'}, {'message': 'Popular Pick', 'qualifier': '58 tickets sold for this event', 'hasValue': True, 'messageType': 'BoughtInLastHourSocialProofBased'}]",[],,,,,,,,Fan favorite,This section is in the top 10% of sections for this event when ranked based on a count of successful sales over the past 7 days on our site,True,,,
13393267849,153020449,341,122934,341,2,5,14_17,14,False,False,4,,False,False,"[1, 2, 4]",407,Upper,4,True,"[{'listingNoteId': -1, 'listingNoteContentId': 3338094, 'formattedListingNoteContent': 'Clear view', 'listingNoteTypeId': 3, 'showToBuyer': True, 'hideInMock': False, 'siteAddedListingNote': False, 'aisleListingNoteWithSplit': False, 'listingNoteDescriptionContentId': 3338095, 'formattedListingNoteDescription': ""You'll have an unrestricted view of the show.""}]","[{'listingNoteBucketId': 27, 'formattedListingNoteContent': 'Clear view', 'displayOrder': 8, 'showsRawNoteText': True, 'sourceListingNoteId': -1}]",704399,False,False,Row 5,False,1695455,"¥1,695,455","¥1,695,455",10,Mobile Transfer ticket,3,1,USD,JPY,0.0,USD,"https://img.vggcdn.net/img/vfsimage2/812551/407_122934/0.jpg?im=Resize=(500,271)&v=771",7 hours ago,7.1,False,False,False,False,m0tKwx5BlIuBEwPwNmbTcFJ3OsRi%2b0soEs7uyuwNEYM%3d,False,2026-07-18T22:32:17.9230000Z,False,False,False,False,False,False,0,False,False,False,False,False,0,False,False,0,13393267849,False,9EA6A7C8-B9CF-4F34-A93E-FEE1FF19610B,False,False,True,4,7.107295555004493,0.9756163799,,,,,"[{'message': 'Great Value', 'qualifier': 'Based on price, view, seat quality and more', 'hasValue': True, 'messageType': 'ValueBased'}, {'message': 'Popular Pick', 'qualifier': '58 tickets sold for this event', 'hasValue': True, 'messageType': 'BoughtInLastHourSocialProofBased'}]",[],,,,,,,,,,,,,
13395134307,153020449,101,122782,101,2,15,20_23,20,False,False,4,,False,False,"[1, 2, 4]",594,Lower,4,True,"[{'listingNoteId': -1, 'listingNoteContentId': 3338094, 'formattedListingNoteContent': 'Clear view', 'listingNoteTypeId': 3, 'showToBuyer': True, 'hideInMock': False, 'siteAddedListingNote': False, 'aisleListingNoteWithSplit': False, 'listingNoteDescriptionContentId': 3338095, 'formattedListingNoteDescription': ""You'll have an unrestricted view of the show.""}]","[{'listingNoteBucketId': 27, 'formattedListingNoteContent': 'Clear view', 'displayOrder': 8, 'showsRawNoteText': True, 'sourceListingNoteId': -1}]",2112069,False,False,Row 15,False,1703124,"¥1,703,124","¥1,703,124",10,Mobile Transfer ticket,3,1,USD,JPY,10990.0,USD,"https://img.vggcdn.net/img/vfsimage2/812551/594_122782/0.jpg?im=Resize=(500,271)&v=771",12 minutes ago,9.1,False,False,False,False,gBVYfDV08GR59%2bgo14oGXUoT9XHcI7w4u4s%2fSXMmJ5E%3d,False,2026-07-19T05:37:21.6970000Z,False,False,False,False,False,False,0,False,False,False,False,False,0,False,False,0,13395134307,False,380DF2AE-87A1-496B-9EDB-F1AB9A6E78FC,False,False,True,5,9.0664046247818,1.426116576,,,,,"[{'message': 'Amazing Value', 'qualifier': 'Based on price, view, seat quality and more', 'hasValue': True, 'messageType': 'ValueBased'}, {'message': 'Popular Pick', 'qualifier': '58 tickets sold for this event', 'hasValue': True, 'messageType': 'BoughtInLastHourSocialProofBased'}]",[],,,,,,,,Fan favorite,This section is in the top 10% of sections for this event when ranked based on a count of successful sales over the past 7 days on our site,True,,,
13394074571,153020449,124,122796,124,2,11,19_22,19,False,False,4,,False,False,"[1, 2, 4]",594,Lower,4,True,"[{'listingNoteId': -1, 'listingNoteContentId': 3338094, 'formattedListingNoteContent': 'Clear view', 'listingNoteTypeId': 3, 'showToBuyer': True, 'hideInMock': False, 'siteAddedListingNote': False, 'aisleListingNoteWithSplit': False, 'listingNoteDescriptionContentId': 3338095, 'formattedListingNoteDescription': ""You'll have an unrestricted view of the show.""}]","[{'listingNoteBucketId': 27, 'formattedListingNoteContent': 'Clear view', 'displayOrder': 8, 'showsRawNoteText': True, 'sourceListingNoteId': -1}]",2112718,False,False,Row 11,False,1712311,"¥1,712,311","¥1,712,311",10,Mobile Transfer ticket,3,1,USD,JPY,10990.0,USD,"https://img.vggcdn.net/img/vfsimage2/812551/594_122796/0.jpg?im=Resize=(500,271)&v=771",4 hours ago,9.1,False,False,False,False,Fx1pAXvNkrOSGOgVKZv35jEQl1XygxLelX1KEpPw9EM%3d,False,2026-07-19T01:36:12.8330000Z,False,False,False,False,False,False,0,False,False,False,False,False,0,False,False,0,13394074571,False,67DD2BF2-904F-42F2-9F0F-CBD55AB67F02,False,False,True,5,9.109869531833645,1.454807154,,,,,"[{'message': 'Amazing Value', 'qualifier': 'Based on price, view, seat quality and more', 'hasValue': True, 'messageType': 'ValueBased'}, {'message': 'Popular Pick', 'qualifier': '58 tickets sold for this event', 'hasValue': True, 'messageType': 'BoughtInLastHourSocialProofBased'}]",[],,,,,,,,Fan favorite,This section is in the top 10% of sections for this event when ranked based on a count of successful sales over the past 7 days on our site,True,,,
13386032260,153020449,Supporters Club,2439116,Supporters Club,2,8,10_12,10,False,False,3,,False,False,"[1, 2, 3]",1068,Hospitality,3,True,"[{'listingNoteId': 2344, 'listingNoteContentId': 4216766, 'formattedListingNoteContent': 'Includes Offsite Hospitality', 'listingNoteTypeId': 3, 'showToBuyer': True, 'hideInMock': False, 'siteAddedListingNote': False, 'aisleListingNoteWithSplit': False, 'formattedListingNoteDescription': ''}, {'listingNoteId': -1, 'listingNoteContentId': 3338094, 'formattedListingNoteContent': 'Clear view', 'listingNoteTypeId': 3, 'showToBuyer': True, 'hideInMock': False, 'siteAddedListingNote': False, 'aisleListingNoteWithSplit': False, 'listingNoteDescriptionContentId': 3338095, 'formattedListingNoteDescription': ""You'll have an unrestricted view of the show.""}]","[{'listingNoteBucketId': 0, 'formattedListingNoteContent': 'Includes Offsite Hospitality', 'displayOrder': 30, 'showsRawNoteText': True, 'sourceListingNoteId': 2344}, {'listingNoteBucketId': 27, 'formattedListingNoteContent': 'Clear view', 'displayOrder': 8, 'showsRawNoteText': True, 'sourceListingNoteId': -1}]",4837383,False,False,Row 8,True,1712929,"¥1,712,929","¥1,712,929",10,Mobile Transfer ticket,3,1,GBP,JPY,5000.0,GBP,"https://img.vggcdn.net/img/vfsimage2/812551/1068_2439116/0.jpg?im=Resize=(500,271)&v=771",yesterday,9.3,False,False,False,False,pzdkwBe61GhR0K%2b8ZtRdsUB1KlS9c4OGvE04n5rbT1E%3d,False,2026-07-17T20:30:40.7370000Z,False,False,False,False,False,False,0,False,False,False,False,False,0,False,False,0,13386032260,False,5031636C-3EC5-45C0-8442-8A9AC5B7C127,False,False,True,5,9.340559960039762,1.577970786,,,,,"[{'message': 'Amazing Value', 'qualifier': 'Based on price, view, seat quality and more', 'hasValue': True, 'messageType': 'ValueBased'}, {'message': 'Popular Pick', 'qualifier': '58 tickets sold for this event', 'hasValue': True, 'messageType': 'BoughtInLastHourSocialProofBased'}]",[],10,12,"¥2,819,776",39.0,"¥1,106,847",,,,,,,,
13395038791,153020449,124,122796,124,2,9,_,,False,False,3,,False,False,"[1, 3]",594,Lower,3,True,"[{'listingNoteId': -1, 'listingNoteContentId': 3338094, 'formattedListingNoteContent': 'Clear view', 'listingNoteTypeId': 3, 'showToBuyer': True, 'hideInMock': False, 'siteAddedListingNote': False, 'aisleListingNoteWithSplit': False, 'listingNoteDescriptionContentId': 3338095, 'formattedListingNoteDescription': ""You'll have an unrestricted view of the show.""}]","[{'listingNoteBucketId': 27, 'formattedListingNoteContent': 'Clear view', 'displayOrder': 8, 'showsRawNoteText': True, 'sourceListingNoteId': -1}]",2112764,False,False,Row 9,False,1721109,"¥1,721,109","¥1,721,109",10,Mobile Transfer ticket,3,1,USD,JPY,10990.0,USD,"https://img.vggcdn.net/img/vfsimage2/812551/594_122796/0.jpg?im=Resize=(500,271)&v=771",35 minutes ago,9.2,False,False,False,False,GOLJZhyTF3slAYWZwtdlzdc9TvzI%2f2RdzgPyQL%2b8dWM%3d,False,2026-07-19T05:14:19.1730000Z,False,False,False,False,False,False,0,False,False,False,False,False,0,False,False,0,13395038791,False,90A76737-0C4A-4BBB-B5AF-BD703EE63CBC,False,False,True,5,9.162166939405585,1.488509206,,,,,"[{'message': 'Amazing Value', 'qualifier': 'Based on price, view, seat quality and more', 'hasValue': True, 'messageType': 'ValueBased'}, {'message': 'Popular Pick', 'qualifier': '58 tickets sold for this event', 'hasValue': True, 'messageType': 'BoughtInLastHourSocialProofBased'}]",[],,,,,,,,Fan favorite,This section is in the top 10% of sections for this event when ranked based on a count of successful sales over the past 7 days on our site,True,,,
13394352363,153020449,305,122898,305,2,8,_,,False,False,2,,False,False,"[1, 2]",407,Upper,2,True,"[{'listingNoteId': -1, 'listingNoteContentId': 3338094, 'formattedListingNoteContent': 'Clear view', 'listingNoteTypeId': 3, 'showToBuyer': True, 'hideInMock': False, 'siteAddedListingNote': False, 'aisleListingNoteWithSplit': False, 'listingNoteDescriptionContentId': 3338095, 'formattedListingNoteDescription': ""You'll have an unrestricted view of the show.""}]","[{'listingNoteBucketId': 27, 'formattedListingNoteContent': 'Clear view', 'displayOrder': 8, 'showsRawNoteText': True, 'sourceListingNoteId': -1}]",2113683,False,False,Row 8,False,1733782,"¥1,733,782","¥1,733,782",10,Mobile Transfer ticket,3,1,EUR,JPY,5575.0,EUR,"https://img.vggcdn.net/img/vfsimage2/812551/407_122898/0.jpg?im=Resize=(500,271)&v=771",2 hours ago,4.9,False,False,False,False,gYltSOwqVe%2fmfDxbsBM0Dy4qfcRJYYCxNYgzG6HSEVM%3d,False,2026-07-19T02:52:26.9000000Z,False,False,False,False,False,False,0,False,False,False,False,False,0,False,False,0,13394352363,False,502C780A-0B1C-4503-A70A-F91447DA0487,False,False,True,2,4.8752671092492745,0.7589851467,,,,,"[{'message': 'Popular Pick', 'qualifier': '58 tickets sold for this event', 'hasValue': True, 'messageType': 'BoughtInLastHourSocialProofBased'}]",[],,,,,,,,,,,,,
13394727695,153020449,124,122796,124,2,8,_,,False,False,4,,False,False,"[1, 2, 4]",594,Lower,4,True,"[{'listingNoteId': -1, 'listingNoteContentId': 3338094, 'formattedListingNoteContent': 'Clear view', 'listingNoteTypeId': 3, 'showToBuyer': True, 'hideInMock': False, 'siteAddedListingNote': False, 'aisleListingNoteWithSplit': False, 'listingNoteDescriptionContentId': 3338095, 'formattedListingNoteDescription': ""You'll have an unrestricted view of the show.""}]","[{'listingNoteBucketId': 27, 'formattedListingNoteContent': 'Clear view', 'displayOrder': 8, 'showsRawNoteText': True, 'sourceListingNoteId': -1}]",2112763,False,False,Row 8,False,1740213,"¥1,740,213","¥1,740,213",10,Mobile Transfer ticket,3,1,USD,JPY,10990.0,USD,"https://img.vggcdn.net/img/vfsimage2/812551/594_122796/0.jpg?im=Resize=(500,271)&v=771",an hour ago,9.2,False,False,False,False,iW4it%2fN0VVaIIRt77tQiuuEKW17itgc%2bmWSZ%2bQ1%2f2Ow%3d,False,2026-07-19T04:27:38.3330000Z,False,False,False,False,False,False,0,False,False,False,False,False,0,False,False,0,13394727695,False,B8F439F8-7CD8-49B7-9A3A-74DFD4CDF9E7,False,False,True,5,9.16332958707914,1.505636007,,,,,"[{'message': 'Amazing Value', 'qualifier': 'Based on price, view, seat quality and more', 'hasValue': True, 'messageType': 'ValueBased'}, {'message': 'Popular Pick', 'qualifier': '58 tickets sold for this event', 'hasValue': True, 'messageType': 'BoughtInLastHourSocialProofBased'}]",[],,,,,,,,Fan favorite,This section is in the top 10% of sections for this event when ranked based on a count of successful sales over the past 7 days on our site,True,,,
13276563142,153020449,329,122922,329,2,26,30_30,30,False,False,1,,False,False,[1],407,Upper,1,True,"[{'listingNoteId': -1, 'listingNoteContentId': 3338094, 'formattedListingNoteContent': 'Clear view', 'listingNoteTypeId': 3, 'showToBuyer': True, 'hideInMock': False, 'siteAddedListingNote': False, 'aisleListingNoteWithSplit': False, 'listingNoteDescriptionContentId': 3338095, 'formattedListingNoteDescription': ""You'll have an unrestricted view of the show.""}]","[{'listingNoteBucketId': 27, 'formattedListingNoteContent': 'Clear view', 'displayOrder': 8, 'showsRawNoteText': True, 'sourceListingNoteId': -1}]",2113899,False,False,Row 26,False,1745117,"¥1,745,117","¥1,745,117",10,Mobile Transfer ticket,3,1,USD,JPY,,USD,"https://img.vggcdn.net/img/vfsimage2/812551/407_122922/0.jpg?im=Resize=(500,271)&v=771",11 days ago,4.6,False,False,False,False,I4W4RcSUSJ3%2fmuvQEXJkuzE1BlPdJzXjYpMR%2fXqFll4%3d,False,2026-07-07T21:16:45.1600000Z,False,False,False,False,False,False,0,False,False,False,False,False,0,False,False,0,13276563142,False,70CFDA01-E321-45BA-8A72-C92295A50033,False,False,True,2,4.5664001083091605,0.7188976532,,,,,"[{'message': 'Popular Pick', 'qualifier': '58 tickets sold for this event', 'hasValue': True, 'messageType': 'BoughtInLastHourSocialProofBased'}]",[],30,30,"¥2,653,770",34.0,"¥908,653",Last ticket,True,,,,,,
13394635525,153020449,204,122837,204,2,6,_,,False,False,4,,False,False,"[1, 2, 4]",471,Middle,4,True,"[{'listingNoteId': -1, 'listingNoteContentId': 3338094, 'formattedListingNoteContent': 'Clear view', 'listingNoteTypeId': 3, 'showToBuyer': True, 'hideInMock': False, 'siteAddedListingNote': False, 'aisleListingNoteWithSplit': False, 'listingNoteDescriptionContentId': 3338095, 'formattedListingNoteDescription': ""You'll have an unrestricted view of the show.""}]","[{'listingNoteBucketId': 27, 'formattedListingNoteContent': 'Clear view', 'displayOrder': 8, 'showsRawNoteText': True, 'sourceListingNoteId': -1}]",702758,False,False,Row 6,False,1747956,"¥1,747,956","¥1,747,956",10,Mobile Transfer ticket,3,1,USD,JPY,7380.0,USD,"https://img.vggcdn.net/img/vfsimage2/812551/471_122837/0.jpg?im=Resize=(500,271)&v=771",an hour ago,7.4,False,False,False,False,dBZ0G9JupGKFqHpKi3A79DhKhS%2b3mOAh0QShuoHm%2fdw%3d,False,2026-07-19T04:08:35.2370000Z,False,False,False,False,False,False,0,False,False,False,False,False,0,False,False,0,13394635525,False,476FA3B6-568C-43C4-829C-D20DB0895E21,False,False,True,4,7.415843545299417,1.048172193,,,,,"[{'message': 'Great Value', 'qualifier': 'Based on price, view, seat quality and more', 'hasValue': True, 'messageType': 'ValueBased'}, {'message': 'Popular Pick', 'qualifier': '58 tickets sold for this event', 'hasValue': True, 'messageType': 'BoughtInLastHourSocialProofBased'}]",[],,,,,,,,Fan favorite,This section is in the top 10% of sections for this event when ranked based on a count of successful sales over the past 7 days on our site,True,,,
13346673777,153020449,307,122900,307,2,22,_,,False,False,5,,False,False,"[1, 2, 3, 4, 5]",407,Upper,5,True,"[{'listingNoteId': -1, 'listingNoteContentId': 3338094, 'formattedListingNoteContent': 'Clear view', 'listingNoteTypeId': 3, 'showToBuyer': True, 'hideInMock': False, 'siteAddedListingNote': False, 'aisleListingNoteWithSplit': False, 'listingNoteDescriptionContentId': 3338095, 'formattedListingNoteDescription': ""You'll have an unrestricted view of the show.""}]","[{'listingNoteBucketId': 27, 'formattedListingNoteContent': 'Clear view', 'displayOrder': 8, 'showsRawNoteText': True, 'sourceListingNoteId': -1}]",703671,False,False,Row 22,False,1754862,"¥1,754,862","¥1,754,862",10,Mobile Transfer ticket,3,1,USD,JPY,8999.0,USD,"https://img.vggcdn.net/img/vfsimage2/812551/407_122900/0.jpg?im=Resize=(500,271)&v=771",5 days ago,6.7,False,False,False,False,gFeNoBm2DZ%2f%2fbTDtR72wd05u6DCxsueI3MP3fxdz%2fnw%3d,False,2026-07-14T02:24:06.8770000Z,False,False,False,False,False,False,0,False,False,False,False,False,0,False,False,0,13346673777,False,C62C7E1F-2549-4D19-BCD3-15BC93DEBDFB,False,False,True,3,6.657897977797801,0.9528748648,,,,,"[{'message': 'Popular Pick', 'qualifier': '58 tickets sold for this event', 'hasValue': True, 'messageType': 'BoughtInLastHourSocialProofBased'}]",[],,,,,,,,,,,,,
13394322103,153020449,108,122786,108,2,14,8_8,8,False,False,1,,False,False,[1],594,Lower,1,True,"[{'listingNoteId': 814, 'listingNoteContentId': 2446060, 'formattedListingNoteContent': 'Limited or Obstructed View (printed on ticket)', 'listingNoteTypeId': 1, 'showToBuyer': True, 'hideInMock': False, 'siteAddedListingNote': False, 'aisleListingNoteWithSplit': False, 'listingNoteDescriptionContentId': 2446061, 'formattedListingNoteDescription': 'Limited or Obstructed View (printed on ticket)'}]","[{'listingNoteBucketId': 21, 'formattedListingNoteContent': 'Limited view', 'displayOrder': 21, 'showsRawNoteText': False}]",2112257,False,False,Row 14,False,1754864,"¥1,754,864","¥1,754,864",10,Mobile Transfer ticket,3,1,USD,JPY,5750.0,USD,"https://img.vggcdn.net/img/vfsimage2/812551/594_122786/0.jpg?im=Resize=(500,271)&v=771",3 hours ago,9.2,False,False,False,False,ZTlEk7tx9ByOLkd7NQm9slSfjULTnMAdXPbH%2biU0B7A%3d,False,2026-07-19T02:44:36.1630000Z,False,False,False,False,False,False,0,False,False,False,False,False,0,False,False,0,13394322103,False,8BB8769E-6C9A-45D3-A88E-5C40E2085F1F,False,False,True,5,9.179338639483367,1.526700314,,,,,"[{'message': 'Amazing Value', 'qualifier': 'Based on price, view, seat quality and more', 'hasValue': True, 'messageType': 'ValueBased'}, {'message': 'Popular Pick', 'qualifier': '58 tickets sold for this event', 'hasValue': True, 'messageType': 'BoughtInLastHourSocialProofBased'}]",[],,,,,,,,,,,,,
13387585020,153020449,103,122783,103,2,46,15_15,15,False,False,1,,False,False,[1],594,Lower,1,True,"[{'listingNoteId': -1, 'listingNoteContentId': 3338094, 'formattedListingNoteContent': 'Clear view', 'listingNoteTypeId': 3, 'showToBuyer': True, 'hideInMock': False, 'siteAddedListingNote': False, 'aisleListingNoteWithSplit': False, 'listingNoteDescriptionContentId': 3338095, 'formattedListingNoteDescription': ""You'll have an unrestricted view of the show.""}]","[{'listingNoteBucketId': 27, 'formattedListingNoteContent': 'Clear view', 'displayOrder': 8, 'showsRawNoteText': True, 'sourceListingNoteId': -1}]",2112150,False,False,Row 46,False,1754864,"¥1,754,864","¥1,754,864",10,Mobile Transfer ticket,3,1,USD,JPY,10586.03,USD,"https://img.vggcdn.net/img/vfsimage2/812551/594_122783/0.jpg?im=Resize=(500,271)&v=771",yesterday,6.4,False,False,False,False,etHI2wB3bx11eglg%2bQJdsF4ad34XG4KlT5ccZEesUyc%3d,False,2026-07-18T00:11:38.7600000Z,False,False,False,False,False,False,0,False,False,False,False,False,0,False,False,0,13387585020,False,CA6EC2DD-57F5-4C8E-A1D6-8C96C2264A21,False,False,True,3,6.406134751682776,0.9237507901,,,,,"[{'message': 'Popular Pick', 'qualifier': '58 tickets sold for this event', 'hasValue': True, 'messageType': 'BoughtInLastHourSocialProofBased'}]",[],15,15,"¥3,222,432",46.0,"¥1,467,568",,,Fan favorite,This section is in the top 10% of sections for this event when ranked based on a count of successful sales over the past 7 days on our site,True,,,
13386017046,153020449,344,122937,344,2,4,4_4,4,False,False,1,,False,False,[1],478,Loge,1,True,"[{'listingNoteId': -1, 'listingNoteContentId': 3338094, 'formattedListingNoteContent': 'Clear view', 'listingNoteTypeId': 3, 'showToBuyer': True, 'hideInMock': False, 'siteAddedListingNote': False, 'aisleListingNoteWithSplit': False, 'listingNoteDescriptionContentId': 3338095, 'formattedListingNoteDescription': ""You'll have an unrestricted view of the show.""}]","[{'listingNoteBucketId': 27, 'formattedListingNoteContent': 'Clear view', 'displayOrder': 8, 'showsRawNoteText': True, 'sourceListingNoteId': -1}]",1591268,False,False,Row 4,False,1754864,"¥1,754,864","¥1,754,864",10,Mobile Transfer ticket,3,1,USD,JPY,,USD,"https://img.vggcdn.net/img/vfsimage2/812551/478_122937/0.jpg?im=Resize=(500,271)&v=771",yesterday,5.8,False,False,False,False,I4W4RcSUSJ3%2fmuvQEXJkuzE1BlPdJzXjYpMR%2fXqFll4%3d,False,2026-07-17T20:26:41.2230000Z,False,False,False,False,False,False,0,False,False,False,False,False,0,False,False,0,13386017046,False,91B2513B-F229-45C5-938B-26AA251A09ED,False,False,True,3,5.8102481861729345,0.8614308766,,,,,"[{'message': 'Popular Pick', 'qualifier': '58 tickets sold for this event', 'hasValue': True, 'messageType': 'BoughtInLastHourSocialProofBased'}]",[],4,4,"¥2,274,658",23.0,"¥519,794",,,,,,,,
13394995084,153020449,333,122926,333,2,26,15_15,15,False,False,1,,False,False,[1],407,Upper,1,True,"[{'listingNoteId': -1, 'listingNoteContentId': 3338094, 'formattedListingNoteContent': 'Clear view', 'listingNoteTypeId': 3, 'showToBuyer': True, 'hideInMock': False, 'siteAddedListingNote': False, 'aisleListingNoteWithSplit': False, 'listingNoteDescriptionContentId': 3338095, 'formattedListingNoteDescription': ""You'll have an unrestricted view of the show.""}]","[{'listingNoteBucketId': 27, 'formattedListingNoteContent': 'Clear view', 'displayOrder': 8, 'showsRawNoteText': True, 'sourceListingNoteId': -1}]",704247,False,False,Row 26,False,1754864,"¥1,754,864","¥1,754,864",10,Mobile Transfer ticket,3,1,USD,JPY,,USD,"https://img.vggcdn.net/img/vfsimage2/812551/407_122926/0.jpg?im=Resize=(500,271)&v=771",40 minutes ago,4.1,False,False,False,False,I4W4RcSUSJ3%2fmuvQEXJkuzE1BlPdJzXjYpMR%2fXqFll4%3d,False,2026-07-19T05:08:57.0530000Z,False,False,False,False,False,False,0,False,False,False,False,False,0,False,False,0,13394995084,False,380D0456-41E5-4E20-9F3C-C82491D658E9,False,False,True,2,4.083062772153918,0.6618378068,,,,,"[{'message': 'Popular Pick', 'qualifier': '58 tickets sold for this event', 'hasValue': True, 'messageType': 'BoughtInLastHourSocialProofBased'}]",[],15,15,,,,,,,,,,,
13395169061,153020449,301,122894,301,2,7,_,,False,False,6,,False,False,"[1, 2, 3, 4, 6]",407,Upper,6,True,"[{'listingNoteId': 2027, 'listingNoteContentId': 3415845, 'formattedListingNoteContent': 'Third Row of Section', 'listingNoteTypeId': 6, 'showToBuyer': True, 'hideInMock': False, 'siteAddedListingNote': False, 'aisleListingNoteWithSplit': False, 'listingNoteDescriptionContentId': 3415845, 'formattedListingNoteDescription': 'Third Row of Section'}, {'listingNoteId': -1, 'listingNoteContentId': 3338094, 'formattedListingNoteContent': 'Clear view', 'listingNoteTypeId': 3, 'showToBuyer': True, 'hideInMock': False, 'siteAddedListingNote': False, 'aisleListingNoteWithSplit': False, 'listingNoteDescriptionContentId': 3338095, 'formattedListingNoteDescription': ""You'll have an unrestricted view of the show.""}]","[{'listingNoteBucketId': 14, 'formattedListingNoteContent': 'Third Row of Section', 'displayOrder': 14, 'showsRawNoteText': True, 'sourceListingNoteId': 2027}, {'listingNoteBucketId': 27, 'formattedListingNoteContent': 'Clear view', 'displayOrder': 8, 'showsRawNoteText': True, 'sourceListingNoteId': -1}]",2113594,False,False,Row 7,False,1758746,"¥1,758,746","¥1,758,746",10,Mobile Transfer ticket,3,1,USD,JPY,4875.32,USD,"https://img.vggcdn.net/img/vfsimage2/812551/407_122894/0.jpg?im=Resize=(500,271)&v=771",8 minutes ago,5.1,False,False,False,False,YwgkR4iIO7p2qjJKaJ2Ts2aajPzy751qKDPgfVo2ccM%3d,False,2026-07-19T05:41:23.2630000Z,False,False,False,False,False,False,0,False,False,False,False,False,0,False,False,0,13395169061,False,4298EB19-3899-412F-93A1-CFFEC2618B14,False,False,True,3,5.066657053683382,0.7962998324,,,,,"[{'message': 'Popular Pick', 'qualifier': '58 tickets sold for this event', 'hasValue': True, 'messageType': 'BoughtInLastHourSocialProofBased'}, {'message': 'Third Row', 'qualifier': 'Excellent proximity to the action', 'hasValue': True, 'messageType': 'ThirdRowTicketAttributeBased'}]",[2027],,,,,,Last tickets,True,,,,,,
13388064315,153020449,314,122907,314,2,8,1_1,1,False,False,1,,False,False,[1],407,Upper,1,True,"[{'listingNoteId': 814, 'listingNoteContentId': 2446060, 'formattedListingNoteContent': 'Limited or Obstructed View (printed on ticket)', 'listingNoteTypeId': 1, 'showToBuyer': True, 'hideInMock': False, 'siteAddedListingNote': False, 'aisleListingNoteWithSplit': False, 'listingNoteDescriptionContentId': 2446061, 'formattedListingNoteDescription': 'Limited or Obstructed View (printed on ticket)'}]","[{'listingNoteBucketId': 21, 'formattedListingNoteContent': 'Limited view', 'displayOrder': 21, 'showsRawNoteText': False}]",703811,False,False,Row 8,False,1764183,"¥1,764,183","¥1,764,183",10,Mobile Transfer ticket,3,1,EUR,JPY,7300.0,EUR,"https://img.vggcdn.net/img/vfsimage2/812551/407_122907/0.jpg?im=Resize=(500,271)&v=771",yesterday,7.8,False,False,False,False,etHI2wB3bx11eglg%2bQJdsF4ad34XG4KlT5ccZEesUyc%3d,False,2026-07-18T01:53:41.0600000Z,False,False,False,False,False,False,0,False,False,False,False,False,0,False,False,0,13388064315,False,AF7157FE-FD79-4DCF-B013-9DF98CDCDCEB,False,False,True,4,7.7891267103890645,1.114665508,,,,,"[{'message': 'Great Value', 'qualifier': 'Based on price, view, seat quality and more', 'hasValue': True, 'messageType': 'ValueBased'}, {'message': 'Popular Pick', 'qualifier': '58 tickets sold for this event', 'hasValue': True, 'messageType': 'BoughtInLastHourSocialProofBased'}]",[],1,1,,,,Last ticket,True,,,,,,
13364270996,153020449,347,122940,347,2,23,4_4,4,False,False,1,,False,False,[1],407,Upper,1,True,"[{'listingNoteId': -1, 'listingNoteContentId': 3338094, 'formattedListingNoteContent': 'Clear view', 'listingNoteTypeId': 3, 'showToBuyer': True, 'hideInMock': False, 'siteAddedListingNote': False, 'aisleListingNoteWithSplit': False, 'listingNoteDescriptionContentId': 3338095, 'formattedListingNoteDescription': ""You'll have an unrestricted view of the show.""}]","[{'listingNoteBucketId': 27, 'formattedListingNoteContent': 'Clear view', 'displayOrder': 8, 'showsRawNoteText': True, 'sourceListingNoteId': -1}]",2113983,False,False,Row 23,False,1764183,"¥1,764,183","¥1,764,183",10,Mobile Transfer ticket,3,1,EUR,JPY,9500.0,EUR,"https://img.vggcdn.net/img/vfsimage2/812551/407_122940/0.jpg?im=Resize=(500,271)&v=771",3 days ago,4.5,False,False,False,False,etHI2wB3bx11eglg%2bQJdsF4ad34XG4KlT5ccZEesUyc%3d,False,2026-07-15T21:35:44.7570000Z,False,False,False,False,False,False,0,False,False,False,False,False,0,False,False,0,13364270996,False,098A6674-E288-4928-9783-C10DD92DD093,False,False,True,2,4.526293437509654,0.7212313989,,,,,"[{'message': 'Popular Pick', 'qualifier': '58 tickets sold for this event', 'hasValue': True, 'messageType': 'BoughtInLastHourSocialProofBased'}]",[],,,,,,,,,,,,,
13393046555,153020449,Supporters Club,2439116,Supporters Club,2,6,_,,False,False,1,,False,False,[1],1068,Hospitality,1,True,"[{'listingNoteId': 1025, 'listingNoteContentId': 2446491, 'formattedListingNoteContent': 'Includes unlimited food and soft drinks', 'listingNoteTypeId': 3, 'showToBuyer': True, 'hideInMock': False, 'siteAddedListingNote': False, 'aisleListingNoteWithSplit': False, 'listingNoteDescriptionContentId': 2446492, 'formattedListingNoteDescription': 'Includes unlimited food and soft drinks'}, {'listingNoteId': 2344, 'listingNoteContentId': 4216766, 'formattedListingNoteContent': 'Includes Offsite Hospitality', 'listingNoteTypeId': 3, 'showToBuyer': True, 'hideInMock': False, 'siteAddedListingNote': False, 'aisleListingNoteWithSplit': False, 'formattedListingNoteDescription': ''}, {'listingNoteId': -1, 'listingNoteContentId': 3338094, 'formattedListingNoteContent': 'Clear view', 'listingNoteTypeId': 3, 'showToBuyer': True, 'hideInMock': False, 'siteAddedListingNote': False, 'aisleListingNoteWithSplit': False, 'listingNoteDescriptionContentId': 3338095, 'formattedListingNoteDescription': ""You'll have an unrestricted view of the show.""}]","[{'listingNoteBucketId': 7, 'formattedListingNoteContent': 'Food & beverages', 'displayOrder': 7, 'showsRawNoteText': False}, {'listingNoteBucketId': 0, 'formattedListingNoteContent': 'Includes Offsite Hospitality', 'displayOrder': 30, 'showsRawNoteText': True, 'sourceListingNoteId': 2344}, {'listingNoteBucketId': 27, 'formattedListingNoteContent': 'Clear view', 'displayOrder': 8, 'showsRawNoteText': True, 'sourceListingNoteId': -1}]",4837383,False,False,Row 6,True,1782928,"¥1,782,928","¥1,782,928",10,Mobile Transfer ticket,3,1,GBP,JPY,2000.0,GBP,"https://img.vggcdn.net/img/vfsimage2/812551/1068_2439116/0.jpg?im=Resize=(500,271)&v=771",8 hours ago,9.2,False,False,False,False,8NWLi1CrP72Q%2fDY7FpxMPfGmNcarCzXZuvPFyosydfc%3d,False,2026-07-18T21:47:25.5000000Z,False,False,False,False,False,False,0,False,False,False,False,False,0,False,False,0,13393046555,False,8AE37733-2EB7-4046-888A-09A36D2B1560,False,False,True,5,9.228658820477357,1.577970786,,,,,"[{'message': 'Amazing Value', 'qualifier': 'Based on price, view, seat quality and more', 'hasValue': True, 'messageType': 'ValueBased'}, {'message': 'Popular Pick', 'qualifier': '58 tickets sold for this event', 'hasValue': True, 'messageType': 'BoughtInLastHourSocialProofBased'}]",[],,,,,,,,,,,,,
13393706402,153020449,203A,1530773,203A,2,4,_,,False,False,1,,False,False,[1],471,Middle,1,True,"[{'listingNoteId': -1, 'listingNoteContentId': 3338094, 'formattedListingNoteContent': 'Clear view', 'listingNoteTypeId': 3, 'showToBuyer': True, 'hideInMock': False, 'siteAddedListingNote': False, 'aisleListingNoteWithSplit': False, 'listingNoteDescriptionContentId': 3338095, 'formattedListingNoteDescription': ""You'll have an unrestricted view of the show.""}]","[{'listingNoteBucketId': 27, 'formattedListingNoteContent': 'Clear view', 'displayOrder': 8, 'showsRawNoteText': True, 'sourceListingNoteId': -1}]",1593523,False,False,Row 4,False,1782928,"¥1,782,928","¥1,782,928",10,Mobile Transfer ticket,3,1,GBP,JPY,5000.0,GBP,"https://img.vggcdn.net/img/vfsimage2/812551/471_1530773/0.jpg?im=Resize=(500,271)&v=771",5 hours ago,7.7,False,False,False,False,8NWLi1CrP72Q%2fDY7FpxMPfGmNcarCzXZuvPFyosydfc%3d,False,2026-07-18T23:53:26.9570000Z,False,False,False,False,False,False,0,False,False,False,False,False,0,False,False,0,13393706402,False,CEF3C438-F1CD-4146-A907-00E67C085E27,False,False,True,4,7.651184865760502,1.104611135,,,,,"[{'message': 'Great Value', 'qualifier': 'Based on price, view, seat quality and more', 'hasValue': True, 'messageType': 'ValueBased'}, {'message': 'Popular Pick', 'qualifier': '58 tickets sold for this event', 'hasValue': True, 'messageType': 'BoughtInLastHourSocialProofBased'}]",[],,,,,,Last ticket,True,,,,,,
13375642950,153020449,Argentina Supporters,2449432,Argentina Supporters,3,,_,,False,False,2,,False,False,"[1, 2]",36868,Argentina Supporters,2,True,"[{'listingNoteId': -1, 'listingNoteContentId': 3338094, 'formattedListingNoteContent': 'Clear view', 'listingNoteTypeId': 3, 'showToBuyer': True, 'hideInMock': False, 'siteAddedListingNote': False, 'aisleListingNoteWithSplit': False, 'listingNoteDescriptionContentId': 3338095, 'formattedListingNoteDescription': ""You'll have an unrestricted view of the show.""}]","[{'listingNoteBucketId': 27, 'formattedListingNoteContent': 'Clear view', 'displayOrder': 8, 'showsRawNoteText': True, 'sourceListingNoteId': -1}]",4849984,False,False,Row,True,1784025,"¥1,784,025","¥1,784,025",10,Mobile Transfer ticket,3,1,EUR,JPY,1000.0,EUR,"https://img.vggcdn.net/img/vfsimage2/812551/36868_2449432/0.jpg?im=Resize=(500,271)&v=771",2 days ago,0.0,False,False,True,False,uIJSGDmViAlb8gL%2biSFSLgZO3oMkUlG4ZXu6384XRVc%3d,False,2026-07-16T19:32:05.2900000Z,False,False,False,False,False,False,0,False,False,False,False,False,0,False,False,0,13375642950,False,118DB4E3-E167-4F27-A8FD-A96D66589C19,False,False,True,0,,,,,,,"[{'message': 'Popular Pick', 'qualifier': '58 tickets sold for this event', 'hasValue': True, 'messageType': 'BoughtInLastHourSocialProofBased'}]",[],,,,,,Last tickets,True,,,,,,
13394284224,153020449,104,122784,104,2,43,_,,False,False,4,,False,False,"[1, 2, 3, 4]",594,Lower,4,True,"[{'listingNoteId': -1, 'listingNoteContentId': 3338094, 'formattedListingNoteContent': 'Clear view', 'listingNoteTypeId': 3, 'showToBuyer': True, 'hideInMock': False, 'siteAddedListingNote': False, 'aisleListingNoteWithSplit': False, 'listingNoteDescriptionContentId': 3338095, 'formattedListingNoteDescription': ""You'll have an unrestricted view of the show.""}]","[{'listingNoteBucketId': 27, 'formattedListingNoteContent': 'Clear view', 'displayOrder': 8, 'showsRawNoteText': True, 'sourceListingNoteId': -1}]",2112196,False,False,Row 43,False,1789026,"¥1,789,026","¥1,789,026",10,Mobile Transfer ticket,3,1,USD,JPY,0.0,USD,"https://img.vggcdn.net/img/vfsimage2/812551/594_122784/0.jpg?im=Resize=(500,271)&v=771",3 hours ago,7.0,False,False,False,False,6vV1RJNKHxCD0ItucIRCGgRRwrj8Jk0oV1CNsDVLTbk%3d,False,2026-07-19T02:34:43.4370000Z,False,False,False,False,False,False,0,False,False,False,False,False,0,False,False,0,13394284224,False,12428FD8-86E3-4E92-A790-14CAEA127988,False,False,True,3,6.99,1.014912943,,,,,"[{'message': 'Popular Pick', 'qualifier': '58 tickets sold for this event', 'hasValue': True, 'messageType': 'BoughtInLastHourSocialProofBased'}]",[],,,,,,,,Fan favorite,This section is in the top 10% of sections for this event when ranked based on a count of successful sales over the past 7 days on our site,True,,,
13394571453,153020449,126,122797,126,2,39,_,,False,False,1,,False,False,[1],594,Lower,1,True,"[{'listingNoteId': -1, 'listingNoteContentId': 3338094, 'formattedListingNoteContent': 'Clear view', 'listingNoteTypeId': 3, 'showToBuyer': True, 'hideInMock': False, 'siteAddedListingNote': False, 'aisleListingNoteWithSplit': False, 'listingNoteDescriptionContentId': 3338095, 'formattedListingNoteDescription': ""You'll have an unrestricted view of the show.""}]","[{'listingNoteBucketId': 27, 'formattedListingNoteContent': 'Clear view', 'displayOrder': 8, 'showsRawNoteText': True, 'sourceListingNoteId': -1}]",2112797,False,False,Row 39,False,1805742,"¥1,805,742","¥1,805,742",10,Mobile Transfer ticket,3,1,USD,JPY,9450.0,USD,"https://img.vggcdn.net/img/vfsimage2/812551/594_122797/0.jpg?im=Resize=(500,271)&v=771",2 hours ago,7.8,False,False,False,False,7j8zb63gdNsqc2TlhUocwkRN9v4J4bED86aJoEfXwvY%3d,False,2026-07-19T03:48:41.2100000Z,False,False,False,False,False,False,0,False,False,False,False,False,0,False,False,0,13394571453,False,D8199FF9-8E53-467F-96C1-2576B9DB83B5,False,False,True,4,7.774127473958545,1.138474821,,,,,"[{'message': 'Great Value', 'qualifier': 'Based on price, view, seat quality and more', 'hasValue': True, 'messageType': 'ValueBased'}, {'message': 'Popular Pick', 'qualifier': '58 tickets sold for this event', 'hasValue': True, 'messageType': 'BoughtInLastHourSocialProofBased'}]",[],,,,,,,,,,,,,
13394440859,153020449,123,122795,123,2,39,_,,False,False,1,,False,False,[1],594,Lower,1,True,"[{'listingNoteId': -1, 'listingNoteContentId': 3338094, 'formattedListingNoteContent': 'Clear view', 'listingNoteTypeId': 3, 'showToBuyer': True, 'hideInMock': False, 'siteAddedListingNote': False, 'aisleListingNoteWithSplit': False, 'listingNoteDescriptionContentId': 3338095, 'formattedListingNoteDescription': ""You'll have an unrestricted view of the show.""}]","[{'listingNoteBucketId': 27, 'formattedListingNoteContent': 'Clear view', 'displayOrder': 8, 'showsRawNoteText': True, 'sourceListingNoteId': -1}]",2112700,False,False,Row 39,False,1805742,"¥1,805,742","¥1,805,742",10,Mobile Transfer ticket,3,1,USD,JPY,9450.0,USD,"https://img.vggcdn.net/img/vfsimage2/812551/594_122795/0.jpg?im=Resize=(500,271)&v=771",2 hours ago,7.6,False,False,False,False,7j8zb63gdNsqc2TlhUocwkRN9v4J4bED86aJoEfXwvY%3d,False,2026-07-19T03:15:04.6600000Z,False,False,False,False,False,False,0,False,False,False,False,False,0,False,False,0,13394440859,False,5FC88F3B-A22E-4082-B0B0-A91FF25C57D4,False,False,True,4,7.611380091443555,1.112506548,,,,,"[{'message': 'Great Value', 'qualifier': 'Based on price, view, seat quality and more', 'hasValue': True, 'messageType': 'ValueBased'}, {'message': 'Popular Pick', 'qualifier': '58 tickets sold for this event', 'hasValue': True, 'messageType': 'BoughtInLastHourSocialProofBased'}]",[],,,,,,,,,,,,,
13392310973,153020449,225B,1530786,225B,2,12,13_13,13,False,False,1,,False,False,[1],471,Middle,1,True,"[{'listingNoteId': 165, 'listingNoteContentId': 2444685, 'formattedListingNoteContent': 'Preferred Seating', 'listingNoteTypeId': 3, 'showToBuyer': True, 'hideInMock': False, 'siteAddedListingNote': False, 'aisleListingNoteWithSplit': False, 'listingNoteDescriptionContentId': 2444686, 'formattedListingNoteDescription': 'Preferred Seating'}, {'listingNoteId': -1, 'listingNoteContentId': 3338094, 'formattedListingNoteContent': 'Clear view', 'listingNoteTypeId': 3, 'showToBuyer': True, 'hideInMock': False, 'siteAddedListingNote': False, 'aisleListingNoteWithSplit': False, 'listingNoteDescriptionContentId': 3338095, 'formattedListingNoteDescription': ""You'll have an unrestricted view of the show.""}]","[{'listingNoteBucketId': 11, 'formattedListingNoteContent': 'Preferred Seating', 'displayOrder': 11, 'showsRawNoteText': True, 'sourceListingNoteId': 165}, {'listingNoteBucketId': 27, 'formattedListingNoteContent': 'Clear view', 'displayOrder': 8, 'showsRawNoteText': True, 'sourceListingNoteId': -1}]",2113453,False,False,Row 12,False,1815157,"¥1,815,157","¥1,815,157",10,Mobile Transfer ticket,3,1,USD,JPY,9355.0,USD,"https://img.vggcdn.net/img/vfsimage2/812551/471_1530786/0.jpg?im=Resize=(500,271)&v=771",11 hours ago,7.4,False,False,False,False,7pMIP7JmdtbRg2JJAPDKHa7MduttR2ADuxfa91lAk9Y%3d,False,2026-07-18T18:31:21.7000000Z,False,False,False,False,False,False,0,False,False,False,False,False,0,False,False,0,13392310973,False,EF7C372E-65BC-4083-B519-C5FB534B4037,False,False,True,4,7.376352847370684,1.082646962,,,,,"[{'message': 'Great Value', 'qualifier': 'Based on price, view, seat quality and more', 'hasValue': True, 'messageType': 'ValueBased'}, {'message': 'Popular Pick', 'qualifier': '58 tickets sold for this event', 'hasValue': True, 'messageType': 'BoughtInLastHourSocialProofBased'}]",[],,,"¥2,449,981",26.0,"¥634,824",Last ticket,True,,,,,,
13319302019,153020449,149,122812,149,2,23,_,,False,False,2,,False,False,"[1, 2]",594,Lower,2,True,"[{'listingNoteId': -1, 'listingNoteContentId': 3338094, 'formattedListingNoteContent': 'Clear view', 'listingNoteTypeId': 3, 'showToBuyer': True, 'hideInMock': False, 'siteAddedListingNote': False, 'aisleListingNoteWithSplit': False, 'listingNoteDescriptionContentId': 3338095, 'formattedListingNoteDescription': ""You'll have an unrestricted view of the show.""}]","[{'listingNoteBucketId': 27, 'formattedListingNoteContent': 'Clear view', 'displayOrder': 8, 'showsRawNoteText': True, 'sourceListingNoteId': -1}]",2113341,False,False,Row 23,False,1825235,"¥1,825,235","¥1,825,235",10,Mobile Transfer ticket,3,1,USD,JPY,0.0,USD,"https://img.vggcdn.net/img/vfsimage2/812551/594_122812/0.jpg?im=Resize=(500,271)&v=771",8 days ago,8.5,False,False,False,False,yiyhttsGRXLTeA6ciqx42Rqk1ggn%2fVrTaBhhOkF0u4Q%3d,False,2026-07-10T21:20:41.4370000Z,False,False,False,False,False,False,0,False,False,False,False,False,0,False,False,0,13319302019,False,94B4BDE3-8BFD-4C76-BEC8-1DABBC9C8833,False,False,True,4,8.45308299184198,1.274919436,,,,,"[{'message': 'Great Value', 'qualifier': 'Based on price, view, seat quality and more', 'hasValue': True, 'messageType': 'ValueBased'}, {'message': 'Popular Pick', 'qualifier': '58 tickets sold for this event', 'hasValue': True, 'messageType': 'BoughtInLastHourSocialProofBased'}]",[],,,,,,,,,,,,,
13353143503,153020449,348,122941,348,2,5,_,,False,False,4,,False,False,"[1, 2, 3, 4]",407,Upper,4,True,"[{'listingNoteId': 175, 'listingNoteContentId': 2444706, 'formattedListingNoteContent': 'Unlimited Food and Drinks', 'listingNoteTypeId': 3, 'showToBuyer': True, 'hideInMock': False, 'siteAddedListingNote': False, 'aisleListingNoteWithSplit': False, 'listingNoteDescriptionContentId': 2444707, 'formattedListingNoteDescription': 'Includes unlimited food and drinks (beer, wine and soft drinks)'}, {'listingNoteId': 2344, 'listingNoteContentId': 4216766, 'formattedListingNoteContent': 'Includes Offsite Hospitality', 'listingNoteTypeId': 3, 'showToBuyer': True, 'hideInMock': False, 'siteAddedListingNote': False, 'aisleListingNoteWithSplit': False, 'formattedListingNoteDescription': ''}, {'listingNoteId': 2025, 'listingNoteContentId': 3415843, 'formattedListingNoteContent': 'Front Row of Section', 'listingNoteTypeId': 6, 'showToBuyer': True, 'hideInMock': False, 'siteAddedListingNote': False, 'aisleListingNoteWithSplit': False, 'listingNoteDescriptionContentId': 3415843, 'formattedListingNoteDescription': 'Front Row of Section'}, {'listingNoteId': -1, 'listingNoteContentId': 3338094, 'formattedListingNoteContent': 'Clear view', 'listingNoteTypeId': 3, 'showToBuyer': True, 'hideInMock': False, 'siteAddedListingNote': False, 'aisleListingNoteWithSplit': False, 'listingNoteDescriptionContentId': 3338095, 'formattedListingNoteDescription': ""You'll have an unrestricted view of the show.""}]","[{'listingNoteBucketId': 7, 'formattedListingNoteContent': 'Food & beverages', 'displayOrder': 7, 'showsRawNoteText': False}, {'listingNoteBucketId': 14, 'formattedListingNoteContent': 'Front Row of Section', 'displayOrder': 14, 'showsRawNoteText': True, 'sourceListingNoteId': 2025}, {'listingNoteBucketId': 0, 'formattedListingNoteContent': 'Includes Offsite Hospitality', 'displayOrder': 30, 'showsRawNoteText': True, 'sourceListingNoteId': 2344}, {'listingNoteBucketId': 27, 'formattedListingNoteContent': 'Clear view', 'displayOrder': 8, 'showsRawNoteText': True, 'sourceListingNoteId': -1}]",2114009,False,False,Row 5,False,1835624,"¥1,835,624","¥1,835,624",10,Mobile Transfer ticket,3,1,GBP,JPY,10000.0,GBP,"https://img.vggcdn.net/img/vfsimage2/812551/407_122941/0.jpg?im=Resize=(500,271)&v=771",4 days ago,4.8,False,False,False,False,UwA1rCG3pSGJB1zmasZyBj%2bJEpgAWJ%2fT%2fYXyapEdUUY%3d,False,2026-07-14T21:30:13.4170000Z,False,False,False,False,False,False,0,False,False,False,False,False,0,False,False,0,13353143503,False,2CCC59A5-D544-4616-8D4C-F14071532C1F,False,False,True,2,4.820452638218023,0.7947409754,,,,,"[{'message': 'Popular Pick', 'qualifier': '58 tickets sold for this event', 'hasValue': True, 'messageType': 'BoughtInLastHourSocialProofBased'}, {'message': 'Front Row', 'qualifier': 'Best seats in the house', 'hasValue': True, 'messageType': 'FirstRowTicketAttributeBased'}]",[2025],,,"¥2,563,544",28.0,"¥727,920",,,,,,,,
13393704428,153020449,128,122798,128,2,22,20_,20,False,False,1,,False,False,[1],594,Lower,1,True,"[{'listingNoteId': -1, 'listingNoteContentId': 3338094, 'formattedListingNoteContent': 'Clear view', 'listingNoteTypeId': 3, 'showToBuyer': True, 'hideInMock': False, 'siteAddedListingNote': False, 'aisleListingNoteWithSplit': False, 'listingNoteDescriptionContentId': 3338095, 'formattedListingNoteDescription': ""You'll have an unrestricted view of the show.""}]","[{'listingNoteBucketId': 27, 'formattedListingNoteContent': 'Clear view', 'displayOrder': 8, 'showsRawNoteText': True, 'sourceListingNoteId': -1}]",2112827,False,False,Row 22,False,1841024,"¥1,841,024","¥1,841,024",10,Mobile Transfer ticket,3,1,BRL,JPY,8000.0,BRL,"https://img.vggcdn.net/img/vfsimage2/812551/594_122798/0.jpg?im=Resize=(500,271)&v=771",5 hours ago,8.8,False,False,False,False,IPgrrE%2bqNbDSTgKPmjx%2bUkUMdEjM8nJD89ux8r%2f2Zaw%3d,False,2026-07-18T23:52:14.1800000Z,False,False,False,False,False,False,0,False,False,False,False,False,0,False,False,0,13393704428,False,8D82D292-3D52-4986-9828-54E3DB462BBA,False,False,True,5,8.813003812842435,1.421974937,,,,,"[{'message': 'Amazing Value', 'qualifier': 'Based on price, view, seat quality and more', 'hasValue': True, 'messageType': 'ValueBased'}, {'message': 'Popular Pick', 'qualifier': '58 tickets sold for this event', 'hasValue': True, 'messageType': 'BoughtInLastHourSocialProofBased'}]",[],,,"¥2,580,515",29.0,"¥739,491",,,,,,,,
13303451317,153020449,228B,1530790,228B,2,13,18_18,18,False,False,1,,False,False,[1],471,Middle,1,True,"[{'listingNoteId': -1, 'listingNoteContentId': 3338094, 'formattedListingNoteContent': 'Clear view', 'listingNoteTypeId': 3, 'showToBuyer': True, 'hideInMock': False, 'siteAddedListingNote': False, 'aisleListingNoteWithSplit': False, 'listingNoteDescriptionContentId': 3338095, 'formattedListingNoteDescription': ""You'll have an unrestricted view of the show.""}]","[{'listingNoteBucketId': 27, 'formattedListingNoteContent': 'Clear view', 'displayOrder': 8, 'showsRawNoteText': True, 'sourceListingNoteId': -1}]",2113506,False,False,Row 13,False,1852331,"¥1,852,331","¥1,852,331",10,Mobile Transfer ticket,3,1,USD,JPY,500.0,USD,"https://img.vggcdn.net/img/vfsimage2/812551/471_1530790/0.jpg?im=Resize=(500,271)&v=771",9 days ago,5.9,False,False,False,False,Ut%2bcT7eRX0pLa%2f%2fK%2ftgEYvkAVfpmFaQ6P7h2Yc%2b%2bVxg%3d,False,2026-07-09T15:50:51.4970000Z,False,False,False,False,False,False,0,False,False,False,False,False,0,False,False,0,13303451317,False,A324D1A2-3E6F-420F-AF43-9B32BCE82EC7,False,False,True,3,5.8900610974174485,0.9175794981,,,,,"[{'message': 'Popular Pick', 'qualifier': '58 tickets sold for this event', 'hasValue': True, 'messageType': 'BoughtInLastHourSocialProofBased'}]",[],,,"¥2,541,492",27.0,"¥689,161",Last ticket,True,,,,,,
13364211724,153020449,318,122911,318,2,5,16_16,16,False,False,1,,False,False,[1],407,Upper,1,True,"[{'listingNoteId': -1, 'listingNoteContentId': 3338094, 'formattedListingNoteContent': 'Clear view', 'listingNoteTypeId': 3, 'showToBuyer': True, 'hideInMock': False, 'siteAddedListingNote': False, 'aisleListingNoteWithSplit': False, 'listingNoteDescriptionContentId': 3338095, 'formattedListingNoteDescription': ""You'll have an unrestricted view of the show.""}]","[{'listingNoteBucketId': 27, 'formattedListingNoteContent': 'Clear view', 'displayOrder': 8, 'showsRawNoteText': True, 'sourceListingNoteId': -1}]",703896,False,False,Row 5,False,1885275,"¥1,885,275","¥1,885,275",10,Mobile Transfer ticket,3,1,USD,JPY,,USD,"https://img.vggcdn.net/img/vfsimage2/812551/407_122911/0.jpg?im=Resize=(500,271)&v=771",3 days ago,6.2,False,False,False,False,%2blBxrqh3g%2bhH4VtSKTXn66yi1r9gw9qzi4a6QhoyDjw%3d,False,2026-07-15T21:27:47.2830000Z,False,False,False,False,False,False,0,False,False,False,False,False,0,False,False,0,13364211724,False,1B0C7196-69EE-4891-98AC-980E27F4B971,False,False,True,3,6.161342910960631,0.9637732843,,,,,"[{'message': 'Popular Pick', 'qualifier': '58 tickets sold for this event', 'hasValue': True, 'messageType': 'BoughtInLastHourSocialProofBased'}]",[],16,16,"¥2,464,182",23.0,"¥578,907",,,,,,,,
13395105570,153020449,129,122799,129,2,42,2_8,2,False,False,7,,False,False,"[1, 2, 3, 4, 5, 6, 7]",594,Lower,7,True,"[{'listingNoteId': 165, 'listingNoteContentId': 2444685, 'formattedListingNoteContent': 'Preferred Seating', 'listingNoteTypeId': 3, 'showToBuyer': True, 'hideInMock': False, 'siteAddedListingNote': False, 'aisleListingNoteWithSplit': False, 'listingNoteDescriptionContentId': 2444686, 'formattedListingNoteDescription': 'Preferred Seating'}, {'listingNoteId': -1, 'listingNoteContentId': 3338094, 'formattedListingNoteContent': 'Clear view', 'listingNoteTypeId': 3, 'showToBuyer': True, 'hideInMock': False, 'siteAddedListingNote': False, 'aisleListingNoteWithSplit': False, 'listingNoteDescriptionContentId': 3338095, 'formattedListingNoteDescription': ""You'll have an unrestricted view of the show.""}]","[{'listingNoteBucketId': 11, 'formattedListingNoteContent': 'Preferred Seating', 'displayOrder': 11, 'showsRawNoteText': True, 'sourceListingNoteId': 165}, {'listingNoteBucketId': 27, 'formattedListingNoteContent': 'Clear view', 'displayOrder': 8, 'showsRawNoteText': True, 'sourceListingNoteId': -1}]",2112896,False,False,Row 42,False,1891318,"¥1,891,318","¥1,891,318",10,Mobile Transfer ticket,3,1,USD,JPY,15325.0,USD,"https://img.vggcdn.net/img/vfsimage2/812551/594_122799/0.jpg?im=Resize=(500,271)&v=771",18 minutes ago,6.3,False,False,False,False,I4W4RcSUSJ3%2fmuvQEXJkuzE1BlPdJzXjYpMR%2fXqFll4%3d,False,2026-07-19T05:31:29.9730000Z,False,False,False,False,False,False,0,False,False,False,False,False,0,False,False,0,13395105570,False,96360341-73AE-42A0-8C45-2DF72BD622BF,False,False,True,3,6.257843398159502,0.9779906243,,,,,"[{'message': 'Popular Pick', 'qualifier': '58 tickets sold for this event', 'hasValue': True, 'messageType': 'BoughtInLastHourSocialProofBased'}]",[],,,,,,,,,,,,,
13391380505,153020449,205A,1530775,205A,2,2,1_,1,False,False,1,,False,False,[1],471,Middle,1,True,"[{'listingNoteId': 2026, 'listingNoteContentId': 3415844, 'formattedListingNoteContent': 'Second Row of Section', 'listingNoteTypeId': 6, 'showToBuyer': True, 'hideInMock': False, 'siteAddedListingNote': False, 'aisleListingNoteWithSplit': False, 'listingNoteDescriptionContentId': 3415844, 'formattedListingNoteDescription': 'Second Row of Section'}, {'listingNoteId': -1, 'listingNoteContentId': 3338094, 'formattedListingNoteContent': 'Clear view', 'listingNoteTypeId': 3, 'showToBuyer': True, 'hideInMock': False, 'siteAddedListingNote': False, 'aisleListingNoteWithSplit': False, 'listingNoteDescriptionContentId': 3338095, 'formattedListingNoteDescription': ""You'll have an unrestricted view of the show.""}]","[{'listingNoteBucketId': 14, 'formattedListingNoteContent': 'Second Row of Section', 'displayOrder': 14, 'showsRawNoteText': True, 'sourceListingNoteId': 2026}, {'listingNoteBucketId': 27, 'formattedListingNoteContent': 'Clear view', 'displayOrder': 8, 'showsRawNoteText': True, 'sourceListingNoteId': -1}]",1593533,False,False,Row 2,False,1912761,"¥1,912,761","¥1,912,761",10,Mobile Transfer ticket,3,1,USD,JPY,20000.0,USD,"https://img.vggcdn.net/img/vfsimage2/812551/471_1530775/0.jpg?im=Resize=(500,271)&v=771",14 hours ago,7.7,False,False,False,False,3scDIbuGN4spcZyZMBDaj73edUixs9A2ovfeOtIcc5s%3d,False,2026-07-18T14:56:36.3970000Z,False,False,False,False,False,False,0,False,False,False,False,False,0,False,False,0,13391380505,False,711B4407-56E4-4A7B-9337-200D69BF7ABA,False,False,True,4,7.710346660907105,1.195032793,,,,,"[{'message': 'Great Value', 'qualifier': 'Based on price, view, seat quality and more', 'hasValue': True, 'messageType': 'ValueBased'}, {'message': 'Popular Pick', 'qualifier': '58 tickets sold for this event', 'hasValue': True, 'messageType': 'BoughtInLastHourSocialProofBased'}, {'message': 'Second Row', 'qualifier': 'Premium close-up view', 'hasValue': True, 'messageType': 'SecondRowTicketAttributeBased'}]",[2026],,,"¥3,791,039",50.0,"¥1,878,278",Last ticket,True,,,,,,
13378382362,153020449,334,122927,334,2,5,15_15,15,False,False,1,,False,False,[1],407,Upper,1,True,"[{'listingNoteId': -1, 'listingNoteContentId': 3338094, 'formattedListingNoteContent': 'Clear view', 'listingNoteTypeId': 3, 'showToBuyer': True, 'hideInMock': False, 'siteAddedListingNote': False, 'aisleListingNoteWithSplit': False, 'listingNoteDescriptionContentId': 3338095, 'formattedListingNoteDescription': ""You'll have an unrestricted view of the show.""}]","[{'listingNoteBucketId': 27, 'formattedListingNoteContent': 'Clear view', 'displayOrder': 8, 'showsRawNoteText': True, 'sourceListingNoteId': -1}]",704248,False,False,Row 5,False,1912936,"¥1,912,936","¥1,912,936",10,Mobile Transfer ticket,3,1,USD,JPY,7380.0,USD,"https://img.vggcdn.net/img/vfsimage2/812551/407_122927/0.jpg?im=Resize=(500,271)&v=771",2 days ago,5.8,False,False,False,False,%2blBxrqh3g%2bhH4VtSKTXn66yi1r9gw9qzi4a6QhoyDjw%3d,False,2026-07-17T01:01:47.1300000Z,False,False,False,False,False,False,0,False,False,False,False,False,0,False,False,0,13378382362,False,D0F1DD1B-64F8-441C-9ABB-F97C5DC4E64E,False,False,True,3,5.751194969921825,0.9328089726,,,,,"[{'message': 'Popular Pick', 'qualifier': '58 tickets sold for this event', 'hasValue': True, 'messageType': 'BoughtInLastHourSocialProofBased'}]",[],15,15,"¥2,653,727",28.0,"¥740,791",Last ticket,True,Fan favorite,This section is in the top 10% of sections for this event when ranked based on a count of successful sales over the past 7 days on our site,True,,,
13321902226,153020449,344,122937,344,2,3,13_13,13,False,False,1,,False,False,[1],478,Loge,1,True,"[{'listingNoteId': -1, 'listingNoteContentId': 3338094, 'formattedListingNoteContent': 'Clear view', 'listingNoteTypeId': 3, 'showToBuyer': True, 'hideInMock': False, 'siteAddedListingNote': False, 'aisleListingNoteWithSplit': False, 'listingNoteDescriptionContentId': 3338095, 'formattedListingNoteDescription': ""You'll have an unrestricted view of the show.""}]","[{'listingNoteBucketId': 27, 'formattedListingNoteContent': 'Clear view', 'displayOrder': 8, 'showsRawNoteText': True, 'sourceListingNoteId': -1}]",1591267,False,False,Row 3,False,1930130,"¥1,930,130","¥1,930,130",10,Mobile Transfer ticket,3,1,USD,JPY,,USD,"https://img.vggcdn.net/img/vfsimage2/812551/478_122937/0.jpg?im=Resize=(500,271)&v=771",8 days ago,5.1,False,False,False,False,AGaVKSedLLEbBW9FXPAUxgmurO0RIk61PhwBp8WBRsw%3d,False,2026-07-11T01:59:46.4600000Z,False,False,False,False,False,False,0,False,False,False,False,False,0,False,False,0,13321902226,False,F499CDD1-521E-43C6-BAA8-DD23F68B32F6,False,False,True,3,5.053782022432352,0.8727423851,,,,,"[{'message': 'Popular Pick', 'qualifier': '58 tickets sold for this event', 'hasValue': True, 'messageType': 'BoughtInLastHourSocialProofBased'}]",[],13,13,"¥3,222,379",40.0,"¥1,292,249",,,,,,,,
13392988287,153020449,118,122793,118,2,14,4_4,4,False,False,1,,False,False,[1],594,Lower,1,True,"[{'listingNoteId': 814, 'listingNoteContentId': 2446060, 'formattedListingNoteContent': 'Limited or Obstructed View (printed on ticket)', 'listingNoteTypeId': 1, 'showToBuyer': True, 'hideInMock': False, 'siteAddedListingNote': False, 'aisleListingNoteWithSplit': False, 'listingNoteDescriptionContentId': 2446061, 'formattedListingNoteDescription': 'Limited or Obstructed View (printed on ticket)'}]","[{'listingNoteBucketId': 21, 'formattedListingNoteContent': 'Limited view', 'displayOrder': 21, 'showsRawNoteText': False}]",2112590,False,False,Row 14,False,1930305,"¥1,930,305","¥1,930,305",10,Mobile Transfer ticket,3,1,USD,JPY,0.0,USD,"https://img.vggcdn.net/img/vfsimage2/812551/594_122793/0.jpg?im=Resize=(500,271)&v=771",8 hours ago,9.1,False,False,False,False,%2blBxrqh3g%2bhH4VtSKTXn66yi1r9gw9qzi4a6QhoyDjw%3d,False,2026-07-18T21:38:30.7430000Z,False,False,False,False,False,False,0,False,False,False,False,False,0,False,False,0,13392988287,False,DA70EB55-845B-442D-B5AA-E038CA980038,False,False,True,5,9.095727053148078,1.63228883,,,,,"[{'message': 'Amazing Value', 'qualifier': 'Based on price, view, seat quality and more', 'hasValue': True, 'messageType': 'ValueBased'}, {'message': 'Popular Pick', 'qualifier': '58 tickets sold for this event', 'hasValue': True, 'messageType': 'BoughtInLastHourSocialProofBased'}]",[],4,4,"¥2,454,695",21.0,"¥524,390",Last ticket,True,,,,,,
13367394685,153020449,148,122811,148,2,15,18_18,18,False,False,1,,False,False,[1],594,Lower,1,True,"[{'listingNoteId': -1, 'listingNoteContentId': 3338094, 'formattedListingNoteContent': 'Clear view', 'listingNoteTypeId': 3, 'showToBuyer': True, 'hideInMock': False, 'siteAddedListingNote': False, 'aisleListingNoteWithSplit': False, 'listingNoteDescriptionContentId': 3338095, 'formattedListingNoteDescription': ""You'll have an unrestricted view of the show.""}]","[{'listingNoteBucketId': 27, 'formattedListingNoteContent': 'Clear view', 'displayOrder': 8, 'showsRawNoteText': True, 'sourceListingNoteId': -1}]",2113284,False,False,Row 15,False,1930305,"¥1,930,305","¥1,930,305",10,Mobile Transfer ticket,3,1,USD,JPY,,USD,"https://img.vggcdn.net/img/vfsimage2/812551/594_122811/0.jpg?im=Resize=(500,271)&v=771",3 days ago,8.9,False,False,False,False,%2blBxrqh3g%2bhH4VtSKTXn66yi1r9gw9qzi4a6QhoyDjw%3d,False,2026-07-16T04:42:40.5030000Z,False,False,False,False,False,False,0,False,False,False,False,False,0,False,False,0,13367394685,False,F71F5F50-5FE0-4A28-AC0C-3471DE03D55A,False,False,True,5,8.933565206127277,1.548113427,,,,,"[{'message': 'Amazing Value', 'qualifier': 'Based on price, view, seat quality and more', 'hasValue': True, 'messageType': 'ValueBased'}, {'message': 'Popular Pick', 'qualifier': '58 tickets sold for this event', 'hasValue': True, 'messageType': 'BoughtInLastHourSocialProofBased'}]",[],18,18,"¥2,748,499",30.0,"¥818,194",,,Fan favorite,This section is in the top 10% of sections for this event when ranked based on a count of successful sales over the past 7 days on our site,True,,,
13394112345,153020449,121,122794,121,2,33,7_8,7,False,False,1,,False,False,[1],594,Lower,1,True,"[{'listingNoteId': 2351, 'listingNoteContentId': 4249194, 'formattedListingNoteContent': 'This ticket cannot be transferred again after you receive it', 'listingNoteTypeId': 2, 'showToBuyer': True, 'hideInMock': False, 'siteAddedListingNote': False, 'aisleListingNoteWithSplit': False, 'listingNoteDescriptionContentId': 4249195, 'formattedListingNoteDescription': 'These tickets will be delivered via the FWC2026 Mobile Tickets app, which restricts subsequent transfer'}, {'listingNoteId': -1, 'listingNoteContentId': 3338094, 'formattedListingNoteContent': 'Clear view', 'listingNoteTypeId': 3, 'showToBuyer': True, 'hideInMock': False, 'siteAddedListingNote': False, 'aisleListingNoteWithSplit': False, 'listingNoteDescriptionContentId': 3338095, 'formattedListingNoteDescription': ""You'll have an unrestricted view of the show.""}]","[{'listingNoteBucketId': 0, 'formattedListingNoteContent': 'This ticket cannot be transferred again after you receive it', 'displayOrder': 30, 'showsRawNoteText': True, 'sourceListingNoteId': 2351}, {'listingNoteBucketId': 27, 'formattedListingNoteContent': 'Clear view', 'displayOrder': 8, 'showsRawNoteText': True, 'sourceListingNoteId': -1}]",2112646,False,False,Row 33,False,1930305,"¥1,930,305","¥1,930,305",10,Mobile Transfer ticket,3,1,USD,JPY,10990.0,USD,"https://img.vggcdn.net/img/vfsimage2/812551/594_122794/0.jpg?im=Resize=(500,271)&v=771",4 hours ago,7.1,False,False,False,False,4VUNszdgNgeMCt2A1C7x5dZyKatOM3ebYe4Y5K6c0G4%3d,False,2026-07-19T01:45:17.3230000Z,False,False,False,False,False,False,0,False,False,False,False,False,0,False,False,0,13394112345,False,700E0034-61D0-42F5-AA9D-DC94E3805D11,False,False,True,4,7.089192634062502,1.108165488,,,,,"[{'message': 'Great Value', 'qualifier': 'Based on price, view, seat quality and more', 'hasValue': True, 'messageType': 'ValueBased'}, {'message': 'Popular Pick', 'qualifier': '58 tickets sold for this event', 'hasValue': True, 'messageType': 'BoughtInLastHourSocialProofBased'}]",[],7,8,,,,,,,,,,,
13394556068,153020449,146,122810,146,2,35,23_23,23,False,False,1,,False,False,[1],594,Lower,1,True,"[{'listingNoteId': -1, 'listingNoteContentId': 3338094, 'formattedListingNoteContent': 'Clear view', 'listingNoteTypeId': 3, 'showToBuyer': True, 'hideInMock': False, 'siteAddedListingNote': False, 'aisleListingNoteWithSplit': False, 'listingNoteDescriptionContentId': 3338095, 'formattedListingNoteDescription': ""You'll have an unrestricted view of the show.""}]","[{'listingNoteBucketId': 27, 'formattedListingNoteContent': 'Clear view', 'displayOrder': 8, 'showsRawNoteText': True, 'sourceListingNoteId': -1}]",2113258,False,False,Row 35,False,1930305,"¥1,930,305","¥1,930,305",10,Mobile Transfer ticket,3,1,USD,JPY,,USD,"https://img.vggcdn.net/img/vfsimage2/812551/594_122810/0.jpg?im=Resize=(500,271)&v=771",2 hours ago,6.6,False,False,False,False,%2blBxrqh3g%2bhH4VtSKTXn66yi1r9gw9qzi4a6QhoyDjw%3d,False,2026-07-19T03:44:51.6870000Z,False,False,False,False,False,False,0,False,False,False,False,False,0,False,False,0,13394556068,False,B49D4837-6FF1-485D-B7EC-600823BC28FE,False,False,True,3,6.649409171998387,1.047050413,,,,,"[{'message': 'Popular Pick', 'qualifier': '58 tickets sold for this event', 'hasValue': True, 'messageType': 'BoughtInLastHourSocialProofBased'}]",[],23,23,,,,,,,,,,,
13314250406,153020449,Category 4,2140587,Category 4,3,,_,,False,False,2,,False,False,"[1, 2]",1327,Category 4,2,True,"[{'listingNoteId': -1, 'listingNoteContentId': 3338094, 'formattedListingNoteContent': 'Clear view', 'listingNoteTypeId': 3, 'showToBuyer': True, 'hideInMock': False, 'siteAddedListingNote': False, 'aisleListingNoteWithSplit': False, 'listingNoteDescriptionContentId': 3338095, 'formattedListingNoteDescription': ""You'll have an unrestricted view of the show.""}]","[{'listingNoteBucketId': 27, 'formattedListingNoteContent': 'Clear view', 'displayOrder': 8, 'showsRawNoteText': True, 'sourceListingNoteId': -1}]",4264996,False,False,Row,True,1932235,"¥1,932,235","¥1,932,235",10,Mobile Transfer ticket,3,1,USD,JPY,10000.0,USD,"https://img.vggcdn.net/img/vfsimage2/812551/1327_2140587/0.jpg?im=Resize=(500,271)&v=771",8 days ago,8.5,False,False,True,False,lU5kaknqcSF3N2X2UWfnmR9FK8O3ZEBN1DSGmIifaL0%3d,False,2026-07-10T12:22:05.0670000Z,False,False,False,False,False,False,0,False,False,False,False,False,0,False,False,0,13314250406,False,3641498F-EB55-4304-8675-320DCA637057,False,False,True,5,8.501386161754382,1.362416107,,,,,"[{'message': 'Amazing Value', 'qualifier': 'Based on price, view, seat quality and more', 'hasValue': True, 'messageType': 'ValueBased'}, {'message': 'Popular Pick', 'qualifier': '58 tickets sold for this event', 'hasValue': True, 'messageType': 'BoughtInLastHourSocialProofBased'}]",[],,,,,,Last tickets,True,,,,,,
13384129659,153020449,342,122935,342,2,14,_,,False,False,4,,False,False,"[1, 2, 3, 4]",407,Upper,4,True,"[{'listingNoteId': -1, 'listingNoteContentId': 3338094, 'formattedListingNoteContent': 'Clear view', 'listingNoteTypeId': 3, 'showToBuyer': True, 'hideInMock': False, 'siteAddedListingNote': False, 'aisleListingNoteWithSplit': False, 'listingNoteDescriptionContentId': 3338095, 'formattedListingNoteDescription': ""You'll have an unrestricted view of the show.""}]","[{'listingNoteBucketId': 27, 'formattedListingNoteContent': 'Clear view', 'displayOrder': 8, 'showsRawNoteText': True, 'sourceListingNoteId': -1}]",704430,False,False,Row 14,False,1942333,"¥1,942,333","¥1,942,333",10,Mobile Transfer ticket,3,1,USD,JPY,0.0,USD,"https://img.vggcdn.net/img/vfsimage2/812551/407_122935/0.jpg?im=Resize=(500,271)&v=771",yesterday,4.6,False,False,False,False,dvrqq%2ffFWpr88gprTKWXwIBs1cLa0Yuv8vPA%2btYrhrQ%3d,False,2026-07-17T16:37:34.2600000Z,False,False,False,False,False,False,0,False,False,False,False,False,0,False,False,0,13384129659,False,9064E3B3-5229-46B1-AABB-727693C6484D,False,False,True,2,4.628179997437364,0.8097118042,,,,,"[{'message': 'Popular Pick', 'qualifier': '58 tickets sold for this event', 'hasValue': True, 'messageType': 'BoughtInLastHourSocialProofBased'}]",[],,,"¥3,042,300",36.0,"¥1,099,967",,,,,,,,
13394992559,153020449,117,122792,117,2,20,_,,False,False,1,,False,False,[1],594,Lower,1,True,"[{'listingNoteId': 814, 'listingNoteContentId': 2446060, 'formattedListingNoteContent': 'Limited or Obstructed View (printed on ticket)', 'listingNoteTypeId': 1, 'showToBuyer': True, 'hideInMock': False, 'siteAddedListingNote': False, 'aisleListingNoteWithSplit': False, 'listingNoteDescriptionContentId': 2446061, 'formattedListingNoteDescription': 'Limited or Obstructed View (printed on ticket)'}]","[{'listingNoteBucketId': 21, 'formattedListingNoteContent': 'Limited view', 'displayOrder': 21, 'showsRawNoteText': False}]",2112560,False,False,Row 20,False,1944865,"¥1,944,865","¥1,944,865",10,Mobile Transfer ticket,3,1,USD,JPY,10990.0,USD,"https://img.vggcdn.net/img/vfsimage2/812551/594_122792/0.jpg?im=Resize=(500,271)&v=771",41 minutes ago,9.0,False,False,False,False,uKHseerfXJS9WYBvY2kLGtz87RRGdPvnAuhKPape1fY%3d,False,2026-07-19T05:08:29.5130000Z,False,False,False,False,False,False,0,False,False,False,False,False,0,False,False,0,13394992559,False,C2D8E695-0DD5-440F-B09E-B3638E75A938,False,False,True,5,9.033271815511268,1.610869824,,,,,"[{'message': 'Amazing Value', 'qualifier': 'Based on price, view, seat quality and more', 'hasValue': True, 'messageType': 'ValueBased'}, {'message': 'Popular Pick', 'qualifier': '58 tickets sold for this event', 'hasValue': True, 'messageType': 'BoughtInLastHourSocialProofBased'}]",[],,,,,,,,,,,,,
13391560292,153020449,109,122787,109,2,28,_,,False,False,1,,False,False,[1],594,Lower,1,True,"[{'listingNoteId': -1, 'listingNoteContentId': 3338094, 'formattedListingNoteContent': 'Clear view', 'listingNoteTypeId': 3, 'showToBuyer': True, 'hideInMock': False, 'siteAddedListingNote': False, 'aisleListingNoteWithSplit': False, 'listingNoteDescriptionContentId': 3338095, 'formattedListingNoteDescription': ""You'll have an unrestricted view of the show.""}]","[{'listingNoteBucketId': 27, 'formattedListingNoteContent': 'Clear view', 'displayOrder': 8, 'showsRawNoteText': True, 'sourceListingNoteId': -1}]",2112306,False,False,Row 28,False,1947848,"¥1,947,848","¥1,947,848",10,Mobile Transfer ticket,3,1,USD,JPY,9990.0,USD,"https://img.vggcdn.net/img/vfsimage2/812551/594_122787/0.jpg?im=Resize=(500,271)&v=771",14 hours ago,7.9,False,False,False,False,JsmoCIi7aLwqZfjPdQR8b3tSO91xDRAI%2bV6J7VP1C1w%3d,False,2026-07-18T15:42:37.0200000Z,False,False,False,False,False,False,0,False,False,False,False,False,0,False,False,0,13391560292,False,7B516F51-D797-4CB8-BECA-A44B4BE7520B,False,False,True,4,7.931000037747598,1.256359028,,,,,"[{'message': 'Great Value', 'qualifier': 'Based on price, view, seat quality and more', 'hasValue': True, 'messageType': 'ValueBased'}, {'message': 'Popular Pick', 'qualifier': '58 tickets sold for this event', 'hasValue': True, 'messageType': 'BoughtInLastHourSocialProofBased'}]",[],,,"¥2,800,194",30.0,"¥852,346",,,,,,,,
13391581097,153020449,109,122787,109,2,27,_,,False,False,1,,False,False,[1],594,Lower,1,True,"[{'listingNoteId': -1, 'listingNoteContentId': 3338094, 'formattedListingNoteContent': 'Clear view', 'listingNoteTypeId': 3, 'showToBuyer': True, 'hideInMock': False, 'siteAddedListingNote': False, 'aisleListingNoteWithSplit': False, 'listingNoteDescriptionContentId': 3338095, 'formattedListingNoteDescription': ""You'll have an unrestricted view of the show.""}]","[{'listingNoteBucketId': 27, 'formattedListingNoteContent': 'Clear view', 'displayOrder': 8, 'showsRawNoteText': True, 'sourceListingNoteId': -1}]",2112305,False,False,Row 27,False,1962383,"¥1,962,383","¥1,962,383",10,Mobile Transfer ticket,3,1,EUR,JPY,8700.0,EUR,"https://img.vggcdn.net/img/vfsimage2/812551/594_122787/0.jpg?im=Resize=(500,271)&v=771",14 hours ago,8.0,False,False,False,False,I4W4RcSUSJ3%2fmuvQEXJkuzE1BlPdJzXjYpMR%2fXqFll4%3d,False,2026-07-18T15:48:31.5970000Z,False,False,False,False,False,False,0,False,False,False,False,False,0,False,False,0,13391581097,False,30928E45-661E-4FD1-BD61-43EDF23B739A,False,False,True,4,7.975895209377556,1.274130508,,,,,"[{'message': 'Great Value', 'qualifier': 'Based on price, view, seat quality and more', 'hasValue': True, 'messageType': 'ValueBased'}, {'message': 'Popular Pick', 'qualifier': '58 tickets sold for this event', 'hasValue': True, 'messageType': 'BoughtInLastHourSocialProofBased'}]",[],,,"¥3,902,212",50.0,"¥1,939,829",,,,,,,,
13393699598,153020449,117,122792,117,2,13,11_,11,False,False,1,,False,False,[1],594,Lower,1,True,"[{'listingNoteId': -1, 'listingNoteContentId': 3338094, 'formattedListingNoteContent': 'Clear view', 'listingNoteTypeId': 3, 'showToBuyer': True, 'hideInMock': False, 'siteAddedListingNote': False, 'aisleListingNoteWithSplit': False, 'listingNoteDescriptionContentId': 3338095, 'formattedListingNoteDescription': ""You'll have an unrestricted view of the show.""}]","[{'listingNoteBucketId': 27, 'formattedListingNoteContent': 'Clear view', 'displayOrder': 8, 'showsRawNoteText': True, 'sourceListingNoteId': -1}]",2112552,False,False,Row 13,False,1974816,"¥1,974,816","¥1,974,816",10,Mobile Transfer ticket,3,1,BRL,JPY,8000.0,BRL,"https://img.vggcdn.net/img/vfsimage2/812551/594_122792/0.jpg?im=Resize=(500,271)&v=771",5 hours ago,9.3,False,False,False,False,CN21YEc7tH0wwe2JFqasCCtCnsRt6VS4xVuypvpP2xY%3d,False,2026-07-18T23:50:59.3830000Z,False,False,False,False,False,False,0,False,False,False,False,False,0,False,False,0,13393699598,False,99238656-7DF8-48F2-912C-54B8B16817D9,False,False,True,5,9.306410449226359,1.79687094,,,,,"[{'message': 'Amazing Value', 'qualifier': 'Based on price, view, seat quality and more', 'hasValue': True, 'messageType': 'ValueBased'}, {'message': 'Popular Pick', 'qualifier': '58 tickets sold for this event', 'hasValue': True, 'messageType': 'BoughtInLastHourSocialProofBased'}]",[],,,"¥2,510,241",21.0,"¥535,425",,,,,,,,
13387134048,153020449,Category 1,1989399,Category 1,3,,_,,False,False,1,,False,False,[1],1245,Category 1,1,True,"[{'listingNoteId': -1, 'listingNoteContentId': 3338094, 'formattedListingNoteContent': 'Clear view', 'listingNoteTypeId': 3, 'showToBuyer': True, 'hideInMock': False, 'siteAddedListingNote': False, 'aisleListingNoteWithSplit': False, 'listingNoteDescriptionContentId': 3338095, 'formattedListingNoteDescription': ""You'll have an unrestricted view of the show.""}]","[{'listingNoteBucketId': 27, 'formattedListingNoteContent': 'Clear view', 'displayOrder': 8, 'showsRawNoteText': True, 'sourceListingNoteId': -1}]",3325458,False,False,Row,True,1977790,"¥1,977,790","¥1,977,790",10,Mobile Transfer ticket,3,1,EUR,JPY,5827.0,EUR,"https://img.vggcdn.net/img/vfsimage2/812551/1245_1989399/0.jpg?im=Resize=(500,271)&v=771",yesterday,7.7,False,False,True,False,jOJJ4ocaADPYbsxA3POhc0S07m3DZuKD6JcojI7Lpak%3d,False,2026-07-17T23:10:37.3770000Z,False,False,False,False,False,False,0,False,False,False,False,False,0,False,False,0,13387134048,False,8D19695E-BC33-4F45-A31E-BD59344969D0,False,False,True,4,7.7317377537526335,1.2394394,,,,,"[{'message': 'Great Value', 'qualifier': 'Based on price, view, seat quality and more', 'hasValue': True, 'messageType': 'ValueBased'}, {'message': 'Popular Pick', 'qualifier': '58 tickets sold for this event', 'hasValue': True, 'messageType': 'BoughtInLastHourSocialProofBased'}]",[],,,"¥2,818,260",30.0,"¥840,470",Last ticket,True,,,,,,
13320348400,153020449,316,122909,316,2,14,_,,False,False,4,,False,False,"[1, 2, 3, 4]",407,Upper,4,True,"[{'listingNoteId': -1, 'listingNoteContentId': 3338094, 'formattedListingNoteContent': 'Clear view', 'listingNoteTypeId': 3, 'showToBuyer': True, 'hideInMock': False, 'siteAddedListingNote': False, 'aisleListingNoteWithSplit': False, 'listingNoteDescriptionContentId': 3338095, 'formattedListingNoteDescription': ""You'll have an unrestricted view of the show.""}]","[{'listingNoteBucketId': 27, 'formattedListingNoteContent': 'Clear view', 'displayOrder': 8, 'showsRawNoteText': True, 'sourceListingNoteId': -1}]",703861,False,False,Row 14,False,1985081,"¥1,985,081","¥1,985,081",10,Mobile Transfer ticket,3,1,BRL,JPY,25000.0,BRL,"https://img.vggcdn.net/img/vfsimage2/812551/407_122909/0.jpg?im=Resize=(500,271)&v=771",8 days ago,4.4,False,False,False,False,c7JWvROwBQopMzcrrp%2bU7AnGUhwde1cBGlt8zSW4AVw%3d,False,2026-07-10T23:28:10.3930000Z,False,False,False,False,False,False,0,False,False,False,False,False,0,False,False,0,13320348400,False,A1118E28-2A23-49E1-B9AC-95B253067DA5,False,False,True,2,4.375278807368837,0.7889853928,,,,,"[{'message': 'Popular Pick', 'qualifier': '58 tickets sold for this event', 'hasValue': True, 'messageType': 'BoughtInLastHourSocialProofBased'}]",[],,,"¥2,587,875",23.0,"¥602,794",,,,,,,,
13375653128,153020449,Spain Supporters,2447956,Spain Supporters,3,,_,,False,False,2,,False,False,"[1, 2]",1666,Spain Supporters,2,True,"[{'listingNoteId': -1, 'listingNoteContentId': 3338094, 'formattedListingNoteContent': 'Clear view', 'listingNoteTypeId': 3, 'showToBuyer': True, 'hideInMock': False, 'siteAddedListingNote': False, 'aisleListingNoteWithSplit': False, 'listingNoteDescriptionContentId': 3338095, 'formattedListingNoteDescription': ""You'll have an unrestricted view of the show.""}]","[{'listingNoteBucketId': 27, 'formattedListingNoteContent': 'Clear view', 'displayOrder': 8, 'showsRawNoteText': True, 'sourceListingNoteId': -1}]",4847586,False,False,Row,True,2006972,"¥2,006,972","¥2,006,972",10,Mobile Transfer ticket,3,1,EUR,JPY,1000.0,EUR,"https://img.vggcdn.net/img/vfsimage2/812551/1666_2447956/0.jpg?im=Resize=(500,271)&v=771",2 days ago,0.0,False,False,True,False,WvYVfuyXjJdwi%2bMGaNYpIHJhvPQ7NAc970KT8tPia0o%3d,False,2026-07-16T19:33:25.1370000Z,False,False,False,False,False,False,0,False,False,False,False,False,0,False,False,0,13375653128,False,AB7A050A-9C1B-4F42-8801-E0F785054C44,False,False,True,0,,,,,,,"[{'message': 'Popular Pick', 'qualifier': '58 tickets sold for this event', 'hasValue': True, 'messageType': 'BoughtInLastHourSocialProofBased'}]",[],,,,,,Last tickets,True,,,,,,
13392008343,153020449,123,122795,123,2,14,2_2,2,False,False,1,,False,False,[1],594,Lower,1,True,"[{'listingNoteId': -1, 'listingNoteContentId': 3338094, 'formattedListingNoteContent': 'Clear view', 'listingNoteTypeId': 3, 'showToBuyer': True, 'hideInMock': False, 'siteAddedListingNote': False, 'aisleListingNoteWithSplit': False, 'listingNoteDescriptionContentId': 3338095, 'formattedListingNoteDescription': ""You'll have an unrestricted view of the show.""}]","[{'listingNoteBucketId': 27, 'formattedListingNoteContent': 'Clear view', 'displayOrder': 8, 'showsRawNoteText': True, 'sourceListingNoteId': -1}]",2112673,False,False,Row 14,False,2021241,"¥2,021,241","¥2,021,241",10,Mobile Transfer ticket,3,1,EUR,JPY,9765.0,EUR,"https://img.vggcdn.net/img/vfsimage2/812551/594_122795/0.jpg?im=Resize=(500,271)&v=771",12 hours ago,8.3,False,False,False,False,R9cBB8Uul6fvKbRSe8PUE2oW%2bcJmbt%2feQBgumjHnhFQ%3d,False,2026-07-18T17:31:05.1330000Z,False,False,False,False,False,False,0,False,False,False,False,False,0,False,False,0,13392008343,False,E11853E6-7A18-4801-BD07-464DE10ED95C,False,False,True,4,8.323767384208473,1.383435901,,,,,"[{'message': 'Great Value', 'qualifier': 'Based on price, view, seat quality and more', 'hasValue': True, 'messageType': 'ValueBased'}, {'message': 'Popular Pick', 'qualifier': '58 tickets sold for this event', 'hasValue': True, 'messageType': 'BoughtInLastHourSocialProofBased'}]",[],,,,,,,,,,,,,
13386736150,153020449,104,122784,104,2,26,_,,False,False,1,,False,False,[1],594,Lower,1,True,"[{'listingNoteId': -1, 'listingNoteContentId': 3338094, 'formattedListingNoteContent': 'Clear view', 'listingNoteTypeId': 3, 'showToBuyer': True, 'hideInMock': False, 'siteAddedListingNote': False, 'aisleListingNoteWithSplit': False, 'listingNoteDescriptionContentId': 3338095, 'formattedListingNoteDescription': ""You'll have an unrestricted view of the show.""}]","[{'listingNoteBucketId': 27, 'formattedListingNoteContent': 'Clear view', 'displayOrder': 8, 'showsRawNoteText': True, 'sourceListingNoteId': -1}]",2112177,False,False,Row 26,False,2053134,"¥2,053,134","¥2,053,134",10,Mobile Transfer ticket,3,1,USD,JPY,9982.0,USD,"https://img.vggcdn.net/img/vfsimage2/812551/594_122784/0.jpg?im=Resize=(500,271)&v=771",yesterday,7.4,False,False,False,False,yF9Ha0XFym6LNkzNqr2B%2fVBCou%2bQOb%2f0%2b5KMK%2fNcqg4%3d,False,2026-07-17T22:29:09.0930000Z,False,False,False,False,False,False,0,False,False,False,False,False,0,False,False,0,13386736150,False,CC806B17-3638-4AA5-A8EC-0BE935CE2D89,False,False,True,4,7.437487831199384,1.234865981,,,,,"[{'message': 'Great Value', 'qualifier': 'Based on price, view, seat quality and more', 'hasValue': True, 'messageType': 'ValueBased'}, {'message': 'Popular Pick', 'qualifier': '58 tickets sold for this event', 'hasValue': True, 'messageType': 'BoughtInLastHourSocialProofBased'}]",[],,,,,,,,Fan favorite,This section is in the top 10% of sections for this event when ranked based on a count of successful sales over the past 7 days on our site,True,,,
13394353352,153020449,109,122787,109,2,16,_,,False,False,4,,False,False,"[1, 2, 4]",594,Lower,4,True,"[{'listingNoteId': 814, 'listingNoteContentId': 2446060, 'formattedListingNoteContent': 'Limited or Obstructed View (printed on ticket)', 'listingNoteTypeId': 1, 'showToBuyer': True, 'hideInMock': False, 'siteAddedListingNote': False, 'aisleListingNoteWithSplit': False, 'listingNoteDescriptionContentId': 2446061, 'formattedListingNoteDescription': 'Limited or Obstructed View (printed on ticket)'}]","[{'listingNoteBucketId': 21, 'formattedListingNoteContent': 'Limited view', 'displayOrder': 21, 'showsRawNoteText': False}]",2112293,False,False,Row 16,False,2071186,"¥2,071,186","¥2,071,186",10,Mobile Transfer ticket,3,1,USD,JPY,10990.0,USD,"https://img.vggcdn.net/img/vfsimage2/812551/594_122787/0.jpg?im=Resize=(500,271)&v=771",2 hours ago,8.6,False,False,False,False,IycsGygucHG0JUTbr5Fgj%2flij%2f%2baYSHz%2fp2X6i7s2as%3d,False,2026-07-19T02:52:37.8270000Z,False,False,False,False,False,False,0,False,False,False,False,False,0,False,False,0,13394353352,False,094CC875-B9D5-4DFE-BFB2-B6ABDFBEEA11,False,False,True,5,8.561389954642804,1.485331372,,,,,"[{'message': 'Amazing Value', 'qualifier': 'Based on price, view, seat quality and more', 'hasValue': True, 'messageType': 'ValueBased'}, {'message': 'Popular Pick', 'qualifier': '58 tickets sold for this event', 'hasValue': True, 'messageType': 'BoughtInLastHourSocialProofBased'}]",[],,,,,,,,,,,,,
13387711652,153020449,109,122787,109,2,15,7_9,7,False,False,3,,False,False,"[1, 2, 3]",594,Lower,3,True,"[{'listingNoteId': 814, 'listingNoteContentId': 2446060, 'formattedListingNoteContent': 'Limited or Obstructed View (printed on ticket)', 'listingNoteTypeId': 1, 'showToBuyer': True, 'hideInMock': False, 'siteAddedListingNote': False, 'aisleListingNoteWithSplit': False, 'listingNoteDescriptionContentId': 2446061, 'formattedListingNoteDescription': 'Limited or Obstructed View (printed on ticket)'}]","[{'listingNoteBucketId': 21, 'formattedListingNoteContent': 'Limited view', 'displayOrder': 21, 'showsRawNoteText': False}]",2112292,False,False,Row 15,False,2073857,"¥2,073,857","¥2,073,857",10,Mobile Transfer ticket,3,1,EUR,JPY,11000.0,EUR,"https://img.vggcdn.net/img/vfsimage2/812551/594_122787/0.jpg?im=Resize=(500,271)&v=771",yesterday,8.6,False,False,False,False,aWlXEwVYAIrgHca8JIlyaUPI74c1%2fzXs1U39ywFslys%3d,False,2026-07-18T00:36:56.8070000Z,False,False,False,False,False,False,0,False,False,False,False,False,0,False,False,0,13387711652,False,D17FFF19-B1CC-4DB3-9450-0D645CB075A1,False,False,True,5,8.605277117551905,1.506041195,,,,,"[{'message': 'Amazing Value', 'qualifier': 'Based on price, view, seat quality and more', 'hasValue': True, 'messageType': 'ValueBased'}, {'message': 'Popular Pick', 'qualifier': '58 tickets sold for this event', 'hasValue': True, 'messageType': 'BoughtInLastHourSocialProofBased'}]",[],,,"¥3,251,814",36.0,"¥1,177,957",,,,,,,,
13384719219,153020449,106,122785,106,2,37,8_10,8,False,False,3,,False,False,"[1, 3]",594,Lower,3,True,"[{'listingNoteId': -1, 'listingNoteContentId': 3338094, 'formattedListingNoteContent': 'Clear view', 'listingNoteTypeId': 3, 'showToBuyer': True, 'hideInMock': False, 'siteAddedListingNote': False, 'aisleListingNoteWithSplit': False, 'listingNoteDescriptionContentId': 3338095, 'formattedListingNoteDescription': ""You'll have an unrestricted view of the show.""}]","[{'listingNoteBucketId': 27, 'formattedListingNoteContent': 'Clear view', 'displayOrder': 8, 'showsRawNoteText': True, 'sourceListingNoteId': -1}]",2112235,False,False,Row 37,False,2074102,"¥2,074,102","¥2,074,102",10,Mobile Transfer ticket,3,1,USD,JPY,0.0,USD,"https://img.vggcdn.net/img/vfsimage2/812551/594_122785/0.jpg?im=Resize=(500,271)&v=771",yesterday,6.0,False,False,False,False,jqpP7L5vdzHpsSvleuq7YmSzLgziR%2brXCScti75cPhQ%3d,False,2026-07-17T17:43:18.0600000Z,False,False,False,False,False,False,0,False,False,False,False,False,0,False,False,0,13384719219,False,22564744-D10E-4C82-998D-0AA93D29E5B9,False,False,True,3,6.0055262521937,1.041199237,,,,,"[{'message': 'Popular Pick', 'qualifier': '58 tickets sold for this event', 'hasValue': True, 'messageType': 'BoughtInLastHourSocialProofBased'}]",[],,,"¥3,757,201",45.0,"¥1,683,099",Last tickets,True,,,,,,
13385268958,153020449,101,122782,101,2,4,13_13,13,False,False,1,,False,False,[1],594,Lower,1,True,"[{'listingNoteId': -1, 'listingNoteContentId': 3338094, 'formattedListingNoteContent': 'Clear view', 'listingNoteTypeId': 3, 'showToBuyer': True, 'hideInMock': False, 'siteAddedListingNote': False, 'aisleListingNoteWithSplit': False, 'listingNoteDescriptionContentId': 3338095, 'formattedListingNoteDescription': ""You'll have an unrestricted view of the show.""}]","[{'listingNoteBucketId': 27, 'formattedListingNoteContent': 'Clear view', 'displayOrder': 8, 'showsRawNoteText': True, 'sourceListingNoteId': -1}]",2112096,False,False,Row 4,False,2082553,"¥2,082,553","¥2,082,553",10,Mobile Transfer ticket,3,1,USD,JPY,11270.0,USD,"https://img.vggcdn.net/img/vfsimage2/812551/594_122782/0.jpg?im=Resize=(500,271)&v=771",yesterday,8.9,False,False,False,False,juKr9PHf9oIbHj4uqhvb%2ftOvOoOBx0WAVM6fU9E2jt0%3d,False,2026-07-17T19:08:33.6070000Z,False,False,False,False,False,False,0,False,False,False,False,False,0,False,False,0,13385268958,False,0F58F390-33BF-49AE-9312-7B8A9F6C9133,False,False,True,5,8.91395937427679,1.659896764,,,,,"[{'message': 'Amazing Value', 'qualifier': 'Based on price, view, seat quality and more', 'hasValue': True, 'messageType': 'ValueBased'}, {'message': 'Popular Pick', 'qualifier': '58 tickets sold for this event', 'hasValue': True, 'messageType': 'BoughtInLastHourSocialProofBased'}]",[],,,"¥3,222,150",35.0,"¥1,139,597",,,Fan favorite,This section is in the top 10% of sections for this event when ranked based on a count of successful sales over the past 7 days on our site,True,,,
13387928582,153020449,108,122786,108,2,16,_,,False,False,4,,False,False,"[1, 2, 3, 4]",594,Lower,4,True,"[{'listingNoteId': 814, 'listingNoteContentId': 2446060, 'formattedListingNoteContent': 'Limited or Obstructed View (printed on ticket)', 'listingNoteTypeId': 1, 'showToBuyer': True, 'hideInMock': False, 'siteAddedListingNote': False, 'aisleListingNoteWithSplit': False, 'listingNoteDescriptionContentId': 2446061, 'formattedListingNoteDescription': 'Limited or Obstructed View (printed on ticket)'}]","[{'listingNoteBucketId': 21, 'formattedListingNoteContent': 'Limited view', 'displayOrder': 21, 'showsRawNoteText': False}]",2112259,False,False,Row 16,False,2082745,"¥2,082,745","¥2,082,745",10,Mobile Transfer ticket,3,1,USD,JPY,10990.0,USD,"https://img.vggcdn.net/img/vfsimage2/812551/594_122786/0.jpg?im=Resize=(500,271)&v=771",yesterday,8.6,False,False,False,False,3scDIbuGN4spcZyZMBDaj73edUixs9A2ovfeOtIcc5s%3d,False,2026-07-18T01:24:36.4000000Z,False,False,False,False,False,False,0,False,False,False,False,False,0,False,False,0,13387928582,False,0A52BC0C-3752-41ED-9252-07CDA62CDC7F,False,False,True,5,8.577635580414034,1.500553117,,,,,"[{'message': 'Amazing Value', 'qualifier': 'Based on price, view, seat quality and more', 'hasValue': True, 'messageType': 'ValueBased'}, {'message': 'Popular Pick', 'qualifier': '58 tickets sold for this event', 'hasValue': True, 'messageType': 'BoughtInLastHourSocialProofBased'}]",[],,,"¥2,843,240",27.0,"¥760,495",,,,,,,,
13390442972,153020449,149,122812,149,2,14,_,,False,False,1,,False,False,[1],594,Lower,1,True,"[{'listingNoteId': -1, 'listingNoteContentId': 3338094, 'formattedListingNoteContent': 'Clear view', 'listingNoteTypeId': 3, 'showToBuyer': True, 'hideInMock': False, 'siteAddedListingNote': False, 'aisleListingNoteWithSplit': False, 'listingNoteDescriptionContentId': 3338095, 'formattedListingNoteDescription': ""You'll have an unrestricted view of the show.""}]","[{'listingNoteBucketId': 27, 'formattedListingNoteContent': 'Clear view', 'displayOrder': 8, 'showsRawNoteText': True, 'sourceListingNoteId': -1}]",2113331,False,False,Row 14,False,2091341,"¥2,091,341","¥2,091,341",10,Mobile Transfer ticket,3,1,USD,JPY,10990.0,USD,"https://img.vggcdn.net/img/vfsimage2/812551/594_122812/0.jpg?im=Resize=(500,271)&v=771",17 hours ago,8.2,False,False,False,False,3SrB7wLEy2e0jZJfE2mpvr2zzE0bGx%2fVS9oHF1MhHlk%3d,False,2026-07-18T12:17:54.7330000Z,False,False,False,False,False,False,0,False,False,False,False,False,0,False,False,0,13390442972,False,0EAF9471-8479-4645-8198-D4BFA71F4310,False,False,True,4,8.230149577246197,1.410860715,,,,,"[{'message': 'Great Value', 'qualifier': 'Based on price, view, seat quality and more', 'hasValue': True, 'messageType': 'ValueBased'}, {'message': 'Popular Pick', 'qualifier': '58 tickets sold for this event', 'hasValue': True, 'messageType': 'BoughtInLastHourSocialProofBased'}]",[],,,,,,,,,,,,,
13388838843,153020449,149,122812,149,2,13,9_9,9,False,False,1,,False,False,[1],594,Lower,1,True,"[{'listingNoteId': -1, 'listingNoteContentId': 3338094, 'formattedListingNoteContent': 'Clear view', 'listingNoteTypeId': 3, 'showToBuyer': True, 'hideInMock': False, 'siteAddedListingNote': False, 'aisleListingNoteWithSplit': False, 'listingNoteDescriptionContentId': 3338095, 'formattedListingNoteDescription': ""You'll have an unrestricted view of the show.""}]","[{'listingNoteBucketId': 27, 'formattedListingNoteContent': 'Clear view', 'displayOrder': 8, 'showsRawNoteText': True, 'sourceListingNoteId': -1}]",2113330,False,False,Row 13,False,2105747,"¥2,105,747","¥2,105,747",10,Mobile Transfer ticket,3,1,USD,JPY,12999.0,USD,"https://img.vggcdn.net/img/vfsimage2/812551/594_122812/0.jpg?im=Resize=(500,271)&v=771",yesterday,8.3,False,False,False,False,fZiiHeeKS4DnlHbFNnyiLmWFXe4OlUp%2fR7eUEvSK6cQ%3d,False,2026-07-18T04:46:57.3870000Z,False,False,False,False,False,False,0,False,False,False,False,False,0,False,False,0,13388838843,False,C5D79515-0450-46B5-83B5-C01F39D6537B,False,False,True,4,8.258496196892791,1.426788113,,,,,"[{'message': 'Great Value', 'qualifier': 'Based on price, view, seat quality and more', 'hasValue': True, 'messageType': 'ValueBased'}, {'message': 'Popular Pick', 'qualifier': '58 tickets sold for this event', 'hasValue': True, 'messageType': 'BoughtInLastHourSocialProofBased'}]",[],9,9,"¥3,222,334",35.0,"¥1,116,587",,,,,,,,
13285866325,153020449,323,122916,323,2,5,19_19,19,False,False,1,,False,False,[1],407,Upper,1,True,"[{'listingNoteId': 811, 'listingNoteContentId': 2446054, 'formattedListingNoteContent': 'Actual 1st row of the section', 'listingNoteTypeId': 3, 'showToBuyer': True, 'hideInMock': False, 'siteAddedListingNote': False, 'aisleListingNoteWithSplit': False, 'listingNoteDescriptionContentId': 2446055, 'formattedListingNoteDescription': 'Actual 1st row of the section'}, {'listingNoteId': -1, 'listingNoteContentId': 3338094, 'formattedListingNoteContent': 'Clear view', 'listingNoteTypeId': 3, 'showToBuyer': True, 'hideInMock': False, 'siteAddedListingNote': False, 'aisleListingNoteWithSplit': False, 'listingNoteDescriptionContentId': 3338095, 'formattedListingNoteDescription': ""You'll have an unrestricted view of the show.""}]","[{'listingNoteBucketId': 0, 'formattedListingNoteContent': 'Actual 1st row of the section', 'displayOrder': 30, 'showsRawNoteText': True, 'sourceListingNoteId': 811}, {'listingNoteBucketId': 27, 'formattedListingNoteContent': 'Clear view', 'displayOrder': 8, 'showsRawNoteText': True, 'sourceListingNoteId': -1}]",2113770,False,False,Row 5,False,2105747,"¥2,105,747","¥2,105,747",10,Mobile Transfer ticket,3,1,USD,JPY,,USD,"https://img.vggcdn.net/img/vfsimage2/812551/407_122916/0.jpg?im=Resize=(500,271)&v=771",10 days ago,4.1,False,False,False,False,fZiiHeeKS4DnlHbFNnyiLmWFXe4OlUp%2fR7eUEvSK6cQ%3d,False,2026-07-08T14:20:34.4970000Z,False,False,False,False,False,False,0,False,False,False,False,False,0,False,False,0,13285866325,False,C7D3C358-EA1A-4DA7-A191-6B2331717D7F,False,False,True,2,4.127638474057513,0.8004422494,,,,,"[{'message': 'Popular Pick', 'qualifier': '58 tickets sold for this event', 'hasValue': True, 'messageType': 'BoughtInLastHourSocialProofBased'}, {'message': 'Front Row', 'qualifier': 'Best seats in the house', 'hasValue': True, 'messageType': 'FirstRowTicketAttributeBased'}]",[811],19,19,,,,,,,,,,,
13392576891,153020449,103,122783,103,2,25,26_26,26,False,False,1,,False,False,[1],594,Lower,1,True,"[{'listingNoteId': 111, 'listingNoteContentId': 1703554, 'formattedListingNoteContent': 'Event Organiser', 'listingNoteTypeId': 5, 'showToBuyer': True, 'hideInMock': False, 'siteAddedListingNote': False, 'aisleListingNoteWithSplit': False, 'listingNoteDescriptionContentId': 1703553, 'formattedListingNoteDescription': 'the seller is an organiser of the event or a person acting on behalf of an organiser of the event'}, {'listingNoteId': -1, 'listingNoteContentId': 3338094, 'formattedListingNoteContent': 'Clear view', 'listingNoteTypeId': 3, 'showToBuyer': True, 'hideInMock': False, 'siteAddedListingNote': False, 'aisleListingNoteWithSplit': False, 'listingNoteDescriptionContentId': 3338095, 'formattedListingNoteDescription': ""You'll have an unrestricted view of the show.""}]","[{'listingNoteBucketId': 0, 'formattedListingNoteContent': 'Event Organiser', 'displayOrder': 30, 'showsRawNoteText': True, 'sourceListingNoteId': 111}, {'listingNoteBucketId': 27, 'formattedListingNoteContent': 'Clear view', 'displayOrder': 8, 'showsRawNoteText': True, 'sourceListingNoteId': -1}]",2112127,False,False,Row 25,False,2123291,"¥2,123,291","¥2,123,291",10,Mobile Transfer ticket,3,1,USD,JPY,10000.0,USD,"https://img.vggcdn.net/img/vfsimage2/812551/594_122783/0.jpg?im=Resize=(500,271)&v=771",10 hours ago,6.6,False,False,False,False,j39a0DgVcTsAfWpqmrPMWouyxRozfE5BgA7FkI2Jvjw%3d,False,2026-07-18T19:40:17.6370000Z,False,False,False,False,False,False,0,False,False,False,False,False,0,False,False,0,13392576891,False,7C67ADD3-B6B2-43D2-99A8-F8F344BACC28,False,False,True,3,6.647196383262783,1.151437035,,,,,"[{'message': 'Popular Pick', 'qualifier': '58 tickets sold for this event', 'hasValue': True, 'messageType': 'BoughtInLastHourSocialProofBased'}]",[],26,26,,,,,,Fan favorite,This section is in the top 10% of sections for this event when ranked based on a count of successful sales over the past 7 days on our site,True,,,
13364048140,153020449,149,122812,149,2,7,12_14,12,False,False,3,,False,False,"[1, 3]",594,Lower,3,True,"[{'listingNoteId': -1, 'listingNoteContentId': 3338094, 'formattedListingNoteContent': 'Clear view', 'listingNoteTypeId': 3, 'showToBuyer': True, 'hideInMock': False, 'siteAddedListingNote': False, 'aisleListingNoteWithSplit': False, 'listingNoteDescriptionContentId': 3338095, 'formattedListingNoteDescription': ""You'll have an unrestricted view of the show.""}]","[{'listingNoteBucketId': 27, 'formattedListingNoteContent': 'Clear view', 'displayOrder': 8, 'showsRawNoteText': True, 'sourceListingNoteId': -1}]",2113372,False,False,Row 7,False,2123713,"¥2,123,713","¥2,123,713",10,Mobile Transfer ticket,3,1,USD,JPY,0.0,USD,"https://img.vggcdn.net/img/vfsimage2/812551/594_122812/0.jpg?im=Resize=(500,271)&v=771",3 days ago,8.6,False,False,False,False,PRi3XYapZYh8i6IHlhIgCBmG9o5uN59WDswpnhPSLjk%3d,False,2026-07-15T20:58:41.9000000Z,False,False,False,False,False,False,0,False,False,False,False,False,0,False,False,0,13364048140,False,269A4311-32E9-4D8E-A3FF-8BFDFF0A9770,False,False,True,5,8.568308415421937,1.526010398,,,,,"[{'message': 'Amazing Value', 'qualifier': 'Based on price, view, seat quality and more', 'hasValue': True, 'messageType': 'ValueBased'}, {'message': 'Popular Pick', 'qualifier': '58 tickets sold for this event', 'hasValue': True, 'messageType': 'BoughtInLastHourSocialProofBased'}]",[],,,"¥3,255,127",35.0,"¥1,131,414",,,,,,,,
13393685369,153020449,126,122797,126,2,31,3_5,3,False,False,3,,False,False,"[1, 3]",594,Lower,3,True,"[{'listingNoteId': -1, 'listingNoteContentId': 3338094, 'formattedListingNoteContent': 'Clear view', 'listingNoteTypeId': 3, 'showToBuyer': True, 'hideInMock': False, 'siteAddedListingNote': False, 'aisleListingNoteWithSplit': False, 'listingNoteDescriptionContentId': 3338095, 'formattedListingNoteDescription': ""You'll have an unrestricted view of the show.""}]","[{'listingNoteBucketId': 27, 'formattedListingNoteContent': 'Clear view', 'displayOrder': 8, 'showsRawNoteText': True, 'sourceListingNoteId': -1}]",2112789,False,False,Row 31,False,2126301,"¥2,126,301","¥2,126,301",10,Mobile Transfer ticket,3,1,USD,JPY,0.0,USD,"https://img.vggcdn.net/img/vfsimage2/812551/594_122797/0.jpg?im=Resize=(500,271)&v=771",6 hours ago,7.3,False,False,False,False,LQHTso%2b4S2MaLHDzaxQ0kRJu8u79nmln0HrZFquKInc%3d,False,2026-07-18T23:46:54.3370000Z,False,False,False,False,False,False,0,False,False,False,False,False,0,False,False,0,13393685369,False,21E1EF3D-2430-4977-A376-D3251901A614,False,False,True,4,7.34987246114855,1.263732799,,,,,"[{'message': 'Great Value', 'qualifier': 'Based on price, view, seat quality and more', 'hasValue': True, 'messageType': 'ValueBased'}, {'message': 'Popular Pick', 'qualifier': '58 tickets sold for this event', 'hasValue': True, 'messageType': 'BoughtInLastHourSocialProofBased'}]",[],,,,,,,,,,,,,
13394738840,153020449,124,122796,124,2,3,_,,False,False,6,,False,False,"[1, 2, 3, 4, 5, 6]",594,Lower,6,True,"[{'listingNoteId': 2027, 'listingNoteContentId': 3415845, 'formattedListingNoteContent': 'Third Row of Section', 'listingNoteTypeId': 6, 'showToBuyer': True, 'hideInMock': False, 'siteAddedListingNote': False, 'aisleListingNoteWithSplit': False, 'listingNoteDescriptionContentId': 3415845, 'formattedListingNoteDescription': 'Third Row of Section'}, {'listingNoteId': -1, 'listingNoteContentId': 3338094, 'formattedListingNoteContent': 'Clear view', 'listingNoteTypeId': 3, 'showToBuyer': True, 'hideInMock': False, 'siteAddedListingNote': False, 'aisleListingNoteWithSplit': False, 'listingNoteDescriptionContentId': 3338095, 'formattedListingNoteDescription': ""You'll have an unrestricted view of the show.""}]","[{'listingNoteBucketId': 14, 'formattedListingNoteContent': 'Third Row of Section', 'displayOrder': 14, 'showsRawNoteText': True, 'sourceListingNoteId': 2027}, {'listingNoteBucketId': 27, 'formattedListingNoteContent': 'Clear view', 'displayOrder': 8, 'showsRawNoteText': True, 'sourceListingNoteId': -1}]",2112738,False,False,Row 3,False,2144734,"¥2,144,734","¥2,144,734",10,Mobile Transfer ticket,3,1,USD,JPY,10990.0,USD,"https://img.vggcdn.net/img/vfsimage2/812551/594_122796/0.jpg?im=Resize=(500,271)&v=771",an hour ago,8.7,False,False,False,False,VNmzPi8XmJ5RZpmv24M1jHKfH%2bXSEBPR8xYH6UuSN18%3d,False,2026-07-19T04:29:15.2370000Z,False,False,False,False,False,False,0,False,False,False,False,False,0,False,False,0,13394738840,False,853D3E32-75B7-416D-9C86-200A44709E61,False,False,True,5,8.684980810001857,1.594108818,,,,,"[{'message': 'Amazing Value', 'qualifier': 'Based on price, view, seat quality and more', 'hasValue': True, 'messageType': 'ValueBased'}, {'message': 'Popular Pick', 'qualifier': '58 tickets sold for this event', 'hasValue': True, 'messageType': 'BoughtInLastHourSocialProofBased'}, {'message': 'Third Row', 'qualifier': 'Excellent proximity to the action', 'hasValue': True, 'messageType': 'ThirdRowTicketAttributeBased'}]",[2027],,,,,,,,Fan favorite,This section is in the top 10% of sections for this event when ranked based on a count of successful sales over the past 7 days on our site,True,,,
13384790123,153020449,131,122800,131,2,28,29_,29,False,False,1,,False,False,[1],594,Lower,1,True,"[{'listingNoteId': -1, 'listingNoteContentId': 3338094, 'formattedListingNoteContent': 'Clear view', 'listingNoteTypeId': 3, 'showToBuyer': True, 'hideInMock': False, 'siteAddedListingNote': False, 'aisleListingNoteWithSplit': False, 'listingNoteDescriptionContentId': 3338095, 'formattedListingNoteDescription': ""You'll have an unrestricted view of the show.""}]","[{'listingNoteBucketId': 27, 'formattedListingNoteContent': 'Clear view', 'displayOrder': 8, 'showsRawNoteText': True, 'sourceListingNoteId': -1}]",2112926,False,False,Row 28,False,2149327,"¥2,149,327","¥2,149,327",10,Mobile Transfer ticket,3,1,BRL,JPY,1500.0,BRL,"https://img.vggcdn.net/img/vfsimage2/812551/594_122800/0.jpg?im=Resize=(500,271)&v=771",yesterday,7.2,False,False,False,False,TW9u1D7vfayNzX8zLhbjD1uPohEfEUIGCpJSoc%2fJZM0%3d,False,2026-07-17T17:53:40.7570000Z,False,False,False,False,False,False,0,False,False,False,False,False,0,False,False,0,13384790123,False,C3E7DE99-F089-49EF-8E91-860388DD70BF,False,False,True,4,7.169615002098234,1.247029714,,,,,"[{'message': 'Great Value', 'qualifier': 'Based on price, view, seat quality and more', 'hasValue': True, 'messageType': 'ValueBased'}, {'message': 'Popular Pick', 'qualifier': '58 tickets sold for this event', 'hasValue': True, 'messageType': 'BoughtInLastHourSocialProofBased'}]",[],,,"¥3,393,772",37.0,"¥1,244,445",Last ticket,True,,,,,,
13365488418,153020449,146,122810,146,2,34,18_18,18,False,False,1,,False,False,[1],594,Lower,1,True,"[{'listingNoteId': -1, 'listingNoteContentId': 3338094, 'formattedListingNoteContent': 'Clear view', 'listingNoteTypeId': 3, 'showToBuyer': True, 'hideInMock': False, 'siteAddedListingNote': False, 'aisleListingNoteWithSplit': False, 'listingNoteDescriptionContentId': 3338095, 'formattedListingNoteDescription': ""You'll have an unrestricted view of the show.""}]","[{'listingNoteBucketId': 27, 'formattedListingNoteContent': 'Clear view', 'displayOrder': 8, 'showsRawNoteText': True, 'sourceListingNoteId': -1}]",2113257,False,False,Row 34,False,2175924,"¥2,175,924","¥2,175,924",10,Mobile Transfer ticket,3,1,USD,JPY,12000.0,USD,"https://img.vggcdn.net/img/vfsimage2/812551/594_122810/0.jpg?im=Resize=(500,271)&v=771",3 days ago,5.7,False,False,False,False,Ms4timMUIfja1TMtJNvfINrU5Av%2bs9ddF7koSIclW%2fI%3d,False,2026-07-16T01:01:42.1270000Z,False,False,False,False,False,False,0,False,False,False,False,False,0,False,False,0,13365488418,False,0185B3EA-C31F-44CD-BB19-7482FCACBDD8,False,False,True,3,5.7433185232058985,1.060140837,,,,,"[{'message': 'Popular Pick', 'qualifier': '58 tickets sold for this event', 'hasValue': True, 'messageType': 'BoughtInLastHourSocialProofBased'}]",[],18,18,,,,,,,,,,,
13393607715,153020449,126,122797,126,2,30,18_18,18,False,False,1,,False,False,[1],594,Lower,1,True,"[{'listingNoteId': -1, 'listingNoteContentId': 3338094, 'formattedListingNoteContent': 'Clear view', 'listingNoteTypeId': 3, 'showToBuyer': True, 'hideInMock': False, 'siteAddedListingNote': False, 'aisleListingNoteWithSplit': False, 'listingNoteDescriptionContentId': 3338095, 'formattedListingNoteDescription': ""You'll have an unrestricted view of the show.""}]","[{'listingNoteBucketId': 27, 'formattedListingNoteContent': 'Clear view', 'displayOrder': 8, 'showsRawNoteText': True, 'sourceListingNoteId': -1}]",2112788,False,False,Row 30,False,2180310,"¥2,180,310","¥2,180,310",10,Mobile Transfer ticket,3,1,USD,JPY,0.0,USD,"https://img.vggcdn.net/img/vfsimage2/812551/594_122797/0.jpg?im=Resize=(500,271)&v=771",6 hours ago,7.3,False,False,False,False,7qqRycH6h%2buerJGIYrATi3Z9rwPBUkwwBODUHRvF1ps%3d,False,2026-07-18T23:26:34.8600000Z,False,False,False,False,False,False,0,False,False,False,False,False,0,False,False,0,13393607715,False,4B25548C-FC4E-41F3-8D1E-41F21F682080,False,False,True,4,7.259870717094609,1.2802602,,,,,"[{'message': 'Great Value', 'qualifier': 'Based on price, view, seat quality and more', 'hasValue': True, 'messageType': 'ValueBased'}, {'message': 'Popular Pick', 'qualifier': '58 tickets sold for this event', 'hasValue': True, 'messageType': 'BoughtInLastHourSocialProofBased'}]",[],18,18,,,,,,,,,,,
13367629926,153020449,Argentina Supporters Standard Tier,2449434,Argentina Supporters Standard Tier,2,,_,,False,False,2,,False,False,"[1, 2]",36868,Argentina Supporters,2,True,"[{'listingNoteId': -1, 'listingNoteContentId': 3338094, 'formattedListingNoteContent': 'Clear view', 'listingNoteTypeId': 3, 'showToBuyer': True, 'hideInMock': False, 'siteAddedListingNote': False, 'aisleListingNoteWithSplit': False, 'listingNoteDescriptionContentId': 3338095, 'formattedListingNoteDescription': ""You'll have an unrestricted view of the show.""}]","[{'listingNoteBucketId': 27, 'formattedListingNoteContent': 'Clear view', 'displayOrder': 8, 'showsRawNoteText': True, 'sourceListingNoteId': -1}]",4849986,False,False,Row,True,2183721,"¥2,183,721","¥2,183,721",10,Mobile Transfer ticket,3,1,USD,JPY,10000.0,USD,"https://img.vggcdn.net/img/vfsimage2/812551/36868_2449434/0.jpg?im=Resize=(500,271)&v=771",3 days ago,7.0,False,False,False,False,7Xh10zDwZtM%2bCDtazTlTgsO0TDRMyTs%2be99GAYz%2fT%2bQ%3d,False,2026-07-16T04:58:48.2770000Z,False,False,False,False,False,False,0,False,False,False,False,False,0,False,False,0,13367629926,False,CF983E29-9791-4BC8-A068-833C1C281EDF,False,False,True,3,6.952013838297444,1.231148835,,,,,"[{'message': 'Popular Pick', 'qualifier': '58 tickets sold for this event', 'hasValue': True, 'messageType': 'BoughtInLastHourSocialProofBased'}]",[],,,"¥2,948,525",26.0,"¥764,804",Last tickets,True,,,,,,
13252686644,153020449,Lower,1546666,Lower,3,,_,,False,False,4,,False,False,"[1, 2, 3, 4]",594,Lower,4,True,"[{'listingNoteId': -1, 'listingNoteContentId': 3338094, 'formattedListingNoteContent': 'Clear view', 'listingNoteTypeId': 3, 'showToBuyer': True, 'hideInMock': False, 'siteAddedListingNote': False, 'aisleListingNoteWithSplit': False, 'listingNoteDescriptionContentId': 3338095, 'formattedListingNoteDescription': ""You'll have an unrestricted view of the show.""}]","[{'listingNoteBucketId': 27, 'formattedListingNoteContent': 'Clear view', 'displayOrder': 8, 'showsRawNoteText': True, 'sourceListingNoteId': -1}]",1641233,False,False,Row,True,2183721,"¥2,183,721","¥2,183,721",10,Mobile Transfer ticket,3,1,USD,JPY,10000.0,USD,"https://img.vggcdn.net/img/vfsimage2/812551/594_1546666/0.jpg?im=Resize=(500,271)&v=771",13 days ago,0.0,False,False,True,False,7Xh10zDwZtM%2bCDtazTlTgsO0TDRMyTs%2be99GAYz%2fT%2bQ%3d,False,2026-07-05T16:54:09.3230000Z,False,False,False,False,False,False,0,False,False,False,False,False,0,False,False,0,13252686644,False,36FB8A50-3C5F-4199-A1AE-B7677F326DD8,False,False,True,0,,,,,,,"[{'message': 'Popular Pick', 'qualifier': '58 tickets sold for this event', 'hasValue': True, 'messageType': 'BoughtInLastHourSocialProofBased'}]",[],,,,,,Last tickets,True,,,,,,
13389404561,153020449,148,122811,148,2,12,19_19,19,False,False,1,,False,False,[1],594,Lower,1,True,"[{'listingNoteId': -1, 'listingNoteContentId': 3338094, 'formattedListingNoteContent': 'Clear view', 'listingNoteTypeId': 3, 'showToBuyer': True, 'hideInMock': False, 'siteAddedListingNote': False, 'aisleListingNoteWithSplit': False, 'listingNoteDescriptionContentId': 3338095, 'formattedListingNoteDescription': ""You'll have an unrestricted view of the show.""}]","[{'listingNoteBucketId': 27, 'formattedListingNoteContent': 'Clear view', 'displayOrder': 8, 'showsRawNoteText': True, 'sourceListingNoteId': -1}]",2113281,False,False,Row 12,False,2193468,"¥2,193,468","¥2,193,468",10,Mobile Transfer ticket,3,1,USD,JPY,0.0,USD,"https://img.vggcdn.net/img/vfsimage2/812551/594_122811/0.jpg?im=Resize=(500,271)&v=771",23 hours ago,8.7,False,False,False,False,4N42p1%2bgbaCRcTPNVVj6L%2bMpgxIjLJC%2fiQOR8RMheJo%3d,False,2026-07-18T06:21:24.0130000Z,False,False,False,False,False,False,0,False,False,False,False,False,0,False,False,0,13389404561,False,85D3E766-7EC7-4FE7-8F2D-B1691E49EB4B,False,False,True,5,8.666502646470875,1.621507828,,,,,"[{'message': 'Amazing Value', 'qualifier': 'Based on price, view, seat quality and more', 'hasValue': True, 'messageType': 'ValueBased'}, {'message': 'Popular Pick', 'qualifier': '58 tickets sold for this event', 'hasValue': True, 'messageType': 'BoughtInLastHourSocialProofBased'}]",[],19,19,,,,,,Fan favorite,This section is in the top 10% of sections for this event when ranked based on a count of successful sales over the past 7 days on our site,True,,,
13388419682,153020449,126,122797,126,2,29,_,,False,False,2,,False,False,"[1, 2]",594,Lower,2,True,"[{'listingNoteId': -1, 'listingNoteContentId': 3338094, 'formattedListingNoteContent': 'Clear view', 'listingNoteTypeId': 3, 'showToBuyer': True, 'hideInMock': False, 'siteAddedListingNote': False, 'aisleListingNoteWithSplit': False, 'listingNoteDescriptionContentId': 3338095, 'formattedListingNoteDescription': ""You'll have an unrestricted view of the show.""}]","[{'listingNoteBucketId': 27, 'formattedListingNoteContent': 'Clear view', 'displayOrder': 8, 'showsRawNoteText': True, 'sourceListingNoteId': -1}]",2112786,False,False,Row 29,False,2197366,"¥2,197,366","¥2,197,366",10,Mobile Transfer ticket,3,14,USD,JPY,10990.0,USD,"https://img.vggcdn.net/img/vfsimage2/812551/594_122797/0.jpg?im=Resize=(500,271)&v=771",yesterday,7.3,False,False,False,False,nBhBIAfJtW6vbA9vNO%2bMxVrTQHNtSM9fzNqYNHyUSPc%3d,False,2026-07-18T03:33:57.8300000Z,False,False,False,False,False,False,0,False,False,False,False,False,0,False,False,0,13388419682,False,F4F63930-E4FB-4797-A1EA-B4339961F16E,False,False,True,4,7.298608152850621,1.296988872,,,,,"[{'message': 'Great Value', 'qualifier': 'Based on price, view, seat quality and more', 'hasValue': True, 'messageType': 'ValueBased'}, {'message': 'Popular Pick', 'qualifier': '58 tickets sold for this event', 'hasValue': True, 'messageType': 'BoughtInLastHourSocialProofBased'}]",[],,,,,,,,,,,,,
13350044210,153020449,207C,1530778,207C,2,14,8_8,8,False,False,1,,False,False,[1],471,Middle,1,True,"[{'listingNoteId': -1, 'listingNoteContentId': 3338094, 'formattedListingNoteContent': 'Clear view', 'listingNoteTypeId': 3, 'showToBuyer': True, 'hideInMock': False, 'siteAddedListingNote': False, 'aisleListingNoteWithSplit': False, 'listingNoteDescriptionContentId': 3338095, 'formattedListingNoteDescription': ""You'll have an unrestricted view of the show.""}]","[{'listingNoteBucketId': 27, 'formattedListingNoteContent': 'Clear view', 'displayOrder': 8, 'showsRawNoteText': True, 'sourceListingNoteId': -1}]",1593451,False,False,Row 14,False,2227971,"¥2,227,971","¥2,227,971",10,Mobile Transfer ticket,3,1,USD,JPY,10990.0,USD,"https://img.vggcdn.net/img/vfsimage2/812551/471_1530778/0.jpg?im=Resize=(500,271)&v=771",4 days ago,2.5,False,False,False,False,ILFzjXElhDdaRPjqrdnoZ7jzkh74MOvwiCJAfRTkTPc%3d,False,2026-07-14T16:15:39.5500000Z,False,False,False,False,False,False,0,False,False,False,False,False,0,False,False,0,13350044210,False,651AF8BB-628B-446B-96F7-35DA308F9F55,False,False,True,1,2.491162014542885,0.6530657106,,,,,"[{'message': 'Popular Pick', 'qualifier': '58 tickets sold for this event', 'hasValue': True, 'messageType': 'BoughtInLastHourSocialProofBased'}]",[],8,8,,,,Last ticket,True,,,,,,
13388308290,153020449,232C,1530794,232C,2,14,_,,False,False,4,,False,False,"[1, 2, 3, 4]",471,Middle,4,True,"[{'listingNoteId': -1, 'listingNoteContentId': 3338094, 'formattedListingNoteContent': 'Clear view', 'listingNoteTypeId': 3, 'showToBuyer': True, 'hideInMock': False, 'siteAddedListingNote': False, 'aisleListingNoteWithSplit': False, 'listingNoteDescriptionContentId': 3338095, 'formattedListingNoteDescription': ""You'll have an unrestricted view of the show.""}]","[{'listingNoteBucketId': 27, 'formattedListingNoteContent': 'Clear view', 'displayOrder': 8, 'showsRawNoteText': True, 'sourceListingNoteId': -1}]",1593479,False,False,Row 14,False,2242202,"¥2,242,202","¥2,242,202",10,Mobile Transfer ticket,3,1,USD,JPY,10990.0,USD,"https://img.vggcdn.net/img/vfsimage2/812551/471_1530794/0.jpg?im=Resize=(500,271)&v=771",yesterday,4.3,False,False,False,False,XjAHF%2fJCkfyLjsCMQKP88GOtNETTfuRzMjHrxbyy00E%3d,False,2026-07-18T02:58:06.5730000Z,False,False,False,False,False,False,0,False,False,False,False,False,0,False,False,0,13388308290,False,F7CD48B9-68A3-4072-8DF0-E32FACC38485,False,False,True,2,4.341401600157814,0.885675885,,,,,"[{'message': 'Popular Pick', 'qualifier': '58 tickets sold for this event', 'hasValue': True, 'messageType': 'BoughtInLastHourSocialProofBased'}]",[],,,"¥3,976,892",44.0,"¥1,734,690",Last tickets,True,,,,,,
13388050955,153020449,101,122782,101,2,2,17_17,17,False,False,1,,False,False,[1],594,Lower,1,True,"[{'listingNoteId': 2026, 'listingNoteContentId': 3415844, 'formattedListingNoteContent': 'Second Row of Section', 'listingNoteTypeId': 6, 'showToBuyer': True, 'hideInMock': False, 'siteAddedListingNote': False, 'aisleListingNoteWithSplit': False, 'listingNoteDescriptionContentId': 3415844, 'formattedListingNoteDescription': 'Second Row of Section'}, {'listingNoteId': -1, 'listingNoteContentId': 3338094, 'formattedListingNoteContent': 'Clear view', 'listingNoteTypeId': 3, 'showToBuyer': True, 'hideInMock': False, 'siteAddedListingNote': False, 'aisleListingNoteWithSplit': False, 'listingNoteDescriptionContentId': 3338095, 'formattedListingNoteDescription': ""You'll have an unrestricted view of the show.""}]","[{'listingNoteBucketId': 14, 'formattedListingNoteContent': 'Second Row of Section', 'displayOrder': 14, 'showsRawNoteText': True, 'sourceListingNoteId': 2026}, {'listingNoteBucketId': 27, 'formattedListingNoteContent': 'Clear view', 'displayOrder': 8, 'showsRawNoteText': True, 'sourceListingNoteId': -1}]",2112074,False,False,Row 2,False,2254422,"¥2,254,422","¥2,254,422",10,Mobile Transfer ticket,3,1,USD,JPY,0.0,USD,"https://img.vggcdn.net/img/vfsimage2/812551/594_122782/0.jpg?im=Resize=(500,271)&v=771",yesterday,8.7,False,False,False,False,SAb8jaCLDXSOiXBvlV6MvVPUksDIFKnkRFzBJTSCYPI%3d,False,2026-07-18T01:49:15.2000000Z,False,False,False,False,False,False,0,False,False,False,False,False,0,False,False,0,13388050955,False,DF16A628-3FAA-4C1F-AFEF-EE3570AA24C2,False,False,True,5,8.745444033575607,1.706054045,,,,,"[{'message': 'Amazing Value', 'qualifier': 'Based on price, view, seat quality and more', 'hasValue': True, 'messageType': 'ValueBased'}, {'message': 'Popular Pick', 'qualifier': '58 tickets sold for this event', 'hasValue': True, 'messageType': 'BoughtInLastHourSocialProofBased'}, {'message': 'Second Row', 'qualifier': 'Premium close-up view', 'hasValue': True, 'messageType': 'SecondRowTicketAttributeBased'}]",[2026],,,,,,,,Fan favorite,This section is in the top 10% of sections for this event when ranked based on a count of successful sales over the past 7 days on our site,True,,,
13395026079,153020449,146,122810,146,2,32,16_19,16,False,False,4,,False,False,"[1, 2, 3, 4]",594,Lower,4,True,"[{'listingNoteId': -1, 'listingNoteContentId': 3338094, 'formattedListingNoteContent': 'Clear view', 'listingNoteTypeId': 3, 'showToBuyer': True, 'hideInMock': False, 'siteAddedListingNote': False, 'aisleListingNoteWithSplit': False, 'listingNoteDescriptionContentId': 3338095, 'formattedListingNoteDescription': ""You'll have an unrestricted view of the show.""}]","[{'listingNoteBucketId': 27, 'formattedListingNoteContent': 'Clear view', 'displayOrder': 8, 'showsRawNoteText': True, 'sourceListingNoteId': -1}]",2113255,False,False,Row 32,False,2257592,"¥2,257,592","¥2,257,592",10,Mobile Transfer ticket,3,1,USD,JPY,11000.0,USD,"https://img.vggcdn.net/img/vfsimage2/812551/594_122810/0.jpg?im=Resize=(500,271)&v=771",37 minutes ago,5.6,False,False,False,False,nYIxKQwFOyyHdcHDDRq8iVI4MC5QMDV%2bufVK7lDExCA%3d,False,2026-07-19T05:12:07.6770000Z,False,False,False,False,False,False,0,False,False,False,False,False,0,False,False,0,13395026079,False,798A9926-0095-4AE9-9402-55B7851E0EA5,False,False,True,3,5.635465814741172,1.086768645,,,,,"[{'message': 'Popular Pick', 'qualifier': '58 tickets sold for this event', 'hasValue': True, 'messageType': 'BoughtInLastHourSocialProofBased'}]",[],,,,,,,,,,,,,
13394502330,153020449,115C,1530769,115C,2,23,1_1,1,False,False,1,,False,False,[1],594,Lower,1,True,"[{'listingNoteId': -1, 'listingNoteContentId': 3338094, 'formattedListingNoteContent': 'Clear view', 'listingNoteTypeId': 3, 'showToBuyer': True, 'hideInMock': False, 'siteAddedListingNote': False, 'aisleListingNoteWithSplit': False, 'listingNoteDescriptionContentId': 3338095, 'formattedListingNoteDescription': ""You'll have an unrestricted view of the show.""}]","[{'listingNoteBucketId': 14, 'formattedListingNoteContent': 'Aisle seat', 'displayOrder': 14, 'showsRawNoteText': True, 'sourceListingNoteId': 2024}, {'listingNoteBucketId': 27, 'formattedListingNoteContent': 'Clear view', 'displayOrder': 8, 'showsRawNoteText': True, 'sourceListingNoteId': -1}]",1590952,False,False,Row 23,False,2388383,"¥2,388,383","¥2,388,383",10,Mobile Transfer ticket,3,1,USD,JPY,,USD,"https://img.vggcdn.net/img/vfsimage2/812551/594_1530769/0.jpg?im=Resize=(500,271)&v=771",2 hours ago,9.3,False,False,False,False,vzeG3ng2ERvLOK6vzMRxPJGpe5%2bVqK9vQbRMYiPXz9U%3d,False,2026-07-19T03:34:48.4370000Z,False,False,False,False,False,False,0,False,False,False,False,False,0,False,False,0,13394502330,False,B1638670-9D72-41A4-8D52-62EF6F1CF18C,False,False,True,5,9.334636197161421,2.195617844,,,,,"[{'message': 'Amazing Value', 'qualifier': 'Based on price, view, seat quality and more', 'hasValue': True, 'messageType': 'ValueBased'}, {'message': 'Popular Pick', 'qualifier': '58 tickets sold for this event', 'hasValue': True, 'messageType': 'BoughtInLastHourSocialProofBased'}, {'message': 'Aisle Seat', 'qualifier': 'Easy access to your seat', 'hasValue': True, 'messageType': 'AisleSeatTicketAttributeBased'}]",[2024],1,1,,,,,,,,,,,
13386082537,153020449,103,122783,103,2,4,7_7,7,False,False,1,,False,False,[1],594,Lower,1,True,"[{'listingNoteId': -1, 'listingNoteContentId': 3338094, 'formattedListingNoteContent': 'Clear view', 'listingNoteTypeId': 3, 'showToBuyer': True, 'hideInMock': False, 'siteAddedListingNote': False, 'aisleListingNoteWithSplit': False, 'listingNoteDescriptionContentId': 3338095, 'formattedListingNoteDescription': ""You'll have an unrestricted view of the show.""}]","[{'listingNoteBucketId': 27, 'formattedListingNoteContent': 'Clear view', 'displayOrder': 8, 'showsRawNoteText': True, 'sourceListingNoteId': -1}]",2112143,False,False,Row 4,False,2403998,"¥2,403,998","¥2,403,998",10,Mobile Transfer ticket,3,1,USD,JPY,,USD,"https://img.vggcdn.net/img/vfsimage2/812551/594_122783/0.jpg?im=Resize=(500,271)&v=771",yesterday,7.4,False,False,False,False,fqTTJ3goeW%2bFUJfEeHWNvxkOPOFHFFXZzChkSZCiseg%3d,False,2026-07-17T20:37:38.5970000Z,False,False,False,False,False,False,0,False,False,False,False,False,0,False,False,0,13386082537,False,ACDDB921-74FB-4A61-A414-49DDE0F6B731,False,False,True,4,7.355966262243626,1.429990262,,,,,"[{'message': 'Great Value', 'qualifier': 'Based on price, view, seat quality and more', 'hasValue': True, 'messageType': 'ValueBased'}, {'message': 'Popular Pick', 'qualifier': '58 tickets sold for this event', 'hasValue': True, 'messageType': 'BoughtInLastHourSocialProofBased'}]",[],7,7,"¥3,222,274",25.0,"¥818,276",,,Fan favorite,This section is in the top 10% of sections for this event when ranked based on a count of successful sales over the past 7 days on our site,True,,,
13394153137,153020449,115C,1530769,115C,2,9,1_1,1,False,False,1,,False,False,[1],594,Lower,1,True,"[{'listingNoteId': -1, 'listingNoteContentId': 3338094, 'formattedListingNoteContent': 'Clear view', 'listingNoteTypeId': 3, 'showToBuyer': True, 'hideInMock': False, 'siteAddedListingNote': False, 'aisleListingNoteWithSplit': False, 'listingNoteDescriptionContentId': 3338095, 'formattedListingNoteDescription': ""You'll have an unrestricted view of the show.""}]","[{'listingNoteBucketId': 14, 'formattedListingNoteContent': 'Aisle seat', 'displayOrder': 14, 'showsRawNoteText': True, 'sourceListingNoteId': 2024}, {'listingNoteBucketId': 27, 'formattedListingNoteContent': 'Clear view', 'displayOrder': 8, 'showsRawNoteText': True, 'sourceListingNoteId': -1}]",1641172,False,False,Row 9,False,2456455,"¥2,456,455","¥2,456,455",10,Mobile Transfer ticket,3,1,USD,JPY,10000.0,USD,"https://img.vggcdn.net/img/vfsimage2/812551/594_1530769/0.jpg?im=Resize=(500,271)&v=771",3 hours ago,9.6,False,False,False,False,7GjpDiIXe4Orz7teqNlUaqn1DYnDgwao6znxG5yrVWc%3d,False,2026-07-19T01:58:44.3470000Z,False,False,False,False,False,False,0,False,False,False,False,False,0,False,False,0,13394153137,False,89CD29CB-EECE-4390-B806-A23418E8DA3D,False,False,True,5,9.598217185552954,2.49822345,,,,,"[{'message': 'Amazing Value', 'qualifier': 'Based on price, view, seat quality and more', 'hasValue': True, 'messageType': 'ValueBased'}, {'message': 'Popular Pick', 'qualifier': '58 tickets sold for this event', 'hasValue': True, 'messageType': 'BoughtInLastHourSocialProofBased'}, {'message': 'Aisle Seat', 'qualifier': 'Easy access to your seat', 'hasValue': True, 'messageType': 'AisleSeatTicketAttributeBased'}]",[2024],,,"¥3,260,172",25.0,"¥803,717",,,,,,,,
13387866389,153020449,142,122807,142,2,33,21_21,21,False,False,1,,False,False,[1],594,Lower,1,True,"[{'listingNoteId': 814, 'listingNoteContentId': 2446060, 'formattedListingNoteContent': 'Limited or Obstructed View (printed on ticket)', 'listingNoteTypeId': 1, 'showToBuyer': True, 'hideInMock': False, 'siteAddedListingNote': False, 'aisleListingNoteWithSplit': False, 'listingNoteDescriptionContentId': 2446061, 'formattedListingNoteDescription': 'Limited or Obstructed View (printed on ticket)'}]","[{'listingNoteBucketId': 21, 'formattedListingNoteContent': 'Limited view', 'displayOrder': 21, 'showsRawNoteText': False}]",2113160,False,False,Row 33,False,2456630,"¥2,456,630","¥2,456,630",10,Mobile Transfer ticket,3,1,USD,JPY,10000.0,USD,"https://img.vggcdn.net/img/vfsimage2/812551/594_122807/0.jpg?im=Resize=(500,271)&v=771",yesterday,7.3,False,False,False,False,Czdw6%2fg0Q6%2bd9BFZLzKWN4V2RY4NdEifUA9aD7c93eg%3d,False,2026-07-18T01:13:10.2930000Z,False,False,False,False,False,False,0,False,False,False,False,False,0,False,False,0,13387866389,False,56C888DB-0D5A-4B89-9A94-AEFDF1102C01,False,False,True,4,7.2737518488584305,1.445226969,,,,,"[{'message': 'Great Value', 'qualifier': 'Based on price, view, seat quality and more', 'hasValue': True, 'messageType': 'ValueBased'}, {'message': 'Popular Pick', 'qualifier': '58 tickets sold for this event', 'hasValue': True, 'messageType': 'BoughtInLastHourSocialProofBased'}]",[],21,21,"¥4,549,079",46.0,"¥2,092,449",,,,,,,,
13394493020,153020449,247A,1530799,247A,2,7,17_17,17,False,False,1,,False,False,[1],471,Middle,1,True,"[{'listingNoteId': -1, 'listingNoteContentId': 3338094, 'formattedListingNoteContent': 'Clear view', 'listingNoteTypeId': 3, 'showToBuyer': True, 'hideInMock': False, 'siteAddedListingNote': False, 'aisleListingNoteWithSplit': False, 'listingNoteDescriptionContentId': 3338095, 'formattedListingNoteDescription': ""You'll have an unrestricted view of the show.""}]","[{'listingNoteBucketId': 27, 'formattedListingNoteContent': 'Clear view', 'displayOrder': 8, 'showsRawNoteText': True, 'sourceListingNoteId': -1}]",1593725,False,False,Row 7,False,2544351,"¥2,544,351","¥2,544,351",10,Mobile Transfer ticket,3,1,USD,JPY,0.0,USD,"https://img.vggcdn.net/img/vfsimage2/812551/471_1530799/0.jpg?im=Resize=(500,271)&v=771",2 hours ago,4.2,False,False,False,False,tbLkoTf7Snujyg4h9CS1tssZgIjrydTYIKg6IOGpQT8%3d,False,2026-07-19T03:31:02.6630000Z,False,False,False,False,False,False,0,False,False,False,False,False,0,False,False,0,13394493020,False,560C68D2-A17B-4731-B739-4F6A0D7BB96D,False,False,True,2,4.2234905066687665,0.9838136597,,,,,"[{'message': 'Popular Pick', 'qualifier': '58 tickets sold for this event', 'hasValue': True, 'messageType': 'BoughtInLastHourSocialProofBased'}]",[],17,17,,,,Last ticket,True,,,,,,
13387080696,153020449,128,122798,128,2,21,_,,False,False,1,,False,False,[1],594,Lower,1,True,"[{'listingNoteId': -1, 'listingNoteContentId': 3338094, 'formattedListingNoteContent': 'Clear view', 'listingNoteTypeId': 3, 'showToBuyer': True, 'hideInMock': False, 'siteAddedListingNote': False, 'aisleListingNoteWithSplit': False, 'listingNoteDescriptionContentId': 3338095, 'formattedListingNoteDescription': ""You'll have an unrestricted view of the show.""}]","[{'listingNoteBucketId': 27, 'formattedListingNoteContent': 'Clear view', 'displayOrder': 8, 'showsRawNoteText': True, 'sourceListingNoteId': -1}]",2112826,False,False,Row 21,False,2564341,"¥2,564,341","¥2,564,341",10,Mobile Transfer ticket,3,1,EUR,JPY,10990.0,EUR,"https://img.vggcdn.net/img/vfsimage2/812551/594_122798/0.jpg?im=Resize=(500,271)&v=771",yesterday,6.9,False,False,False,False,TQxZlisxx%2f8306nacjvnL4pZIZU0kSkM4j%2b22a%2fzrnA%3d,False,2026-07-17T23:05:59.8100000Z,False,False,False,False,False,False,0,False,False,False,False,False,0,False,False,0,13387080696,False,DB9DCD42-DCC2-4FDF-8CF9-A420C80152CA,False,False,True,3,6.90637902523836,1.437252908,,,,,"[{'message': 'Popular Pick', 'qualifier': '58 tickets sold for this event', 'hasValue': True, 'messageType': 'BoughtInLastHourSocialProofBased'}]",[],,,,,,,,,,,,,
13391083807,153020449,231A,1530792,231A,2,2,16_19,16,False,False,4,,False,False,"[1, 2, 4]",471,Middle,4,True,"[{'listingNoteId': 2026, 'listingNoteContentId': 3415844, 'formattedListingNoteContent': 'Second Row of Section', 'listingNoteTypeId': 6, 'showToBuyer': True, 'hideInMock': False, 'siteAddedListingNote': False, 'aisleListingNoteWithSplit': False, 'listingNoteDescriptionContentId': 3415844, 'formattedListingNoteDescription': 'Second Row of Section'}, {'listingNoteId': -1, 'listingNoteContentId': 3338094, 'formattedListingNoteContent': 'Clear view', 'listingNoteTypeId': 3, 'showToBuyer': True, 'hideInMock': False, 'siteAddedListingNote': False, 'aisleListingNoteWithSplit': False, 'listingNoteDescriptionContentId': 3338095, 'formattedListingNoteDescription': ""You'll have an unrestricted view of the show.""}]","[{'listingNoteBucketId': 14, 'formattedListingNoteContent': 'Second Row of Section', 'displayOrder': 14, 'showsRawNoteText': True, 'sourceListingNoteId': 2026}, {'listingNoteBucketId': 27, 'formattedListingNoteContent': 'Clear view', 'displayOrder': 8, 'showsRawNoteText': True, 'sourceListingNoteId': -1}]",1593666,False,False,Row 2,False,2632072,"¥2,632,072","¥2,632,072",10,Mobile Transfer ticket,3,1,USD,JPY,10000.0,USD,"https://img.vggcdn.net/img/vfsimage2/812551/471_1530792/0.jpg?im=Resize=(500,271)&v=771",15 hours ago,6.1,False,False,False,False,J6JR8OBaehhDB1kEU8m3nOjseNSqjvKH0g%2flMe1kwQY%3d,False,2026-07-18T13:54:48.0930000Z,False,False,False,False,False,False,0,False,False,False,False,False,0,False,False,0,13391083807,False,EEFB4EEF-21F4-47DF-A021-34B458F4B511,False,False,True,3,6.069268237504714,1.331183615,,,,,"[{'message': 'Popular Pick', 'qualifier': '58 tickets sold for this event', 'hasValue': True, 'messageType': 'BoughtInLastHourSocialProofBased'}, {'message': 'Second Row', 'qualifier': 'Premium close-up view', 'hasValue': True, 'messageType': 'SecondRowTicketAttributeBased'}]",[2026],,,,,,Last tickets,True,,,,,,
13394990096,153020449,209,122842,209,2,3,_,,False,False,1,,False,False,[1],471,Middle,1,True,"[{'listingNoteId': 165, 'listingNoteContentId': 2444685, 'formattedListingNoteContent': 'Preferred Seating', 'listingNoteTypeId': 3, 'showToBuyer': True, 'hideInMock': False, 'siteAddedListingNote': False, 'aisleListingNoteWithSplit': False, 'listingNoteDescriptionContentId': 2444686, 'formattedListingNoteDescription': 'Preferred Seating'}, {'listingNoteId': 2027, 'listingNoteContentId': 3415845, 'formattedListingNoteContent': 'Third Row of Section', 'listingNoteTypeId': 6, 'showToBuyer': True, 'hideInMock': False, 'siteAddedListingNote': False, 'aisleListingNoteWithSplit': False, 'listingNoteDescriptionContentId': 3415845, 'formattedListingNoteDescription': 'Third Row of Section'}, {'listingNoteId': -1, 'listingNoteContentId': 3338094, 'formattedListingNoteContent': 'Clear view', 'listingNoteTypeId': 3, 'showToBuyer': True, 'hideInMock': False, 'siteAddedListingNote': False, 'aisleListingNoteWithSplit': False, 'listingNoteDescriptionContentId': 3338095, 'formattedListingNoteDescription': ""You'll have an unrestricted view of the show.""}]","[{'listingNoteBucketId': 11, 'formattedListingNoteContent': 'Preferred Seating', 'displayOrder': 11, 'showsRawNoteText': True, 'sourceListingNoteId': 165}, {'listingNoteBucketId': 14, 'formattedListingNoteContent': 'Third Row of Section', 'displayOrder': 14, 'showsRawNoteText': True, 'sourceListingNoteId': 2027}, {'listingNoteBucketId': 27, 'formattedListingNoteContent': 'Clear view', 'displayOrder': 8, 'showsRawNoteText': True, 'sourceListingNoteId': -1}]",702837,False,False,Row 3,False,2644938,"¥2,644,938","¥2,644,938",10,Mobile Transfer ticket,3,1,USD,JPY,0.0,USD,"https://img.vggcdn.net/img/vfsimage2/812551/471_122842/0.jpg?im=Resize=(500,271)&v=771",41 minutes ago,6.5,False,False,False,False,YQ0%2fT5bkt4fITmw7ZM5LtuN2qiEPLMln3ctpbkt32G4%3d,False,2026-07-19T05:08:13.4900000Z,False,False,False,False,False,False,0,False,False,False,False,False,0,False,False,0,13394990096,False,779C447B-7327-4BD4-AFA6-2BF4890FE17A,False,False,True,3,6.452106781130039,1.400215123,,,,,"[{'message': 'Popular Pick', 'qualifier': '58 tickets sold for this event', 'hasValue': True, 'messageType': 'BoughtInLastHourSocialProofBased'}, {'message': 'Third Row', 'qualifier': 'Excellent proximity to the action', 'hasValue': True, 'messageType': 'ThirdRowTicketAttributeBased'}]",[2027],,,,,,Last ticket,True,,,,,,
13388153094,153020449,336,122929,336,2,1,20_26,20,False,False,7,,False,False,"[1, 2, 3, 4, 5, 6, 7]",478,Loge,7,True,"[{'listingNoteId': 2025, 'listingNoteContentId': 3415843, 'formattedListingNoteContent': 'Front Row of Section', 'listingNoteTypeId': 6, 'showToBuyer': True, 'hideInMock': False, 'siteAddedListingNote': False, 'aisleListingNoteWithSplit': False, 'listingNoteDescriptionContentId': 3415843, 'formattedListingNoteDescription': 'Front Row of Section'}, {'listingNoteId': -1, 'listingNoteContentId': 3338094, 'formattedListingNoteContent': 'Clear view', 'listingNoteTypeId': 3, 'showToBuyer': True, 'hideInMock': False, 'siteAddedListingNote': False, 'aisleListingNoteWithSplit': False, 'listingNoteDescriptionContentId': 3338095, 'formattedListingNoteDescription': ""You'll have an unrestricted view of the show.""}]","[{'listingNoteBucketId': 14, 'formattedListingNoteContent': 'Front Row of Section', 'displayOrder': 14, 'showsRawNoteText': True, 'sourceListingNoteId': 2025}, {'listingNoteBucketId': 27, 'formattedListingNoteContent': 'Clear view', 'displayOrder': 8, 'showsRawNoteText': True, 'sourceListingNoteId': -1}]",1591187,False,False,Row 1,False,2667160,"¥2,667,160","¥2,667,160",10,Mobile Transfer ticket,3,1,USD,JPY,8500.0,USD,"https://img.vggcdn.net/img/vfsimage2/812551/478_122929/0.jpg?im=Resize=(500,271)&v=771",yesterday,3.6,False,False,False,False,XW4MryPor0MRE9ibgfj98B7rjVwf%2bFH%2b8lr35%2f2E4g0%3d,False,2026-07-18T02:14:39.5970000Z,False,False,False,False,False,False,0,False,False,False,False,False,0,False,False,0,13388153094,False,F07E5817-A495-47A2-9031-142D81D22D06,False,False,True,2,3.631412407339692,0.9323844348,,,,,"[{'message': 'Popular Pick', 'qualifier': '58 tickets sold for this event', 'hasValue': True, 'messageType': 'BoughtInLastHourSocialProofBased'}, {'message': 'Front Row', 'qualifier': 'Best seats in the house', 'hasValue': True, 'messageType': 'FirstRowTicketAttributeBased'}]",[2025],,,"¥3,790,860",30.0,"¥1,123,700",,,,,,,,
13387865185,153020449,126,122797,126,2,25,24_25,24,False,False,2,,False,False,"[1, 2]",594,Lower,2,True,"[{'listingNoteId': -1, 'listingNoteContentId': 3338094, 'formattedListingNoteContent': 'Clear view', 'listingNoteTypeId': 3, 'showToBuyer': True, 'hideInMock': False, 'siteAddedListingNote': False, 'aisleListingNoteWithSplit': False, 'listingNoteDescriptionContentId': 3338095, 'formattedListingNoteDescription': ""You'll have an unrestricted view of the show.""}]","[{'listingNoteBucketId': 27, 'formattedListingNoteContent': 'Clear view', 'displayOrder': 8, 'showsRawNoteText': True, 'sourceListingNoteId': -1}]",2112782,False,False,Row 25,False,2726996,"¥2,726,996","¥2,726,996",10,Mobile Transfer ticket,3,1,GBP,JPY,8000.0,GBP,"https://img.vggcdn.net/img/vfsimage2/812551/594_122797/0.jpg?im=Resize=(500,271)&v=771",yesterday,6.0,False,False,False,False,RBgyrgc0ExYRuzVIOtynBtQ%2fbCw9ZoNlABdDDbvxx5k%3d,False,2026-07-18T01:12:55.8930000Z,False,False,False,False,False,False,0,False,False,False,False,False,0,False,False,0,13387865185,False,BD680D1D-E9FF-4984-BCC7-1B31AEF816F7,False,False,True,3,5.9861990848178905,1.365965754,,,,,"[{'message': 'Popular Pick', 'qualifier': '58 tickets sold for this event', 'hasValue': True, 'messageType': 'BoughtInLastHourSocialProofBased'}]",[],,,,,,,,,,,,,
13274022365,153020449,134,122802,134,2,27,15_17,15,False,False,3,,False,False,"[1, 2, 3]",594,Lower,3,True,"[{'listingNoteId': -1, 'listingNoteContentId': 3338094, 'formattedListingNoteContent': 'Clear view', 'listingNoteTypeId': 3, 'showToBuyer': True, 'hideInMock': False, 'siteAddedListingNote': False, 'aisleListingNoteWithSplit': False, 'listingNoteDescriptionContentId': 3338095, 'formattedListingNoteDescription': ""You'll have an unrestricted view of the show.""}]","[{'listingNoteBucketId': 27, 'formattedListingNoteContent': 'Clear view', 'displayOrder': 8, 'showsRawNoteText': True, 'sourceListingNoteId': -1}]",2113007,False,False,Row 27,False,2793976,"¥2,793,976","¥2,793,976",10,Mobile Transfer ticket,3,1,AED,JPY,27500.0,AED,"https://img.vggcdn.net/img/vfsimage2/812551/594_122802/0.jpg?im=Resize=(500,271)&v=771",11 days ago,5.3,False,False,False,False,jNF6MrTENz5A2WnsHTkIrUQ5NAaZu2AZu330wxtN9iI%3d,False,2026-07-07T15:58:25.4900000Z,False,False,False,False,False,False,0,False,False,False,False,False,0,False,False,0,13274022365,False,612652DF-8613-41BD-8410-DACF1B581399,False,False,True,3,5.325145011986639,1.300231612,,,,,"[{'message': 'Popular Pick', 'qualifier': '58 tickets sold for this event', 'hasValue': True, 'messageType': 'BoughtInLastHourSocialProofBased'}]",[],,,,,,,,,,,,,
13374341011,153020449,144,122809,144,2,,_,,False,False,2,,False,False,"[1, 2]",594,Lower,2,True,"[{'listingNoteId': -1, 'listingNoteContentId': 3338094, 'formattedListingNoteContent': 'Clear view', 'listingNoteTypeId': 3, 'showToBuyer': True, 'hideInMock': False, 'siteAddedListingNote': False, 'aisleListingNoteWithSplit': False, 'listingNoteDescriptionContentId': 3338095, 'formattedListingNoteDescription': ""You'll have an unrestricted view of the show.""}]","[{'listingNoteBucketId': 27, 'formattedListingNoteContent': 'Clear view', 'displayOrder': 8, 'showsRawNoteText': True, 'sourceListingNoteId': -1}]",108772,False,False,Row,True,2822425,"¥2,822,425","¥2,822,425",10,Mobile Transfer ticket,3,1,EUR,JPY,1000.0,EUR,"https://img.vggcdn.net/img/vfsimage2/812551/594_122809/0.jpg?im=Resize=(500,271)&v=771",2 days ago,4.4,False,False,False,False,D6YPU7DRmVffVbJpKOkvBON7DsPg8jadIXHcmRMgbz0%3d,False,2026-07-16T17:09:42.4630000Z,False,False,False,False,False,False,0,False,False,False,False,False,0,False,False,0,13374341011,False,CA37E37E-F165-4D06-9081-ADA6F2BCA42D,False,False,True,2,4.417506256398741,1.130664025,,,,,"[{'message': 'Popular Pick', 'qualifier': '58 tickets sold for this event', 'hasValue': True, 'messageType': 'BoughtInLastHourSocialProofBased'}]",[],,,"¥4,932,398",43.0,"¥2,109,973",,,,,,,,
13348807789,153020449,108,122786,108,2,13,_,,False,False,4,,False,False,"[1, 2, 3, 4]",594,Lower,4,True,"[{'listingNoteId': 2027, 'listingNoteContentId': 3415845, 'formattedListingNoteContent': 'Third Row of Section', 'listingNoteTypeId': 6, 'showToBuyer': True, 'hideInMock': False, 'siteAddedListingNote': False, 'aisleListingNoteWithSplit': False, 'listingNoteDescriptionContentId': 3415845, 'formattedListingNoteDescription': 'Third Row of Section'}, {'listingNoteId': -1, 'listingNoteContentId': 3338094, 'formattedListingNoteContent': 'Clear view', 'listingNoteTypeId': 3, 'showToBuyer': True, 'hideInMock': False, 'siteAddedListingNote': False, 'aisleListingNoteWithSplit': False, 'listingNoteDescriptionContentId': 3338095, 'formattedListingNoteDescription': ""You'll have an unrestricted view of the show.""}]","[{'listingNoteBucketId': 14, 'formattedListingNoteContent': 'Third Row of Section', 'displayOrder': 14, 'showsRawNoteText': True, 'sourceListingNoteId': 2027}, {'listingNoteBucketId': 27, 'formattedListingNoteContent': 'Clear view', 'displayOrder': 8, 'showsRawNoteText': True, 'sourceListingNoteId': -1}]",2112256,False,False,Row 13,False,2862173,"¥2,862,173","¥2,862,173",10,Mobile Transfer ticket,3,1,USD,JPY,0.0,USD,"https://img.vggcdn.net/img/vfsimage2/812551/594_122786/0.jpg?im=Resize=(500,271)&v=771",4 days ago,6.6,False,False,False,False,RHucNOb29gWgRQp%2bzs%2bH2j0I9%2bj7FV3qRK4kD%2bSP4gM%3d,False,2026-07-14T14:41:08.2870000Z,False,False,False,False,False,False,0,False,False,False,False,False,0,False,False,0,13348807789,False,097EC1AE-FFC2-4DF1-991B-A8C209C93250,False,False,True,3,6.583488674022987,1.539938978,,,,,"[{'message': 'Popular Pick', 'qualifier': '58 tickets sold for this event', 'hasValue': True, 'messageType': 'BoughtInLastHourSocialProofBased'}, {'message': 'Third Row', 'qualifier': 'Excellent proximity to the action', 'hasValue': True, 'messageType': 'ThirdRowTicketAttributeBased'}]",[2027],,,"¥5,070,233",44.0,"¥2,208,060",,,,,,,,
13364358738,153020449,FIFA Pavilion,2216545,FIFA Pavilion,2,,_,,False,False,1,,False,False,[1],1068,Hospitality,1,True,"[{'listingNoteId': 263, 'listingNoteContentId': 2444900, 'formattedListingNoteContent': 'VIP Club', 'listingNoteTypeId': 3, 'showToBuyer': True, 'hideInMock': False, 'siteAddedListingNote': False, 'aisleListingNoteWithSplit': False, 'listingNoteDescriptionContentId': 2444901, 'formattedListingNoteDescription': 'VIP Club - Club opens 90 minutes prior to tipoff and offers access to a lounge area with televisions, plush seating and private restrooms as well as all-inclusive food, draft beer, and house wine'}, {'listingNoteId': 424, 'listingNoteContentId': 2445241, 'formattedListingNoteContent': 'Access to VIP Club', 'listingNoteTypeId': 3, 'showToBuyer': True, 'hideInMock': False, 'siteAddedListingNote': False, 'aisleListingNoteWithSplit': False, 'formattedListingNoteDescription': ''}, {'listingNoteId': 1028, 'listingNoteContentId': 2446497, 'formattedListingNoteContent': 'Includes unlimited food and drinks (beer, wine and liquor)', 'listingNoteTypeId': 3, 'showToBuyer': True, 'hideInMock': False, 'siteAddedListingNote': False, 'aisleListingNoteWithSplit': False, 'listingNoteDescriptionContentId': 2446498, 'formattedListingNoteDescription': 'Includes unlimited food and drinks (beer, wine and liquor)'}, {'listingNoteId': -1, 'listingNoteContentId': 3338094, 'formattedListingNoteContent': 'Clear view', 'listingNoteTypeId': 3, 'showToBuyer': True, 'hideInMock': False, 'siteAddedListingNote': False, 'aisleListingNoteWithSplit': False, 'listingNoteDescriptionContentId': 3338095, 'formattedListingNoteDescription': ""You'll have an unrestricted view of the show.""}]","[{'listingNoteBucketId': 1, 'formattedListingNoteContent': 'VIP packages', 'displayOrder': 1, 'showsRawNoteText': False}, {'listingNoteBucketId': 7, 'formattedListingNoteContent': 'Food & beverages', 'displayOrder': 7, 'showsRawNoteText': False}, {'listingNoteBucketId': 27, 'formattedListingNoteContent': 'Clear view', 'displayOrder': 8, 'showsRawNoteText': True, 'sourceListingNoteId': -1}]",4415942,False,False,Row,True,2917165,"¥2,917,165","¥2,917,165",10,Mobile Transfer ticket,3,1,USD,JPY,20000.0,USD,"https://img.vggcdn.net/img/vfsimage2/812551/1068_2216545/0.jpg?im=Resize=(500,271)&v=771",3 days ago,5.4,False,False,False,False,yvrHMUYL5CRHtrfoC%2fsokPU3iMwskot2VBI3TldR8TA%3d,False,2026-07-15T21:49:03.6170000Z,False,False,False,False,False,False,0,False,False,False,False,False,0,False,False,0,13364358738,False,F9D4BCCF-A8E1-4C83-A76A-AC8036B542C2,False,False,True,3,5.35829561884223,1.362416107,,,,,"[{'message': 'Popular Pick', 'qualifier': '58 tickets sold for this event', 'hasValue': True, 'messageType': 'BoughtInLastHourSocialProofBased'}]",[],,,,,,Last ticket,True,,,,,,
13394029114,153020449,144,122809,144,2,21,_,,False,False,6,,False,False,"[1, 2, 3, 4, 6]",594,Lower,6,True,"[{'listingNoteId': -1, 'listingNoteContentId': 3338094, 'formattedListingNoteContent': 'Clear view', 'listingNoteTypeId': 3, 'showToBuyer': True, 'hideInMock': False, 'siteAddedListingNote': False, 'aisleListingNoteWithSplit': False, 'listingNoteDescriptionContentId': 3338095, 'formattedListingNoteDescription': ""You'll have an unrestricted view of the show.""}]","[{'listingNoteBucketId': 27, 'formattedListingNoteContent': 'Clear view', 'displayOrder': 8, 'showsRawNoteText': True, 'sourceListingNoteId': -1}]",2113213,False,False,Row 21,False,2925238,"¥2,925,238","¥2,925,238",10,Mobile Transfer ticket,3,1,USD,JPY,0.0,USD,"https://img.vggcdn.net/img/vfsimage2/812551/594_122809/0.jpg?im=Resize=(500,271)&v=771",4 hours ago,5.4,False,False,False,False,NGMHtFYTnN19DWXenuWqJOk%2bfZfz%2fVykLn%2fA9tn2Y%2f0%3d,False,2026-07-19T01:20:07.4600000Z,False,False,False,False,False,False,0,False,False,False,False,False,0,False,False,0,13394029114,False,2452E5D7-C172-430F-A8CD-2A423FA9AF6E,False,False,True,3,5.437440544416816,1.377933829,,,,,"[{'message': 'Popular Pick', 'qualifier': '58 tickets sold for this event', 'hasValue': True, 'messageType': 'BoughtInLastHourSocialProofBased'}]",[],,,,,,,,,,,,,
13081692481,153020449,346,122939,346,2,18,24_24,24,False,False,1,,False,False,[1],407,Upper,1,True,"[{'listingNoteId': -1, 'listingNoteContentId': 3338094, 'formattedListingNoteContent': 'Clear view', 'listingNoteTypeId': 3, 'showToBuyer': True, 'hideInMock': False, 'siteAddedListingNote': False, 'aisleListingNoteWithSplit': False, 'listingNoteDescriptionContentId': 3338095, 'formattedListingNoteDescription': ""You'll have an unrestricted view of the show.""}]","[{'listingNoteBucketId': 27, 'formattedListingNoteContent': 'Clear view', 'displayOrder': 8, 'showsRawNoteText': True, 'sourceListingNoteId': -1}]",2113956,False,False,Row 18,False,2929975,"¥2,929,975","¥2,929,975",10,Mobile Transfer ticket,3,1,EUR,JPY,1720.0,EUR,"https://img.vggcdn.net/img/vfsimage2/812551/407_122939/0.jpg?im=Resize=(500,271)&v=771",29 days ago,2.4,False,False,False,False,CAcRhqn9wLRHmAWJy549pLGSFPRltQfAz%2fUe6HXpcf0%3d,False,2026-06-20T02:50:38.9870000Z,False,False,False,False,False,False,0,False,False,False,False,False,0,False,False,0,13081692481,False,45A1724A-053B-4285-B3E6-05A06E39C890,False,False,True,1,2.3756340597082675,0.7804819445,,,,,"[{'message': 'Popular Pick', 'qualifier': '58 tickets sold for this event', 'hasValue': True, 'messageType': 'BoughtInLastHourSocialProofBased'}]",[],,,"¥5,419,449",46.0,"¥2,489,474",Last ticket,True,,,,,,
13082004275,153020449,121,122794,121,2,15,15_15,15,False,False,1,,False,False,[1],594,Lower,1,True,"[{'listingNoteId': -1, 'listingNoteContentId': 3338094, 'formattedListingNoteContent': 'Clear view', 'listingNoteTypeId': 3, 'showToBuyer': True, 'hideInMock': False, 'siteAddedListingNote': False, 'aisleListingNoteWithSplit': False, 'listingNoteDescriptionContentId': 3338095, 'formattedListingNoteDescription': ""You'll have an unrestricted view of the show.""}]","[{'listingNoteBucketId': 27, 'formattedListingNoteContent': 'Clear view', 'displayOrder': 8, 'showsRawNoteText': True, 'sourceListingNoteId': -1}]",2112627,False,False,Row 15,False,2982955,"¥2,982,955","¥2,982,955",10,Mobile Transfer ticket,3,1,USD,JPY,,USD,"https://img.vggcdn.net/img/vfsimage2/812551/594_122794/0.jpg?im=Resize=(500,271)&v=771",29 days ago,5.2,False,False,False,False,snpqjewS6OkFMWOaTKFs5u86xX1cV9JS%2fkL%2fA0A68pQ%3d,False,2026-06-20T03:35:06.4300000Z,False,False,False,False,False,False,0,False,False,False,False,False,0,False,False,0,13082004275,False,74A99D9D-63E3-41B7-B3F8-B132929D34A4,False,False,True,3,5.22089591368793,1.372853714,,,,,"[{'message': 'Popular Pick', 'qualifier': '58 tickets sold for this event', 'hasValue': True, 'messageType': 'BoughtInLastHourSocialProofBased'}]",[],15,15,,,,,,,,,,,
13377547900,153020449,126,122797,126,2,4,_,,False,False,1,,False,False,[1],594,Lower,1,True,"[{'listingNoteId': -1, 'listingNoteContentId': 3338094, 'formattedListingNoteContent': 'Clear view', 'listingNoteTypeId': 3, 'showToBuyer': True, 'hideInMock': False, 'siteAddedListingNote': False, 'aisleListingNoteWithSplit': False, 'listingNoteDescriptionContentId': 3338095, 'formattedListingNoteDescription': ""You'll have an unrestricted view of the show.""}]","[{'listingNoteBucketId': 27, 'formattedListingNoteContent': 'Clear view', 'displayOrder': 8, 'showsRawNoteText': True, 'sourceListingNoteId': -1}]",2112798,False,False,Row 4,False,2988769,"¥2,988,769","¥2,988,769",10,Mobile Transfer ticket,3,1,SGD,JPY,19357.0,SGD,"https://img.vggcdn.net/img/vfsimage2/812551/594_122797/0.jpg?im=Resize=(500,271)&v=771",2 days ago,7.4,False,False,False,False,uF3KQhXHUruz3SdpJMXHsvD4wKnaQT0qAibWn5AqX3o%3d,False,2026-07-16T23:18:14.4900000Z,False,False,False,False,False,False,0,False,False,False,False,False,0,False,False,0,13377547900,False,4ED24B91-35D1-4884-BC73-2FADA301EC95,False,False,True,4,7.4008160384495305,1.788343108,,,,,"[{'message': 'Great Value', 'qualifier': 'Based on price, view, seat quality and more', 'hasValue': True, 'messageType': 'ValueBased'}, {'message': 'Popular Pick', 'qualifier': '58 tickets sold for this event', 'hasValue': True, 'messageType': 'BoughtInLastHourSocialProofBased'}]",[],,,,,,,,,,,,,
13386258853,153020449,143,122808,143,2,19,_,,False,False,3,,False,False,"[1, 3]",594,Lower,3,True,"[{'listingNoteId': -1, 'listingNoteContentId': 3338094, 'formattedListingNoteContent': 'Clear view', 'listingNoteTypeId': 3, 'showToBuyer': True, 'hideInMock': False, 'siteAddedListingNote': False, 'aisleListingNoteWithSplit': False, 'listingNoteDescriptionContentId': 3338095, 'formattedListingNoteDescription': ""You'll have an unrestricted view of the show.""}]","[{'listingNoteBucketId': 27, 'formattedListingNoteContent': 'Clear view', 'displayOrder': 8, 'showsRawNoteText': True, 'sourceListingNoteId': -1}]",2113178,False,False,Row 19,False,3009272,"¥3,009,272","¥3,009,272",10,Mobile Transfer ticket,3,1,USD,JPY,13086.0,USD,"https://img.vggcdn.net/img/vfsimage2/812551/594_122808/0.jpg?im=Resize=(500,271)&v=771",yesterday,6.6,False,False,False,False,yvrHMUYL5CRHtrfoC%2fsokPU3iMwskot2VBI3TldR8TA%3d,False,2026-07-17T21:07:11.7000000Z,False,False,False,False,False,False,0,False,False,False,False,False,0,False,False,0,13386258853,False,96122ABC-9084-480F-A44E-6546E892C67B,False,False,True,3,6.599919811092123,1.621708929,,,,,"[{'message': 'Popular Pick', 'qualifier': '58 tickets sold for this event', 'hasValue': True, 'messageType': 'BoughtInLastHourSocialProofBased'}]",[],,,"¥4,169,701",28.0,"¥1,160,429",,,,,,,,
13367629921,153020449,Spain Supporters Standard Tier,2447958,Spain Supporters Standard Tier,2,,_,,False,False,2,,False,False,"[1, 2]",1666,Spain Supporters,2,True,"[{'listingNoteId': -1, 'listingNoteContentId': 3338094, 'formattedListingNoteContent': 'Clear view', 'listingNoteTypeId': 3, 'showToBuyer': True, 'hideInMock': False, 'siteAddedListingNote': False, 'aisleListingNoteWithSplit': False, 'listingNoteDescriptionContentId': 3338095, 'formattedListingNoteDescription': ""You'll have an unrestricted view of the show.""}]","[{'listingNoteBucketId': 27, 'formattedListingNoteContent': 'Clear view', 'displayOrder': 8, 'showsRawNoteText': True, 'sourceListingNoteId': -1}]",4847588,False,False,Row,True,3119410,"¥3,119,410","¥3,119,410",10,Mobile Transfer ticket,3,1,USD,JPY,10000.0,USD,"https://img.vggcdn.net/img/vfsimage2/812551/1666_2447958/0.jpg?im=Resize=(500,271)&v=771",3 days ago,4.4,False,False,False,False,igjMyzQP1%2bbqxfI%2b5AH3VhvvTkEJSdl4rwm2TVEgpHI%3d,False,2026-07-16T04:58:48.2230000Z,False,False,False,False,False,False,0,False,False,False,False,False,0,False,False,0,13367629921,False,F4A58E7C-E32B-46F4-8594-74063019478B,False,False,True,2,4.446493227879894,1.25740229,,,,,"[{'message': 'Popular Pick', 'qualifier': '58 tickets sold for this event', 'hasValue': True, 'messageType': 'BoughtInLastHourSocialProofBased'}]",[],,,,,,Last tickets,True,,,,,,
13393677300,153020449,135,122803,135,2,29,5_5,5,False,False,1,,False,False,[1],594,Lower,1,True,"[{'listingNoteId': -1, 'listingNoteContentId': 3338094, 'formattedListingNoteContent': 'Clear view', 'listingNoteTypeId': 3, 'showToBuyer': True, 'hideInMock': False, 'siteAddedListingNote': False, 'aisleListingNoteWithSplit': False, 'listingNoteDescriptionContentId': 3338095, 'formattedListingNoteDescription': ""You'll have an unrestricted view of the show.""}]","[{'listingNoteBucketId': 27, 'formattedListingNoteContent': 'Clear view', 'displayOrder': 8, 'showsRawNoteText': True, 'sourceListingNoteId': -1}]",2113043,False,False,Row 29,False,3135978,"¥3,135,978","¥3,135,978",10,Mobile Transfer ticket,3,1,EUR,JPY,11000.0,EUR,"https://img.vggcdn.net/img/vfsimage2/812551/594_122803/0.jpg?im=Resize=(500,271)&v=771",6 hours ago,5.9,False,False,False,False,MB%2b%2bIvN9%2bkYREer0VnjcU6Pq11kmevmZSDsddoI%2bBxM%3d,False,2026-07-18T23:44:28.9370000Z,False,False,False,False,False,False,0,False,False,False,False,False,0,False,False,0,13393677300,False,4BE3C179-3B05-43C2-A935-4A3851FEB23A,False,False,True,3,5.93817479048767,1.561885738,,,,,"[{'message': 'Popular Pick', 'qualifier': '58 tickets sold for this event', 'hasValue': True, 'messageType': 'BoughtInLastHourSocialProofBased'}]",[],5,5,,,,Last ticket,True,,,,,,
13393422628,153020449,235,122862,235,2,11,_,,False,False,1,,False,False,[1],471,Middle,1,True,"[{'listingNoteId': 263, 'listingNoteContentId': 2444900, 'formattedListingNoteContent': 'VIP Club', 'listingNoteTypeId': 3, 'showToBuyer': True, 'hideInMock': False, 'siteAddedListingNote': False, 'aisleListingNoteWithSplit': False, 'listingNoteDescriptionContentId': 2444901, 'formattedListingNoteDescription': 'VIP Club - Club opens 90 minutes prior to tipoff and offers access to a lounge area with televisions, plush seating and private restrooms as well as all-inclusive food, draft beer, and house wine'}, {'listingNoteId': 424, 'listingNoteContentId': 2445241, 'formattedListingNoteContent': 'Access to VIP Club', 'listingNoteTypeId': 3, 'showToBuyer': True, 'hideInMock': False, 'siteAddedListingNote': False, 'aisleListingNoteWithSplit': False, 'formattedListingNoteDescription': ''}, {'listingNoteId': 1367, 'listingNoteContentId': 2447255, 'formattedListingNoteContent': 'Includes club access', 'listingNoteTypeId': 3, 'showToBuyer': True, 'hideInMock': False, 'siteAddedListingNote': False, 'aisleListingNoteWithSplit': False, 'listingNoteDescriptionContentId': 2447256, 'formattedListingNoteDescription': 'Includes club access'}, {'listingNoteId': -1, 'listingNoteContentId': 3338094, 'formattedListingNoteContent': 'Clear view', 'listingNoteTypeId': 3, 'showToBuyer': True, 'hideInMock': False, 'siteAddedListingNote': False, 'aisleListingNoteWithSplit': False, 'listingNoteDescriptionContentId': 3338095, 'formattedListingNoteDescription': ""You'll have an unrestricted view of the show.""}]","[{'listingNoteBucketId': 1, 'formattedListingNoteContent': 'VIP packages', 'displayOrder': 1, 'showsRawNoteText': False}, {'listingNoteBucketId': 4, 'formattedListingNoteContent': 'Club access', 'displayOrder': 4, 'showsRawNoteText': False}, {'listingNoteBucketId': 27, 'formattedListingNoteContent': 'Clear view', 'displayOrder': 8, 'showsRawNoteText': True, 'sourceListingNoteId': -1}]",703282,False,False,Row 11,False,3270992,"¥3,270,992","¥3,270,992",10,Mobile Transfer ticket,3,1,USD,JPY,10900.0,USD,"https://img.vggcdn.net/img/vfsimage2/812551/471_122862/0.jpg?im=Resize=(500,271)&v=771",6 hours ago,5.5,False,False,False,False,pEyGgZuvus5NXfsehm%2fwGoTUqBQs0YpQpG7pjdwX3p4%3d,False,2026-07-18T22:56:27.5700000Z,False,False,False,False,False,False,0,False,False,False,False,False,0,False,False,0,13393422628,False,6DA0114C-0327-449E-B688-40A462BB8C92,False,False,True,3,5.513582068421028,1.553572513,,,,,"[{'message': 'Popular Pick', 'qualifier': '58 tickets sold for this event', 'hasValue': True, 'messageType': 'BoughtInLastHourSocialProofBased'}]",[],,,,,,,,,,,,,
13394284217,153020449,235,122862,235,2,12,_,,False,False,3,,False,False,"[1, 3]",471,Middle,3,True,"[{'listingNoteId': 263, 'listingNoteContentId': 2444900, 'formattedListingNoteContent': 'VIP Club', 'listingNoteTypeId': 3, 'showToBuyer': True, 'hideInMock': False, 'siteAddedListingNote': False, 'aisleListingNoteWithSplit': False, 'listingNoteDescriptionContentId': 2444901, 'formattedListingNoteDescription': 'VIP Club - Club opens 90 minutes prior to tipoff and offers access to a lounge area with televisions, plush seating and private restrooms as well as all-inclusive food, draft beer, and house wine'}, {'listingNoteId': 424, 'listingNoteContentId': 2445241, 'formattedListingNoteContent': 'Access to VIP Club', 'listingNoteTypeId': 3, 'showToBuyer': True, 'hideInMock': False, 'siteAddedListingNote': False, 'aisleListingNoteWithSplit': False, 'formattedListingNoteDescription': ''}, {'listingNoteId': 1367, 'listingNoteContentId': 2447255, 'formattedListingNoteContent': 'Includes club access', 'listingNoteTypeId': 3, 'showToBuyer': True, 'hideInMock': False, 'siteAddedListingNote': False, 'aisleListingNoteWithSplit': False, 'listingNoteDescriptionContentId': 2447256, 'formattedListingNoteDescription': 'Includes club access'}, {'listingNoteId': -1, 'listingNoteContentId': 3338094, 'formattedListingNoteContent': 'Clear view', 'listingNoteTypeId': 3, 'showToBuyer': True, 'hideInMock': False, 'siteAddedListingNote': False, 'aisleListingNoteWithSplit': False, 'listingNoteDescriptionContentId': 3338095, 'formattedListingNoteDescription': ""You'll have an unrestricted view of the show.""}]","[{'listingNoteBucketId': 1, 'formattedListingNoteContent': 'VIP packages', 'displayOrder': 1, 'showsRawNoteText': False}, {'listingNoteBucketId': 4, 'formattedListingNoteContent': 'Club access', 'displayOrder': 4, 'showsRawNoteText': False}, {'listingNoteBucketId': 27, 'formattedListingNoteContent': 'Clear view', 'displayOrder': 8, 'showsRawNoteText': True, 'sourceListingNoteId': -1}]",703283,False,False,Row 12,False,3270992,"¥3,270,992","¥3,270,992",10,Mobile Transfer ticket,3,1,USD,JPY,0.0,USD,"https://img.vggcdn.net/img/vfsimage2/812551/471_122862/0.jpg?im=Resize=(500,271)&v=771",3 hours ago,5.4,False,False,False,False,pEyGgZuvus5NXfsehm%2fwGoTUqBQs0YpQpG7pjdwX3p4%3d,False,2026-07-19T02:34:43.3570000Z,False,False,False,False,False,False,0,False,False,False,False,False,0,False,False,0,13394284217,False,3B8D1369-53E5-4F58-8D44-020ED81AD099,False,False,True,3,5.364837440552873,1.528731356,,,,,"[{'message': 'Popular Pick', 'qualifier': '58 tickets sold for this event', 'hasValue': True, 'messageType': 'BoughtInLastHourSocialProofBased'}]",[],,,,,,,,,,,,,
13387557960,153020449,210,122843,210,2,12,100_,100,False,False,2,,False,False,"[1, 2]",471,Middle,2,True,"[{'listingNoteId': -1, 'listingNoteContentId': 3338094, 'formattedListingNoteContent': 'Clear view', 'listingNoteTypeId': 3, 'showToBuyer': True, 'hideInMock': False, 'siteAddedListingNote': False, 'aisleListingNoteWithSplit': False, 'listingNoteDescriptionContentId': 3338095, 'formattedListingNoteDescription': ""You'll have an unrestricted view of the show.""}]","[{'listingNoteBucketId': 27, 'formattedListingNoteContent': 'Clear view', 'displayOrder': 8, 'showsRawNoteText': True, 'sourceListingNoteId': -1}]",702858,False,False,Row 12,False,3308788,"¥3,308,788","¥3,308,788",10,Mobile Transfer ticket,3,1,AED,JPY,400.0,AED,"https://img.vggcdn.net/img/vfsimage2/812551/471_122843/0.jpg?im=Resize=(500,271)&v=771",yesterday,4.2,False,False,False,False,MenAcjvQFxuyzAd9mlQY5%2bF5jaQyYF9XLQ30Pm4pUiM%3d,False,2026-07-18T00:06:56.1000000Z,False,False,False,False,False,False,0,False,False,False,False,False,0,False,False,0,13387557960,False,203F27A1-65B0-4998-8F75-296049B09783,False,False,True,2,4.1508520399799265,1.263804131,,,,,"[{'message': 'Popular Pick', 'qualifier': '58 tickets sold for this event', 'hasValue': True, 'messageType': 'BoughtInLastHourSocialProofBased'}]",[],,,,,,Last tickets,True,,,,,,
13351097261,153020449,134,122802,134,2,8,20_20,20,False,False,1,,False,False,[1],594,Lower,1,True,"[{'listingNoteId': -1, 'listingNoteContentId': 3338094, 'formattedListingNoteContent': 'Clear view', 'listingNoteTypeId': 3, 'showToBuyer': True, 'hideInMock': False, 'siteAddedListingNote': False, 'aisleListingNoteWithSplit': False, 'listingNoteDescriptionContentId': 3338095, 'formattedListingNoteDescription': ""You'll have an unrestricted view of the show.""}]","[{'listingNoteBucketId': 27, 'formattedListingNoteContent': 'Clear view', 'displayOrder': 8, 'showsRawNoteText': True, 'sourceListingNoteId': -1}]",2113020,False,False,Row 8,False,3431306,"¥3,431,306","¥3,431,306",10,Mobile Transfer ticket,3,1,USD,JPY,,USD,"https://img.vggcdn.net/img/vfsimage2/812551/594_122802/0.jpg?im=Resize=(500,271)&v=771",4 days ago,6.8,False,False,False,False,dRfipKUsX2%2bN%2b1O%2bZwQjJ3ra9moY6P38gpE%2bk%2fOZ1kM%3d,False,2026-07-14T16:50:38.1100000Z,False,False,False,False,False,False,0,False,False,False,False,False,0,False,False,0,13351097261,False,06938BD0-25A3-45FE-98A6-5E6CD24DBAAD,False,False,True,3,6.757267533496413,1.886883891,,,,,"[{'message': 'Popular Pick', 'qualifier': '58 tickets sold for this event', 'hasValue': True, 'messageType': 'BoughtInLastHourSocialProofBased'}]",[],20,20,,,,,,,,,,,
13392808053,153020449,115A,1530768,115A,2,16,1_4,1,False,False,4,,False,False,"[1, 2, 4]",594,Lower,4,True,"[{'listingNoteId': -1, 'listingNoteContentId': 3338094, 'formattedListingNoteContent': 'Clear view', 'listingNoteTypeId': 3, 'showToBuyer': True, 'hideInMock': False, 'siteAddedListingNote': False, 'aisleListingNoteWithSplit': False, 'listingNoteDescriptionContentId': 3338095, 'formattedListingNoteDescription': ""You'll have an unrestricted view of the show.""}]","[{'listingNoteBucketId': 14, 'formattedListingNoteContent': 'Aisle seat', 'displayOrder': 14, 'showsRawNoteText': True, 'sourceListingNoteId': 2024}, {'listingNoteBucketId': 27, 'formattedListingNoteContent': 'Clear view', 'displayOrder': 8, 'showsRawNoteText': True, 'sourceListingNoteId': -1}]",2112481,False,False,Row 16,False,3502964,"¥3,502,964","¥3,502,964",10,Mobile Transfer ticket,3,1,USD,JPY,0.0,USD,"https://img.vggcdn.net/img/vfsimage2/812551/594_1530768/0.jpg?im=Resize=(500,271)&v=771",9 hours ago,7.1,False,False,False,False,oqw7ZYy%2fLOFN8I8Fin%2f5GXKFj73EWRmf8j%2fyOtRNV2w%3d,False,2026-07-18T20:41:15.1730000Z,False,False,False,False,False,False,0,False,False,False,False,False,0,False,False,0,13392808053,False,C216231C-EF7C-48B6-BB90-2EA47442D0E5,False,False,True,4,7.127881438172532,2.021433805,,,,,"[{'message': 'Great Value', 'qualifier': 'Based on price, view, seat quality and more', 'hasValue': True, 'messageType': 'ValueBased'}, {'message': 'Popular Pick', 'qualifier': '58 tickets sold for this event', 'hasValue': True, 'messageType': 'BoughtInLastHourSocialProofBased'}, {'message': 'Aisle Seat', 'qualifier': 'Easy access to your seat', 'hasValue': True, 'messageType': 'AisleSeatTicketAttributeBased'}]",[2024],1,4,"¥4,832,735",28.0,"¥1,329,771",Last tickets,True,,,,,,
13374673023,153020449,109,122787,109,2,9,22_22,22,False,False,1,,False,False,[1],594,Lower,1,True,"[{'listingNoteId': 10, 'listingNoteContentId': 1036546, 'formattedListingNoteContent': 'Aisle seat', 'listingNoteTypeId': 3, 'showToBuyer': True, 'hideInMock': False, 'siteAddedListingNote': False, 'aisleListingNoteWithSplit': False, 'listingNoteDescriptionContentId': 4177929, 'formattedListingNoteDescription': 'Aisle seat'}, {'listingNoteId': 165, 'listingNoteContentId': 2444685, 'formattedListingNoteContent': 'Preferred Seating', 'listingNoteTypeId': 3, 'showToBuyer': True, 'hideInMock': False, 'siteAddedListingNote': False, 'aisleListingNoteWithSplit': False, 'listingNoteDescriptionContentId': 2444686, 'formattedListingNoteDescription': 'Preferred Seating'}, {'listingNoteId': 1001, 'listingNoteContentId': 2446443, 'formattedListingNoteContent': 'Actual 3rd row of section', 'listingNoteTypeId': 3, 'showToBuyer': True, 'hideInMock': False, 'siteAddedListingNote': False, 'aisleListingNoteWithSplit': False, 'listingNoteDescriptionContentId': 2446444, 'formattedListingNoteDescription': 'Actual 3rd row of section'}, {'listingNoteId': -1, 'listingNoteContentId': 3338094, 'formattedListingNoteContent': 'Clear view', 'listingNoteTypeId': 3, 'showToBuyer': True, 'hideInMock': False, 'siteAddedListingNote': False, 'aisleListingNoteWithSplit': False, 'listingNoteDescriptionContentId': 3338095, 'formattedListingNoteDescription': ""You'll have an unrestricted view of the show.""}]","[{'listingNoteBucketId': 11, 'formattedListingNoteContent': 'Preferred Seating', 'displayOrder': 11, 'showsRawNoteText': True, 'sourceListingNoteId': 165}, {'listingNoteBucketId': 14, 'formattedListingNoteContent': 'Aisle seat', 'displayOrder': 14, 'showsRawNoteText': True, 'sourceListingNoteId': 10}, {'listingNoteBucketId': 14, 'formattedListingNoteContent': 'Actual 3rd row of section', 'displayOrder': 14, 'showsRawNoteText': True, 'sourceListingNoteId': 1001}, {'listingNoteBucketId': 27, 'formattedListingNoteContent': 'Clear view', 'displayOrder': 8, 'showsRawNoteText': True, 'sourceListingNoteId': -1}]",2112322,False,False,Row 9,False,3509280,"¥3,509,280","¥3,509,280",10,Mobile Transfer ticket,3,1,USD,JPY,,USD,"https://img.vggcdn.net/img/vfsimage2/812551/594_122787/0.jpg?im=Resize=(500,271)&v=771",2 days ago,5.3,False,False,False,False,dRfipKUsX2%2bN%2b1O%2bZwQjJ3ra9moY6P38gpE%2bk%2fOZ1kM%3d,False,2026-07-16T17:44:09.5400000Z,False,False,False,False,False,False,0,False,False,False,False,False,0,False,False,0,13374673023,False,5C17878B-E74D-4C10-B11A-E273D0CB0872,False,False,True,3,5.341298889956757,1.636002085,,,,,"[{'message': 'Popular Pick', 'qualifier': '58 tickets sold for this event', 'hasValue': True, 'messageType': 'BoughtInLastHourSocialProofBased'}, {'message': 'Aisle Seat', 'qualifier': 'Easy access to your seat', 'hasValue': True, 'messageType': 'AisleSeatTicketAttributeBased'}]",[10],22,22,"¥4,927,976",29.0,"¥1,418,696",,,,,,,,
13391394961,153020449,227A,1530787,227A,2,7,16_,16,False,False,1,,False,False,[1],471,Middle,1,True,"[{'listingNoteId': -1, 'listingNoteContentId': 3338094, 'formattedListingNoteContent': 'Clear view', 'listingNoteTypeId': 3, 'showToBuyer': True, 'hideInMock': False, 'siteAddedListingNote': False, 'aisleListingNoteWithSplit': False, 'listingNoteDescriptionContentId': 3338095, 'formattedListingNoteDescription': ""You'll have an unrestricted view of the show.""}]","[{'listingNoteBucketId': 27, 'formattedListingNoteContent': 'Clear view', 'displayOrder': 8, 'showsRawNoteText': True, 'sourceListingNoteId': -1}]",1593635,False,False,Row 7,False,3509280,"¥3,509,280","¥3,509,280",10,Mobile Transfer ticket,3,1,USD,JPY,20000.0,USD,"https://img.vggcdn.net/img/vfsimage2/812551/471_1530787/0.jpg?im=Resize=(500,271)&v=771",14 hours ago,3.9,False,False,False,False,dRfipKUsX2%2bN%2b1O%2bZwQjJ3ra9moY6P38gpE%2bk%2fOZ1kM%3d,False,2026-07-18T14:58:52.0730000Z,False,False,False,False,False,False,0,False,False,False,False,False,0,False,False,0,13391394961,False,E3FF3524-530F-468A-8485-991B00ECAD3E,False,False,True,2,3.8632674829352487,1.274702231,,,,,"[{'message': 'Popular Pick', 'qualifier': '58 tickets sold for this event', 'hasValue': True, 'messageType': 'BoughtInLastHourSocialProofBased'}]",[],,,,,,,,,,,,,
13393717171,153020449,235,122862,235,2,10,_,,False,False,4,,False,False,"[1, 2, 3, 4]",471,Middle,4,True,"[{'listingNoteId': 263, 'listingNoteContentId': 2444900, 'formattedListingNoteContent': 'VIP Club', 'listingNoteTypeId': 3, 'showToBuyer': True, 'hideInMock': False, 'siteAddedListingNote': False, 'aisleListingNoteWithSplit': False, 'listingNoteDescriptionContentId': 2444901, 'formattedListingNoteDescription': 'VIP Club - Club opens 90 minutes prior to tipoff and offers access to a lounge area with televisions, plush seating and private restrooms as well as all-inclusive food, draft beer, and house wine'}, {'listingNoteId': 424, 'listingNoteContentId': 2445241, 'formattedListingNoteContent': 'Access to VIP Club', 'listingNoteTypeId': 3, 'showToBuyer': True, 'hideInMock': False, 'siteAddedListingNote': False, 'aisleListingNoteWithSplit': False, 'formattedListingNoteDescription': ''}, {'listingNoteId': 1367, 'listingNoteContentId': 2447255, 'formattedListingNoteContent': 'Includes club access', 'listingNoteTypeId': 3, 'showToBuyer': True, 'hideInMock': False, 'siteAddedListingNote': False, 'aisleListingNoteWithSplit': False, 'listingNoteDescriptionContentId': 2447256, 'formattedListingNoteDescription': 'Includes club access'}, {'listingNoteId': -1, 'listingNoteContentId': 3338094, 'formattedListingNoteContent': 'Clear view', 'listingNoteTypeId': 3, 'showToBuyer': True, 'hideInMock': False, 'siteAddedListingNote': False, 'aisleListingNoteWithSplit': False, 'listingNoteDescriptionContentId': 3338095, 'formattedListingNoteDescription': ""You'll have an unrestricted view of the show.""}]","[{'listingNoteBucketId': 1, 'formattedListingNoteContent': 'VIP packages', 'displayOrder': 1, 'showsRawNoteText': False}, {'listingNoteBucketId': 4, 'formattedListingNoteContent': 'Club access', 'displayOrder': 4, 'showsRawNoteText': False}, {'listingNoteBucketId': 27, 'formattedListingNoteContent': 'Clear view', 'displayOrder': 8, 'showsRawNoteText': True, 'sourceListingNoteId': -1}]",703281,False,False,Row 10,False,3577605,"¥3,577,605","¥3,577,605",10,Mobile Transfer ticket,3,1,USD,JPY,18000.0,USD,"https://img.vggcdn.net/img/vfsimage2/812551/471_122862/0.jpg?im=Resize=(500,271)&v=771",5 hours ago,4.9,False,False,False,False,51bLOfK7V%2f6FRmv9j6rBn8zhtokAmLQ4Z1KUFNYKoj4%3d,False,2026-07-18T23:58:58.5830000Z,False,False,False,False,False,False,0,False,False,False,False,False,0,False,False,0,13393717171,False,149985F9-A460-4BEE-BA60-011258113D00,False,False,True,2,4.914153444346567,1.578806465,,,,,"[{'message': 'Popular Pick', 'qualifier': '58 tickets sold for this event', 'hasValue': True, 'messageType': 'BoughtInLastHourSocialProofBased'}]",[],,,,,,,,,,,,,
13390950221,153020449,115C,1530769,115C,2,2,11_11,11,False,False,1,,False,False,[1],594,Lower,1,True,"[{'listingNoteId': 810, 'listingNoteContentId': 2446052, 'formattedListingNoteContent': 'Actual 2nd row of section', 'listingNoteTypeId': 3, 'showToBuyer': True, 'hideInMock': False, 'siteAddedListingNote': False, 'aisleListingNoteWithSplit': False, 'listingNoteDescriptionContentId': 2446053, 'formattedListingNoteDescription': 'Actual 2nd row of section'}, {'listingNoteId': -1, 'listingNoteContentId': 3338094, 'formattedListingNoteContent': 'Clear view', 'listingNoteTypeId': 3, 'showToBuyer': True, 'hideInMock': False, 'siteAddedListingNote': False, 'aisleListingNoteWithSplit': False, 'listingNoteDescriptionContentId': 3338095, 'formattedListingNoteDescription': ""You'll have an unrestricted view of the show.""}]","[{'listingNoteBucketId': 14, 'formattedListingNoteContent': 'Actual 2nd row of section', 'displayOrder': 14, 'showsRawNoteText': True, 'sourceListingNoteId': 810}, {'listingNoteBucketId': 27, 'formattedListingNoteContent': 'Clear view', 'displayOrder': 8, 'showsRawNoteText': True, 'sourceListingNoteId': -1}]",1641165,False,False,Row 2,False,3618054,"¥3,618,054","¥3,618,054",10,Mobile Transfer ticket,3,1,USD,JPY,,USD,"https://img.vggcdn.net/img/vfsimage2/812551/594_1530769/0.jpg?im=Resize=(500,271)&v=771",16 hours ago,10.0,False,False,False,False,%2fJEHoo0whQIJ0MP3a58VI%2bgKAnJrvyzzR9goYkL3Kuk%3d,False,2026-07-18T13:23:43.7630000Z,False,True,False,False,False,False,0,False,False,False,False,False,0,False,False,0,13390950221,False,A1CFA536-6887-41DD-9D3E-2ECA1912E3F6,False,False,True,5,10,4.391235689,,,,,"[{'message': 'Amazing Value', 'qualifier': 'Based on price, view, seat quality and more', 'hasValue': True, 'messageType': 'ValueBased'}, {'message': 'Popular Pick', 'qualifier': '58 tickets sold for this event', 'hasValue': True, 'messageType': 'BoughtInLastHourSocialProofBased'}, {'message': 'Second Row', 'qualifier': 'Premium close-up view', 'hasValue': True, 'messageType': 'SecondRowTicketAttributeBased'}]",[810],11,11,"¥6,267,042",42.0,"¥2,648,988",,,,,,Best deal,True,6aa8a73f-b069-4147-a316-ffc9e9280c2b
13252686648,153020449,Middle,1546668,Middle,3,,_,,False,False,2,,False,False,"[1, 2]",471,Middle,2,True,"[{'listingNoteId': -1, 'listingNoteContentId': 3338094, 'formattedListingNoteContent': 'Clear view', 'listingNoteTypeId': 3, 'showToBuyer': True, 'hideInMock': False, 'siteAddedListingNote': False, 'aisleListingNoteWithSplit': False, 'listingNoteDescriptionContentId': 3338095, 'formattedListingNoteDescription': ""You'll have an unrestricted view of the show.""}]","[{'listingNoteBucketId': 27, 'formattedListingNoteContent': 'Clear view', 'displayOrder': 8, 'showsRawNoteText': True, 'sourceListingNoteId': -1}]",1641235,False,False,Row,True,3682792,"¥3,682,792","¥3,682,792",10,Mobile Transfer ticket,3,1,USD,JPY,10000.0,USD,"https://img.vggcdn.net/img/vfsimage2/812551/471_1546668/0.jpg?im=Resize=(500,271)&v=771",13 days ago,0.0,False,False,True,False,UXZDBIEZv6bvTXAYhxF46zdJhD8xr%2b6lO6TYGkhsiUQ%3d,False,2026-07-05T16:54:09.3370000Z,False,False,False,False,False,False,0,False,False,False,False,False,0,False,False,0,13252686648,False,F460415D-C4D1-4DC6-8D23-CB6BA38B0AF2,False,False,True,0,,,,,,,"[{'message': 'Popular Pick', 'qualifier': '58 tickets sold for this event', 'hasValue': True, 'messageType': 'BoughtInLastHourSocialProofBased'}]",[],,,"¥6,317,891",42.0,"¥2,635,099",Last tickets,True,,,,,,
13389356320,153020449,111C,1530767,111C,2,2,9_9,9,False,False,1,,False,False,[1],594,Lower,1,True,"[{'listingNoteId': 2026, 'listingNoteContentId': 3415844, 'formattedListingNoteContent': 'Second Row of Section', 'listingNoteTypeId': 6, 'showToBuyer': True, 'hideInMock': False, 'siteAddedListingNote': False, 'aisleListingNoteWithSplit': False, 'listingNoteDescriptionContentId': 3415844, 'formattedListingNoteDescription': 'Second Row of Section'}, {'listingNoteId': -1, 'listingNoteContentId': 3338094, 'formattedListingNoteContent': 'Clear view', 'listingNoteTypeId': 3, 'showToBuyer': True, 'hideInMock': False, 'siteAddedListingNote': False, 'aisleListingNoteWithSplit': False, 'listingNoteDescriptionContentId': 3338095, 'formattedListingNoteDescription': ""You'll have an unrestricted view of the show.""}]","[{'listingNoteBucketId': 14, 'formattedListingNoteContent': 'Second Row of Section', 'displayOrder': 14, 'showsRawNoteText': True, 'sourceListingNoteId': 2026}, {'listingNoteBucketId': 27, 'formattedListingNoteContent': 'Clear view', 'displayOrder': 8, 'showsRawNoteText': True, 'sourceListingNoteId': -1}]",1641150,False,False,Row 2,False,3719810,"¥3,719,810","¥3,719,810",10,Mobile Transfer ticket,3,1,USD,JPY,0.0,USD,"https://img.vggcdn.net/img/vfsimage2/812551/594_1530767/0.jpg?im=Resize=(500,271)&v=771",23 hours ago,8.3,False,False,False,False,wCY9YU8OdH0JK3nKuZ%2boaATBgimf0vBRYRd8W3e7v80%3d,False,2026-07-18T06:08:20.4030000Z,False,False,False,False,False,False,0,False,False,False,False,False,0,False,False,0,13389356320,False,A73A3CF3-7A30-4F16-9CA0-55E45DDD6F15,False,False,True,4,8.290043734263147,2.532975633,,,,,"[{'message': 'Great Value', 'qualifier': 'Based on price, view, seat quality and more', 'hasValue': True, 'messageType': 'ValueBased'}, {'message': 'Popular Pick', 'qualifier': '58 tickets sold for this event', 'hasValue': True, 'messageType': 'BoughtInLastHourSocialProofBased'}, {'message': 'Second Row', 'qualifier': 'Premium close-up view', 'hasValue': True, 'messageType': 'SecondRowTicketAttributeBased'}]",[2026],9,9,"¥6,675,479",44.0,"¥2,955,669",Last ticket,True,,,,,,
13382102329,153020449,116,122791,116,2,10,10_10,10,False,False,1,,False,False,[1],594,Lower,1,True,"[{'listingNoteId': -1, 'listingNoteContentId': 3338094, 'formattedListingNoteContent': 'Clear view', 'listingNoteTypeId': 3, 'showToBuyer': True, 'hideInMock': False, 'siteAddedListingNote': False, 'aisleListingNoteWithSplit': False, 'listingNoteDescriptionContentId': 3338095, 'formattedListingNoteDescription': ""You'll have an unrestricted view of the show.""}]","[{'listingNoteBucketId': 27, 'formattedListingNoteContent': 'Clear view', 'displayOrder': 8, 'showsRawNoteText': True, 'sourceListingNoteId': -1}]",2112514,False,False,Row 10,False,3733588,"¥3,733,588","¥3,733,588",10,Mobile Transfer ticket,3,1,EUR,JPY,10900.0,EUR,"https://img.vggcdn.net/img/vfsimage2/812551/594_122791/0.jpg?im=Resize=(500,271)&v=771",yesterday,7.4,False,False,False,False,%2bcccquQ%2bEZKiJOp7FftZxqk67wUPEDhm9m%2fUSvzW9BQ%3d,False,2026-07-17T10:45:14.1300000Z,False,False,False,False,False,False,0,False,False,False,False,False,0,False,False,0,13382102329,False,0B889901-FAD6-47F4-AAF6-ED107CAA4B55,False,False,True,4,7.42401133215233,2.241669012,,,,,"[{'message': 'Great Value', 'qualifier': 'Based on price, view, seat quality and more', 'hasValue': True, 'messageType': 'ValueBased'}, {'message': 'Popular Pick', 'qualifier': '58 tickets sold for this event', 'hasValue': True, 'messageType': 'BoughtInLastHourSocialProofBased'}]",[],,,,,,,,,,,,,
13359647086,153020449,143,122808,143,2,11,_,,False,False,4,,False,False,"[1, 2, 3, 4]",594,Lower,4,True,"[{'listingNoteId': -1, 'listingNoteContentId': 3338094, 'formattedListingNoteContent': 'Clear view', 'listingNoteTypeId': 3, 'showToBuyer': True, 'hideInMock': False, 'siteAddedListingNote': False, 'aisleListingNoteWithSplit': False, 'listingNoteDescriptionContentId': 3338095, 'formattedListingNoteDescription': ""You'll have an unrestricted view of the show.""}]","[{'listingNoteBucketId': 27, 'formattedListingNoteContent': 'Clear view', 'displayOrder': 8, 'showsRawNoteText': True, 'sourceListingNoteId': -1}]",2113170,False,False,Row 11,False,3790551,"¥3,790,551","¥3,790,551",10,Mobile Transfer ticket,3,1,EUR,JPY,44.0,EUR,"https://img.vggcdn.net/img/vfsimage2/812551/594_122808/0.jpg?im=Resize=(500,271)&v=771",3 days ago,6.1,False,False,False,False,6JwCB3XO%2bBKJpOHoTVAw%2fvc%2b4paeA2rumN6sLF7mEv0%3d,False,2026-07-15T11:25:04.3000000Z,False,False,False,False,False,False,0,False,False,False,False,False,0,False,False,0,13359647086,False,7E1A653D-18A9-4EEA-A997-952ED5C84E65,False,False,True,3,6.093072897422538,1.922528048,,,,,"[{'message': 'Popular Pick', 'qualifier': '58 tickets sold for this event', 'hasValue': True, 'messageType': 'BoughtInLastHourSocialProofBased'}]",[],,,,,,,,,,,,,
13391684757,153020449,5 S37,1538858,5 S37,2,2,_,,False,False,6,,False,False,"[1, 2, 3, 4, 5, 6]",17325,Suite Level 5 East,6,True,"[{'listingNoteId': 11, 'listingNoteContentId': 1038686, 'formattedListingNoteContent': 'Includes VIP pass', 'listingNoteTypeId': 3, 'showToBuyer': True, 'hideInMock': False, 'siteAddedListingNote': False, 'aisleListingNoteWithSplit': False, 'listingNoteDescriptionContentId': 1277351, 'formattedListingNoteDescription': ""A VIP pass gives you great privileges that other ticket holders don't have!""}, {'listingNoteId': 93, 'listingNoteContentId': 1580908, 'formattedListingNoteContent': 'Access to VIP Lounge', 'listingNoteTypeId': 3, 'showToBuyer': True, 'hideInMock': False, 'siteAddedListingNote': False, 'aisleListingNoteWithSplit': False, 'listingNoteDescriptionContentId': 1580909, 'formattedListingNoteDescription': 'Included with the ticket is access to the VIP lounge in the venue.'}, {'listingNoteId': 175, 'listingNoteContentId': 2444706, 'formattedListingNoteContent': 'Unlimited Food and Drinks', 'listingNoteTypeId': 3, 'showToBuyer': True, 'hideInMock': False, 'siteAddedListingNote': False, 'aisleListingNoteWithSplit': False, 'listingNoteDescriptionContentId': 2444707, 'formattedListingNoteDescription': 'Includes unlimited food and drinks (beer, wine and soft drinks)'}, {'listingNoteId': 505, 'listingNoteContentId': 2445404, 'formattedListingNoteContent': 'Premium Seating', 'listingNoteTypeId': 4, 'showToBuyer': True, 'hideInMock': False, 'siteAddedListingNote': False, 'aisleListingNoteWithSplit': False, 'listingNoteDescriptionContentId': 4211339, 'formattedListingNoteDescription': 'Premium Seating'}, {'listingNoteId': 2061, 'listingNoteContentId': 3878124, 'formattedListingNoteContent': 'Premium open bar', 'listingNoteTypeId': 3, 'showToBuyer': True, 'hideInMock': False, 'siteAddedListingNote': False, 'aisleListingNoteWithSplit': False, 'listingNoteDescriptionContentId': 3878125, 'formattedListingNoteDescription': 'Premium open bar'}, {'listingNoteId': 2250, 'listingNoteContentId': 4167698, 'formattedListingNoteContent': 'Partial Suite (Shared)', 'listingNoteTypeId': 3, 'showToBuyer': True, 'hideInMock': False, 'siteAddedListingNote': False, 'aisleListingNoteWithSplit': False, 'listingNoteDescriptionContentId': 4167699, 'formattedListingNoteDescription': 'Partial Suite (Shared)'}, {'listingNoteId': 2267, 'listingNoteContentId': 4177538, 'formattedListingNoteContent': 'VIP Suite', 'listingNoteTypeId': 3, 'showToBuyer': True, 'hideInMock': False, 'siteAddedListingNote': False, 'aisleListingNoteWithSplit': False, 'listingNoteDescriptionContentId': 4177539, 'formattedListingNoteDescription': 'VIP Suite'}, {'listingNoteId': -1, 'listingNoteContentId': 3338094, 'formattedListingNoteContent': 'Clear view', 'listingNoteTypeId': 3, 'showToBuyer': True, 'hideInMock': False, 'siteAddedListingNote': False, 'aisleListingNoteWithSplit': False, 'listingNoteDescriptionContentId': 3338095, 'formattedListingNoteDescription': ""You'll have an unrestricted view of the show.""}]","[{'listingNoteBucketId': 1, 'formattedListingNoteContent': 'VIP packages', 'displayOrder': 1, 'showsRawNoteText': False}, {'listingNoteBucketId': 2, 'formattedListingNoteContent': 'Suite access', 'displayOrder': 2, 'showsRawNoteText': False}, {'listingNoteBucketId': 4, 'formattedListingNoteContent': 'Club access', 'displayOrder': 4, 'showsRawNoteText': False}, {'listingNoteBucketId': 7, 'formattedListingNoteContent': 'Food & beverages', 'displayOrder': 7, 'showsRawNoteText': False}, {'listingNoteBucketId': 8, 'formattedListingNoteContent': 'Food & beverage options', 'displayOrder': 8, 'showsRawNoteText': False}, {'listingNoteBucketId': 15, 'formattedListingNoteContent': 'Premium Seating', 'displayOrder': 15, 'showsRawNoteText': True, 'sourceListingNoteId': 505}, {'listingNoteBucketId': 0, 'formattedListingNoteContent': 'VIP Suite', 'displayOrder': 30, 'showsRawNoteText': True, 'sourceListingNoteId': 2267}, {'listingNoteBucketId': 27, 'formattedListingNoteContent': 'Clear view', 'displayOrder': 8, 'showsRawNoteText': True, 'sourceListingNoteId': -1}]",1614242,False,False,Row 2,True,3890127,"¥3,890,127","¥3,890,127",10,Mobile Transfer ticket,3,1,MXN,JPY,400000.0,MXN,"https://img.vggcdn.net/img/vfsimage2/812551/17325_1538858/0.jpg?im=Resize=(500,271)&v=771",13 hours ago,5.5,False,False,False,False,pS76wUiS%2flzubqtSqX33E1a2e8GxGlvlR2E85fMto2w%3d,False,2026-07-18T16:09:53.7470000Z,False,False,False,False,False,False,0,False,False,False,False,False,0,False,False,0,13391684757,False,9E6A8038-6F87-4876-B540-ECCAD42B9D1B,False,False,True,3,5.545180214706762,1.854322937,,,,,"[{'message': 'Popular Pick', 'qualifier': '58 tickets sold for this event', 'hasValue': True, 'messageType': 'BoughtInLastHourSocialProofBased'}]",[],,,"¥6,111,738",36.0,"¥2,221,611",,,,,,,,
13389989743,153020449,144,122809,144,2,12,_,,False,False,6,,False,False,"[1, 2, 3, 4, 6]",594,Lower,6,True,"[{'listingNoteId': -1, 'listingNoteContentId': 3338094, 'formattedListingNoteContent': 'Clear view', 'listingNoteTypeId': 3, 'showToBuyer': True, 'hideInMock': False, 'siteAddedListingNote': False, 'aisleListingNoteWithSplit': False, 'listingNoteDescriptionContentId': 3338095, 'formattedListingNoteDescription': ""You'll have an unrestricted view of the show.""}]","[{'listingNoteBucketId': 27, 'formattedListingNoteContent': 'Clear view', 'displayOrder': 8, 'showsRawNoteText': True, 'sourceListingNoteId': -1}]",2113204,False,False,Row 12,False,4013499,"¥4,013,499","¥4,013,499",10,Mobile Transfer ticket,3,1,EUR,JPY,9000.0,EUR,"https://img.vggcdn.net/img/vfsimage2/812551/594_122809/0.jpg?im=Resize=(500,271)&v=771",19 hours ago,4.3,False,False,False,False,FiUXwINPSEyx4oXAxNqcD%2bTWeHtuVgNBisHs99pKX9Y%3d,False,2026-07-18T10:16:17.2800000Z,False,False,False,False,False,False,0,False,False,False,False,False,0,False,False,0,13389989743,False,BD6EE098-9149-4A46-A250-4710FBFB7E71,False,False,True,2,4.256791136478768,1.562368156,,,,,"[{'message': 'Popular Pick', 'qualifier': '58 tickets sold for this event', 'hasValue': True, 'messageType': 'BoughtInLastHourSocialProofBased'}]",[],,,,,,,,,,,,,
12998151102,153020449,320,122913,320,2,8,5_6,5,False,False,2,,False,False,"[1, 2]",407,Upper,2,True,"[{'listingNoteId': -1, 'listingNoteContentId': 3338094, 'formattedListingNoteContent': 'Clear view', 'listingNoteTypeId': 3, 'showToBuyer': True, 'hideInMock': False, 'siteAddedListingNote': False, 'aisleListingNoteWithSplit': False, 'listingNoteDescriptionContentId': 3338095, 'formattedListingNoteDescription': ""You'll have an unrestricted view of the show.""}]","[{'listingNoteBucketId': 27, 'formattedListingNoteContent': 'Clear view', 'displayOrder': 8, 'showsRawNoteText': True, 'sourceListingNoteId': -1}]",703943,False,False,Row 8,False,4120514,"¥4,120,514","¥4,120,514",10,Mobile Transfer ticket,3,1,EUR,JPY,5500.0,EUR,"https://img.vggcdn.net/img/vfsimage2/812551/407_122913/0.jpg?im=Resize=(500,271)&v=771",37 days ago,2.1,False,False,False,False,6d2FoeRbjENB2BRCirXvMK3XgfRvy3z2J38FdpZdlK4%3d,False,2026-06-11T13:41:26.4070000Z,False,False,False,False,False,False,0,False,False,False,False,False,0,False,False,0,12998151102,False,150E7C61-6182-440D-80EB-74E29838F790,False,False,True,1,2.1179091364136795,0.9119621003,,,,,"[{'message': 'Popular Pick', 'qualifier': '58 tickets sold for this event', 'hasValue': True, 'messageType': 'BoughtInLastHourSocialProofBased'}]",[],5,6,,,,Last tickets,True,Fan favorite,This section is in the top 10% of sections for this event when ranked based on a count of successful sales over the past 7 days on our site,True,,,
13373727429,153020449,5 S37,1538858,5 S37,2,1,_,,False,False,4,,False,False,"[1, 2, 3, 4]",17325,Suite Level 5 East,4,True,"[{'listingNoteId': 11, 'listingNoteContentId': 1038686, 'formattedListingNoteContent': 'Includes VIP pass', 'listingNoteTypeId': 3, 'showToBuyer': True, 'hideInMock': False, 'siteAddedListingNote': False, 'aisleListingNoteWithSplit': False, 'listingNoteDescriptionContentId': 1277351, 'formattedListingNoteDescription': ""A VIP pass gives you great privileges that other ticket holders don't have!""}, {'listingNoteId': 93, 'listingNoteContentId': 1580908, 'formattedListingNoteContent': 'Access to VIP Lounge', 'listingNoteTypeId': 3, 'showToBuyer': True, 'hideInMock': False, 'siteAddedListingNote': False, 'aisleListingNoteWithSplit': False, 'listingNoteDescriptionContentId': 1580909, 'formattedListingNoteDescription': 'Included with the ticket is access to the VIP lounge in the venue.'}, {'listingNoteId': 175, 'listingNoteContentId': 2444706, 'formattedListingNoteContent': 'Unlimited Food and Drinks', 'listingNoteTypeId': 3, 'showToBuyer': True, 'hideInMock': False, 'siteAddedListingNote': False, 'aisleListingNoteWithSplit': False, 'listingNoteDescriptionContentId': 2444707, 'formattedListingNoteDescription': 'Includes unlimited food and drinks (beer, wine and soft drinks)'}, {'listingNoteId': 505, 'listingNoteContentId': 2445404, 'formattedListingNoteContent': 'Premium Seating', 'listingNoteTypeId': 4, 'showToBuyer': True, 'hideInMock': False, 'siteAddedListingNote': False, 'aisleListingNoteWithSplit': False, 'listingNoteDescriptionContentId': 4211339, 'formattedListingNoteDescription': 'Premium Seating'}, {'listingNoteId': 2061, 'listingNoteContentId': 3878124, 'formattedListingNoteContent': 'Premium open bar', 'listingNoteTypeId': 3, 'showToBuyer': True, 'hideInMock': False, 'siteAddedListingNote': False, 'aisleListingNoteWithSplit': False, 'listingNoteDescriptionContentId': 3878125, 'formattedListingNoteDescription': 'Premium open bar'}, {'listingNoteId': 2250, 'listingNoteContentId': 4167698, 'formattedListingNoteContent': 'Partial Suite (Shared)', 'listingNoteTypeId': 3, 'showToBuyer': True, 'hideInMock': False, 'siteAddedListingNote': False, 'aisleListingNoteWithSplit': False, 'listingNoteDescriptionContentId': 4167699, 'formattedListingNoteDescription': 'Partial Suite (Shared)'}, {'listingNoteId': 2267, 'listingNoteContentId': 4177538, 'formattedListingNoteContent': 'VIP Suite', 'listingNoteTypeId': 3, 'showToBuyer': True, 'hideInMock': False, 'siteAddedListingNote': False, 'aisleListingNoteWithSplit': False, 'listingNoteDescriptionContentId': 4177539, 'formattedListingNoteDescription': 'VIP Suite'}, {'listingNoteId': -1, 'listingNoteContentId': 3338094, 'formattedListingNoteContent': 'Clear view', 'listingNoteTypeId': 3, 'showToBuyer': True, 'hideInMock': False, 'siteAddedListingNote': False, 'aisleListingNoteWithSplit': False, 'listingNoteDescriptionContentId': 3338095, 'formattedListingNoteDescription': ""You'll have an unrestricted view of the show.""}]","[{'listingNoteBucketId': 1, 'formattedListingNoteContent': 'VIP packages', 'displayOrder': 1, 'showsRawNoteText': False}, {'listingNoteBucketId': 2, 'formattedListingNoteContent': 'Suite access', 'displayOrder': 2, 'showsRawNoteText': False}, {'listingNoteBucketId': 4, 'formattedListingNoteContent': 'Club access', 'displayOrder': 4, 'showsRawNoteText': False}, {'listingNoteBucketId': 7, 'formattedListingNoteContent': 'Food & beverages', 'displayOrder': 7, 'showsRawNoteText': False}, {'listingNoteBucketId': 8, 'formattedListingNoteContent': 'Food & beverage options', 'displayOrder': 8, 'showsRawNoteText': False}, {'listingNoteBucketId': 15, 'formattedListingNoteContent': 'Premium Seating', 'displayOrder': 15, 'showsRawNoteText': True, 'sourceListingNoteId': 505}, {'listingNoteBucketId': 0, 'formattedListingNoteContent': 'VIP Suite', 'displayOrder': 30, 'showsRawNoteText': True, 'sourceListingNoteId': 2267}, {'listingNoteBucketId': 27, 'formattedListingNoteContent': 'Clear view', 'displayOrder': 8, 'showsRawNoteText': True, 'sourceListingNoteId': -1}]",1614242,False,False,Row 1,True,4167961,"¥4,167,961","¥4,167,961",10,Mobile Transfer ticket,3,1,MXN,JPY,400000.0,MXN,"https://img.vggcdn.net/img/vfsimage2/812551/17325_1538858/0.jpg?im=Resize=(500,271)&v=771",2 days ago,4.9,False,False,False,False,K5CM7I6f1i3XBlfe32xM5fKosrlZke%2bzlAu7%2f4cYexw%3d,False,2026-07-16T16:06:45.6670000Z,False,False,False,False,False,False,0,False,False,False,False,False,0,False,False,0,13373727429,False,A69FC48D-025A-412E-9386-A4CFFDC28CF1,False,False,True,2,4.948312468087034,1.854322937,,,,,"[{'message': 'Popular Pick', 'qualifier': '58 tickets sold for this event', 'hasValue': True, 'messageType': 'BoughtInLastHourSocialProofBased'}]",[],,,,,,,,,,,,,
13375745056,153020449,235,122862,235,2,8,_,,False,False,3,,False,False,"[1, 2, 3]",471,Middle,3,True,"[{'listingNoteId': 263, 'listingNoteContentId': 2444900, 'formattedListingNoteContent': 'VIP Club', 'listingNoteTypeId': 3, 'showToBuyer': True, 'hideInMock': False, 'siteAddedListingNote': False, 'aisleListingNoteWithSplit': False, 'listingNoteDescriptionContentId': 2444901, 'formattedListingNoteDescription': 'VIP Club - Club opens 90 minutes prior to tipoff and offers access to a lounge area with televisions, plush seating and private restrooms as well as all-inclusive food, draft beer, and house wine'}, {'listingNoteId': 424, 'listingNoteContentId': 2445241, 'formattedListingNoteContent': 'Access to VIP Club', 'listingNoteTypeId': 3, 'showToBuyer': True, 'hideInMock': False, 'siteAddedListingNote': False, 'aisleListingNoteWithSplit': False, 'formattedListingNoteDescription': ''}, {'listingNoteId': 1367, 'listingNoteContentId': 2447255, 'formattedListingNoteContent': 'Includes club access', 'listingNoteTypeId': 3, 'showToBuyer': True, 'hideInMock': False, 'siteAddedListingNote': False, 'aisleListingNoteWithSplit': False, 'listingNoteDescriptionContentId': 2447256, 'formattedListingNoteDescription': 'Includes club access'}, {'listingNoteId': -1, 'listingNoteContentId': 3338094, 'formattedListingNoteContent': 'Clear view', 'listingNoteTypeId': 3, 'showToBuyer': True, 'hideInMock': False, 'siteAddedListingNote': False, 'aisleListingNoteWithSplit': False, 'listingNoteDescriptionContentId': 3338095, 'formattedListingNoteDescription': ""You'll have an unrestricted view of the show.""}]","[{'listingNoteBucketId': 1, 'formattedListingNoteContent': 'VIP packages', 'displayOrder': 1, 'showsRawNoteText': False}, {'listingNoteBucketId': 4, 'formattedListingNoteContent': 'Club access', 'displayOrder': 4, 'showsRawNoteText': False}, {'listingNoteBucketId': 27, 'formattedListingNoteContent': 'Clear view', 'displayOrder': 8, 'showsRawNoteText': True, 'sourceListingNoteId': -1}]",703279,False,False,Row 8,False,4190832,"¥4,190,832","¥4,190,832",10,Mobile Transfer ticket,3,1,USD,JPY,27850.0,USD,"https://img.vggcdn.net/img/vfsimage2/812551/471_122862/0.jpg?im=Resize=(500,271)&v=771",2 days ago,4.3,False,False,False,False,wNx2uhgPskatHyK72ee3bbTM9BPJew%2bdsSVg4kZEPU0%3d,False,2026-07-16T19:44:14.6730000Z,False,False,False,False,False,False,0,False,False,False,False,False,0,False,False,0,13375745056,False,37B44302-9B31-4B0F-9E02-1F10561E20D5,False,False,True,2,4.253636780195897,1.630477694,,,,,"[{'message': 'Popular Pick', 'qualifier': '58 tickets sold for this event', 'hasValue': True, 'messageType': 'BoughtInLastHourSocialProofBased'}]",[],,,"¥6,591,071",36.0,"¥2,400,239",,,,,,,,
13394571732,153020449,142,122807,142,2,29,22_26,22,False,False,5,,False,False,"[1, 2, 3, 5]",594,Lower,5,True,"[{'listingNoteId': -1, 'listingNoteContentId': 3338094, 'formattedListingNoteContent': 'Clear view', 'listingNoteTypeId': 3, 'showToBuyer': True, 'hideInMock': False, 'siteAddedListingNote': False, 'aisleListingNoteWithSplit': False, 'listingNoteDescriptionContentId': 3338095, 'formattedListingNoteDescription': ""You'll have an unrestricted view of the show.""}]","[{'listingNoteBucketId': 27, 'formattedListingNoteContent': 'Clear view', 'displayOrder': 8, 'showsRawNoteText': True, 'sourceListingNoteId': -1}]",2113155,False,False,Row 29,False,4203058,"¥4,203,058","¥4,203,058",10,Mobile Transfer ticket,3,1,USD,JPY,29000.0,USD,"https://img.vggcdn.net/img/vfsimage2/812551/594_122807/0.jpg?im=Resize=(500,271)&v=771",2 hours ago,4.0,False,False,False,False,PBdzfVvoQ5UsoNGJZRsd1%2fR4Kl10%2bes5p6pqVJz8kvk%3d,False,2026-07-19T03:48:51.2900000Z,False,False,False,False,False,False,0,False,False,False,False,False,0,False,False,0,13394571732,False,9F656C41-53F7-445E-A52C-3321C4CCD30D,False,False,True,2,4.005053263380818,1.564946777,,,,,"[{'message': 'Popular Pick', 'qualifier': '58 tickets sold for this event', 'hasValue': True, 'messageType': 'BoughtInLastHourSocialProofBased'}]",[],22,26,,,,,,,,,,,
13392827541,153020449,116,122791,116,2,7,6_6,6,False,False,1,,False,False,[1],594,Lower,1,True,"[{'listingNoteId': 811, 'listingNoteContentId': 2446054, 'formattedListingNoteContent': 'Actual 1st row of the section', 'listingNoteTypeId': 3, 'showToBuyer': True, 'hideInMock': False, 'siteAddedListingNote': False, 'aisleListingNoteWithSplit': False, 'listingNoteDescriptionContentId': 2446055, 'formattedListingNoteDescription': 'Actual 1st row of the section'}, {'listingNoteId': -1, 'listingNoteContentId': 3338094, 'formattedListingNoteContent': 'Clear view', 'listingNoteTypeId': 3, 'showToBuyer': True, 'hideInMock': False, 'siteAddedListingNote': False, 'aisleListingNoteWithSplit': False, 'listingNoteDescriptionContentId': 3338095, 'formattedListingNoteDescription': ""You'll have an unrestricted view of the show.""}]","[{'listingNoteBucketId': 0, 'formattedListingNoteContent': 'Actual 1st row of the section', 'displayOrder': 30, 'showsRawNoteText': True, 'sourceListingNoteId': 811}, {'listingNoteBucketId': 27, 'formattedListingNoteContent': 'Clear view', 'displayOrder': 8, 'showsRawNoteText': True, 'sourceListingNoteId': -1}]",2112545,False,False,Row 7,False,4210872,"¥4,210,872","¥4,210,872",10,Mobile Transfer ticket,3,1,USD,JPY,0.0,USD,"https://img.vggcdn.net/img/vfsimage2/812551/594_122791/0.jpg?im=Resize=(500,271)&v=771",9 hours ago,6.9,False,False,False,False,c635WzCUkLLuJSnjK3njMlbbga%2b%2bWvkW7%2fwmBmCEc2E%3d,False,2026-07-18T20:45:31.3270000Z,False,False,False,False,False,False,0,False,False,False,False,False,0,False,False,0,13392827541,False,DFCC3E50-2274-4D12-A9BC-8876684128FD,False,False,True,3,6.9472878939507865,2.372807389,,,,,"[{'message': 'Popular Pick', 'qualifier': '58 tickets sold for this event', 'hasValue': True, 'messageType': 'BoughtInLastHourSocialProofBased'}, {'message': 'Front Row', 'qualifier': 'Best seats in the house', 'hasValue': True, 'messageType': 'FirstRowTicketAttributeBased'}]",[811],6,6,"¥6,317,759",33.0,"¥2,106,887",,,,,,,,
13379712171,153020449,235,122862,235,2,4,_,,False,False,1,,False,False,[1],471,Middle,1,True,"[{'listingNoteId': 263, 'listingNoteContentId': 2444900, 'formattedListingNoteContent': 'VIP Club', 'listingNoteTypeId': 3, 'showToBuyer': True, 'hideInMock': False, 'siteAddedListingNote': False, 'aisleListingNoteWithSplit': False, 'listingNoteDescriptionContentId': 2444901, 'formattedListingNoteDescription': 'VIP Club - Club opens 90 minutes prior to tipoff and offers access to a lounge area with televisions, plush seating and private restrooms as well as all-inclusive food, draft beer, and house wine'}, {'listingNoteId': 424, 'listingNoteContentId': 2445241, 'formattedListingNoteContent': 'Access to VIP Club', 'listingNoteTypeId': 3, 'showToBuyer': True, 'hideInMock': False, 'siteAddedListingNote': False, 'aisleListingNoteWithSplit': False, 'formattedListingNoteDescription': ''}, {'listingNoteId': 1367, 'listingNoteContentId': 2447255, 'formattedListingNoteContent': 'Includes club access', 'listingNoteTypeId': 3, 'showToBuyer': True, 'hideInMock': False, 'siteAddedListingNote': False, 'aisleListingNoteWithSplit': False, 'listingNoteDescriptionContentId': 2447256, 'formattedListingNoteDescription': 'Includes club access'}, {'listingNoteId': -1, 'listingNoteContentId': 3338094, 'formattedListingNoteContent': 'Clear view', 'listingNoteTypeId': 3, 'showToBuyer': True, 'hideInMock': False, 'siteAddedListingNote': False, 'aisleListingNoteWithSplit': False, 'listingNoteDescriptionContentId': 3338095, 'formattedListingNoteDescription': ""You'll have an unrestricted view of the show.""}]","[{'listingNoteBucketId': 1, 'formattedListingNoteContent': 'VIP packages', 'displayOrder': 1, 'showsRawNoteText': False}, {'listingNoteBucketId': 4, 'formattedListingNoteContent': 'Club access', 'displayOrder': 4, 'showsRawNoteText': False}, {'listingNoteBucketId': 27, 'formattedListingNoteContent': 'Clear view', 'displayOrder': 8, 'showsRawNoteText': True, 'sourceListingNoteId': -1}]",703275,False,False,Row 4,False,4395241,"¥4,395,241","¥4,395,241",10,Mobile Transfer ticket,3,1,USD,JPY,10900.0,USD,"https://img.vggcdn.net/img/vfsimage2/812551/471_122862/0.jpg?im=Resize=(500,271)&v=771",2 days ago,4.3,False,False,False,False,WlCn1Lx0gFqN4iFGM8CVPJWF5%2fDMkRqvmd5B8KtgUuU%3d,False,2026-07-17T03:59:21.4370000Z,False,False,False,False,False,False,0,False,False,False,False,False,0,False,False,0,13379712171,False,004DFEE8-3AAA-4B9D-8095-85213F0627C6,False,False,True,2,4.345308162863612,1.738813636,,,,,"[{'message': 'Popular Pick', 'qualifier': '58 tickets sold for this event', 'hasValue': True, 'messageType': 'BoughtInLastHourSocialProofBased'}]",[],,,,,,,,,,,,,
13382694909,153020449,143,122808,143,2,9,_,,False,False,8,,False,False,"[1, 2, 3, 4, 5, 6, 8]",594,Lower,8,True,"[{'listingNoteId': -1, 'listingNoteContentId': 3338094, 'formattedListingNoteContent': 'Clear view', 'listingNoteTypeId': 3, 'showToBuyer': True, 'hideInMock': False, 'siteAddedListingNote': False, 'aisleListingNoteWithSplit': False, 'listingNoteDescriptionContentId': 3338095, 'formattedListingNoteDescription': ""You'll have an unrestricted view of the show.""}]","[{'listingNoteBucketId': 27, 'formattedListingNoteContent': 'Clear view', 'displayOrder': 8, 'showsRawNoteText': True, 'sourceListingNoteId': -1}]",2113201,False,False,Row 9,False,4459394,"¥4,459,394","¥4,459,394",10,Mobile Transfer ticket,3,1,EUR,JPY,10000.0,EUR,"https://img.vggcdn.net/img/vfsimage2/812551/594_122808/0.jpg?im=Resize=(500,271)&v=771",yesterday,5.0,False,False,False,False,AKb1xNAy3wrQJIUTCT8exMCVGz9pTtIwXZvdbW9%2f2nE%3d,False,2026-07-17T12:40:18.5000000Z,False,False,False,False,False,False,0,False,False,False,False,False,0,False,False,0,13382694909,False,5717EA76-0B45-4F22-96B7-DF03AAF316AD,False,False,True,3,5,2.005563094,,,,,"[{'message': 'Popular Pick', 'qualifier': '58 tickets sold for this event', 'hasValue': True, 'messageType': 'BoughtInLastHourSocialProofBased'}]",[],,,,,,,,,,,,,
13384010222,153020449,140,122806,140,2,20,_,,False,False,3,,False,False,"[1, 3]",594,Lower,3,True,"[{'listingNoteId': -1, 'listingNoteContentId': 3338094, 'formattedListingNoteContent': 'Clear view', 'listingNoteTypeId': 3, 'showToBuyer': True, 'hideInMock': False, 'siteAddedListingNote': False, 'aisleListingNoteWithSplit': False, 'listingNoteDescriptionContentId': 3338095, 'formattedListingNoteDescription': ""You'll have an unrestricted view of the show.""}]","[{'listingNoteBucketId': 27, 'formattedListingNoteContent': 'Clear view', 'displayOrder': 8, 'showsRawNoteText': True, 'sourceListingNoteId': -1}]",2113118,False,False,Row 20,False,4636396,"¥4,636,396","¥4,636,396",10,Mobile Transfer ticket,3,1,USD,JPY,0.0,USD,"https://img.vggcdn.net/img/vfsimage2/812551/594_122806/0.jpg?im=Resize=(500,271)&v=771",yesterday,5.7,False,False,False,False,T6ErPElPQsoWMsTwRKC0ISCGR1WZiaOs2HWNIVP8FxU%3d,False,2026-07-17T16:25:35.9130000Z,False,False,False,False,False,False,0,False,False,False,False,False,0,False,False,0,13384010222,False,E6EC6CED-E93F-41BD-98DA-1C88C5317021,False,False,True,3,5.668127886098533,2.240237246,,,,,"[{'message': 'Popular Pick', 'qualifier': '58 tickets sold for this event', 'hasValue': True, 'messageType': 'BoughtInLastHourSocialProofBased'}]",[],,,,,,,,,,,,,
13346680337,153020449,112,122789,112,2,22,_,,False,False,5,,False,False,"[1, 2, 3, 4, 5]",594,Lower,5,True,"[{'listingNoteId': -1, 'listingNoteContentId': 3338094, 'formattedListingNoteContent': 'Clear view', 'listingNoteTypeId': 3, 'showToBuyer': True, 'hideInMock': False, 'siteAddedListingNote': False, 'aisleListingNoteWithSplit': False, 'listingNoteDescriptionContentId': 3338095, 'formattedListingNoteDescription': ""You'll have an unrestricted view of the show.""}]","[{'listingNoteBucketId': 27, 'formattedListingNoteContent': 'Clear view', 'displayOrder': 8, 'showsRawNoteText': True, 'sourceListingNoteId': -1}]",2112412,False,False,Row 22,False,4636396,"¥4,636,396","¥4,636,396",10,Mobile Transfer ticket,3,1,USD,JPY,0.0,USD,"https://img.vggcdn.net/img/vfsimage2/812551/594_122789/0.jpg?im=Resize=(500,271)&v=771",5 days ago,4.8,False,False,False,False,T6ErPElPQsoWMsTwRKC0ISCGR1WZiaOs2HWNIVP8FxU%3d,False,2026-07-14T02:26:25.1270000Z,False,False,False,False,False,False,0,False,False,False,False,False,0,False,False,0,13346680337,False,9F796F9E-669D-40E6-92C3-BCF542B34EAB,False,False,True,2,4.823771907956157,2.008979178,,,,,"[{'message': 'Popular Pick', 'qualifier': '58 tickets sold for this event', 'hasValue': True, 'messageType': 'BoughtInLastHourSocialProofBased'}]",[],,,,,,Last tickets,True,,,,,,
13394284218,153020449,235,122862,235,2,1,_,,False,False,4,,False,False,"[1, 2, 3, 4]",471,Middle,4,True,"[{'listingNoteId': 263, 'listingNoteContentId': 2444900, 'formattedListingNoteContent': 'VIP Club', 'listingNoteTypeId': 3, 'showToBuyer': True, 'hideInMock': False, 'siteAddedListingNote': False, 'aisleListingNoteWithSplit': False, 'listingNoteDescriptionContentId': 2444901, 'formattedListingNoteDescription': 'VIP Club - Club opens 90 minutes prior to tipoff and offers access to a lounge area with televisions, plush seating and private restrooms as well as all-inclusive food, draft beer, and house wine'}, {'listingNoteId': 424, 'listingNoteContentId': 2445241, 'formattedListingNoteContent': 'Access to VIP Club', 'listingNoteTypeId': 3, 'showToBuyer': True, 'hideInMock': False, 'siteAddedListingNote': False, 'aisleListingNoteWithSplit': False, 'formattedListingNoteDescription': ''}, {'listingNoteId': 1367, 'listingNoteContentId': 2447255, 'formattedListingNoteContent': 'Includes club access', 'listingNoteTypeId': 3, 'showToBuyer': True, 'hideInMock': False, 'siteAddedListingNote': False, 'aisleListingNoteWithSplit': False, 'listingNoteDescriptionContentId': 2447256, 'formattedListingNoteDescription': 'Includes club access'}, {'listingNoteId': 2025, 'listingNoteContentId': 3415843, 'formattedListingNoteContent': 'Front Row of Section', 'listingNoteTypeId': 6, 'showToBuyer': True, 'hideInMock': False, 'siteAddedListingNote': False, 'aisleListingNoteWithSplit': False, 'listingNoteDescriptionContentId': 3415843, 'formattedListingNoteDescription': 'Front Row of Section'}, {'listingNoteId': -1, 'listingNoteContentId': 3338094, 'formattedListingNoteContent': 'Clear view', 'listingNoteTypeId': 3, 'showToBuyer': True, 'hideInMock': False, 'siteAddedListingNote': False, 'aisleListingNoteWithSplit': False, 'listingNoteDescriptionContentId': 3338095, 'formattedListingNoteDescription': ""You'll have an unrestricted view of the show.""}]","[{'listingNoteBucketId': 1, 'formattedListingNoteContent': 'VIP packages', 'displayOrder': 1, 'showsRawNoteText': False}, {'listingNoteBucketId': 4, 'formattedListingNoteContent': 'Club access', 'displayOrder': 4, 'showsRawNoteText': False}, {'listingNoteBucketId': 14, 'formattedListingNoteContent': 'Front Row of Section', 'displayOrder': 14, 'showsRawNoteText': True, 'sourceListingNoteId': 2025}, {'listingNoteBucketId': 27, 'formattedListingNoteContent': 'Clear view', 'displayOrder': 8, 'showsRawNoteText': True, 'sourceListingNoteId': -1}]",703272,False,False,Row 1,False,5008468,"¥5,008,468","¥5,008,468",10,Mobile Transfer ticket,3,1,USD,JPY,0.0,USD,"https://img.vggcdn.net/img/vfsimage2/812551/471_122862/0.jpg?im=Resize=(500,271)&v=771",3 hours ago,3.9,False,False,False,False,0ut1tOTt0nPQhTPka%2b0MF69Po40dfZY7ua6gvjffGiM%3d,False,2026-07-19T02:34:43.3600000Z,False,False,False,False,False,False,0,False,False,False,False,False,0,False,False,0,13394284218,False,BCF44FF3-1E6B-45CC-9B3C-F2178498A9B2,False,False,True,2,3.8805657022787976,1.824645729,,,,,"[{'message': 'Popular Pick', 'qualifier': '58 tickets sold for this event', 'hasValue': True, 'messageType': 'BoughtInLastHourSocialProofBased'}, {'message': 'Front Row', 'qualifier': 'Best seats in the house', 'hasValue': True, 'messageType': 'FirstRowTicketAttributeBased'}]",[2025],,,,,,,,,,,,,
13393597564,153020449,139,122805,139,2,24,11_12,11,False,False,2,,False,False,"[1, 2]",594,Lower,2,True,"[{'listingNoteId': 32, 'listingNoteContentId': 1064695, 'formattedListingNoteContent': 'Includes parking', 'listingNoteTypeId': 3, 'showToBuyer': True, 'hideInMock': False, 'siteAddedListingNote': False, 'aisleListingNoteWithSplit': False, 'listingNoteDescriptionContentId': 1277359, 'formattedListingNoteDescription': 'You will be able to park your car or motorcycle for free, as this is part of the package.'}, {'listingNoteId': -1, 'listingNoteContentId': 3338094, 'formattedListingNoteContent': 'Clear view', 'listingNoteTypeId': 3, 'showToBuyer': True, 'hideInMock': False, 'siteAddedListingNote': False, 'aisleListingNoteWithSplit': False, 'listingNoteDescriptionContentId': 3338095, 'formattedListingNoteDescription': ""You'll have an unrestricted view of the show.""}]","[{'listingNoteBucketId': 19, 'formattedListingNoteContent': 'Includes parking', 'displayOrder': 19, 'showsRawNoteText': True, 'sourceListingNoteId': 32}, {'listingNoteBucketId': 27, 'formattedListingNoteContent': 'Clear view', 'displayOrder': 8, 'showsRawNoteText': True, 'sourceListingNoteId': -1}]",2113096,False,False,Row 24,False,5263697,"¥5,263,697","¥5,263,697",10,Mobile Transfer ticket,3,1,USD,JPY,5750.0,USD,"https://img.vggcdn.net/img/vfsimage2/812551/594_122805/0.jpg?im=Resize=(500,271)&v=771",6 hours ago,4.5,False,False,False,False,JE45fpUTBQMik2g30kxCfSuixoPKoDs9appuZ5zflHo%3d,False,2026-07-18T23:22:11.1370000Z,False,False,False,False,False,False,0,False,False,False,False,False,0,False,False,0,13393597564,False,113043AE-AF2F-4E03-9E52-0837CEE71F23,False,False,True,2,4.457214135456471,2.124453498,,,,,"[{'message': 'Popular Pick', 'qualifier': '58 tickets sold for this event', 'hasValue': True, 'messageType': 'BoughtInLastHourSocialProofBased'}]",[],,,"¥10,482,953",50.0,"¥5,219,256",Last tickets,True,,,,,,
13388193458,153020449,124,122796,124,2,1,16_18,16,False,False,3,,False,False,"[1, 3]",594,Lower,3,True,"[{'listingNoteId': 2025, 'listingNoteContentId': 3415843, 'formattedListingNoteContent': 'Front Row of Section', 'listingNoteTypeId': 6, 'showToBuyer': True, 'hideInMock': False, 'siteAddedListingNote': False, 'aisleListingNoteWithSplit': False, 'listingNoteDescriptionContentId': 3415843, 'formattedListingNoteDescription': 'Front Row of Section'}, {'listingNoteId': -1, 'listingNoteContentId': 3338094, 'formattedListingNoteContent': 'Clear view', 'listingNoteTypeId': 3, 'showToBuyer': True, 'hideInMock': False, 'siteAddedListingNote': False, 'aisleListingNoteWithSplit': False, 'listingNoteDescriptionContentId': 3338095, 'formattedListingNoteDescription': ""You'll have an unrestricted view of the show.""}]","[{'listingNoteBucketId': 14, 'formattedListingNoteContent': 'Front Row of Section', 'displayOrder': 14, 'showsRawNoteText': True, 'sourceListingNoteId': 2025}, {'listingNoteBucketId': 27, 'formattedListingNoteContent': 'Clear view', 'displayOrder': 8, 'showsRawNoteText': True, 'sourceListingNoteId': -1}]",2112716,False,False,Row 1,False,5614580,"¥5,614,580","¥5,614,580",10,Mobile Transfer ticket,3,1,USD,JPY,10990.0,USD,"https://img.vggcdn.net/img/vfsimage2/812551/594_122796/0.jpg?im=Resize=(500,271)&v=771",yesterday,2.5,False,False,False,False,NbTEMUkZTJYPdCvp%2b13VJedMcK8cthJ2v%2fGht%2bOYb98%3d,False,2026-07-18T02:25:15.6500000Z,False,False,False,False,False,False,0,False,False,False,False,False,0,False,False,0,13388193458,False,F205DA4E-1275-4016-82F4-9801AC9A10FC,False,False,True,1,2.480519549934063,1.630861575,,,,,"[{'message': 'Popular Pick', 'qualifier': '58 tickets sold for this event', 'hasValue': True, 'messageType': 'BoughtInLastHourSocialProofBased'}, {'message': 'Front Row', 'qualifier': 'Best seats in the house', 'hasValue': True, 'messageType': 'FirstRowTicketAttributeBased'}]",[2025],,,,,,,,Fan favorite,This section is in the top 10% of sections for this event when ranked based on a count of successful sales over the past 7 days on our site,True,,,
13394284215,153020449,236,122863,236,2,2,_,,False,False,4,,False,False,"[1, 2, 3, 4]",471,Middle,4,True,"[{'listingNoteId': 263, 'listingNoteContentId': 2444900, 'formattedListingNoteContent': 'VIP Club', 'listingNoteTypeId': 3, 'showToBuyer': True, 'hideInMock': False, 'siteAddedListingNote': False, 'aisleListingNoteWithSplit': False, 'listingNoteDescriptionContentId': 2444901, 'formattedListingNoteDescription': 'VIP Club - Club opens 90 minutes prior to tipoff and offers access to a lounge area with televisions, plush seating and private restrooms as well as all-inclusive food, draft beer, and house wine'}, {'listingNoteId': 424, 'listingNoteContentId': 2445241, 'formattedListingNoteContent': 'Access to VIP Club', 'listingNoteTypeId': 3, 'showToBuyer': True, 'hideInMock': False, 'siteAddedListingNote': False, 'aisleListingNoteWithSplit': False, 'formattedListingNoteDescription': ''}, {'listingNoteId': 1367, 'listingNoteContentId': 2447255, 'formattedListingNoteContent': 'Includes club access', 'listingNoteTypeId': 3, 'showToBuyer': True, 'hideInMock': False, 'siteAddedListingNote': False, 'aisleListingNoteWithSplit': False, 'listingNoteDescriptionContentId': 2447256, 'formattedListingNoteDescription': 'Includes club access'}, {'listingNoteId': 2026, 'listingNoteContentId': 3415844, 'formattedListingNoteContent': 'Second Row of Section', 'listingNoteTypeId': 6, 'showToBuyer': True, 'hideInMock': False, 'siteAddedListingNote': False, 'aisleListingNoteWithSplit': False, 'listingNoteDescriptionContentId': 3415844, 'formattedListingNoteDescription': 'Second Row of Section'}, {'listingNoteId': -1, 'listingNoteContentId': 3338094, 'formattedListingNoteContent': 'Clear view', 'listingNoteTypeId': 3, 'showToBuyer': True, 'hideInMock': False, 'siteAddedListingNote': False, 'aisleListingNoteWithSplit': False, 'listingNoteDescriptionContentId': 3338095, 'formattedListingNoteDescription': ""You'll have an unrestricted view of the show.""}]","[{'listingNoteBucketId': 1, 'formattedListingNoteContent': 'VIP packages', 'displayOrder': 1, 'showsRawNoteText': False}, {'listingNoteBucketId': 4, 'formattedListingNoteContent': 'Club access', 'displayOrder': 4, 'showsRawNoteText': False}, {'listingNoteBucketId': 14, 'formattedListingNoteContent': 'Second Row of Section', 'displayOrder': 14, 'showsRawNoteText': True, 'sourceListingNoteId': 2026}, {'listingNoteBucketId': 27, 'formattedListingNoteContent': 'Clear view', 'displayOrder': 8, 'showsRawNoteText': True, 'sourceListingNoteId': -1}]",703287,False,False,Row 2,False,5621696,"¥5,621,696","¥5,621,696",10,Mobile Transfer ticket,3,1,USD,JPY,0.0,USD,"https://img.vggcdn.net/img/vfsimage2/812551/471_122863/0.jpg?im=Resize=(500,271)&v=771",3 hours ago,2.8,False,False,False,False,0vBuz9dNayiNLXsCfQSkyPcJtaR9Yd%2fQNO67RyK1bOo%3d,False,2026-07-19T02:34:43.3300000Z,False,False,False,False,False,False,0,False,False,False,False,False,0,False,False,0,13394284215,False,72F08C1D-656C-46EB-AE73-7504A160F31A,False,False,True,2,2.845530435722171,1.743432048,,,,,"[{'message': 'Popular Pick', 'qualifier': '58 tickets sold for this event', 'hasValue': True, 'messageType': 'BoughtInLastHourSocialProofBased'}, {'message': 'Second Row', 'qualifier': 'Premium close-up view', 'hasValue': True, 'messageType': 'SecondRowTicketAttributeBased'}]",[2026],,,,,,Last tickets,True,,,,,,
13394276221,153020449,212,122845,212,2,6,_,,False,False,3,,False,False,"[1, 2, 3]",471,Middle,3,True,"[{'listingNoteId': 175, 'listingNoteContentId': 2444706, 'formattedListingNoteContent': 'Unlimited Food and Drinks', 'listingNoteTypeId': 3, 'showToBuyer': True, 'hideInMock': False, 'siteAddedListingNote': False, 'aisleListingNoteWithSplit': False, 'listingNoteDescriptionContentId': 2444707, 'formattedListingNoteDescription': 'Includes unlimited food and drinks (beer, wine and soft drinks)'}, {'listingNoteId': 1028, 'listingNoteContentId': 2446497, 'formattedListingNoteContent': 'Includes unlimited food and drinks (beer, wine and liquor)', 'listingNoteTypeId': 3, 'showToBuyer': True, 'hideInMock': False, 'siteAddedListingNote': False, 'aisleListingNoteWithSplit': False, 'listingNoteDescriptionContentId': 2446498, 'formattedListingNoteDescription': 'Includes unlimited food and drinks (beer, wine and liquor)'}, {'listingNoteId': 1021, 'listingNoteContentId': 2446483, 'formattedListingNoteContent': 'Includes unlimited food and drinks (beer and soft drinks)', 'listingNoteTypeId': 3, 'showToBuyer': True, 'hideInMock': False, 'siteAddedListingNote': False, 'aisleListingNoteWithSplit': False, 'listingNoteDescriptionContentId': 2446484, 'formattedListingNoteDescription': 'Includes unlimited food and drinks (beer and soft drinks)'}, {'listingNoteId': -1, 'listingNoteContentId': 3338094, 'formattedListingNoteContent': 'Clear view', 'listingNoteTypeId': 3, 'showToBuyer': True, 'hideInMock': False, 'siteAddedListingNote': False, 'aisleListingNoteWithSplit': False, 'listingNoteDescriptionContentId': 3338095, 'formattedListingNoteDescription': ""You'll have an unrestricted view of the show.""}]","[{'listingNoteBucketId': 7, 'formattedListingNoteContent': 'Food & beverages', 'displayOrder': 7, 'showsRawNoteText': False}, {'listingNoteBucketId': 27, 'formattedListingNoteContent': 'Clear view', 'displayOrder': 8, 'showsRawNoteText': True, 'sourceListingNoteId': -1}]",702878,False,False,Row 6,False,5667213,"¥5,667,213","¥5,667,213",10,Mobile Transfer ticket,3,1,USD,JPY,0.0,USD,"https://img.vggcdn.net/img/vfsimage2/812551/471_122845/0.jpg?im=Resize=(500,271)&v=771",3 hours ago,3.9,False,False,False,False,tR8cuYf2JR5qKC3LRtEvTgnPNyI3NgreuDTGffIMlUw%3d,False,2026-07-19T02:32:23.5230000Z,False,False,False,False,False,False,0,False,False,False,False,False,0,False,False,0,13394276221,False,D2C3D93C-CDD8-42B9-956A-042CEEF070A6,False,False,True,2,3.930446385492362,2.082189803,,,,,"[{'message': 'Popular Pick', 'qualifier': '58 tickets sold for this event', 'hasValue': True, 'messageType': 'BoughtInLastHourSocialProofBased'}]",[],,,,,,Last tickets,True,,,,,,
13394485892,153020449,140,122806,140,2,17,_,,False,False,4,,False,False,"[1, 2, 3, 4]",594,Lower,4,True,"[{'listingNoteId': -1, 'listingNoteContentId': 3338094, 'formattedListingNoteContent': 'Clear view', 'listingNoteTypeId': 3, 'showToBuyer': True, 'hideInMock': False, 'siteAddedListingNote': False, 'aisleListingNoteWithSplit': False, 'listingNoteDescriptionContentId': 3338095, 'formattedListingNoteDescription': ""You'll have an unrestricted view of the show.""}]","[{'listingNoteBucketId': 27, 'formattedListingNoteContent': 'Clear view', 'displayOrder': 8, 'showsRawNoteText': True, 'sourceListingNoteId': -1}]",2113115,False,False,Row 17,False,5723900,"¥5,723,900","¥5,723,900",10,Mobile Transfer ticket,3,1,USD,JPY,22590.0,USD,"https://img.vggcdn.net/img/vfsimage2/812551/594_122806/0.jpg?im=Resize=(500,271)&v=771",2 hours ago,4.7,False,False,False,False,7cXJ1l8X6pL6EVH7OUznQ4Uv6axH%2f529gn9B3oTEpSo%3d,False,2026-07-19T03:27:41.2900000Z,False,False,False,False,False,False,0,False,False,False,False,False,0,False,False,0,13394485892,False,97226EB8-0F36-47FF-84A8-9132C009B0CD,False,False,True,2,4.691613535403654,2.41613071,,,,,"[{'message': 'Popular Pick', 'qualifier': '58 tickets sold for this event', 'hasValue': True, 'messageType': 'BoughtInLastHourSocialProofBased'}]",[],,,,,,,,,,,,,
13039179808,153020449,129,122799,129,2,19,20_20,20,False,False,1,,False,False,[1],594,Lower,1,True,"[{'listingNoteId': 2344, 'listingNoteContentId': 4216766, 'formattedListingNoteContent': 'Includes Offsite Hospitality', 'listingNoteTypeId': 3, 'showToBuyer': True, 'hideInMock': False, 'siteAddedListingNote': False, 'aisleListingNoteWithSplit': False, 'formattedListingNoteDescription': ''}, {'listingNoteId': 1028, 'listingNoteContentId': 2446497, 'formattedListingNoteContent': 'Includes unlimited food and drinks (beer, wine and liquor)', 'listingNoteTypeId': 3, 'showToBuyer': True, 'hideInMock': False, 'siteAddedListingNote': False, 'aisleListingNoteWithSplit': False, 'listingNoteDescriptionContentId': 2446498, 'formattedListingNoteDescription': 'Includes unlimited food and drinks (beer, wine and liquor)'}, {'listingNoteId': 11, 'listingNoteContentId': 1038686, 'formattedListingNoteContent': 'Includes VIP pass', 'listingNoteTypeId': 3, 'showToBuyer': True, 'hideInMock': False, 'siteAddedListingNote': False, 'aisleListingNoteWithSplit': False, 'listingNoteDescriptionContentId': 1277351, 'formattedListingNoteDescription': ""A VIP pass gives you great privileges that other ticket holders don't have!""}, {'listingNoteId': 165, 'listingNoteContentId': 2444685, 'formattedListingNoteContent': 'Preferred Seating', 'listingNoteTypeId': 3, 'showToBuyer': True, 'hideInMock': False, 'siteAddedListingNote': False, 'aisleListingNoteWithSplit': False, 'listingNoteDescriptionContentId': 2444686, 'formattedListingNoteDescription': 'Preferred Seating'}, {'listingNoteId': 2249, 'listingNoteContentId': 4167477, 'formattedListingNoteContent': 'Reserved Seating', 'listingNoteTypeId': 3, 'showToBuyer': True, 'hideInMock': False, 'siteAddedListingNote': False, 'aisleListingNoteWithSplit': False, 'listingNoteDescriptionContentId': 4167478, 'formattedListingNoteDescription': 'Reserved Seating'}, {'listingNoteId': 1723, 'listingNoteContentId': 2731488, 'formattedListingNoteContent': 'Members Only', 'listingNoteTypeId': 2, 'showToBuyer': True, 'hideInMock': False, 'siteAddedListingNote': False, 'aisleListingNoteWithSplit': False, 'listingNoteDescriptionContentId': 2731489, 'formattedListingNoteDescription': 'You need to be a member to buy a ticket in this section.'}, {'listingNoteId': 102, 'listingNoteContentId': 1670084, 'formattedListingNoteContent': 'Resale not allowed', 'listingNoteTypeId': 2, 'showToBuyer': True, 'hideInMock': False, 'siteAddedListingNote': False, 'aisleListingNoteWithSplit': False, 'listingNoteDescriptionContentId': 1670085, 'formattedListingNoteDescription': 'Resale of these tickets is not allowed by the event organiser, and anyone found to be reselling these tickets risks being turned away from the event.'}, {'listingNoteId': 2351, 'listingNoteContentId': 4249194, 'formattedListingNoteContent': 'This ticket cannot be transferred again after you receive it', 'listingNoteTypeId': 2, 'showToBuyer': True, 'hideInMock': False, 'siteAddedListingNote': False, 'aisleListingNoteWithSplit': False, 'listingNoteDescriptionContentId': 4249195, 'formattedListingNoteDescription': 'These tickets will be delivered via the FWC2026 Mobile Tickets app, which restricts subsequent transfer'}, {'listingNoteId': -1, 'listingNoteContentId': 3338094, 'formattedListingNoteContent': 'Clear view', 'listingNoteTypeId': 3, 'showToBuyer': True, 'hideInMock': False, 'siteAddedListingNote': False, 'aisleListingNoteWithSplit': False, 'listingNoteDescriptionContentId': 3338095, 'formattedListingNoteDescription': ""You'll have an unrestricted view of the show.""}]","[{'listingNoteBucketId': 1, 'formattedListingNoteContent': 'VIP packages', 'displayOrder': 1, 'showsRawNoteText': False}, {'listingNoteBucketId': 7, 'formattedListingNoteContent': 'Food & beverages', 'displayOrder': 7, 'showsRawNoteText': False}, {'listingNoteBucketId': 11, 'formattedListingNoteContent': 'Preferred Seating', 'displayOrder': 11, 'showsRawNoteText': True, 'sourceListingNoteId': 165}, {'listingNoteBucketId': 11, 'formattedListingNoteContent': 'Reserved Seating', 'displayOrder': 11, 'showsRawNoteText': True, 'sourceListingNoteId': 2249}, {'listingNoteBucketId': 25, 'formattedListingNoteContent': 'Members Only', 'displayOrder': 25, 'showsRawNoteText': True, 'sourceListingNoteId': 1723}, {'listingNoteBucketId': 25, 'formattedListingNoteContent': 'Resale not allowed', 'displayOrder': 25, 'showsRawNoteText': True, 'sourceListingNoteId': 102}, {'listingNoteBucketId': 0, 'formattedListingNoteContent': 'Includes Offsite Hospitality', 'displayOrder': 30, 'showsRawNoteText': True, 'sourceListingNoteId': 2344}, {'listingNoteBucketId': 0, 'formattedListingNoteContent': 'This ticket cannot be transferred again after you receive it', 'displayOrder': 30, 'showsRawNoteText': True, 'sourceListingNoteId': 2351}, {'listingNoteBucketId': 27, 'formattedListingNoteContent': 'Clear view', 'displayOrder': 8, 'showsRawNoteText': True, 'sourceListingNoteId': -1}]",2112871,False,False,Row 19,False,7018114,"¥7,018,114","¥7,018,114",10,Mobile Transfer ticket,3,1,USD,JPY,,USD,"https://img.vggcdn.net/img/vfsimage2/812551/594_122799/0.jpg?im=Resize=(500,271)&v=771",33 days ago,1.9,False,False,False,False,6kntfuF5aGGxtY09sPnqFDbr6tIeJje5rwBG9Ik0FSo%3d,False,2026-06-15T23:17:01.4300000Z,False,False,False,False,False,False,0,False,False,False,False,False,0,False,False,0,13039179808,False,AA6326DD-6158-4EC1-8496-892ACC8EE920,False,False,True,1,1.9362073618757338,1.387804584,,,,,"[{'message': 'Popular Pick', 'qualifier': '58 tickets sold for this event', 'hasValue': True, 'messageType': 'BoughtInLastHourSocialProofBased'}]",[],20,20,,,,,,,,,,,
13360117497,153020449,Spain Supporters Premium Tier,2447957,Spain Supporters Premium Tier,2,,_,,False,False,4,,False,False,"[1, 2, 3, 4]",1666,Spain Supporters,4,True,"[{'listingNoteId': -1, 'listingNoteContentId': 3338094, 'formattedListingNoteContent': 'Clear view', 'listingNoteTypeId': 3, 'showToBuyer': True, 'hideInMock': False, 'siteAddedListingNote': False, 'aisleListingNoteWithSplit': False, 'listingNoteDescriptionContentId': 3338095, 'formattedListingNoteDescription': ""You'll have an unrestricted view of the show.""}]","[{'listingNoteBucketId': 27, 'formattedListingNoteContent': 'Clear view', 'displayOrder': 8, 'showsRawNoteText': True, 'sourceListingNoteId': -1}]",4847587,False,False,Row,True,7803604,"¥7,803,604","¥7,803,604",10,Mobile Transfer ticket,3,1,EUR,JPY,25.0,EUR,"https://img.vggcdn.net/img/vfsimage2/812551/1666_2447957/0.jpg?im=Resize=(500,271)&v=771",3 days ago,1.7,False,False,False,False,bQohbdDYJTCxSNURM3ERLHZYXKnum0SCgIJHo1%2bE3cQ%3d,False,2026-07-15T12:25:17.1600000Z,False,False,False,False,False,False,0,False,False,False,False,False,0,False,False,0,13360117497,False,9F70E471-26C9-4279-828D-FA445F198100,False,False,True,1,1.655652179758584,1.325108567,,,,,"[{'message': 'Popular Pick', 'qualifier': '58 tickets sold for this event', 'hasValue': True, 'messageType': 'BoughtInLastHourSocialProofBased'}]",[],,,,,,Last tickets,True,,,,,,
13365545787,153020449,5 S23,1538844,5 S23,2,,_,,False,False,10,,False,False,"[1, 2, 3, 4, 5, 6, 7, 8, 9, 10]",17325,Suite Level 5 East,10,True,"[{'listingNoteId': 2, 'listingNoteContentId': 1035272, 'formattedListingNoteContent': 'Ticket and meal package', 'listingNoteTypeId': 3, 'showToBuyer': True, 'hideInMock': False, 'siteAddedListingNote': False, 'aisleListingNoteWithSplit': False, 'listingNoteDescriptionContentId': 1277356, 'formattedListingNoteDescription': 'This package comes with a ticket to see your favorite performer along with a free meal!'}, {'listingNoteId': 212, 'listingNoteContentId': 2444793, 'formattedListingNoteContent': 'VIP Club access - air conditioned w/ private entrance', 'listingNoteTypeId': 3, 'showToBuyer': True, 'hideInMock': False, 'siteAddedListingNote': False, 'aisleListingNoteWithSplit': False, 'listingNoteDescriptionContentId': 4231704, 'formattedListingNoteDescription': 'VIP – Includes access to private entrance and air-conditioned VIP Club.'}, {'listingNoteId': 576, 'listingNoteContentId': 2445547, 'formattedListingNoteContent': 'VIP Experience w/ private entrance, elevated balcony, club access', 'listingNoteTypeId': 4, 'showToBuyer': True, 'hideInMock': False, 'siteAddedListingNote': False, 'aisleListingNoteWithSplit': False, 'listingNoteDescriptionContentId': 2445548, 'formattedListingNoteDescription': 'VIP experience includes separate VIP entrance, elevated balcony for optimal viewing and special drink servers'}, {'listingNoteId': -1, 'listingNoteContentId': 3338094, 'formattedListingNoteContent': 'Clear view', 'listingNoteTypeId': 3, 'showToBuyer': True, 'hideInMock': False, 'siteAddedListingNote': False, 'aisleListingNoteWithSplit': False, 'listingNoteDescriptionContentId': 3338095, 'formattedListingNoteDescription': ""You'll have an unrestricted view of the show.""}]","[{'listingNoteBucketId': 1, 'formattedListingNoteContent': 'VIP packages', 'displayOrder': 1, 'showsRawNoteText': False}, {'listingNoteBucketId': 4, 'formattedListingNoteContent': 'Club access', 'displayOrder': 4, 'showsRawNoteText': False}, {'listingNoteBucketId': 7, 'formattedListingNoteContent': 'Food & beverages', 'displayOrder': 7, 'showsRawNoteText': False}, {'listingNoteBucketId': 27, 'formattedListingNoteContent': 'Clear view', 'displayOrder': 8, 'showsRawNoteText': True, 'sourceListingNoteId': -1}]",1614228,False,False,Row,True,8772531,"¥8,772,531","¥8,772,531",10,Mobile Transfer ticket,3,1,USD,JPY,1000.0,USD,"https://img.vggcdn.net/img/vfsimage2/812551/17325_1538844/0.jpg?im=Resize=(500,271)&v=771",3 days ago,4.9,False,False,False,False,LMnEFErWFlqIl%2fisqtdcNDYRXMJTZUf%2b1UptwzcWFUk%3d,False,2026-07-16T01:17:17.7300000Z,False,False,False,False,False,False,0,False,False,False,False,False,0,False,False,0,13365545787,False,D7E81D45-FC02-4988-8226-E499805F0FF1,False,False,True,2,4.8595339003170785,3.82885906,,,,,"[{'message': 'Popular Pick', 'qualifier': '58 tickets sold for this event', 'hasValue': True, 'messageType': 'BoughtInLastHourSocialProofBased'}]",[],,,,,,Last tickets,True,,,,,,
13392774313,153020449,Suite Essentials,2445875,Suite Essentials,2,,_,,False,False,10,,False,False,"[1, 2, 3, 4, 5, 6, 7, 8, 9, 10]",1068,Hospitality,10,True,"[{'listingNoteId': 2, 'listingNoteContentId': 1035272, 'formattedListingNoteContent': 'Ticket and meal package', 'listingNoteTypeId': 3, 'showToBuyer': True, 'hideInMock': False, 'siteAddedListingNote': False, 'aisleListingNoteWithSplit': False, 'listingNoteDescriptionContentId': 1277356, 'formattedListingNoteDescription': 'This package comes with a ticket to see your favorite performer along with a free meal!'}, {'listingNoteId': 212, 'listingNoteContentId': 2444793, 'formattedListingNoteContent': 'VIP Club access - air conditioned w/ private entrance', 'listingNoteTypeId': 3, 'showToBuyer': True, 'hideInMock': False, 'siteAddedListingNote': False, 'aisleListingNoteWithSplit': False, 'listingNoteDescriptionContentId': 4231704, 'formattedListingNoteDescription': 'VIP – Includes access to private entrance and air-conditioned VIP Club.'}, {'listingNoteId': 576, 'listingNoteContentId': 2445547, 'formattedListingNoteContent': 'VIP Experience w/ private entrance, elevated balcony, club access', 'listingNoteTypeId': 4, 'showToBuyer': True, 'hideInMock': False, 'siteAddedListingNote': False, 'aisleListingNoteWithSplit': False, 'listingNoteDescriptionContentId': 2445548, 'formattedListingNoteDescription': 'VIP experience includes separate VIP entrance, elevated balcony for optimal viewing and special drink servers'}, {'listingNoteId': -1, 'listingNoteContentId': 3338094, 'formattedListingNoteContent': 'Clear view', 'listingNoteTypeId': 3, 'showToBuyer': True, 'hideInMock': False, 'siteAddedListingNote': False, 'aisleListingNoteWithSplit': False, 'listingNoteDescriptionContentId': 3338095, 'formattedListingNoteDescription': ""You'll have an unrestricted view of the show.""}]","[{'listingNoteBucketId': 1, 'formattedListingNoteContent': 'VIP packages', 'displayOrder': 1, 'showsRawNoteText': False}, {'listingNoteBucketId': 4, 'formattedListingNoteContent': 'Club access', 'displayOrder': 4, 'showsRawNoteText': False}, {'listingNoteBucketId': 7, 'formattedListingNoteContent': 'Food & beverages', 'displayOrder': 7, 'showsRawNoteText': False}, {'listingNoteBucketId': 27, 'formattedListingNoteContent': 'Clear view', 'displayOrder': 8, 'showsRawNoteText': True, 'sourceListingNoteId': -1}]",4845029,False,False,Row,True,8772531,"¥8,772,531","¥8,772,531",10,Mobile Transfer ticket,3,1,USD,JPY,1000.0,USD,"https://img.vggcdn.net/img/vfsimage2/812551/1068_2445875/0.jpg?im=Resize=(500,271)&v=771",9 hours ago,1.8,False,False,False,False,LMnEFErWFlqIl%2fisqtdcNDYRXMJTZUf%2b1UptwzcWFUk%3d,False,2026-07-18T20:33:28.6700000Z,False,False,False,False,False,False,0,False,False,False,False,False,0,False,False,0,13392774313,False,EAC545A9-8085-4C5B-B2BE-0863ED37B805,False,False,True,1,1.766792505064929,1.577970786,,,,,"[{'message': 'Popular Pick', 'qualifier': '58 tickets sold for this event', 'hasValue': True, 'messageType': 'BoughtInLastHourSocialProofBased'}]",[],,,,,,Last tickets,True,,,,,,
