id,eventId,section,sectionId,sectionMapName,sectionType,row,seat,seatFromInternal,hasSeatDetails,hasSeatDetailsExpansion,availableTickets,formattedFees,showRecentlySold,showPartnershipLogo,availableQuantities,ticketClass,ticketClassName,maxQuantity,hasListingNotes,listingNotes,listingNoteBuckets,rowId,isUsersListing,isPreUploaded,rowContent,isSpeculativeRow,rawPrice,price,formattedTotalPrice,ticketTypeId,ticketTypeName,ticketTypeGroupId,listingTypeId,listingCurrencyCode,buyerCurrencyCode,faceValue,faceValueCurrencyCode,vfsUrl,formattedActiveSince,formattedDealScore,isSeatedTogether,showVfsInListing,hideSeatAndRowInfo,isUnmappedSection,aipHash,isMLBVerified,createdDateTime,showCheapestTag,showBestDealTag,showBestDealInSectionTag,showFanFavoriteTag,showBestViewTag,showTopChoiceTag,topChoiceBucket,isMostAffordable,winningMerchTags,suppressedMerchTags,isZoneTicketClass,isSponsored,isSponsoredSecondary,isMirrorListing,crossSellSource,isCheapestListing,isFavorite,aggregateFavorites,listingId,canBeRelisted,listingImpressionId,isBetterValueListing,hasRowLevelVfs,isDealScoreEligibleForDisplay,inventoryListingScore.starRating,inventoryListingScore.dealScore,inventoryListingScore.seatQualityScore,bestSellingInSectionMessage.message,bestSellingInSectionMessage.disclaimer,bestSellingInSectionMessage.hasValue,lastTicketInSectionMessage.message,lastTicketInSectionMessage.hasValue,bestPriceTagMessage.message,bestPriceTagMessage.disclaimer,bestPriceTagMessage.hasValue,bestPriceTagMessage.featureTrackingKey,listingHighlightData.highlightSiteMessagesWithType,listingHighlightData.listingNoteIdsReplacedByHighlight,seatFrom,seatTo,strikeThroughPrice,strikeThroughDiscountPercent,strikeThroughAmountOff,bestDealTagMessage.message,bestDealTagMessage.hasValue,bestDealTagMessage.featureTrackingKey,bestViewTagMessage.message,bestViewTagMessage.disclaimer,bestViewTagMessage.hasValue,bestViewTagMessage.featureTrackingKey
13303432311,153020449,332,122925,332,2,23,14_14,14,False,False,1,,False,False,[1],407,Upper,1,True,"[{'listingNoteId': -1, 'listingNoteContentId': 3338094, 'formattedListingNoteContent': 'Clear view', 'listingNoteTypeId': 3, 'showToBuyer': True, 'hideInMock': False, 'siteAddedListingNote': False, 'aisleListingNoteWithSplit': False, 'listingNoteDescriptionContentId': 3338095, 'formattedListingNoteDescription': ""You'll have an unrestricted view of the show.""}]","[{'listingNoteBucketId': 27, 'formattedListingNoteContent': 'Clear view', 'displayOrder': 8, 'showsRawNoteText': True, 'sourceListingNoteId': -1}]",704222,False,False,Row 23,False,1462551,"¥1,462,551","¥1,462,551",10,Mobile Transfer ticket,3,1,USD,JPY,500.0,USD,"https://img.vggcdn.net/img/vfsimage2/812551/407_122925/0.jpg?im=Resize=(500,271)&v=771",8 days ago,9,False,False,False,False,IiZntk%2b3cmWlphlSR4iBEZa1rAZ3i6jUeyiMgxjyvm0%3d,False,2026-07-09T15:48:52.2830000Z,True,False,False,True,False,False,0,False,[2],"[6, 7]",False,False,False,False,0,True,False,0,13303432311,False,0B901334-6248-4F92-802A-BBF4820E78F3,False,False,True,5,8.708710276547631,0.8782105878,Fan favorite,This section is in the top 10% of sections for this event when ranked based on a count of successful sales over the past 7 days on our site,True,Last ticket,True,Best price,Lowest priced listing for the selected quantity for this event on our site.,True,6aa8a73f-b069-4147-a316-ffc9e9280c2b,"[{'message': 'Amazing Value', 'qualifier': 'Based on price, view, seat quality and more', 'hasValue': True, 'messageType': 'ValueBased'}, {'message': 'Popular Pick', 'qualifier': '9 tickets sold for this event', 'hasValue': True, 'messageType': 'BoughtInLastHourSocialProofBased'}]",[],,,,,,,,,,,,
13364577572,153020449,328,122921,328,2,21,14_14,14,False,False,1,,False,False,[1],407,Upper,1,True,"[{'listingNoteId': -1, 'listingNoteContentId': 3338094, 'formattedListingNoteContent': 'Clear view', 'listingNoteTypeId': 3, 'showToBuyer': True, 'hideInMock': False, 'siteAddedListingNote': False, 'aisleListingNoteWithSplit': False, 'listingNoteDescriptionContentId': 3338095, 'formattedListingNoteDescription': ""You'll have an unrestricted view of the show.""}]","[{'listingNoteBucketId': 27, 'formattedListingNoteContent': 'Clear view', 'displayOrder': 8, 'showsRawNoteText': True, 'sourceListingNoteId': -1}]",2113872,False,False,Row 21,False,1569357,"¥1,569,357","¥1,569,357",10,Mobile Transfer ticket,3,1,GBP,JPY,4335.0,GBP,"https://img.vggcdn.net/img/vfsimage2/812551/407_122921/0.jpg?im=Resize=(500,271)&v=771",2 days ago,7,False,False,False,False,Fo4HkPkf7VUtcLPz5pdAf1WT62F9Nqv33%2fwSxVcODW4%3d,False,2026-07-15T22:38:48.5330000Z,False,False,False,True,False,False,0,False,[6],,False,False,False,False,0,False,False,0,13364577572,False,F36808CA-089E-4B3E-8D6B-4AD9563CA82D,False,False,True,3,6.936474608463861,0.7408578652,Fan favorite,This section is in the top 10% of sections for this event when ranked based on a count of successful sales over the past 7 days on our site,True,,,,,,,"[{'message': 'Popular Pick', 'qualifier': '9 tickets sold for this event', 'hasValue': True, 'messageType': 'BoughtInLastHourSocialProofBased'}]",[],,,,,,,,,,,,
13388924717,153020449,319,122912,319,2,18,15_15,15,False,False,1,,False,False,[1],407,Upper,1,True,"[{'listingNoteId': -1, 'listingNoteContentId': 3338094, 'formattedListingNoteContent': 'Clear view', 'listingNoteTypeId': 3, 'showToBuyer': True, 'hideInMock': False, 'siteAddedListingNote': False, 'aisleListingNoteWithSplit': False, 'listingNoteDescriptionContentId': 3338095, 'formattedListingNoteDescription': ""You'll have an unrestricted view of the show.""}]","[{'listingNoteBucketId': 27, 'formattedListingNoteContent': 'Clear view', 'displayOrder': 8, 'showsRawNoteText': True, 'sourceListingNoteId': -1}]",703931,False,False,Row 18,False,1596187,"¥1,596,187","¥1,596,187",10,Mobile Transfer ticket,3,1,USD,JPY,,USD,"https://img.vggcdn.net/img/vfsimage2/812551/407_122912/0.jpg?im=Resize=(500,271)&v=771",6 hours ago,7,False,False,False,False,c%2bWcekBJvRtCDDs5%2fsgiQ0eMWcH4AiiWCIhVEXJ36Fk%3d,False,2026-07-18T04:57:28.0300000Z,False,False,False,False,False,False,0,False,,,False,False,False,False,0,False,False,0,13388924717,False,35B11834-9D78-441F-B31E-DE066C46E3EB,False,False,True,3,6.558105416215632,0.7183404696,,,,,,,,,,"[{'message': 'Popular Pick', 'qualifier': '9 tickets sold for this event', 'hasValue': True, 'messageType': 'BoughtInLastHourSocialProofBased'}]",[],15,15,,,,,,,,,,
13388100640,153020449,349,122942,349,2,17,13_13,13,False,False,1,,False,False,[1],407,Upper,1,True,"[{'listingNoteId': -1, 'listingNoteContentId': 3338094, 'formattedListingNoteContent': 'Clear view', 'listingNoteTypeId': 3, 'showToBuyer': True, 'hideInMock': False, 'siteAddedListingNote': False, 'aisleListingNoteWithSplit': False, 'listingNoteDescriptionContentId': 3338095, 'formattedListingNoteDescription': ""You'll have an unrestricted view of the show.""}]","[{'listingNoteBucketId': 27, 'formattedListingNoteContent': 'Clear view', 'displayOrder': 8, 'showsRawNoteText': True, 'sourceListingNoteId': -1}]",2114021,False,False,Row 17,False,1597064,"¥1,597,064","¥1,597,064",10,Mobile Transfer ticket,3,1,USD,JPY,,USD,"https://img.vggcdn.net/img/vfsimage2/812551/407_122942/0.jpg?im=Resize=(500,271)&v=771",9 hours ago,7,False,False,False,False,hcWr0E0G0kk3aYdx3lrbuyX6hSTk5roSZ0ZorHll5vI%3d,False,2026-07-18T02:03:33.4600000Z,False,False,False,True,False,False,0,False,[6],[7],False,False,False,False,0,False,False,0,13388100640,False,6DE8CD20-6FC1-4FB3-B4CD-756AE779FB07,False,False,True,3,6.990832709660199,0.7592844362,Fan favorite,This section is in the top 10% of sections for this event when ranked based on a count of successful sales over the past 7 days on our site,True,Last ticket,True,,,,,"[{'message': 'Popular Pick', 'qualifier': '9 tickets sold for this event', 'hasValue': True, 'messageType': 'BoughtInLastHourSocialProofBased'}]",[],13,13,,,,,,,,,,
13387500802,153020449,331,122924,331,2,24,28_28,28,False,False,1,,False,False,[1],407,Upper,1,True,"[{'listingNoteId': -1, 'listingNoteContentId': 3338094, 'formattedListingNoteContent': 'Clear view', 'listingNoteTypeId': 3, 'showToBuyer': True, 'hideInMock': False, 'siteAddedListingNote': False, 'aisleListingNoteWithSplit': False, 'listingNoteDescriptionContentId': 3338095, 'formattedListingNoteDescription': ""You'll have an unrestricted view of the show.""}]","[{'listingNoteBucketId': 27, 'formattedListingNoteContent': 'Clear view', 'displayOrder': 8, 'showsRawNoteText': True, 'sourceListingNoteId': -1}]",2113939,False,False,Row 24,False,1597064,"¥1,597,064","¥1,597,064",10,Mobile Transfer ticket,3,1,USD,JPY,0.0,USD,"https://img.vggcdn.net/img/vfsimage2/812551/407_122924/0.jpg?im=Resize=(500,271)&v=771",11 hours ago,7,False,False,False,False,hcWr0E0G0kk3aYdx3lrbuyX6hSTk5roSZ0ZorHll5vI%3d,False,2026-07-17T23:52:41.3300000Z,False,False,False,False,False,False,0,False,,,False,False,False,False,0,False,False,0,13387500802,False,BBCF1BB5-606F-4E34-A8CA-520AF8173C82,False,False,True,3,6.667541626510856,0.7285758278,,,,,,,,,,"[{'message': 'Popular Pick', 'qualifier': '9 tickets sold for this event', 'hasValue': True, 'messageType': 'BoughtInLastHourSocialProofBased'}]",[],28,28,"¥2,018,730",21.0,"¥421,666",,,,,,,
13389899525,153020449,307,122900,307,2,10,_,,False,False,1,,False,False,[1],407,Upper,1,True,"[{'listingNoteId': -1, 'listingNoteContentId': 3338094, 'formattedListingNoteContent': 'Clear view', 'listingNoteTypeId': 3, 'showToBuyer': True, 'hideInMock': False, 'siteAddedListingNote': False, 'aisleListingNoteWithSplit': False, 'listingNoteDescriptionContentId': 3338095, 'formattedListingNoteDescription': ""You'll have an unrestricted view of the show.""}]","[{'listingNoteBucketId': 27, 'formattedListingNoteContent': 'Clear view', 'displayOrder': 8, 'showsRawNoteText': True, 'sourceListingNoteId': -1}]",703659,False,False,Row 10,False,1614379,"¥1,614,379","¥1,614,379",10,Mobile Transfer ticket,3,1,GBP,JPY,100.0,GBP,"https://img.vggcdn.net/img/vfsimage2/812551/407_122900/0.jpg?im=Resize=(500,271)&v=771",an hour ago,9,False,False,False,False,PmKpUHSx1HEiOKj4RfQq%2bi6SP3Rp%2bF%2b2d%2bBGjhEWu1A%3d,False,2026-07-18T09:55:50.7970000Z,False,False,False,False,False,False,0,False,[7],,False,False,False,False,0,False,False,0,13389899525,False,85155B95-EAF2-4D71-8534-FEF82B5AD9F9,False,False,True,5,8.69323472557963,0.9661502945,,,,Last ticket,True,,,,,"[{'message': 'Amazing Value', 'qualifier': 'Based on price, view, seat quality and more', 'hasValue': True, 'messageType': 'ValueBased'}, {'message': 'Popular Pick', 'qualifier': '9 tickets sold for this event', 'hasValue': True, 'messageType': 'BoughtInLastHourSocialProofBased'}]",[],,,,,,,,,,,,
13388199453,153020449,345,122938,345,2,24,12_12,12,False,False,1,,False,False,[1],407,Upper,1,True,"[{'listingNoteId': -1, 'listingNoteContentId': 3338094, 'formattedListingNoteContent': 'Clear view', 'listingNoteTypeId': 3, 'showToBuyer': True, 'hideInMock': False, 'siteAddedListingNote': False, 'aisleListingNoteWithSplit': False, 'listingNoteDescriptionContentId': 3338095, 'formattedListingNoteDescription': ""You'll have an unrestricted view of the show.""}]","[{'listingNoteBucketId': 27, 'formattedListingNoteContent': 'Clear view', 'displayOrder': 8, 'showsRawNoteText': True, 'sourceListingNoteId': -1}]",704506,False,False,Row 24,False,1614609,"¥1,614,609","¥1,614,609",10,Mobile Transfer ticket,3,1,USD,JPY,,,"https://img.vggcdn.net/img/vfsimage2/812551/407_122938/0.jpg?im=Resize=(500,271)&v=771",8 hours ago,8,False,False,False,False,OcbGc1QBwz04YUbtgY5ofhuCjfm8ts2cNozU2brUzj4%3d,False,2026-07-18T02:26:59.3500000Z,False,False,False,False,False,False,0,False,,,False,False,False,False,0,False,False,0,13388199453,False,F196230A-E01C-4E3D-8CC1-512BEE35D100,False,False,True,4,8.258424199872534,0.8974209513,,,,,,,,,,"[{'message': 'Great Value', 'qualifier': 'Based on price, view, seat quality and more', 'hasValue': True, 'messageType': 'ValueBased'}, {'message': 'Popular Pick', 'qualifier': '9 tickets sold for this event', 'hasValue': True, 'messageType': 'BoughtInLastHourSocialProofBased'}]",[],,,,,,,,,,,,
13387888486,153020449,336,122929,336,2,25,26_26,26,False,False,1,,False,False,[1],407,Upper,1,True,"[{'listingNoteId': -1, 'listingNoteContentId': 3338094, 'formattedListingNoteContent': 'Clear view', 'listingNoteTypeId': 3, 'showToBuyer': True, 'hideInMock': False, 'siteAddedListingNote': False, 'aisleListingNoteWithSplit': False, 'listingNoteDescriptionContentId': 3338095, 'formattedListingNoteDescription': ""You'll have an unrestricted view of the show.""}]","[{'listingNoteBucketId': 27, 'formattedListingNoteContent': 'Clear view', 'displayOrder': 8, 'showsRawNoteText': True, 'sourceListingNoteId': -1}]",704312,False,False,Row 25,False,1614609,"¥1,614,609","¥1,614,609",10,Mobile Transfer ticket,3,1,USD,JPY,,USD,"https://img.vggcdn.net/img/vfsimage2/812551/407_122929/0.jpg?im=Resize=(500,271)&v=771",9 hours ago,6,False,False,False,False,OcbGc1QBwz04YUbtgY5ofhuCjfm8ts2cNozU2brUzj4%3d,False,2026-07-18T01:16:59.9230000Z,False,False,False,False,False,False,0,False,,,False,False,False,False,0,False,False,0,13387888486,False,418DC3E0-9919-4509-A5B0-D307036BA004,False,False,True,3,6.0630499293763185,0.6847960003,,,,,,,,,,"[{'message': 'Popular Pick', 'qualifier': '9 tickets sold for this event', 'hasValue': True, 'messageType': 'BoughtInLastHourSocialProofBased'}]",[],26,26,,,,,,,,,,
13376916350,153020449,Upper,1546670,Upper,3,,_,,False,False,1,,False,False,[1],407,Upper,1,True,"[{'listingNoteId': -1, 'listingNoteContentId': 3338094, 'formattedListingNoteContent': 'Clear view', 'listingNoteTypeId': 3, 'showToBuyer': True, 'hideInMock': False, 'siteAddedListingNote': False, 'aisleListingNoteWithSplit': False, 'listingNoteDescriptionContentId': 3338095, 'formattedListingNoteDescription': ""You'll have an unrestricted view of the show.""}]","[{'listingNoteBucketId': 27, 'formattedListingNoteContent': 'Clear view', 'displayOrder': 8, 'showsRawNoteText': True, 'sourceListingNoteId': -1}]",1641237,False,False,Row,True,1635664,"¥1,635,664","¥1,635,664",10,Mobile Transfer ticket,3,1,USD,JPY,,USD,"https://img.vggcdn.net/img/vfsimage2/812551/407_1546670/0.jpg?im=Resize=(500,271)&v=771",yesterday,0,False,False,True,True,k%2borcJvhgYnlb5qYku3DExDKqHgXpTSxx1J9uyvJAoY%3d,False,2026-07-16T22:05:13.2800000Z,False,False,False,False,False,False,0,False,[7],,False,False,False,False,0,False,False,0,13376916350,False,48E34038-FF4D-46E3-8C35-7F55EADE88FB,False,False,True,0,,,,,,Last ticket,True,,,,,"[{'message': 'Popular Pick', 'qualifier': '9 tickets sold for this event', 'hasValue': True, 'messageType': 'BoughtInLastHourSocialProofBased'}]",[],,,,,,,,,,,,
13385655987,153020449,306,122899,306,2,23,_,,False,False,1,,False,False,[1],407,Upper,1,True,"[{'listingNoteId': -1, 'listingNoteContentId': 3338094, 'formattedListingNoteContent': 'Clear view', 'listingNoteTypeId': 3, 'showToBuyer': True, 'hideInMock': False, 'siteAddedListingNote': False, 'aisleListingNoteWithSplit': False, 'listingNoteDescriptionContentId': 3338095, 'formattedListingNoteDescription': ""You'll have an unrestricted view of the show.""}]","[{'listingNoteBucketId': 27, 'formattedListingNoteContent': 'Clear view', 'displayOrder': 8, 'showsRawNoteText': True, 'sourceListingNoteId': -1}]",2113698,False,False,Row 23,False,1638003,"¥1,638,003","¥1,638,003",10,Mobile Transfer ticket,3,1,USD,JPY,2600.0,USD,"https://img.vggcdn.net/img/vfsimage2/812551/407_122899/0.jpg?im=Resize=(500,271)&v=771",15 hours ago,6,False,False,False,False,vD8M5rioUp0YkYCKMmVMSTZjga2PUBjAIkOpw6KGVxI%3d,False,2026-07-17T19:46:06.5430000Z,False,False,False,True,False,False,0,False,[6],,False,False,False,False,0,False,False,0,13385655987,False,0CCD3183-A6E5-404F-B9F4-C900EEF2C8EA,False,False,True,3,6.4570612670380285,0.7280853518,Fan favorite,This section is in the top 10% of sections for this event when ranked based on a count of successful sales over the past 7 days on our site,True,,,,,,,"[{'message': 'Popular Pick', 'qualifier': '9 tickets sold for this event', 'hasValue': True, 'messageType': 'BoughtInLastHourSocialProofBased'}]",[],,,,,,,,,,,,
13364569078,153020449,306,122899,306,2,15,12_15,12,False,False,4,,False,False,"[1, 2, 3, 4]",407,Upper,4,True,"[{'listingNoteId': -1, 'listingNoteContentId': 3338094, 'formattedListingNoteContent': 'Clear view', 'listingNoteTypeId': 3, 'showToBuyer': True, 'hideInMock': False, 'siteAddedListingNote': False, 'aisleListingNoteWithSplit': False, 'listingNoteDescriptionContentId': 3338095, 'formattedListingNoteDescription': ""You'll have an unrestricted view of the show.""}]","[{'listingNoteBucketId': 27, 'formattedListingNoteContent': 'Clear view', 'displayOrder': 8, 'showsRawNoteText': True, 'sourceListingNoteId': -1}]",2113690,False,False,Row 15,False,1638574,"¥1,638,574","¥1,638,574",10,Mobile Transfer ticket,3,1,GBP,JPY,4335.0,GBP,"https://img.vggcdn.net/img/vfsimage2/812551/407_122899/0.jpg?im=Resize=(500,271)&v=771",2 days ago,7,False,False,False,False,CFRDaVvfXQNSpaoaY%2b9%2bK44SJ2MIyaD2hG6zFjd4Eu0%3d,False,2026-07-15T22:36:59.5500000Z,False,False,False,True,False,False,0,False,[6],,False,False,False,False,0,False,False,0,13364569078,False,D2E030AF-5120-4DDD-9945-140F6EBB6892,False,False,True,3,6.795494569755938,0.7598700443,Fan favorite,This section is in the top 10% of sections for this event when ranked based on a count of successful sales over the past 7 days on our site,True,,,,,,,"[{'message': 'Popular Pick', 'qualifier': '9 tickets sold for this event', 'hasValue': True, 'messageType': 'BoughtInLastHourSocialProofBased'}]",[],,,,,,,,,,,,
13385372720,153020449,Category 3,1989401,Category 3,3,,_,,False,False,1,,False,False,[1],1247,Category 3,1,True,"[{'listingNoteId': -1, 'listingNoteContentId': 3338094, 'formattedListingNoteContent': 'Clear view', 'listingNoteTypeId': 3, 'showToBuyer': True, 'hideInMock': False, 'siteAddedListingNote': False, 'aisleListingNoteWithSplit': False, 'listingNoteDescriptionContentId': 3338095, 'formattedListingNoteDescription': ""You'll have an unrestricted view of the show.""}]","[{'listingNoteBucketId': 27, 'formattedListingNoteContent': 'Clear view', 'displayOrder': 8, 'showsRawNoteText': True, 'sourceListingNoteId': -1}]",3325460,False,False,Row,True,1640062,"¥1,640,062","¥1,640,062",10,Mobile Transfer ticket,3,1,EUR,JPY,3500.0,EUR,"https://img.vggcdn.net/img/vfsimage2/812551/1247_1989401/0.jpg?im=Resize=(500,271)&v=771",15 hours ago,10,False,False,True,False,dGhKRnNOa8075Ld4PpNkYjlP5UiqlXyoOwywszD6fvE%3d,False,2026-07-17T19:20:08.9130000Z,False,False,False,False,False,False,0,False,[7],,False,False,False,False,0,False,False,0,13385372720,False,3D953DB0-B9E6-4711-A181-74D69A61B4FD,False,False,True,5,9.70346835948643,1.25740229,,,,Last ticket,True,,,,,"[{'message': 'Amazing Value', 'qualifier': 'Based on price, view, seat quality and more', 'hasValue': True, 'messageType': 'ValueBased'}, {'message': 'Popular Pick', 'qualifier': '9 tickets sold for this event', 'hasValue': True, 'messageType': 'BoughtInLastHourSocialProofBased'}]",[],,,,,,,,,,,,
13385721960,153020449,328,122921,328,2,12,_,,False,False,1,,False,False,[1],407,Upper,1,True,"[{'listingNoteId': -1, 'listingNoteContentId': 3338094, 'formattedListingNoteContent': 'Clear view', 'listingNoteTypeId': 3, 'showToBuyer': True, 'hideInMock': False, 'siteAddedListingNote': False, 'aisleListingNoteWithSplit': False, 'listingNoteDescriptionContentId': 3338095, 'formattedListingNoteDescription': ""You'll have an unrestricted view of the show.""}]","[{'listingNoteBucketId': 27, 'formattedListingNoteContent': 'Clear view', 'displayOrder': 8, 'showsRawNoteText': True, 'sourceListingNoteId': -1}]",2113863,False,False,Row 12,False,1657498,"¥1,657,498","¥1,657,498",10,Mobile Transfer ticket,3,1,USD,JPY,5785.0,USD,"https://img.vggcdn.net/img/vfsimage2/812551/407_122921/0.jpg?im=Resize=(500,271)&v=771",15 hours ago,7,False,False,False,False,yfZQl1yrItkww11JiuCH2BmP02wm%2bjWm8dThcq%2b81rc%3d,False,2026-07-17T19:51:08.2830000Z,False,False,False,True,False,False,0,False,[6],,False,False,False,False,0,False,False,0,13385721960,False,1D8E4530-CBD8-4E17-A694-3CC81382ADAE,False,False,True,3,6.78899237613491,0.7680119131,Fan favorite,This section is in the top 10% of sections for this event when ranked based on a count of successful sales over the past 7 days on our site,True,,,,,,,"[{'message': 'Popular Pick', 'qualifier': '9 tickets sold for this event', 'hasValue': True, 'messageType': 'BoughtInLastHourSocialProofBased'}]",[],,,,,,,,,,,,
13385425307,153020449,322,122915,322,2,17,_,,False,False,1,,False,False,[1],407,Upper,1,True,"[{'listingNoteId': -1, 'listingNoteContentId': 3338094, 'formattedListingNoteContent': 'Clear view', 'listingNoteTypeId': 3, 'showToBuyer': True, 'hideInMock': False, 'siteAddedListingNote': False, 'aisleListingNoteWithSplit': False, 'listingNoteDescriptionContentId': 3338095, 'formattedListingNoteDescription': ""You'll have an unrestricted view of the show.""}]","[{'listingNoteBucketId': 27, 'formattedListingNoteContent': 'Clear view', 'displayOrder': 8, 'showsRawNoteText': True, 'sourceListingNoteId': -1}]",2113738,False,False,Row 17,False,1657498,"¥1,657,498","¥1,657,498",10,Mobile Transfer ticket,3,1,USD,JPY,5785.0,USD,"https://img.vggcdn.net/img/vfsimage2/812551/407_122915/0.jpg?im=Resize=(500,271)&v=771",15 hours ago,7,False,False,False,False,yfZQl1yrItkww11JiuCH2BmP02wm%2bjWm8dThcq%2b81rc%3d,False,2026-07-17T19:25:53.1070000Z,False,False,False,True,False,False,0,False,[6],,False,False,False,False,0,False,False,0,13385425307,False,1FC3179F-FF92-4487-8327-8B88C749B5EA,False,False,True,3,6.550454347826075,0.745394451,Fan favorite,This section has the highest count of successful sales for this event over the past 7 days on our site,True,,,,,,,"[{'message': 'Popular Pick', 'qualifier': '9 tickets sold for this event', 'hasValue': True, 'messageType': 'BoughtInLastHourSocialProofBased'}]",[],,,,,,,,,,,,
13286549052,153020449,329,122922,329,2,26,29_29,29,False,False,1,,False,False,[1],407,Upper,1,True,"[{'listingNoteId': -1, 'listingNoteContentId': 3338094, 'formattedListingNoteContent': 'Clear view', 'listingNoteTypeId': 3, 'showToBuyer': True, 'hideInMock': False, 'siteAddedListingNote': False, 'aisleListingNoteWithSplit': False, 'listingNoteDescriptionContentId': 3338095, 'formattedListingNoteDescription': ""You'll have an unrestricted view of the show.""}]","[{'listingNoteBucketId': 27, 'formattedListingNoteContent': 'Clear view', 'displayOrder': 8, 'showsRawNoteText': True, 'sourceListingNoteId': -1}]",2113899,False,False,Row 26,False,1657985,"¥1,657,985","¥1,657,985",10,Mobile Transfer ticket,3,1,USD,JPY,,USD,"https://img.vggcdn.net/img/vfsimage2/812551/407_122922/0.jpg?im=Resize=(500,271)&v=771",9 days ago,6,False,False,False,False,oLL2OxkHRIPD37ZnryBHRl%2fhfkXTqeL9mCQ5eYRyzxk%3d,False,2026-07-08T15:35:11.8600000Z,False,False,False,False,False,False,0,False,[7],,False,False,False,False,0,False,False,0,13286549052,False,6B1C6137-22D3-47FC-9C46-EDE4CBF7D0B5,False,False,True,3,6.24944127131686,0.7188976532,,,,Last ticket,True,,,,,"[{'message': 'Popular Pick', 'qualifier': '9 tickets sold for this event', 'hasValue': True, 'messageType': 'BoughtInLastHourSocialProofBased'}]",[],29,29,"¥2,653,959",38.0,"¥995,974",,,,,,,
13353238040,153020449,319,122912,319,2,14,10_10,10,False,False,1,,False,False,[1],407,Upper,1,True,"[{'listingNoteId': -1, 'listingNoteContentId': 3338094, 'formattedListingNoteContent': 'Clear view', 'listingNoteTypeId': 3, 'showToBuyer': True, 'hideInMock': False, 'siteAddedListingNote': False, 'aisleListingNoteWithSplit': False, 'listingNoteDescriptionContentId': 3338095, 'formattedListingNoteDescription': ""You'll have an unrestricted view of the show.""}]","[{'listingNoteBucketId': 27, 'formattedListingNoteContent': 'Clear view', 'displayOrder': 8, 'showsRawNoteText': True, 'sourceListingNoteId': -1}]",703927,False,False,Row 14,False,1667245,"¥1,667,245","¥1,667,245",10,Mobile Transfer ticket,3,1,USD,JPY,,USD,"https://img.vggcdn.net/img/vfsimage2/812551/407_122912/0.jpg?im=Resize=(500,271)&v=771",3 days ago,7,False,False,False,False,oLL2OxkHRIPD37ZnryBHRl%2fhfkXTqeL9mCQ5eYRyzxk%3d,False,2026-07-14T21:58:58.1370000Z,False,False,False,False,False,False,0,False,,,False,False,False,False,0,False,False,0,13353238040,False,AC32E45F-EC0A-456D-8856-35056455AC8D,False,False,True,3,6.815746219723348,0.7751677852,,,,,,,,,,"[{'message': 'Popular Pick', 'qualifier': '9 tickets sold for this event', 'hasValue': True, 'messageType': 'BoughtInLastHourSocialProofBased'}]",[],10,10,,,,,,,,,,
13371490033,153020449,322,122915,322,2,7,13_13,13,False,False,1,,False,False,[1],407,Upper,1,True,"[{'listingNoteId': 2027, 'listingNoteContentId': 3415845, 'formattedListingNoteContent': 'Third Row of Section', 'listingNoteTypeId': 6, 'showToBuyer': True, 'hideInMock': False, 'siteAddedListingNote': False, 'aisleListingNoteWithSplit': False, 'listingNoteDescriptionContentId': 3415845, 'formattedListingNoteDescription': 'Third Row of Section'}, {'listingNoteId': -1, 'listingNoteContentId': 3338094, 'formattedListingNoteContent': 'Clear view', 'listingNoteTypeId': 3, 'showToBuyer': True, 'hideInMock': False, 'siteAddedListingNote': False, 'aisleListingNoteWithSplit': False, 'listingNoteDescriptionContentId': 3338095, 'formattedListingNoteDescription': ""You'll have an unrestricted view of the show.""}]","[{'listingNoteBucketId': 14, 'formattedListingNoteContent': 'Third Row of Section', 'displayOrder': 14, 'showsRawNoteText': True, 'sourceListingNoteId': 2027}, {'listingNoteBucketId': 27, 'formattedListingNoteContent': 'Clear view', 'displayOrder': 8, 'showsRawNoteText': True, 'sourceListingNoteId': -1}]",2113750,False,False,Row 7,False,1684790,"¥1,684,790","¥1,684,790",10,Mobile Transfer ticket,3,1,USD,JPY,,USD,"https://img.vggcdn.net/img/vfsimage2/812551/407_122915/0.jpg?im=Resize=(500,271)&v=771",yesterday,7,False,False,False,False,ZOytFfAxbEiqPm6xFTWQ9tMOfS9jLqFY1tVTvIxFVKI%3d,False,2026-07-16T11:59:30.4600000Z,False,False,False,True,False,False,0,False,[6],,False,False,False,False,0,False,False,0,13371490033,False,9E125BAE-494B-4433-B0A8-0151BD0352A1,False,False,True,3,6.795863700717076,0.781344551,Fan favorite,This section has the highest count of successful sales for this event over the past 7 days on our site,True,,,,,,,"[{'message': 'Popular Pick', 'qualifier': '9 tickets sold for this event', 'hasValue': True, 'messageType': 'BoughtInLastHourSocialProofBased'}, {'message': 'Third Row', 'qualifier': 'Excellent proximity to the action', 'hasValue': True, 'messageType': 'ThirdRowTicketAttributeBased'}]",[2027],13,13,,,,,,,,,,
13387697653,153020449,327,122920,327,2,19,13_16,13,False,False,4,,False,False,"[1, 2, 3, 4]",407,Upper,4,True,"[{'listingNoteId': -1, 'listingNoteContentId': 3338094, 'formattedListingNoteContent': 'Clear view', 'listingNoteTypeId': 3, 'showToBuyer': True, 'hideInMock': False, 'siteAddedListingNote': False, 'aisleListingNoteWithSplit': False, 'listingNoteDescriptionContentId': 3338095, 'formattedListingNoteDescription': ""You'll have an unrestricted view of the show.""}]","[{'listingNoteBucketId': 27, 'formattedListingNoteContent': 'Clear view', 'displayOrder': 8, 'showsRawNoteText': True, 'sourceListingNoteId': -1}]",2113850,False,False,Row 19,False,1688329,"¥1,688,329","¥1,688,329",10,Mobile Transfer ticket,3,1,USD,JPY,5750.0,USD,"https://img.vggcdn.net/img/vfsimage2/812551/407_122920/0.jpg?im=Resize=(500,271)&v=771",10 hours ago,7,False,False,False,False,C%2fXn6UaL95OqPvRuCRF%2be3rEtZ7%2fSduMoUUMFpLnV4E%3d,False,2026-07-18T00:32:37.4700000Z,False,False,False,False,False,False,0,False,,,False,False,False,False,0,False,False,0,13387697653,False,5BC0EFAA-8282-4847-863F-06594245127F,False,False,True,3,6.667387538820524,0.7703844537,,,,,,,,,,"[{'message': 'Popular Pick', 'qualifier': '9 tickets sold for this event', 'hasValue': True, 'messageType': 'BoughtInLastHourSocialProofBased'}]",[],,,,,,,,,,,,
13387762186,153020449,321,122914,321,2,17,_,,False,False,2,,False,False,"[1, 2]",407,Upper,2,True,"[{'listingNoteId': -1, 'listingNoteContentId': 3338094, 'formattedListingNoteContent': 'Clear view', 'listingNoteTypeId': 3, 'showToBuyer': True, 'hideInMock': False, 'siteAddedListingNote': False, 'aisleListingNoteWithSplit': False, 'listingNoteDescriptionContentId': 3338095, 'formattedListingNoteDescription': ""You'll have an unrestricted view of the show.""}]","[{'listingNoteBucketId': 27, 'formattedListingNoteContent': 'Clear view', 'displayOrder': 8, 'showsRawNoteText': True, 'sourceListingNoteId': -1}]",2113716,False,False,Row 17,False,1704285,"¥1,704,285","¥1,704,285",10,Mobile Transfer ticket,3,1,USD,JPY,2600.0,USD,"https://img.vggcdn.net/img/vfsimage2/812551/407_122914/0.jpg?im=Resize=(500,271)&v=771",10 hours ago,6,False,False,False,False,9PX0qdi3SN4mRo2tKBHc5HcHHZ57GaFIQrXeN1UkN9c%3d,False,2026-07-18T00:48:16.9930000Z,False,False,False,True,False,False,0,False,[6],[7],False,False,False,False,0,False,False,0,13387762186,False,0E082087-D585-474F-8F0B-431F7844039F,False,False,True,3,6.01719376513643,0.7190986817,Fan favorite,This section is in the top 10% of sections for this event when ranked based on a count of successful sales over the past 7 days on our site,True,Last tickets,True,,,,,"[{'message': 'Popular Pick', 'qualifier': '9 tickets sold for this event', 'hasValue': True, 'messageType': 'BoughtInLastHourSocialProofBased'}]",[],,,,,,,,,,,,
13345545577,153020449,325,122918,325,2,25,_,,False,False,4,,False,False,"[1, 2, 4]",407,Upper,4,True,"[{'listingNoteId': -1, 'listingNoteContentId': 3338094, 'formattedListingNoteContent': 'Clear view', 'listingNoteTypeId': 3, 'showToBuyer': True, 'hideInMock': False, 'siteAddedListingNote': False, 'aisleListingNoteWithSplit': False, 'listingNoteDescriptionContentId': 3338095, 'formattedListingNoteDescription': ""You'll have an unrestricted view of the show.""}]","[{'listingNoteBucketId': 27, 'formattedListingNoteContent': 'Clear view', 'displayOrder': 8, 'showsRawNoteText': True, 'sourceListingNoteId': -1}]",2113812,False,False,Row 25,False,1704645,"¥1,704,645","¥1,704,645",10,Mobile Transfer ticket,3,1,GBP,JPY,3000.0,GBP,"https://img.vggcdn.net/img/vfsimage2/812551/407_122918/0.jpg?im=Resize=(500,271)&v=771",4 days ago,7,False,False,False,False,Rs47K6F3p4ePnzUpE4FmsHZgWvyy9Q%2b0n9lx%2fgj%2fQbM%3d,False,2026-07-13T21:22:58.8800000Z,False,False,False,False,False,False,0,False,[7],,False,False,False,False,0,False,False,0,13345545577,False,85B9BBF6-285B-43C1-9C01-C6D1731259E3,False,False,True,3,6.511998573140893,0.7629807491,,,,Last tickets,True,,,,,"[{'message': 'Popular Pick', 'qualifier': '9 tickets sold for this event', 'hasValue': True, 'messageType': 'BoughtInLastHourSocialProofBased'}]",[],,,,,,,,,,,,
13389857402,153020449,327,122920,327,2,18,_,,False,False,4,,False,False,"[1, 2, 3, 4]",407,Upper,4,True,"[{'listingNoteId': -1, 'listingNoteContentId': 3338094, 'formattedListingNoteContent': 'Clear view', 'listingNoteTypeId': 3, 'showToBuyer': True, 'hideInMock': False, 'siteAddedListingNote': False, 'aisleListingNoteWithSplit': False, 'listingNoteDescriptionContentId': 3338095, 'formattedListingNoteDescription': ""You'll have an unrestricted view of the show.""}]","[{'listingNoteBucketId': 27, 'formattedListingNoteContent': 'Clear view', 'displayOrder': 8, 'showsRawNoteText': True, 'sourceListingNoteId': -1}]",2113849,False,False,Row 18,False,1706235,"¥1,706,235","¥1,706,235",10,Mobile Transfer ticket,3,1,USD,JPY,6000.0,USD,"https://img.vggcdn.net/img/vfsimage2/812551/407_122920/0.jpg?im=Resize=(500,271)&v=771",an hour ago,7,False,False,False,False,4vbIKWoPb9lFCs3ziq0GlhwOHyR5dl7fv6midZ0xYQE%3d,False,2026-07-18T09:33:16.1400000Z,False,False,False,False,False,False,0,False,,,False,False,False,False,0,False,False,0,13389857402,False,8AE45F97-1279-4C17-937C-55A3EBFFC034,False,False,True,3,6.632480791143304,0.7751677852,,,,,,,,,,"[{'message': 'Popular Pick', 'qualifier': '9 tickets sold for this event', 'hasValue': True, 'messageType': 'BoughtInLastHourSocialProofBased'}]",[],,,,,,,,,,,,
13388397355,153020449,330,122923,330,2,17,_,,False,False,3,,False,False,"[1, 3]",407,Upper,3,True,"[{'listingNoteId': -1, 'listingNoteContentId': 3338094, 'formattedListingNoteContent': 'Clear view', 'listingNoteTypeId': 3, 'showToBuyer': True, 'hideInMock': False, 'siteAddedListingNote': False, 'aisleListingNoteWithSplit': False, 'listingNoteDescriptionContentId': 3338095, 'formattedListingNoteDescription': ""You'll have an unrestricted view of the show.""}]","[{'listingNoteBucketId': 27, 'formattedListingNoteContent': 'Clear view', 'displayOrder': 8, 'showsRawNoteText': True, 'sourceListingNoteId': -1}]",2113912,False,False,Row 17,False,1728286,"¥1,728,286","¥1,728,286",10,Mobile Transfer ticket,3,1,USD,JPY,5785.0,USD,"https://img.vggcdn.net/img/vfsimage2/812551/407_122923/0.jpg?im=Resize=(500,271)&v=771",7 hours ago,7,False,False,False,False,x%2bPnxeAbP%2fpdkC%2f0Z%2b%2buFg6x2%2blQMeg%2bwxygVhRhFt4%3d,False,2026-07-18T03:25:19.1630000Z,False,False,False,False,False,False,0,False,,,False,False,False,False,0,False,False,0,13388397355,False,3D9AD1F7-625E-44C0-AC59-E67688295CFF,False,False,True,3,6.752308969642716,0.7971018778,,,,,,,,,,"[{'message': 'Popular Pick', 'qualifier': '9 tickets sold for this event', 'hasValue': True, 'messageType': 'BoughtInLastHourSocialProofBased'}]",[],,,,,,,,,,,,
13388397347,153020449,347,122940,347,2,17,_,,False,False,3,,False,False,"[1, 3]",407,Upper,3,True,"[{'listingNoteId': -1, 'listingNoteContentId': 3338094, 'formattedListingNoteContent': 'Clear view', 'listingNoteTypeId': 3, 'showToBuyer': True, 'hideInMock': False, 'siteAddedListingNote': False, 'aisleListingNoteWithSplit': False, 'listingNoteDescriptionContentId': 3338095, 'formattedListingNoteDescription': ""You'll have an unrestricted view of the show.""}]","[{'listingNoteBucketId': 27, 'formattedListingNoteContent': 'Clear view', 'displayOrder': 8, 'showsRawNoteText': True, 'sourceListingNoteId': -1}]",2113977,False,False,Row 17,False,1736884,"¥1,736,884","¥1,736,884",10,Mobile Transfer ticket,3,1,USD,JPY,5785.0,USD,"https://img.vggcdn.net/img/vfsimage2/812551/407_122940/0.jpg?im=Resize=(500,271)&v=771",7 hours ago,6,False,False,False,False,xr3blDuQ9PWHRXMdY8WcqrI202IdcKLDD8raAOO8oTw%3d,False,2026-07-18T03:25:19.0800000Z,False,False,False,False,False,False,0,False,,,False,False,False,False,0,False,False,0,13388397347,False,F87659B2-87F7-4532-B922-D15A4E61FB98,False,False,True,3,6.223335460806263,0.7507841208,,,,,,,,,,"[{'message': 'Popular Pick', 'qualifier': '9 tickets sold for this event', 'hasValue': True, 'messageType': 'BoughtInLastHourSocialProofBased'}]",[],,,,,,,,,,,,
13320343362,153020449,316,122909,316,2,18,_,,False,False,4,,False,False,"[1, 2, 3, 4]",407,Upper,4,True,"[{'listingNoteId': -1, 'listingNoteContentId': 3338094, 'formattedListingNoteContent': 'Clear view', 'listingNoteTypeId': 3, 'showToBuyer': True, 'hideInMock': False, 'siteAddedListingNote': False, 'aisleListingNoteWithSplit': False, 'listingNoteDescriptionContentId': 3338095, 'formattedListingNoteDescription': ""You'll have an unrestricted view of the show.""}]","[{'listingNoteBucketId': 27, 'formattedListingNoteContent': 'Clear view', 'displayOrder': 8, 'showsRawNoteText': True, 'sourceListingNoteId': -1}]",703865,False,False,Row 18,False,1745425,"¥1,745,425","¥1,745,425",10,Mobile Transfer ticket,3,1,BRL,JPY,25000.0,BRL,"https://img.vggcdn.net/img/vfsimage2/812551/407_122909/0.jpg?im=Resize=(500,271)&v=771",7 days ago,6,False,False,False,False,tFZ25wTnsCVc1UbCMehJnc58zuhxzPPf%2bpVTSbg1fWc%3d,False,2026-07-10T23:27:06.1930000Z,False,False,False,False,False,False,0,False,,,False,False,False,False,0,False,False,0,13320343362,False,147B815A-0969-4915-8DD7-2F0EF8D58DD7,False,False,True,3,5.834324418920479,0.7211857734,,,,,,,,,,"[{'message': 'Popular Pick', 'qualifier': '9 tickets sold for this event', 'hasValue': True, 'messageType': 'BoughtInLastHourSocialProofBased'}]",[],,,"¥2,587,738",33.0,"¥842,313",,,,,,,
13388397358,153020449,350,122943,350,2,14,_,,False,False,3,,False,False,"[1, 3]",407,Upper,3,True,"[{'listingNoteId': -1, 'listingNoteContentId': 3338094, 'formattedListingNoteContent': 'Clear view', 'listingNoteTypeId': 3, 'showToBuyer': True, 'hideInMock': False, 'siteAddedListingNote': False, 'aisleListingNoteWithSplit': False, 'listingNoteDescriptionContentId': 3338095, 'formattedListingNoteDescription': ""You'll have an unrestricted view of the show.""}]","[{'listingNoteBucketId': 27, 'formattedListingNoteContent': 'Clear view', 'displayOrder': 8, 'showsRawNoteText': True, 'sourceListingNoteId': -1}]",2114040,False,False,Row 14,False,1754078,"¥1,754,078","¥1,754,078",10,Mobile Transfer ticket,3,1,USD,JPY,5785.0,USD,"https://img.vggcdn.net/img/vfsimage2/812551/407_122943/0.jpg?im=Resize=(500,271)&v=771",7 hours ago,6,False,False,False,False,bOX2UynCUqTfcMR9GtpIBcforVfqjJrEW5amd6INx80%3d,False,2026-07-18T03:25:19.1900000Z,False,False,False,False,False,False,0,False,,,False,False,False,False,0,False,False,0,13388397358,False,A927C354-4DC6-4E28-AF07-9379A05B5E75,False,False,True,3,6.273358315635834,0.7627462919,,,,,,,,,,"[{'message': 'Popular Pick', 'qualifier': '9 tickets sold for this event', 'hasValue': True, 'messageType': 'BoughtInLastHourSocialProofBased'}]",[],,,,,,,,,,,,
13364433397,153020449,304,122897,304,2,5,3_3,3,False,False,1,,False,False,[1],407,Upper,1,True,"[{'listingNoteId': 2025, 'listingNoteContentId': 3415843, 'formattedListingNoteContent': 'Front Row of Section', 'listingNoteTypeId': 6, 'showToBuyer': True, 'hideInMock': False, 'siteAddedListingNote': False, 'aisleListingNoteWithSplit': False, 'listingNoteDescriptionContentId': 3415843, 'formattedListingNoteDescription': 'Front Row of Section'}, {'listingNoteId': -1, 'listingNoteContentId': 3338094, 'formattedListingNoteContent': 'Clear view', 'listingNoteTypeId': 3, 'showToBuyer': True, 'hideInMock': False, 'siteAddedListingNote': False, 'aisleListingNoteWithSplit': False, 'listingNoteDescriptionContentId': 3338095, 'formattedListingNoteDescription': ""You'll have an unrestricted view of the show.""}]","[{'listingNoteBucketId': 14, 'formattedListingNoteContent': 'Front Row of Section', 'displayOrder': 14, 'showsRawNoteText': True, 'sourceListingNoteId': 2025}, {'listingNoteBucketId': 27, 'formattedListingNoteContent': 'Clear view', 'displayOrder': 8, 'showsRawNoteText': True, 'sourceListingNoteId': -1}]",2113658,False,False,Row 5,False,1754971,"¥1,754,971","¥1,754,971",10,Mobile Transfer ticket,3,1,USD,JPY,,USD,"https://img.vggcdn.net/img/vfsimage2/812551/407_122897/0.jpg?im=Resize=(500,271)&v=771",2 days ago,7,False,False,False,False,I4W4RcSUSJ3%2fmuvQEXJkuzE1BlPdJzXjYpMR%2fXqFll4%3d,False,2026-07-15T22:02:03.6100000Z,False,False,False,False,False,False,0,False,[7],,False,False,False,False,0,False,False,0,13364433397,False,DE57D318-C7F3-4289-ACBE-F5EDF0926A5D,False,False,True,3,6.610812914726998,0.7951665512,,,,Last ticket,True,,,,,"[{'message': 'Popular Pick', 'qualifier': '9 tickets sold for this event', 'hasValue': True, 'messageType': 'BoughtInLastHourSocialProofBased'}, {'message': 'Front Row', 'qualifier': 'Best seats in the house', 'hasValue': True, 'messageType': 'FirstRowTicketAttributeBased'}]",[2025],3,3,,,,,,,,,,
13387028817,153020449,348,122941,348,2,25,24_24,24,False,False,1,,False,False,[1],407,Upper,1,True,"[{'listingNoteId': -1, 'listingNoteContentId': 3338094, 'formattedListingNoteContent': 'Clear view', 'listingNoteTypeId': 3, 'showToBuyer': True, 'hideInMock': False, 'siteAddedListingNote': False, 'aisleListingNoteWithSplit': False, 'listingNoteDescriptionContentId': 3338095, 'formattedListingNoteDescription': ""You'll have an unrestricted view of the show.""}]","[{'listingNoteBucketId': 27, 'formattedListingNoteContent': 'Clear view', 'displayOrder': 8, 'showsRawNoteText': True, 'sourceListingNoteId': -1}]",2114007,False,False,Row 25,False,1754971,"¥1,754,971","¥1,754,971",10,Mobile Transfer ticket,3,1,USD,JPY,0.0,USD,"https://img.vggcdn.net/img/vfsimage2/812551/407_122941/0.jpg?im=Resize=(500,271)&v=771",12 hours ago,6,False,False,False,False,I4W4RcSUSJ3%2fmuvQEXJkuzE1BlPdJzXjYpMR%2fXqFll4%3d,False,2026-07-17T23:00:03.2300000Z,False,False,False,False,False,False,0,False,,,False,False,False,False,0,False,False,0,13387028817,False,E89A56F7-12F9-43E0-ADA8-C65E1C1C20EB,False,False,True,3,5.83737527310975,0.7253820817,,,,,,,,,,"[{'message': 'Popular Pick', 'qualifier': '9 tickets sold for this event', 'hasValue': True, 'messageType': 'BoughtInLastHourSocialProofBased'}]",[],24,24,,,,,,,,,,
13339886644,153020449,315,122908,315,2,24,19_19,19,False,False,1,,False,False,[1],407,Upper,1,True,"[{'listingNoteId': -1, 'listingNoteContentId': 3338094, 'formattedListingNoteContent': 'Clear view', 'listingNoteTypeId': 3, 'showToBuyer': True, 'hideInMock': False, 'siteAddedListingNote': False, 'aisleListingNoteWithSplit': False, 'listingNoteDescriptionContentId': 3338095, 'formattedListingNoteDescription': ""You'll have an unrestricted view of the show.""}]","[{'listingNoteBucketId': 27, 'formattedListingNoteContent': 'Clear view', 'displayOrder': 8, 'showsRawNoteText': True, 'sourceListingNoteId': -1}]",703849,False,False,Row 24,False,1754971,"¥1,754,971","¥1,754,971",10,Mobile Transfer ticket,3,1,USD,JPY,7350.0,USD,"https://img.vggcdn.net/img/vfsimage2/812551/407_122908/0.jpg?im=Resize=(500,271)&v=771",5 days ago,4,False,False,False,False,I4W4RcSUSJ3%2fmuvQEXJkuzE1BlPdJzXjYpMR%2fXqFll4%3d,False,2026-07-12T21:23:20.9400000Z,False,False,False,False,False,False,0,False,[7],,False,False,False,False,0,False,False,0,13339886644,False,87C1AB36-F45C-4526-9CF7-7FC8BB5FAD6D,False,False,True,2,4.345756664430291,0.5982882089,,,,Last ticket,True,,,,,"[{'message': 'Popular Pick', 'qualifier': '9 tickets sold for this event', 'hasValue': True, 'messageType': 'BoughtInLastHourSocialProofBased'}]",[],19,19,"¥2,653,931",34.0,"¥898,960",,,,,,,
13311688111,153020449,348,122941,348,2,24,_,,False,False,4,,False,False,"[1, 2, 3, 4]",407,Upper,4,True,"[{'listingNoteId': -1, 'listingNoteContentId': 3338094, 'formattedListingNoteContent': 'Clear view', 'listingNoteTypeId': 3, 'showToBuyer': True, 'hideInMock': False, 'siteAddedListingNote': False, 'aisleListingNoteWithSplit': False, 'listingNoteDescriptionContentId': 3338095, 'formattedListingNoteDescription': ""You'll have an unrestricted view of the show.""}]","[{'listingNoteBucketId': 27, 'formattedListingNoteContent': 'Clear view', 'displayOrder': 8, 'showsRawNoteText': True, 'sourceListingNoteId': -1}]",2114006,False,False,Row 24,False,1764816,"¥1,764,816","¥1,764,816",10,Mobile Transfer ticket,3,1,USD,JPY,2790.0,USD,"https://img.vggcdn.net/img/vfsimage2/812551/407_122941/0.jpg?im=Resize=(500,271)&v=771",8 days ago,6,False,False,False,False,AtpRy8vR4ie%2fhAf4fibh0Ha7QhjsKtYKM4WptqhO0MA%3d,False,2026-07-10T07:01:59.2400000Z,False,False,False,False,False,False,0,False,,,False,False,False,False,0,False,False,0,13311688111,False,850830BE-56BC-4D18-B37D-0F76285AD3CD,False,False,True,3,5.828324659307952,0.7287039177,,,,,,,,,,"[{'message': 'Popular Pick', 'qualifier': '9 tickets sold for this event', 'hasValue': True, 'messageType': 'BoughtInLastHourSocialProofBased'}]",[],,,,,,,,,,,,
13386258841,153020449,303,122896,303,2,10,_,,False,False,3,,False,False,"[1, 3]",407,Upper,3,True,"[{'listingNoteId': -1, 'listingNoteContentId': 3338094, 'formattedListingNoteContent': 'Clear view', 'listingNoteTypeId': 3, 'showToBuyer': True, 'hideInMock': False, 'siteAddedListingNote': False, 'aisleListingNoteWithSplit': False, 'listingNoteDescriptionContentId': 3338095, 'formattedListingNoteDescription': ""You'll have an unrestricted view of the show.""}]","[{'listingNoteBucketId': 27, 'formattedListingNoteContent': 'Clear view', 'displayOrder': 8, 'showsRawNoteText': True, 'sourceListingNoteId': -1}]",2113619,False,False,Row 10,False,1772037,"¥1,772,037","¥1,772,037",10,Mobile Transfer ticket,3,1,USD,JPY,4185.0,USD,"https://img.vggcdn.net/img/vfsimage2/812551/407_122896/0.jpg?im=Resize=(500,271)&v=771",14 hours ago,6,False,False,False,False,dL%2b8RBrWKMerBe%2b6USucLx%2bLblw2L5bUHXP%2fDFQXcIE%3d,False,2026-07-17T21:07:11.6370000Z,False,False,False,False,False,False,0,False,[7],,False,False,False,False,0,False,False,0,13386258841,False,5018CCD5-2D8F-49F9-903E-46267E9330B1,False,False,True,3,6.257555064646109,0.7691062488,,,,Last tickets,True,,,,,"[{'message': 'Popular Pick', 'qualifier': '9 tickets sold for this event', 'hasValue': True, 'messageType': 'BoughtInLastHourSocialProofBased'}]",[],,,,,,,,,,,,
13388379847,153020449,333,122926,333,2,26,15_15,15,False,False,1,,False,False,[1],407,Upper,1,True,"[{'listingNoteId': -1, 'listingNoteContentId': 3338094, 'formattedListingNoteContent': 'Clear view', 'listingNoteTypeId': 3, 'showToBuyer': True, 'hideInMock': False, 'siteAddedListingNote': False, 'aisleListingNoteWithSplit': False, 'listingNoteDescriptionContentId': 3338095, 'formattedListingNoteDescription': ""You'll have an unrestricted view of the show.""}]","[{'listingNoteBucketId': 27, 'formattedListingNoteContent': 'Clear view', 'displayOrder': 8, 'showsRawNoteText': True, 'sourceListingNoteId': -1}]",704247,False,False,Row 26,False,1784272,"¥1,784,272","¥1,784,272",10,Mobile Transfer ticket,3,1,USD,JPY,0.0,USD,"https://img.vggcdn.net/img/vfsimage2/812551/407_122926/0.jpg?im=Resize=(500,271)&v=771",7 hours ago,5,False,False,False,False,9YkePRFEYtr4fnwaF2BZXPo0jwE4u%2b4uA%2bpLuQz%2bPv4%3d,False,2026-07-18T03:18:00.1200000Z,False,False,False,True,False,False,0,False,[6],[7],False,False,False,False,0,False,False,0,13388379847,False,D8F09E61-1761-4C68-8B84-40645BF36045,False,False,True,2,4.8938439091995845,0.6618378068,Fan favorite,This section is in the top 10% of sections for this event when ranked based on a count of successful sales over the past 7 days on our site,True,Last ticket,True,,,,,"[{'message': 'Popular Pick', 'qualifier': '9 tickets sold for this event', 'hasValue': True, 'messageType': 'BoughtInLastHourSocialProofBased'}]",[],15,15,,,,,,,,,,
13091707010,153020449,320,122913,320,2,18,18_18,18,False,False,1,,False,False,[1],407,Upper,1,True,"[{'listingNoteId': -1, 'listingNoteContentId': 3338094, 'formattedListingNoteContent': 'Clear view', 'listingNoteTypeId': 3, 'showToBuyer': True, 'hideInMock': False, 'siteAddedListingNote': False, 'aisleListingNoteWithSplit': False, 'listingNoteDescriptionContentId': 3338095, 'formattedListingNoteDescription': ""You'll have an unrestricted view of the show.""}]","[{'listingNoteBucketId': 27, 'formattedListingNoteContent': 'Clear view', 'displayOrder': 8, 'showsRawNoteText': True, 'sourceListingNoteId': -1}]",703953,False,False,Row 18,False,1784804,"¥1,784,804","¥1,784,804",10,Mobile Transfer ticket,3,1,EUR,JPY,5000.0,EUR,"https://img.vggcdn.net/img/vfsimage2/812551/407_122913/0.jpg?im=Resize=(500,271)&v=771",27 days ago,8,False,False,False,False,kAPiCYOLGxaV2myef1ghbZPc0D3WstTpnBdW43RyGZI%3d,False,2026-06-21T01:36:19.4300000Z,False,False,False,True,False,False,0,False,[6],,False,False,False,False,0,False,False,0,13091707010,False,B2E4729C-5189-42A9-AE01-B4171887649E,False,False,True,4,7.961838016151345,0.9547966838,Fan favorite,This section is in the top 10% of sections for this event when ranked based on a count of successful sales over the past 7 days on our site,True,,,,,,,"[{'message': 'Great Value', 'qualifier': 'Based on price, view, seat quality and more', 'hasValue': True, 'messageType': 'ValueBased'}, {'message': 'Popular Pick', 'qualifier': '9 tickets sold for this event', 'hasValue': True, 'messageType': 'BoughtInLastHourSocialProofBased'}]",[],18,18,"¥3,578,220",50.0,"¥1,793,416",,,,,,,
12927493504,153020449,346,122939,346,2,20,10_13,10,False,False,4,,False,False,"[1, 2, 3, 4]",407,Upper,4,True,"[{'listingNoteId': -1, 'listingNoteContentId': 3338094, 'formattedListingNoteContent': 'Clear view', 'listingNoteTypeId': 3, 'showToBuyer': True, 'hideInMock': False, 'siteAddedListingNote': False, 'aisleListingNoteWithSplit': False, 'listingNoteDescriptionContentId': 3338095, 'formattedListingNoteDescription': ""You'll have an unrestricted view of the show.""}]","[{'listingNoteBucketId': 27, 'formattedListingNoteContent': 'Clear view', 'displayOrder': 8, 'showsRawNoteText': True, 'sourceListingNoteId': -1}]",2113958,False,False,Row 20,False,1785752,"¥1,785,752","¥1,785,752",10,Mobile Transfer ticket,3,1,USD,JPY,3500.0,USD,"https://img.vggcdn.net/img/vfsimage2/812551/407_122939/0.jpg?im=Resize=(500,271)&v=771",44 days ago,6,False,False,False,False,QBcM1lQag7M%2bSQznpNV8dk%2b%2fRxJ%2fokcWWWkPbYccaN0%3d,False,2026-06-04T09:19:58.6800000Z,False,False,False,False,False,False,0,False,,,False,False,False,False,0,False,False,0,12927493504,False,0605BCDD-06D2-4240-A361-7BA78D1DB3C4,False,False,True,3,6.225045233433297,0.7720696725,,,,,,,,,,"[{'message': 'Popular Pick', 'qualifier': '9 tickets sold for this event', 'hasValue': True, 'messageType': 'BoughtInLastHourSocialProofBased'}]",[],,,"¥2,960,255",40.0,"¥1,174,503",,,,,,,
13387759910,153020449,204,122837,204,2,13,10_10,10,False,False,1,,False,False,[1],471,Middle,1,True,"[{'listingNoteId': -1, 'listingNoteContentId': 3338094, 'formattedListingNoteContent': 'Clear view', 'listingNoteTypeId': 3, 'showToBuyer': True, 'hideInMock': False, 'siteAddedListingNote': False, 'aisleListingNoteWithSplit': False, 'listingNoteDescriptionContentId': 3338095, 'formattedListingNoteDescription': ""You'll have an unrestricted view of the show.""}]","[{'listingNoteBucketId': 27, 'formattedListingNoteContent': 'Clear view', 'displayOrder': 8, 'showsRawNoteText': True, 'sourceListingNoteId': -1}]",702765,False,False,Row 13,False,1803572,"¥1,803,572","¥1,803,572",10,Mobile Transfer ticket,3,1,USD,JPY,,USD,"https://img.vggcdn.net/img/vfsimage2/812551/471_122837/0.jpg?im=Resize=(500,271)&v=771",10 hours ago,7,False,False,False,False,UWAiyB32toG55HB4yrqecU%2bohTl6YvlOTZwTDJuUTp8%3d,False,2026-07-18T00:47:33.2070000Z,False,False,False,False,False,False,0,False,,,False,False,False,False,0,False,False,0,13387759910,False,716C9350-8A21-45E3-B0DD-C106E0AB646A,False,False,True,3,6.821203992695709,0.8391526436,,,,,,,,,,"[{'message': 'Popular Pick', 'qualifier': '9 tickets sold for this event', 'hasValue': True, 'messageType': 'BoughtInLastHourSocialProofBased'}]",[],10,10,,,,,,,,,,
13389857399,153020449,225A,1530785,225A,2,7,_,,False,False,1,,False,False,[1],471,Middle,1,True,"[{'listingNoteId': -1, 'listingNoteContentId': 3338094, 'formattedListingNoteContent': 'Clear view', 'listingNoteTypeId': 3, 'showToBuyer': True, 'hideInMock': False, 'siteAddedListingNote': False, 'aisleListingNoteWithSplit': False, 'listingNoteDescriptionContentId': 3338095, 'formattedListingNoteDescription': ""You'll have an unrestricted view of the show.""}]","[{'listingNoteBucketId': 27, 'formattedListingNoteContent': 'Clear view', 'displayOrder': 8, 'showsRawNoteText': True, 'sourceListingNoteId': -1}]",1593620,False,False,Row 7,False,1803708,"¥1,803,708","¥1,803,708",10,Mobile Transfer ticket,3,1,USD,JPY,6000.0,USD,"https://img.vggcdn.net/img/vfsimage2/812551/471_1530785/0.jpg?im=Resize=(500,271)&v=771",an hour ago,9,False,False,False,False,tqvhg0mDN2voszzuDH8uPvMyfAJ6wB19wDBzE1cSXFw%3d,False,2026-07-18T09:33:16.1330000Z,False,False,False,False,False,False,0,False,,,False,False,False,False,0,False,False,0,13389857399,False,E8989AAB-6ECC-4730-A1F9-39E8B2CFFAF5,False,False,True,5,8.967946623664128,1.148351963,,,,,,,,,,"[{'message': 'Amazing Value', 'qualifier': 'Based on price, view, seat quality and more', 'hasValue': True, 'messageType': 'ValueBased'}, {'message': 'Popular Pick', 'qualifier': '9 tickets sold for this event', 'hasValue': True, 'messageType': 'BoughtInLastHourSocialProofBased'}]",[],,,,,,,,,,,,
13389648182,153020449,345,122938,345,2,22,24_27,24,False,False,4,,False,False,"[1, 2, 4]",407,Upper,4,True,"[{'listingNoteId': -1, 'listingNoteContentId': 3338094, 'formattedListingNoteContent': 'Clear view', 'listingNoteTypeId': 3, 'showToBuyer': True, 'hideInMock': False, 'siteAddedListingNote': False, 'aisleListingNoteWithSplit': False, 'listingNoteDescriptionContentId': 3338095, 'formattedListingNoteDescription': ""You'll have an unrestricted view of the show.""}]","[{'listingNoteBucketId': 27, 'formattedListingNoteContent': 'Clear view', 'displayOrder': 8, 'showsRawNoteText': True, 'sourceListingNoteId': -1}]",704504,False,False,Row 22,False,1806892,"¥1,806,892","¥1,806,892",10,Mobile Transfer ticket,3,1,EUR,JPY,2900.0,EUR,"https://img.vggcdn.net/img/vfsimage2/812551/407_122938/0.jpg?im=Resize=(500,271)&v=771",3 hours ago,7,False,False,False,False,etHI2wB3bx11eglg%2bQJdsF4ad34XG4KlT5ccZEesUyc%3d,False,2026-07-18T08:00:23.5830000Z,False,False,False,False,False,False,0,False,,,False,False,False,False,0,False,False,0,13389648182,False,411E287D-4D28-4B91-9A91-6BB09F4D0A22,False,False,True,4,7.461359128843549,0.9086135573,,,,,,,,,,"[{'message': 'Great Value', 'qualifier': 'Based on price, view, seat quality and more', 'hasValue': True, 'messageType': 'ValueBased'}, {'message': 'Popular Pick', 'qualifier': '9 tickets sold for this event', 'hasValue': True, 'messageType': 'BoughtInLastHourSocialProofBased'}]",[],,,,,,,,,,,,
13388880121,153020449,204,122837,204,2,11,_,,False,False,2,,False,False,"[1, 2]",471,Middle,2,True,"[{'listingNoteId': -1, 'listingNoteContentId': 3338094, 'formattedListingNoteContent': 'Clear view', 'listingNoteTypeId': 3, 'showToBuyer': True, 'hideInMock': False, 'siteAddedListingNote': False, 'aisleListingNoteWithSplit': False, 'listingNoteDescriptionContentId': 3338095, 'formattedListingNoteDescription': ""You'll have an unrestricted view of the show.""}]","[{'listingNoteBucketId': 27, 'formattedListingNoteContent': 'Clear view', 'displayOrder': 8, 'showsRawNoteText': True, 'sourceListingNoteId': -1}]",702763,False,False,Row 11,False,1834074,"¥1,834,074","¥1,834,074",10,Mobile Transfer ticket,3,1,EUR,JPY,10990.0,EUR,"https://img.vggcdn.net/img/vfsimage2/812551/471_122837/0.jpg?im=Resize=(500,271)&v=771",6 hours ago,7,False,False,False,False,kTMW7WzKyQRy%2bailNockiOPIT2LsLhHU6P1FhcvPhA0%3d,False,2026-07-18T04:51:47.7200000Z,False,False,False,False,False,False,0,False,,,False,False,False,False,0,False,False,0,13388880121,False,037858C5-3E7F-462D-A9E6-64AD925AE8DA,False,False,True,4,7.202450304553222,0.8945174088,,,,,,,,,,"[{'message': 'Great Value', 'qualifier': 'Based on price, view, seat quality and more', 'hasValue': True, 'messageType': 'ValueBased'}, {'message': 'Popular Pick', 'qualifier': '9 tickets sold for this event', 'hasValue': True, 'messageType': 'BoughtInLastHourSocialProofBased'}]",[],,,"¥2,534,576",28.0,"¥700,502",,,,,,,
13388050026,153020449,335,122928,335,2,17,_,,False,False,3,,False,False,"[1, 3]",407,Upper,3,True,"[{'listingNoteId': -1, 'listingNoteContentId': 3338094, 'formattedListingNoteContent': 'Clear view', 'listingNoteTypeId': 3, 'showToBuyer': True, 'hideInMock': False, 'siteAddedListingNote': False, 'aisleListingNoteWithSplit': False, 'listingNoteDescriptionContentId': 3338095, 'formattedListingNoteDescription': ""You'll have an unrestricted view of the show.""}]","[{'listingNoteBucketId': 27, 'formattedListingNoteContent': 'Clear view', 'displayOrder': 8, 'showsRawNoteText': True, 'sourceListingNoteId': -1}]",704282,False,False,Row 17,False,1836999,"¥1,836,999","¥1,836,999",10,Mobile Transfer ticket,3,1,EUR,JPY,7380.0,EUR,"https://img.vggcdn.net/img/vfsimage2/812551/407_122928/0.jpg?im=Resize=(500,271)&v=771",9 hours ago,6,False,False,False,False,49Es8pL%2fLZf3UXhAfiJngKJ53Dhj29j0IYyK2HUxxCM%3d,False,2026-07-18T01:48:43.9600000Z,False,False,False,False,False,False,0,False,[7],,False,False,False,False,0,False,False,0,13388050026,False,DBF0E541-A484-474A-A60C-B4BAD840A060,False,False,True,3,6.33129547994493,0.804376279,,,,Last tickets,True,,,,,"[{'message': 'Popular Pick', 'qualifier': '9 tickets sold for this event', 'hasValue': True, 'messageType': 'BoughtInLastHourSocialProofBased'}]",[],,,,,,,,,,,,
13389583270,153020449,Category 2,1989400,Category 2,3,,_,,False,False,1,,False,False,[1],1246,Category 2,1,True,"[{'listingNoteId': 814, 'listingNoteContentId': 2446060, 'formattedListingNoteContent': 'Limited or Obstructed View (printed on ticket)', 'listingNoteTypeId': 1, 'showToBuyer': True, 'hideInMock': False, 'siteAddedListingNote': False, 'aisleListingNoteWithSplit': False, 'listingNoteDescriptionContentId': 2446061, 'formattedListingNoteDescription': 'Limited or Obstructed View (printed on ticket)'}]","[{'listingNoteBucketId': 21, 'formattedListingNoteContent': 'Limited view', 'displayOrder': 21, 'showsRawNoteText': False}]",3325459,False,False,Row,True,1840019,"¥1,840,019","¥1,840,019",10,Mobile Transfer ticket,3,1,EUR,JPY,6450.0,EUR,"https://img.vggcdn.net/img/vfsimage2/812551/1246_1989400/0.jpg?im=Resize=(500,271)&v=771",3 hours ago,10,False,False,True,False,QkVfhdjXyYctxBou4YUA%2fufP3cixaWEfxPSjTGk4lJ8%3d,False,2026-07-18T07:28:10.9430000Z,False,False,False,False,False,False,0,False,[7],,False,False,False,False,0,False,False,0,13389583270,False,923DAF8A-27A7-49A5-811D-00532D76303D,False,False,True,5,9.609446412196325,1.374851954,,,,Last ticket,True,,,,,"[{'message': 'Amazing Value', 'qualifier': 'Based on price, view, seat quality and more', 'hasValue': True, 'messageType': 'ValueBased'}, {'message': 'Popular Pick', 'qualifier': '9 tickets sold for this event', 'hasValue': True, 'messageType': 'BoughtInLastHourSocialProofBased'}]",[],,,,,,,,,,,,
13388198710,153020449,305,122898,305,2,25,29_29,29,False,False,1,,False,False,[1],407,Upper,1,True,"[{'listingNoteId': -1, 'listingNoteContentId': 3338094, 'formattedListingNoteContent': 'Clear view', 'listingNoteTypeId': 3, 'showToBuyer': True, 'hideInMock': False, 'siteAddedListingNote': False, 'aisleListingNoteWithSplit': False, 'listingNoteDescriptionContentId': 3338095, 'formattedListingNoteDescription': ""You'll have an unrestricted view of the show.""}]","[{'listingNoteBucketId': 27, 'formattedListingNoteContent': 'Clear view', 'displayOrder': 8, 'showsRawNoteText': True, 'sourceListingNoteId': -1}]",2113678,False,False,Row 25,False,1842698,"¥1,842,698","¥1,842,698",10,Mobile Transfer ticket,3,1,USD,JPY,5785.0,USD,"https://img.vggcdn.net/img/vfsimage2/812551/407_122898/0.jpg?im=Resize=(500,271)&v=771",8 hours ago,5,False,False,False,False,rlofZD1najO4oo1%2fZOrIFZV0fQ%2bHkDk2kSOkvAi0RE8%3d,False,2026-07-18T02:26:44.9100000Z,False,False,False,True,False,False,0,False,[6],,False,False,False,False,0,False,False,0,13388198710,False,B212CBF8-745C-46F6-A6F9-33C195454177,False,False,True,2,4.896760919361126,0.6838354225,Fan favorite,This section is in the top 10% of sections for this event when ranked based on a count of successful sales over the past 7 days on our site,True,,,,,,,"[{'message': 'Popular Pick', 'qualifier': '9 tickets sold for this event', 'hasValue': True, 'messageType': 'BoughtInLastHourSocialProofBased'}]",[],29,29,,,,,,,,,,
13282079069,153020449,310,122903,310,2,26,30_30,30,False,False,1,,False,False,[1],407,Upper,1,True,"[{'listingNoteId': -1, 'listingNoteContentId': 3338094, 'formattedListingNoteContent': 'Clear view', 'listingNoteTypeId': 3, 'showToBuyer': True, 'hideInMock': False, 'siteAddedListingNote': False, 'aisleListingNoteWithSplit': False, 'listingNoteDescriptionContentId': 3338095, 'formattedListingNoteDescription': ""You'll have an unrestricted view of the show.""}]","[{'listingNoteBucketId': 27, 'formattedListingNoteContent': 'Clear view', 'displayOrder': 8, 'showsRawNoteText': True, 'sourceListingNoteId': -1}]",703741,False,False,Row 26,False,1842698,"¥1,842,698","¥1,842,698",10,Mobile Transfer ticket,3,1,USD,JPY,,USD,"https://img.vggcdn.net/img/vfsimage2/812551/407_122903/0.jpg?im=Resize=(500,271)&v=771",10 days ago,4,False,False,False,False,rlofZD1najO4oo1%2fZOrIFZV0fQ%2bHkDk2kSOkvAi0RE8%3d,False,2026-07-08T06:22:52.4970000Z,False,False,False,False,False,False,0,False,,,False,False,False,False,0,False,False,0,13282079069,False,790EBF77-35A7-44D7-958B-07A724AA83F0,False,False,True,2,4.3242116389693095,0.6262105234,,,,,,,,,,"[{'message': 'Popular Pick', 'qualifier': '9 tickets sold for this event', 'hasValue': True, 'messageType': 'BoughtInLastHourSocialProofBased'}]",[],30,30,"¥2,843,473",35.0,"¥1,000,775",,,,,,,
13388064315,153020449,314,122907,314,2,8,1_1,1,False,False,1,,False,False,[1],407,Upper,1,True,"[{'listingNoteId': 814, 'listingNoteContentId': 2446060, 'formattedListingNoteContent': 'Limited or Obstructed View (printed on ticket)', 'listingNoteTypeId': 1, 'showToBuyer': True, 'hideInMock': False, 'siteAddedListingNote': False, 'aisleListingNoteWithSplit': False, 'listingNoteDescriptionContentId': 2446061, 'formattedListingNoteDescription': 'Limited or Obstructed View (printed on ticket)'}]","[{'listingNoteBucketId': 21, 'formattedListingNoteContent': 'Limited view', 'displayOrder': 21, 'showsRawNoteText': False}]",703811,False,False,Row 8,False,1862758,"¥1,862,758","¥1,862,758",10,Mobile Transfer ticket,3,1,EUR,JPY,7300.0,EUR,"https://img.vggcdn.net/img/vfsimage2/812551/407_122907/0.jpg?im=Resize=(500,271)&v=771",9 hours ago,9,False,False,False,False,oLL2OxkHRIPD37ZnryBHRl%2fhfkXTqeL9mCQ5eYRyzxk%3d,False,2026-07-18T01:53:41.0600000Z,False,False,False,False,False,False,0,False,[7],,False,False,False,False,0,False,False,0,13388064315,False,006D2CB4-14D1-4144-8911-47B38F587FBB,False,False,True,5,8.690586371089868,1.114665508,,,,Last ticket,True,,,,,"[{'message': 'Amazing Value', 'qualifier': 'Based on price, view, seat quality and more', 'hasValue': True, 'messageType': 'ValueBased'}, {'message': 'Popular Pick', 'qualifier': '9 tickets sold for this event', 'hasValue': True, 'messageType': 'BoughtInLastHourSocialProofBased'}]",[],1,1,,,,,,,,,,
13389514915,153020449,204,122837,204,2,10,_,,False,False,1,,False,False,[1],471,Middle,1,True,"[{'listingNoteId': -1, 'listingNoteContentId': 3338094, 'formattedListingNoteContent': 'Clear view', 'listingNoteTypeId': 3, 'showToBuyer': True, 'hideInMock': False, 'siteAddedListingNote': False, 'aisleListingNoteWithSplit': False, 'listingNoteDescriptionContentId': 3338095, 'formattedListingNoteDescription': ""You'll have an unrestricted view of the show.""}]","[{'listingNoteBucketId': 27, 'formattedListingNoteContent': 'Clear view', 'displayOrder': 8, 'showsRawNoteText': True, 'sourceListingNoteId': -1}]",702762,False,False,Row 10,False,1862975,"¥1,862,975","¥1,862,975",10,Mobile Transfer ticket,3,1,USD,JPY,7380.0,USD,"https://img.vggcdn.net/img/vfsimage2/812551/471_122837/0.jpg?im=Resize=(500,271)&v=771",4 hours ago,7,False,False,False,False,jsz13f6s1bpTIPuKFFO5W5Jle2iG7jR2B9hQAyl0tN0%3d,False,2026-07-18T06:59:27.6670000Z,False,False,False,False,False,False,0,False,,,False,False,False,False,0,False,False,0,13389514915,False,453F9FDE-6E6B-4064-9048-01CB0E52DD9C,False,False,True,4,7.340623059785164,0.9234547256,,,,,,,,,,"[{'message': 'Great Value', 'qualifier': 'Based on price, view, seat quality and more', 'hasValue': True, 'messageType': 'ValueBased'}, {'message': 'Popular Pick', 'qualifier': '9 tickets sold for this event', 'hasValue': True, 'messageType': 'BoughtInLastHourSocialProofBased'}]",[],,,,,,,,,,,,
13388777392,153020449,348,122941,348,2,16,1268622113_1268622113,1268622113,False,False,1,,False,False,[1],407,Upper,1,True,"[{'listingNoteId': -1, 'listingNoteContentId': 3338094, 'formattedListingNoteContent': 'Clear view', 'listingNoteTypeId': 3, 'showToBuyer': True, 'hideInMock': False, 'siteAddedListingNote': False, 'aisleListingNoteWithSplit': False, 'listingNoteDescriptionContentId': 3338095, 'formattedListingNoteDescription': ""You'll have an unrestricted view of the show.""}]","[{'listingNoteBucketId': 27, 'formattedListingNoteContent': 'Clear view', 'displayOrder': 8, 'showsRawNoteText': True, 'sourceListingNoteId': -1}]",2113998,False,False,Row 16,False,1869990,"¥1,869,990","¥1,869,990",10,Mobile Transfer ticket,3,1,USD,JPY,5785.0,USD,"https://img.vggcdn.net/img/vfsimage2/812551/407_122941/0.jpg?im=Resize=(500,271)&v=771",6 hours ago,6,False,False,False,False,%2bGoUsP5iw6pcKloL4YtvM3Aies4KoI6ct%2f6Zx5qm2zM%3d,False,2026-07-18T04:38:21.9430000Z,False,False,False,False,False,False,0,False,,,False,False,False,False,0,False,False,0,13388777392,False,09CB6860-998F-4D92-B492-BD013E1CF967,False,False,True,3,5.637849529406299,0.7558231346,,,,,,,,,,"[{'message': 'Popular Pick', 'qualifier': '9 tickets sold for this event', 'hasValue': True, 'messageType': 'BoughtInLastHourSocialProofBased'}]",[],,,,,,,,,,,,
13388376987,153020449,227A,1530787,227A,2,9,14_14,14,False,False,1,,False,False,[1],471,Middle,1,True,"[{'listingNoteId': -1, 'listingNoteContentId': 3338094, 'formattedListingNoteContent': 'Clear view', 'listingNoteTypeId': 3, 'showToBuyer': True, 'hideInMock': False, 'siteAddedListingNote': False, 'aisleListingNoteWithSplit': False, 'listingNoteDescriptionContentId': 3338095, 'formattedListingNoteDescription': ""You'll have an unrestricted view of the show.""}]","[{'listingNoteBucketId': 27, 'formattedListingNoteContent': 'Clear view', 'displayOrder': 8, 'showsRawNoteText': True, 'sourceListingNoteId': -1}]",1593637,False,False,Row 9,False,1877788,"¥1,877,788","¥1,877,788",10,Mobile Transfer ticket,3,1,USD,JPY,0.0,USD,"https://img.vggcdn.net/img/vfsimage2/812551/471_1530787/0.jpg?im=Resize=(500,271)&v=771",7 hours ago,9,False,False,False,False,uimunnqxBTShltCcOjTikG5B3832dB%2bZ8AnhCtZLjUA%3d,False,2026-07-18T03:17:08.1970000Z,False,False,False,False,False,False,0,False,,,False,False,False,False,0,False,False,0,13388376987,False,2904CC4B-4E30-482D-9AA1-0B1C79A6B789,False,False,True,5,8.982278524252191,1.199491418,,,,,,,,,,"[{'message': 'Amazing Value', 'qualifier': 'Based on price, view, seat quality and more', 'hasValue': True, 'messageType': 'ValueBased'}, {'message': 'Popular Pick', 'qualifier': '9 tickets sold for this event', 'hasValue': True, 'messageType': 'BoughtInLastHourSocialProofBased'}]",[],14,14,,,,,,,,,,
13389857401,153020449,227A,1530787,227A,2,6,_,,False,False,1,,False,False,[1],471,Middle,1,True,"[{'listingNoteId': -1, 'listingNoteContentId': 3338094, 'formattedListingNoteContent': 'Clear view', 'listingNoteTypeId': 3, 'showToBuyer': True, 'hideInMock': False, 'siteAddedListingNote': False, 'aisleListingNoteWithSplit': False, 'listingNoteDescriptionContentId': 3338095, 'formattedListingNoteDescription': ""You'll have an unrestricted view of the show.""}]","[{'listingNoteBucketId': 27, 'formattedListingNoteContent': 'Clear view', 'displayOrder': 8, 'showsRawNoteText': True, 'sourceListingNoteId': -1}]",1593634,False,False,Row 6,False,1883637,"¥1,883,637","¥1,883,637",10,Mobile Transfer ticket,3,1,USD,JPY,6000.0,USD,"https://img.vggcdn.net/img/vfsimage2/812551/471_1530787/0.jpg?im=Resize=(500,271)&v=771",an hour ago,9,False,False,False,False,d7l%2bZOfASKc%2bIYl9laie%2bsoyz83mZ%2fr9DE0WjOQWuhA%3d,False,2026-07-18T09:33:16.1370000Z,False,False,False,False,False,False,0,False,,,False,False,False,False,0,False,False,0,13389857401,False,5F5C16E5-403E-4DAD-8B56-DB27B0008419,False,False,True,5,9.346568179889301,1.313971662,,,,,,,,,,"[{'message': 'Amazing Value', 'qualifier': 'Based on price, view, seat quality and more', 'hasValue': True, 'messageType': 'ValueBased'}, {'message': 'Popular Pick', 'qualifier': '9 tickets sold for this event', 'hasValue': True, 'messageType': 'BoughtInLastHourSocialProofBased'}]",[],,,,,,,,,,,,
13388029365,153020449,312,122905,312,2,23,16_16,16,False,False,1,,False,False,[1],407,Upper,1,True,"[{'listingNoteId': -1, 'listingNoteContentId': 3338094, 'formattedListingNoteContent': 'Clear view', 'listingNoteTypeId': 3, 'showToBuyer': True, 'hideInMock': False, 'siteAddedListingNote': False, 'aisleListingNoteWithSplit': False, 'listingNoteDescriptionContentId': 3338095, 'formattedListingNoteDescription': ""You'll have an unrestricted view of the show.""}]","[{'listingNoteBucketId': 27, 'formattedListingNoteContent': 'Clear view', 'displayOrder': 8, 'showsRawNoteText': True, 'sourceListingNoteId': -1}]",703782,False,False,Row 23,False,1896113,"¥1,896,113","¥1,896,113",10,Mobile Transfer ticket,3,1,USD,JPY,0.0,USD,"https://img.vggcdn.net/img/vfsimage2/812551/407_122905/0.jpg?im=Resize=(500,271)&v=771",9 hours ago,4,False,False,False,False,%2blBxrqh3g%2bhH4VtSKTXn66yi1r9gw9qzi4a6QhoyDjw%3d,False,2026-07-18T01:45:41.0300000Z,False,False,False,False,False,False,0,False,[7],,False,False,False,False,0,False,False,0,13388029365,False,1C4ABE9B-DB8E-4EF6-83F5-FB886AD9D28C,False,False,True,2,3.791090431765718,0.5974860618,,,,Last ticket,True,,,,,"[{'message': 'Popular Pick', 'qualifier': '9 tickets sold for this event', 'hasValue': True, 'messageType': 'BoughtInLastHourSocialProofBased'}]",[],16,16,,,,,,,,,,
13311781074,153020449,305,122898,305,2,17,_,,False,False,7,,False,False,"[1, 2, 3, 4, 5, 6, 7]",407,Upper,7,True,"[{'listingNoteId': -1, 'listingNoteContentId': 3338094, 'formattedListingNoteContent': 'Clear view', 'listingNoteTypeId': 3, 'showToBuyer': True, 'hideInMock': False, 'siteAddedListingNote': False, 'aisleListingNoteWithSplit': False, 'listingNoteDescriptionContentId': 3338095, 'formattedListingNoteDescription': ""You'll have an unrestricted view of the show.""}]","[{'listingNoteBucketId': 27, 'formattedListingNoteContent': 'Clear view', 'displayOrder': 8, 'showsRawNoteText': True, 'sourceListingNoteId': -1}]",2113670,False,False,Row 17,False,1897283,"¥1,897,283","¥1,897,283",10,Mobile Transfer ticket,3,1,USD,JPY,5785.0,USD,"https://img.vggcdn.net/img/vfsimage2/812551/407_122898/0.jpg?im=Resize=(500,271)&v=771",8 days ago,5,False,False,False,False,YaPguEoi3ngpfkCgwR%2bcNhWTKFAWqGCrTCsRq8dBQHo%3d,False,2026-07-10T07:19:52.1000000Z,False,False,False,True,False,False,0,False,[6],,False,False,False,False,0,False,False,0,13311781074,False,E1D51B70-EF97-4E25-9943-797CC90A41D4,False,False,True,3,5.027827120686497,0.7182422299,Fan favorite,This section is in the top 10% of sections for this event when ranked based on a count of successful sales over the past 7 days on our site,True,,,,,,,"[{'message': 'Popular Pick', 'qualifier': '9 tickets sold for this event', 'hasValue': True, 'messageType': 'BoughtInLastHourSocialProofBased'}]",[],,,,,,,,,,,,
13388445293,153020449,Supporters Club,2439116,Supporters Club,2,,_,,False,False,1,,False,False,[1],1068,Hospitality,1,True,"[{'listingNoteId': 2344, 'listingNoteContentId': 4216766, 'formattedListingNoteContent': 'Includes Offsite Hospitality', 'listingNoteTypeId': 3, 'showToBuyer': True, 'hideInMock': False, 'siteAddedListingNote': False, 'aisleListingNoteWithSplit': False, 'formattedListingNoteDescription': ''}, {'listingNoteId': -1, 'listingNoteContentId': 3338094, 'formattedListingNoteContent': 'Clear view', 'listingNoteTypeId': 3, 'showToBuyer': True, 'hideInMock': False, 'siteAddedListingNote': False, 'aisleListingNoteWithSplit': False, 'listingNoteDescriptionContentId': 3338095, 'formattedListingNoteDescription': ""You'll have an unrestricted view of the show.""}]","[{'listingNoteBucketId': 0, 'formattedListingNoteContent': 'Includes Offsite Hospitality', 'displayOrder': 30, 'showsRawNoteText': True, 'sourceListingNoteId': 2344}, {'listingNoteBucketId': 27, 'formattedListingNoteContent': 'Clear view', 'displayOrder': 8, 'showsRawNoteText': True, 'sourceListingNoteId': -1}]",4837383,False,False,Row,True,1914130,"¥1,914,130","¥1,914,130",10,Mobile Transfer ticket,3,1,GBP,JPY,2000.0,GBP,"https://img.vggcdn.net/img/vfsimage2/812551/1068_2439116/0.jpg?im=Resize=(500,271)&v=771",7 hours ago,10,False,False,False,False,D%2f2y5An55%2fueGjlDJQrfijulVMV3rn0lxXkArQug1IE%3d,False,2026-07-18T03:39:04.5630000Z,False,True,False,False,False,False,0,False,[1],,False,False,False,False,0,False,False,0,13388445293,False,E62FC509-8387-4231-A736-B2557DCE6257,False,False,True,5,9.95538670561314,1.577970786,,,,,,,,,,"[{'message': 'Amazing Value', 'qualifier': 'Based on price, view, seat quality and more', 'hasValue': True, 'messageType': 'ValueBased'}, {'message': 'Popular Pick', 'qualifier': '9 tickets sold for this event', 'hasValue': True, 'messageType': 'BoughtInLastHourSocialProofBased'}]",[],,,,,,Best deal,True,6aa8a73f-b069-4147-a316-ffc9e9280c2b,,,,
13347769336,153020449,344,122937,344,2,4,_,,False,False,3,,False,False,"[1, 3]",478,Loge,3,True,"[{'listingNoteId': -1, 'listingNoteContentId': 3338094, 'formattedListingNoteContent': 'Clear view', 'listingNoteTypeId': 3, 'showToBuyer': True, 'hideInMock': False, 'siteAddedListingNote': False, 'aisleListingNoteWithSplit': False, 'listingNoteDescriptionContentId': 3338095, 'formattedListingNoteDescription': ""You'll have an unrestricted view of the show.""}]","[{'listingNoteBucketId': 27, 'formattedListingNoteContent': 'Clear view', 'displayOrder': 8, 'showsRawNoteText': True, 'sourceListingNoteId': -1}]",1591268,False,False,Row 4,False,1940611,"¥1,940,611","¥1,940,611",10,Mobile Transfer ticket,3,1,GBP,JPY,3000.0,GBP,"https://img.vggcdn.net/img/vfsimage2/812551/478_122937/0.jpg?im=Resize=(500,271)&v=771",4 days ago,6,False,False,False,False,e%2brR7xGXvLO48wUuZ6CIK%2bSS7TUElpeSqvkTbnvyFRM%3d,False,2026-07-14T09:41:47.8100000Z,False,False,False,False,False,False,0,False,,,False,False,False,False,0,False,False,0,13347769336,False,46F23DFB-04E7-462E-9D3B-0B15A32A40B3,False,False,True,3,6.444040954730882,0.8614308766,,,,,,,,,,"[{'message': 'Popular Pick', 'qualifier': '9 tickets sold for this event', 'hasValue': True, 'messageType': 'BoughtInLastHourSocialProofBased'}]",[],,,,,,,,,,,,
13387921176,153020449,204,122837,204,2,11,_,,False,False,1,,False,False,[1],471,Middle,1,True,"[{'listingNoteId': -1, 'listingNoteContentId': 3338094, 'formattedListingNoteContent': 'Clear view', 'listingNoteTypeId': 3, 'showToBuyer': True, 'hideInMock': False, 'siteAddedListingNote': False, 'aisleListingNoteWithSplit': False, 'listingNoteDescriptionContentId': 3338095, 'formattedListingNoteDescription': ""You'll have an unrestricted view of the show.""}]","[{'listingNoteBucketId': 27, 'formattedListingNoteContent': 'Clear view', 'displayOrder': 8, 'showsRawNoteText': True, 'sourceListingNoteId': -1}]",702763,False,False,Row 11,False,1949139,"¥1,949,139","¥1,949,139",10,Mobile Transfer ticket,3,1,USD,JPY,7380.0,USD,"https://img.vggcdn.net/img/vfsimage2/812551/471_122837/0.jpg?im=Resize=(500,271)&v=771",9 hours ago,7,False,False,False,False,01SoK3NxLBhcojuOunjOn8%2f9%2fHbKG8sS9qez%2f48bCz8%3d,False,2026-07-18T01:23:34.2130000Z,False,False,False,False,False,False,0,False,,,False,False,False,False,0,False,False,0,13387921176,False,6D6C947B-A080-443A-86B3-80507C388730,False,False,True,3,6.712845029552234,0.8945174088,,,,,,,,,,"[{'message': 'Popular Pick', 'qualifier': '9 tickets sold for this event', 'hasValue': True, 'messageType': 'BoughtInLastHourSocialProofBased'}]",[],,,,,,,,,,,,
13388417669,153020449,310,122903,310,2,25,1_1,1,False,False,1,,False,False,[1],407,Upper,1,True,"[{'listingNoteId': -1, 'listingNoteContentId': 3338094, 'formattedListingNoteContent': 'Clear view', 'listingNoteTypeId': 3, 'showToBuyer': True, 'hideInMock': False, 'siteAddedListingNote': False, 'aisleListingNoteWithSplit': False, 'listingNoteDescriptionContentId': 3338095, 'formattedListingNoteDescription': ""You'll have an unrestricted view of the show.""}]","[{'listingNoteBucketId': 14, 'formattedListingNoteContent': 'Aisle seat', 'displayOrder': 14, 'showsRawNoteText': True, 'sourceListingNoteId': 2024}, {'listingNoteBucketId': 27, 'formattedListingNoteContent': 'Clear view', 'displayOrder': 8, 'showsRawNoteText': True, 'sourceListingNoteId': -1}]",703740,False,False,Row 25,False,1953233,"¥1,953,233","¥1,953,233",10,Mobile Transfer ticket,3,1,USD,JPY,0.0,USD,"https://img.vggcdn.net/img/vfsimage2/812551/407_122903/0.jpg?im=Resize=(500,271)&v=771",7 hours ago,4,False,False,False,False,6D8C%2bwCs5jON2R9N%2fHtbumP%2fYA7nKS2qrj1Pt5Oig64%3d,False,2026-07-18T03:33:13.9330000Z,False,False,False,False,False,False,0,False,,,False,False,False,False,0,False,False,0,13388417669,False,10841CC9-C0F4-432B-9999-7947B4A9A206,False,False,True,2,4.0548771864498745,0.6384740013,,,,,,,,,,"[{'message': 'Popular Pick', 'qualifier': '9 tickets sold for this event', 'hasValue': True, 'messageType': 'BoughtInLastHourSocialProofBased'}, {'message': 'Aisle Seat', 'qualifier': 'Easy access to your seat', 'hasValue': True, 'messageType': 'AisleSeatTicketAttributeBased'}]",[2024],1,1,,,,,,,,,,
13386366317,153020449,330,122923,330,2,16,_,,False,False,4,,False,False,"[1, 2, 4]",407,Upper,4,True,"[{'listingNoteId': -1, 'listingNoteContentId': 3338094, 'formattedListingNoteContent': 'Clear view', 'listingNoteTypeId': 3, 'showToBuyer': True, 'hideInMock': False, 'siteAddedListingNote': False, 'aisleListingNoteWithSplit': False, 'listingNoteDescriptionContentId': 3338095, 'formattedListingNoteDescription': ""You'll have an unrestricted view of the show.""}]","[{'listingNoteBucketId': 27, 'formattedListingNoteContent': 'Clear view', 'displayOrder': 8, 'showsRawNoteText': True, 'sourceListingNoteId': -1}]",2113911,False,False,Row 16,False,1960410,"¥1,960,410","¥1,960,410",10,Mobile Transfer ticket,3,1,USD,JPY,5785.0,USD,"https://img.vggcdn.net/img/vfsimage2/812551/407_122923/0.jpg?im=Resize=(500,271)&v=771",13 hours ago,6,False,False,False,False,U%2bT62biK%2fWlP5DtaWXXVMVDzraSrohAeZlIm98jdLMo%3d,False,2026-07-17T21:29:16.4600000Z,False,False,False,False,False,False,0,False,,,False,False,False,False,0,False,False,0,13386366317,False,1CB2367C-CDB9-42AB-BF97-113A0FF87D8D,False,False,True,3,5.782467380962332,0.8053004093,,,,,,,,,,"[{'message': 'Popular Pick', 'qualifier': '9 tickets sold for this event', 'hasValue': True, 'messageType': 'BoughtInLastHourSocialProofBased'}]",[],,,,,,,,,,,,
13235196517,153020449,331,122924,331,2,22,27_27,27,False,False,1,,False,False,[1],407,Upper,1,True,"[{'listingNoteId': -1, 'listingNoteContentId': 3338094, 'formattedListingNoteContent': 'Clear view', 'listingNoteTypeId': 3, 'showToBuyer': True, 'hideInMock': False, 'siteAddedListingNote': False, 'aisleListingNoteWithSplit': False, 'listingNoteDescriptionContentId': 3338095, 'formattedListingNoteDescription': ""You'll have an unrestricted view of the show.""}]","[{'listingNoteBucketId': 27, 'formattedListingNoteContent': 'Clear view', 'displayOrder': 8, 'showsRawNoteText': True, 'sourceListingNoteId': -1}]",2113937,False,False,Row 22,False,1963005,"¥1,963,005","¥1,963,005",10,Mobile Transfer ticket,3,1,EUR,JPY,2000.0,EUR,"https://img.vggcdn.net/img/vfsimage2/812551/407_122924/0.jpg?im=Resize=(500,271)&v=771",14 days ago,5,False,False,False,False,I4W4RcSUSJ3%2fmuvQEXJkuzE1BlPdJzXjYpMR%2fXqFll4%3d,False,2026-07-04T00:25:43.8300000Z,False,False,False,False,False,False,0,False,,,False,False,False,False,0,False,False,0,13235196517,False,936269AD-E7E9-4983-BAF3-08A55012D80E,False,False,True,2,4.954314708495119,0.7352945454,,,,,,,,,,"[{'message': 'Popular Pick', 'qualifier': '9 tickets sold for this event', 'hasValue': True, 'messageType': 'BoughtInLastHourSocialProofBased'}]",[],,,,,,,,,,,,
13387963813,153020449,203A,1530773,203A,2,4,_,,False,False,1,,False,False,[1],471,Middle,1,True,"[{'listingNoteId': -1, 'listingNoteContentId': 3338094, 'formattedListingNoteContent': 'Clear view', 'listingNoteTypeId': 3, 'showToBuyer': True, 'hideInMock': False, 'siteAddedListingNote': False, 'aisleListingNoteWithSplit': False, 'listingNoteDescriptionContentId': 3338095, 'formattedListingNoteDescription': ""You'll have an unrestricted view of the show.""}]","[{'listingNoteBucketId': 27, 'formattedListingNoteContent': 'Clear view', 'displayOrder': 8, 'showsRawNoteText': True, 'sourceListingNoteId': -1}]",1593523,False,False,Row 4,False,1965256,"¥1,965,256","¥1,965,256",10,Mobile Transfer ticket,3,1,GBP,JPY,5000.0,GBP,"https://img.vggcdn.net/img/vfsimage2/812551/471_1530773/0.jpg?im=Resize=(500,271)&v=771",9 hours ago,8,False,False,False,False,Fr4Iwh4sTkahTarCxyGlRs15jOJj0lXsni8DW8T8UeY%3d,False,2026-07-18T01:33:12.4470000Z,False,False,False,False,False,False,0,False,[7],,False,False,False,False,0,False,False,0,13387963813,False,8415B8A2-81C0-4416-8B88-F318DE09C7A4,False,False,True,4,8.339823680023029,1.104611135,,,,Last ticket,True,,,,,"[{'message': 'Great Value', 'qualifier': 'Based on price, view, seat quality and more', 'hasValue': True, 'messageType': 'ValueBased'}, {'message': 'Popular Pick', 'qualifier': '9 tickets sold for this event', 'hasValue': True, 'messageType': 'BoughtInLastHourSocialProofBased'}]",[],,,,,,,,,,,,
13386324405,153020449,205A,1530775,205A,2,11,1_1,1,False,False,1,,False,False,[1],471,Middle,1,True,"[{'listingNoteId': -1, 'listingNoteContentId': 3338094, 'formattedListingNoteContent': 'Clear view', 'listingNoteTypeId': 3, 'showToBuyer': True, 'hideInMock': False, 'siteAddedListingNote': False, 'aisleListingNoteWithSplit': False, 'listingNoteDescriptionContentId': 3338095, 'formattedListingNoteDescription': ""You'll have an unrestricted view of the show.""}]","[{'listingNoteBucketId': 14, 'formattedListingNoteContent': 'Aisle seat', 'displayOrder': 14, 'showsRawNoteText': True, 'sourceListingNoteId': 2024}, {'listingNoteBucketId': 27, 'formattedListingNoteContent': 'Clear view', 'displayOrder': 8, 'showsRawNoteText': True, 'sourceListingNoteId': -1}]",1593531,False,False,Row 11,False,1965514,"¥1,965,514","¥1,965,514",10,Mobile Transfer ticket,3,1,USD,JPY,0.0,USD,"https://img.vggcdn.net/img/vfsimage2/812551/471_1530775/0.jpg?im=Resize=(500,271)&v=771",13 hours ago,6,False,False,False,False,O9IaHd4cdVMIF8Mhmwn%2baTdQtw8X32U3pKyVtD1yv3E%3d,False,2026-07-17T21:20:55.0200000Z,False,False,False,False,False,False,0,False,,,False,False,False,False,0,False,False,0,13386324405,False,5E63CD4D-8441-41CC-A992-F89F557DF9FD,False,False,True,3,6.024947553982116,0.8300950617,,,,,,,,,,"[{'message': 'Popular Pick', 'qualifier': '9 tickets sold for this event', 'hasValue': True, 'messageType': 'BoughtInLastHourSocialProofBased'}, {'message': 'Aisle Seat', 'qualifier': 'Easy access to your seat', 'hasValue': True, 'messageType': 'AisleSeatTicketAttributeBased'}]",[2024],1,1,"¥2,606,488",25.0,"¥640,974",,,,,,,
13354336531,153020449,313,122906,313,2,24,_,,False,False,3,,False,False,"[1, 3]",407,Upper,3,True,"[{'listingNoteId': -1, 'listingNoteContentId': 3338094, 'formattedListingNoteContent': 'Clear view', 'listingNoteTypeId': 3, 'showToBuyer': True, 'hideInMock': False, 'siteAddedListingNote': False, 'aisleListingNoteWithSplit': False, 'listingNoteDescriptionContentId': 3338095, 'formattedListingNoteDescription': ""You'll have an unrestricted view of the show.""}]","[{'listingNoteBucketId': 27, 'formattedListingNoteContent': 'Clear view', 'displayOrder': 8, 'showsRawNoteText': True, 'sourceListingNoteId': -1}]",703805,False,False,Row 24,False,1967097,"¥1,967,097","¥1,967,097",10,Mobile Transfer ticket,3,1,USD,JPY,7380.0,USD,"https://img.vggcdn.net/img/vfsimage2/812551/407_122906/0.jpg?im=Resize=(500,271)&v=771",3 days ago,4,False,False,False,False,sMo5ORuBsBKXe5Kl3MQyXZ0hlQYwJvHnP9NEP5odo9A%3d,False,2026-07-15T00:36:36.5130000Z,False,False,False,False,False,False,0,False,,,False,False,False,False,0,False,False,0,13354336531,False,AE4F0382-96B7-4BF1-96C3-F931DD908DE6,False,False,True,2,4.006060001980791,0.6385939064,,,,,,,,,,"[{'message': 'Popular Pick', 'qualifier': '9 tickets sold for this event', 'hasValue': True, 'messageType': 'BoughtInLastHourSocialProofBased'}]",[],,,,,,,,,,,,
13386258854,153020449,301,122894,301,2,8,_,,False,False,7,,False,False,"[1, 2, 3, 4, 5, 7]",407,Upper,7,True,"[{'listingNoteId': -1, 'listingNoteContentId': 3338094, 'formattedListingNoteContent': 'Clear view', 'listingNoteTypeId': 3, 'showToBuyer': True, 'hideInMock': False, 'siteAddedListingNote': False, 'aisleListingNoteWithSplit': False, 'listingNoteDescriptionContentId': 3338095, 'formattedListingNoteDescription': ""You'll have an unrestricted view of the show.""}]","[{'listingNoteBucketId': 27, 'formattedListingNoteContent': 'Clear view', 'displayOrder': 8, 'showsRawNoteText': True, 'sourceListingNoteId': -1}]",2113595,False,False,Row 8,False,1982191,"¥1,982,191","¥1,982,191",10,Mobile Transfer ticket,3,1,USD,JPY,4875.32,USD,"https://img.vggcdn.net/img/vfsimage2/812551/407_122894/0.jpg?im=Resize=(500,271)&v=771",14 hours ago,6,False,False,False,False,iPqmlphI96oC0NPdIzQY5saz0taVYVfa5ag4Vdv5yqI%3d,False,2026-07-17T21:07:11.7030000Z,False,False,False,False,False,False,0,False,,,False,False,False,False,0,False,False,0,13386258854,False,F09F1793-5E90-416F-A74C-F21B5769751B,False,False,True,3,5.520584275783121,0.7908930164,,,,,,,,,,"[{'message': 'Popular Pick', 'qualifier': '9 tickets sold for this event', 'hasValue': True, 'messageType': 'BoughtInLastHourSocialProofBased'}]",[],,,,,,,,,,,,
13387411322,153020449,206A,1530776,206A,2,6,16_16,16,False,False,1,,False,False,[1],471,Middle,1,True,"[{'listingNoteId': -1, 'listingNoteContentId': 3338094, 'formattedListingNoteContent': 'Clear view', 'listingNoteTypeId': 3, 'showToBuyer': True, 'hideInMock': False, 'siteAddedListingNote': False, 'aisleListingNoteWithSplit': False, 'listingNoteDescriptionContentId': 3338095, 'formattedListingNoteDescription': ""You'll have an unrestricted view of the show.""}]","[{'listingNoteBucketId': 27, 'formattedListingNoteContent': 'Clear view', 'displayOrder': 8, 'showsRawNoteText': True, 'sourceListingNoteId': -1}]",1593549,False,False,Row 6,False,1994756,"¥1,994,756","¥1,994,756",10,Mobile Transfer ticket,3,1,USD,JPY,9000.0,USD,"https://img.vggcdn.net/img/vfsimage2/812551/471_1530776/0.jpg?im=Resize=(500,271)&v=771",11 hours ago,7,False,False,False,False,%2blBxrqh3g%2bhH4VtSKTXn66yi1r9gw9qzi4a6QhoyDjw%3d,False,2026-07-17T23:36:34.8200000Z,False,False,False,False,False,False,0,False,[7],,False,False,False,False,0,False,False,0,13387411322,False,F417E454-A2CB-4BBA-A72F-22ED904DC043,False,False,True,4,7.364405605718419,0.9915794249,,,,Last ticket,True,,,,,"[{'message': 'Great Value', 'qualifier': 'Based on price, view, seat quality and more', 'hasValue': True, 'messageType': 'ValueBased'}, {'message': 'Popular Pick', 'qualifier': '9 tickets sold for this event', 'hasValue': True, 'messageType': 'BoughtInLastHourSocialProofBased'}]",[],,,,,,,,,,,,
13388122309,153020449,313,122906,313,2,12,23_23,23,False,False,1,,False,False,[1],407,Upper,1,True,"[{'listingNoteId': -1, 'listingNoteContentId': 3338094, 'formattedListingNoteContent': 'Clear view', 'listingNoteTypeId': 3, 'showToBuyer': True, 'hideInMock': False, 'siteAddedListingNote': False, 'aisleListingNoteWithSplit': False, 'listingNoteDescriptionContentId': 3338095, 'formattedListingNoteDescription': ""You'll have an unrestricted view of the show.""}]","[{'listingNoteBucketId': 27, 'formattedListingNoteContent': 'Clear view', 'displayOrder': 8, 'showsRawNoteText': True, 'sourceListingNoteId': -1}]",703793,False,False,Row 12,False,1995731,"¥1,995,731","¥1,995,731",10,Mobile Transfer ticket,3,1,USD,JPY,7380.0,USD,"https://img.vggcdn.net/img/vfsimage2/812551/407_122906/0.jpg?im=Resize=(500,271)&v=771",9 hours ago,8,False,False,False,False,nBhBIAfJtW6vbA9vNO%2bMxVrTQHNtSM9fzNqYNHyUSPc%3d,False,2026-07-18T02:07:00.0670000Z,False,False,False,False,False,False,0,False,,,False,False,False,False,0,False,False,0,13388122309,False,79A8A675-EBA9-41A0-9B9C-6E167A3B5212,False,False,True,4,7.7696463718656,1.04211531,,,,,,,,,,"[{'message': 'Great Value', 'qualifier': 'Based on price, view, seat quality and more', 'hasValue': True, 'messageType': 'ValueBased'}, {'message': 'Popular Pick', 'qualifier': '9 tickets sold for this event', 'hasValue': True, 'messageType': 'BoughtInLastHourSocialProofBased'}]",[],23,23,,,,,,,,,,
13386258793,153020449,301,122894,301,2,7,_,,False,False,9,,False,False,"[1, 2, 3, 4, 5, 6, 7, 9]",407,Upper,9,True,"[{'listingNoteId': 2027, 'listingNoteContentId': 3415845, 'formattedListingNoteContent': 'Third Row of Section', 'listingNoteTypeId': 6, 'showToBuyer': True, 'hideInMock': False, 'siteAddedListingNote': False, 'aisleListingNoteWithSplit': False, 'listingNoteDescriptionContentId': 3415845, 'formattedListingNoteDescription': 'Third Row of Section'}, {'listingNoteId': -1, 'listingNoteContentId': 3338094, 'formattedListingNoteContent': 'Clear view', 'listingNoteTypeId': 3, 'showToBuyer': True, 'hideInMock': False, 'siteAddedListingNote': False, 'aisleListingNoteWithSplit': False, 'listingNoteDescriptionContentId': 3338095, 'formattedListingNoteDescription': ""You'll have an unrestricted view of the show.""}]","[{'listingNoteBucketId': 14, 'formattedListingNoteContent': 'Third Row of Section', 'displayOrder': 14, 'showsRawNoteText': True, 'sourceListingNoteId': 2027}, {'listingNoteBucketId': 27, 'formattedListingNoteContent': 'Clear view', 'displayOrder': 8, 'showsRawNoteText': True, 'sourceListingNoteId': -1}]",2113594,False,False,Row 7,False,1996519,"¥1,996,519","¥1,996,519",10,Mobile Transfer ticket,3,1,USD,JPY,4875.32,USD,"https://img.vggcdn.net/img/vfsimage2/812551/407_122894/0.jpg?im=Resize=(500,271)&v=771",14 hours ago,6,False,False,False,False,sUrx54oz9bvigPQp3hpWW0EbNCFyKvakKIuYXq1fqfQ%3d,False,2026-07-17T21:07:11.3770000Z,False,False,False,False,False,False,0,False,,,False,False,False,False,0,False,False,0,13386258793,False,34F87F4E-1AFB-4FEA-AD46-9C09369AA95C,False,False,True,3,5.517014695113819,0.7962998324,,,,,,,,,,"[{'message': 'Popular Pick', 'qualifier': '9 tickets sold for this event', 'hasValue': True, 'messageType': 'BoughtInLastHourSocialProofBased'}, {'message': 'Third Row', 'qualifier': 'Excellent proximity to the action', 'hasValue': True, 'messageType': 'ThirdRowTicketAttributeBased'}]",[2027],,,,,,,,,,,,
13314250406,153020449,Category 4,2140587,Category 4,3,,_,,False,False,2,,False,False,"[1, 2]",1327,Category 4,2,True,"[{'listingNoteId': -1, 'listingNoteContentId': 3338094, 'formattedListingNoteContent': 'Clear view', 'listingNoteTypeId': 3, 'showToBuyer': True, 'hideInMock': False, 'siteAddedListingNote': False, 'aisleListingNoteWithSplit': False, 'listingNoteDescriptionContentId': 3338095, 'formattedListingNoteDescription': ""You'll have an unrestricted view of the show.""}]","[{'listingNoteBucketId': 27, 'formattedListingNoteContent': 'Clear view', 'displayOrder': 8, 'showsRawNoteText': True, 'sourceListingNoteId': -1}]",4264996,False,False,Row,True,2001131,"¥2,001,131","¥2,001,131",10,Mobile Transfer ticket,3,1,USD,JPY,10000.0,USD,"https://img.vggcdn.net/img/vfsimage2/812551/1327_2140587/0.jpg?im=Resize=(500,271)&v=771",7 days ago,9,False,False,True,False,uaiHD1pdxgwGLpP97bbDk9SwolerWOY%2f19ozTpNT8qI%3d,False,2026-07-10T12:22:05.0670000Z,False,False,False,False,False,False,0,False,[7],,False,False,False,False,0,False,False,0,13314250406,False,C6F45130-9CDB-43F5-AC41-D0A52304169A,False,False,True,5,9.249141917609485,1.362416107,,,,Last tickets,True,,,,,"[{'message': 'Amazing Value', 'qualifier': 'Based on price, view, seat quality and more', 'hasValue': True, 'messageType': 'ValueBased'}, {'message': 'Popular Pick', 'qualifier': '9 tickets sold for this event', 'hasValue': True, 'messageType': 'BoughtInLastHourSocialProofBased'}]",[],,,,,,,,,,,,
13386324506,153020449,310,122903,310,2,20,_,,False,False,4,,False,False,"[1, 2, 3, 4]",407,Upper,4,True,"[{'listingNoteId': -1, 'listingNoteContentId': 3338094, 'formattedListingNoteContent': 'Clear view', 'listingNoteTypeId': 3, 'showToBuyer': True, 'hideInMock': False, 'siteAddedListingNote': False, 'aisleListingNoteWithSplit': False, 'listingNoteDescriptionContentId': 3338095, 'formattedListingNoteDescription': ""You'll have an unrestricted view of the show.""}]","[{'listingNoteBucketId': 27, 'formattedListingNoteContent': 'Clear view', 'displayOrder': 8, 'showsRawNoteText': True, 'sourceListingNoteId': -1}]",703735,False,False,Row 20,False,2007608,"¥2,007,608","¥2,007,608",10,Mobile Transfer ticket,3,1,EUR,JPY,1222.0,EUR,"https://img.vggcdn.net/img/vfsimage2/812551/407_122903/0.jpg?im=Resize=(500,271)&v=771",13 hours ago,5,False,False,False,False,RqwsJv2EyKlmDe%2b0W15lVQ0kKFx3b0BTr4B0b7ev0Lc%3d,False,2026-07-17T21:20:55.5370000Z,False,False,False,False,False,False,0,False,,,False,False,False,False,0,False,False,0,13386324506,False,FA752E99-945D-4AE2-BEC3-34D98EBBB9C3,False,False,True,2,4.526581191455334,0.7032113034,,,,,,,,,,"[{'message': 'Popular Pick', 'qualifier': '9 tickets sold for this event', 'hasValue': True, 'messageType': 'BoughtInLastHourSocialProofBased'}]",[],,,,,,,,,,,,
13318315128,153020449,311,122904,311,2,21,_,,False,False,4,,False,False,"[1, 2, 3, 4]",407,Upper,4,True,"[{'listingNoteId': -1, 'listingNoteContentId': 3338094, 'formattedListingNoteContent': 'Clear view', 'listingNoteTypeId': 3, 'showToBuyer': True, 'hideInMock': False, 'siteAddedListingNote': False, 'aisleListingNoteWithSplit': False, 'listingNoteDescriptionContentId': 3338095, 'formattedListingNoteDescription': ""You'll have an unrestricted view of the show.""}]","[{'listingNoteBucketId': 27, 'formattedListingNoteContent': 'Clear view', 'displayOrder': 8, 'showsRawNoteText': True, 'sourceListingNoteId': -1}]",703758,False,False,Row 21,False,2007608,"¥2,007,608","¥2,007,608",10,Mobile Transfer ticket,3,1,EUR,JPY,1222.0,EUR,"https://img.vggcdn.net/img/vfsimage2/812551/407_122904/0.jpg?im=Resize=(500,271)&v=771",7 days ago,4,False,False,False,False,RqwsJv2EyKlmDe%2b0W15lVQ0kKFx3b0BTr4B0b7ev0Lc%3d,False,2026-07-10T19:24:07.4600000Z,False,False,False,False,False,False,0,False,,,False,False,False,False,0,False,False,0,13318315128,False,4F9C727C-8B77-4716-B0FE-23ED44BB15AE,False,False,True,2,4.001025435889649,0.6512872162,,,,,,,,,,"[{'message': 'Popular Pick', 'qualifier': '9 tickets sold for this event', 'hasValue': True, 'messageType': 'BoughtInLastHourSocialProofBased'}]",[],,,,,,,,,,,,
13375653128,153020449,Spain Supporters,2447956,Spain Supporters,3,,_,,False,False,2,,False,False,"[1, 2]",1666,Spain Supporters,2,True,"[{'listingNoteId': -1, 'listingNoteContentId': 3338094, 'formattedListingNoteContent': 'Clear view', 'listingNoteTypeId': 3, 'showToBuyer': True, 'hideInMock': False, 'siteAddedListingNote': False, 'aisleListingNoteWithSplit': False, 'listingNoteDescriptionContentId': 3338095, 'formattedListingNoteDescription': ""You'll have an unrestricted view of the show.""}]","[{'listingNoteBucketId': 27, 'formattedListingNoteContent': 'Clear view', 'displayOrder': 8, 'showsRawNoteText': True, 'sourceListingNoteId': -1}]",4847586,False,False,Row,True,2007608,"¥2,007,608","¥2,007,608",10,Mobile Transfer ticket,3,1,EUR,JPY,1000.0,EUR,"https://img.vggcdn.net/img/vfsimage2/812551/1666_2447956/0.jpg?im=Resize=(500,271)&v=771",yesterday,0,False,False,True,True,WvYVfuyXjJdwi%2bMGaNYpIHJhvPQ7NAc970KT8tPia0o%3d,False,2026-07-16T19:33:25.1370000Z,False,False,False,False,False,False,0,False,[7],,False,False,False,False,0,False,False,0,13375653128,False,C1294046-98C9-4575-9704-DABB9F58D659,False,False,True,0,,,,,,Last tickets,True,,,,,"[{'message': 'Popular Pick', 'qualifier': '9 tickets sold for this event', 'hasValue': True, 'messageType': 'BoughtInLastHourSocialProofBased'}]",[],,,,,,,,,,,,
13388378252,153020449,228B,1530790,228B,2,12,_,,False,False,4,,False,False,"[1, 2, 4]",471,Middle,4,True,"[{'listingNoteId': -1, 'listingNoteContentId': 3338094, 'formattedListingNoteContent': 'Clear view', 'listingNoteTypeId': 3, 'showToBuyer': True, 'hideInMock': False, 'siteAddedListingNote': False, 'aisleListingNoteWithSplit': False, 'listingNoteDescriptionContentId': 3338095, 'formattedListingNoteDescription': ""You'll have an unrestricted view of the show.""}]","[{'listingNoteBucketId': 27, 'formattedListingNoteContent': 'Clear view', 'displayOrder': 8, 'showsRawNoteText': True, 'sourceListingNoteId': -1}]",2113505,False,False,Row 12,False,2011277,"¥2,011,277","¥2,011,277",10,Mobile Transfer ticket,3,1,USD,JPY,7380.0,USD,"https://img.vggcdn.net/img/vfsimage2/812551/471_1530790/0.jpg?im=Resize=(500,271)&v=771",7 hours ago,7,False,False,False,False,5M4Uc7NwqTmeVmv%2fG5aGPsEjWywFwmiPkLrxuq%2fO7gM%3d,False,2026-07-18T03:17:32.9170000Z,False,False,False,False,False,False,0,False,,,False,False,False,False,0,False,False,0,13388378252,False,78F3143E-A2FA-47A2-93E1-1CA43FFE94D1,False,False,True,3,6.789718389466578,0.9320674077,,,,,,,,,,"[{'message': 'Popular Pick', 'qualifier': '9 tickets sold for this event', 'hasValue': True, 'messageType': 'BoughtInLastHourSocialProofBased'}]",[],,,,,,,,,,,,
13388009537,153020449,204,122837,204,2,7,_,,False,False,1,,False,False,[1],471,Middle,1,True,"[{'listingNoteId': -1, 'listingNoteContentId': 3338094, 'formattedListingNoteContent': 'Clear view', 'listingNoteTypeId': 3, 'showToBuyer': True, 'hideInMock': False, 'siteAddedListingNote': False, 'aisleListingNoteWithSplit': False, 'listingNoteDescriptionContentId': 3338095, 'formattedListingNoteDescription': ""You'll have an unrestricted view of the show.""}]","[{'listingNoteBucketId': 27, 'formattedListingNoteContent': 'Clear view', 'displayOrder': 8, 'showsRawNoteText': True, 'sourceListingNoteId': -1}]",702759,False,False,Row 7,False,2054215,"¥2,054,215","¥2,054,215",10,Mobile Transfer ticket,3,1,USD,JPY,10750.0,USD,"https://img.vggcdn.net/img/vfsimage2/812551/471_122837/0.jpg?im=Resize=(500,271)&v=771",9 hours ago,7,False,False,False,False,3yLGUqmR43htIwDL%2bDW5HNREqj7lowKSWznmVIIn9zI%3d,False,2026-07-18T01:42:00.1730000Z,False,False,False,False,False,False,0,False,,,False,False,False,False,0,False,False,0,13388009537,False,8D1EB8F9-425D-41F4-ABCA-1CE2C44CC7FF,False,False,True,4,7.318305511207297,1.015593664,,,,,,,,,,"[{'message': 'Great Value', 'qualifier': 'Based on price, view, seat quality and more', 'hasValue': True, 'messageType': 'ValueBased'}, {'message': 'Popular Pick', 'qualifier': '9 tickets sold for this event', 'hasValue': True, 'messageType': 'BoughtInLastHourSocialProofBased'}]",[],,,,,,,,,,,,
13388378221,153020449,229,122855,229,2,10,_,,False,False,3,,False,False,"[1, 3]",471,Middle,3,True,"[{'listingNoteId': -1, 'listingNoteContentId': 3338094, 'formattedListingNoteContent': 'Clear view', 'listingNoteTypeId': 3, 'showToBuyer': True, 'hideInMock': False, 'siteAddedListingNote': False, 'aisleListingNoteWithSplit': False, 'listingNoteDescriptionContentId': 3338095, 'formattedListingNoteDescription': ""You'll have an unrestricted view of the show.""}]","[{'listingNoteBucketId': 27, 'formattedListingNoteContent': 'Clear view', 'displayOrder': 8, 'showsRawNoteText': True, 'sourceListingNoteId': -1}]",703185,False,False,Row 10,False,2054618,"¥2,054,618","¥2,054,618",10,Mobile Transfer ticket,3,1,USD,JPY,7380.0,USD,"https://img.vggcdn.net/img/vfsimage2/812551/471_122855/0.jpg?im=Resize=(500,271)&v=771",7 hours ago,7,False,False,False,False,m33J8Qnmp%2f3UM0CSyaBT4Oybxk5P%2fK4lXmvX3x9QHAw%3d,False,2026-07-18T03:17:32.5500000Z,False,False,False,True,False,False,0,False,[6],[7],False,False,False,False,0,False,False,0,13388378221,False,13A8A755-0EFF-451E-9E6F-0BD5C78B062A,False,False,True,3,6.677429861934513,0.9387479609,Fan favorite,This section is in the top 10% of sections for this event when ranked based on a count of successful sales over the past 7 days on our site,True,Last tickets,True,,,,,"[{'message': 'Popular Pick', 'qualifier': '9 tickets sold for this event', 'hasValue': True, 'messageType': 'BoughtInLastHourSocialProofBased'}]",[],,,,,,,,,,,,
13373771975,153020449,311,122904,311,2,8,_,,False,False,3,,False,False,"[1, 2, 3]",407,Upper,3,True,"[{'listingNoteId': -1, 'listingNoteContentId': 3338094, 'formattedListingNoteContent': 'Clear view', 'listingNoteTypeId': 3, 'showToBuyer': True, 'hideInMock': False, 'siteAddedListingNote': False, 'aisleListingNoteWithSplit': False, 'listingNoteDescriptionContentId': 3338095, 'formattedListingNoteDescription': ""You'll have an unrestricted view of the show.""}]","[{'listingNoteBucketId': 27, 'formattedListingNoteContent': 'Clear view', 'displayOrder': 8, 'showsRawNoteText': True, 'sourceListingNoteId': -1}]",703745,False,False,Row 8,False,2062511,"¥2,062,511","¥2,062,511",10,Mobile Transfer ticket,3,1,GBP,JPY,1111.0,GBP,"https://img.vggcdn.net/img/vfsimage2/812551/407_122904/0.jpg?im=Resize=(500,271)&v=771",yesterday,7,False,False,False,False,Off1xvYGSSszn1SF0Q%2fx%2fTNtTIbi40nW1oyD5yfHa%2bQ%3d,False,2026-07-16T16:11:41.9300000Z,False,False,False,False,False,False,0,False,,,False,False,False,False,0,False,False,0,13373771975,False,AA93F294-490E-4F6B-B174-6D86550DCD11,False,False,True,3,6.545438545270062,0.9270082586,,,,,,,,,,"[{'message': 'Popular Pick', 'qualifier': '9 tickets sold for this event', 'hasValue': True, 'messageType': 'BoughtInLastHourSocialProofBased'}]",[],,,,,,,,,,,,
13131180435,153020449,316,122909,316,2,13,14_14,14,False,False,1,,False,False,[1],407,Upper,1,True,"[{'listingNoteId': -1, 'listingNoteContentId': 3338094, 'formattedListingNoteContent': 'Clear view', 'listingNoteTypeId': 3, 'showToBuyer': True, 'hideInMock': False, 'siteAddedListingNote': False, 'aisleListingNoteWithSplit': False, 'listingNoteDescriptionContentId': 3338095, 'formattedListingNoteDescription': ""You'll have an unrestricted view of the show.""}]","[{'listingNoteBucketId': 27, 'formattedListingNoteContent': 'Clear view', 'displayOrder': 8, 'showsRawNoteText': True, 'sourceListingNoteId': -1}]",703860,False,False,Row 13,False,2070786,"¥2,070,786","¥2,070,786",10,Mobile Transfer ticket,3,1,USD,JPY,,USD,"https://img.vggcdn.net/img/vfsimage2/812551/407_122909/0.jpg?im=Resize=(500,271)&v=771",23 days ago,5,False,False,False,False,FiR7Dxf%2b9RhaojEg0K8ofMzIOwV%2fl0to%2fB6U1VC02nc%3d,False,2026-06-24T15:01:03.1330000Z,False,False,False,False,False,False,0,False,,,False,False,False,False,0,False,False,0,13131180435,False,C63486A6-1286-464D-907C-DE4B31ED8B4D,False,False,True,3,5.300803656495364,0.8068280863,,,,,,,,,,"[{'message': 'Popular Pick', 'qualifier': '9 tickets sold for this event', 'hasValue': True, 'messageType': 'BoughtInLastHourSocialProofBased'}]",[],14,14,"¥4,170,346",50.0,"¥2,099,560",,,,,,,
13389005105,153020449,225A,1530785,225A,2,4,_,,False,False,3,,False,False,"[1, 3]",471,Middle,3,True,"[{'listingNoteId': -1, 'listingNoteContentId': 3338094, 'formattedListingNoteContent': 'Clear view', 'listingNoteTypeId': 3, 'showToBuyer': True, 'hideInMock': False, 'siteAddedListingNote': False, 'aisleListingNoteWithSplit': False, 'listingNoteDescriptionContentId': 3338095, 'formattedListingNoteDescription': ""You'll have an unrestricted view of the show.""}]","[{'listingNoteBucketId': 27, 'formattedListingNoteContent': 'Clear view', 'displayOrder': 8, 'showsRawNoteText': True, 'sourceListingNoteId': -1}]",1593617,False,False,Row 4,False,2075112,"¥2,075,112","¥2,075,112",10,Mobile Transfer ticket,3,1,USD,JPY,7380.0,USD,"https://img.vggcdn.net/img/vfsimage2/812551/471_1530785/0.jpg?im=Resize=(500,271)&v=771",5 hours ago,9,False,False,False,False,uyaKi2uFjRAIwzm7jf9PUCw%2fyMqEnsnhA6ROCxJ1NKU%3d,False,2026-07-18T05:09:24.4570000Z,False,False,False,False,False,False,0,False,,,False,False,False,False,0,False,False,0,13389005105,False,9527DCC6-7360-40A1-A533-6D8BF6B36582,False,False,True,5,8.887237590645816,1.297047225,,,,,,,,,,"[{'message': 'Amazing Value', 'qualifier': 'Based on price, view, seat quality and more', 'hasValue': True, 'messageType': 'ValueBased'}, {'message': 'Popular Pick', 'qualifier': '9 tickets sold for this event', 'hasValue': True, 'messageType': 'BoughtInLastHourSocialProofBased'}]",[],,,,,,,,,,,,
13386456800,153020449,Supporters Club,2439116,Supporters Club,2,6,_,,False,False,1,,False,False,[1],1068,Hospitality,1,True,"[{'listingNoteId': 1025, 'listingNoteContentId': 2446491, 'formattedListingNoteContent': 'Includes unlimited food and soft drinks', 'listingNoteTypeId': 3, 'showToBuyer': True, 'hideInMock': False, 'siteAddedListingNote': False, 'aisleListingNoteWithSplit': False, 'listingNoteDescriptionContentId': 2446492, 'formattedListingNoteDescription': 'Includes unlimited food and soft drinks'}, {'listingNoteId': 2344, 'listingNoteContentId': 4216766, 'formattedListingNoteContent': 'Includes Offsite Hospitality', 'listingNoteTypeId': 3, 'showToBuyer': True, 'hideInMock': False, 'siteAddedListingNote': False, 'aisleListingNoteWithSplit': False, 'formattedListingNoteDescription': ''}, {'listingNoteId': -1, 'listingNoteContentId': 3338094, 'formattedListingNoteContent': 'Clear view', 'listingNoteTypeId': 3, 'showToBuyer': True, 'hideInMock': False, 'siteAddedListingNote': False, 'aisleListingNoteWithSplit': False, 'listingNoteDescriptionContentId': 3338095, 'formattedListingNoteDescription': ""You'll have an unrestricted view of the show.""}]","[{'listingNoteBucketId': 7, 'formattedListingNoteContent': 'Food & beverages', 'displayOrder': 7, 'showsRawNoteText': False}, {'listingNoteBucketId': 0, 'formattedListingNoteContent': 'Includes Offsite Hospitality', 'displayOrder': 30, 'showsRawNoteText': True, 'sourceListingNoteId': 2344}, {'listingNoteBucketId': 27, 'formattedListingNoteContent': 'Clear view', 'displayOrder': 8, 'showsRawNoteText': True, 'sourceListingNoteId': -1}]",4837383,False,False,Row 6,True,2097659,"¥2,097,659","¥2,097,659",10,Mobile Transfer ticket,3,1,GBP,JPY,2000.0,GBP,"https://img.vggcdn.net/img/vfsimage2/812551/1068_2439116/0.jpg?im=Resize=(500,271)&v=771",13 hours ago,10,False,False,False,False,o1N5KpHRvJzns8ERB%2fZq4Xbt7f3XMN42e3X%2f60KrTKo%3d,False,2026-07-17T21:46:18.4730000Z,False,False,False,False,False,False,0,False,,,False,False,False,False,0,False,False,0,13386456800,False,194E0E45-B7B3-4269-BB63-10EB7B85DD16,False,False,True,5,9.63418661205115,1.577970786,,,,,,,,,,"[{'message': 'Amazing Value', 'qualifier': 'Based on price, view, seat quality and more', 'hasValue': True, 'messageType': 'ValueBased'}, {'message': 'Popular Pick', 'qualifier': '9 tickets sold for this event', 'hasValue': True, 'messageType': 'BoughtInLastHourSocialProofBased'}]",[],,,,,,,,,,,,
13387902394,153020449,204,122837,204,2,11,_,,False,False,4,,False,False,"[1, 2, 4]",471,Middle,4,True,"[{'listingNoteId': -1, 'listingNoteContentId': 3338094, 'formattedListingNoteContent': 'Clear view', 'listingNoteTypeId': 3, 'showToBuyer': True, 'hideInMock': False, 'siteAddedListingNote': False, 'aisleListingNoteWithSplit': False, 'listingNoteDescriptionContentId': 3338095, 'formattedListingNoteDescription': ""You'll have an unrestricted view of the show.""}]","[{'listingNoteBucketId': 27, 'formattedListingNoteContent': 'Clear view', 'displayOrder': 8, 'showsRawNoteText': True, 'sourceListingNoteId': -1}]",702763,False,False,Row 11,False,2101977,"¥2,101,977","¥2,101,977",10,Mobile Transfer ticket,3,1,USD,JPY,7380.0,USD,"https://img.vggcdn.net/img/vfsimage2/812551/471_122837/0.jpg?im=Resize=(500,271)&v=771",9 hours ago,6,False,False,False,False,%2blBxrqh3g%2bhH4VtSKTXn66yi1r9gw9qzi4a6QhoyDjw%3d,False,2026-07-18T01:20:31.6400000Z,False,False,False,False,False,False,0,False,,,False,False,False,False,0,False,False,0,13387902394,False,AF73C689-F3FE-4F0E-82A8-A440711B7D6D,False,False,True,3,6.090289783447962,0.8945174088,,,,,,,,,,"[{'message': 'Popular Pick', 'qualifier': '9 tickets sold for this event', 'hasValue': True, 'messageType': 'BoughtInLastHourSocialProofBased'}]",[],,,,,,,,,,,,
13386258770,153020449,341,122934,341,2,18,_,,False,False,6,,False,False,"[1, 2, 3, 4, 6]",407,Upper,6,True,"[{'listingNoteId': -1, 'listingNoteContentId': 3338094, 'formattedListingNoteContent': 'Clear view', 'listingNoteTypeId': 3, 'showToBuyer': True, 'hideInMock': False, 'siteAddedListingNote': False, 'aisleListingNoteWithSplit': False, 'listingNoteDescriptionContentId': 3338095, 'formattedListingNoteDescription': ""You'll have an unrestricted view of the show.""}]","[{'listingNoteBucketId': 27, 'formattedListingNoteContent': 'Clear view', 'displayOrder': 8, 'showsRawNoteText': True, 'sourceListingNoteId': -1}]",704412,False,False,Row 18,False,2112293,"¥2,112,293","¥2,112,293",10,Mobile Transfer ticket,3,1,USD,JPY,8340.0,USD,"https://img.vggcdn.net/img/vfsimage2/812551/407_122934/0.jpg?im=Resize=(500,271)&v=771",14 hours ago,5,False,False,False,False,qholvpIzA0%2fW3h37PTEp3nXKkn9dBfafvH4zeO7CqGA%3d,False,2026-07-17T21:07:11.2430000Z,False,False,False,False,False,False,0,False,[7],,False,False,False,False,0,False,False,0,13386258770,False,E1811C82-6F5A-43A9-8B61-657F0551B27D,False,False,True,3,5.131750682249215,0.8083873733,,,,Last tickets,True,,,,,"[{'message': 'Popular Pick', 'qualifier': '9 tickets sold for this event', 'hasValue': True, 'messageType': 'BoughtInLastHourSocialProofBased'}]",[],,,,,,,,,,,,
13388733832,153020449,205A,1530775,205A,2,3,3_3,3,False,False,1,,False,False,[1],471,Middle,1,True,"[{'listingNoteId': 2027, 'listingNoteContentId': 3415845, 'formattedListingNoteContent': 'Third Row of Section', 'listingNoteTypeId': 6, 'showToBuyer': True, 'hideInMock': False, 'siteAddedListingNote': False, 'aisleListingNoteWithSplit': False, 'listingNoteDescriptionContentId': 3415845, 'formattedListingNoteDescription': 'Third Row of Section'}, {'listingNoteId': -1, 'listingNoteContentId': 3338094, 'formattedListingNoteContent': 'Clear view', 'listingNoteTypeId': 3, 'showToBuyer': True, 'hideInMock': False, 'siteAddedListingNote': False, 'aisleListingNoteWithSplit': False, 'listingNoteDescriptionContentId': 3338095, 'formattedListingNoteDescription': ""You'll have an unrestricted view of the show.""}]","[{'listingNoteBucketId': 14, 'formattedListingNoteContent': 'Third Row of Section', 'displayOrder': 14, 'showsRawNoteText': True, 'sourceListingNoteId': 2027}, {'listingNoteBucketId': 27, 'formattedListingNoteContent': 'Clear view', 'displayOrder': 8, 'showsRawNoteText': True, 'sourceListingNoteId': -1}]",1593534,False,False,Row 3,False,2133071,"¥2,133,071","¥2,133,071",10,Mobile Transfer ticket,3,1,USD,JPY,7630.0,USD,"https://img.vggcdn.net/img/vfsimage2/812551/471_1530775/0.jpg?im=Resize=(500,271)&v=771",6 hours ago,8,False,False,False,False,rp0yTCZAQJ3mNtGN5YNazNwnVIWWSn2%2bOACN%2fgj6vqU%3d,False,2026-07-18T04:33:03.0530000Z,False,False,False,False,False,False,0,False,,,False,False,False,False,0,False,False,0,13388733832,False,C153C1C0-92D2-44C9-AD2A-58F216B56D2E,False,False,True,4,8.008644003727248,1.148005168,,,,,,,,,,"[{'message': 'Great Value', 'qualifier': 'Based on price, view, seat quality and more', 'hasValue': True, 'messageType': 'ValueBased'}, {'message': 'Hidden gem', 'qualifier': ""Fans haven't spotted this one yet"", 'hasValue': True, 'messageType': 'HiddenGem'}, {'message': 'Third Row', 'qualifier': 'Excellent proximity to the action', 'hasValue': True, 'messageType': 'ThirdRowTicketAttributeBased'}]",[2027],3,3,"¥2,843,405",25.0,"¥710,334",,,,,,,
13388185537,153020449,205A,1530775,205A,2,2,6_9,6,False,False,4,,False,False,"[1, 2, 3, 4]",471,Middle,4,True,"[{'listingNoteId': 2026, 'listingNoteContentId': 3415844, 'formattedListingNoteContent': 'Second Row of Section', 'listingNoteTypeId': 6, 'showToBuyer': True, 'hideInMock': False, 'siteAddedListingNote': False, 'aisleListingNoteWithSplit': False, 'listingNoteDescriptionContentId': 3415844, 'formattedListingNoteDescription': 'Second Row of Section'}, {'listingNoteId': -1, 'listingNoteContentId': 3338094, 'formattedListingNoteContent': 'Clear view', 'listingNoteTypeId': 3, 'showToBuyer': True, 'hideInMock': False, 'siteAddedListingNote': False, 'aisleListingNoteWithSplit': False, 'listingNoteDescriptionContentId': 3338095, 'formattedListingNoteDescription': ""You'll have an unrestricted view of the show.""}]","[{'listingNoteBucketId': 14, 'formattedListingNoteContent': 'Second Row of Section', 'displayOrder': 14, 'showsRawNoteText': True, 'sourceListingNoteId': 2026}, {'listingNoteBucketId': 27, 'formattedListingNoteContent': 'Clear view', 'displayOrder': 8, 'showsRawNoteText': True, 'sourceListingNoteId': -1}]",1593533,False,False,Row 2,False,2133949,"¥2,133,949","¥2,133,949",10,Mobile Transfer ticket,3,1,USD,JPY,7380.0,USD,"https://img.vggcdn.net/img/vfsimage2/812551/471_1530775/0.jpg?im=Resize=(500,271)&v=771",8 hours ago,8,False,False,False,False,Bu0%2b9739QsUfwl4MVkmA6mThVRGMXzDx%2fRcTOmvZJgE%3d,False,2026-07-18T02:21:14.5830000Z,False,False,False,False,False,False,0,False,,,False,False,False,False,0,False,False,0,13388185537,False,E33BFC65-37C4-447E-8319-2DFFDA864C85,False,False,True,4,8.312248651352359,1.195032793,,,,,,,,,,"[{'message': 'Great Value', 'qualifier': 'Based on price, view, seat quality and more', 'hasValue': True, 'messageType': 'ValueBased'}, {'message': 'Hidden gem', 'qualifier': ""Fans haven't spotted this one yet"", 'hasValue': True, 'messageType': 'HiddenGem'}, {'message': 'Second Row', 'qualifier': 'Premium close-up view', 'hasValue': True, 'messageType': 'SecondRowTicketAttributeBased'}]",[2026],,,,,,,,,,,,
13388955631,153020449,319,122912,319,2,1,3_3,3,False,False,1,,False,False,[1],478,Loge,1,True,"[{'listingNoteId': 2025, 'listingNoteContentId': 3415843, 'formattedListingNoteContent': 'Front Row of Section', 'listingNoteTypeId': 6, 'showToBuyer': True, 'hideInMock': False, 'siteAddedListingNote': False, 'aisleListingNoteWithSplit': False, 'listingNoteDescriptionContentId': 3415843, 'formattedListingNoteDescription': 'Front Row of Section'}, {'listingNoteId': -1, 'listingNoteContentId': 3338094, 'formattedListingNoteContent': 'Clear view', 'listingNoteTypeId': 3, 'showToBuyer': True, 'hideInMock': False, 'siteAddedListingNote': False, 'aisleListingNoteWithSplit': False, 'listingNoteDescriptionContentId': 3338095, 'formattedListingNoteDescription': ""You'll have an unrestricted view of the show.""}]","[{'listingNoteBucketId': 14, 'formattedListingNoteContent': 'Front Row of Section', 'displayOrder': 14, 'showsRawNoteText': True, 'sourceListingNoteId': 2025}, {'listingNoteBucketId': 27, 'formattedListingNoteContent': 'Clear view', 'displayOrder': 8, 'showsRawNoteText': True, 'sourceListingNoteId': -1}]",1591109,False,False,Row 1,False,2142936,"¥2,142,936","¥2,142,936",10,Mobile Transfer ticket,3,14,USD,JPY,0.0,USD,"https://img.vggcdn.net/img/vfsimage2/812551/478_122912/0.jpg?im=Resize=(500,271)&v=771",6 hours ago,7,False,False,False,False,zkIyVyw03zOXLP42oU8dQueDywfNr%2bVsOG3mlHJxeq0%3d,False,2026-07-18T05:03:44.6170000Z,False,False,False,False,False,False,0,False,,,False,False,False,False,0,False,False,0,13388955631,False,9000485E-5386-459B-8249-BBF00A9EEC37,False,False,True,3,6.768205116366355,0.9903846434,,,,,,,,,,"[{'message': 'Popular Pick', 'qualifier': '9 tickets sold for this event', 'hasValue': True, 'messageType': 'BoughtInLastHourSocialProofBased'}, {'message': 'Front Row', 'qualifier': 'Best seats in the house', 'hasValue': True, 'messageType': 'FirstRowTicketAttributeBased'}]",[2025],,,,,,,,,,,,
13354520864,153020449,347,122940,347,2,16,5_7,5,False,False,3,,False,False,"[1, 2, 3]",407,Upper,3,True,"[{'listingNoteId': -1, 'listingNoteContentId': 3338094, 'formattedListingNoteContent': 'Clear view', 'listingNoteTypeId': 3, 'showToBuyer': True, 'hideInMock': False, 'siteAddedListingNote': False, 'aisleListingNoteWithSplit': False, 'listingNoteDescriptionContentId': 3338095, 'formattedListingNoteDescription': ""You'll have an unrestricted view of the show.""}]","[{'listingNoteBucketId': 27, 'formattedListingNoteContent': 'Clear view', 'displayOrder': 8, 'showsRawNoteText': True, 'sourceListingNoteId': -1}]",2113976,False,False,Row 16,False,2157935,"¥2,157,935","¥2,157,935",10,Mobile Transfer ticket,3,1,EUR,JPY,5059.0,EUR,"https://img.vggcdn.net/img/vfsimage2/812551/407_122940/0.jpg?im=Resize=(500,271)&v=771",3 days ago,5,False,False,False,False,PKB1Vpvak4jBcC%2boMr7S1Ss%2bwfd9r8vBN3ErjH1YiCo%3d,False,2026-07-15T00:57:58.7930000Z,False,False,False,False,False,False,0,False,,,False,False,False,False,0,False,False,0,13354520864,False,D0A9384E-0B17-46B3-A012-BA1FE1E985D7,False,False,True,2,4.526096259341032,0.7558231346,,,,,,,,,,"[{'message': 'Popular Pick', 'qualifier': '9 tickets sold for this event', 'hasValue': True, 'messageType': 'BoughtInLastHourSocialProofBased'}]",[],,,,,,,,,,,,
13385101871,153020449,221A,1530781,221A,2,11,_,,False,False,3,,False,False,"[1, 3]",471,Middle,3,True,"[{'listingNoteId': -1, 'listingNoteContentId': 3338094, 'formattedListingNoteContent': 'Clear view', 'listingNoteTypeId': 3, 'showToBuyer': True, 'hideInMock': False, 'siteAddedListingNote': False, 'aisleListingNoteWithSplit': False, 'listingNoteDescriptionContentId': 3338095, 'formattedListingNoteDescription': ""You'll have an unrestricted view of the show.""}]","[{'listingNoteBucketId': 27, 'formattedListingNoteContent': 'Clear view', 'displayOrder': 8, 'showsRawNoteText': True, 'sourceListingNoteId': -1}]",1593585,False,False,Row 11,False,2163452,"¥2,163,452","¥2,163,452",10,Mobile Transfer ticket,3,1,GBP,JPY,8000.0,GBP,"https://img.vggcdn.net/img/vfsimage2/812551/471_1530781/0.jpg?im=Resize=(500,271)&v=771",16 hours ago,6,False,False,False,False,tmZUaTnVJyWcGWEgMA0DOem1uoRxR%2fSa%2bQzOolB2CKM%3d,False,2026-07-17T18:43:25.3670000Z,False,False,False,False,False,False,0,False,[7],,False,False,False,False,0,False,False,0,13385101871,False,D7A7C3AB-C609-4747-9B62-2B677DE56ACE,False,False,True,3,5.940350861098737,0.9048350685,,,,Last tickets,True,,,,,"[{'message': 'Popular Pick', 'qualifier': '9 tickets sold for this event', 'hasValue': True, 'messageType': 'BoughtInLastHourSocialProofBased'}]",[],,,"¥3,113,155",31.0,"¥949,703",,,,,,,
13388469612,153020449,101,122782,101,2,17,2_2,2,False,False,1,,False,False,[1],594,Lower,1,True,"[{'listingNoteId': -1, 'listingNoteContentId': 3338094, 'formattedListingNoteContent': 'Clear view', 'listingNoteTypeId': 3, 'showToBuyer': True, 'hideInMock': False, 'siteAddedListingNote': False, 'aisleListingNoteWithSplit': False, 'listingNoteDescriptionContentId': 3338095, 'formattedListingNoteDescription': ""You'll have an unrestricted view of the show.""}]","[{'listingNoteBucketId': 27, 'formattedListingNoteContent': 'Clear view', 'displayOrder': 8, 'showsRawNoteText': True, 'sourceListingNoteId': -1}]",2112071,False,False,Row 17,False,2172548,"¥2,172,548","¥2,172,548",10,Mobile Transfer ticket,3,1,USD,JPY,,USD,"https://img.vggcdn.net/img/vfsimage2/812551/594_122782/0.jpg?im=Resize=(500,271)&v=771",7 hours ago,9,False,False,False,False,t6aTB3zAlsdIgWxprEnWxHjovS07xFP8i7IPKfvBO5E%3d,False,2026-07-18T03:45:19.0200000Z,False,False,False,False,False,False,0,False,,,False,False,False,False,0,False,False,0,13388469612,False,00386DA7-8FB4-4EAD-8F25-2A126125B694,False,False,True,5,8.979826817897532,1.387036462,,,,,,,,,,"[{'message': 'Amazing Value', 'qualifier': 'Based on price, view, seat quality and more', 'hasValue': True, 'messageType': 'ValueBased'}, {'message': 'Popular Pick', 'qualifier': '9 tickets sold for this event', 'hasValue': True, 'messageType': 'BoughtInLastHourSocialProofBased'}]",[],2,2,,,,,,,,,,
13388710306,153020449,101,122782,101,2,15,19_19,19,False,False,1,,False,False,[1],594,Lower,1,True,"[{'listingNoteId': 1706, 'listingNoteContentId': 2731454, 'formattedListingNoteContent': 'Standing 16+', 'listingNoteTypeId': 2, 'showToBuyer': True, 'hideInMock': False, 'siteAddedListingNote': False, 'aisleListingNoteWithSplit': False, 'listingNoteDescriptionContentId': 2731455, 'formattedListingNoteDescription': 'Must be over 16 to be in standing area'}, {'listingNoteId': -1, 'listingNoteContentId': 3338094, 'formattedListingNoteContent': 'Clear view', 'listingNoteTypeId': 3, 'showToBuyer': True, 'hideInMock': False, 'siteAddedListingNote': False, 'aisleListingNoteWithSplit': False, 'listingNoteDescriptionContentId': 3338095, 'formattedListingNoteDescription': ""You'll have an unrestricted view of the show.""}]","[{'listingNoteBucketId': 24, 'formattedListingNoteContent': 'Standing 16+', 'displayOrder': 24, 'showsRawNoteText': True, 'sourceListingNoteId': 1706}, {'listingNoteBucketId': 27, 'formattedListingNoteContent': 'Clear view', 'displayOrder': 8, 'showsRawNoteText': True, 'sourceListingNoteId': -1}]",2112069,False,False,Row 15,False,2189216,"¥2,189,216","¥2,189,216",10,Mobile Transfer ticket,3,1,USD,JPY,10990.0,USD,"https://img.vggcdn.net/img/vfsimage2/812551/594_122782/0.jpg?im=Resize=(500,271)&v=771",6 hours ago,9,False,False,False,False,Yd%2fglyEviL67%2fan85iD4oLU7O3cNptoq1irhF%2bljN5k%3d,False,2026-07-18T04:29:36.5570000Z,False,False,False,False,False,False,0,False,,,False,False,False,False,0,False,False,0,13388710306,False,01E3C24C-86C9-4F08-8496-2A54F2C4FA30,False,False,True,5,9.066061534215896,1.426116576,,,,,,,,,,"[{'message': 'Amazing Value', 'qualifier': 'Based on price, view, seat quality and more', 'hasValue': True, 'messageType': 'ValueBased'}, {'message': 'Popular Pick', 'qualifier': '9 tickets sold for this event', 'hasValue': True, 'messageType': 'BoughtInLastHourSocialProofBased'}]",[],19,19,,,,,,,,,,
13378238832,153020449,103,122783,103,2,41,18_18,18,False,False,1,,False,False,[1],594,Lower,1,True,"[{'listingNoteId': -1, 'listingNoteContentId': 3338094, 'formattedListingNoteContent': 'Clear view', 'listingNoteTypeId': 3, 'showToBuyer': True, 'hideInMock': False, 'siteAddedListingNote': False, 'aisleListingNoteWithSplit': False, 'listingNoteDescriptionContentId': 3338095, 'formattedListingNoteDescription': ""You'll have an unrestricted view of the show.""}]","[{'listingNoteBucketId': 27, 'formattedListingNoteContent': 'Clear view', 'displayOrder': 8, 'showsRawNoteText': True, 'sourceListingNoteId': -1}]",2112145,False,False,Row 41,False,2195155,"¥2,195,155","¥2,195,155",10,Mobile Transfer ticket,3,1,MXN,JPY,205510.0,MXN,"https://img.vggcdn.net/img/vfsimage2/812551/594_122783/0.jpg?im=Resize=(500,271)&v=771",yesterday,6,False,False,False,False,qI9zRs1G2UL0CRuZv6IU6ftwvwU69XdCa7BD2YaRIvo%3d,False,2026-07-17T00:41:35.0770000Z,False,False,False,True,False,False,0,False,[6],,False,False,False,False,0,False,False,0,13378238832,False,3364BF5F-E396-40E6-A52B-512404E7285C,False,False,True,3,6.439202150744745,0.9738733428,Fan favorite,This section is in the top 10% of sections for this event when ranked based on a count of successful sales over the past 7 days on our site,True,,,,,,,"[{'message': 'Popular Pick', 'qualifier': '9 tickets sold for this event', 'hasValue': True, 'messageType': 'BoughtInLastHourSocialProofBased'}]",[],18,18,,,,,,,,,,
13387134048,153020449,Category 1,1989399,Category 1,3,,_,,False,False,1,,False,False,[1],1245,Category 1,1,True,"[{'listingNoteId': -1, 'listingNoteContentId': 3338094, 'formattedListingNoteContent': 'Clear view', 'listingNoteTypeId': 3, 'showToBuyer': True, 'hideInMock': False, 'siteAddedListingNote': False, 'aisleListingNoteWithSplit': False, 'listingNoteDescriptionContentId': 3338095, 'formattedListingNoteDescription': ""You'll have an unrestricted view of the show.""}]","[{'listingNoteBucketId': 27, 'formattedListingNoteContent': 'Clear view', 'displayOrder': 8, 'showsRawNoteText': True, 'sourceListingNoteId': -1}]",3325458,False,False,Row,True,2197975,"¥2,197,975","¥2,197,975",10,Mobile Transfer ticket,3,1,EUR,JPY,5827.0,EUR,"https://img.vggcdn.net/img/vfsimage2/812551/1245_1989399/0.jpg?im=Resize=(500,271)&v=771",11 hours ago,8,False,False,True,False,MfBqly753I1gWJ%2fwGgAI09MkG0bngK0SfMew7IRRk1g%3d,False,2026-07-17T23:10:37.3770000Z,False,False,False,False,False,False,0,False,[7],,False,False,False,False,0,False,False,0,13387134048,False,EB421D21-1003-431A-9181-4E8C84FF0F50,False,False,True,4,8.36387730538221,1.2394394,,,,Last ticket,True,,,,,"[{'message': 'Great Value', 'qualifier': 'Based on price, view, seat quality and more', 'hasValue': True, 'messageType': 'ValueBased'}, {'message': 'Popular Pick', 'qualifier': '9 tickets sold for this event', 'hasValue': True, 'messageType': 'BoughtInLastHourSocialProofBased'}]",[],,,"¥2,819,109",22.0,"¥621,134",,,,,,,
13354336552,153020449,316,122909,316,2,11,_,,False,False,4,,False,False,"[1, 2, 4]",407,Upper,4,True,"[{'listingNoteId': -1, 'listingNoteContentId': 3338094, 'formattedListingNoteContent': 'Clear view', 'listingNoteTypeId': 3, 'showToBuyer': True, 'hideInMock': False, 'siteAddedListingNote': False, 'aisleListingNoteWithSplit': False, 'listingNoteDescriptionContentId': 3338095, 'formattedListingNoteDescription': ""You'll have an unrestricted view of the show.""}]","[{'listingNoteBucketId': 27, 'formattedListingNoteContent': 'Clear view', 'displayOrder': 8, 'showsRawNoteText': True, 'sourceListingNoteId': -1}]",703858,False,False,Row 11,False,2214122,"¥2,214,122","¥2,214,122",10,Mobile Transfer ticket,3,1,USD,JPY,7380.0,USD,"https://img.vggcdn.net/img/vfsimage2/812551/407_122909/0.jpg?im=Resize=(500,271)&v=771",3 days ago,5,False,False,False,False,2ehKFVWZUwEhhDRzB4C%2fCjPO5qEgQsIuazHfATOZWtc%3d,False,2026-07-15T00:36:36.5770000Z,False,False,False,False,False,False,0,False,,,False,False,False,False,0,False,False,0,13354336552,False,39B47ABC-87DE-42C7-B6D9-7ADFCE4F39CB,False,False,True,3,5.089683123822441,0.8436374913,,,,,,,,,,"[{'message': 'Popular Pick', 'qualifier': '9 tickets sold for this event', 'hasValue': True, 'messageType': 'BoughtInLastHourSocialProofBased'}]",[],,,,,,,,,,,,
13364211724,153020449,318,122911,318,2,5,16_16,16,False,False,1,,False,False,[1],407,Upper,1,True,"[{'listingNoteId': -1, 'listingNoteContentId': 3338094, 'formattedListingNoteContent': 'Clear view', 'listingNoteTypeId': 3, 'showToBuyer': True, 'hideInMock': False, 'siteAddedListingNote': False, 'aisleListingNoteWithSplit': False, 'listingNoteDescriptionContentId': 3338095, 'formattedListingNoteDescription': ""You'll have an unrestricted view of the show.""}]","[{'listingNoteBucketId': 27, 'formattedListingNoteContent': 'Clear view', 'displayOrder': 8, 'showsRawNoteText': True, 'sourceListingNoteId': -1}]",703896,False,False,Row 5,False,2228108,"¥2,228,108","¥2,228,108",10,Mobile Transfer ticket,3,1,USD,JPY,,USD,"https://img.vggcdn.net/img/vfsimage2/812551/407_122911/0.jpg?im=Resize=(500,271)&v=771",2 days ago,6,False,False,False,False,ILFzjXElhDdaRPjqrdnoZ7jzkh74MOvwiCJAfRTkTPc%3d,False,2026-07-15T21:27:47.2830000Z,False,False,False,False,False,False,0,False,[7],,False,False,False,False,0,False,False,0,13364211724,False,69AE08DC-D75C-482C-B73D-E6FECD56C6FD,False,False,True,3,6.228564956579899,0.9637732843,,,,Last ticket,True,,,,,"[{'message': 'Popular Pick', 'qualifier': '9 tickets sold for this event', 'hasValue': True, 'messageType': 'BoughtInLastHourSocialProofBased'}]",[],16,16,,,,,,,,,,
13342605089,153020449,104,122784,104,2,23,17_17,17,False,False,1,,False,False,[1],594,Lower,1,True,"[{'listingNoteId': -1, 'listingNoteContentId': 3338094, 'formattedListingNoteContent': 'Clear view', 'listingNoteTypeId': 3, 'showToBuyer': True, 'hideInMock': False, 'siteAddedListingNote': False, 'aisleListingNoteWithSplit': False, 'listingNoteDescriptionContentId': 3338095, 'formattedListingNoteDescription': ""You'll have an unrestricted view of the show.""}]","[{'listingNoteBucketId': 27, 'formattedListingNoteContent': 'Clear view', 'displayOrder': 8, 'showsRawNoteText': True, 'sourceListingNoteId': -1}]",2112174,False,False,Row 23,False,2228693,"¥2,228,693","¥2,228,693",10,Mobile Transfer ticket,3,1,USD,JPY,,USD,"https://img.vggcdn.net/img/vfsimage2/812551/594_122784/0.jpg?im=Resize=(500,271)&v=771",5 days ago,8,False,False,False,False,9pHjFlGWSiB0eLBtX%2fEuRpf7Pg7DRfWXJQJ57ccUp74%3d,False,2026-07-13T07:40:57.6000000Z,False,False,False,True,False,False,0,False,[6],,False,False,False,False,0,False,False,0,13342605089,False,DEE1A289-2F0D-4270-B92F-9306B2B1DCDC,False,False,True,4,8.48787179845846,1.27807123,Fan favorite,This section is in the top 10% of sections for this event when ranked based on a count of successful sales over the past 7 days on our site,True,,,,,,,"[{'message': 'Great Value', 'qualifier': 'Based on price, view, seat quality and more', 'hasValue': True, 'messageType': 'ValueBased'}, {'message': 'Popular Pick', 'qualifier': '9 tickets sold for this event', 'hasValue': True, 'messageType': 'BoughtInLastHourSocialProofBased'}]",[],17,17,,,,,,,,,,
13387080696,153020449,128,122798,128,2,21,_,,False,False,1,,False,False,[1],594,Lower,1,True,"[{'listingNoteId': -1, 'listingNoteContentId': 3338094, 'formattedListingNoteContent': 'Clear view', 'listingNoteTypeId': 3, 'showToBuyer': True, 'hideInMock': False, 'siteAddedListingNote': False, 'aisleListingNoteWithSplit': False, 'listingNoteDescriptionContentId': 3338095, 'formattedListingNoteDescription': ""You'll have an unrestricted view of the show.""}]","[{'listingNoteBucketId': 27, 'formattedListingNoteContent': 'Clear view', 'displayOrder': 8, 'showsRawNoteText': True, 'sourceListingNoteId': -1}]",2112826,False,False,Row 21,False,2230626,"¥2,230,626","¥2,230,626",10,Mobile Transfer ticket,3,1,EUR,JPY,10990.0,EUR,"https://img.vggcdn.net/img/vfsimage2/812551/594_122798/0.jpg?im=Resize=(500,271)&v=771",12 hours ago,9,False,False,False,False,Hg4qpTIcktleXtIiMQBbIt%2f8lBDzS6WTownI5T1umRk%3d,False,2026-07-17T23:05:59.8100000Z,False,False,False,False,False,False,0,False,[7],,False,False,False,False,0,False,False,0,13387080696,False,98E99574-F988-46F6-95DE-1AB64C8149AD,False,False,True,5,9.019332980305679,1.437252908,,,,Last ticket,True,,,,,"[{'message': 'Amazing Value', 'qualifier': 'Based on price, view, seat quality and more', 'hasValue': True, 'messageType': 'ValueBased'}, {'message': 'Popular Pick', 'qualifier': '9 tickets sold for this event', 'hasValue': True, 'messageType': 'BoughtInLastHourSocialProofBased'}]",[],,,,,,,,,,,,
13388880111,153020449,126,122797,126,2,29,_,,False,False,3,,False,False,"[1, 2, 3]",594,Lower,3,True,"[{'listingNoteId': -1, 'listingNoteContentId': 3338094, 'formattedListingNoteContent': 'Clear view', 'listingNoteTypeId': 3, 'showToBuyer': True, 'hideInMock': False, 'siteAddedListingNote': False, 'aisleListingNoteWithSplit': False, 'listingNoteDescriptionContentId': 3338095, 'formattedListingNoteDescription': ""You'll have an unrestricted view of the show.""}]","[{'listingNoteBucketId': 27, 'formattedListingNoteContent': 'Clear view', 'displayOrder': 8, 'showsRawNoteText': True, 'sourceListingNoteId': -1}]",2112786,False,False,Row 29,False,2230626,"¥2,230,626","¥2,230,626",10,Mobile Transfer ticket,3,1,EUR,JPY,10990.0,EUR,"https://img.vggcdn.net/img/vfsimage2/812551/594_122797/0.jpg?im=Resize=(500,271)&v=771",6 hours ago,9,False,False,False,False,Hg4qpTIcktleXtIiMQBbIt%2f8lBDzS6WTownI5T1umRk%3d,False,2026-07-18T04:51:47.6800000Z,False,False,False,False,False,False,0,False,,,False,False,False,False,0,False,False,0,13388880111,False,6FA90606-6C5E-4BF0-AE94-E289EFDFC687,False,False,True,5,8.555900564653925,1.296988872,,,,,,,,,,"[{'message': 'Amazing Value', 'qualifier': 'Based on price, view, seat quality and more', 'hasValue': True, 'messageType': 'ValueBased'}, {'message': 'Popular Pick', 'qualifier': '9 tickets sold for this event', 'hasValue': True, 'messageType': 'BoughtInLastHourSocialProofBased'}]",[],,,"¥2,849,029",22.0,"¥618,403",,,,,,,
13387977980,153020449,126,122797,126,2,32,_,,False,False,4,,False,False,"[1, 2, 3, 4]",594,Lower,4,True,"[{'listingNoteId': -1, 'listingNoteContentId': 3338094, 'formattedListingNoteContent': 'Clear view', 'listingNoteTypeId': 3, 'showToBuyer': True, 'hideInMock': False, 'siteAddedListingNote': False, 'aisleListingNoteWithSplit': False, 'listingNoteDescriptionContentId': 3338095, 'formattedListingNoteDescription': ""You'll have an unrestricted view of the show.""}]","[{'listingNoteBucketId': 27, 'formattedListingNoteContent': 'Clear view', 'displayOrder': 8, 'showsRawNoteText': True, 'sourceListingNoteId': -1}]",2112790,False,False,Row 32,False,2230626,"¥2,230,626","¥2,230,626",10,Mobile Transfer ticket,3,1,EUR,JPY,10990.0,EUR,"https://img.vggcdn.net/img/vfsimage2/812551/594_122797/0.jpg?im=Resize=(500,271)&v=771",9 hours ago,8,False,False,False,False,Hg4qpTIcktleXtIiMQBbIt%2f8lBDzS6WTownI5T1umRk%3d,False,2026-07-18T01:35:01.0630000Z,False,False,False,False,False,False,0,False,,,False,False,False,False,0,False,False,0,13387977980,False,F8DEA6FD-7584-4EF6-AC16-8CA657B8476E,False,False,True,4,8.301553912464584,1.247404249,,,,,,,,,,"[{'message': 'Great Value', 'qualifier': 'Based on price, view, seat quality and more', 'hasValue': True, 'messageType': 'ValueBased'}, {'message': 'Popular Pick', 'qualifier': '9 tickets sold for this event', 'hasValue': True, 'messageType': 'BoughtInLastHourSocialProofBased'}]",[],,,"¥2,849,029",22.0,"¥618,403",,,,,,,
13388880115,153020449,126,122797,126,2,37,_,,False,False,4,,False,False,"[1, 2, 3, 4]",594,Lower,4,True,"[{'listingNoteId': -1, 'listingNoteContentId': 3338094, 'formattedListingNoteContent': 'Clear view', 'listingNoteTypeId': 3, 'showToBuyer': True, 'hideInMock': False, 'siteAddedListingNote': False, 'aisleListingNoteWithSplit': False, 'listingNoteDescriptionContentId': 3338095, 'formattedListingNoteDescription': ""You'll have an unrestricted view of the show.""}]","[{'listingNoteBucketId': 27, 'formattedListingNoteContent': 'Clear view', 'displayOrder': 8, 'showsRawNoteText': True, 'sourceListingNoteId': -1}]",2112795,False,False,Row 37,False,2230626,"¥2,230,626","¥2,230,626",10,Mobile Transfer ticket,3,1,EUR,JPY,10990.0,EUR,"https://img.vggcdn.net/img/vfsimage2/812551/594_122797/0.jpg?im=Resize=(500,271)&v=771",6 hours ago,8,False,False,False,False,Hg4qpTIcktleXtIiMQBbIt%2f8lBDzS6WTownI5T1umRk%3d,False,2026-07-18T04:51:47.6900000Z,False,False,False,False,False,False,0,False,,,False,False,False,False,0,False,False,0,13388880115,False,B8D75FCA-A2AC-4EF1-826A-B054F24E9F99,False,False,True,4,7.796192550600483,1.168661515,,,,,,,,,,"[{'message': 'Great Value', 'qualifier': 'Based on price, view, seat quality and more', 'hasValue': True, 'messageType': 'ValueBased'}, {'message': 'Popular Pick', 'qualifier': '9 tickets sold for this event', 'hasValue': True, 'messageType': 'BoughtInLastHourSocialProofBased'}]",[],,,"¥2,849,029",22.0,"¥618,403",,,,,,,
13388880117,153020449,126,122797,126,2,42,_,,False,False,4,,False,False,"[1, 2, 3, 4]",594,Lower,4,True,"[{'listingNoteId': -1, 'listingNoteContentId': 3338094, 'formattedListingNoteContent': 'Clear view', 'listingNoteTypeId': 3, 'showToBuyer': True, 'hideInMock': False, 'siteAddedListingNote': False, 'aisleListingNoteWithSplit': False, 'listingNoteDescriptionContentId': 3338095, 'formattedListingNoteDescription': ""You'll have an unrestricted view of the show.""}]","[{'listingNoteBucketId': 27, 'formattedListingNoteContent': 'Clear view', 'displayOrder': 8, 'showsRawNoteText': True, 'sourceListingNoteId': -1}]",2112801,False,False,Row 42,False,2230626,"¥2,230,626","¥2,230,626",10,Mobile Transfer ticket,3,1,EUR,JPY,10990.0,EUR,"https://img.vggcdn.net/img/vfsimage2/812551/594_122797/0.jpg?im=Resize=(500,271)&v=771",6 hours ago,7,False,False,False,False,Hg4qpTIcktleXtIiMQBbIt%2f8lBDzS6WTownI5T1umRk%3d,False,2026-07-18T04:51:47.6930000Z,False,False,False,False,False,False,0,False,,,False,False,False,False,0,False,False,0,13388880117,False,588E6E7A-A3FB-49C3-8B0E-DF5605A22628,False,False,True,4,7.254077158782412,1.094543145,,,,,,,,,,"[{'message': 'Great Value', 'qualifier': 'Based on price, view, seat quality and more', 'hasValue': True, 'messageType': 'ValueBased'}, {'message': 'Popular Pick', 'qualifier': '9 tickets sold for this event', 'hasValue': True, 'messageType': 'BoughtInLastHourSocialProofBased'}]",[],,,"¥2,849,029",22.0,"¥618,403",,,,,,,
13388880116,153020449,126,122797,126,2,43,_,,False,False,4,,False,False,"[1, 2, 3, 4]",594,Lower,4,True,"[{'listingNoteId': -1, 'listingNoteContentId': 3338094, 'formattedListingNoteContent': 'Clear view', 'listingNoteTypeId': 3, 'showToBuyer': True, 'hideInMock': False, 'siteAddedListingNote': False, 'aisleListingNoteWithSplit': False, 'listingNoteDescriptionContentId': 3338095, 'formattedListingNoteDescription': ""You'll have an unrestricted view of the show.""}]","[{'listingNoteBucketId': 27, 'formattedListingNoteContent': 'Clear view', 'displayOrder': 8, 'showsRawNoteText': True, 'sourceListingNoteId': -1}]",2112802,False,False,Row 43,False,2230626,"¥2,230,626","¥2,230,626",10,Mobile Transfer ticket,3,1,EUR,JPY,10990.0,EUR,"https://img.vggcdn.net/img/vfsimage2/812551/594_122797/0.jpg?im=Resize=(500,271)&v=771",6 hours ago,7,False,False,False,False,Hg4qpTIcktleXtIiMQBbIt%2f8lBDzS6WTownI5T1umRk%3d,False,2026-07-18T04:51:47.6900000Z,False,False,False,False,False,False,0,False,,,False,False,False,False,0,False,False,0,13388880116,False,E2F869CE-5C08-441E-B439-5B9F74CC7FF9,False,False,True,4,7.140979995810376,1.080250209,,,,,,,,,,"[{'message': 'Great Value', 'qualifier': 'Based on price, view, seat quality and more', 'hasValue': True, 'messageType': 'ValueBased'}, {'message': 'Popular Pick', 'qualifier': '9 tickets sold for this event', 'hasValue': True, 'messageType': 'BoughtInLastHourSocialProofBased'}]",[],,,"¥2,849,029",22.0,"¥618,403",,,,,,,
13388880120,153020449,126,122797,126,2,45,_,,False,False,4,,False,False,"[1, 2, 3, 4]",594,Lower,4,True,"[{'listingNoteId': -1, 'listingNoteContentId': 3338094, 'formattedListingNoteContent': 'Clear view', 'listingNoteTypeId': 3, 'showToBuyer': True, 'hideInMock': False, 'siteAddedListingNote': False, 'aisleListingNoteWithSplit': False, 'listingNoteDescriptionContentId': 3338095, 'formattedListingNoteDescription': ""You'll have an unrestricted view of the show.""}]","[{'listingNoteBucketId': 27, 'formattedListingNoteContent': 'Clear view', 'displayOrder': 8, 'showsRawNoteText': True, 'sourceListingNoteId': -1}]",2112804,False,False,Row 45,False,2230626,"¥2,230,626","¥2,230,626",10,Mobile Transfer ticket,3,1,EUR,JPY,10990.0,EUR,"https://img.vggcdn.net/img/vfsimage2/812551/594_122797/0.jpg?im=Resize=(500,271)&v=771",6 hours ago,7,False,False,False,False,Hg4qpTIcktleXtIiMQBbIt%2f8lBDzS6WTownI5T1umRk%3d,False,2026-07-18T04:51:47.7200000Z,False,False,False,False,False,False,0,False,,,False,False,False,False,0,False,False,0,13388880120,False,F4CF6C2F-745D-43C0-A39F-41665650645D,False,False,True,3,6.927451500765732,1.052178167,,,,,,,,,,"[{'message': 'Popular Pick', 'qualifier': '9 tickets sold for this event', 'hasValue': True, 'messageType': 'BoughtInLastHourSocialProofBased'}]",[],,,"¥2,849,029",22.0,"¥618,403",,,,,,,
13388880118,153020449,126,122797,126,2,46,_,,False,False,4,,False,False,"[1, 2, 3, 4]",594,Lower,4,True,"[{'listingNoteId': -1, 'listingNoteContentId': 3338094, 'formattedListingNoteContent': 'Clear view', 'listingNoteTypeId': 3, 'showToBuyer': True, 'hideInMock': False, 'siteAddedListingNote': False, 'aisleListingNoteWithSplit': False, 'listingNoteDescriptionContentId': 3338095, 'formattedListingNoteDescription': ""You'll have an unrestricted view of the show.""}]","[{'listingNoteBucketId': 27, 'formattedListingNoteContent': 'Clear view', 'displayOrder': 8, 'showsRawNoteText': True, 'sourceListingNoteId': -1}]",2112805,False,False,Row 46,False,2230626,"¥2,230,626","¥2,230,626",10,Mobile Transfer ticket,3,1,EUR,JPY,10990.0,EUR,"https://img.vggcdn.net/img/vfsimage2/812551/594_122797/0.jpg?im=Resize=(500,271)&v=771",6 hours ago,7,False,False,False,False,Hg4qpTIcktleXtIiMQBbIt%2f8lBDzS6WTownI5T1umRk%3d,False,2026-07-18T04:51:47.7030000Z,False,False,False,False,False,False,0,False,,,False,False,False,False,0,False,False,0,13388880118,False,F8293704-38E9-45E2-B2EF-3CA86E4BB9AB,False,False,True,3,6.824940419281523,1.038394948,,,,,,,,,,"[{'message': 'Popular Pick', 'qualifier': '9 tickets sold for this event', 'hasValue': True, 'messageType': 'BoughtInLastHourSocialProofBased'}]",[],,,"¥2,849,029",22.0,"¥618,403",,,,,,,
13375642950,153020449,Argentina Supporters,2449432,Argentina Supporters,3,,_,,False,False,2,,False,False,"[1, 2]",36868,Argentina Supporters,2,True,"[{'listingNoteId': -1, 'listingNoteContentId': 3338094, 'formattedListingNoteContent': 'Clear view', 'listingNoteTypeId': 3, 'showToBuyer': True, 'hideInMock': False, 'siteAddedListingNote': False, 'aisleListingNoteWithSplit': False, 'listingNoteDescriptionContentId': 3338095, 'formattedListingNoteDescription': ""You'll have an unrestricted view of the show.""}]","[{'listingNoteBucketId': 27, 'formattedListingNoteContent': 'Clear view', 'displayOrder': 8, 'showsRawNoteText': True, 'sourceListingNoteId': -1}]",4849984,False,False,Row,True,2230626,"¥2,230,626","¥2,230,626",10,Mobile Transfer ticket,3,1,EUR,JPY,1000.0,EUR,"https://img.vggcdn.net/img/vfsimage2/812551/36868_2449432/0.jpg?im=Resize=(500,271)&v=771",yesterday,0,False,False,True,True,R3Ot6TLQGRnNyQ0I%2bawptbpUuL7C2FIeDnOAA74O7Wc%3d,False,2026-07-16T19:32:05.2900000Z,False,False,False,False,False,False,0,False,[7],,False,False,False,False,0,False,False,0,13375642950,False,8F586DF3-830E-4134-BED9-155416A4C310,False,False,True,0,,,,,,Last tickets,True,,,,,"[{'message': 'Popular Pick', 'qualifier': '9 tickets sold for this event', 'hasValue': True, 'messageType': 'BoughtInLastHourSocialProofBased'}]",[],,,,,,,,,,,,
13387921172,153020449,227A,1530787,227A,2,9,_,,False,False,1,,False,False,[1],471,Middle,1,True,"[{'listingNoteId': -1, 'listingNoteContentId': 3338094, 'formattedListingNoteContent': 'Clear view', 'listingNoteTypeId': 3, 'showToBuyer': True, 'hideInMock': False, 'siteAddedListingNote': False, 'aisleListingNoteWithSplit': False, 'listingNoteDescriptionContentId': 3338095, 'formattedListingNoteDescription': ""You'll have an unrestricted view of the show.""}]","[{'listingNoteBucketId': 27, 'formattedListingNoteContent': 'Clear view', 'displayOrder': 8, 'showsRawNoteText': True, 'sourceListingNoteId': -1}]",1593637,False,False,Row 9,False,2235711,"¥2,235,711","¥2,235,711",10,Mobile Transfer ticket,3,1,USD,JPY,7380.0,USD,"https://img.vggcdn.net/img/vfsimage2/812551/471_1530787/0.jpg?im=Resize=(500,271)&v=771",9 hours ago,8,False,False,False,False,MKUzheSHDoUEFpGAcf40xaAL4D%2bkOq68WSzjT96YN6g%3d,False,2026-07-18T01:23:34.2070000Z,False,False,False,False,False,False,0,False,,,False,False,False,False,0,False,False,0,13387921172,False,C7371F52-06B2-4416-A410-1C4214B7090B,False,False,True,4,7.984180439533374,1.199491418,,,,,,,,,,"[{'message': 'Great Value', 'qualifier': 'Based on price, view, seat quality and more', 'hasValue': True, 'messageType': 'ValueBased'}, {'message': 'Popular Pick', 'qualifier': '9 tickets sold for this event', 'hasValue': True, 'messageType': 'BoughtInLastHourSocialProofBased'}]",[],,,,,,,,,,,,
13303441840,153020449,228B,1530790,228B,2,8,22_23,22,False,False,2,,False,False,"[1, 2]",471,Middle,2,True,"[{'listingNoteId': -1, 'listingNoteContentId': 3338094, 'formattedListingNoteContent': 'Clear view', 'listingNoteTypeId': 3, 'showToBuyer': True, 'hideInMock': False, 'siteAddedListingNote': False, 'aisleListingNoteWithSplit': False, 'listingNoteDescriptionContentId': 3338095, 'formattedListingNoteDescription': ""You'll have an unrestricted view of the show.""}]","[{'listingNoteBucketId': 27, 'formattedListingNoteContent': 'Clear view', 'displayOrder': 8, 'showsRawNoteText': True, 'sourceListingNoteId': -1}]",2113518,False,False,Row 8,False,2242339,"¥2,242,339","¥2,242,339",10,Mobile Transfer ticket,3,1,USD,JPY,500.0,USD,"https://img.vggcdn.net/img/vfsimage2/812551/471_1530790/0.jpg?im=Resize=(500,271)&v=771",8 days ago,6,False,False,False,False,IKEGJ3U41I5Eu8jBhIdr0HfmgoCJD0vmUYz9k1fmFdk%3d,False,2026-07-09T15:50:11.5470000Z,False,False,False,False,False,False,0,False,,,False,False,False,False,0,False,False,0,13303441840,False,DFB85BE9-86A9-4BB3-A5DF-44247EDC6187,False,False,True,3,6.417999624847347,0.9922490341,,,,,,,,,,"[{'message': 'Popular Pick', 'qualifier': '9 tickets sold for this event', 'hasValue': True, 'messageType': 'BoughtInLastHourSocialProofBased'}]",[],,,,,,,,,,,,
13321902226,153020449,344,122937,344,2,3,13_13,13,False,False,1,,False,False,[1],478,Loge,1,True,"[{'listingNoteId': -1, 'listingNoteContentId': 3338094, 'formattedListingNoteContent': 'Clear view', 'listingNoteTypeId': 3, 'showToBuyer': True, 'hideInMock': False, 'siteAddedListingNote': False, 'aisleListingNoteWithSplit': False, 'listingNoteDescriptionContentId': 3338095, 'formattedListingNoteDescription': ""You'll have an unrestricted view of the show.""}]","[{'listingNoteBucketId': 27, 'formattedListingNoteContent': 'Clear view', 'displayOrder': 8, 'showsRawNoteText': True, 'sourceListingNoteId': -1}]",1591267,False,False,Row 3,False,2279750,"¥2,279,750","¥2,279,750",10,Mobile Transfer ticket,3,1,USD,JPY,,USD,"https://img.vggcdn.net/img/vfsimage2/812551/478_122937/0.jpg?im=Resize=(500,271)&v=771",7 days ago,5,False,False,False,False,7ByhPC%2fbL%2f7Tnuj6aOWue0gqPFPwR8hxtno5vAaJ%2b2k%3d,False,2026-07-11T01:59:46.4600000Z,False,False,False,False,False,False,0,False,,,False,False,False,False,0,False,False,0,13321902226,False,8E2C7937-7E13-4465-839B-F542FA8AE8AC,False,False,True,3,5.134535925731766,0.8727423851,,,,,,,,,,"[{'message': 'Popular Pick', 'qualifier': '9 tickets sold for this event', 'hasValue': True, 'messageType': 'BoughtInLastHourSocialProofBased'}]",[],13,13,"¥3,222,495",29.0,"¥942,745",,,,,,,
13377987103,153020449,334,122927,334,2,,_,,False,False,2,,False,False,"[1, 2]",407,Upper,2,True,"[{'listingNoteId': -1, 'listingNoteContentId': 3338094, 'formattedListingNoteContent': 'Clear view', 'listingNoteTypeId': 3, 'showToBuyer': True, 'hideInMock': False, 'siteAddedListingNote': False, 'aisleListingNoteWithSplit': False, 'listingNoteDescriptionContentId': 3338095, 'formattedListingNoteDescription': ""You'll have an unrestricted view of the show.""}]","[{'listingNoteBucketId': 27, 'formattedListingNoteContent': 'Clear view', 'displayOrder': 8, 'showsRawNoteText': True, 'sourceListingNoteId': -1}]",108899,False,False,Row,True,2280627,"¥2,280,627","¥2,280,627",10,Mobile Transfer ticket,3,1,USD,JPY,10000.0,USD,"https://img.vggcdn.net/img/vfsimage2/812551/407_122927/0.jpg?im=Resize=(500,271)&v=771",yesterday,3,False,False,False,False,ofZxfrFxb0ereAmj5He%2f3HvGVbyuBcSJ0JO4UmflgHs%3d,False,2026-07-17T00:14:48.3470000Z,False,False,False,True,False,False,0,False,[6],[7],False,False,False,False,0,False,False,0,13377987103,False,42B87EE3-C52C-48EC-B367-2472BC70647B,False,False,True,2,3.124104084741983,0.6587196376,Fan favorite,This section is in the top 10% of sections for this event when ranked based on a count of successful sales over the past 7 days on our site,True,Last tickets,True,,,,,"[{'message': 'Popular Pick', 'qualifier': '9 tickets sold for this event', 'hasValue': True, 'messageType': 'BoughtInLastHourSocialProofBased'}]",[],,,,,,,,,,,,
13285866325,153020449,323,122916,323,2,5,19_19,19,False,False,1,,False,False,[1],407,Upper,1,True,"[{'listingNoteId': 811, 'listingNoteContentId': 2446054, 'formattedListingNoteContent': 'Actual 1st row of the section', 'listingNoteTypeId': 3, 'showToBuyer': True, 'hideInMock': False, 'siteAddedListingNote': False, 'aisleListingNoteWithSplit': False, 'listingNoteDescriptionContentId': 2446055, 'formattedListingNoteDescription': 'Actual 1st row of the section'}, {'listingNoteId': -1, 'listingNoteContentId': 3338094, 'formattedListingNoteContent': 'Clear view', 'listingNoteTypeId': 3, 'showToBuyer': True, 'hideInMock': False, 'siteAddedListingNote': False, 'aisleListingNoteWithSplit': False, 'listingNoteDescriptionContentId': 3338095, 'formattedListingNoteDescription': ""You'll have an unrestricted view of the show.""}]","[{'listingNoteBucketId': 0, 'formattedListingNoteContent': 'Actual 1st row of the section', 'displayOrder': 30, 'showsRawNoteText': True, 'sourceListingNoteId': 811}, {'listingNoteBucketId': 27, 'formattedListingNoteContent': 'Clear view', 'displayOrder': 8, 'showsRawNoteText': True, 'sourceListingNoteId': -1}]",2113770,False,False,Row 5,False,2281153,"¥2,281,153","¥2,281,153",10,Mobile Transfer ticket,3,1,USD,JPY,,USD,"https://img.vggcdn.net/img/vfsimage2/812551/407_122916/0.jpg?im=Resize=(500,271)&v=771",9 days ago,5,False,False,False,False,87dPHZm%2baJOkesQSkmhNg3KyKaQn3Fqud5h7dPC67FM%3d,False,2026-07-08T14:20:34.4970000Z,False,False,False,False,False,False,0,False,[7],,False,False,False,False,0,False,False,0,13285866325,False,946896E9-415B-4727-83D1-0DE3BA7861DC,False,False,True,2,4.538063517669359,0.8004422494,,,,Last ticket,True,,,,,"[{'message': 'Popular Pick', 'qualifier': '9 tickets sold for this event', 'hasValue': True, 'messageType': 'BoughtInLastHourSocialProofBased'}, {'message': 'Front Row', 'qualifier': 'Best seats in the house', 'hasValue': True, 'messageType': 'FirstRowTicketAttributeBased'}]",[811],19,19,,,,,,,,,,
13383685186,153020449,104,122784,104,2,22,19_19,19,False,False,1,,False,False,[1],594,Lower,1,True,"[{'listingNoteId': -1, 'listingNoteContentId': 3338094, 'formattedListingNoteContent': 'Clear view', 'listingNoteTypeId': 3, 'showToBuyer': True, 'hideInMock': False, 'siteAddedListingNote': False, 'aisleListingNoteWithSplit': False, 'listingNoteDescriptionContentId': 3338095, 'formattedListingNoteDescription': ""You'll have an unrestricted view of the show.""}]","[{'listingNoteBucketId': 27, 'formattedListingNoteContent': 'Clear view', 'displayOrder': 8, 'showsRawNoteText': True, 'sourceListingNoteId': -1}]",2112173,False,False,Row 22,False,2298874,"¥2,298,874","¥2,298,874",10,Mobile Transfer ticket,3,1,USD,JPY,,USD,"https://img.vggcdn.net/img/vfsimage2/812551/594_122784/0.jpg?im=Resize=(500,271)&v=771",19 hours ago,8,False,False,False,False,vwnRWULrZ6y8P%2fram2maD8pEuvdsXeSBSZvnzfnaXtw%3d,False,2026-07-17T15:39:16.9800000Z,False,False,False,True,False,False,0,False,[6],,False,False,False,False,0,False,False,0,13383685186,False,CCCACD6E-6C42-4F96-8B66-FC8DDC73B6DF,False,False,True,4,8.34339541762784,1.292788402,Fan favorite,This section is in the top 10% of sections for this event when ranked based on a count of successful sales over the past 7 days on our site,True,,,,,,,"[{'message': 'Great Value', 'qualifier': 'Based on price, view, seat quality and more', 'hasValue': True, 'messageType': 'ValueBased'}, {'message': 'Popular Pick', 'qualifier': '9 tickets sold for this event', 'hasValue': True, 'messageType': 'BoughtInLastHourSocialProofBased'}]",[],19,19,,,,,,,,,,
13386278732,153020449,342,122935,342,2,15,_,,False,False,4,,False,False,"[1, 2, 3, 4]",407,Upper,4,True,"[{'listingNoteId': -1, 'listingNoteContentId': 3338094, 'formattedListingNoteContent': 'Clear view', 'listingNoteTypeId': 3, 'showToBuyer': True, 'hideInMock': False, 'siteAddedListingNote': False, 'aisleListingNoteWithSplit': False, 'listingNoteDescriptionContentId': 3338095, 'formattedListingNoteDescription': ""You'll have an unrestricted view of the show.""}]","[{'listingNoteBucketId': 27, 'formattedListingNoteContent': 'Clear view', 'displayOrder': 8, 'showsRawNoteText': True, 'sourceListingNoteId': -1}]",704431,False,False,Row 15,False,2300190,"¥2,300,190","¥2,300,190",10,Mobile Transfer ticket,3,1,USD,JPY,0.0,USD,"https://img.vggcdn.net/img/vfsimage2/812551/407_122935/0.jpg?im=Resize=(500,271)&v=771",13 hours ago,4,False,False,False,False,qT3%2fnuY05JL53EwOwvUhvrbw%2fW3QaTBalSVm3ReVGU8%3d,False,2026-07-17T21:10:46.7230000Z,False,False,False,False,False,False,0,False,,,False,False,False,False,0,False,False,0,13386278732,False,83065A8A-5107-41C1-9E35-41D1FF3FCE1A,False,False,True,2,4.477110118686596,0.7997160059,,,,,,,,,,"[{'message': 'Popular Pick', 'qualifier': '9 tickets sold for this event', 'hasValue': True, 'messageType': 'BoughtInLastHourSocialProofBased'}]",[],,,,,,,,,,,,
13388297534,153020449,126,122797,126,2,28,_,,False,False,4,,False,False,"[1, 2, 4]",594,Lower,4,True,"[{'listingNoteId': -1, 'listingNoteContentId': 3338094, 'formattedListingNoteContent': 'Clear view', 'listingNoteTypeId': 3, 'showToBuyer': True, 'hideInMock': False, 'siteAddedListingNote': False, 'aisleListingNoteWithSplit': False, 'listingNoteDescriptionContentId': 3338095, 'formattedListingNoteDescription': ""You'll have an unrestricted view of the show.""}]","[{'listingNoteBucketId': 27, 'formattedListingNoteContent': 'Clear view', 'displayOrder': 8, 'showsRawNoteText': True, 'sourceListingNoteId': -1}]",2112785,False,False,Row 28,False,2311939,"¥2,311,939","¥2,311,939",10,Mobile Transfer ticket,3,1,USD,JPY,10990.0,USD,"https://img.vggcdn.net/img/vfsimage2/812551/594_122797/0.jpg?im=Resize=(500,271)&v=771",8 hours ago,8,False,False,False,False,HoxdJYYb3wy0IJ4HZ1AToQQv05VxxL3AOhYgwcZXxqo%3d,False,2026-07-18T02:54:37.6200000Z,False,False,False,False,False,False,0,False,,,False,False,False,False,0,False,False,0,13388297534,False,6B3D8DFA-6A34-47E9-BA51-3C18B49AE7EE,False,False,True,4,8.42163987964264,1.313921268,,,,,,,,,,"[{'message': 'Great Value', 'qualifier': 'Based on price, view, seat quality and more', 'hasValue': True, 'messageType': 'ValueBased'}, {'message': 'Popular Pick', 'qualifier': '9 tickets sold for this event', 'hasValue': True, 'messageType': 'BoughtInLastHourSocialProofBased'}]",[],,,,,,,,,,,,
13387843153,153020449,108,122786,108,2,24,7_7,7,False,False,1,,False,False,[1],594,Lower,1,True,"[{'listingNoteId': -1, 'listingNoteContentId': 3338094, 'formattedListingNoteContent': 'Clear view', 'listingNoteTypeId': 3, 'showToBuyer': True, 'hideInMock': False, 'siteAddedListingNote': False, 'aisleListingNoteWithSplit': False, 'listingNoteDescriptionContentId': 3338095, 'formattedListingNoteDescription': ""You'll have an unrestricted view of the show.""}]","[{'listingNoteBucketId': 27, 'formattedListingNoteContent': 'Clear view', 'displayOrder': 8, 'showsRawNoteText': True, 'sourceListingNoteId': -1}]",2112267,False,False,Row 24,False,2331846,"¥2,331,846","¥2,331,846",10,Mobile Transfer ticket,3,14,USD,JPY,0.0,USD,"https://img.vggcdn.net/img/vfsimage2/812551/594_122786/0.jpg?im=Resize=(500,271)&v=771",9 hours ago,9,False,False,False,False,ugtGTADjzPSiNDVPFnzwKMK8K%2fyUDFHpFjF84rychu8%3d,False,2026-07-18T01:09:14.2930000Z,False,False,False,False,False,False,0,False,,,False,False,False,False,0,False,False,0,13387843153,False,7B503AE1-5F24-4741-9687-B7FCEC7D04C6,False,False,True,5,8.706410350455961,1.400233682,,,,,,,,,,"[{'message': 'Amazing Value', 'qualifier': 'Based on price, view, seat quality and more', 'hasValue': True, 'messageType': 'ValueBased'}, {'message': 'Popular Pick', 'qualifier': '9 tickets sold for this event', 'hasValue': True, 'messageType': 'BoughtInLastHourSocialProofBased'}]",[],,,,,,,,,,,,
13388264807,153020449,205A,1530775,205A,2,1,_,,False,False,4,,False,False,"[1, 2, 4]",471,Middle,4,True,"[{'listingNoteId': 2025, 'listingNoteContentId': 3415843, 'formattedListingNoteContent': 'Front Row of Section', 'listingNoteTypeId': 6, 'showToBuyer': True, 'hideInMock': False, 'siteAddedListingNote': False, 'aisleListingNoteWithSplit': False, 'listingNoteDescriptionContentId': 3415843, 'formattedListingNoteDescription': 'Front Row of Section'}, {'listingNoteId': -1, 'listingNoteContentId': 3338094, 'formattedListingNoteContent': 'Clear view', 'listingNoteTypeId': 3, 'showToBuyer': True, 'hideInMock': False, 'siteAddedListingNote': False, 'aisleListingNoteWithSplit': False, 'listingNoteDescriptionContentId': 3338095, 'formattedListingNoteDescription': ""You'll have an unrestricted view of the show.""}]","[{'listingNoteBucketId': 14, 'formattedListingNoteContent': 'Front Row of Section', 'displayOrder': 14, 'showsRawNoteText': True, 'sourceListingNoteId': 2025}, {'listingNoteBucketId': 27, 'formattedListingNoteContent': 'Clear view', 'displayOrder': 8, 'showsRawNoteText': True, 'sourceListingNoteId': -1}]",1593529,False,False,Row 1,False,2340788,"¥2,340,788","¥2,340,788",10,Mobile Transfer ticket,3,1,USD,JPY,7380.0,USD,"https://img.vggcdn.net/img/vfsimage2/812551/471_1530775/0.jpg?im=Resize=(500,271)&v=771",8 hours ago,8,False,False,False,False,gJkSbdXj%2b3aQZ3nz6WuCQPM%2fwi9RHlXmWmXBEOFmgoM%3d,False,2026-07-18T02:44:12.4870000Z,False,False,False,False,False,False,0,False,,,False,False,False,False,0,False,False,0,13388264807,False,62560556-2220-4A20-9B34-E7A9454B328E,False,False,True,4,7.90887228956389,1.24389544,,,,,,,,,,"[{'message': 'Great Value', 'qualifier': 'Based on price, view, seat quality and more', 'hasValue': True, 'messageType': 'ValueBased'}, {'message': 'Popular Pick', 'qualifier': '9 tickets sold for this event', 'hasValue': True, 'messageType': 'BoughtInLastHourSocialProofBased'}, {'message': 'Front Row', 'qualifier': 'Best seats in the house', 'hasValue': True, 'messageType': 'FirstRowTicketAttributeBased'}]",[2025],,,,,,,,,,,,
13380219291,153020449,146,122810,146,2,16,15_15,15,False,False,1,,False,False,[1],594,Lower,1,True,"[{'listingNoteId': -1, 'listingNoteContentId': 3338094, 'formattedListingNoteContent': 'Clear view', 'listingNoteTypeId': 3, 'showToBuyer': True, 'hideInMock': False, 'siteAddedListingNote': False, 'aisleListingNoteWithSplit': False, 'listingNoteDescriptionContentId': 3338095, 'formattedListingNoteDescription': ""You'll have an unrestricted view of the show.""}]","[{'listingNoteBucketId': 27, 'formattedListingNoteContent': 'Clear view', 'displayOrder': 8, 'showsRawNoteText': True, 'sourceListingNoteId': -1}]",2113238,False,False,Row 16,False,2349404,"¥2,349,404","¥2,349,404",10,Mobile Transfer ticket,3,1,USD,JPY,17000.0,USD,"https://img.vggcdn.net/img/vfsimage2/812551/594_122810/0.jpg?im=Resize=(500,271)&v=771",yesterday,8,False,False,False,False,AciI0J2PvGRPfVdxMi4%2fRyhCGyuOzn%2ff6ev%2fPv2Lcds%3d,False,2026-07-17T04:59:22.1400000Z,False,False,False,False,False,False,0,False,[7],,False,False,False,False,0,False,False,0,13380219291,False,89EA9999-CEED-4E77-AE0C-48529E0BC160,False,False,True,4,8.352677722002998,1.32285662,,,,Last ticket,True,,,,,"[{'message': 'Great Value', 'qualifier': 'Based on price, view, seat quality and more', 'hasValue': True, 'messageType': 'ValueBased'}, {'message': 'Popular Pick', 'qualifier': '9 tickets sold for this event', 'hasValue': True, 'messageType': 'BoughtInLastHourSocialProofBased'}]",[],15,15,"¥3,184,571",26.0,"¥835,167",,,,,,,
13388056782,153020449,126,122797,126,2,26,17_20,17,False,False,4,,False,False,"[1, 2, 4]",594,Lower,4,True,"[{'listingNoteId': -1, 'listingNoteContentId': 3338094, 'formattedListingNoteContent': 'Clear view', 'listingNoteTypeId': 3, 'showToBuyer': True, 'hideInMock': False, 'siteAddedListingNote': False, 'aisleListingNoteWithSplit': False, 'listingNoteDescriptionContentId': 3338095, 'formattedListingNoteDescription': ""You'll have an unrestricted view of the show.""}]","[{'listingNoteBucketId': 27, 'formattedListingNoteContent': 'Clear view', 'displayOrder': 8, 'showsRawNoteText': True, 'sourceListingNoteId': -1}]",2112783,False,False,Row 26,False,2364191,"¥2,364,191","¥2,364,191",10,Mobile Transfer ticket,3,1,USD,JPY,0.0,USD,"https://img.vggcdn.net/img/vfsimage2/812551/594_122797/0.jpg?im=Resize=(500,271)&v=771",9 hours ago,8,False,False,False,False,MfdFbNeiU%2fkiFQVKPDEFEtYw6CYddJC0myO%2bFao%2bGkE%3d,False,2026-07-18T01:51:16.9700000Z,False,False,False,False,False,False,0,False,,,False,False,False,False,0,False,False,0,13388056782,False,2FF01AB9-9F79-4637-850A-76989A4567B9,False,False,True,4,8.447827178017327,1.348407182,,,,,,,,,,"[{'message': 'Great Value', 'qualifier': 'Based on price, view, seat quality and more', 'hasValue': True, 'messageType': 'ValueBased'}, {'message': 'Popular Pick', 'qualifier': '9 tickets sold for this event', 'hasValue': True, 'messageType': 'BoughtInLastHourSocialProofBased'}]",[],,,,,,,,,,,,
13387967343,153020449,227A,1530787,227A,2,9,_,,False,False,4,,False,False,"[1, 2, 4]",471,Middle,4,True,"[{'listingNoteId': -1, 'listingNoteContentId': 3338094, 'formattedListingNoteContent': 'Clear view', 'listingNoteTypeId': 3, 'showToBuyer': True, 'hideInMock': False, 'siteAddedListingNote': False, 'aisleListingNoteWithSplit': False, 'listingNoteDescriptionContentId': 3338095, 'formattedListingNoteDescription': ""You'll have an unrestricted view of the show.""}]","[{'listingNoteBucketId': 27, 'formattedListingNoteContent': 'Clear view', 'displayOrder': 8, 'showsRawNoteText': True, 'sourceListingNoteId': -1}]",1593637,False,False,Row 9,False,2369445,"¥2,369,445","¥2,369,445",10,Mobile Transfer ticket,3,1,USD,JPY,7380.0,USD,"https://img.vggcdn.net/img/vfsimage2/812551/471_1530787/0.jpg?im=Resize=(500,271)&v=771",9 hours ago,8,False,False,False,False,Ms4timMUIfja1TMtJNvfINrU5Av%2bs9ddF7koSIclW%2fI%3d,False,2026-07-18T01:33:33.9000000Z,False,False,False,False,False,False,0,False,,,False,False,False,False,0,False,False,0,13387967343,False,968BEA65-BBA0-4D4B-8146-72339027CC38,False,False,True,4,7.516453781569405,1.199491418,,,,,,,,,,"[{'message': 'Great Value', 'qualifier': 'Based on price, view, seat quality and more', 'hasValue': True, 'messageType': 'ValueBased'}, {'message': 'Popular Pick', 'qualifier': '9 tickets sold for this event', 'hasValue': True, 'messageType': 'BoughtInLastHourSocialProofBased'}]",[],,,,,,,,,,,,
13386736150,153020449,104,122784,104,2,26,_,,False,False,1,,False,False,[1],594,Lower,1,True,"[{'listingNoteId': -1, 'listingNoteContentId': 3338094, 'formattedListingNoteContent': 'Clear view', 'listingNoteTypeId': 3, 'showToBuyer': True, 'hideInMock': False, 'siteAddedListingNote': False, 'aisleListingNoteWithSplit': False, 'listingNoteDescriptionContentId': 3338095, 'formattedListingNoteDescription': ""You'll have an unrestricted view of the show.""}]","[{'listingNoteBucketId': 27, 'formattedListingNoteContent': 'Clear view', 'displayOrder': 8, 'showsRawNoteText': True, 'sourceListingNoteId': -1}]",2112177,False,False,Row 26,False,2374221,"¥2,374,221","¥2,374,221",10,Mobile Transfer ticket,3,1,USD,JPY,9982.0,USD,"https://img.vggcdn.net/img/vfsimage2/812551/594_122784/0.jpg?im=Resize=(500,271)&v=771",12 hours ago,8,False,False,False,False,7qqRycH6h%2buerJGIYrATi3Z9rwPBUkwwBODUHRvF1ps%3d,False,2026-07-17T22:29:09.0930000Z,False,False,False,True,False,False,0,False,[6],,False,False,False,False,0,False,False,0,13386736150,False,B468732A-64C3-4138-BC32-79B3DEC62D99,False,False,True,4,7.737576874214787,1.234865981,Fan favorite,This section is in the top 10% of sections for this event when ranked based on a count of successful sales over the past 7 days on our site,True,,,,,,,"[{'message': 'Great Value', 'qualifier': 'Based on price, view, seat quality and more', 'hasValue': True, 'messageType': 'ValueBased'}, {'message': 'Popular Pick', 'qualifier': '9 tickets sold for this event', 'hasValue': True, 'messageType': 'BoughtInLastHourSocialProofBased'}]",[],,,,,,,,,,,,
13387897175,153020449,149,122812,149,2,13,19_22,19,False,False,4,,False,False,"[1, 2, 3, 4]",594,Lower,4,True,"[{'listingNoteId': -1, 'listingNoteContentId': 3338094, 'formattedListingNoteContent': 'Clear view', 'listingNoteTypeId': 3, 'showToBuyer': True, 'hideInMock': False, 'siteAddedListingNote': False, 'aisleListingNoteWithSplit': False, 'listingNoteDescriptionContentId': 3338095, 'formattedListingNoteDescription': ""You'll have an unrestricted view of the show.""}]","[{'listingNoteBucketId': 27, 'formattedListingNoteContent': 'Clear view', 'displayOrder': 8, 'showsRawNoteText': True, 'sourceListingNoteId': -1}]",2113330,False,False,Row 13,False,2386600,"¥2,386,600","¥2,386,600",10,Mobile Transfer ticket,3,1,USD,JPY,10990.0,USD,"https://img.vggcdn.net/img/vfsimage2/812551/594_122812/0.jpg?im=Resize=(500,271)&v=771",9 hours ago,9,False,False,False,False,nyyzGDYM9TXLniRZMFPKwz9Ch2XUDmRitLkLGg5T7ZA%3d,False,2026-07-18T01:19:13.0600000Z,False,False,False,False,False,False,0,False,,,False,False,False,False,0,False,False,0,13387897175,False,7C9285C1-421B-4065-BEB8-B3668E36348E,False,False,True,5,8.68600649672697,1.426788113,,,,,,,,,,"[{'message': 'Amazing Value', 'qualifier': 'Based on price, view, seat quality and more', 'hasValue': True, 'messageType': 'ValueBased'}, {'message': 'Popular Pick', 'qualifier': '9 tickets sold for this event', 'hasValue': True, 'messageType': 'BoughtInLastHourSocialProofBased'}]",[],,,,,,,,,,,,
13388402166,153020449,124,122796,124,2,10,_,,False,False,3,,False,False,"[1, 3]",594,Lower,3,True,"[{'listingNoteId': -1, 'listingNoteContentId': 3338094, 'formattedListingNoteContent': 'Clear view', 'listingNoteTypeId': 3, 'showToBuyer': True, 'hideInMock': False, 'siteAddedListingNote': False, 'aisleListingNoteWithSplit': False, 'listingNoteDescriptionContentId': 3338095, 'formattedListingNoteDescription': ""You'll have an unrestricted view of the show.""}]","[{'listingNoteBucketId': 27, 'formattedListingNoteContent': 'Clear view', 'displayOrder': 8, 'showsRawNoteText': True, 'sourceListingNoteId': -1}]",2112717,False,False,Row 10,False,2388358,"¥2,388,358","¥2,388,358",10,Mobile Transfer ticket,3,1,USD,JPY,10990.0,USD,"https://img.vggcdn.net/img/vfsimage2/812551/594_122796/0.jpg?im=Resize=(500,271)&v=771",7 hours ago,9,False,False,False,False,Owi04l16NETLMht1%2bWzbS0JIhAQM9LPO1Ea5qX0%2fZ7A%3d,False,2026-07-18T03:27:30.3770000Z,False,False,False,False,False,False,0,False,,,False,False,False,False,0,False,False,0,13388402166,False,200D023E-CDD1-4973-BB7C-472AAC2735BE,False,False,True,5,8.823245311408082,1.471566917,,,,,,,,,,"[{'message': 'Amazing Value', 'qualifier': 'Based on price, view, seat quality and more', 'hasValue': True, 'messageType': 'ValueBased'}, {'message': 'Popular Pick', 'qualifier': '9 tickets sold for this event', 'hasValue': True, 'messageType': 'BoughtInLastHourSocialProofBased'}]",[],,,,,,,,,,,,
13388278154,153020449,123,122795,123,2,39,_,,False,False,4,,False,False,"[1, 2, 4]",594,Lower,4,True,"[{'listingNoteId': -1, 'listingNoteContentId': 3338094, 'formattedListingNoteContent': 'Clear view', 'listingNoteTypeId': 3, 'showToBuyer': True, 'hideInMock': False, 'siteAddedListingNote': False, 'aisleListingNoteWithSplit': False, 'listingNoteDescriptionContentId': 3338095, 'formattedListingNoteDescription': ""You'll have an unrestricted view of the show.""}]","[{'listingNoteBucketId': 27, 'formattedListingNoteContent': 'Clear view', 'displayOrder': 8, 'showsRawNoteText': True, 'sourceListingNoteId': -1}]",2112700,False,False,Row 39,False,2388548,"¥2,388,548","¥2,388,548",10,Mobile Transfer ticket,3,1,USD,JPY,12499.99,USD,"https://img.vggcdn.net/img/vfsimage2/812551/594_122795/0.jpg?im=Resize=(500,271)&v=771",8 hours ago,7,False,False,False,False,oxdNd2i7YRhJjxsI1GcVH9Og5jnw1xp6MSEe0bEdVOc%3d,False,2026-07-18T02:47:46.3600000Z,False,False,False,False,False,False,0,False,,,False,False,False,False,0,False,False,0,13388278154,False,B15B04E4-9196-4274-90C3-B3869E535208,False,False,True,3,6.8290373153529655,1.112506548,,,,,,,,,,"[{'message': 'Popular Pick', 'qualifier': '9 tickets sold for this event', 'hasValue': True, 'messageType': 'BoughtInLastHourSocialProofBased'}]",[],,,,,,,,,,,,
13389404561,153020449,148,122811,148,2,12,19_19,19,False,False,1,,False,False,[1],594,Lower,1,True,"[{'listingNoteId': -1, 'listingNoteContentId': 3338094, 'formattedListingNoteContent': 'Clear view', 'listingNoteTypeId': 3, 'showToBuyer': True, 'hideInMock': False, 'siteAddedListingNote': False, 'aisleListingNoteWithSplit': False, 'listingNoteDescriptionContentId': 3338095, 'formattedListingNoteDescription': ""You'll have an unrestricted view of the show.""}]","[{'listingNoteBucketId': 27, 'formattedListingNoteContent': 'Clear view', 'displayOrder': 8, 'showsRawNoteText': True, 'sourceListingNoteId': -1}]",2113281,False,False,Row 12,False,2404146,"¥2,404,146","¥2,404,146",10,Mobile Transfer ticket,3,1,USD,JPY,0.0,USD,"https://img.vggcdn.net/img/vfsimage2/812551/594_122811/0.jpg?im=Resize=(500,271)&v=771",4 hours ago,9,False,False,False,False,fqTTJ3goeW%2bFUJfEeHWNvxkOPOFHFFXZzChkSZCiseg%3d,False,2026-07-18T06:21:24.0130000Z,False,False,False,True,False,False,0,False,[6],[7],False,False,False,False,0,False,False,0,13389404561,False,A90A164F-B8E7-45A7-A760-434F25F0CC00,False,False,True,5,9.21074921026893,1.621507828,Fan favorite,This section is in the top 10% of sections for this event when ranked based on a count of successful sales over the past 7 days on our site,True,Last ticket,True,,,,,"[{'message': 'Amazing Value', 'qualifier': 'Based on price, view, seat quality and more', 'hasValue': True, 'messageType': 'ValueBased'}, {'message': 'Popular Pick', 'qualifier': '9 tickets sold for this event', 'hasValue': True, 'messageType': 'BoughtInLastHourSocialProofBased'}]",[],19,19,,,,,,,,,,
13387957781,153020449,109,122787,109,2,28,4_4,4,False,False,1,,False,False,[1],594,Lower,1,True,"[{'listingNoteId': -1, 'listingNoteContentId': 3338094, 'formattedListingNoteContent': 'Clear view', 'listingNoteTypeId': 3, 'showToBuyer': True, 'hideInMock': False, 'siteAddedListingNote': False, 'aisleListingNoteWithSplit': False, 'listingNoteDescriptionContentId': 3338095, 'formattedListingNoteDescription': ""You'll have an unrestricted view of the show.""}]","[{'listingNoteBucketId': 27, 'formattedListingNoteContent': 'Clear view', 'displayOrder': 8, 'showsRawNoteText': True, 'sourceListingNoteId': -1}]",2112306,False,False,Row 28,False,2409754,"¥2,409,754","¥2,409,754",10,Mobile Transfer ticket,3,14,USD,JPY,0.0,USD,"https://img.vggcdn.net/img/vfsimage2/812551/594_122787/0.jpg?im=Resize=(500,271)&v=771",9 hours ago,8,False,False,False,False,Mx9h7opMPCaNpb6OkR17bny8B0l8lGl2FmNiBX5RrpI%3d,False,2026-07-18T01:32:02.8830000Z,False,False,False,False,False,False,0,False,,,False,False,False,False,0,False,False,0,13387957781,False,44FB3738-9A48-4121-8A06-005A3386BD8C,False,False,True,4,7.7568861758520375,1.256359028,,,,,,,,,,"[{'message': 'Great Value', 'qualifier': 'Based on price, view, seat quality and more', 'hasValue': True, 'messageType': 'ValueBased'}, {'message': 'Popular Pick', 'qualifier': '9 tickets sold for this event', 'hasValue': True, 'messageType': 'BoughtInLastHourSocialProofBased'}]",[],,,,,,,,,,,,
13388840841,153020449,126,122797,126,2,25,_,,False,False,4,,False,False,"[1, 2, 4]",594,Lower,4,True,"[{'listingNoteId': -1, 'listingNoteContentId': 3338094, 'formattedListingNoteContent': 'Clear view', 'listingNoteTypeId': 3, 'showToBuyer': True, 'hideInMock': False, 'siteAddedListingNote': False, 'aisleListingNoteWithSplit': False, 'listingNoteDescriptionContentId': 3338095, 'formattedListingNoteDescription': ""You'll have an unrestricted view of the show.""}]","[{'listingNoteBucketId': 27, 'formattedListingNoteContent': 'Clear view', 'displayOrder': 8, 'showsRawNoteText': True, 'sourceListingNoteId': -1}]",2112782,False,False,Row 25,False,2426568,"¥2,426,568","¥2,426,568",10,Mobile Transfer ticket,3,1,USD,JPY,10990.0,USD,"https://img.vggcdn.net/img/vfsimage2/812551/594_122797/0.jpg?im=Resize=(500,271)&v=771",6 hours ago,8,False,False,False,False,nX5RybG%2bMruqPQy42b%2fUbYGHQd6yDpmWjDwWYfFnyYA%3d,False,2026-07-18T04:47:12.2570000Z,False,False,False,False,False,False,0,False,,,False,False,False,False,0,False,False,0,13388840841,False,36FAEC79-788A-443C-953D-D9787FCCBB37,False,False,True,4,8.350785971158537,1.365965754,,,,,,,,,,"[{'message': 'Great Value', 'qualifier': 'Based on price, view, seat quality and more', 'hasValue': True, 'messageType': 'ValueBased'}, {'message': 'Popular Pick', 'qualifier': '9 tickets sold for this event', 'hasValue': True, 'messageType': 'BoughtInLastHourSocialProofBased'}]",[],,,,,,,,,,,,
13386350031,153020449,118,122793,118,2,18,14_14,14,False,False,1,,False,False,[1],594,Lower,1,True,"[{'listingNoteId': -1, 'listingNoteContentId': 3338094, 'formattedListingNoteContent': 'Clear view', 'listingNoteTypeId': 3, 'showToBuyer': True, 'hideInMock': False, 'siteAddedListingNote': False, 'aisleListingNoteWithSplit': False, 'listingNoteDescriptionContentId': 3338095, 'formattedListingNoteDescription': ""You'll have an unrestricted view of the show.""}]","[{'listingNoteBucketId': 27, 'formattedListingNoteContent': 'Clear view', 'displayOrder': 8, 'showsRawNoteText': True, 'sourceListingNoteId': -1}]",2112594,False,False,Row 18,False,2439723,"¥2,439,723","¥2,439,723",10,Mobile Transfer ticket,3,1,USD,JPY,9725.0,USD,"https://img.vggcdn.net/img/vfsimage2/812551/594_122793/0.jpg?im=Resize=(500,271)&v=771",13 hours ago,9,False,False,False,False,nlFTPpatRPJjtK6T2tY%2f1CxXwxl4iJ4nHj51O4p9WXY%3d,False,2026-07-17T21:25:12.4600000Z,False,False,False,False,False,False,0,False,,,False,False,False,False,0,False,False,0,13386350031,False,0205C402-4E3D-4E88-A30F-40EDA84E3A41,False,False,True,5,8.975624396921509,1.556134081,,,,,,,,,,"[{'message': 'Amazing Value', 'qualifier': 'Based on price, view, seat quality and more', 'hasValue': True, 'messageType': 'ValueBased'}, {'message': 'Popular Pick', 'qualifier': '9 tickets sold for this event', 'hasValue': True, 'messageType': 'BoughtInLastHourSocialProofBased'}]",[],,,"¥4,355,409",44.0,"¥1,915,686",,,,,,,
13384822875,153020449,121,122794,121,2,36,26_26,26,False,False,1,,False,False,[1],594,Lower,1,True,"[{'listingNoteId': -1, 'listingNoteContentId': 3338094, 'formattedListingNoteContent': 'Clear view', 'listingNoteTypeId': 3, 'showToBuyer': True, 'hideInMock': False, 'siteAddedListingNote': False, 'aisleListingNoteWithSplit': False, 'listingNoteDescriptionContentId': 3338095, 'formattedListingNoteDescription': ""You'll have an unrestricted view of the show.""}]","[{'listingNoteBucketId': 27, 'formattedListingNoteContent': 'Clear view', 'displayOrder': 8, 'showsRawNoteText': True, 'sourceListingNoteId': -1}]",2112649,False,False,Row 36,False,2443135,"¥2,443,135","¥2,443,135",10,Mobile Transfer ticket,3,1,USD,JPY,,USD,"https://img.vggcdn.net/img/vfsimage2/812551/594_122794/0.jpg?im=Resize=(500,271)&v=771",17 hours ago,6,False,False,False,False,Czdw6%2fg0Q6%2bd9BFZLzKWN4V2RY4NdEifUA9aD7c93eg%3d,False,2026-07-17T17:59:42.0370000Z,False,False,False,False,False,False,0,False,,,False,False,False,False,0,False,False,0,13384822875,False,B55C7CCA-6DF4-4BD5-929B-5D0AF0099D4A,False,False,True,3,6.324240528802354,1.068945931,,,,,,,,,,"[{'message': 'Popular Pick', 'qualifier': '9 tickets sold for this event', 'hasValue': True, 'messageType': 'BoughtInLastHourSocialProofBased'}]",[],26,26,,,,,,,,,,
13387903270,153020449,118,122793,118,2,14,4_4,4,False,False,1,,False,False,[1],594,Lower,1,True,"[{'listingNoteId': 814, 'listingNoteContentId': 2446060, 'formattedListingNoteContent': 'Limited or Obstructed View (printed on ticket)', 'listingNoteTypeId': 1, 'showToBuyer': True, 'hideInMock': False, 'siteAddedListingNote': False, 'aisleListingNoteWithSplit': False, 'listingNoteDescriptionContentId': 2446061, 'formattedListingNoteDescription': 'Limited or Obstructed View (printed on ticket)'}]","[{'listingNoteBucketId': 21, 'formattedListingNoteContent': 'Limited view', 'displayOrder': 21, 'showsRawNoteText': False}]",2112590,False,False,Row 14,False,2456781,"¥2,456,781","¥2,456,781",10,Mobile Transfer ticket,3,1,USD,JPY,0.0,USD,"https://img.vggcdn.net/img/vfsimage2/812551/594_122793/0.jpg?im=Resize=(500,271)&v=771",9 hours ago,9,False,False,False,False,Czdw6%2fg0Q6%2bd9BFZLzKWN4V2RY4NdEifUA9aD7c93eg%3d,False,2026-07-18T01:20:39.6100000Z,False,False,False,False,False,False,0,False,,,False,False,False,False,0,False,False,0,13387903270,False,F14062A6-F8BC-408B-943F-1D1B6554C03F,False,False,True,5,9.148734616030014,1.63228883,,,,,,,,,,"[{'message': 'Amazing Value', 'qualifier': 'Based on price, view, seat quality and more', 'hasValue': True, 'messageType': 'ValueBased'}, {'message': 'Popular Pick', 'qualifier': '9 tickets sold for this event', 'hasValue': True, 'messageType': 'BoughtInLastHourSocialProofBased'}]",[],4,4,"¥3,980,689",38.0,"¥1,523,908",,,,,,,
13388153094,153020449,336,122929,336,2,1,20_26,20,False,False,7,,False,False,"[1, 2, 3, 4, 5, 6, 7]",478,Loge,7,True,"[{'listingNoteId': 2025, 'listingNoteContentId': 3415843, 'formattedListingNoteContent': 'Front Row of Section', 'listingNoteTypeId': 6, 'showToBuyer': True, 'hideInMock': False, 'siteAddedListingNote': False, 'aisleListingNoteWithSplit': False, 'listingNoteDescriptionContentId': 3415843, 'formattedListingNoteDescription': 'Front Row of Section'}, {'listingNoteId': -1, 'listingNoteContentId': 3338094, 'formattedListingNoteContent': 'Clear view', 'listingNoteTypeId': 3, 'showToBuyer': True, 'hideInMock': False, 'siteAddedListingNote': False, 'aisleListingNoteWithSplit': False, 'listingNoteDescriptionContentId': 3338095, 'formattedListingNoteDescription': ""You'll have an unrestricted view of the show.""}]","[{'listingNoteBucketId': 14, 'formattedListingNoteContent': 'Front Row of Section', 'displayOrder': 14, 'showsRawNoteText': True, 'sourceListingNoteId': 2025}, {'listingNoteBucketId': 27, 'formattedListingNoteContent': 'Clear view', 'displayOrder': 8, 'showsRawNoteText': True, 'sourceListingNoteId': -1}]",1591187,False,False,Row 1,False,2456781,"¥2,456,781","¥2,456,781",10,Mobile Transfer ticket,3,1,USD,JPY,8500.0,USD,"https://img.vggcdn.net/img/vfsimage2/812551/478_122929/0.jpg?im=Resize=(500,271)&v=771",8 hours ago,5,False,False,False,False,Czdw6%2fg0Q6%2bd9BFZLzKWN4V2RY4NdEifUA9aD7c93eg%3d,False,2026-07-18T02:14:39.5970000Z,False,False,False,False,False,False,0,False,,,False,False,False,False,0,False,False,0,13388153094,False,A40F0C41-C4C8-4E4F-AB7C-17BAA04A40CA,False,False,True,3,5.051429079305711,0.9323844348,,,,,,,,,,"[{'message': 'Popular Pick', 'qualifier': '9 tickets sold for this event', 'hasValue': True, 'messageType': 'BoughtInLastHourSocialProofBased'}, {'message': 'Front Row', 'qualifier': 'Best seats in the house', 'hasValue': True, 'messageType': 'FirstRowTicketAttributeBased'}]",[2025],,,"¥3,791,133",35.0,"¥1,334,352",,,,,,,
13354228968,153020449,336,122929,336,2,13,_,,False,False,1,,False,False,[1],407,Upper,1,True,"[{'listingNoteId': -1, 'listingNoteContentId': 3338094, 'formattedListingNoteContent': 'Clear view', 'listingNoteTypeId': 3, 'showToBuyer': True, 'hideInMock': False, 'siteAddedListingNote': False, 'aisleListingNoteWithSplit': False, 'listingNoteDescriptionContentId': 3338095, 'formattedListingNoteDescription': ""You'll have an unrestricted view of the show.""}]","[{'listingNoteBucketId': 27, 'formattedListingNoteContent': 'Clear view', 'displayOrder': 8, 'showsRawNoteText': True, 'sourceListingNoteId': -1}]",704300,False,False,Row 13,False,2456781,"¥2,456,781","¥2,456,781",10,Mobile Transfer ticket,3,1,USD,JPY,4000.0,USD,"https://img.vggcdn.net/img/vfsimage2/812551/407_122929/0.jpg?im=Resize=(500,271)&v=771",3 days ago,4,False,False,False,False,Czdw6%2fg0Q6%2bd9BFZLzKWN4V2RY4NdEifUA9aD7c93eg%3d,False,2026-07-15T00:20:55.5700000Z,False,False,False,False,False,False,0,False,,,False,False,False,False,0,False,False,0,13354228968,False,92FCE42A-5EDB-4ED6-A00F-4F6EB7917EE7,False,False,True,2,4.020278594000279,0.799197106,,,,,,,,,,"[{'message': 'Popular Pick', 'qualifier': '9 tickets sold for this event', 'hasValue': True, 'messageType': 'BoughtInLastHourSocialProofBased'}]",[],,,"¥4,549,359",46.0,"¥2,092,578",,,,,,,
13384975965,153020449,324,122917,324,2,25,_,,False,False,1,,False,False,[1],407,Upper,1,True,"[{'listingNoteId': -1, 'listingNoteContentId': 3338094, 'formattedListingNoteContent': 'Clear view', 'listingNoteTypeId': 3, 'showToBuyer': True, 'hideInMock': False, 'siteAddedListingNote': False, 'aisleListingNoteWithSplit': False, 'listingNoteDescriptionContentId': 3338095, 'formattedListingNoteDescription': ""You'll have an unrestricted view of the show.""}]","[{'listingNoteBucketId': 27, 'formattedListingNoteContent': 'Clear view', 'displayOrder': 8, 'showsRawNoteText': True, 'sourceListingNoteId': -1}]",2113790,False,False,Row 25,False,2456781,"¥2,456,781","¥2,456,781",10,Mobile Transfer ticket,3,1,USD,JPY,10350.0,USD,"https://img.vggcdn.net/img/vfsimage2/812551/407_122917/0.jpg?im=Resize=(500,271)&v=771",16 hours ago,3,False,False,False,False,Czdw6%2fg0Q6%2bd9BFZLzKWN4V2RY4NdEifUA9aD7c93eg%3d,False,2026-07-17T18:22:44.0330000Z,False,False,False,False,False,False,0,False,[7],,False,False,False,False,0,False,False,0,13384975965,False,4F0081AB-75CE-4A5A-BBCE-02EACE458B95,False,False,True,2,3.3146551427234043,0.7269352183,,,,Last ticket,True,,,,,"[{'message': 'Popular Pick', 'qualifier': '9 tickets sold for this event', 'hasValue': True, 'messageType': 'BoughtInLastHourSocialProofBased'}]",[],,,"¥3,791,133",35.0,"¥1,334,352",,,,,,,
13388397729,153020449,126,122797,126,2,31,_,,False,False,3,,False,False,"[1, 3]",594,Lower,3,True,"[{'listingNoteId': -1, 'listingNoteContentId': 3338094, 'formattedListingNoteContent': 'Clear view', 'listingNoteTypeId': 3, 'showToBuyer': True, 'hideInMock': False, 'siteAddedListingNote': False, 'aisleListingNoteWithSplit': False, 'listingNoteDescriptionContentId': 3338095, 'formattedListingNoteDescription': ""You'll have an unrestricted view of the show.""}]","[{'listingNoteBucketId': 27, 'formattedListingNoteContent': 'Clear view', 'displayOrder': 8, 'showsRawNoteText': True, 'sourceListingNoteId': -1}]",2112789,False,False,Row 31,False,2473566,"¥2,473,566","¥2,473,566",10,Mobile Transfer ticket,3,1,USD,JPY,10990.0,USD,"https://img.vggcdn.net/img/vfsimage2/812551/594_122797/0.jpg?im=Resize=(500,271)&v=771",7 hours ago,8,False,False,False,False,0FtjquRs7aQxnbQ1jjpImtkCWLcceu6arIMLIYPFVl8%3d,False,2026-07-18T03:25:29.2930000Z,False,False,False,False,False,False,0,False,,,False,False,False,False,0,False,False,0,13388397729,False,E99341D8-574C-4B8D-A890-041BDAB249E1,False,False,True,4,7.591993254937819,1.263732799,,,,,,,,,,"[{'message': 'Great Value', 'qualifier': 'Based on price, view, seat quality and more', 'hasValue': True, 'messageType': 'ValueBased'}, {'message': 'Popular Pick', 'qualifier': '9 tickets sold for this event', 'hasValue': True, 'messageType': 'BoughtInLastHourSocialProofBased'}]",[],,,,,,,,,,,,
13390059802,153020449,217,122849,217,2,13,_,,False,False,1,,False,False,[1],471,Middle,1,True,"[{'listingNoteId': -1, 'listingNoteContentId': 3338094, 'formattedListingNoteContent': 'Clear view', 'listingNoteTypeId': 3, 'showToBuyer': True, 'hideInMock': False, 'siteAddedListingNote': False, 'aisleListingNoteWithSplit': False, 'listingNoteDescriptionContentId': 3338095, 'formattedListingNoteDescription': ""You'll have an unrestricted view of the show.""}]","[{'listingNoteBucketId': 27, 'formattedListingNoteContent': 'Clear view', 'displayOrder': 8, 'showsRawNoteText': True, 'sourceListingNoteId': -1}]",702937,False,False,Row 13,False,2484074,"¥2,484,074","¥2,484,074",10,Mobile Transfer ticket,3,1,USD,JPY,10990.0,USD,"https://img.vggcdn.net/img/vfsimage2/812551/471_122849/0.jpg?im=Resize=(500,271)&v=771",22 minutes ago,8,False,False,False,False,ILFzjXElhDdaRPjqrdnoZ7jzkh74MOvwiCJAfRTkTPc%3d,False,2026-07-18T10:46:24.0130000Z,False,False,False,False,False,False,0,False,,,False,False,False,False,0,False,False,0,13390059802,False,DD254D2C-96A6-4295-B8F5-F9EAD7DFF785,False,False,True,4,7.935583179669187,1.324534596,,,,,,,,,,"[{'message': 'Great Value', 'qualifier': 'Based on price, view, seat quality and more', 'hasValue': True, 'messageType': 'ValueBased'}, {'message': 'Popular Pick', 'qualifier': '9 tickets sold for this event', 'hasValue': True, 'messageType': 'BoughtInLastHourSocialProofBased'}]",[],,,,,,,,,,,,
13386841972,153020449,319,122912,319,2,10,1_4,1,False,False,4,,False,False,"[1, 2, 4]",407,Upper,4,True,"[{'listingNoteId': -1, 'listingNoteContentId': 3338094, 'formattedListingNoteContent': 'Clear view', 'listingNoteTypeId': 3, 'showToBuyer': True, 'hideInMock': False, 'siteAddedListingNote': False, 'aisleListingNoteWithSplit': False, 'listingNoteDescriptionContentId': 3338095, 'formattedListingNoteDescription': ""You'll have an unrestricted view of the show.""}]","[{'listingNoteBucketId': 14, 'formattedListingNoteContent': 'Aisle seat', 'displayOrder': 14, 'showsRawNoteText': True, 'sourceListingNoteId': 2024}, {'listingNoteBucketId': 27, 'formattedListingNoteContent': 'Clear view', 'displayOrder': 8, 'showsRawNoteText': True, 'sourceListingNoteId': -1}]",703923,False,False,Row 10,False,2523063,"¥2,523,063","¥2,523,063",1,Print-at-Home ticket,2,1,USD,JPY,5000.0,USD,"https://img.vggcdn.net/img/vfsimage2/812551/407_122912/0.jpg?im=Resize=(500,271)&v=771",12 hours ago,4,False,False,False,False,ZZM%2bFROkkwlnJU4g760nGN9I%2fwZUl0CHhuwkD%2fiMu3o%3d,False,2026-07-17T22:40:30.4970000Z,False,False,False,False,False,False,0,False,,,False,False,False,False,0,False,False,0,13386841972,False,F4A2948A-DD59-4348-A33D-A6DAEDDB3A41,False,False,True,2,4.151149071446913,0.8361790833,,,,,,,,,,"[{'message': 'Popular Pick', 'qualifier': '9 tickets sold for this event', 'hasValue': True, 'messageType': 'BoughtInLastHourSocialProofBased'}, {'message': 'Aisle Seat', 'qualifier': 'Easy access to your seat', 'hasValue': True, 'messageType': 'AisleSeatTicketAttributeBased'}]",[2024],,,,,,,,,,,,
13388597434,153020449,124,122796,124,2,8,14_14,14,False,False,1,,False,False,[1],594,Lower,1,True,"[{'listingNoteId': -1, 'listingNoteContentId': 3338094, 'formattedListingNoteContent': 'Clear view', 'listingNoteTypeId': 3, 'showToBuyer': True, 'hideInMock': False, 'siteAddedListingNote': False, 'aisleListingNoteWithSplit': False, 'listingNoteDescriptionContentId': 3338095, 'formattedListingNoteDescription': ""You'll have an unrestricted view of the show.""}]","[{'listingNoteBucketId': 27, 'formattedListingNoteContent': 'Clear view', 'displayOrder': 8, 'showsRawNoteText': True, 'sourceListingNoteId': -1}]",2112763,False,False,Row 8,False,2532479,"¥2,532,479","¥2,532,479",10,Mobile Transfer ticket,3,14,USD,JPY,0.0,USD,"https://img.vggcdn.net/img/vfsimage2/812551/594_122796/0.jpg?im=Resize=(500,271)&v=771",6 hours ago,9,False,False,False,False,mI2JFpzu%2foa%2fqn9zGEBZwtpUbDhLvr2VWQDkmFvCmSw%3d,False,2026-07-18T04:11:05.8570000Z,False,False,False,False,False,False,0,False,,,False,False,False,False,0,False,False,0,13388597434,False,BDC18F81-8608-457C-8768-EAA56F8F3A9D,False,False,True,5,8.660301153044061,1.505636007,,,,,,,,,,"[{'message': 'Amazing Value', 'qualifier': 'Based on price, view, seat quality and more', 'hasValue': True, 'messageType': 'ValueBased'}, {'message': 'Popular Pick', 'qualifier': '9 tickets sold for this event', 'hasValue': True, 'messageType': 'BoughtInLastHourSocialProofBased'}]",[],,,,,,,,,,,,
13388308298,153020449,124,122796,124,2,5,_,,False,False,3,,False,False,"[1, 2, 3]",594,Lower,3,True,"[{'listingNoteId': -1, 'listingNoteContentId': 3338094, 'formattedListingNoteContent': 'Clear view', 'listingNoteTypeId': 3, 'showToBuyer': True, 'hideInMock': False, 'siteAddedListingNote': False, 'aisleListingNoteWithSplit': False, 'listingNoteDescriptionContentId': 3338095, 'formattedListingNoteDescription': ""You'll have an unrestricted view of the show.""}]","[{'listingNoteBucketId': 27, 'formattedListingNoteContent': 'Clear view', 'displayOrder': 8, 'showsRawNoteText': True, 'sourceListingNoteId': -1}]",2112760,False,False,Row 5,False,2532811,"¥2,532,811","¥2,532,811",10,Mobile Transfer ticket,3,1,USD,JPY,10990.0,USD,"https://img.vggcdn.net/img/vfsimage2/812551/594_122796/0.jpg?im=Resize=(500,271)&v=771",8 hours ago,9,False,False,False,False,JMzMhe0ImUhmWs7Q5mYUpQMSHX2I34SqYprsenKnuPM%3d,False,2026-07-18T02:58:06.6130000Z,False,False,False,False,False,False,0,False,,,False,False,False,False,0,False,False,0,13388308298,False,5C5382F5-7B57-4FA6-8908-6A37257F0BFF,False,False,True,5,8.816221261853729,1.558143697,,,,,,,,,,"[{'message': 'Amazing Value', 'qualifier': 'Based on price, view, seat quality and more', 'hasValue': True, 'messageType': 'ValueBased'}, {'message': 'Popular Pick', 'qualifier': '9 tickets sold for this event', 'hasValue': True, 'messageType': 'BoughtInLastHourSocialProofBased'}]",[],,,,,,,,,,,,
13367629926,153020449,Argentina Supporters Standard Tier,2449434,Argentina Supporters Standard Tier,2,,_,,False,False,2,,False,False,"[1, 2]",36868,Argentina Supporters,2,True,"[{'listingNoteId': -1, 'listingNoteContentId': 3338094, 'formattedListingNoteContent': 'Clear view', 'listingNoteTypeId': 3, 'showToBuyer': True, 'hideInMock': False, 'siteAddedListingNote': False, 'aisleListingNoteWithSplit': False, 'listingNoteDescriptionContentId': 3338095, 'formattedListingNoteDescription': ""You'll have an unrestricted view of the show.""}]","[{'listingNoteBucketId': 27, 'formattedListingNoteContent': 'Clear view', 'displayOrder': 8, 'showsRawNoteText': True, 'sourceListingNoteId': -1}]",4849986,False,False,Row,True,2534760,"¥2,534,760","¥2,534,760",10,Mobile Transfer ticket,3,1,USD,JPY,10000.0,USD,"https://img.vggcdn.net/img/vfsimage2/812551/36868_2449434/0.jpg?im=Resize=(500,271)&v=771",2 days ago,7,False,False,False,False,JVwh%2fritykTL%2b%2fRSrAPwOrH0dOQ299CKzv%2bulYFaFQg%3d,False,2026-07-16T04:58:48.2770000Z,False,False,False,False,False,False,0,False,[7],,False,False,False,False,0,False,False,0,13367629926,False,A3D4CBFC-647D-4DDE-A8FE-640C28124D1E,False,False,True,4,7.166188760421964,1.231148835,,,,Last tickets,True,,,,,"[{'message': 'Great Value', 'qualifier': 'Based on price, view, seat quality and more', 'hasValue': True, 'messageType': 'ValueBased'}, {'message': 'Popular Pick', 'qualifier': '9 tickets sold for this event', 'hasValue': True, 'messageType': 'BoughtInLastHourSocialProofBased'}]",[],,,,,,,,,,,,
13388044073,153020449,233,122860,233,2,14,21_21,21,False,False,1,,False,False,[1],471,Middle,1,True,"[{'listingNoteId': 814, 'listingNoteContentId': 2446060, 'formattedListingNoteContent': 'Limited or Obstructed View (printed on ticket)', 'listingNoteTypeId': 1, 'showToBuyer': True, 'hideInMock': False, 'siteAddedListingNote': False, 'aisleListingNoteWithSplit': False, 'listingNoteDescriptionContentId': 2446061, 'formattedListingNoteDescription': 'Limited or Obstructed View (printed on ticket)'}]","[{'listingNoteBucketId': 21, 'formattedListingNoteContent': 'Limited view', 'displayOrder': 21, 'showsRawNoteText': False}]",703259,False,False,Row 14,False,2534760,"¥2,534,760","¥2,534,760",10,Mobile Transfer ticket,3,1,USD,JPY,5750.0,USD,"https://img.vggcdn.net/img/vfsimage2/812551/471_122860/0.jpg?im=Resize=(500,271)&v=771",9 hours ago,6,False,False,False,False,JrtUcxFGMIKD08kXCUUem2B6U%2b%2boM7ExDeNXXGSrfnE%3d,False,2026-07-18T01:47:21.1230000Z,False,False,False,False,False,False,0,False,[7],,False,False,False,False,0,False,False,0,13388044073,False,D7C912D1-E3D0-485F-BF75-355C1D0AFC60,False,False,True,3,6.045516109163923,1.073118419,,,,Last ticket,True,,,,,"[{'message': 'Popular Pick', 'qualifier': '9 tickets sold for this event', 'hasValue': True, 'messageType': 'BoughtInLastHourSocialProofBased'}]",[],,,,,,,,,,,,
13383672256,153020449,207C,1530778,207C,2,14,5_5,5,False,False,1,,False,False,[1],471,Middle,1,True,"[{'listingNoteId': -1, 'listingNoteContentId': 3338094, 'formattedListingNoteContent': 'Clear view', 'listingNoteTypeId': 3, 'showToBuyer': True, 'hideInMock': False, 'siteAddedListingNote': False, 'aisleListingNoteWithSplit': False, 'listingNoteDescriptionContentId': 3338095, 'formattedListingNoteDescription': ""You'll have an unrestricted view of the show.""}]","[{'listingNoteBucketId': 27, 'formattedListingNoteContent': 'Clear view', 'displayOrder': 8, 'showsRawNoteText': True, 'sourceListingNoteId': -1}]",1593451,False,False,Row 14,False,2544508,"¥2,544,508","¥2,544,508",10,Mobile Transfer ticket,3,1,USD,JPY,10990.0,USD,"https://img.vggcdn.net/img/vfsimage2/812551/471_1530778/0.jpg?im=Resize=(500,271)&v=771",19 hours ago,2,False,False,False,False,tbLkoTf7Snujyg4h9CS1tssZgIjrydTYIKg6IOGpQT8%3d,False,2026-07-17T15:37:46.7030000Z,False,False,False,False,False,False,0,False,[7],,False,False,False,False,0,False,False,0,13383672256,False,6AD3BDC9-7652-4A80-BD40-34FF680FBADF,False,False,True,1,2.4534987245170674,0.6530657106,,,,Last ticket,True,,,,,"[{'message': 'Popular Pick', 'qualifier': '9 tickets sold for this event', 'hasValue': True, 'messageType': 'BoughtInLastHourSocialProofBased'}]",[],5,5,,,,,,,,,,
13388018163,153020449,109,122787,109,2,27,20_20,20,False,False,1,,False,False,[1],594,Lower,1,True,"[{'listingNoteId': -1, 'listingNoteContentId': 3338094, 'formattedListingNoteContent': 'Clear view', 'listingNoteTypeId': 3, 'showToBuyer': True, 'hideInMock': False, 'siteAddedListingNote': False, 'aisleListingNoteWithSplit': False, 'listingNoteDescriptionContentId': 3338095, 'formattedListingNoteDescription': ""You'll have an unrestricted view of the show.""}]","[{'listingNoteBucketId': 27, 'formattedListingNoteContent': 'Clear view', 'displayOrder': 8, 'showsRawNoteText': True, 'sourceListingNoteId': -1}]",2112305,False,False,Row 27,False,2585048,"¥2,585,048","¥2,585,048",10,Mobile Transfer ticket,3,14,USD,JPY,0.0,USD,"https://img.vggcdn.net/img/vfsimage2/812551/594_122787/0.jpg?im=Resize=(500,271)&v=771",9 hours ago,7,False,False,False,False,CdYdIN72raT4KhJwnID99BGROA2MdCxn1f7EmoeTkY4%3d,False,2026-07-18T01:44:10.2930000Z,False,False,False,False,False,False,0,False,,,False,False,False,False,0,False,False,0,13388018163,False,F8BDDD4B-AC65-4671-BF87-CF539C159F08,False,False,True,4,7.291928791942586,1.274130508,,,,,,,,,,"[{'message': 'Great Value', 'qualifier': 'Based on price, view, seat quality and more', 'hasValue': True, 'messageType': 'ValueBased'}, {'message': 'Popular Pick', 'qualifier': '9 tickets sold for this event', 'hasValue': True, 'messageType': 'BoughtInLastHourSocialProofBased'}]",[],,,,,,,,,,,,
13387928585,153020449,118,122793,118,2,16,_,,False,False,4,,False,False,"[1, 2, 3, 4]",594,Lower,4,True,"[{'listingNoteId': 814, 'listingNoteContentId': 2446060, 'formattedListingNoteContent': 'Limited or Obstructed View (printed on ticket)', 'listingNoteTypeId': 1, 'showToBuyer': True, 'hideInMock': False, 'siteAddedListingNote': False, 'aisleListingNoteWithSplit': False, 'listingNoteDescriptionContentId': 2446061, 'formattedListingNoteDescription': 'Limited or Obstructed View (printed on ticket)'}]","[{'listingNoteBucketId': 21, 'formattedListingNoteContent': 'Limited view', 'displayOrder': 21, 'showsRawNoteText': False}]",2112592,False,False,Row 16,False,2617808,"¥2,617,808","¥2,617,808",10,Mobile Transfer ticket,3,1,USD,JPY,10990.0,USD,"https://img.vggcdn.net/img/vfsimage2/812551/594_122793/0.jpg?im=Resize=(500,271)&v=771",9 hours ago,9,False,False,False,False,fqTTJ3goeW%2bFUJfEeHWNvxkOPOFHFFXZzChkSZCiseg%3d,False,2026-07-18T01:24:36.4100000Z,False,False,False,False,False,False,0,False,,,False,False,False,False,0,False,False,0,13387928585,False,241E1B98-DC53-423A-B588-B6978D8EF0C2,False,False,True,5,8.769299599294472,1.593780325,,,,,,,,,,"[{'message': 'Amazing Value', 'qualifier': 'Based on price, view, seat quality and more', 'hasValue': True, 'messageType': 'ValueBased'}, {'message': 'Popular Pick', 'qualifier': '9 tickets sold for this event', 'hasValue': True, 'messageType': 'BoughtInLastHourSocialProofBased'}]",[],,,,,,,,,,,,
13387928582,153020449,108,122786,108,2,16,_,,False,False,4,,False,False,"[1, 2, 3, 4]",594,Lower,4,True,"[{'listingNoteId': 814, 'listingNoteContentId': 2446060, 'formattedListingNoteContent': 'Limited or Obstructed View (printed on ticket)', 'listingNoteTypeId': 1, 'showToBuyer': True, 'hideInMock': False, 'siteAddedListingNote': False, 'aisleListingNoteWithSplit': False, 'listingNoteDescriptionContentId': 2446061, 'formattedListingNoteDescription': 'Limited or Obstructed View (printed on ticket)'}]","[{'listingNoteBucketId': 21, 'formattedListingNoteContent': 'Limited view', 'displayOrder': 21, 'showsRawNoteText': False}]",2112259,False,False,Row 16,False,2617808,"¥2,617,808","¥2,617,808",10,Mobile Transfer ticket,3,1,USD,JPY,10990.0,USD,"https://img.vggcdn.net/img/vfsimage2/812551/594_122786/0.jpg?im=Resize=(500,271)&v=771",9 hours ago,8,False,False,False,False,fqTTJ3goeW%2bFUJfEeHWNvxkOPOFHFFXZzChkSZCiseg%3d,False,2026-07-18T01:24:36.4000000Z,False,False,False,False,False,False,0,False,,,False,False,False,False,0,False,False,0,13387928582,False,0571B92D-431B-4AF1-8BA5-B5856419C991,False,False,True,4,8.48443429424131,1.500553117,,,,,,,,,,"[{'message': 'Great Value', 'qualifier': 'Based on price, view, seat quality and more', 'hasValue': True, 'messageType': 'ValueBased'}, {'message': 'Popular Pick', 'qualifier': '9 tickets sold for this event', 'hasValue': True, 'messageType': 'BoughtInLastHourSocialProofBased'}]",[],,,,,,,,,,,,
13387914969,153020449,217,122849,217,2,12,17_18,17,False,False,2,,False,False,"[1, 2]",471,Middle,2,True,"[{'listingNoteId': -1, 'listingNoteContentId': 3338094, 'formattedListingNoteContent': 'Clear view', 'listingNoteTypeId': 3, 'showToBuyer': True, 'hideInMock': False, 'siteAddedListingNote': False, 'aisleListingNoteWithSplit': False, 'listingNoteDescriptionContentId': 3338095, 'formattedListingNoteDescription': ""You'll have an unrestricted view of the show.""}]","[{'listingNoteBucketId': 27, 'formattedListingNoteContent': 'Clear view', 'displayOrder': 8, 'showsRawNoteText': True, 'sourceListingNoteId': -1}]",702936,False,False,Row 12,False,2621500,"¥2,621,500","¥2,621,500",10,Mobile Transfer ticket,3,1,USD,JPY,10990.0,USD,"https://img.vggcdn.net/img/vfsimage2/812551/471_122849/0.jpg?im=Resize=(500,271)&v=771",9 hours ago,8,False,False,False,False,RrXccM6GRlYiRYw14B8LcpgLspNPx0Jp59h8jKyhLro%3d,False,2026-07-18T01:22:15.4930000Z,False,False,False,False,False,False,0,False,,,False,False,False,False,0,False,False,0,13387914969,False,F5CB901D-5827-4372-9DC3-966971839D0F,False,False,True,4,7.721032592234771,1.360712054,,,,,,,,,,"[{'message': 'Great Value', 'qualifier': 'Based on price, view, seat quality and more', 'hasValue': True, 'messageType': 'ValueBased'}, {'message': 'Popular Pick', 'qualifier': '9 tickets sold for this event', 'hasValue': True, 'messageType': 'BoughtInLastHourSocialProofBased'}]",[],,,"¥4,429,108",41.0,"¥1,807,608",,,,,,,
13386891497,153020449,231A,1530792,231A,2,2,16_19,16,False,False,4,,False,False,"[1, 2, 4]",471,Middle,4,True,"[{'listingNoteId': 2026, 'listingNoteContentId': 3415844, 'formattedListingNoteContent': 'Second Row of Section', 'listingNoteTypeId': 6, 'showToBuyer': True, 'hideInMock': False, 'siteAddedListingNote': False, 'aisleListingNoteWithSplit': False, 'listingNoteDescriptionContentId': 3415844, 'formattedListingNoteDescription': 'Second Row of Section'}, {'listingNoteId': -1, 'listingNoteContentId': 3338094, 'formattedListingNoteContent': 'Clear view', 'listingNoteTypeId': 3, 'showToBuyer': True, 'hideInMock': False, 'siteAddedListingNote': False, 'aisleListingNoteWithSplit': False, 'listingNoteDescriptionContentId': 3338095, 'formattedListingNoteDescription': ""You'll have an unrestricted view of the show.""}]","[{'listingNoteBucketId': 14, 'formattedListingNoteContent': 'Second Row of Section', 'displayOrder': 14, 'showsRawNoteText': True, 'sourceListingNoteId': 2026}, {'listingNoteBucketId': 27, 'formattedListingNoteContent': 'Clear view', 'displayOrder': 8, 'showsRawNoteText': True, 'sourceListingNoteId': -1}]",1593666,False,False,Row 2,False,2632234,"¥2,632,234","¥2,632,234",10,Mobile Transfer ticket,3,1,USD,JPY,0.0,USD,"https://img.vggcdn.net/img/vfsimage2/812551/471_1530792/0.jpg?im=Resize=(500,271)&v=771",12 hours ago,8,False,False,False,False,J6JR8OBaehhDB1kEU8m3nOjseNSqjvKH0g%2flMe1kwQY%3d,False,2026-07-17T22:45:21.2300000Z,False,False,False,False,False,False,0,False,[7],,False,False,False,False,0,False,False,0,13386891497,False,2C39FE34-FED8-41B5-8FC8-A1F4B7042EFC,False,False,True,4,7.507954837459006,1.331183615,,,,Last tickets,True,,,,,"[{'message': 'Great Value', 'qualifier': 'Based on price, view, seat quality and more', 'hasValue': True, 'messageType': 'ValueBased'}, {'message': 'Popular Pick', 'qualifier': '9 tickets sold for this event', 'hasValue': True, 'messageType': 'BoughtInLastHourSocialProofBased'}, {'message': 'Second Row', 'qualifier': 'Premium close-up view', 'hasValue': True, 'messageType': 'SecondRowTicketAttributeBased'}]",[2026],,,,,,,,,,,,
13386360429,153020449,245C,1530797,245C,2,8,_,,False,False,1,,False,False,[1],471,Middle,1,True,"[{'listingNoteId': 175, 'listingNoteContentId': 2444706, 'formattedListingNoteContent': 'Unlimited Food and Drinks', 'listingNoteTypeId': 3, 'showToBuyer': True, 'hideInMock': False, 'siteAddedListingNote': False, 'aisleListingNoteWithSplit': False, 'listingNoteDescriptionContentId': 2444707, 'formattedListingNoteDescription': 'Includes unlimited food and drinks (beer, wine and soft drinks)'}, {'listingNoteId': 2344, 'listingNoteContentId': 4216766, 'formattedListingNoteContent': 'Includes Offsite Hospitality', 'listingNoteTypeId': 3, 'showToBuyer': True, 'hideInMock': False, 'siteAddedListingNote': False, 'aisleListingNoteWithSplit': False, 'formattedListingNoteDescription': ''}, {'listingNoteId': -1, 'listingNoteContentId': 3338094, 'formattedListingNoteContent': 'Clear view', 'listingNoteTypeId': 3, 'showToBuyer': True, 'hideInMock': False, 'siteAddedListingNote': False, 'aisleListingNoteWithSplit': False, 'listingNoteDescriptionContentId': 3338095, 'formattedListingNoteDescription': ""You'll have an unrestricted view of the show.""}]","[{'listingNoteBucketId': 7, 'formattedListingNoteContent': 'Food & beverages', 'displayOrder': 7, 'showsRawNoteText': False}, {'listingNoteBucketId': 0, 'formattedListingNoteContent': 'Includes Offsite Hospitality', 'displayOrder': 30, 'showsRawNoteText': True, 'sourceListingNoteId': 2344}, {'listingNoteBucketId': 27, 'formattedListingNoteContent': 'Clear view', 'displayOrder': 8, 'showsRawNoteText': True, 'sourceListingNoteId': -1}]",1593500,False,False,Row 8,False,2632234,"¥2,632,234","¥2,632,234",10,Mobile Transfer ticket,3,1,USD,JPY,81000.0,USD,"https://img.vggcdn.net/img/vfsimage2/812551/471_1530797/0.jpg?im=Resize=(500,271)&v=771",13 hours ago,6,False,False,False,False,XAOQSpHsuLA9bJM8SaMacpMCvVPEFVaOhvviMmRJgxo%3d,False,2026-07-17T21:27:35.4900000Z,False,False,False,False,False,False,0,False,[7],,False,False,False,False,0,False,False,0,13386360429,False,63635B9C-19E1-4A52-B150-CB7BD6C609F6,False,False,True,3,5.975584724330738,1.105408606,,,,Last ticket,True,,,,,"[{'message': 'Popular Pick', 'qualifier': '9 tickets sold for this event', 'hasValue': True, 'messageType': 'BoughtInLastHourSocialProofBased'}]",[],,,,,,,,,,,,
13388306368,153020449,124,122796,124,2,4,_,,False,False,4,,False,False,"[1, 2, 4]",594,Lower,4,True,"[{'listingNoteId': -1, 'listingNoteContentId': 3338094, 'formattedListingNoteContent': 'Clear view', 'listingNoteTypeId': 3, 'showToBuyer': True, 'hideInMock': False, 'siteAddedListingNote': False, 'aisleListingNoteWithSplit': False, 'listingNoteDescriptionContentId': 3338095, 'formattedListingNoteDescription': ""You'll have an unrestricted view of the show.""}]","[{'listingNoteBucketId': 27, 'formattedListingNoteContent': 'Clear view', 'displayOrder': 8, 'showsRawNoteText': True, 'sourceListingNoteId': -1}]",2112749,False,False,Row 4,False,2682046,"¥2,682,046","¥2,682,046",10,Mobile Transfer ticket,3,1,USD,JPY,10990.0,USD,"https://img.vggcdn.net/img/vfsimage2/812551/594_122796/0.jpg?im=Resize=(500,271)&v=771",8 hours ago,9,False,False,False,False,TpoYweNVtFHGwrDYyg9yeJrbhfSMKO%2f7KybsyNE4q4c%3d,False,2026-07-18T02:57:39.3530000Z,False,False,False,False,False,False,0,False,,,False,False,False,False,0,False,False,0,13388306368,False,DA073A25-4F90-43F2-8E21-7337FD63E6B4,False,False,True,5,8.605650598561304,1.576028866,,,,,,,,,,"[{'message': 'Amazing Value', 'qualifier': 'Based on price, view, seat quality and more', 'hasValue': True, 'messageType': 'ValueBased'}, {'message': 'Popular Pick', 'qualifier': '9 tickets sold for this event', 'hasValue': True, 'messageType': 'BoughtInLastHourSocialProofBased'}]",[],,,,,,,,,,,,
13389264011,153020449,101,122782,101,2,14,9_9,9,False,False,1,,False,False,[1],594,Lower,1,True,"[{'listingNoteId': -1, 'listingNoteContentId': 3338094, 'formattedListingNoteContent': 'Clear view', 'listingNoteTypeId': 3, 'showToBuyer': True, 'hideInMock': False, 'siteAddedListingNote': False, 'aisleListingNoteWithSplit': False, 'listingNoteDescriptionContentId': 3338095, 'formattedListingNoteDescription': ""You'll have an unrestricted view of the show.""}]","[{'listingNoteBucketId': 27, 'formattedListingNoteContent': 'Clear view', 'displayOrder': 8, 'showsRawNoteText': True, 'sourceListingNoteId': -1}]",2112068,False,False,Row 14,False,2719960,"¥2,719,960","¥2,719,960",10,Mobile Transfer ticket,3,1,USD,JPY,0.0,USD,"https://img.vggcdn.net/img/vfsimage2/812551/594_122782/0.jpg?im=Resize=(500,271)&v=771",5 hours ago,8,False,False,False,False,rrCBgESVrS2yGkCbBuqquiRhu6EMny0mBs%2bkHJkLfgY%3d,False,2026-07-18T05:52:02.5300000Z,False,False,False,False,False,False,0,False,,,False,False,False,False,0,False,False,0,13389264011,False,1F13365A-FB8B-4215-B256-EE6C55F6A851,False,False,True,4,7.912195597112588,1.446035113,,,,,,,,,,"[{'message': 'Great Value', 'qualifier': 'Based on price, view, seat quality and more', 'hasValue': True, 'messageType': 'ValueBased'}, {'message': 'Popular Pick', 'qualifier': '9 tickets sold for this event', 'hasValue': True, 'messageType': 'BoughtInLastHourSocialProofBased'}]",[],9,9,,,,,,,,,,
13387740657,153020449,124,122796,124,2,2,18_18,18,False,False,1,,False,False,[1],594,Lower,1,True,"[{'listingNoteId': 2026, 'listingNoteContentId': 3415844, 'formattedListingNoteContent': 'Second Row of Section', 'listingNoteTypeId': 6, 'showToBuyer': True, 'hideInMock': False, 'siteAddedListingNote': False, 'aisleListingNoteWithSplit': False, 'listingNoteDescriptionContentId': 3415844, 'formattedListingNoteDescription': 'Second Row of Section'}, {'listingNoteId': -1, 'listingNoteContentId': 3338094, 'formattedListingNoteContent': 'Clear view', 'listingNoteTypeId': 3, 'showToBuyer': True, 'hideInMock': False, 'siteAddedListingNote': False, 'aisleListingNoteWithSplit': False, 'listingNoteDescriptionContentId': 3338095, 'formattedListingNoteDescription': ""You'll have an unrestricted view of the show.""}]","[{'listingNoteBucketId': 14, 'formattedListingNoteContent': 'Second Row of Section', 'displayOrder': 14, 'showsRawNoteText': True, 'sourceListingNoteId': 2026}, {'listingNoteBucketId': 27, 'formattedListingNoteContent': 'Clear view', 'displayOrder': 8, 'showsRawNoteText': True, 'sourceListingNoteId': -1}]",2112727,False,False,Row 2,False,2729513,"¥2,729,513","¥2,729,513",10,Mobile Transfer ticket,3,1,CAD,JPY,15290.0,CAD,"https://img.vggcdn.net/img/vfsimage2/812551/594_122796/0.jpg?im=Resize=(500,271)&v=771",10 hours ago,9,False,False,False,False,H2SQ8Vrsb3jq1x0%2bbsEaLB352ERn5NKsz3IBWbCaYLI%3d,False,2026-07-18T00:42:32.3030000Z,False,False,False,False,False,False,0,False,,,False,False,False,False,0,False,False,0,13387740657,False,FC1270F1-B24A-42A7-B31E-C86341C16D08,False,False,True,5,8.630307742666945,1.612385673,,,,,,,,,,"[{'message': 'Amazing Value', 'qualifier': 'Based on price, view, seat quality and more', 'hasValue': True, 'messageType': 'ValueBased'}, {'message': 'Popular Pick', 'qualifier': '9 tickets sold for this event', 'hasValue': True, 'messageType': 'BoughtInLastHourSocialProofBased'}, {'message': 'Second Row', 'qualifier': 'Premium close-up view', 'hasValue': True, 'messageType': 'SecondRowTicketAttributeBased'}]",[2026],18,18,"¥4,634,295",41.0,"¥1,904,782",,,,,,,
13388649991,153020449,149,122812,149,2,8,19_19,19,False,False,1,,False,False,[1],594,Lower,1,True,"[{'listingNoteId': -1, 'listingNoteContentId': 3338094, 'formattedListingNoteContent': 'Clear view', 'listingNoteTypeId': 3, 'showToBuyer': True, 'hideInMock': False, 'siteAddedListingNote': False, 'aisleListingNoteWithSplit': False, 'listingNoteDescriptionContentId': 3338095, 'formattedListingNoteDescription': ""You'll have an unrestricted view of the show.""}]","[{'listingNoteBucketId': 27, 'formattedListingNoteContent': 'Clear view', 'displayOrder': 8, 'showsRawNoteText': True, 'sourceListingNoteId': -1}]",2113373,False,False,Row 8,False,2737505,"¥2,737,505","¥2,737,505",10,Mobile Transfer ticket,3,1,USD,JPY,0.0,USD,"https://img.vggcdn.net/img/vfsimage2/812551/594_122812/0.jpg?im=Resize=(500,271)&v=771",6 hours ago,8,False,False,False,False,M%2fKYVcpRGPWXyLvswE09NXAl7sDUIuPTK0pUOl7H85A%3d,False,2026-07-18T04:18:42.2730000Z,False,False,False,False,False,False,0,False,,,False,False,False,False,0,False,False,0,13388649991,False,202ACC15-F6CA-48DF-BE80-DBBBB728E25F,False,False,True,4,8.192769056343312,1.509028498,,,,,,,,,,"[{'message': 'Great Value', 'qualifier': 'Based on price, view, seat quality and more', 'hasValue': True, 'messageType': 'ValueBased'}, {'message': 'Popular Pick', 'qualifier': '9 tickets sold for this event', 'hasValue': True, 'messageType': 'BoughtInLastHourSocialProofBased'}]",[],19,19,"¥3,980,636",31.0,"¥1,243,131",,,,,,,
13381624002,153020449,133,122801,133,2,,_,,False,False,3,,False,False,"[1, 3]",594,Lower,3,True,"[{'listingNoteId': -1, 'listingNoteContentId': 3338094, 'formattedListingNoteContent': 'Clear view', 'listingNoteTypeId': 3, 'showToBuyer': True, 'hideInMock': False, 'siteAddedListingNote': False, 'aisleListingNoteWithSplit': False, 'listingNoteDescriptionContentId': 3338095, 'formattedListingNoteDescription': ""You'll have an unrestricted view of the show.""}]","[{'listingNoteBucketId': 27, 'formattedListingNoteContent': 'Clear view', 'displayOrder': 8, 'showsRawNoteText': True, 'sourceListingNoteId': -1}]",108763,False,False,Row,True,2788171,"¥2,788,171","¥2,788,171",10,Mobile Transfer ticket,3,1,EUR,JPY,5570.0,EUR,"https://img.vggcdn.net/img/vfsimage2/812551/594_122801/0.jpg?im=Resize=(500,271)&v=771",yesterday,6,False,False,False,False,OgUgU8fw5MSaG4yMu7rrCWlRIQpG88RBNSRfTZyKDAA%3d,False,2026-07-17T08:52:50.4630000Z,False,False,False,False,False,False,0,False,[7],,False,False,False,False,0,False,False,0,13381624002,False,0A0C794F-5C17-464E-97DF-9276235B2152,False,False,True,3,5.545108837144454,1.115548226,,,,Last tickets,True,,,,,"[{'message': 'Popular Pick', 'qualifier': '9 tickets sold for this event', 'hasValue': True, 'messageType': 'BoughtInLastHourSocialProofBased'}]",[],,,,,,,,,,,,
13384129659,153020449,342,122935,342,2,14,_,,False,False,4,,False,False,"[1, 2, 3, 4]",407,Upper,4,True,"[{'listingNoteId': -1, 'listingNoteContentId': 3338094, 'formattedListingNoteContent': 'Clear view', 'listingNoteTypeId': 3, 'showToBuyer': True, 'hideInMock': False, 'siteAddedListingNote': False, 'aisleListingNoteWithSplit': False, 'listingNoteDescriptionContentId': 3338095, 'formattedListingNoteDescription': ""You'll have an unrestricted view of the show.""}]","[{'listingNoteBucketId': 27, 'formattedListingNoteContent': 'Clear view', 'displayOrder': 8, 'showsRawNoteText': True, 'sourceListingNoteId': -1}]",704430,False,False,Row 14,False,2811244,"¥2,811,244","¥2,811,244",10,Mobile Transfer ticket,3,1,USD,JPY,0.0,USD,"https://img.vggcdn.net/img/vfsimage2/812551/407_122935/0.jpg?im=Resize=(500,271)&v=771",18 hours ago,3,False,False,False,False,IK4RPlg55SPNbh9%2b9the961KgEUk7aZQ2tws5SOva98%3d,False,2026-07-17T16:37:34.2600000Z,False,False,False,False,False,False,0,False,,,False,False,False,False,0,False,False,0,13384129659,False,E8464545-1FC0-47DE-B470-7A5139A54220,False,False,True,2,3.101420363456037,0.8097118042,,,,,,,,,,"[{'message': 'Popular Pick', 'qualifier': '9 tickets sold for this event', 'hasValue': True, 'messageType': 'BoughtInLastHourSocialProofBased'}]",[],,,,,,,,,,,,
13389892129,153020449,Lower,1546666,Lower,3,,_,,False,False,10,,False,False,"[1, 2, 3, 4]",594,Lower,4,True,"[{'listingNoteId': -1, 'listingNoteContentId': 3338094, 'formattedListingNoteContent': 'Clear view', 'listingNoteTypeId': 3, 'showToBuyer': True, 'hideInMock': False, 'siteAddedListingNote': False, 'aisleListingNoteWithSplit': False, 'listingNoteDescriptionContentId': 3338095, 'formattedListingNoteDescription': ""You'll have an unrestricted view of the show.""}]","[{'listingNoteBucketId': 27, 'formattedListingNoteContent': 'Clear view', 'displayOrder': 8, 'showsRawNoteText': True, 'sourceListingNoteId': -1}]",1641233,False,False,Row,True,2863838,"¥2,863,838","¥2,863,838",10,Mobile Transfer ticket,3,1,EUR,JPY,10990.0,EUR,"https://img.vggcdn.net/img/vfsimage2/812551/594_1546666/0.jpg?im=Resize=(500,271)&v=771",an hour ago,0,False,False,True,True,zV9lFnDMfjI7pAUTdRIuPhzWw9y7lXb1zq5lE3Babkg%3d,False,2026-07-18T09:49:31.1170000Z,False,False,False,False,False,False,0,False,[7],,False,False,False,False,0,False,False,0,13389892129,False,8476D626-1D3F-42F0-A253-2BFD4128B032,False,False,True,0,,,,,,Last tickets,True,,,,,"[{'message': 'Popular Pick', 'qualifier': '9 tickets sold for this event', 'hasValue': True, 'messageType': 'BoughtInLastHourSocialProofBased'}]",[],,,,,,,,,,,,
13388212550,153020449,108,122786,108,2,15,_,,False,False,3,,False,False,"[1, 3]",594,Lower,3,True,"[{'listingNoteId': 814, 'listingNoteContentId': 2446060, 'formattedListingNoteContent': 'Limited or Obstructed View (printed on ticket)', 'listingNoteTypeId': 1, 'showToBuyer': True, 'hideInMock': False, 'siteAddedListingNote': False, 'aisleListingNoteWithSplit': False, 'listingNoteDescriptionContentId': 2446061, 'formattedListingNoteDescription': 'Limited or Obstructed View (printed on ticket)'}]","[{'listingNoteBucketId': 21, 'formattedListingNoteContent': 'Limited view', 'displayOrder': 21, 'showsRawNoteText': False}]",2112258,False,False,Row 15,False,2865979,"¥2,865,979","¥2,865,979",10,Mobile Transfer ticket,3,1,USD,JPY,1099.0,USD,"https://img.vggcdn.net/img/vfsimage2/812551/594_122786/0.jpg?im=Resize=(500,271)&v=771",8 hours ago,8,False,False,False,False,jzutkzZihJZHzFITmlXZpH9%2fSYebHYXgTFu3lgQ3Y%2bk%3d,False,2026-07-18T02:32:23.4700000Z,False,False,False,False,False,False,0,False,,,False,False,False,False,0,False,False,0,13388212550,False,12117B0A-3074-41D3-9648-8BA4F98BA091,False,False,True,4,7.859519443897629,1.513572,,,,,,,,,,"[{'message': 'Great Value', 'qualifier': 'Based on price, view, seat quality and more', 'hasValue': True, 'messageType': 'ValueBased'}, {'message': 'Popular Pick', 'qualifier': '9 tickets sold for this event', 'hasValue': True, 'messageType': 'BoughtInLastHourSocialProofBased'}]",[],,,,,,,,,,,,
13387921180,153020449,217,122849,217,2,11,_,,False,False,3,,False,False,"[1, 3]",471,Middle,3,True,"[{'listingNoteId': -1, 'listingNoteContentId': 3338094, 'formattedListingNoteContent': 'Clear view', 'listingNoteTypeId': 3, 'showToBuyer': True, 'hideInMock': False, 'siteAddedListingNote': False, 'aisleListingNoteWithSplit': False, 'listingNoteDescriptionContentId': 3338095, 'formattedListingNoteDescription': ""You'll have an unrestricted view of the show.""}]","[{'listingNoteBucketId': 27, 'formattedListingNoteContent': 'Clear view', 'displayOrder': 8, 'showsRawNoteText': True, 'sourceListingNoteId': -1}]",702935,False,False,Row 11,False,2866170,"¥2,866,170","¥2,866,170",10,Mobile Transfer ticket,3,1,USD,JPY,10990.0,USD,"https://img.vggcdn.net/img/vfsimage2/812551/471_122849/0.jpg?im=Resize=(500,271)&v=771",9 hours ago,7,False,False,False,False,CAcRhqn9wLRHmAWJy549pLGSFPRltQfAz%2fUe6HXpcf0%3d,False,2026-07-18T01:23:34.2300000Z,False,False,False,False,False,False,0,False,,,False,False,False,False,0,False,False,0,13387921180,False,39BD76C8-8979-4E04-9768-D2DB87F19AA2,False,False,True,4,7.201727841907902,1.397897973,,,,,,,,,,"[{'message': 'Great Value', 'qualifier': 'Based on price, view, seat quality and more', 'hasValue': True, 'messageType': 'ValueBased'}, {'message': 'Popular Pick', 'qualifier': '9 tickets sold for this event', 'hasValue': True, 'messageType': 'BoughtInLastHourSocialProofBased'}]",[],,,,,,,,,,,,
13387921218,153020449,217,122849,217,2,12,_,,False,False,3,,False,False,"[1, 3]",471,Middle,3,True,"[{'listingNoteId': -1, 'listingNoteContentId': 3338094, 'formattedListingNoteContent': 'Clear view', 'listingNoteTypeId': 3, 'showToBuyer': True, 'hideInMock': False, 'siteAddedListingNote': False, 'aisleListingNoteWithSplit': False, 'listingNoteDescriptionContentId': 3338095, 'formattedListingNoteDescription': ""You'll have an unrestricted view of the show.""}]","[{'listingNoteBucketId': 27, 'formattedListingNoteContent': 'Clear view', 'displayOrder': 8, 'showsRawNoteText': True, 'sourceListingNoteId': -1}]",702936,False,False,Row 12,False,2866170,"¥2,866,170","¥2,866,170",10,Mobile Transfer ticket,3,1,USD,JPY,10990.0,USD,"https://img.vggcdn.net/img/vfsimage2/812551/471_122849/0.jpg?im=Resize=(500,271)&v=771",9 hours ago,7,False,False,False,False,CAcRhqn9wLRHmAWJy549pLGSFPRltQfAz%2fUe6HXpcf0%3d,False,2026-07-18T01:23:34.4100000Z,False,False,False,False,False,False,0,False,,,False,False,False,False,0,False,False,0,13387921218,False,CE92C45A-1754-4537-A9AD-FBC64EB81ED7,False,False,True,3,6.976777635435759,1.360712054,,,,,,,,,,"[{'message': 'Popular Pick', 'qualifier': '9 tickets sold for this event', 'hasValue': True, 'messageType': 'BoughtInLastHourSocialProofBased'}]",[],,,,,,,,,,,,
13082004275,153020449,121,122794,121,2,15,15_15,15,False,False,1,,False,False,[1],594,Lower,1,True,"[{'listingNoteId': -1, 'listingNoteContentId': 3338094, 'formattedListingNoteContent': 'Clear view', 'listingNoteTypeId': 3, 'showToBuyer': True, 'hideInMock': False, 'siteAddedListingNote': False, 'aisleListingNoteWithSplit': False, 'listingNoteDescriptionContentId': 3338095, 'formattedListingNoteDescription': ""You'll have an unrestricted view of the show.""}]","[{'listingNoteBucketId': 27, 'formattedListingNoteContent': 'Clear view', 'displayOrder': 8, 'showsRawNoteText': True, 'sourceListingNoteId': -1}]",2112627,False,False,Row 15,False,2877867,"¥2,877,867","¥2,877,867",10,Mobile Transfer ticket,3,1,USD,JPY,,USD,"https://img.vggcdn.net/img/vfsimage2/812551/594_122794/0.jpg?im=Resize=(500,271)&v=771",28 days ago,7,False,False,False,False,%2f1MOhJ2Wy8pAfXjVg%2fP5%2bCKmM3Kt1wP3IxGT2q6YySo%3d,False,2026-06-20T03:35:06.4300000Z,False,False,False,False,False,False,0,False,,,False,False,False,False,0,False,False,0,13082004275,False,F8D4EE1F-9331-4FDD-93D9-E61B6A8F9B1A,False,False,True,4,7.009097962742782,1.372853714,,,,,,,,,,"[{'message': 'Great Value', 'qualifier': 'Based on price, view, seat quality and more', 'hasValue': True, 'messageType': 'ValueBased'}, {'message': 'Popular Pick', 'qualifier': '9 tickets sold for this event', 'hasValue': True, 'messageType': 'BoughtInLastHourSocialProofBased'}]",[],15,15,,,,,,,,,,
13386082810,153020449,131,122800,131,2,22,_,,False,False,1,,False,False,[1],594,Lower,1,True,"[{'listingNoteId': 2, 'listingNoteContentId': 1035272, 'formattedListingNoteContent': 'Ticket and meal package', 'listingNoteTypeId': 3, 'showToBuyer': True, 'hideInMock': False, 'siteAddedListingNote': False, 'aisleListingNoteWithSplit': False, 'listingNoteDescriptionContentId': 1277356, 'formattedListingNoteDescription': 'This package comes with a ticket to see your favorite performer along with a free meal!'}, {'listingNoteId': 189, 'listingNoteContentId': 2444744, 'formattedListingNoteContent': 'Complimentary Food & Soft drinks', 'listingNoteTypeId': 3, 'showToBuyer': True, 'hideInMock': False, 'siteAddedListingNote': False, 'aisleListingNoteWithSplit': False, 'listingNoteDescriptionContentId': 3876389, 'formattedListingNoteDescription': 'Complimentary Food & Soft drinks'}, {'listingNoteId': -1, 'listingNoteContentId': 3338094, 'formattedListingNoteContent': 'Clear view', 'listingNoteTypeId': 3, 'showToBuyer': True, 'hideInMock': False, 'siteAddedListingNote': False, 'aisleListingNoteWithSplit': False, 'listingNoteDescriptionContentId': 3338095, 'formattedListingNoteDescription': ""You'll have an unrestricted view of the show.""}]","[{'listingNoteBucketId': 7, 'formattedListingNoteContent': 'Food & beverages', 'displayOrder': 7, 'showsRawNoteText': False}, {'listingNoteBucketId': 27, 'formattedListingNoteContent': 'Clear view', 'displayOrder': 8, 'showsRawNoteText': True, 'sourceListingNoteId': -1}]",2112920,False,False,Row 22,False,2884212,"¥2,884,212","¥2,884,212",10,Mobile Transfer ticket,3,1,GBP,JPY,9000.0,GBP,"https://img.vggcdn.net/img/vfsimage2/812551/594_122800/0.jpg?im=Resize=(500,271)&v=771",14 hours ago,7,False,False,False,False,xd0p6bXfaqFq4ZQs9OPPgfg9zTC7IRv0pYaXI6OQ8TQ%3d,False,2026-07-17T20:37:40.2030000Z,False,False,False,False,False,False,0,False,[7],,False,False,False,False,0,False,False,0,13386082810,False,853FAC35-3623-4E9C-AF7D-9793EE51710F,False,False,True,3,6.773035908893058,1.333864034,,,,Last ticket,True,,,,,"[{'message': 'Popular Pick', 'qualifier': '9 tickets sold for this event', 'hasValue': True, 'messageType': 'BoughtInLastHourSocialProofBased'}]",[],,,"¥4,229,744",32.0,"¥1,345,532",,,,,,,
13315732316,153020449,343,122936,343,2,15,_,,False,False,1,,False,False,[1],407,Upper,1,True,"[{'listingNoteId': 138, 'listingNoteContentId': 2444629, 'formattedListingNoteContent': 'Paperless Tickets', 'listingNoteTypeId': 4, 'showToBuyer': True, 'hideInMock': False, 'siteAddedListingNote': False, 'aisleListingNoteWithSplit': False, 'listingNoteDescriptionContentId': 2444630, 'formattedListingNoteDescription': 'Paperless Tickets. Instructions for entry will be included in order confirmation email.'}, {'listingNoteId': 1013, 'listingNoteContentId': 2446467, 'formattedListingNoteContent': 'Food and Beverages Available for Purchase', 'listingNoteTypeId': 4, 'showToBuyer': True, 'hideInMock': False, 'siteAddedListingNote': False, 'aisleListingNoteWithSplit': False, 'listingNoteDescriptionContentId': 2446468, 'formattedListingNoteDescription': 'Food and Beverages Available for Purchase'}, {'listingNoteId': -1, 'listingNoteContentId': 3338094, 'formattedListingNoteContent': 'Clear view', 'listingNoteTypeId': 3, 'showToBuyer': True, 'hideInMock': False, 'siteAddedListingNote': False, 'aisleListingNoteWithSplit': False, 'listingNoteDescriptionContentId': 3338095, 'formattedListingNoteDescription': ""You'll have an unrestricted view of the show.""}]","[{'listingNoteBucketId': 8, 'formattedListingNoteContent': 'Food & beverage options', 'displayOrder': 8, 'showsRawNoteText': False}, {'listingNoteBucketId': 0, 'formattedListingNoteContent': 'Paperless Tickets', 'displayOrder': 30, 'showsRawNoteText': True, 'sourceListingNoteId': 138}, {'listingNoteBucketId': 27, 'formattedListingNoteContent': 'Clear view', 'displayOrder': 8, 'showsRawNoteText': True, 'sourceListingNoteId': -1}]",704453,False,False,Row 15,False,2906291,"¥2,906,291","¥2,906,291",10,Mobile Transfer ticket,3,1,USD,JPY,50.0,USD,"https://img.vggcdn.net/img/vfsimage2/812551/407_122936/0.jpg?im=Resize=(500,271)&v=771",7 days ago,3,False,False,False,False,kFXsDYbQQebC1r3%2fgKsJ8915dRrP79nW7YEKLbajSHA%3d,False,2026-07-10T15:20:09.2330000Z,False,False,False,False,False,False,0,False,[7],,False,False,False,False,0,False,False,0,13315732316,False,22DDC0E1-F787-4025-B6CC-B54355D95CC1,False,False,True,2,2.5,0.7786786296,,,,Last ticket,True,,,,,"[{'message': 'Popular Pick', 'qualifier': '9 tickets sold for this event', 'hasValue': True, 'messageType': 'BoughtInLastHourSocialProofBased'}]",[],,,,,,,,,,,,
13387832166,153020449,117,122792,117,2,15,21_21,21,False,False,1,,False,False,[1],594,Lower,1,True,"[{'listingNoteId': 814, 'listingNoteContentId': 2446060, 'formattedListingNoteContent': 'Limited or Obstructed View (printed on ticket)', 'listingNoteTypeId': 1, 'showToBuyer': True, 'hideInMock': False, 'siteAddedListingNote': False, 'aisleListingNoteWithSplit': False, 'listingNoteDescriptionContentId': 2446061, 'formattedListingNoteDescription': 'Limited or Obstructed View (printed on ticket)'}]","[{'listingNoteBucketId': 21, 'formattedListingNoteContent': 'Limited view', 'displayOrder': 21, 'showsRawNoteText': False}]",2112554,False,False,Row 15,False,2908592,"¥2,908,592","¥2,908,592",10,Mobile Transfer ticket,3,1,EUR,JPY,11000.0,EUR,"https://img.vggcdn.net/img/vfsimage2/812551/594_122792/0.jpg?im=Resize=(500,271)&v=771",10 hours ago,9,False,False,False,False,kbHUNRrmdTWC996Kl%2bGjHn%2fQsA8wgD4YzBcyzuKKonc%3d,False,2026-07-18T01:07:27.2570000Z,False,False,False,False,False,False,0,False,[7],,False,False,False,False,0,False,False,0,13387832166,False,FB700D57-E35A-42F8-B404-2956CBA62A55,False,False,True,5,8.693488986824946,1.741732796,,,,Last ticket,True,,,,,"[{'message': 'Amazing Value', 'qualifier': 'Based on price, view, seat quality and more', 'hasValue': True, 'messageType': 'ValueBased'}, {'message': 'Popular Pick', 'qualifier': '9 tickets sold for this event', 'hasValue': True, 'messageType': 'BoughtInLastHourSocialProofBased'}]",[],21,21,,,,,,,,,,
13364358738,153020449,FIFA Pavilion,2216545,FIFA Pavilion,2,,_,,False,False,1,,False,False,[1],1068,Hospitality,1,True,"[{'listingNoteId': 263, 'listingNoteContentId': 2444900, 'formattedListingNoteContent': 'VIP Club', 'listingNoteTypeId': 3, 'showToBuyer': True, 'hideInMock': False, 'siteAddedListingNote': False, 'aisleListingNoteWithSplit': False, 'listingNoteDescriptionContentId': 2444901, 'formattedListingNoteDescription': 'VIP Club - Club opens 90 minutes prior to tipoff and offers access to a lounge area with televisions, plush seating and private restrooms as well as all-inclusive food, draft beer, and house wine'}, {'listingNoteId': 424, 'listingNoteContentId': 2445241, 'formattedListingNoteContent': 'Access to VIP Club', 'listingNoteTypeId': 3, 'showToBuyer': True, 'hideInMock': False, 'siteAddedListingNote': False, 'aisleListingNoteWithSplit': False, 'formattedListingNoteDescription': ''}, {'listingNoteId': 1028, 'listingNoteContentId': 2446497, 'formattedListingNoteContent': 'Includes unlimited food and drinks (beer, wine and liquor)', 'listingNoteTypeId': 3, 'showToBuyer': True, 'hideInMock': False, 'siteAddedListingNote': False, 'aisleListingNoteWithSplit': False, 'listingNoteDescriptionContentId': 2446498, 'formattedListingNoteDescription': 'Includes unlimited food and drinks (beer, wine and liquor)'}, {'listingNoteId': -1, 'listingNoteContentId': 3338094, 'formattedListingNoteContent': 'Clear view', 'listingNoteTypeId': 3, 'showToBuyer': True, 'hideInMock': False, 'siteAddedListingNote': False, 'aisleListingNoteWithSplit': False, 'listingNoteDescriptionContentId': 3338095, 'formattedListingNoteDescription': ""You'll have an unrestricted view of the show.""}]","[{'listingNoteBucketId': 1, 'formattedListingNoteContent': 'VIP packages', 'displayOrder': 1, 'showsRawNoteText': False}, {'listingNoteBucketId': 7, 'formattedListingNoteContent': 'Food & beverages', 'displayOrder': 7, 'showsRawNoteText': False}, {'listingNoteBucketId': 27, 'formattedListingNoteContent': 'Clear view', 'displayOrder': 8, 'showsRawNoteText': True, 'sourceListingNoteId': -1}]",4415942,False,False,Row,True,2917344,"¥2,917,344","¥2,917,344",10,Mobile Transfer ticket,3,1,USD,JPY,20000.0,USD,"https://img.vggcdn.net/img/vfsimage2/812551/1068_2216545/0.jpg?im=Resize=(500,271)&v=771",2 days ago,7,False,False,False,False,yvrHMUYL5CRHtrfoC%2fsokPU3iMwskot2VBI3TldR8TA%3d,False,2026-07-15T21:49:03.6170000Z,False,False,False,False,False,False,0,False,[7],,False,False,False,False,0,False,False,0,13364358738,False,5014F7C8-638B-4B02-BEC4-6B101497945C,False,False,True,3,6.849517047895365,1.362416107,,,,Last ticket,True,,,,,"[{'message': 'Popular Pick', 'qualifier': '9 tickets sold for this event', 'hasValue': True, 'messageType': 'BoughtInLastHourSocialProofBased'}]",[],,,,,,,,,,,,
13388040631,153020449,108,122786,108,2,14,12_12,12,False,False,1,,False,False,[1],594,Lower,1,True,"[{'listingNoteId': 814, 'listingNoteContentId': 2446060, 'formattedListingNoteContent': 'Limited or Obstructed View (printed on ticket)', 'listingNoteTypeId': 1, 'showToBuyer': True, 'hideInMock': False, 'siteAddedListingNote': False, 'aisleListingNoteWithSplit': False, 'listingNoteDescriptionContentId': 2446061, 'formattedListingNoteDescription': 'Limited or Obstructed View (printed on ticket)'}]","[{'listingNoteBucketId': 21, 'formattedListingNoteContent': 'Limited view', 'displayOrder': 21, 'showsRawNoteText': False}]",2112257,False,False,Row 14,False,2924655,"¥2,924,655","¥2,924,655",10,Mobile Transfer ticket,3,1,USD,JPY,5750.0,USD,"https://img.vggcdn.net/img/vfsimage2/812551/594_122786/0.jpg?im=Resize=(500,271)&v=771",9 hours ago,8,False,False,False,False,WwJupdfnpIBfWKE%2b2REwy8IlUhtdrkI%2fjxf%2bDcF322I%3d,False,2026-07-18T01:47:10.8170000Z,False,False,False,False,False,False,0,False,,,False,False,False,False,0,False,False,0,13388040631,False,CE087F1A-C74C-45D6-8B9C-2420F6D2D9EA,False,False,True,4,7.766586080105764,1.526700314,,,,,,,,,,"[{'message': 'Great Value', 'qualifier': 'Based on price, view, seat quality and more', 'hasValue': True, 'messageType': 'ValueBased'}, {'message': 'Popular Pick', 'qualifier': '9 tickets sold for this event', 'hasValue': True, 'messageType': 'BoughtInLastHourSocialProofBased'}]",[],,,,,,,,,,,,
13388042516,153020449,109,122787,109,2,18,5_5,5,False,False,1,,False,False,[1],594,Lower,1,True,"[{'listingNoteId': 814, 'listingNoteContentId': 2446060, 'formattedListingNoteContent': 'Limited or Obstructed View (printed on ticket)', 'listingNoteTypeId': 1, 'showToBuyer': True, 'hideInMock': False, 'siteAddedListingNote': False, 'aisleListingNoteWithSplit': False, 'listingNoteDescriptionContentId': 2446061, 'formattedListingNoteDescription': 'Limited or Obstructed View (printed on ticket)'}]","[{'listingNoteBucketId': 21, 'formattedListingNoteContent': 'Limited view', 'displayOrder': 21, 'showsRawNoteText': False}]",2112295,False,False,Row 18,False,2924655,"¥2,924,655","¥2,924,655",10,Mobile Transfer ticket,3,1,USD,JPY,5750.0,USD,"https://img.vggcdn.net/img/vfsimage2/812551/594_122787/0.jpg?im=Resize=(500,271)&v=771",9 hours ago,7,False,False,False,False,WwJupdfnpIBfWKE%2b2REwy8IlUhtdrkI%2fjxf%2bDcF322I%3d,False,2026-07-18T01:47:16.4800000Z,False,False,False,False,False,False,0,False,,,False,False,False,False,0,False,False,0,13388042516,False,C8FD3C5F-4190-439C-AD75-4A1BB7C0983F,False,False,True,4,7.310481510077045,1.44469559,,,,,,,,,,"[{'message': 'Great Value', 'qualifier': 'Based on price, view, seat quality and more', 'hasValue': True, 'messageType': 'ValueBased'}, {'message': 'Popular Pick', 'qualifier': '9 tickets sold for this event', 'hasValue': True, 'messageType': 'BoughtInLastHourSocialProofBased'}]",[],,,,,,,,,,,,
13386751689,153020449,350,122943,350,2,6,10_11,10,False,False,2,,False,False,"[1, 2]",407,Upper,2,True,"[{'listingNoteId': 2026, 'listingNoteContentId': 3415844, 'formattedListingNoteContent': 'Second Row of Section', 'listingNoteTypeId': 6, 'showToBuyer': True, 'hideInMock': False, 'siteAddedListingNote': False, 'aisleListingNoteWithSplit': False, 'listingNoteDescriptionContentId': 3415844, 'formattedListingNoteDescription': 'Second Row of Section'}, {'listingNoteId': -1, 'listingNoteContentId': 3338094, 'formattedListingNoteContent': 'Clear view', 'listingNoteTypeId': 3, 'showToBuyer': True, 'hideInMock': False, 'siteAddedListingNote': False, 'aisleListingNoteWithSplit': False, 'listingNoteDescriptionContentId': 3338095, 'formattedListingNoteDescription': ""You'll have an unrestricted view of the show.""}]","[{'listingNoteBucketId': 14, 'formattedListingNoteContent': 'Second Row of Section', 'displayOrder': 14, 'showsRawNoteText': True, 'sourceListingNoteId': 2026}, {'listingNoteBucketId': 27, 'formattedListingNoteContent': 'Clear view', 'displayOrder': 8, 'showsRawNoteText': True, 'sourceListingNoteId': -1}]",2114054,False,False,Row 6,False,2924655,"¥2,924,655","¥2,924,655",16,Mobile Transfer ticket,3,1,USD,JPY,20471.76,USD,"https://img.vggcdn.net/img/vfsimage2/812551/407_122943/0.jpg?im=Resize=(500,271)&v=771",12 hours ago,3,False,False,False,False,CAcRhqn9wLRHmAWJy549pLGSFPRltQfAz%2fUe6HXpcf0%3d,False,2026-07-17T22:30:32.6600000Z,False,False,False,False,False,False,0,False,,,False,False,False,False,0,False,False,0,13386751689,False,6DF119E9-A7B8-4F35-BC7B-9A2E2AF2D57A,False,False,True,2,2.581379634623182,0.7910693256,,,,,,,,,,"[{'message': 'Popular Pick', 'qualifier': '9 tickets sold for this event', 'hasValue': True, 'messageType': 'BoughtInLastHourSocialProofBased'}, {'message': 'Second Row', 'qualifier': 'Premium close-up view', 'hasValue': True, 'messageType': 'SecondRowTicketAttributeBased'}]",[2026],10,11,,,,,,,,,,
13081692481,153020449,346,122939,346,2,18,24_24,24,False,False,1,,False,False,[1],407,Upper,1,True,"[{'listingNoteId': -1, 'listingNoteContentId': 3338094, 'formattedListingNoteContent': 'Clear view', 'listingNoteTypeId': 3, 'showToBuyer': True, 'hideInMock': False, 'siteAddedListingNote': False, 'aisleListingNoteWithSplit': False, 'listingNoteDescriptionContentId': 3338095, 'formattedListingNoteDescription': ""You'll have an unrestricted view of the show.""}]","[{'listingNoteBucketId': 27, 'formattedListingNoteContent': 'Clear view', 'displayOrder': 8, 'showsRawNoteText': True, 'sourceListingNoteId': -1}]",2113956,False,False,Row 18,False,2930903,"¥2,930,903","¥2,930,903",10,Mobile Transfer ticket,3,1,EUR,JPY,1720.0,EUR,"https://img.vggcdn.net/img/vfsimage2/812551/407_122939/0.jpg?im=Resize=(500,271)&v=771",28 days ago,2,False,False,False,False,CAcRhqn9wLRHmAWJy549pLGSFPRltQfAz%2fUe6HXpcf0%3d,False,2026-06-20T02:50:38.9870000Z,False,False,False,False,False,False,0,False,,,False,False,False,False,0,False,False,0,13081692481,False,92148E98-13A7-41DD-943E-B9D67575041B,False,False,True,1,2.49354431132264,0.7804819445,,,,,,,,,,"[{'message': 'Popular Pick', 'qualifier': '9 tickets sold for this event', 'hasValue': True, 'messageType': 'BoughtInLastHourSocialProofBased'}]",[],,,"¥5,421,167",46.0,"¥2,490,264",,,,,,,
13386082537,153020449,103,122783,103,2,4,7_7,7,False,False,1,,False,False,[1],594,Lower,1,True,"[{'listingNoteId': -1, 'listingNoteContentId': 3338094, 'formattedListingNoteContent': 'Clear view', 'listingNoteTypeId': 3, 'showToBuyer': True, 'hideInMock': False, 'siteAddedListingNote': False, 'aisleListingNoteWithSplit': False, 'listingNoteDescriptionContentId': 3338095, 'formattedListingNoteDescription': ""You'll have an unrestricted view of the show.""}]","[{'listingNoteBucketId': 27, 'formattedListingNoteContent': 'Clear view', 'displayOrder': 8, 'showsRawNoteText': True, 'sourceListingNoteId': -1}]",2112143,False,False,Row 4,False,2983139,"¥2,983,139","¥2,983,139",10,Mobile Transfer ticket,3,1,USD,JPY,,USD,"https://img.vggcdn.net/img/vfsimage2/812551/594_122783/0.jpg?im=Resize=(500,271)&v=771",14 hours ago,7,False,False,False,False,snpqjewS6OkFMWOaTKFs5u86xX1cV9JS%2fkL%2fA0A68pQ%3d,False,2026-07-17T20:37:38.5970000Z,False,False,False,True,False,False,0,False,[6],,False,False,False,False,0,False,False,0,13386082537,False,93E101FE-5DA9-4A08-BF78-CEE3642B5C84,False,False,True,4,7.051584899099957,1.429990262,Fan favorite,This section is in the top 10% of sections for this event when ranked based on a count of successful sales over the past 7 days on our site,True,,,,,,,"[{'message': 'Great Value', 'qualifier': 'Based on price, view, seat quality and more', 'hasValue': True, 'messageType': 'ValueBased'}, {'message': 'Popular Pick', 'qualifier': '9 tickets sold for this event', 'hasValue': True, 'messageType': 'BoughtInLastHourSocialProofBased'}]",[],7,7,,,,,,,,,,
13387866389,153020449,142,122807,142,2,33,21_21,21,False,False,1,,False,False,[1],594,Lower,1,True,"[{'listingNoteId': 814, 'listingNoteContentId': 2446060, 'formattedListingNoteContent': 'Limited or Obstructed View (printed on ticket)', 'listingNoteTypeId': 1, 'showToBuyer': True, 'hideInMock': False, 'siteAddedListingNote': False, 'aisleListingNoteWithSplit': False, 'listingNoteDescriptionContentId': 2446061, 'formattedListingNoteDescription': 'Limited or Obstructed View (printed on ticket)'}]","[{'listingNoteBucketId': 21, 'formattedListingNoteContent': 'Limited view', 'displayOrder': 21, 'showsRawNoteText': False}]",2113160,False,False,Row 33,False,2983139,"¥2,983,139","¥2,983,139",10,Mobile Transfer ticket,3,1,USD,JPY,10000.0,USD,"https://img.vggcdn.net/img/vfsimage2/812551/594_122807/0.jpg?im=Resize=(500,271)&v=771",9 hours ago,7,False,False,False,False,snpqjewS6OkFMWOaTKFs5u86xX1cV9JS%2fkL%2fA0A68pQ%3d,False,2026-07-18T01:13:10.2930000Z,False,False,False,False,False,False,0,False,,,False,False,False,False,0,False,False,0,13387866389,False,E01D191E-81C1-428E-AA3B-7AB6608BE3A7,False,False,True,4,7.14383734302312,1.445226969,,,,,,,,,,"[{'message': 'Great Value', 'qualifier': 'Based on price, view, seat quality and more', 'hasValue': True, 'messageType': 'ValueBased'}, {'message': 'Popular Pick', 'qualifier': '9 tickets sold for this event', 'hasValue': True, 'messageType': 'BoughtInLastHourSocialProofBased'}]",[],21,21,"¥4,549,254",34.0,"¥1,566,115",,,,,,,
13387711652,153020449,109,122787,109,2,15,7_9,7,False,False,3,,False,False,"[1, 3]",594,Lower,3,True,"[{'listingNoteId': 814, 'listingNoteContentId': 2446060, 'formattedListingNoteContent': 'Limited or Obstructed View (printed on ticket)', 'listingNoteTypeId': 1, 'showToBuyer': True, 'hideInMock': False, 'siteAddedListingNote': False, 'aisleListingNoteWithSplit': False, 'listingNoteDescriptionContentId': 2446061, 'formattedListingNoteDescription': 'Limited or Obstructed View (printed on ticket)'}]","[{'listingNoteBucketId': 21, 'formattedListingNoteContent': 'Limited view', 'displayOrder': 21, 'showsRawNoteText': False}]",2112292,False,False,Row 15,False,3011189,"¥3,011,189","¥3,011,189",10,Mobile Transfer ticket,3,1,EUR,JPY,11000.0,EUR,"https://img.vggcdn.net/img/vfsimage2/812551/594_122787/0.jpg?im=Resize=(500,271)&v=771",10 hours ago,7,False,False,False,False,CAcRhqn9wLRHmAWJy549pLGSFPRltQfAz%2fUe6HXpcf0%3d,False,2026-07-18T00:36:56.8070000Z,False,False,False,False,False,False,0,False,,,False,False,False,False,0,False,False,0,13387711652,False,3F3CBD82-254E-41A1-A510-1CD51143F72B,False,False,True,4,7.4153128761917975,1.506041195,,,,,,,,,,"[{'message': 'Great Value', 'qualifier': 'Based on price, view, seat quality and more', 'hasValue': True, 'messageType': 'ValueBased'}, {'message': 'Popular Pick', 'qualifier': '9 tickets sold for this event', 'hasValue': True, 'messageType': 'BoughtInLastHourSocialProofBased'}]",[],,,,,,,,,,,,
13194156391,153020449,232C,1530794,232C,2,,_,,False,False,2,,False,False,"[1, 2]",471,Middle,2,True,"[{'listingNoteId': 175, 'listingNoteContentId': 2444706, 'formattedListingNoteContent': 'Unlimited Food and Drinks', 'listingNoteTypeId': 3, 'showToBuyer': True, 'hideInMock': False, 'siteAddedListingNote': False, 'aisleListingNoteWithSplit': False, 'listingNoteDescriptionContentId': 2444707, 'formattedListingNoteDescription': 'Includes unlimited food and drinks (beer, wine and soft drinks)'}, {'listingNoteId': 1538, 'listingNoteContentId': 2447598, 'formattedListingNoteContent': 'Early VIP Entrance', 'listingNoteTypeId': 4, 'showToBuyer': True, 'hideInMock': False, 'siteAddedListingNote': False, 'aisleListingNoteWithSplit': False, 'listingNoteDescriptionContentId': 2447599, 'formattedListingNoteDescription': 'Early VIP Entrance'}, {'listingNoteId': 2035, 'listingNoteContentId': 3542472, 'formattedListingNoteContent': 'Includes food, wine, beer and soft drinks (no liquor)', 'listingNoteTypeId': 3, 'showToBuyer': True, 'hideInMock': False, 'siteAddedListingNote': False, 'aisleListingNoteWithSplit': False, 'listingNoteDescriptionContentId': 3542473, 'formattedListingNoteDescription': 'Includes food, wine, beer and soft drinks (no liquor)'}, {'listingNoteId': 2344, 'listingNoteContentId': 4216766, 'formattedListingNoteContent': 'Includes Offsite Hospitality', 'listingNoteTypeId': 3, 'showToBuyer': True, 'hideInMock': False, 'siteAddedListingNote': False, 'aisleListingNoteWithSplit': False, 'formattedListingNoteDescription': ''}, {'listingNoteId': -1, 'listingNoteContentId': 3338094, 'formattedListingNoteContent': 'Clear view', 'listingNoteTypeId': 3, 'showToBuyer': True, 'hideInMock': False, 'siteAddedListingNote': False, 'aisleListingNoteWithSplit': False, 'listingNoteDescriptionContentId': 3338095, 'formattedListingNoteDescription': ""You'll have an unrestricted view of the show.""}]","[{'listingNoteBucketId': 7, 'formattedListingNoteContent': 'Food & beverages', 'displayOrder': 7, 'showsRawNoteText': False}, {'listingNoteBucketId': 10, 'formattedListingNoteContent': 'Exclusive entry', 'displayOrder': 10, 'showsRawNoteText': False}, {'listingNoteBucketId': 0, 'formattedListingNoteContent': 'Includes Offsite Hospitality', 'displayOrder': 30, 'showsRawNoteText': True, 'sourceListingNoteId': 2344}, {'listingNoteBucketId': 27, 'formattedListingNoteContent': 'Clear view', 'displayOrder': 8, 'showsRawNoteText': True, 'sourceListingNoteId': -1}]",1582978,False,False,Row,True,3015567,"¥3,015,567","¥3,015,567",10,Mobile Transfer ticket,3,1,GBP,JPY,10000.0,GBP,"https://img.vggcdn.net/img/vfsimage2/812551/471_1530794/0.jpg?im=Resize=(500,271)&v=771",17 days ago,3,False,False,False,False,IKEGJ3U41I5Eu8jBhIdr0HfmgoCJD0vmUYz9k1fmFdk%3d,False,2026-06-30T12:25:35.3870000Z,False,False,False,False,False,False,0,False,,,False,False,False,False,0,False,False,0,13194156391,False,F22596AD-0F06-405E-9ECB-5A868EC3DF2C,False,False,True,2,2.9574812896975007,0.853252778,,,,,,,,,,"[{'message': 'Popular Pick', 'qualifier': '9 tickets sold for this event', 'hasValue': True, 'messageType': 'BoughtInLastHourSocialProofBased'}]",[],,,"¥3,845,290",22.0,"¥829,723",,,,,,,
13387928587,153020449,135,122803,135,2,33,_,,False,False,1,,False,False,[1],594,Lower,1,True,"[{'listingNoteId': 814, 'listingNoteContentId': 2446060, 'formattedListingNoteContent': 'Limited or Obstructed View (printed on ticket)', 'listingNoteTypeId': 1, 'showToBuyer': True, 'hideInMock': False, 'siteAddedListingNote': False, 'aisleListingNoteWithSplit': False, 'listingNoteDescriptionContentId': 2446061, 'formattedListingNoteDescription': 'Limited or Obstructed View (printed on ticket)'}]","[{'listingNoteBucketId': 21, 'formattedListingNoteContent': 'Limited view', 'displayOrder': 21, 'showsRawNoteText': False}]",2113048,False,False,Row 33,False,3057219,"¥3,057,219","¥3,057,219",10,Mobile Transfer ticket,3,1,USD,JPY,10990.0,USD,"https://img.vggcdn.net/img/vfsimage2/812551/594_122803/0.jpg?im=Resize=(500,271)&v=771",9 hours ago,7,False,False,False,False,MB%2b%2bIvN9%2bkYREer0VnjcU6Pq11kmevmZSDsddoI%2bBxM%3d,False,2026-07-18T01:24:36.4230000Z,False,False,False,False,False,False,0,False,,,False,False,False,False,0,False,False,0,13387928587,False,A62C6CE5-6FEC-4717-9AEA-0750DB105F47,False,False,True,3,6.896065753738776,1.436318915,,,,,,,,,,"[{'message': 'Popular Pick', 'qualifier': '9 tickets sold for this event', 'hasValue': True, 'messageType': 'BoughtInLastHourSocialProofBased'}]",[],,,,,,,,,,,,
13387928583,153020449,135,122803,135,2,34,_,,False,False,1,,False,False,[1],594,Lower,1,True,"[{'listingNoteId': 814, 'listingNoteContentId': 2446060, 'formattedListingNoteContent': 'Limited or Obstructed View (printed on ticket)', 'listingNoteTypeId': 1, 'showToBuyer': True, 'hideInMock': False, 'siteAddedListingNote': False, 'aisleListingNoteWithSplit': False, 'listingNoteDescriptionContentId': 2446061, 'formattedListingNoteDescription': 'Limited or Obstructed View (printed on ticket)'}]","[{'listingNoteBucketId': 21, 'formattedListingNoteContent': 'Limited view', 'displayOrder': 21, 'showsRawNoteText': False}]",2113049,False,False,Row 34,False,3057219,"¥3,057,219","¥3,057,219",10,Mobile Transfer ticket,3,1,USD,JPY,10990.0,USD,"https://img.vggcdn.net/img/vfsimage2/812551/594_122803/0.jpg?im=Resize=(500,271)&v=771",9 hours ago,7,False,False,False,False,MB%2b%2bIvN9%2bkYREer0VnjcU6Pq11kmevmZSDsddoI%2bBxM%3d,False,2026-07-18T01:24:36.4030000Z,False,False,False,False,False,False,0,False,,,False,False,False,False,0,False,False,0,13387928583,False,7E0B5C77-9573-457C-BC7F-32D17ECD80AC,False,False,True,3,6.731242787244537,1.406424501,,,,,,,,,,"[{'message': 'Popular Pick', 'qualifier': '9 tickets sold for this event', 'hasValue': True, 'messageType': 'BoughtInLastHourSocialProofBased'}]",[],,,,,,,,,,,,
13387634159,153020449,210,122843,210,2,12,5_7,5,False,False,3,,False,False,"[1, 2, 3]",471,Middle,3,True,"[{'listingNoteId': -1, 'listingNoteContentId': 3338094, 'formattedListingNoteContent': 'Clear view', 'listingNoteTypeId': 3, 'showToBuyer': True, 'hideInMock': False, 'siteAddedListingNote': False, 'aisleListingNoteWithSplit': False, 'listingNoteDescriptionContentId': 3338095, 'formattedListingNoteDescription': ""You'll have an unrestricted view of the show.""}]","[{'listingNoteBucketId': 27, 'formattedListingNoteContent': 'Clear view', 'displayOrder': 8, 'showsRawNoteText': True, 'sourceListingNoteId': -1}]",702858,False,False,Row 12,False,3069052,"¥3,069,052","¥3,069,052",10,Mobile Transfer ticket,3,1,GBP,JPY,8500.0,GBP,"https://img.vggcdn.net/img/vfsimage2/812551/471_122843/0.jpg?im=Resize=(500,271)&v=771",10 hours ago,6,False,False,False,False,kEKv6mnFU0H%2fgk82lOJWaNAv2Ack8Iwx%2bBAXuJDCF%2bg%3d,False,2026-07-18T00:18:37.0930000Z,False,False,False,False,False,False,0,False,[7],,False,False,False,False,0,False,False,0,13387634159,False,C5B9DC9B-E03D-4821-80BC-EB0A71DF55B6,False,False,True,3,5.803447096744014,1.263804131,,,,Last tickets,True,,,,,"[{'message': 'Popular Pick', 'qualifier': '9 tickets sold for this event', 'hasValue': True, 'messageType': 'BoughtInLastHourSocialProofBased'}]",[],,,,,,,,,,,,
13388295003,153020449,143,122808,143,2,24,8000_8002,8000,False,False,3,,False,False,"[1, 3]",594,Lower,3,True,"[{'listingNoteId': -1, 'listingNoteContentId': 3338094, 'formattedListingNoteContent': 'Clear view', 'listingNoteTypeId': 3, 'showToBuyer': True, 'hideInMock': False, 'siteAddedListingNote': False, 'aisleListingNoteWithSplit': False, 'listingNoteDescriptionContentId': 3338095, 'formattedListingNoteDescription': ""You'll have an unrestricted view of the show.""}]","[{'listingNoteBucketId': 27, 'formattedListingNoteContent': 'Clear view', 'displayOrder': 8, 'showsRawNoteText': True, 'sourceListingNoteId': -1}]",2113184,False,False,Row 24,False,3105624,"¥3,105,624","¥3,105,624",10,Mobile Transfer ticket,3,1,USD,JPY,0.0,USD,"https://img.vggcdn.net/img/vfsimage2/812551/594_122808/0.jpg?im=Resize=(500,271)&v=771",8 hours ago,7,False,False,False,False,IxMeX1GJhqRBs10xCPGxJpbWvwQ%2fzVkRfehdL%2bpTDeQ%3d,False,2026-07-18T02:53:10.2000000Z,False,False,False,False,False,False,0,False,,,False,False,False,False,0,False,False,0,13388295003,False,44F71BDF-1C5E-40BB-83A0-E0E786BECF34,False,False,True,3,6.883665643238964,1.456734289,,,,,,,,,,"[{'message': 'Popular Pick', 'qualifier': '9 tickets sold for this event', 'hasValue': True, 'messageType': 'BoughtInLastHourSocialProofBased'}]",[],,,,,,,,,,,,
13384002935,153020449,111A,1530766,111A,2,35,3_3,3,False,False,1,,False,False,[1],594,Lower,1,True,"[{'listingNoteId': -1, 'listingNoteContentId': 3338094, 'formattedListingNoteContent': 'Clear view', 'listingNoteTypeId': 3, 'showToBuyer': True, 'hideInMock': False, 'siteAddedListingNote': False, 'aisleListingNoteWithSplit': False, 'listingNoteDescriptionContentId': 3338095, 'formattedListingNoteDescription': ""You'll have an unrestricted view of the show.""}]","[{'listingNoteBucketId': 27, 'formattedListingNoteContent': 'Clear view', 'displayOrder': 8, 'showsRawNoteText': True, 'sourceListingNoteId': -1}]",2112388,False,False,Row 35,False,3116794,"¥3,116,794","¥3,116,794",10,Mobile Transfer ticket,3,14,USD,JPY,0.0,USD,"https://img.vggcdn.net/img/vfsimage2/812551/594_1530766/0.jpg?im=Resize=(500,271)&v=771",18 hours ago,6,False,False,False,False,SZgVQ%2fj2KCKN8S5ACUJcD8HCP75ELWRl0dJdbA6FCDI%3d,False,2026-07-17T16:24:55.3570000Z,False,False,False,False,False,False,0,False,,,False,False,False,False,0,False,False,0,13384002935,False,7CCCE17E-D9AB-4EA5-B640-FB59168A60D5,False,False,True,3,5.9401036821005695,1.303602585,,,,,,,,,,"[{'message': 'Popular Pick', 'qualifier': '9 tickets sold for this event', 'hasValue': True, 'messageType': 'BoughtInLastHourSocialProofBased'}]",[],,,"¥4,069,668",23.0,"¥952,874",,,,,,,
13367629921,153020449,Spain Supporters Standard Tier,2447958,Spain Supporters Standard Tier,2,,_,,False,False,2,,False,False,"[1, 2]",1666,Spain Supporters,2,True,"[{'listingNoteId': -1, 'listingNoteContentId': 3338094, 'formattedListingNoteContent': 'Clear view', 'listingNoteTypeId': 3, 'showToBuyer': True, 'hideInMock': False, 'siteAddedListingNote': False, 'aisleListingNoteWithSplit': False, 'listingNoteDescriptionContentId': 3338095, 'formattedListingNoteDescription': ""You'll have an unrestricted view of the show.""}]","[{'listingNoteBucketId': 27, 'formattedListingNoteContent': 'Clear view', 'displayOrder': 8, 'showsRawNoteText': True, 'sourceListingNoteId': -1}]",4847588,False,False,Row,True,3119602,"¥3,119,602","¥3,119,602",10,Mobile Transfer ticket,3,1,USD,JPY,10000.0,USD,"https://img.vggcdn.net/img/vfsimage2/812551/1666_2447958/0.jpg?im=Resize=(500,271)&v=771",2 days ago,6,False,False,False,False,igjMyzQP1%2bbqxfI%2b5AH3VhvvTkEJSdl4rwm2TVEgpHI%3d,False,2026-07-16T04:58:48.2230000Z,False,False,False,False,False,False,0,False,[7],,False,False,False,False,0,False,False,0,13367629921,False,67C50489-B206-45B1-8E6E-9D3252BA598F,False,False,True,3,5.611927742646528,1.25740229,,,,Last tickets,True,,,,,"[{'message': 'Popular Pick', 'qualifier': '9 tickets sold for this event', 'hasValue': True, 'messageType': 'BoughtInLastHourSocialProofBased'}]",[],,,,,,,,,,,,
13388308290,153020449,232C,1530794,232C,2,14,_,,False,False,4,,False,False,"[1, 2, 3, 4]",471,Middle,4,True,"[{'listingNoteId': -1, 'listingNoteContentId': 3338094, 'formattedListingNoteContent': 'Clear view', 'listingNoteTypeId': 3, 'showToBuyer': True, 'hideInMock': False, 'siteAddedListingNote': False, 'aisleListingNoteWithSplit': False, 'listingNoteDescriptionContentId': 3338095, 'formattedListingNoteDescription': ""You'll have an unrestricted view of the show.""}]","[{'listingNoteBucketId': 27, 'formattedListingNoteContent': 'Clear view', 'displayOrder': 8, 'showsRawNoteText': True, 'sourceListingNoteId': -1}]",1593479,False,False,Row 14,False,3119602,"¥3,119,602","¥3,119,602",10,Mobile Transfer ticket,3,1,USD,JPY,10990.0,USD,"https://img.vggcdn.net/img/vfsimage2/812551/471_1530794/0.jpg?im=Resize=(500,271)&v=771",8 hours ago,3,False,False,False,False,GVjq8PWgKuX%2fyeuI2z1ccUvPtBuxAwsbdcKuskGxOzk%3d,False,2026-07-18T02:58:06.5730000Z,False,False,False,False,False,False,0,False,,,False,False,False,False,0,False,False,0,13388308290,False,FD81D964-7B1D-45D2-86E3-EEC32971A589,False,False,True,2,2.9849630182511246,0.885675885,,,,,,,,,,"[{'message': 'Popular Pick', 'qualifier': '9 tickets sold for this event', 'hasValue': True, 'messageType': 'BoughtInLastHourSocialProofBased'}]",[],,,"¥3,976,977",22.0,"¥857,375",,,,,,,
13387639834,153020449,115C,1530769,115C,2,29,_,,False,False,1,,False,False,[1],594,Lower,1,True,"[{'listingNoteId': 814, 'listingNoteContentId': 2446060, 'formattedListingNoteContent': 'Limited or Obstructed View (printed on ticket)', 'listingNoteTypeId': 1, 'showToBuyer': True, 'hideInMock': False, 'siteAddedListingNote': False, 'aisleListingNoteWithSplit': False, 'listingNoteDescriptionContentId': 2446061, 'formattedListingNoteDescription': 'Limited or Obstructed View (printed on ticket)'}]","[{'listingNoteBucketId': 21, 'formattedListingNoteContent': 'Limited view', 'displayOrder': 21, 'showsRawNoteText': False}]",1590958,False,False,Row 29,False,3119819,"¥3,119,819","¥3,119,819",10,Mobile Transfer ticket,3,1,USD,JPY,10990.0,USD,"https://img.vggcdn.net/img/vfsimage2/812551/594_1530769/0.jpg?im=Resize=(500,271)&v=771",10 hours ago,9,False,False,False,False,MBWV%2bBwdyA7GRGpWwwPJHP6UoV%2fmuGneBLV%2f17ZgiPA%3d,False,2026-07-18T00:19:45.9200000Z,False,False,False,False,False,False,0,False,,,False,False,False,False,0,False,False,0,13387639834,False,BA3885A0-CA40-4F22-96ED-8542D53ACE05,False,False,True,5,9.295238057224884,2.148637979,,,,,,,,,,"[{'message': 'Amazing Value', 'qualifier': 'Based on price, view, seat quality and more', 'hasValue': True, 'messageType': 'ValueBased'}, {'message': 'Popular Pick', 'qualifier': '9 tickets sold for this event', 'hasValue': True, 'messageType': 'BoughtInLastHourSocialProofBased'}]",[],,,,,,,,,,,,
13384673124,153020449,144,122809,144,2,10,4_4,4,False,False,1,,False,False,[1],594,Lower,1,True,"[{'listingNoteId': -1, 'listingNoteContentId': 3338094, 'formattedListingNoteContent': 'Clear view', 'listingNoteTypeId': 3, 'showToBuyer': True, 'hideInMock': False, 'siteAddedListingNote': False, 'aisleListingNoteWithSplit': False, 'listingNoteDescriptionContentId': 3338095, 'formattedListingNoteDescription': ""You'll have an unrestricted view of the show.""}]","[{'listingNoteBucketId': 27, 'formattedListingNoteContent': 'Clear view', 'displayOrder': 8, 'showsRawNoteText': True, 'sourceListingNoteId': -1}]",2113202,False,False,Row 10,False,3136271,"¥3,136,271","¥3,136,271",10,Mobile Transfer ticket,3,14,USD,JPY,0.0,USD,"https://img.vggcdn.net/img/vfsimage2/812551/594_122809/0.jpg?im=Resize=(500,271)&v=771",17 hours ago,8,False,False,False,False,QWklocWkyx5JtYoejur8X18I%2bI8q12eoEcm5O9S8c1I%3d,False,2026-07-17T17:37:18.5630000Z,False,False,False,False,False,False,0,False,,,False,False,False,False,0,False,False,0,13384673124,False,589AA2EF-9138-4301-A2A5-F860BB70A70D,False,False,True,4,7.6124365036814865,1.606366535,,,,,,,,,,"[{'message': 'Great Value', 'qualifier': 'Based on price, view, seat quality and more', 'hasValue': True, 'messageType': 'ValueBased'}, {'message': 'Popular Pick', 'qualifier': '9 tickets sold for this event', 'hasValue': True, 'messageType': 'BoughtInLastHourSocialProofBased'}]",[],,,,,,,,,,,,
13389323881,153020449,115A,1530768,115A,2,31,_8,,False,False,1,,False,False,[1],594,Lower,1,True,"[{'listingNoteId': -1, 'listingNoteContentId': 3338094, 'formattedListingNoteContent': 'Clear view', 'listingNoteTypeId': 3, 'showToBuyer': True, 'hideInMock': False, 'siteAddedListingNote': False, 'aisleListingNoteWithSplit': False, 'listingNoteDescriptionContentId': 3338095, 'formattedListingNoteDescription': ""You'll have an unrestricted view of the show.""}]","[{'listingNoteBucketId': 27, 'formattedListingNoteContent': 'Clear view', 'displayOrder': 8, 'showsRawNoteText': True, 'sourceListingNoteId': -1}]",2112498,False,False,Row 31,False,3195612,"¥3,195,612","¥3,195,612",10,Mobile Transfer ticket,3,1,USD,JPY,0.0,USD,"https://img.vggcdn.net/img/vfsimage2/812551/594_1530768/0.jpg?im=Resize=(500,271)&v=771",5 hours ago,7,False,False,False,False,4YCPbByRGxnMGlkah%2fBSQqgkrnNSqHVF6s2nODoscfc%3d,False,2026-07-18T06:05:13.1430000Z,False,False,False,False,False,False,0,False,,,False,False,False,False,0,False,False,0,13389323881,False,E2582773-028E-40F8-9C92-314625335CB8,False,False,True,3,6.63087882935591,1.45170077,,,,,,,,,,"[{'message': 'Popular Pick', 'qualifier': '9 tickets sold for this event', 'hasValue': True, 'messageType': 'BoughtInLastHourSocialProofBased'}]",[],,,,,,,,,,,,
13364048140,153020449,149,122812,149,2,7,12_14,12,False,False,3,,False,False,"[1, 3]",594,Lower,3,True,"[{'listingNoteId': -1, 'listingNoteContentId': 3338094, 'formattedListingNoteContent': 'Clear view', 'listingNoteTypeId': 3, 'showToBuyer': True, 'hideInMock': False, 'siteAddedListingNote': False, 'aisleListingNoteWithSplit': False, 'listingNoteDescriptionContentId': 3338095, 'formattedListingNoteDescription': ""You'll have an unrestricted view of the show.""}]","[{'listingNoteBucketId': 27, 'formattedListingNoteContent': 'Clear view', 'displayOrder': 8, 'showsRawNoteText': True, 'sourceListingNoteId': -1}]",2113372,False,False,Row 7,False,3205495,"¥3,205,495","¥3,205,495",10,Mobile Transfer ticket,3,1,USD,JPY,0.0,USD,"https://img.vggcdn.net/img/vfsimage2/812551/594_122812/0.jpg?im=Resize=(500,271)&v=771",2 days ago,7,False,False,False,False,aQJNqYksFe0behQBoDD%2fsFU07hbUQShYAtPHldLaZI0%3d,False,2026-07-15T20:58:41.9000000Z,False,False,False,False,False,False,0,False,,,False,False,False,False,0,False,False,0,13364048140,False,B35DDE48-E0EC-46D9-B446-DE9DF9836C2D,False,False,True,3,6.997791260683045,1.526010398,,,,,,,,,,"[{'message': 'Popular Pick', 'qualifier': '9 tickets sold for this event', 'hasValue': True, 'messageType': 'BoughtInLastHourSocialProofBased'}]",[],,,,,,,,,,,,
13150475653,153020449,209,122842,209,2,12W,_,,False,False,1,,False,False,[1],471,Middle,1,True,"[{'listingNoteId': -1, 'listingNoteContentId': 3338094, 'formattedListingNoteContent': 'Clear view', 'listingNoteTypeId': 3, 'showToBuyer': True, 'hideInMock': False, 'siteAddedListingNote': False, 'aisleListingNoteWithSplit': False, 'listingNoteDescriptionContentId': 3338095, 'formattedListingNoteDescription': ""You'll have an unrestricted view of the show.""}]","[{'listingNoteBucketId': 27, 'formattedListingNoteContent': 'Clear view', 'displayOrder': 8, 'showsRawNoteText': True, 'sourceListingNoteId': -1}]",2113428,False,False,Row 12W,False,3206353,"¥3,206,353","¥3,206,353",10,Mobile Transfer ticket,3,1,USD,JPY,0.0,USD,"https://img.vggcdn.net/img/vfsimage2/812551/471_122842/0.jpg?im=Resize=(500,271)&v=771",22 days ago,4,False,False,False,False,4cWYD83NS31mwAqe9cjIYfkn6ZLkiPvseYOnGENwOFw%3d,False,2026-06-26T04:26:31.4400000Z,False,False,False,False,False,False,0,False,,,False,False,False,False,0,False,False,0,13150475653,False,90CB2F66-B19A-4B77-8873-B8D9F1FA63B3,False,False,True,2,4.278114332507268,1.082395447,,,,,,,,,,"[{'message': 'Popular Pick', 'qualifier': '9 tickets sold for this event', 'hasValue': True, 'messageType': 'BoughtInLastHourSocialProofBased'}]",[],,,"¥4,691,385",32.0,"¥1,485,032",,,,,,,
13315774554,153020449,209,122842,209,2,4,_,,False,False,1,,False,False,[1],471,Middle,1,True,"[{'listingNoteId': 165, 'listingNoteContentId': 2444685, 'formattedListingNoteContent': 'Preferred Seating', 'listingNoteTypeId': 3, 'showToBuyer': True, 'hideInMock': False, 'siteAddedListingNote': False, 'aisleListingNoteWithSplit': False, 'listingNoteDescriptionContentId': 2444686, 'formattedListingNoteDescription': 'Preferred Seating'}, {'listingNoteId': -1, 'listingNoteContentId': 3338094, 'formattedListingNoteContent': 'Clear view', 'listingNoteTypeId': 3, 'showToBuyer': True, 'hideInMock': False, 'siteAddedListingNote': False, 'aisleListingNoteWithSplit': False, 'listingNoteDescriptionContentId': 3338095, 'formattedListingNoteDescription': ""You'll have an unrestricted view of the show.""}]","[{'listingNoteBucketId': 11, 'formattedListingNoteContent': 'Preferred Seating', 'displayOrder': 11, 'showsRawNoteText': True, 'sourceListingNoteId': 165}, {'listingNoteBucketId': 27, 'formattedListingNoteContent': 'Clear view', 'displayOrder': 8, 'showsRawNoteText': True, 'sourceListingNoteId': -1}]",702838,False,False,Row 4,False,3211812,"¥3,211,812","¥3,211,812",10,Mobile Transfer ticket,3,1,USD,JPY,0.0,USD,"https://img.vggcdn.net/img/vfsimage2/812551/471_122842/0.jpg?im=Resize=(500,271)&v=771",7 days ago,6,False,False,False,False,mpJQZMEv%2fkWIDzAdTay%2bw9kXtDNkmJmu5FNbLmpkgVI%3d,False,2026-07-10T15:26:53.5530000Z,False,False,False,False,False,False,0,False,,,False,False,False,False,0,False,False,0,13315774554,False,020C3243-6E17-4E84-9C1E-59C558B5F2C7,False,False,True,3,6.052113619781002,1.360849678,,,,,,,,,,"[{'message': 'Popular Pick', 'qualifier': '9 tickets sold for this event', 'hasValue': True, 'messageType': 'BoughtInLastHourSocialProofBased'}]",[],,,"¥4,833,546",34.0,"¥1,621,734",,,,,,,
13388308251,153020449,124,122796,124,2,1,_,,False,False,6,,False,False,"[1, 2, 3, 4, 5, 6]",594,Lower,6,True,"[{'listingNoteId': 811, 'listingNoteContentId': 2446054, 'formattedListingNoteContent': 'Actual 1st row of the section', 'listingNoteTypeId': 3, 'showToBuyer': True, 'hideInMock': False, 'siteAddedListingNote': False, 'aisleListingNoteWithSplit': False, 'listingNoteDescriptionContentId': 2446055, 'formattedListingNoteDescription': 'Actual 1st row of the section'}, {'listingNoteId': -1, 'listingNoteContentId': 3338094, 'formattedListingNoteContent': 'Clear view', 'listingNoteTypeId': 3, 'showToBuyer': True, 'hideInMock': False, 'siteAddedListingNote': False, 'aisleListingNoteWithSplit': False, 'listingNoteDescriptionContentId': 3338095, 'formattedListingNoteDescription': ""You'll have an unrestricted view of the show.""}]","[{'listingNoteBucketId': 0, 'formattedListingNoteContent': 'Actual 1st row of the section', 'displayOrder': 30, 'showsRawNoteText': True, 'sourceListingNoteId': 811}, {'listingNoteBucketId': 27, 'formattedListingNoteContent': 'Clear view', 'displayOrder': 8, 'showsRawNoteText': True, 'sourceListingNoteId': -1}]",2112716,False,False,Row 1,False,3217075,"¥3,217,075","¥3,217,075",10,Mobile Transfer ticket,3,1,USD,JPY,10990.0,USD,"https://img.vggcdn.net/img/vfsimage2/812551/594_122796/0.jpg?im=Resize=(500,271)&v=771",8 hours ago,8,False,False,False,False,gJiWpVXu%2fOoP9HPJ84ieNiT6sddTZcwIO4avT7YCKZg%3d,False,2026-07-18T02:58:06.2000000Z,False,False,False,False,False,False,0,False,,,False,False,False,False,0,False,False,0,13388308251,False,84C15526-E507-4723-9EFD-1325F93CE54C,False,False,True,4,7.527582137296341,1.630861575,,,,,,,,,,"[{'message': 'Great Value', 'qualifier': 'Based on price, view, seat quality and more', 'hasValue': True, 'messageType': 'ValueBased'}, {'message': 'Popular Pick', 'qualifier': '9 tickets sold for this event', 'hasValue': True, 'messageType': 'BoughtInLastHourSocialProofBased'}, {'message': 'Front Row', 'qualifier': 'Best seats in the house', 'hasValue': True, 'messageType': 'FirstRowTicketAttributeBased'}]",[811],,,,,,,,,,,,
13226218584,153020449,331,122924,331,2,17,_,,False,False,1,,False,False,[1],407,Upper,4,True,"[{'listingNoteId': 74, 'listingNoteContentId': 1288630, 'formattedListingNoteContent': 'Over 18 Ticket', 'listingNoteTypeId': 2, 'showToBuyer': True, 'hideInMock': False, 'siteAddedListingNote': False, 'aisleListingNoteWithSplit': False, 'formattedListingNoteDescription': ''}, {'listingNoteId': -1, 'listingNoteContentId': 3338094, 'formattedListingNoteContent': 'Clear view', 'listingNoteTypeId': 3, 'showToBuyer': True, 'hideInMock': False, 'siteAddedListingNote': False, 'aisleListingNoteWithSplit': False, 'listingNoteDescriptionContentId': 3338095, 'formattedListingNoteDescription': ""You'll have an unrestricted view of the show.""}]","[{'listingNoteBucketId': 24, 'formattedListingNoteContent': 'Over 18 Ticket', 'displayOrder': 24, 'showsRawNoteText': True, 'sourceListingNoteId': 74}, {'listingNoteBucketId': 27, 'formattedListingNoteContent': 'Clear view', 'displayOrder': 8, 'showsRawNoteText': True, 'sourceListingNoteId': -1}]",2113932,False,False,Row 17,False,3234207,"¥3,234,207","¥3,234,207",10,Mobile Transfer ticket,3,1,EUR,JPY,1772.0,EUR,"https://img.vggcdn.net/img/vfsimage2/812551/407_122924/0.jpg?im=Resize=(500,271)&v=771",15 days ago,2,False,False,False,False,mnJ%2b9WismGZF3ifcAqm2BgJkkuulOoua9ZXDybiG7rs%3d,False,2026-07-03T05:57:00.4270000Z,False,False,False,False,False,False,0,False,,,False,False,False,False,0,False,False,0,13226218584,False,B59C3C98-06C6-438C-90BE-2D61A81EE471,False,False,True,1,2.339074687964518,0.7523624922,,,,,,,,,,"[{'message': 'Popular Pick', 'qualifier': '9 tickets sold for this event', 'hasValue': True, 'messageType': 'BoughtInLastHourSocialProofBased'}]",[],,,,,,,,,,,,
13388207453,153020449,217,122849,217,2,10,21_24,21,False,False,4,,False,False,"[1, 2, 4]",471,Middle,4,True,"[{'listingNoteId': -1, 'listingNoteContentId': 3338094, 'formattedListingNoteContent': 'Clear view', 'listingNoteTypeId': 3, 'showToBuyer': True, 'hideInMock': False, 'siteAddedListingNote': False, 'aisleListingNoteWithSplit': False, 'listingNoteDescriptionContentId': 3338095, 'formattedListingNoteDescription': ""You'll have an unrestricted view of the show.""}]","[{'listingNoteBucketId': 27, 'formattedListingNoteContent': 'Clear view', 'displayOrder': 8, 'showsRawNoteText': True, 'sourceListingNoteId': -1}]",702934,False,False,Row 10,False,3411795,"¥3,411,795","¥3,411,795",10,Mobile Transfer ticket,3,1,USD,JPY,10990.0,USD,"https://img.vggcdn.net/img/vfsimage2/812551/471_122849/0.jpg?im=Resize=(500,271)&v=771",8 hours ago,6,False,False,False,False,azbLe1uiRsV12xdmfPR0OAojzxScj%2fC4ldx20TPj368%3d,False,2026-07-18T02:31:26.5570000Z,False,False,False,False,False,False,0,False,,,False,False,False,False,0,False,False,0,13388207453,False,43378529-3B62-42A1-902E-2B833E7A52D8,False,False,True,3,5.995392241336231,1.436120465,,,,,,,,,,"[{'message': 'Popular Pick', 'qualifier': '9 tickets sold for this event', 'hasValue': True, 'messageType': 'BoughtInLastHourSocialProofBased'}]",[],21,24,,,,,,,,,,
13387473943,153020449,144,122809,144,2,19,_,,False,False,3,,False,False,"[1, 3]",594,Lower,3,True,"[{'listingNoteId': -1, 'listingNoteContentId': 3338094, 'formattedListingNoteContent': 'Clear view', 'listingNoteTypeId': 3, 'showToBuyer': True, 'hideInMock': False, 'siteAddedListingNote': False, 'aisleListingNoteWithSplit': False, 'listingNoteDescriptionContentId': 3338095, 'formattedListingNoteDescription': ""You'll have an unrestricted view of the show.""}]","[{'listingNoteBucketId': 27, 'formattedListingNoteContent': 'Clear view', 'displayOrder': 8, 'showsRawNoteText': True, 'sourceListingNoteId': -1}]",2113211,False,False,Row 19,False,3630172,"¥3,630,172","¥3,630,172",10,Mobile Transfer ticket,3,1,USD,JPY,0.01,USD,"https://img.vggcdn.net/img/vfsimage2/812551/594_122809/0.jpg?im=Resize=(500,271)&v=771",11 hours ago,5,False,False,False,False,F4fPdgjsLXTANOgM3WDeHK83MMmrEN4XpIKoRSSeje0%3d,False,2026-07-17T23:45:29.9430000Z,False,False,False,False,False,False,0,False,,,False,False,False,False,0,False,False,0,13387473943,False,688D5979-5A82-4E8F-A673-79095C3B6DA2,False,False,True,3,5.317576886121055,1.41707551,,,,,,,,,,"[{'message': 'Popular Pick', 'qualifier': '9 tickets sold for this event', 'hasValue': True, 'messageType': 'BoughtInLastHourSocialProofBased'}]",[],,,,,,,,,,,,
13382102329,153020449,116,122791,116,2,10,10_10,10,False,False,1,,False,False,[1],594,Lower,1,True,"[{'listingNoteId': -1, 'listingNoteContentId': 3338094, 'formattedListingNoteContent': 'Clear view', 'listingNoteTypeId': 3, 'showToBuyer': True, 'hideInMock': False, 'siteAddedListingNote': False, 'aisleListingNoteWithSplit': False, 'listingNoteDescriptionContentId': 3338095, 'formattedListingNoteDescription': ""You'll have an unrestricted view of the show.""}]","[{'listingNoteBucketId': 27, 'formattedListingNoteContent': 'Clear view', 'displayOrder': 8, 'showsRawNoteText': True, 'sourceListingNoteId': -1}]",2112514,False,False,Row 10,False,3780936,"¥3,780,936","¥3,780,936",10,Mobile Transfer ticket,3,1,EUR,JPY,10900.0,EUR,"https://img.vggcdn.net/img/vfsimage2/812551/594_122791/0.jpg?im=Resize=(500,271)&v=771",yesterday,9,False,False,False,False,nPnAcib3OFgW%2bddFIX9e7Pfqpicfk5drniuyW90Yxlg%3d,False,2026-07-17T10:45:14.1300000Z,False,False,False,False,False,False,0,False,[7],,False,False,False,False,0,False,False,0,13382102329,False,5563E16E-19B3-4237-B8C9-304827EEBA1A,False,False,True,5,8.647158094356666,2.241669012,,,,Last ticket,True,,,,,"[{'message': 'Amazing Value', 'qualifier': 'Based on price, view, seat quality and more', 'hasValue': True, 'messageType': 'ValueBased'}, {'message': 'Popular Pick', 'qualifier': '9 tickets sold for this event', 'hasValue': True, 'messageType': 'BoughtInLastHourSocialProofBased'}]",[],,,,,,,,,,,,
13386856488,153020449,123,122795,123,2,17,1_4,1,False,False,4,,False,False,"[1, 2, 4]",594,Lower,4,True,"[{'listingNoteId': -1, 'listingNoteContentId': 3338094, 'formattedListingNoteContent': 'Clear view', 'listingNoteTypeId': 3, 'showToBuyer': True, 'hideInMock': False, 'siteAddedListingNote': False, 'aisleListingNoteWithSplit': False, 'listingNoteDescriptionContentId': 3338095, 'formattedListingNoteDescription': ""You'll have an unrestricted view of the show.""}]","[{'listingNoteBucketId': 14, 'formattedListingNoteContent': 'Aisle seat', 'displayOrder': 14, 'showsRawNoteText': True, 'sourceListingNoteId': 2024}, {'listingNoteBucketId': 27, 'formattedListingNoteContent': 'Clear view', 'displayOrder': 8, 'showsRawNoteText': True, 'sourceListingNoteId': -1}]",2112676,False,False,Row 17,False,3811664,"¥3,811,664","¥3,811,664",13,Mobile ticket,4,1,USD,JPY,5000.0,USD,"https://img.vggcdn.net/img/vfsimage2/812551/594_122795/0.jpg?im=Resize=(500,271)&v=771",12 hours ago,5,False,False,False,False,judUKfECDR0dCh517BAAtF671Uhcd4Iyj1z7%2b7Mt7xQ%3d,False,2026-07-17T22:41:54.0830000Z,False,False,False,False,False,False,0,False,,,False,False,False,False,0,False,False,0,13386856488,False,146FF2B7-C8D2-47CE-BCD0-B6A02AB35776,False,False,True,2,4.588546591847921,1.347934763,,,,,,,,,,"[{'message': 'Popular Pick', 'qualifier': '9 tickets sold for this event', 'hasValue': True, 'messageType': 'BoughtInLastHourSocialProofBased'}, {'message': 'Aisle Seat', 'qualifier': 'Easy access to your seat', 'hasValue': True, 'messageType': 'AisleSeatTicketAttributeBased'}]",[2024],,,,,,,,,,,,
13386258853,153020449,143,122808,143,2,19,_,,False,False,3,,False,False,"[1, 3]",594,Lower,3,True,"[{'listingNoteId': -1, 'listingNoteContentId': 3338094, 'formattedListingNoteContent': 'Clear view', 'listingNoteTypeId': 3, 'showToBuyer': True, 'hideInMock': False, 'siteAddedListingNote': False, 'aisleListingNoteWithSplit': False, 'listingNoteDescriptionContentId': 3338095, 'formattedListingNoteDescription': ""You'll have an unrestricted view of the show.""}]","[{'listingNoteBucketId': 27, 'formattedListingNoteContent': 'Clear view', 'displayOrder': 8, 'showsRawNoteText': True, 'sourceListingNoteId': -1}]",2113178,False,False,Row 19,False,3821220,"¥3,821,220","¥3,821,220",10,Mobile Transfer ticket,3,1,USD,JPY,13086.0,USD,"https://img.vggcdn.net/img/vfsimage2/812551/594_122808/0.jpg?im=Resize=(500,271)&v=771",14 hours ago,6,False,False,False,False,gCLrHa0oqGJJLaeluD6Sqk5EH1G6%2fX%2bWk70b8l5dujk%3d,False,2026-07-17T21:07:11.7000000Z,False,False,False,False,False,False,0,False,,,False,False,False,False,0,False,False,0,13386258853,False,FB4766E3-6234-4540-8D42-4253A85AEBA4,False,False,True,3,6.065984957572051,1.621708929,,,,,,,,,,"[{'message': 'Popular Pick', 'qualifier': '9 tickets sold for this event', 'hasValue': True, 'messageType': 'BoughtInLastHourSocialProofBased'}]",[],,,,,,,,,,,,
13374673023,153020449,109,122787,109,2,9,22_22,22,False,False,1,,False,False,[1],594,Lower,1,True,"[{'listingNoteId': -1, 'listingNoteContentId': 3338094, 'formattedListingNoteContent': 'Clear view', 'listingNoteTypeId': 3, 'showToBuyer': True, 'hideInMock': False, 'siteAddedListingNote': False, 'aisleListingNoteWithSplit': False, 'listingNoteDescriptionContentId': 3338095, 'formattedListingNoteDescription': ""You'll have an unrestricted view of the show.""}]","[{'listingNoteBucketId': 27, 'formattedListingNoteContent': 'Clear view', 'displayOrder': 8, 'showsRawNoteText': True, 'sourceListingNoteId': -1}]",2112322,False,False,Row 9,False,3860401,"¥3,860,401","¥3,860,401",10,Mobile Transfer ticket,3,1,USD,JPY,,USD,"https://img.vggcdn.net/img/vfsimage2/812551/594_122787/0.jpg?im=Resize=(500,271)&v=771",yesterday,6,False,False,False,False,uF3KQhXHUruz3SdpJMXHsvD4wKnaQT0qAibWn5AqX3o%3d,False,2026-07-16T17:44:09.5400000Z,False,False,False,False,False,False,0,False,,,False,False,False,False,0,False,False,0,13374673023,False,0F42A85A-BC4A-4532-A2FB-0516422669AF,False,False,True,3,6.053721677770029,1.636002085,,,,,,,,,,"[{'message': 'Popular Pick', 'qualifier': '9 tickets sold for this event', 'hasValue': True, 'messageType': 'BoughtInLastHourSocialProofBased'}]",[],22,22,"¥4,928,239",22.0,"¥1,067,838",,,,,,,
13386449651,153020449,228A,1530789,228A,2,7,3_3,3,False,False,1,,False,False,[1],471,Middle,1,True,"[{'listingNoteId': -1, 'listingNoteContentId': 3338094, 'formattedListingNoteContent': 'Clear view', 'listingNoteTypeId': 3, 'showToBuyer': True, 'hideInMock': False, 'siteAddedListingNote': False, 'aisleListingNoteWithSplit': False, 'listingNoteDescriptionContentId': 3338095, 'formattedListingNoteDescription': ""You'll have an unrestricted view of the show.""}]","[{'listingNoteBucketId': 27, 'formattedListingNoteContent': 'Clear view', 'displayOrder': 8, 'showsRawNoteText': True, 'sourceListingNoteId': -1}]",1593647,False,False,Row 7,False,3948127,"¥3,948,127","¥3,948,127",10,Mobile Transfer ticket,3,1,USD,JPY,0.0,USD,"https://img.vggcdn.net/img/vfsimage2/812551/471_1530789/0.jpg?im=Resize=(500,271)&v=771",13 hours ago,3,False,False,False,False,K1t79e%2f8%2bgufIC%2f1XqwgQPDlwNgOs%2bBBlxVgxqrrKoU%3d,False,2026-07-17T21:44:54.7870000Z,False,False,False,False,False,False,0,False,[7],,False,False,False,False,0,False,False,0,13386449651,False,D1ADEE76-7F56-4B9D-AD4D-FEEA5E27A908,False,False,True,2,2.878914117431657,1.106506671,,,,Last ticket,True,,,,,"[{'message': 'Popular Pick', 'qualifier': '9 tickets sold for this event', 'hasValue': True, 'messageType': 'BoughtInLastHourSocialProofBased'}]",[],3,3,,,,,,,,,,
13274022365,153020449,134,122802,134,2,27,15_17,15,False,False,3,,False,False,"[1, 2, 3]",594,Lower,3,True,"[{'listingNoteId': -1, 'listingNoteContentId': 3338094, 'formattedListingNoteContent': 'Clear view', 'listingNoteTypeId': 3, 'showToBuyer': True, 'hideInMock': False, 'siteAddedListingNote': False, 'aisleListingNoteWithSplit': False, 'listingNoteDescriptionContentId': 3338095, 'formattedListingNoteDescription': ""You'll have an unrestricted view of the show.""}]","[{'listingNoteBucketId': 27, 'formattedListingNoteContent': 'Clear view', 'displayOrder': 8, 'showsRawNoteText': True, 'sourceListingNoteId': -1}]",2113007,False,False,Row 27,False,3981670,"¥3,981,670","¥3,981,670",10,Mobile Transfer ticket,3,1,AED,JPY,17000.0,AED,"https://img.vggcdn.net/img/vfsimage2/812551/594_122802/0.jpg?im=Resize=(500,271)&v=771",10 days ago,4,False,False,False,False,zO7O25OB%2fqxw7kHHsY2bgQPMXZo6UiXbzdtCHt8weM0%3d,False,2026-07-07T15:58:25.4900000Z,False,False,False,False,False,False,0,False,,,False,False,False,False,0,False,False,0,13274022365,False,46137DF0-CB9B-437E-B3D6-865BBC39055A,False,False,True,2,4.046995977047799,1.300231612,,,,,,,,,,"[{'message': 'Popular Pick', 'qualifier': '9 tickets sold for this event', 'hasValue': True, 'messageType': 'BoughtInLastHourSocialProofBased'}]",[],,,,,,,,,,,,
13348807789,153020449,108,122786,108,2,13,_,,False,False,4,,False,False,"[1, 2, 3, 4]",594,Lower,4,True,"[{'listingNoteId': 2027, 'listingNoteContentId': 3415845, 'formattedListingNoteContent': 'Third Row of Section', 'listingNoteTypeId': 6, 'showToBuyer': True, 'hideInMock': False, 'siteAddedListingNote': False, 'aisleListingNoteWithSplit': False, 'listingNoteDescriptionContentId': 3415845, 'formattedListingNoteDescription': 'Third Row of Section'}, {'listingNoteId': -1, 'listingNoteContentId': 3338094, 'formattedListingNoteContent': 'Clear view', 'listingNoteTypeId': 3, 'showToBuyer': True, 'hideInMock': False, 'siteAddedListingNote': False, 'aisleListingNoteWithSplit': False, 'listingNoteDescriptionContentId': 3338095, 'formattedListingNoteDescription': ""You'll have an unrestricted view of the show.""}]","[{'listingNoteBucketId': 14, 'formattedListingNoteContent': 'Third Row of Section', 'displayOrder': 14, 'showsRawNoteText': True, 'sourceListingNoteId': 2027}, {'listingNoteBucketId': 27, 'formattedListingNoteContent': 'Clear view', 'displayOrder': 8, 'showsRawNoteText': True, 'sourceListingNoteId': -1}]",2112256,False,False,Row 13,False,3986668,"¥3,986,668","¥3,986,668",10,Mobile Transfer ticket,3,1,USD,JPY,0.0,USD,"https://img.vggcdn.net/img/vfsimage2/812551/594_122786/0.jpg?im=Resize=(500,271)&v=771",3 days ago,5,False,False,False,False,0Ju%2f9ZthQsg4sun0OiBqejbpcPB4qk5eoNrPLLblTS4%3d,False,2026-07-14T14:41:08.2870000Z,False,False,False,False,False,False,0,False,,,False,False,False,False,0,False,False,0,13348807789,False,E990C068-72ED-4EF2-8372-234D387B524F,False,False,True,3,5.218696059637398,1.539938978,,,,,,,,,,"[{'message': 'Popular Pick', 'qualifier': '9 tickets sold for this event', 'hasValue': True, 'messageType': 'BoughtInLastHourSocialProofBased'}, {'message': 'Third Row', 'qualifier': 'Excellent proximity to the action', 'hasValue': True, 'messageType': 'ThirdRowTicketAttributeBased'}]",[2027],,,"¥5,070,387",21.0,"¥1,083,719",,,,,,,
13388050955,153020449,101,122782,101,2,2,17_17,17,False,False,1,,False,False,[1],594,Lower,1,True,"[{'listingNoteId': 2026, 'listingNoteContentId': 3415844, 'formattedListingNoteContent': 'Second Row of Section', 'listingNoteTypeId': 6, 'showToBuyer': True, 'hideInMock': False, 'siteAddedListingNote': False, 'aisleListingNoteWithSplit': False, 'listingNoteDescriptionContentId': 3415844, 'formattedListingNoteDescription': 'Second Row of Section'}, {'listingNoteId': -1, 'listingNoteContentId': 3338094, 'formattedListingNoteContent': 'Clear view', 'listingNoteTypeId': 3, 'showToBuyer': True, 'hideInMock': False, 'siteAddedListingNote': False, 'aisleListingNoteWithSplit': False, 'listingNoteDescriptionContentId': 3338095, 'formattedListingNoteDescription': ""You'll have an unrestricted view of the show.""}]","[{'listingNoteBucketId': 14, 'formattedListingNoteContent': 'Second Row of Section', 'displayOrder': 14, 'showsRawNoteText': True, 'sourceListingNoteId': 2026}, {'listingNoteBucketId': 27, 'formattedListingNoteContent': 'Clear view', 'displayOrder': 8, 'showsRawNoteText': True, 'sourceListingNoteId': -1}]",2112074,False,False,Row 2,False,4057852,"¥4,057,852","¥4,057,852",10,Mobile Transfer ticket,3,1,USD,JPY,0.0,USD,"https://img.vggcdn.net/img/vfsimage2/812551/594_122782/0.jpg?im=Resize=(500,271)&v=771",9 hours ago,6,False,False,False,False,oNQdjJ2iSisVRWfR3zHLRj0vtlovygwGb5fZdBdM6RA%3d,False,2026-07-18T01:49:15.2000000Z,False,False,False,False,False,False,0,False,,,False,False,False,False,0,False,False,0,13388050955,False,86452405-4638-429F-A0F8-524ECF25AA37,False,False,True,3,5.985016751862345,1.706054045,,,,,,,,,,"[{'message': 'Popular Pick', 'qualifier': '9 tickets sold for this event', 'hasValue': True, 'messageType': 'BoughtInLastHourSocialProofBased'}, {'message': 'Second Row', 'qualifier': 'Premium close-up view', 'hasValue': True, 'messageType': 'SecondRowTicketAttributeBased'}]",[2026],,,,,,,,,,,,
13141570564,153020449,Middle,1546668,Middle,3,,_,,False,False,4,,False,False,"[1, 2, 4]",471,Middle,4,True,"[{'listingNoteId': -1, 'listingNoteContentId': 3338094, 'formattedListingNoteContent': 'Clear view', 'listingNoteTypeId': 3, 'showToBuyer': True, 'hideInMock': False, 'siteAddedListingNote': False, 'aisleListingNoteWithSplit': False, 'listingNoteDescriptionContentId': 3338095, 'formattedListingNoteDescription': ""You'll have an unrestricted view of the show.""}]","[{'listingNoteBucketId': 27, 'formattedListingNoteContent': 'Clear view', 'displayOrder': 8, 'showsRawNoteText': True, 'sourceListingNoteId': -1}]",1641235,False,False,Row,True,4091470,"¥4,091,470","¥4,091,470",10,Mobile Transfer ticket,3,1,EUR,JPY,1222.0,EUR,"https://img.vggcdn.net/img/vfsimage2/812551/471_1546668/0.jpg?im=Resize=(500,271)&v=771",22 days ago,0,False,False,True,True,lco6nNlfd3kpNR72NYzWXfeHUYku3Nt3WDr9Xh0M%2bGY%3d,False,2026-06-25T12:01:34.4200000Z,False,False,False,False,False,False,0,False,[7],,False,False,False,False,0,False,False,0,13141570564,False,68608C5E-02C6-458E-9FE4-D0D439A99ABC,False,False,True,0,,,,,,Last tickets,True,,,,,"[{'message': 'Popular Pick', 'qualifier': '9 tickets sold for this event', 'hasValue': True, 'messageType': 'BoughtInLastHourSocialProofBased'}]",[],,,,,,,,,,,,
12998151102,153020449,320,122913,320,2,8,5_6,5,False,False,2,,False,False,"[1, 2]",407,Upper,2,True,"[{'listingNoteId': -1, 'listingNoteContentId': 3338094, 'formattedListingNoteContent': 'Clear view', 'listingNoteTypeId': 3, 'showToBuyer': True, 'hideInMock': False, 'siteAddedListingNote': False, 'aisleListingNoteWithSplit': False, 'listingNoteDescriptionContentId': 3338095, 'formattedListingNoteDescription': ""You'll have an unrestricted view of the show.""}]","[{'listingNoteBucketId': 27, 'formattedListingNoteContent': 'Clear view', 'displayOrder': 8, 'showsRawNoteText': True, 'sourceListingNoteId': -1}]",703943,False,False,Row 8,False,4121819,"¥4,121,819","¥4,121,819",10,Mobile Transfer ticket,3,1,EUR,JPY,5500.0,EUR,"https://img.vggcdn.net/img/vfsimage2/812551/407_122913/0.jpg?im=Resize=(500,271)&v=771",36 days ago,2,False,False,False,False,6d2FoeRbjENB2BRCirXvMK3XgfRvy3z2J38FdpZdlK4%3d,False,2026-06-11T13:41:26.4070000Z,False,False,False,True,False,False,0,False,[6],,False,False,False,False,0,False,False,0,12998151102,False,EB0F35E9-420F-425A-A87E-6A127C5BDFF5,False,False,True,1,2.2762327739367887,0.9119621003,Fan favorite,This section is in the top 10% of sections for this event when ranked based on a count of successful sales over the past 7 days on our site,True,,,,,,,"[{'message': 'Popular Pick', 'qualifier': '9 tickets sold for this event', 'hasValue': True, 'messageType': 'BoughtInLastHourSocialProofBased'}]",[],5,6,,,,,,,,,,
13351097261,153020449,134,122802,134,2,8,20_20,20,False,False,1,,False,False,[1],594,Lower,1,True,"[{'listingNoteId': -1, 'listingNoteContentId': 3338094, 'formattedListingNoteContent': 'Clear view', 'listingNoteTypeId': 3, 'showToBuyer': True, 'hideInMock': False, 'siteAddedListingNote': False, 'aisleListingNoteWithSplit': False, 'listingNoteDescriptionContentId': 3338095, 'formattedListingNoteDescription': ""You'll have an unrestricted view of the show.""}]","[{'listingNoteBucketId': 27, 'formattedListingNoteContent': 'Clear view', 'displayOrder': 8, 'showsRawNoteText': True, 'sourceListingNoteId': -1}]",2113020,False,False,Row 8,False,4289285,"¥4,289,285","¥4,289,285",10,Mobile Transfer ticket,3,1,USD,JPY,,USD,"https://img.vggcdn.net/img/vfsimage2/812551/594_122802/0.jpg?im=Resize=(500,271)&v=771",3 days ago,6,False,False,False,False,IeCgVo%2bMAE2VQyR77ABosoN%2fY3K0Y6GYuN4dgvPaskE%3d,False,2026-07-14T16:50:38.1100000Z,False,False,False,False,False,False,0,False,,,False,False,False,False,0,False,False,0,13351097261,False,A203998A-CE03-4570-9EFA-82D802CD42DD,False,False,True,3,6.368560113827656,1.886883891,,,,,,,,,,"[{'message': 'Popular Pick', 'qualifier': '9 tickets sold for this event', 'hasValue': True, 'messageType': 'BoughtInLastHourSocialProofBased'}]",[],20,20,"¥8,529,573",50.0,"¥4,240,288",,,,,,,
13386086959,153020449,235,122862,235,2,9,_,,False,False,2,,False,False,"[1, 2]",471,Middle,2,True,"[{'listingNoteId': 263, 'listingNoteContentId': 2444900, 'formattedListingNoteContent': 'VIP Club', 'listingNoteTypeId': 3, 'showToBuyer': True, 'hideInMock': False, 'siteAddedListingNote': False, 'aisleListingNoteWithSplit': False, 'listingNoteDescriptionContentId': 2444901, 'formattedListingNoteDescription': 'VIP Club - Club opens 90 minutes prior to tipoff and offers access to a lounge area with televisions, plush seating and private restrooms as well as all-inclusive food, draft beer, and house wine'}, {'listingNoteId': 424, 'listingNoteContentId': 2445241, 'formattedListingNoteContent': 'Access to VIP Club', 'listingNoteTypeId': 3, 'showToBuyer': True, 'hideInMock': False, 'siteAddedListingNote': False, 'aisleListingNoteWithSplit': False, 'formattedListingNoteDescription': ''}, {'listingNoteId': 1367, 'listingNoteContentId': 2447255, 'formattedListingNoteContent': 'Includes club access', 'listingNoteTypeId': 3, 'showToBuyer': True, 'hideInMock': False, 'siteAddedListingNote': False, 'aisleListingNoteWithSplit': False, 'listingNoteDescriptionContentId': 2447256, 'formattedListingNoteDescription': 'Includes club access'}, {'listingNoteId': -1, 'listingNoteContentId': 3338094, 'formattedListingNoteContent': 'Clear view', 'listingNoteTypeId': 3, 'showToBuyer': True, 'hideInMock': False, 'siteAddedListingNote': False, 'aisleListingNoteWithSplit': False, 'listingNoteDescriptionContentId': 3338095, 'formattedListingNoteDescription': ""You'll have an unrestricted view of the show.""}]","[{'listingNoteBucketId': 1, 'formattedListingNoteContent': 'VIP packages', 'displayOrder': 1, 'showsRawNoteText': False}, {'listingNoteBucketId': 4, 'formattedListingNoteContent': 'Club access', 'displayOrder': 4, 'showsRawNoteText': False}, {'listingNoteBucketId': 27, 'formattedListingNoteContent': 'Clear view', 'displayOrder': 8, 'showsRawNoteText': True, 'sourceListingNoteId': -1}]",703280,False,False,Row 9,False,4497722,"¥4,497,722","¥4,497,722",10,Mobile Transfer ticket,3,1,USD,JPY,10900.0,USD,"https://img.vggcdn.net/img/vfsimage2/812551/471_122862/0.jpg?im=Resize=(500,271)&v=771",14 hours ago,5,False,False,False,False,gNP0Q8pxWHYEH4WO2LfP70IKdvIFkNC9A3ZotX7dhHc%3d,False,2026-07-17T20:38:02.3370000Z,False,False,False,False,False,False,0,False,,,False,False,False,False,0,False,False,0,13386086959,False,043AC1C2-DB3F-417B-AE95-763EC5771DAE,False,False,True,2,4.6449681573198855,1.604439423,,,,,,,,,,"[{'message': 'Popular Pick', 'qualifier': '9 tickets sold for this event', 'hasValue': True, 'messageType': 'BoughtInLastHourSocialProofBased'}]",[],,,"¥6,388,629",30.0,"¥1,890,907",,,,,,,
13334390402,153020449,129,122799,129,2,31,_,,False,False,1,,False,False,[1],594,Lower,1,True,"[{'listingNoteId': 174, 'listingNoteContentId': 2444704, 'formattedListingNoteContent': 'VIP Club Access w/ private entrance & restrooms', 'listingNoteTypeId': 3, 'showToBuyer': True, 'hideInMock': False, 'siteAddedListingNote': False, 'aisleListingNoteWithSplit': False, 'listingNoteDescriptionContentId': 2444705, 'formattedListingNoteDescription': 'Tickets grant access to VIP private entrance, VIP club access and VIP private restrooms.'}, {'listingNoteId': 1025, 'listingNoteContentId': 2446491, 'formattedListingNoteContent': 'Includes unlimited food and soft drinks', 'listingNoteTypeId': 3, 'showToBuyer': True, 'hideInMock': False, 'siteAddedListingNote': False, 'aisleListingNoteWithSplit': False, 'listingNoteDescriptionContentId': 2446492, 'formattedListingNoteDescription': 'Includes unlimited food and soft drinks'}, {'listingNoteId': 1028, 'listingNoteContentId': 2446497, 'formattedListingNoteContent': 'Includes unlimited food and drinks (beer, wine and liquor)', 'listingNoteTypeId': 3, 'showToBuyer': True, 'hideInMock': False, 'siteAddedListingNote': False, 'aisleListingNoteWithSplit': False, 'listingNoteDescriptionContentId': 2446498, 'formattedListingNoteDescription': 'Includes unlimited food and drinks (beer, wine and liquor)'}, {'listingNoteId': 2246, 'listingNoteContentId': 4165609, 'formattedListingNoteContent': 'VIP Experience', 'listingNoteTypeId': 3, 'showToBuyer': True, 'hideInMock': False, 'siteAddedListingNote': False, 'aisleListingNoteWithSplit': False, 'listingNoteDescriptionContentId': 4165611, 'formattedListingNoteDescription': 'VIP Experience'}, {'listingNoteId': 2247, 'listingNoteContentId': 4165768, 'formattedListingNoteContent': 'Includes food, beer and wine', 'listingNoteTypeId': 3, 'showToBuyer': True, 'hideInMock': False, 'siteAddedListingNote': False, 'aisleListingNoteWithSplit': False, 'listingNoteDescriptionContentId': 4165769, 'formattedListingNoteDescription': 'Includes food, beer and wine'}, {'listingNoteId': 2254, 'listingNoteContentId': 4170837, 'formattedListingNoteContent': 'Includes food, beer, wine, and non-alcoholic beverages', 'listingNoteTypeId': 3, 'showToBuyer': True, 'hideInMock': False, 'siteAddedListingNote': False, 'aisleListingNoteWithSplit': False, 'listingNoteDescriptionContentId': 4170838, 'formattedListingNoteDescription': 'Includes food, beer, wine, and non-alcoholic beverages'}, {'listingNoteId': 2356, 'listingNoteContentId': 4257844, 'formattedListingNoteContent': 'All-Inclusive Food', 'listingNoteTypeId': 3, 'showToBuyer': True, 'hideInMock': False, 'siteAddedListingNote': False, 'aisleListingNoteWithSplit': False, 'formattedListingNoteDescription': ''}, {'listingNoteId': 2363, 'listingNoteContentId': 4281452, 'formattedListingNoteContent': 'Access to Premium Lounge', 'listingNoteTypeId': 3, 'showToBuyer': True, 'hideInMock': False, 'siteAddedListingNote': False, 'aisleListingNoteWithSplit': False, 'formattedListingNoteDescription': ''}, {'listingNoteId': 1021, 'listingNoteContentId': 2446483, 'formattedListingNoteContent': 'Includes unlimited food and drinks (beer and soft drinks)', 'listingNoteTypeId': 3, 'showToBuyer': True, 'hideInMock': False, 'siteAddedListingNote': False, 'aisleListingNoteWithSplit': False, 'listingNoteDescriptionContentId': 2446484, 'formattedListingNoteDescription': 'Includes unlimited food and drinks (beer and soft drinks)'}, {'listingNoteId': -1, 'listingNoteContentId': 3338094, 'formattedListingNoteContent': 'Clear view', 'listingNoteTypeId': 3, 'showToBuyer': True, 'hideInMock': False, 'siteAddedListingNote': False, 'aisleListingNoteWithSplit': False, 'listingNoteDescriptionContentId': 3338095, 'formattedListingNoteDescription': ""You'll have an unrestricted view of the show.""}]","[{'listingNoteBucketId': 1, 'formattedListingNoteContent': 'VIP packages', 'displayOrder': 1, 'showsRawNoteText': False}, {'listingNoteBucketId': 7, 'formattedListingNoteContent': 'Food & beverages', 'displayOrder': 7, 'showsRawNoteText': False}, {'listingNoteBucketId': 0, 'formattedListingNoteContent': 'Includes food, beer, wine, and non-alcoholic beverages', 'displayOrder': 30, 'showsRawNoteText': True, 'sourceListingNoteId': 2254}, {'listingNoteBucketId': 0, 'formattedListingNoteContent': 'All-Inclusive Food', 'displayOrder': 30, 'showsRawNoteText': True, 'sourceListingNoteId': 2356}, {'listingNoteBucketId': 0, 'formattedListingNoteContent': 'Access to Premium Lounge', 'displayOrder': 30, 'showsRawNoteText': True, 'sourceListingNoteId': 2363}, {'listingNoteBucketId': 27, 'formattedListingNoteContent': 'Clear view', 'displayOrder': 8, 'showsRawNoteText': True, 'sourceListingNoteId': -1}]",2112884,False,False,Row 31,False,4562211,"¥4,562,211","¥4,562,211",10,Mobile Transfer ticket,3,1,USD,JPY,,USD,"https://img.vggcdn.net/img/vfsimage2/812551/594_122799/0.jpg?im=Resize=(500,271)&v=771",6 days ago,2,False,False,False,False,fKg%2bE%2bqRomOS8soo5WJSqsPRxBo%2fUZZsQiAT9Js9NkI%3d,False,2026-07-12T04:55:54.9300000Z,False,False,False,False,False,False,0,False,,,False,False,False,False,0,False,False,0,13334390402,False,684581DD-C90C-49D8-B556-C7AF283C7AD3,False,False,True,1,2.440960014145621,1.157901689,,,,,,,,,,"[{'message': 'Popular Pick', 'qualifier': '9 tickets sold for this event', 'hasValue': True, 'messageType': 'BoughtInLastHourSocialProofBased'}, {'message': 'VIP', 'qualifier': 'Premium access and amenities', 'hasValue': True, 'messageType': 'VipTicketAttributeBased'}]",[174],,,,,,,,,,,,
13377547900,153020449,126,122797,126,2,4,_,,False,False,1,,False,False,[1],594,Lower,1,True,"[{'listingNoteId': -1, 'listingNoteContentId': 3338094, 'formattedListingNoteContent': 'Clear view', 'listingNoteTypeId': 3, 'showToBuyer': True, 'hideInMock': False, 'siteAddedListingNote': False, 'aisleListingNoteWithSplit': False, 'listingNoteDescriptionContentId': 3338095, 'formattedListingNoteDescription': ""You'll have an unrestricted view of the show.""}]","[{'listingNoteBucketId': 27, 'formattedListingNoteContent': 'Clear view', 'displayOrder': 8, 'showsRawNoteText': True, 'sourceListingNoteId': -1}]",2112798,False,False,Row 4,False,4680925,"¥4,680,925","¥4,680,925",10,Mobile Transfer ticket,3,1,SGD,JPY,19357.0,SGD,"https://img.vggcdn.net/img/vfsimage2/812551/594_122797/0.jpg?im=Resize=(500,271)&v=771",yesterday,5,False,False,False,False,49vyu%2f2Zw3Ts7W5ZwtSOGRRs4oElKZ%2fzT1rVQPu6oXw%3d,False,2026-07-16T23:18:14.4900000Z,False,False,False,False,False,False,0,False,,,False,False,False,False,0,False,False,0,13377547900,False,1DB9EE48-8AE1-474F-88B1-544F421E67CB,False,False,True,3,5.1142799342508525,1.788343108,,,,,,,,,,"[{'message': 'Popular Pick', 'qualifier': '9 tickets sold for this event', 'hasValue': True, 'messageType': 'BoughtInLastHourSocialProofBased'}]",[],,,,,,,,,,,,
13386258821,153020449,140,122806,140,2,19,_,,False,False,1,,False,False,[1],594,Lower,1,True,"[{'listingNoteId': -1, 'listingNoteContentId': 3338094, 'formattedListingNoteContent': 'Clear view', 'listingNoteTypeId': 3, 'showToBuyer': True, 'hideInMock': False, 'siteAddedListingNote': False, 'aisleListingNoteWithSplit': False, 'listingNoteDescriptionContentId': 3338095, 'formattedListingNoteDescription': ""You'll have an unrestricted view of the show.""}]","[{'listingNoteBucketId': 27, 'formattedListingNoteContent': 'Clear view', 'displayOrder': 8, 'showsRawNoteText': True, 'sourceListingNoteId': -1}]",2113117,False,False,Row 19,False,5063225,"¥5,063,225","¥5,063,225",10,Mobile Transfer ticket,3,1,USD,JPY,0.0,USD,"https://img.vggcdn.net/img/vfsimage2/812551/594_122806/0.jpg?im=Resize=(500,271)&v=771",14 hours ago,7,False,False,False,False,lyTwmnvdI%2fmrfp5O3ltdBlAPUcSW4c%2fyR3W0FuM0Hdc%3d,False,2026-07-17T21:07:11.4530000Z,False,False,False,False,False,False,0,False,,,False,False,False,False,0,False,False,0,13386258821,False,CD7C202A-B0B1-4749-B51B-8DF9307202F6,False,False,True,3,6.621198906542935,2.297465083,,,,,,,,,,"[{'message': 'Popular Pick', 'qualifier': '9 tickets sold for this event', 'hasValue': True, 'messageType': 'BoughtInLastHourSocialProofBased'}]",[],,,,,,,,,,,,
13294504662,153020449,236,122863,236,2,3,_,,False,False,1,,False,False,[1],471,Middle,1,True,"[{'listingNoteId': 263, 'listingNoteContentId': 2444900, 'formattedListingNoteContent': 'VIP Club', 'listingNoteTypeId': 3, 'showToBuyer': True, 'hideInMock': False, 'siteAddedListingNote': False, 'aisleListingNoteWithSplit': False, 'listingNoteDescriptionContentId': 2444901, 'formattedListingNoteDescription': 'VIP Club - Club opens 90 minutes prior to tipoff and offers access to a lounge area with televisions, plush seating and private restrooms as well as all-inclusive food, draft beer, and house wine'}, {'listingNoteId': 424, 'listingNoteContentId': 2445241, 'formattedListingNoteContent': 'Access to VIP Club', 'listingNoteTypeId': 3, 'showToBuyer': True, 'hideInMock': False, 'siteAddedListingNote': False, 'aisleListingNoteWithSplit': False, 'formattedListingNoteDescription': ''}, {'listingNoteId': 1367, 'listingNoteContentId': 2447255, 'formattedListingNoteContent': 'Includes club access', 'listingNoteTypeId': 3, 'showToBuyer': True, 'hideInMock': False, 'siteAddedListingNote': False, 'aisleListingNoteWithSplit': False, 'listingNoteDescriptionContentId': 2447256, 'formattedListingNoteDescription': 'Includes club access'}, {'listingNoteId': 2027, 'listingNoteContentId': 3415845, 'formattedListingNoteContent': 'Third Row of Section', 'listingNoteTypeId': 6, 'showToBuyer': True, 'hideInMock': False, 'siteAddedListingNote': False, 'aisleListingNoteWithSplit': False, 'listingNoteDescriptionContentId': 3415845, 'formattedListingNoteDescription': 'Third Row of Section'}, {'listingNoteId': -1, 'listingNoteContentId': 3338094, 'formattedListingNoteContent': 'Clear view', 'listingNoteTypeId': 3, 'showToBuyer': True, 'hideInMock': False, 'siteAddedListingNote': False, 'aisleListingNoteWithSplit': False, 'listingNoteDescriptionContentId': 3338095, 'formattedListingNoteDescription': ""You'll have an unrestricted view of the show.""}]","[{'listingNoteBucketId': 1, 'formattedListingNoteContent': 'VIP packages', 'displayOrder': 1, 'showsRawNoteText': False}, {'listingNoteBucketId': 4, 'formattedListingNoteContent': 'Club access', 'displayOrder': 4, 'showsRawNoteText': False}, {'listingNoteBucketId': 14, 'formattedListingNoteContent': 'Third Row of Section', 'displayOrder': 14, 'showsRawNoteText': True, 'sourceListingNoteId': 2027}, {'listingNoteBucketId': 27, 'formattedListingNoteContent': 'Clear view', 'displayOrder': 8, 'showsRawNoteText': True, 'sourceListingNoteId': -1}]",703288,False,False,Row 3,False,5325631,"¥5,325,631","¥5,325,631",10,Mobile Transfer ticket,3,1,USD,JPY,27850.0,USD,"https://img.vggcdn.net/img/vfsimage2/812551/471_122863/0.jpg?im=Resize=(500,271)&v=771",9 days ago,4,False,False,False,False,5TuJ04U1rGIGZk9ZvKPsPHhXKkgMilj%2b6IVA9p7IlIs%3d,False,2026-07-09T02:34:24.4830000Z,False,False,False,False,False,False,0,False,[7],,False,False,False,False,0,False,False,0,13294504662,False,7368D28A-AB2B-486E-8B24-935353121A70,False,False,True,2,3.944793346781235,1.714380036,,,,Last ticket,True,,,,,"[{'message': 'Popular Pick', 'qualifier': '9 tickets sold for this event', 'hasValue': True, 'messageType': 'BoughtInLastHourSocialProofBased'}, {'message': 'Third Row', 'qualifier': 'Excellent proximity to the action', 'hasValue': True, 'messageType': 'ThirdRowTicketAttributeBased'}]",[2027],,,"¥8,518,078",37.0,"¥3,192,447",,,,,,,
13386258858,153020449,140,122806,140,2,18,_,,False,False,1,,False,False,[1],594,Lower,1,True,"[{'listingNoteId': -1, 'listingNoteContentId': 3338094, 'formattedListingNoteContent': 'Clear view', 'listingNoteTypeId': 3, 'showToBuyer': True, 'hideInMock': False, 'siteAddedListingNote': False, 'aisleListingNoteWithSplit': False, 'listingNoteDescriptionContentId': 3338095, 'formattedListingNoteDescription': ""You'll have an unrestricted view of the show.""}]","[{'listingNoteBucketId': 27, 'formattedListingNoteContent': 'Clear view', 'displayOrder': 8, 'showsRawNoteText': True, 'sourceListingNoteId': -1}]",2113116,False,False,Row 18,False,5349606,"¥5,349,606","¥5,349,606",10,Mobile Transfer ticket,3,1,USD,JPY,22000.0,USD,"https://img.vggcdn.net/img/vfsimage2/812551/594_122806/0.jpg?im=Resize=(500,271)&v=771",14 hours ago,6,False,False,False,False,5iGwa6YUzPfGBiZfHM4xBCf1%2b2BkYtMQCu0fSQRhYBI%3d,False,2026-07-17T21:07:11.7200000Z,False,False,False,False,False,False,0,False,,,False,False,False,False,0,False,False,0,13386258858,False,24F83C00-DBB2-4FEE-AB61-C6A2D347E845,False,False,True,3,6.378087442095624,2.35608495,,,,,,,,,,"[{'message': 'Popular Pick', 'qualifier': '9 tickets sold for this event', 'hasValue': True, 'messageType': 'BoughtInLastHourSocialProofBased'}]",[],,,,,,,,,,,,
13302234910,153020449,110,122788,110,2,,_,,False,False,2,,False,False,"[1, 2]",594,Lower,4,True,"[{'listingNoteId': -1, 'listingNoteContentId': 3338094, 'formattedListingNoteContent': 'Clear view', 'listingNoteTypeId': 3, 'showToBuyer': True, 'hideInMock': False, 'siteAddedListingNote': False, 'aisleListingNoteWithSplit': False, 'listingNoteDescriptionContentId': 3338095, 'formattedListingNoteDescription': ""You'll have an unrestricted view of the show.""}]","[{'listingNoteBucketId': 27, 'formattedListingNoteContent': 'Clear view', 'displayOrder': 8, 'showsRawNoteText': True, 'sourceListingNoteId': -1}]",108742,False,False,Row,True,5352879,"¥5,352,879","¥5,352,879",10,Mobile Transfer ticket,3,1,EUR,JPY,3000.0,EUR,"https://img.vggcdn.net/img/vfsimage2/812551/594_122788/0.jpg?im=Resize=(500,271)&v=771",8 days ago,2,False,False,False,False,aoJm%2f5g3Brvf1jBdpgLPNnZ17CWgKsiFW%2bI1c05esmA%3d,False,2026-07-09T13:45:24.3770000Z,False,False,False,False,False,False,0,False,[7],,False,False,False,False,0,False,False,0,13302234910,False,52F17ABD-9E6D-46F3-8AA6-6709B156F99A,False,False,True,1,2.3631805793082745,1.270356317,,,,Last tickets,True,,,,,"[{'message': 'Popular Pick', 'qualifier': '9 tickets sold for this event', 'hasValue': True, 'messageType': 'BoughtInLastHourSocialProofBased'}]",[],,,"¥6,891,496",22.0,"¥1,538,617",,,,,,,
13375745056,153020449,235,122862,235,2,8,_,,False,False,3,,False,False,"[1, 2, 3]",471,Middle,3,True,"[{'listingNoteId': 263, 'listingNoteContentId': 2444900, 'formattedListingNoteContent': 'VIP Club', 'listingNoteTypeId': 3, 'showToBuyer': True, 'hideInMock': False, 'siteAddedListingNote': False, 'aisleListingNoteWithSplit': False, 'listingNoteDescriptionContentId': 2444901, 'formattedListingNoteDescription': 'VIP Club - Club opens 90 minutes prior to tipoff and offers access to a lounge area with televisions, plush seating and private restrooms as well as all-inclusive food, draft beer, and house wine'}, {'listingNoteId': 424, 'listingNoteContentId': 2445241, 'formattedListingNoteContent': 'Access to VIP Club', 'listingNoteTypeId': 3, 'showToBuyer': True, 'hideInMock': False, 'siteAddedListingNote': False, 'aisleListingNoteWithSplit': False, 'formattedListingNoteDescription': ''}, {'listingNoteId': 1367, 'listingNoteContentId': 2447255, 'formattedListingNoteContent': 'Includes club access', 'listingNoteTypeId': 3, 'showToBuyer': True, 'hideInMock': False, 'siteAddedListingNote': False, 'aisleListingNoteWithSplit': False, 'listingNoteDescriptionContentId': 2447256, 'formattedListingNoteDescription': 'Includes club access'}, {'listingNoteId': -1, 'listingNoteContentId': 3338094, 'formattedListingNoteContent': 'Clear view', 'listingNoteTypeId': 3, 'showToBuyer': True, 'hideInMock': False, 'siteAddedListingNote': False, 'aisleListingNoteWithSplit': False, 'listingNoteDescriptionContentId': 3338095, 'formattedListingNoteDescription': ""You'll have an unrestricted view of the show.""}]","[{'listingNoteBucketId': 1, 'formattedListingNoteContent': 'VIP packages', 'displayOrder': 1, 'showsRawNoteText': False}, {'listingNoteBucketId': 4, 'formattedListingNoteContent': 'Club access', 'displayOrder': 4, 'showsRawNoteText': False}, {'listingNoteBucketId': 27, 'formattedListingNoteContent': 'Clear view', 'displayOrder': 8, 'showsRawNoteText': True, 'sourceListingNoteId': -1}]",703279,False,False,Row 8,False,5417620,"¥5,417,620","¥5,417,620",10,Mobile Transfer ticket,3,1,USD,JPY,27850.0,USD,"https://img.vggcdn.net/img/vfsimage2/812551/471_122862/0.jpg?im=Resize=(500,271)&v=771",yesterday,3,False,False,False,False,UKnjTZwxcVZcr%2b7tg6CwxzzPZad4wqUgn2w2Q73%2fkv4%3d,False,2026-07-16T19:44:14.6730000Z,False,False,False,False,False,False,0,False,,,False,False,False,False,0,False,False,0,13375745056,False,BA383A67-67F6-42BF-86C8-A3EBA30F5994,False,False,True,2,3.445333470647655,1.630477694,,,,,,,,,,"[{'message': 'Popular Pick', 'qualifier': '9 tickets sold for this event', 'hasValue': True, 'messageType': 'BoughtInLastHourSocialProofBased'}]",[],,,,,,,,,,,,
13386424562,153020449,115A,1530768,115A,2,8,_,,False,False,3,,False,False,"[1, 3]",594,Lower,3,True,"[{'listingNoteId': -1, 'listingNoteContentId': 3338094, 'formattedListingNoteContent': 'Clear view', 'listingNoteTypeId': 3, 'showToBuyer': True, 'hideInMock': False, 'siteAddedListingNote': False, 'aisleListingNoteWithSplit': False, 'listingNoteDescriptionContentId': 3338095, 'formattedListingNoteDescription': ""You'll have an unrestricted view of the show.""}]","[{'listingNoteBucketId': 27, 'formattedListingNoteContent': 'Clear view', 'displayOrder': 8, 'showsRawNoteText': True, 'sourceListingNoteId': -1}]",2112509,False,False,Row 8,False,5570936,"¥5,570,936","¥5,570,936",10,Mobile Transfer ticket,3,1,USD,JPY,0.0,USD,"https://img.vggcdn.net/img/vfsimage2/812551/594_1530768/0.jpg?im=Resize=(500,271)&v=771",13 hours ago,6,False,False,False,False,%2be%2b0Q0ZLhl3uldoG8YbvC9ElCCV2rWg8SeKw80Kiei0%3d,False,2026-07-17T21:40:15.1800000Z,False,False,False,False,False,False,0,False,,,False,False,False,False,0,False,False,0,13386424562,False,767BA68E-F4C4-4B57-921C-988B63607C07,False,False,True,3,6.215549799104987,2.406291563,,,,,,,,,,"[{'message': 'Popular Pick', 'qualifier': '9 tickets sold for this event', 'hasValue': True, 'messageType': 'BoughtInLastHourSocialProofBased'}]",[],,,,,,,,,,,,
13382726477,153020449,142,122807,142,2,21,1_6,1,False,False,6,,False,False,"[1, 2, 3, 4, 6]",594,Lower,6,True,"[{'listingNoteId': -1, 'listingNoteContentId': 3338094, 'formattedListingNoteContent': 'Clear view', 'listingNoteTypeId': 3, 'showToBuyer': True, 'hideInMock': False, 'siteAddedListingNote': False, 'aisleListingNoteWithSplit': False, 'listingNoteDescriptionContentId': 3338095, 'formattedListingNoteDescription': ""You'll have an unrestricted view of the show.""}]","[{'listingNoteBucketId': 14, 'formattedListingNoteContent': 'Aisle seat', 'displayOrder': 14, 'showsRawNoteText': True, 'sourceListingNoteId': 2024}, {'listingNoteBucketId': 27, 'formattedListingNoteContent': 'Clear view', 'displayOrder': 8, 'showsRawNoteText': True, 'sourceListingNoteId': -1}]",2113147,False,False,Row 21,False,5724252,"¥5,724,252","¥5,724,252",10,Mobile Transfer ticket,3,1,USD,JPY,20000.0,USD,"https://img.vggcdn.net/img/vfsimage2/812551/594_122807/0.jpg?im=Resize=(500,271)&v=771",22 hours ago,4,False,False,False,False,7cXJ1l8X6pL6EVH7OUznQ4Uv6axH%2f529gn9B3oTEpSo%3d,False,2026-07-17T12:50:16.0400000Z,False,False,False,False,False,False,0,False,,,False,False,False,False,0,False,False,0,13382726477,False,7C364F5F-AEE9-4A45-AF9D-F05849DDD206,False,False,True,2,3.9063861637138038,1.832898782,,,,,,,,,,"[{'message': 'Popular Pick', 'qualifier': '9 tickets sold for this event', 'hasValue': True, 'messageType': 'BoughtInLastHourSocialProofBased'}, {'message': 'Aisle Seat', 'qualifier': 'Easy access to your seat', 'hasValue': True, 'messageType': 'AisleSeatTicketAttributeBased'}]",[2024],,,,,,,,,,,,
13389356320,153020449,111C,1530767,111C,2,2,9_9,9,False,False,1,,False,False,[1],594,Lower,1,True,"[{'listingNoteId': 2026, 'listingNoteContentId': 3415844, 'formattedListingNoteContent': 'Second Row of Section', 'listingNoteTypeId': 6, 'showToBuyer': True, 'hideInMock': False, 'siteAddedListingNote': False, 'aisleListingNoteWithSplit': False, 'listingNoteDescriptionContentId': 3415844, 'formattedListingNoteDescription': 'Second Row of Section'}, {'listingNoteId': -1, 'listingNoteContentId': 3338094, 'formattedListingNoteContent': 'Clear view', 'listingNoteTypeId': 3, 'showToBuyer': True, 'hideInMock': False, 'siteAddedListingNote': False, 'aisleListingNoteWithSplit': False, 'listingNoteDescriptionContentId': 3338095, 'formattedListingNoteDescription': ""You'll have an unrestricted view of the show.""}]","[{'listingNoteBucketId': 14, 'formattedListingNoteContent': 'Second Row of Section', 'displayOrder': 14, 'showsRawNoteText': True, 'sourceListingNoteId': 2026}, {'listingNoteBucketId': 27, 'formattedListingNoteContent': 'Clear view', 'displayOrder': 8, 'showsRawNoteText': True, 'sourceListingNoteId': -1}]",1641150,False,False,Row 2,False,5913195,"¥5,913,195","¥5,913,195",10,Mobile Transfer ticket,3,1,USD,JPY,0.0,USD,"https://img.vggcdn.net/img/vfsimage2/812551/594_1530767/0.jpg?im=Resize=(500,271)&v=771",5 hours ago,6,False,False,False,False,sUru%2bdsuNZ5oWSgNE0dbRFvyau5uY%2bkU2N9MoiSt7Gg%3d,False,2026-07-18T06:08:20.4030000Z,False,False,False,False,False,False,0,False,[7],,False,False,False,False,0,False,False,0,13389356320,False,DE3E4AFE-7AEE-43E6-9824-937525CE87A1,False,False,True,3,6.14507972739397,2.532975633,,,,Last ticket,True,,,,,"[{'message': 'Popular Pick', 'qualifier': '9 tickets sold for this event', 'hasValue': True, 'messageType': 'BoughtInLastHourSocialProofBased'}, {'message': 'Second Row', 'qualifier': 'Premium close-up view', 'hasValue': True, 'messageType': 'SecondRowTicketAttributeBased'}]",[2026],9,9,,,,,,,,,,
13379712171,153020449,235,122862,235,2,4,_,,False,False,1,,False,False,[1],471,Middle,1,True,"[{'listingNoteId': 263, 'listingNoteContentId': 2444900, 'formattedListingNoteContent': 'VIP Club', 'listingNoteTypeId': 3, 'showToBuyer': True, 'hideInMock': False, 'siteAddedListingNote': False, 'aisleListingNoteWithSplit': False, 'listingNoteDescriptionContentId': 2444901, 'formattedListingNoteDescription': 'VIP Club - Club opens 90 minutes prior to tipoff and offers access to a lounge area with televisions, plush seating and private restrooms as well as all-inclusive food, draft beer, and house wine'}, {'listingNoteId': 424, 'listingNoteContentId': 2445241, 'formattedListingNoteContent': 'Access to VIP Club', 'listingNoteTypeId': 3, 'showToBuyer': True, 'hideInMock': False, 'siteAddedListingNote': False, 'aisleListingNoteWithSplit': False, 'formattedListingNoteDescription': ''}, {'listingNoteId': 1367, 'listingNoteContentId': 2447255, 'formattedListingNoteContent': 'Includes club access', 'listingNoteTypeId': 3, 'showToBuyer': True, 'hideInMock': False, 'siteAddedListingNote': False, 'aisleListingNoteWithSplit': False, 'listingNoteDescriptionContentId': 2447256, 'formattedListingNoteDescription': 'Includes club access'}, {'listingNoteId': -1, 'listingNoteContentId': 3338094, 'formattedListingNoteContent': 'Clear view', 'listingNoteTypeId': 3, 'showToBuyer': True, 'hideInMock': False, 'siteAddedListingNote': False, 'aisleListingNoteWithSplit': False, 'listingNoteDescriptionContentId': 3338095, 'formattedListingNoteDescription': ""You'll have an unrestricted view of the show.""}]","[{'listingNoteBucketId': 1, 'formattedListingNoteContent': 'VIP packages', 'displayOrder': 1, 'showsRawNoteText': False}, {'listingNoteBucketId': 4, 'formattedListingNoteContent': 'Club access', 'displayOrder': 4, 'showsRawNoteText': False}, {'listingNoteBucketId': 27, 'formattedListingNoteContent': 'Clear view', 'displayOrder': 8, 'showsRawNoteText': True, 'sourceListingNoteId': -1}]",703275,False,False,Row 4,False,6030885,"¥6,030,885","¥6,030,885",10,Mobile Transfer ticket,3,1,USD,JPY,10900.0,USD,"https://img.vggcdn.net/img/vfsimage2/812551/471_122862/0.jpg?im=Resize=(500,271)&v=771",yesterday,3,False,False,False,False,1tMVhLbz4jl1mvaG8rSIfoEA0WZyfkc5cBqqU9T%2fklE%3d,False,2026-07-17T03:59:21.4370000Z,False,False,False,False,False,False,0,False,,,False,False,False,False,0,False,False,0,13379712171,False,EC0493FE-FE4D-41E5-B306-C247267816D7,False,False,True,2,3.108860544147869,1.738813636,,,,,,,,,,"[{'message': 'Popular Pick', 'qualifier': '9 tickets sold for this event', 'hasValue': True, 'messageType': 'BoughtInLastHourSocialProofBased'}]",[],,,"¥9,633,474",37.0,"¥3,602,589",,,,,,,
13385013255,153020449,6 S51,1538805,6 S51,2,,1_1,1,False,False,1,,False,False,[1],17328,Suite Level 6 West,1,True,"[{'listingNoteId': 2250, 'listingNoteContentId': 4167698, 'formattedListingNoteContent': 'Partial Suite (Shared)', 'listingNoteTypeId': 3, 'showToBuyer': True, 'hideInMock': False, 'siteAddedListingNote': False, 'aisleListingNoteWithSplit': False, 'listingNoteDescriptionContentId': 4167699, 'formattedListingNoteDescription': 'Partial Suite (Shared)'}, {'listingNoteId': -1, 'listingNoteContentId': 3338094, 'formattedListingNoteContent': 'Clear view', 'listingNoteTypeId': 3, 'showToBuyer': True, 'hideInMock': False, 'siteAddedListingNote': False, 'aisleListingNoteWithSplit': False, 'listingNoteDescriptionContentId': 3338095, 'formattedListingNoteDescription': ""You'll have an unrestricted view of the show.""}]","[{'listingNoteBucketId': 2, 'formattedListingNoteContent': 'Suite access', 'displayOrder': 2, 'showsRawNoteText': False}, {'listingNoteBucketId': 14, 'formattedListingNoteContent': 'Aisle seat', 'displayOrder': 14, 'showsRawNoteText': True, 'sourceListingNoteId': 2024}, {'listingNoteBucketId': 27, 'formattedListingNoteContent': 'Clear view', 'displayOrder': 8, 'showsRawNoteText': True, 'sourceListingNoteId': -1}]",1614189,False,False,Row,True,6038371,"¥6,038,371","¥6,038,371",10,Mobile Transfer ticket,3,1,USD,JPY,0.0,USD,"https://img.vggcdn.net/img/vfsimage2/812551/17328_1538805/0.jpg?im=Resize=(500,271)&v=771",16 hours ago,2,False,False,False,False,SF5OuZU%2fgjWUviu%2fUu%2bwEAOXqVd4o86CxrP33yKA7m0%3d,False,2026-07-17T18:28:20.0100000Z,False,False,False,False,False,False,0,False,,,False,False,False,False,0,False,False,0,13385013255,False,EB44C62C-D288-43F9-88D0-0413DACD4BE1,False,False,True,1,2.4731623354188343,1.577970786,,,,,,,,,,"[{'message': 'Popular Pick', 'qualifier': '9 tickets sold for this event', 'hasValue': True, 'messageType': 'BoughtInLastHourSocialProofBased'}, {'message': 'Aisle Seat', 'qualifier': 'Easy access to your seat', 'hasValue': True, 'messageType': 'AisleSeatTicketAttributeBased'}]",[2024],1,1,"¥11,713,695",48.0,"¥5,675,324",,,,,,,
13373727429,153020449,5 S37,1538858,5 S37,2,1,_,,False,False,4,,False,False,"[1, 2, 3, 4]",17325,Suite Level 5 East,4,True,"[{'listingNoteId': 11, 'listingNoteContentId': 1038686, 'formattedListingNoteContent': 'Includes VIP pass', 'listingNoteTypeId': 3, 'showToBuyer': True, 'hideInMock': False, 'siteAddedListingNote': False, 'aisleListingNoteWithSplit': False, 'listingNoteDescriptionContentId': 1277351, 'formattedListingNoteDescription': ""A VIP pass gives you great privileges that other ticket holders don't have!""}, {'listingNoteId': 93, 'listingNoteContentId': 1580908, 'formattedListingNoteContent': 'Access to VIP Lounge', 'listingNoteTypeId': 3, 'showToBuyer': True, 'hideInMock': False, 'siteAddedListingNote': False, 'aisleListingNoteWithSplit': False, 'listingNoteDescriptionContentId': 1580909, 'formattedListingNoteDescription': 'Included with the ticket is access to the VIP lounge in the venue.'}, {'listingNoteId': 175, 'listingNoteContentId': 2444706, 'formattedListingNoteContent': 'Unlimited Food and Drinks', 'listingNoteTypeId': 3, 'showToBuyer': True, 'hideInMock': False, 'siteAddedListingNote': False, 'aisleListingNoteWithSplit': False, 'listingNoteDescriptionContentId': 2444707, 'formattedListingNoteDescription': 'Includes unlimited food and drinks (beer, wine and soft drinks)'}, {'listingNoteId': 505, 'listingNoteContentId': 2445404, 'formattedListingNoteContent': 'Premium Seating', 'listingNoteTypeId': 4, 'showToBuyer': True, 'hideInMock': False, 'siteAddedListingNote': False, 'aisleListingNoteWithSplit': False, 'listingNoteDescriptionContentId': 4211339, 'formattedListingNoteDescription': 'Premium Seating'}, {'listingNoteId': 2061, 'listingNoteContentId': 3878124, 'formattedListingNoteContent': 'Premium open bar', 'listingNoteTypeId': 3, 'showToBuyer': True, 'hideInMock': False, 'siteAddedListingNote': False, 'aisleListingNoteWithSplit': False, 'listingNoteDescriptionContentId': 3878125, 'formattedListingNoteDescription': 'Premium open bar'}, {'listingNoteId': 2250, 'listingNoteContentId': 4167698, 'formattedListingNoteContent': 'Partial Suite (Shared)', 'listingNoteTypeId': 3, 'showToBuyer': True, 'hideInMock': False, 'siteAddedListingNote': False, 'aisleListingNoteWithSplit': False, 'listingNoteDescriptionContentId': 4167699, 'formattedListingNoteDescription': 'Partial Suite (Shared)'}, {'listingNoteId': 2267, 'listingNoteContentId': 4177538, 'formattedListingNoteContent': 'VIP Suite', 'listingNoteTypeId': 3, 'showToBuyer': True, 'hideInMock': False, 'siteAddedListingNote': False, 'aisleListingNoteWithSplit': False, 'listingNoteDescriptionContentId': 4177539, 'formattedListingNoteDescription': 'VIP Suite'}, {'listingNoteId': -1, 'listingNoteContentId': 3338094, 'formattedListingNoteContent': 'Clear view', 'listingNoteTypeId': 3, 'showToBuyer': True, 'hideInMock': False, 'siteAddedListingNote': False, 'aisleListingNoteWithSplit': False, 'listingNoteDescriptionContentId': 3338095, 'formattedListingNoteDescription': ""You'll have an unrestricted view of the show.""}]","[{'listingNoteBucketId': 1, 'formattedListingNoteContent': 'VIP packages', 'displayOrder': 1, 'showsRawNoteText': False}, {'listingNoteBucketId': 2, 'formattedListingNoteContent': 'Suite access', 'displayOrder': 2, 'showsRawNoteText': False}, {'listingNoteBucketId': 4, 'formattedListingNoteContent': 'Club access', 'displayOrder': 4, 'showsRawNoteText': False}, {'listingNoteBucketId': 7, 'formattedListingNoteContent': 'Food & beverages', 'displayOrder': 7, 'showsRawNoteText': False}, {'listingNoteBucketId': 8, 'formattedListingNoteContent': 'Food & beverage options', 'displayOrder': 8, 'showsRawNoteText': False}, {'listingNoteBucketId': 15, 'formattedListingNoteContent': 'Premium Seating', 'displayOrder': 15, 'showsRawNoteText': True, 'sourceListingNoteId': 505}, {'listingNoteBucketId': 0, 'formattedListingNoteContent': 'VIP Suite', 'displayOrder': 30, 'showsRawNoteText': True, 'sourceListingNoteId': 2267}, {'listingNoteBucketId': 27, 'formattedListingNoteContent': 'Clear view', 'displayOrder': 8, 'showsRawNoteText': True, 'sourceListingNoteId': -1}]",1614242,False,False,Row 1,True,6113421,"¥6,113,421","¥6,113,421",10,Mobile Transfer ticket,3,1,MXN,JPY,400000.0,MXN,"https://img.vggcdn.net/img/vfsimage2/812551/17325_1538858/0.jpg?im=Resize=(500,271)&v=771",yesterday,4,False,False,False,False,9QKocFl8quINsCPzITLB7KfnC%2bRi9QkNqC94buzlHJw%3d,False,2026-07-16T16:06:45.6670000Z,False,False,False,False,False,False,0,False,[7],,False,False,False,False,0,False,False,0,13373727429,False,E88536E3-980A-4189-85CE-5177A09FAF54,False,False,True,2,3.505008434619854,1.854322937,,,,Last tickets,True,,,,,"[{'message': 'Popular Pick', 'qualifier': '9 tickets sold for this event', 'hasValue': True, 'messageType': 'BoughtInLastHourSocialProofBased'}]",[],,,"¥11,001,917",44.0,"¥4,888,496",,,,,,,
13388320899,153020449,212,122845,212,2,6,_,,False,False,6,,False,False,"[1, 2, 3, 4, 6]",471,Middle,6,True,"[{'listingNoteId': 175, 'listingNoteContentId': 2444706, 'formattedListingNoteContent': 'Unlimited Food and Drinks', 'listingNoteTypeId': 3, 'showToBuyer': True, 'hideInMock': False, 'siteAddedListingNote': False, 'aisleListingNoteWithSplit': False, 'listingNoteDescriptionContentId': 2444707, 'formattedListingNoteDescription': 'Includes unlimited food and drinks (beer, wine and soft drinks)'}, {'listingNoteId': 1028, 'listingNoteContentId': 2446497, 'formattedListingNoteContent': 'Includes unlimited food and drinks (beer, wine and liquor)', 'listingNoteTypeId': 3, 'showToBuyer': True, 'hideInMock': False, 'siteAddedListingNote': False, 'aisleListingNoteWithSplit': False, 'listingNoteDescriptionContentId': 2446498, 'formattedListingNoteDescription': 'Includes unlimited food and drinks (beer, wine and liquor)'}, {'listingNoteId': 1021, 'listingNoteContentId': 2446483, 'formattedListingNoteContent': 'Includes unlimited food and drinks (beer and soft drinks)', 'listingNoteTypeId': 3, 'showToBuyer': True, 'hideInMock': False, 'siteAddedListingNote': False, 'aisleListingNoteWithSplit': False, 'listingNoteDescriptionContentId': 2446484, 'formattedListingNoteDescription': 'Includes unlimited food and drinks (beer and soft drinks)'}, {'listingNoteId': -1, 'listingNoteContentId': 3338094, 'formattedListingNoteContent': 'Clear view', 'listingNoteTypeId': 3, 'showToBuyer': True, 'hideInMock': False, 'siteAddedListingNote': False, 'aisleListingNoteWithSplit': False, 'listingNoteDescriptionContentId': 3338095, 'formattedListingNoteDescription': ""You'll have an unrestricted view of the show.""}]","[{'listingNoteBucketId': 7, 'formattedListingNoteContent': 'Food & beverages', 'displayOrder': 7, 'showsRawNoteText': False}, {'listingNoteBucketId': 27, 'formattedListingNoteContent': 'Clear view', 'displayOrder': 8, 'showsRawNoteText': True, 'sourceListingNoteId': -1}]",702878,False,False,Row 6,False,6234273,"¥6,234,273","¥6,234,273",10,Mobile Transfer ticket,3,1,USD,JPY,0.0,USD,"https://img.vggcdn.net/img/vfsimage2/812551/471_122845/0.jpg?im=Resize=(500,271)&v=771",8 hours ago,4,False,False,False,False,3GCbo6WahAgAAgqJLmUbfneHDwXiGBGE43t%2bh3Pj3%2bU%3d,False,2026-07-18T03:03:20.3630000Z,False,False,False,False,False,False,0,False,[7],,False,False,False,False,0,False,False,0,13388320899,False,23534393-B692-441B-AA31-FE07A2ABBBA8,False,False,True,2,4.204169690868704,2.082189803,,,,Last tickets,True,,,,,"[{'message': 'Popular Pick', 'qualifier': '9 tickets sold for this event', 'hasValue': True, 'messageType': 'BoughtInLastHourSocialProofBased'}]",[],,,,,,,,,,,,
13385013414,153020449,6 S51,1538805,6 S51,2,BARST,14_17,14,False,False,4,,False,False,"[1, 2, 3, 4]",17328,Suite Level 6 West,4,True,"[{'listingNoteId': 2250, 'listingNoteContentId': 4167698, 'formattedListingNoteContent': 'Partial Suite (Shared)', 'listingNoteTypeId': 3, 'showToBuyer': True, 'hideInMock': False, 'siteAddedListingNote': False, 'aisleListingNoteWithSplit': False, 'listingNoteDescriptionContentId': 4167699, 'formattedListingNoteDescription': 'Partial Suite (Shared)'}, {'listingNoteId': -1, 'listingNoteContentId': 3338094, 'formattedListingNoteContent': 'Clear view', 'listingNoteTypeId': 3, 'showToBuyer': True, 'hideInMock': False, 'siteAddedListingNote': False, 'aisleListingNoteWithSplit': False, 'listingNoteDescriptionContentId': 3338095, 'formattedListingNoteDescription': ""You'll have an unrestricted view of the show.""}]","[{'listingNoteBucketId': 2, 'formattedListingNoteContent': 'Suite access', 'displayOrder': 2, 'showsRawNoteText': False}, {'listingNoteBucketId': 27, 'formattedListingNoteContent': 'Clear view', 'displayOrder': 8, 'showsRawNoteText': True, 'sourceListingNoteId': -1}]",1614189,False,False,Row BARST,True,6427914,"¥6,427,914","¥6,427,914",10,Mobile Transfer ticket,3,1,USD,JPY,0.0,USD,"https://img.vggcdn.net/img/vfsimage2/812551/17328_1538805/0.jpg?im=Resize=(500,271)&v=771",16 hours ago,2,False,False,False,False,OCEpGBuXENxd0fZ8fyBDM%2fGT4gmhEj7oL5YQYa4HFvA%3d,False,2026-07-17T18:28:21.0670000Z,False,False,False,False,False,False,0,False,,,False,False,False,False,0,False,False,0,13385013414,False,2F7BA95C-B55A-4975-BF89-48D2F537CCCE,False,False,True,1,2.402996219360543,1.577970786,,,,,,,,,,"[{'message': 'Popular Pick', 'qualifier': '9 tickets sold for this event', 'hasValue': True, 'messageType': 'BoughtInLastHourSocialProofBased'}]",[],14,17,"¥11,518,430",44.0,"¥5,090,516",,,,,,,
13388091339,153020449,111A,1530766,111A,2,7,3_3,3,False,False,1,,False,False,[1],594,Lower,1,True,"[{'listingNoteId': 165, 'listingNoteContentId': 2444685, 'formattedListingNoteContent': 'Preferred Seating', 'listingNoteTypeId': 3, 'showToBuyer': True, 'hideInMock': False, 'siteAddedListingNote': False, 'aisleListingNoteWithSplit': False, 'listingNoteDescriptionContentId': 2444686, 'formattedListingNoteDescription': 'Preferred Seating'}, {'listingNoteId': 811, 'listingNoteContentId': 2446054, 'formattedListingNoteContent': 'Actual 1st row of the section', 'listingNoteTypeId': 3, 'showToBuyer': True, 'hideInMock': False, 'siteAddedListingNote': False, 'aisleListingNoteWithSplit': False, 'listingNoteDescriptionContentId': 2446055, 'formattedListingNoteDescription': 'Actual 1st row of the section'}, {'listingNoteId': 2271, 'listingNoteContentId': 4178214, 'formattedListingNoteContent': 'Premium Front Row', 'listingNoteTypeId': 3, 'showToBuyer': True, 'hideInMock': False, 'siteAddedListingNote': False, 'aisleListingNoteWithSplit': False, 'formattedListingNoteDescription': ''}, {'listingNoteId': -1, 'listingNoteContentId': 3338094, 'formattedListingNoteContent': 'Clear view', 'listingNoteTypeId': 3, 'showToBuyer': True, 'hideInMock': False, 'siteAddedListingNote': False, 'aisleListingNoteWithSplit': False, 'listingNoteDescriptionContentId': 3338095, 'formattedListingNoteDescription': ""You'll have an unrestricted view of the show.""}]","[{'listingNoteBucketId': 11, 'formattedListingNoteContent': 'Preferred Seating', 'displayOrder': 11, 'showsRawNoteText': True, 'sourceListingNoteId': 165}, {'listingNoteBucketId': 0, 'formattedListingNoteContent': 'Actual 1st row of the section', 'displayOrder': 30, 'showsRawNoteText': True, 'sourceListingNoteId': 811}, {'listingNoteBucketId': 0, 'formattedListingNoteContent': 'Premium Front Row', 'displayOrder': 30, 'showsRawNoteText': True, 'sourceListingNoteId': 2271}, {'listingNoteBucketId': 27, 'formattedListingNoteContent': 'Clear view', 'displayOrder': 8, 'showsRawNoteText': True, 'sourceListingNoteId': -1}]",2112394,False,False,Row 7,False,6436043,"¥6,436,043","¥6,436,043",10,Mobile Transfer ticket,3,1,USD,JPY,0.0,USD,"https://img.vggcdn.net/img/vfsimage2/812551/594_1530766/0.jpg?im=Resize=(500,271)&v=771",9 hours ago,5,False,False,False,False,ER0nX2%2bfrSdF1iBzNF%2b1lXc9uLQ7pLHkfdslL7LglJ0%3d,False,2026-07-18T02:00:15.7470000Z,False,False,False,False,False,False,0,False,,,False,False,False,False,0,False,False,0,13388091339,False,F286E64B-D823-4882-9085-4E35E688ADF9,False,False,True,2,4.64413827216252,2.295656544,,,,,,,,,,"[{'message': 'Popular Pick', 'qualifier': '9 tickets sold for this event', 'hasValue': True, 'messageType': 'BoughtInLastHourSocialProofBased'}, {'message': 'Front Row', 'qualifier': 'Best seats in the house', 'hasValue': True, 'messageType': 'FirstRowTicketAttributeBased'}]",[811],3,3,,,,,,,,,,
13385548354,153020449,115C,1530769,115C,2,3,9_9,9,False,False,1,,False,False,[1],594,Lower,1,True,"[{'listingNoteId': 2027, 'listingNoteContentId': 3415845, 'formattedListingNoteContent': 'Third Row of Section', 'listingNoteTypeId': 6, 'showToBuyer': True, 'hideInMock': False, 'siteAddedListingNote': False, 'aisleListingNoteWithSplit': False, 'listingNoteDescriptionContentId': 3415845, 'formattedListingNoteDescription': 'Third Row of Section'}, {'listingNoteId': -1, 'listingNoteContentId': 3338094, 'formattedListingNoteContent': 'Clear view', 'listingNoteTypeId': 3, 'showToBuyer': True, 'hideInMock': False, 'siteAddedListingNote': False, 'aisleListingNoteWithSplit': False, 'listingNoteDescriptionContentId': 3338095, 'formattedListingNoteDescription': ""You'll have an unrestricted view of the show.""}]","[{'listingNoteBucketId': 14, 'formattedListingNoteContent': 'Third Row of Section', 'displayOrder': 14, 'showsRawNoteText': True, 'sourceListingNoteId': 2027}, {'listingNoteBucketId': 27, 'formattedListingNoteContent': 'Clear view', 'displayOrder': 8, 'showsRawNoteText': True, 'sourceListingNoteId': -1}]",1641166,False,False,Row 3,False,6593561,"¥6,593,561","¥6,593,561",10,Mobile Transfer ticket,3,1,USD,JPY,,USD,"https://img.vggcdn.net/img/vfsimage2/812551/594_1530769/0.jpg?im=Resize=(500,271)&v=771",15 hours ago,8,False,False,False,False,qrhwp4Ghk39t4NJ005MhWbnEt%2fli9mnXKdaomenjJk0%3d,False,2026-07-17T19:38:06.2870000Z,False,False,False,False,True,False,0,False,[9],,False,False,False,False,0,False,False,0,13385548354,False,80301AB8-3D81-4352-84BE-BCF41024B620,False,False,True,4,8.40177678172206,3.73766285,,,,,,,,,,"[{'message': 'Great Value', 'qualifier': 'Based on price, view, seat quality and more', 'hasValue': True, 'messageType': 'ValueBased'}, {'message': 'Popular Pick', 'qualifier': '9 tickets sold for this event', 'hasValue': True, 'messageType': 'BoughtInLastHourSocialProofBased'}, {'message': 'Third Row', 'qualifier': 'Excellent proximity to the action', 'hasValue': True, 'messageType': 'ThirdRowTicketAttributeBased'}]",[2027],9,9,"¥10,990,545",40.0,"¥4,396,984",,,,Best view,Best view listing for the selected quantity for this event on our site.,True,6aa8a73f-b069-4147-a316-ffc9e9280c2b
13039179808,153020449,129,122799,129,2,19,20_20,20,False,False,1,,False,False,[1],594,Lower,1,True,"[{'listingNoteId': 2344, 'listingNoteContentId': 4216766, 'formattedListingNoteContent': 'Includes Offsite Hospitality', 'listingNoteTypeId': 3, 'showToBuyer': True, 'hideInMock': False, 'siteAddedListingNote': False, 'aisleListingNoteWithSplit': False, 'formattedListingNoteDescription': ''}, {'listingNoteId': 1028, 'listingNoteContentId': 2446497, 'formattedListingNoteContent': 'Includes unlimited food and drinks (beer, wine and liquor)', 'listingNoteTypeId': 3, 'showToBuyer': True, 'hideInMock': False, 'siteAddedListingNote': False, 'aisleListingNoteWithSplit': False, 'listingNoteDescriptionContentId': 2446498, 'formattedListingNoteDescription': 'Includes unlimited food and drinks (beer, wine and liquor)'}, {'listingNoteId': 11, 'listingNoteContentId': 1038686, 'formattedListingNoteContent': 'Includes VIP pass', 'listingNoteTypeId': 3, 'showToBuyer': True, 'hideInMock': False, 'siteAddedListingNote': False, 'aisleListingNoteWithSplit': False, 'listingNoteDescriptionContentId': 1277351, 'formattedListingNoteDescription': ""A VIP pass gives you great privileges that other ticket holders don't have!""}, {'listingNoteId': 165, 'listingNoteContentId': 2444685, 'formattedListingNoteContent': 'Preferred Seating', 'listingNoteTypeId': 3, 'showToBuyer': True, 'hideInMock': False, 'siteAddedListingNote': False, 'aisleListingNoteWithSplit': False, 'listingNoteDescriptionContentId': 2444686, 'formattedListingNoteDescription': 'Preferred Seating'}, {'listingNoteId': 2249, 'listingNoteContentId': 4167477, 'formattedListingNoteContent': 'Reserved Seating', 'listingNoteTypeId': 3, 'showToBuyer': True, 'hideInMock': False, 'siteAddedListingNote': False, 'aisleListingNoteWithSplit': False, 'listingNoteDescriptionContentId': 4167478, 'formattedListingNoteDescription': 'Reserved Seating'}, {'listingNoteId': 1723, 'listingNoteContentId': 2731488, 'formattedListingNoteContent': 'Members Only', 'listingNoteTypeId': 2, 'showToBuyer': True, 'hideInMock': False, 'siteAddedListingNote': False, 'aisleListingNoteWithSplit': False, 'listingNoteDescriptionContentId': 2731489, 'formattedListingNoteDescription': 'You need to be a member to buy a ticket in this section.'}, {'listingNoteId': 102, 'listingNoteContentId': 1670084, 'formattedListingNoteContent': 'Resale not allowed', 'listingNoteTypeId': 2, 'showToBuyer': True, 'hideInMock': False, 'siteAddedListingNote': False, 'aisleListingNoteWithSplit': False, 'listingNoteDescriptionContentId': 1670085, 'formattedListingNoteDescription': 'Resale of these tickets is not allowed by the event organiser, and anyone found to be reselling these tickets risks being turned away from the event.'}, {'listingNoteId': 2351, 'listingNoteContentId': 4249194, 'formattedListingNoteContent': 'This ticket cannot be transferred again after you receive it', 'listingNoteTypeId': 2, 'showToBuyer': True, 'hideInMock': False, 'siteAddedListingNote': False, 'aisleListingNoteWithSplit': False, 'listingNoteDescriptionContentId': 4249195, 'formattedListingNoteDescription': 'These tickets will be delivered via the FWC2026 Mobile Tickets app, which restricts subsequent transfer'}, {'listingNoteId': -1, 'listingNoteContentId': 3338094, 'formattedListingNoteContent': 'Clear view', 'listingNoteTypeId': 3, 'showToBuyer': True, 'hideInMock': False, 'siteAddedListingNote': False, 'aisleListingNoteWithSplit': False, 'listingNoteDescriptionContentId': 3338095, 'formattedListingNoteDescription': ""You'll have an unrestricted view of the show.""}]","[{'listingNoteBucketId': 1, 'formattedListingNoteContent': 'VIP packages', 'displayOrder': 1, 'showsRawNoteText': False}, {'listingNoteBucketId': 7, 'formattedListingNoteContent': 'Food & beverages', 'displayOrder': 7, 'showsRawNoteText': False}, {'listingNoteBucketId': 11, 'formattedListingNoteContent': 'Preferred Seating', 'displayOrder': 11, 'showsRawNoteText': True, 'sourceListingNoteId': 165}, {'listingNoteBucketId': 11, 'formattedListingNoteContent': 'Reserved Seating', 'displayOrder': 11, 'showsRawNoteText': True, 'sourceListingNoteId': 2249}, {'listingNoteBucketId': 25, 'formattedListingNoteContent': 'Members Only', 'displayOrder': 25, 'showsRawNoteText': True, 'sourceListingNoteId': 1723}, {'listingNoteBucketId': 25, 'formattedListingNoteContent': 'Resale not allowed', 'displayOrder': 25, 'showsRawNoteText': True, 'sourceListingNoteId': 102}, {'listingNoteBucketId': 0, 'formattedListingNoteContent': 'Includes Offsite Hospitality', 'displayOrder': 30, 'showsRawNoteText': True, 'sourceListingNoteId': 2344}, {'listingNoteBucketId': 0, 'formattedListingNoteContent': 'This ticket cannot be transferred again after you receive it', 'displayOrder': 30, 'showsRawNoteText': True, 'sourceListingNoteId': 2351}, {'listingNoteBucketId': 27, 'formattedListingNoteContent': 'Clear view', 'displayOrder': 8, 'showsRawNoteText': True, 'sourceListingNoteId': -1}]",2112871,False,False,Row 19,False,7018545,"¥7,018,545","¥7,018,545",10,Mobile Transfer ticket,3,1,USD,JPY,,USD,"https://img.vggcdn.net/img/vfsimage2/812551/594_122799/0.jpg?im=Resize=(500,271)&v=771",32 days ago,2,False,False,False,False,6kntfuF5aGGxtY09sPnqFDbr6tIeJje5rwBG9Ik0FSo%3d,False,2026-06-15T23:17:01.4300000Z,False,False,False,False,False,False,0,False,,,False,False,False,False,0,False,False,0,13039179808,False,F8E47E57-9A08-475B-A7DC-21E16E338128,False,False,True,1,2.1233904922772346,1.387804584,,,,,,,,,,"[{'message': 'Popular Pick', 'qualifier': '9 tickets sold for this event', 'hasValue': True, 'messageType': 'BoughtInLastHourSocialProofBased'}]",[],20,20,,,,,,,,,,
13346680337,153020449,112,122789,112,2,22,_,,False,False,5,,False,False,"[1, 2, 3, 4, 5]",594,Lower,5,True,"[{'listingNoteId': -1, 'listingNoteContentId': 3338094, 'formattedListingNoteContent': 'Clear view', 'listingNoteTypeId': 3, 'showToBuyer': True, 'hideInMock': False, 'siteAddedListingNote': False, 'aisleListingNoteWithSplit': False, 'listingNoteDescriptionContentId': 3338095, 'formattedListingNoteDescription': ""You'll have an unrestricted view of the show.""}]","[{'listingNoteBucketId': 27, 'formattedListingNoteContent': 'Clear view', 'displayOrder': 8, 'showsRawNoteText': True, 'sourceListingNoteId': -1}]",2112412,False,False,Row 22,False,7102763,"¥7,102,763","¥7,102,763",10,Mobile Transfer ticket,3,1,USD,JPY,0.0,USD,"https://img.vggcdn.net/img/vfsimage2/812551/594_122789/0.jpg?im=Resize=(500,271)&v=771",4 days ago,3,False,False,False,False,JOwTr%2bXmR49xtKwYHkxRxoHW0ietnOtWJ1GogsKw3hg%3d,False,2026-07-14T02:26:25.1270000Z,False,False,False,False,False,False,0,False,[7],,False,False,False,False,0,False,False,0,13346680337,False,5CE786D4-28A9-44A5-8691-A14ECCB79059,False,False,True,2,2.9537687477724335,2.008979178,,,,Last tickets,True,,,,,"[{'message': 'Popular Pick', 'qualifier': '9 tickets sold for this event', 'hasValue': True, 'messageType': 'BoughtInLastHourSocialProofBased'}]",[],,,"¥10,424,727",32.0,"¥3,321,964",,,,,,,
13360117497,153020449,Spain Supporters Premium Tier,2447957,Spain Supporters Premium Tier,2,,_,,False,False,4,,False,False,"[1, 2, 3, 4]",1666,Spain Supporters,4,True,"[{'listingNoteId': -1, 'listingNoteContentId': 3338094, 'formattedListingNoteContent': 'Clear view', 'listingNoteTypeId': 3, 'showToBuyer': True, 'hideInMock': False, 'siteAddedListingNote': False, 'aisleListingNoteWithSplit': False, 'listingNoteDescriptionContentId': 3338095, 'formattedListingNoteDescription': ""You'll have an unrestricted view of the show.""}]","[{'listingNoteBucketId': 27, 'formattedListingNoteContent': 'Clear view', 'displayOrder': 8, 'showsRawNoteText': True, 'sourceListingNoteId': -1}]",4847587,False,False,Row,True,7806077,"¥7,806,077","¥7,806,077",10,Mobile Transfer ticket,3,1,EUR,JPY,25.0,EUR,"https://img.vggcdn.net/img/vfsimage2/812551/1666_2447957/0.jpg?im=Resize=(500,271)&v=771",2 days ago,2,False,False,False,False,bQohbdDYJTCxSNURM3ERLHZYXKnum0SCgIJHo1%2bE3cQ%3d,False,2026-07-15T12:25:17.1600000Z,False,False,False,False,False,False,0,False,[7],,False,False,False,False,0,False,False,0,13360117497,False,922BE6EE-E24F-4AAA-816B-FE23512D54E7,False,False,True,1,1.8864621411978582,1.325108567,,,,Last tickets,True,,,,,"[{'message': 'Popular Pick', 'qualifier': '9 tickets sold for this event', 'hasValue': True, 'messageType': 'BoughtInLastHourSocialProofBased'}]",[],,,,,,,,,,,,
13382694909,153020449,Spain Supporters Value Tier,2447959,Spain Supporters Value Tier,2,,_,,False,False,8,,False,False,"[1, 2, 3, 4, 5, 6, 7, 8]",1666,Spain Supporters,8,True,"[{'listingNoteId': -1, 'listingNoteContentId': 3338094, 'formattedListingNoteContent': 'Clear view', 'listingNoteTypeId': 3, 'showToBuyer': True, 'hideInMock': False, 'siteAddedListingNote': False, 'aisleListingNoteWithSplit': False, 'listingNoteDescriptionContentId': 3338095, 'formattedListingNoteDescription': ""You'll have an unrestricted view of the show.""}]","[{'listingNoteBucketId': 27, 'formattedListingNoteContent': 'Clear view', 'displayOrder': 8, 'showsRawNoteText': True, 'sourceListingNoteId': -1}]",4847589,False,False,Row,True,10036257,"¥10,036,257","¥10,036,257",10,Mobile Transfer ticket,3,1,EUR,JPY,10000.0,EUR,"https://img.vggcdn.net/img/vfsimage2/812551/1666_2447959/0.jpg?im=Resize=(500,271)&v=771",22 hours ago,1,False,False,False,False,8msoJuP7voQDbGuetbA76Q3wvBCC4NUKr3dJ2ippVOw%3d,False,2026-07-17T12:40:18.5000000Z,False,False,False,False,False,False,0,False,[7],,False,False,False,False,0,False,False,0,13382694909,False,A1546CF1-86F3-4883-87A8-2E4F98A4DD47,False,False,True,1,1.4080981426622343,1.325108567,,,,Last tickets,True,,,,,"[{'message': 'Popular Pick', 'qualifier': '9 tickets sold for this event', 'hasValue': True, 'messageType': 'BoughtInLastHourSocialProofBased'}]",[],,,,,,,,,,,,
